timestamp,scenario_name,background_traffic,background_load_percent,repeat_index,event_name,process_name,pid,cpu_percent,rss_bytes,ctx_switches_voluntary,ctx_switches_involuntary,ctx_switches_total,ctx_switches_delta,ctx_switches_per_second
2026-05-09T14:35:02.925549+00:00,recovery_scenario,iperf_tcp,,1,,twin_core,549445,3657.4,26914816,24464,1497,25961,0,0.0
2026-05-09T14:35:02.925549+00:00,recovery_scenario,iperf_tcp,,1,,ryu_controller,549433,0.0,60768256,42982,1058,44040,0,0.0
2026-05-09T14:35:03.027554+00:00,recovery_scenario,iperf_tcp,,1,,twin_core,549445,9.8,26918912,24508,1498,26006,45,447.803
2026-05-09T14:35:03.027554+00:00,recovery_scenario,iperf_tcp,,1,,ryu_controller,549433,39.8,60768256,43011,1063,44074,34,338.407
2026-05-09T14:35:03.128046+00:00,recovery_scenario,iperf_tcp,,1,,twin_core,549445,10.0,26918912,24598,1500,26098,92,914.5562
2026-05-09T14:35:03.128046+00:00,recovery_scenario,iperf_tcp,,1,,ryu_controller,549433,19.9,60768256,43036,1066,44102,28,277.9673
2026-05-09T14:35:03.195930+00:00,recovery_scenario,iperf_tcp,,1,service_started,,,,,,,,,
2026-05-09T14:35:03.228822+00:00,recovery_scenario,iperf_tcp,,1,,twin_core,549445,9.9,26918912,24670,1500,26170,72,715.2789
2026-05-09T14:35:03.228822+00:00,recovery_scenario,iperf_tcp,,1,,ryu_controller,549433,39.7,60772352,43083,1066,44149,47,466.0813
2026-05-09T14:35:03.329627+00:00,recovery_scenario,iperf_tcp,,1,,twin_core,549445,0.0,26918912,24671,1500,26171,1,9.9213
2026-05-09T14:35:03.329627+00:00,recovery_scenario,iperf_tcp,,1,,ryu_controller,549433,29.8,60776448,43134,1066,44200,51,507.6724
2026-05-09T14:35:03.430043+00:00,recovery_scenario,iperf_tcp,,1,,twin_core,549445,0.0,26918912,24671,1500,26171,0,0.0
2026-05-09T14:35:03.430043+00:00,recovery_scenario,iperf_tcp,,1,,ryu_controller,549433,19.9,60776448,43171,1066,44237,37,368.2594
2026-05-09T14:35:03.530660+00:00,recovery_scenario,iperf_tcp,,1,,twin_core,549445,0.0,26918912,24671,1500,26171,0,0.0
2026-05-09T14:35:03.530660+00:00,recovery_scenario,iperf_tcp,,1,,ryu_controller,549433,9.9,60776448,43189,1066,44255,18,178.9774
2026-05-09T14:35:03.635426+00:00,recovery_scenario,iperf_tcp,,1,,twin_core,549445,0.0,26918912,24671,1500,26171,0,0.0
2026-05-09T14:35:03.635426+00:00,recovery_scenario,iperf_tcp,,1,,ryu_controller,549433,19.1,60776448,43224,1066,44290,35,333.6384
2026-05-09T14:35:03.735989+00:00,recovery_scenario,iperf_tcp,,1,,twin_core,549445,0.0,26918912,24671,1500,26171,0,0.0
2026-05-09T14:35:03.735989+00:00,recovery_scenario,iperf_tcp,,1,,ryu_controller,549433,19.9,60776448,43262,1066,44328,38,378.4266
2026-05-09T14:35:03.836444+00:00,recovery_scenario,iperf_tcp,,1,,twin_core,549445,0.0,26918912,24671,1500,26171,0,0.0
2026-05-09T14:35:03.836444+00:00,recovery_scenario,iperf_tcp,,1,,ryu_controller,549433,29.9,60776448,43293,1066,44359,31,308.6455
2026-05-09T14:35:03.936925+00:00,recovery_scenario,iperf_tcp,,1,,twin_core,549445,0.0,26918912,24671,1500,26171,0,0.0
2026-05-09T14:35:03.936925+00:00,recovery_scenario,iperf_tcp,,1,,ryu_controller,549433,29.8,60776448,43322,1066,44388,29,288.2751
2026-05-09T14:35:04.037634+00:00,recovery_scenario,iperf_tcp,,1,,twin_core,549445,0.0,26918912,24671,1500,26171,0,0.0
2026-05-09T14:35:04.037634+00:00,recovery_scenario,iperf_tcp,,1,,ryu_controller,549433,9.9,60776448,43340,1066,44406,18,178.9448
2026-05-09T14:35:04.139175+00:00,recovery_scenario,iperf_tcp,,1,,twin_core,549445,0.0,26918912,24671,1500,26171,0,0.0
2026-05-09T14:35:04.139175+00:00,recovery_scenario,iperf_tcp,,1,,ryu_controller,549433,9.8,60776448,43361,1066,44427,21,206.4279
2026-05-09T14:35:04.239777+00:00,recovery_scenario,iperf_tcp,,1,,twin_core,549445,0.0,26918912,24671,1500,26171,0,0.0
2026-05-09T14:35:04.239777+00:00,recovery_scenario,iperf_tcp,,1,,ryu_controller,549433,10.0,60776448,43390,1066,44456,29,288.7
2026-05-09T14:35:04.340999+00:00,recovery_scenario,iperf_tcp,,1,,twin_core,549445,0.0,26918912,24671,1500,26171,0,0.0
2026-05-09T14:35:04.340999+00:00,recovery_scenario,iperf_tcp,,1,,ryu_controller,549433,0.0,60776448,43412,1066,44478,22,217.0167
2026-05-09T14:35:04.441598+00:00,recovery_scenario,iperf_tcp,,1,,twin_core,549445,0.0,26918912,24671,1500,26171,0,0.0
2026-05-09T14:35:04.441598+00:00,recovery_scenario,iperf_tcp,,1,,ryu_controller,549433,19.9,60776448,43459,1066,44525,47,467.9774
2026-05-09T14:35:04.542023+00:00,recovery_scenario,iperf_tcp,,1,,twin_core,549445,0.0,26918912,24671,1500,26171,0,0.0
2026-05-09T14:35:04.542023+00:00,recovery_scenario,iperf_tcp,,1,,ryu_controller,549433,9.9,60776448,43471,1066,44537,12,119.3825
2026-05-09T14:35:04.642535+00:00,recovery_scenario,iperf_tcp,,1,,twin_core,549445,0.0,26918912,24671,1500,26171,0,0.0
2026-05-09T14:35:04.642535+00:00,recovery_scenario,iperf_tcp,,1,,ryu_controller,549433,39.8,60776448,43506,1067,44573,36,358.4271
2026-05-09T14:35:04.742999+00:00,recovery_scenario,iperf_tcp,,1,,twin_core,549445,0.0,26918912,24671,1500,26171,0,0.0
2026-05-09T14:35:04.742999+00:00,recovery_scenario,iperf_tcp,,1,,ryu_controller,549433,10.0,60776448,43533,1067,44600,27,268.7538
2026-05-09T14:35:04.843486+00:00,recovery_scenario,iperf_tcp,,1,,twin_core,549445,10.0,26918912,24671,1500,26171,0,0.0
2026-05-09T14:35:04.843486+00:00,recovery_scenario,iperf_tcp,,1,,ryu_controller,549433,29.8,60776448,43580,1067,44647,47,467.2659
2026-05-09T14:35:04.944073+00:00,recovery_scenario,iperf_tcp,,1,,twin_core,549445,9.9,26918912,24671,1500,26171,0,0.0
2026-05-09T14:35:04.944073+00:00,recovery_scenario,iperf_tcp,,1,,ryu_controller,549433,19.9,60776448,43609,1067,44676,29,288.3646
2026-05-09T14:35:05.044587+00:00,recovery_scenario,iperf_tcp,,1,,twin_core,549445,0.0,26918912,24671,1500,26171,0,0.0
2026-05-09T14:35:05.044587+00:00,recovery_scenario,iperf_tcp,,1,,ryu_controller,549433,10.0,60776448,43653,1067,44720,44,438.2367
2026-05-09T14:35:05.145184+00:00,recovery_scenario,iperf_tcp,,1,,twin_core,549445,0.0,26918912,24671,1500,26171,0,0.0
2026-05-09T14:35:05.145184+00:00,recovery_scenario,iperf_tcp,,1,,ryu_controller,549433,9.9,60776448,43678,1068,44746,26,258.4621
2026-05-09T14:35:05.247618+00:00,recovery_scenario,iperf_tcp,,1,,twin_core,549445,0.0,26918912,24671,1500,26171,0,0.0
2026-05-09T14:35:05.247618+00:00,recovery_scenario,iperf_tcp,,1,,ryu_controller,549433,9.8,60776448,43689,1068,44757,11,107.3894
2026-05-09T14:35:05.348892+00:00,recovery_scenario,iperf_tcp,,1,,twin_core,549445,0.0,26918912,24676,1500,26176,5,49.3763
2026-05-09T14:35:05.348892+00:00,recovery_scenario,iperf_tcp,,1,,ryu_controller,549433,69.1,60776448,43781,1068,44849,92,906.7427
2026-05-09T14:35:05.449526+00:00,recovery_scenario,iperf_tcp,,1,,twin_core,549445,0.0,26918912,24679,1500,26179,3,29.8061
2026-05-09T14:35:05.449526+00:00,recovery_scenario,iperf_tcp,,1,,ryu_controller,549433,19.9,60776448,43808,1068,44876,27,268.7703
2026-05-09T14:35:05.549948+00:00,recovery_scenario,iperf_tcp,,1,,twin_core,549445,10.0,26918912,24682,1500,26182,3,29.8524
2026-05-09T14:35:05.549948+00:00,recovery_scenario,iperf_tcp,,1,,ryu_controller,549433,9.9,60776448,43829,1068,44897,21,208.9301
2026-05-09T14:35:05.650514+00:00,recovery_scenario,iperf_tcp,,1,,twin_core,549445,0.0,26918912,24685,1500,26185,3,29.8327
2026-05-09T14:35:05.650514+00:00,recovery_scenario,iperf_tcp,,1,,ryu_controller,549433,9.9,60776448,43849,1068,44917,20,198.8628
2026-05-09T14:35:05.751024+00:00,recovery_scenario,iperf_tcp,,1,,twin_core,549445,0.0,26918912,24688,1500,26188,3,29.8196
2026-05-09T14:35:05.751024+00:00,recovery_scenario,iperf_tcp,,1,,ryu_controller,549433,19.9,60776448,43878,1068,44946,29,288.1746
2026-05-09T14:35:05.852493+00:00,recovery_scenario,iperf_tcp,,1,,twin_core,549445,0.0,26918912,24691,1500,26191,3,29.6095
2026-05-09T14:35:05.852493+00:00,recovery_scenario,iperf_tcp,,1,,ryu_controller,549433,9.9,60776448,43893,1068,44961,15,148.1176
2026-05-09T14:35:05.954626+00:00,recovery_scenario,iperf_tcp,,1,,twin_core,549445,0.0,26918912,24691,1500,26191,0,0.0
2026-05-09T14:35:05.954626+00:00,recovery_scenario,iperf_tcp,,1,,ryu_controller,549433,0.0,60776448,43904,1068,44972,11,106.9187
2026-05-09T14:35:06.055835+00:00,recovery_scenario,iperf_tcp,,1,,twin_core,549445,0.0,26918912,24700,1500,26200,9,89.0411
2026-05-09T14:35:06.055835+00:00,recovery_scenario,iperf_tcp,,1,,ryu_controller,549433,19.9,60776448,43924,1068,44992,20,198.6554
2026-05-09T14:35:06.156487+00:00,recovery_scenario,iperf_tcp,,1,,twin_core,549445,0.0,26918912,24706,1500,26206,6,59.6441
2026-05-09T14:35:06.156487+00:00,recovery_scenario,iperf_tcp,,1,,ryu_controller,549433,10.0,60776448,43938,1068,45006,14,139.3962
2026-05-09T14:35:06.256941+00:00,recovery_scenario,iperf_tcp,,1,,twin_core,549445,0.0,26918912,24709,1500,26209,3,29.836
2026-05-09T14:35:06.256941+00:00,recovery_scenario,iperf_tcp,,1,,ryu_controller,549433,9.9,60776448,43952,1068,45020,14,139.1485
2026-05-09T14:35:06.357567+00:00,recovery_scenario,iperf_tcp,,1,,twin_core,549445,0.0,26918912,24712,1500,26212,3,29.847
2026-05-09T14:35:06.357567+00:00,recovery_scenario,iperf_tcp,,1,,ryu_controller,549433,10.0,60776448,43967,1068,45035,15,149.3678
2026-05-09T14:35:06.458592+00:00,recovery_scenario,iperf_tcp,,1,,twin_core,549445,0.0,26918912,24721,1500,26221,9,89.0694
2026-05-09T14:35:06.458592+00:00,recovery_scenario,iperf_tcp,,1,,ryu_controller,549433,9.9,60776448,43977,1068,45045,10,98.9501
2026-05-09T14:35:06.559044+00:00,recovery_scenario,iperf_tcp,,1,,twin_core,549445,0.0,26918912,24724,1500,26224,3,29.8536
2026-05-09T14:35:06.559044+00:00,recovery_scenario,iperf_tcp,,1,,ryu_controller,549433,9.9,60776448,43996,1068,45064,19,188.7961
2026-05-09T14:35:06.659771+00:00,recovery_scenario,iperf_tcp,,1,,twin_core,549445,0.0,26918912,24727,1500,26227,3,29.7737
2026-05-09T14:35:06.659771+00:00,recovery_scenario,iperf_tcp,,1,,ryu_controller,549433,9.9,60776448,44010,1068,45078,14,139.0364
2026-05-09T14:35:06.760384+00:00,recovery_scenario,iperf_tcp,,1,,twin_core,549445,0.0,26918912,24730,1500,26230,3,29.8233
2026-05-09T14:35:06.760384+00:00,recovery_scenario,iperf_tcp,,1,,ryu_controller,549433,9.9,60776448,44023,1068,45091,13,129.3116
2026-05-09T14:35:06.861580+00:00,recovery_scenario,iperf_tcp,,1,,twin_core,549445,9.9,26918912,24733,1500,26233,3,29.6342
2026-05-09T14:35:06.861580+00:00,recovery_scenario,iperf_tcp,,1,,ryu_controller,549433,9.9,60776448,44036,1068,45104,13,128.4214
2026-05-09T14:35:06.962398+00:00,recovery_scenario,iperf_tcp,,1,,twin_core,549445,0.0,26918912,24739,1500,26239,6,59.3754
2026-05-09T14:35:06.962398+00:00,recovery_scenario,iperf_tcp,,1,,ryu_controller,549433,0.0,60776448,44041,1068,45109,5,49.478
2026-05-09T14:35:07.063179+00:00,recovery_scenario,iperf_tcp,,1,,twin_core,549445,0.0,26918912,24749,1500,26249,10,99.5295
2026-05-09T14:35:07.063179+00:00,recovery_scenario,iperf_tcp,,1,,ryu_controller,549433,10.0,60776448,44059,1068,45127,18,179.1744
2026-05-09T14:35:07.163625+00:00,recovery_scenario,iperf_tcp,,1,,twin_core,549445,0.0,26918912,24755,1500,26255,6,59.7487
2026-05-09T14:35:07.163625+00:00,recovery_scenario,iperf_tcp,,1,,ryu_controller,549433,10.0,60776448,44076,1068,45144,17,169.3076
2026-05-09T14:35:07.264191+00:00,recovery_scenario,iperf_tcp,,1,,twin_core,549445,0.0,26918912,24755,1500,26255,0,0.0
2026-05-09T14:35:07.264191+00:00,recovery_scenario,iperf_tcp,,1,,ryu_controller,549433,9.9,60776448,44086,1068,45154,10,99.3272
2026-05-09T14:35:07.364707+00:00,recovery_scenario,iperf_tcp,,1,,twin_core,549445,10.0,26918912,24764,1500,26264,9,89.2659
2026-05-09T14:35:07.364707+00:00,recovery_scenario,iperf_tcp,,1,,ryu_controller,549433,69.4,60801024,44122,1069,45191,37,367.042
2026-05-09T14:35:07.465532+00:00,recovery_scenario,iperf_tcp,,1,,twin_core,549445,0.0,26918912,24773,1500,26273,9,89.5914
2026-05-09T14:35:07.465532+00:00,recovery_scenario,iperf_tcp,,1,,ryu_controller,549433,69.7,60813312,44163,1069,45232,41,408.1926
2026-05-09T14:35:07.566091+00:00,recovery_scenario,iperf_tcp,,1,,twin_core,549445,0.0,26918912,24776,1500,26276,3,29.8163
2026-05-09T14:35:07.566091+00:00,recovery_scenario,iperf_tcp,,1,,ryu_controller,549433,0.0,60813312,44177,1069,45246,14,139.1301
2026-05-09T14:35:07.667622+00:00,recovery_scenario,iperf_tcp,,1,,twin_core,549445,0.0,26918912,24776,1500,26276,0,0.0
2026-05-09T14:35:07.667622+00:00,recovery_scenario,iperf_tcp,,1,,ryu_controller,549433,9.9,60813312,44183,1069,45252,6,59.1175
2026-05-09T14:35:07.768947+00:00,recovery_scenario,iperf_tcp,,1,,twin_core,549445,0.0,26918912,24782,1500,26282,6,59.165
2026-05-09T14:35:07.768947+00:00,recovery_scenario,iperf_tcp,,1,,ryu_controller,549433,0.0,60813312,44195,1069,45264,12,118.3225
2026-05-09T14:35:07.869509+00:00,recovery_scenario,iperf_tcp,,1,,twin_core,549445,9.9,26918912,24788,1500,26288,6,59.7049
2026-05-09T14:35:07.869509+00:00,recovery_scenario,iperf_tcp,,1,,ryu_controller,549433,0.0,60813312,44198,1069,45267,3,29.8519
2026-05-09T14:35:07.971633+00:00,recovery_scenario,iperf_tcp,,1,,twin_core,549445,0.0,26918912,24797,1500,26297,9,88.1316
2026-05-09T14:35:07.971633+00:00,recovery_scenario,iperf_tcp,,1,,ryu_controller,549433,19.6,60813312,44217,1069,45286,19,186.0406
2026-05-09T14:35:08.072137+00:00,recovery_scenario,iperf_tcp,,1,,twin_core,549445,0.0,26918912,24797,1500,26297,0,0.0
2026-05-09T14:35:08.072137+00:00,recovery_scenario,iperf_tcp,,1,,ryu_controller,549433,10.0,60813312,44231,1069,45300,14,139.3853
2026-05-09T14:35:08.174192+00:00,recovery_scenario,iperf_tcp,,1,,twin_core,549445,0.0,26918912,24800,1500,26300,3,29.3769
2026-05-09T14:35:08.174192+00:00,recovery_scenario,iperf_tcp,,1,,ryu_controller,549433,0.0,60813312,44235,1069,45304,4,39.1627
2026-05-09T14:35:08.274746+00:00,recovery_scenario,iperf_tcp,,1,,twin_core,549445,0.0,26918912,24809,1500,26309,9,89.5226
2026-05-09T14:35:08.274746+00:00,recovery_scenario,iperf_tcp,,1,,ryu_controller,549433,0.0,60813312,44241,1069,45310,6,59.6829
2026-05-09T14:35:08.375268+00:00,recovery_scenario,iperf_tcp,,1,,twin_core,549445,0.0,26918912,24818,1500,26318,9,89.5824
2026-05-09T14:35:08.375268+00:00,recovery_scenario,iperf_tcp,,1,,ryu_controller,549433,19.9,60813312,44284,1069,45353,43,428.0511
2026-05-09T14:35:08.475688+00:00,recovery_scenario,iperf_tcp,,1,,twin_core,549445,0.0,26918912,24818,1500,26318,0,0.0
2026-05-09T14:35:08.475688+00:00,recovery_scenario,iperf_tcp,,1,,ryu_controller,549433,29.9,60813312,44322,1069,45391,38,378.1109
2026-05-09T14:35:08.576284+00:00,recovery_scenario,iperf_tcp,,1,,twin_core,549445,0.0,26918912,24824,1500,26324,6,59.6123
2026-05-09T14:35:08.576284+00:00,recovery_scenario,iperf_tcp,,1,,ryu_controller,549433,0.0,60813312,44327,1069,45396,5,49.7006
2026-05-09T14:35:08.676877+00:00,recovery_scenario,iperf_tcp,,1,,twin_core,549445,0.0,26918912,24830,1500,26330,6,59.5534
2026-05-09T14:35:08.676877+00:00,recovery_scenario,iperf_tcp,,1,,ryu_controller,549433,9.9,60813312,44349,1069,45418,22,218.3758
2026-05-09T14:35:08.779621+00:00,recovery_scenario,iperf_tcp,,1,,twin_core,549445,0.0,26918912,24833,1500,26333,3,29.2386
2026-05-09T14:35:08.779621+00:00,recovery_scenario,iperf_tcp,,1,,ryu_controller,549433,0.0,60813312,44351,1069,45420,2,19.4918
2026-05-09T14:35:08.880193+00:00,recovery_scenario,iperf_tcp,,1,,twin_core,549445,9.9,26918912,24839,1500,26339,6,59.6904
2026-05-09T14:35:08.880193+00:00,recovery_scenario,iperf_tcp,,1,,ryu_controller,549433,9.9,60813312,44369,1069,45438,18,178.8871
2026-05-09T14:35:08.963081+00:00,recovery_scenario,iperf_tcp,,1,pingall_completed,,,,,,,,,
2026-05-09T14:35:08.981228+00:00,recovery_scenario,iperf_tcp,,1,,twin_core,549445,0.0,26918912,24850,1500,26350,11,108.877
2026-05-09T14:35:08.981228+00:00,recovery_scenario,iperf_tcp,,1,,ryu_controller,549433,0.0,60813312,44372,1069,45441,3,29.7293
2026-05-09T14:35:09.083317+00:00,recovery_scenario,iperf_tcp,,1,,twin_core,549445,0.0,26918912,24850,1500,26350,0,0.0
2026-05-09T14:35:09.083317+00:00,recovery_scenario,iperf_tcp,,1,,ryu_controller,549433,9.8,60813312,44374,1069,45443,2,19.5739
2026-05-09T14:35:09.183990+00:00,recovery_scenario,iperf_tcp,,1,,twin_core,549445,0.0,26918912,24850,1500,26350,0,0.0
2026-05-09T14:35:09.183990+00:00,recovery_scenario,iperf_tcp,,1,,ryu_controller,549433,0.0,60813312,44378,1069,45447,4,39.6745
2026-05-09T14:35:09.287637+00:00,recovery_scenario,iperf_tcp,,1,,twin_core,549445,0.0,26918912,24850,1500,26350,0,0.0
2026-05-09T14:35:09.287637+00:00,recovery_scenario,iperf_tcp,,1,,ryu_controller,549433,0.0,60813312,44382,1069,45451,4,38.3816
2026-05-09T14:35:09.388946+00:00,recovery_scenario,iperf_tcp,,1,,twin_core,549445,9.9,26918912,24850,1500,26350,0,0.0
2026-05-09T14:35:09.388946+00:00,recovery_scenario,iperf_tcp,,1,,ryu_controller,549433,39.8,60813312,44413,1069,45482,31,308.47
2026-05-09T14:35:09.489386+00:00,recovery_scenario,iperf_tcp,,1,,twin_core,549445,10.0,26918912,24850,1500,26350,0,0.0
2026-05-09T14:35:09.489386+00:00,recovery_scenario,iperf_tcp,,1,,ryu_controller,549433,89.6,60936192,44461,1071,45532,50,498.0595
2026-05-09T14:35:09.589848+00:00,recovery_scenario,iperf_tcp,,1,,twin_core,549445,0.0,26918912,24850,1500,26350,0,0.0
2026-05-09T14:35:09.589848+00:00,recovery_scenario,iperf_tcp,,1,,ryu_controller,549433,39.7,60952576,44486,1072,45558,26,258.105
2026-05-09T14:35:09.690538+00:00,recovery_scenario,iperf_tcp,,1,,twin_core,549445,0.0,26918912,24850,1500,26350,0,0.0
2026-05-09T14:35:09.690538+00:00,recovery_scenario,iperf_tcp,,1,,ryu_controller,549433,9.9,60952576,44490,1072,45562,4,39.7861
2026-05-09T14:35:09.791056+00:00,recovery_scenario,iperf_tcp,,1,,twin_core,549445,0.0,26918912,24850,1500,26350,0,0.0
2026-05-09T14:35:09.791056+00:00,recovery_scenario,iperf_tcp,,1,,ryu_controller,549433,0.0,60952576,44492,1072,45564,2,19.8968
2026-05-09T14:35:09.894234+00:00,recovery_scenario,iperf_tcp,,1,,twin_core,549445,0.0,26918912,24850,1500,26350,0,0.0
2026-05-09T14:35:09.894234+00:00,recovery_scenario,iperf_tcp,,1,,ryu_controller,549433,0.0,60952576,44495,1072,45567,3,29.0919
2026-05-09T14:35:09.994713+00:00,recovery_scenario,iperf_tcp,,1,,twin_core,549445,0.0,26918912,24855,1500,26355,5,49.7159
2026-05-09T14:35:09.994713+00:00,recovery_scenario,iperf_tcp,,1,,ryu_controller,549433,0.0,60952576,44498,1072,45570,3,29.7845
2026-05-09T14:35:10.095440+00:00,recovery_scenario,iperf_tcp,,1,,twin_core,549445,0.0,26918912,24855,1500,26355,0,0.0
2026-05-09T14:35:10.095440+00:00,recovery_scenario,iperf_tcp,,1,,ryu_controller,549433,0.0,60952576,44503,1072,45575,5,49.7715
2026-05-09T14:35:10.195868+00:00,recovery_scenario,iperf_tcp,,1,,twin_core,549445,0.0,26918912,24855,1500,26355,0,0.0
2026-05-09T14:35:10.195868+00:00,recovery_scenario,iperf_tcp,,1,,ryu_controller,549433,0.0,60952576,44505,1072,45577,2,19.8875
2026-05-09T14:35:10.296467+00:00,recovery_scenario,iperf_tcp,,1,,twin_core,549445,0.0,26918912,24855,1500,26355,0,0.0
2026-05-09T14:35:10.296467+00:00,recovery_scenario,iperf_tcp,,1,,ryu_controller,549433,0.0,60952576,44508,1072,45580,3,29.833
2026-05-09T14:35:10.397026+00:00,recovery_scenario,iperf_tcp,,1,,twin_core,549445,9.9,26918912,24855,1500,26355,0,0.0
2026-05-09T14:35:10.397026+00:00,recovery_scenario,iperf_tcp,,1,,ryu_controller,549433,0.0,60952576,44517,1072,45589,9,89.4313
2026-05-09T14:35:10.497665+00:00,recovery_scenario,iperf_tcp,,1,,twin_core,549445,0.0,26918912,24855,1500,26355,0,0.0
2026-05-09T14:35:10.497665+00:00,recovery_scenario,iperf_tcp,,1,,ryu_controller,549433,9.9,60952576,44550,1072,45622,33,328.2779
2026-05-09T14:35:10.598178+00:00,recovery_scenario,iperf_tcp,,1,,twin_core,549445,0.0,26918912,24855,1500,26355,0,0.0
2026-05-09T14:35:10.598178+00:00,recovery_scenario,iperf_tcp,,1,,ryu_controller,549433,0.0,60952576,44561,1072,45633,11,109.179
2026-05-09T14:35:10.698996+00:00,recovery_scenario,iperf_tcp,,1,,twin_core,549445,0.0,26918912,24855,1500,26355,0,0.0
2026-05-09T14:35:10.698996+00:00,recovery_scenario,iperf_tcp,,1,,ryu_controller,549433,0.0,60952576,44565,1072,45637,4,39.7403
2026-05-09T14:35:10.799733+00:00,recovery_scenario,iperf_tcp,,1,,twin_core,549445,0.0,26918912,24855,1500,26355,0,0.0
2026-05-09T14:35:10.799733+00:00,recovery_scenario,iperf_tcp,,1,,ryu_controller,549433,0.0,60952576,44569,1072,45641,4,39.6664
2026-05-09T14:35:10.900746+00:00,recovery_scenario,iperf_tcp,,1,,twin_core,549445,0.0,26918912,24855,1500,26355,0,0.0
2026-05-09T14:35:10.900746+00:00,recovery_scenario,iperf_tcp,,1,,ryu_controller,549433,9.8,60952576,44573,1072,45645,4,39.2901
2026-05-09T14:35:10.982207+00:00,recovery_scenario,iperf_tcp,,1,background_traffic_started,,,,,,,,,
2026-05-09T14:35:11.002346+00:00,recovery_scenario,iperf_tcp,,1,,twin_core,549445,0.0,26918912,24859,1501,26360,5,49.495
2026-05-09T14:35:11.002346+00:00,recovery_scenario,iperf_tcp,,1,,ryu_controller,549433,0.0,60952576,44580,1072,45652,7,69.5962
2026-05-09T14:35:11.103244+00:00,recovery_scenario,iperf_tcp,,1,,twin_core,549445,0.0,26918912,24899,1501,26400,40,396.4403
2026-05-09T14:35:11.103244+00:00,recovery_scenario,iperf_tcp,,1,,ryu_controller,549433,0.0,60952576,44605,1072,45677,25,247.7942
2026-05-09T14:35:11.177697+00:00,recovery_scenario,iperf_tcp,,1,fault_injected,,,,,,,,,
2026-05-09T14:35:11.203669+00:00,recovery_scenario,iperf_tcp,,1,,twin_core,549445,10.0,26918912,24934,1502,26436,36,358.2815
2026-05-09T14:35:11.203669+00:00,recovery_scenario,iperf_tcp,,1,,ryu_controller,549433,19.9,60952576,44616,1081,45697,20,199.0336
2026-05-09T14:35:11.304300+00:00,recovery_scenario,iperf_tcp,,1,,twin_core,549445,0.0,26918912,24934,1502,26436,0,0.0
2026-05-09T14:35:11.304300+00:00,recovery_scenario,iperf_tcp,,1,,ryu_controller,549433,69.5,61198336,44631,1082,45713,16,158.7461
2026-05-09T14:35:11.404941+00:00,recovery_scenario,iperf_tcp,,1,,twin_core,549445,9.9,26918912,24987,1508,26495,59,586.59
2026-05-09T14:35:11.404941+00:00,recovery_scenario,iperf_tcp,,1,,ryu_controller,549433,99.4,61243392,44631,1086,45717,4,39.753
2026-05-09T14:35:11.505593+00:00,recovery_scenario,iperf_tcp,,1,,twin_core,549445,9.9,26918912,25028,1516,26544,49,487.5475
2026-05-09T14:35:11.505593+00:00,recovery_scenario,iperf_tcp,,1,,ryu_controller,549433,99.6,61341696,44631,1090,45721,4,39.8253
2026-05-09T14:35:11.606439+00:00,recovery_scenario,iperf_tcp,,1,,twin_core,549445,0.0,26918912,25074,1530,26604,60,594.6457
2026-05-09T14:35:11.606439+00:00,recovery_scenario,iperf_tcp,,1,,ryu_controller,549433,89.1,61399040,44631,1096,45727,6,59.3676
2026-05-09T14:35:11.707076+00:00,recovery_scenario,iperf_tcp,,1,,twin_core,549445,0.0,26918912,25081,1533,26614,10,98.9783
2026-05-09T14:35:11.707076+00:00,recovery_scenario,iperf_tcp,,1,,ryu_controller,549433,109.0,61399040,44631,1096,45727,0,0.0
2026-05-09T14:35:11.808015+00:00,recovery_scenario,iperf_tcp,,1,,twin_core,549445,19.9,26918912,25081,1533,26614,0,0.0
2026-05-09T14:35:11.808015+00:00,recovery_scenario,iperf_tcp,,1,,ryu_controller,549433,99.3,61399040,44631,1097,45728,1,9.9311
2026-05-09T14:35:11.908661+00:00,recovery_scenario,iperf_tcp,,1,,twin_core,549445,0.0,26918912,25081,1533,26614,0,0.0
2026-05-09T14:35:11.908661+00:00,recovery_scenario,iperf_tcp,,1,,ryu_controller,549433,99.5,61403136,44631,1099,45730,2,19.9199
2026-05-09T14:35:12.009140+00:00,recovery_scenario,iperf_tcp,,1,,twin_core,549445,0.0,26918912,25081,1533,26614,0,0.0
2026-05-09T14:35:12.009140+00:00,recovery_scenario,iperf_tcp,,1,,ryu_controller,549433,99.5,61403136,44631,1099,45730,0,0.0
2026-05-09T14:35:12.109663+00:00,recovery_scenario,iperf_tcp,,1,,twin_core,549445,0.0,26918912,25081,1533,26614,0,0.0
2026-05-09T14:35:12.109663+00:00,recovery_scenario,iperf_tcp,,1,,ryu_controller,549433,98.7,61407232,44632,1100,45732,2,19.7487
2026-05-09T14:35:12.211241+00:00,recovery_scenario,iperf_tcp,,1,,twin_core,549445,0.0,26918912,25082,1533,26615,1,9.919
2026-05-09T14:35:12.211241+00:00,recovery_scenario,iperf_tcp,,1,,ryu_controller,549433,99.1,61407232,44634,1101,45735,3,29.7276
2026-05-09T14:35:12.311903+00:00,recovery_scenario,iperf_tcp,,1,,twin_core,549445,0.0,26918912,25082,1533,26615,0,0.0
2026-05-09T14:35:12.311903+00:00,recovery_scenario,iperf_tcp,,1,,ryu_controller,549433,19.8,61407232,44649,1102,45751,16,158.651
2026-05-09T14:35:12.412727+00:00,recovery_scenario,iperf_tcp,,1,,twin_core,549445,0.0,26918912,25082,1533,26615,0,0.0
2026-05-09T14:35:12.412727+00:00,recovery_scenario,iperf_tcp,,1,,ryu_controller,549433,9.9,61407232,44683,1102,45785,34,337.5903
2026-05-09T14:35:12.513456+00:00,recovery_scenario,iperf_tcp,,1,,twin_core,549445,0.0,26918912,25082,1533,26615,0,0.0
2026-05-09T14:35:12.513456+00:00,recovery_scenario,iperf_tcp,,1,,ryu_controller,549433,9.9,61407232,44711,1102,45813,28,276.6698
2026-05-09T14:35:12.614703+00:00,recovery_scenario,iperf_tcp,,1,,twin_core,549445,0.0,26918912,25082,1533,26615,0,0.0
2026-05-09T14:35:12.614703+00:00,recovery_scenario,iperf_tcp,,1,,ryu_controller,549433,0.0,61407232,44731,1102,45833,20,198.938
2026-05-09T14:35:12.621721+00:00,recovery_scenario,iperf_tcp,,1,recovery_requested,,,,,,,,,
2026-05-09T14:35:12.715282+00:00,recovery_scenario,iperf_tcp,,1,,twin_core,549445,9.9,26918912,25120,1535,26655,40,397.7544
2026-05-09T14:35:12.715282+00:00,recovery_scenario,iperf_tcp,,1,,ryu_controller,549433,19.9,61407232,44754,1106,45860,27,268.5003
2026-05-09T14:35:12.815779+00:00,recovery_scenario,iperf_tcp,,1,,twin_core,549445,0.0,26918912,25160,1535,26695,40,398.0146
2026-05-09T14:35:12.815779+00:00,recovery_scenario,iperf_tcp,,1,,ryu_controller,549433,29.8,61407232,44788,1109,45897,37,368.1162
2026-05-09T14:35:12.916400+00:00,recovery_scenario,iperf_tcp,,1,,twin_core,549445,19.9,26918912,25198,1535,26733,38,377.568
2026-05-09T14:35:12.916400+00:00,recovery_scenario,iperf_tcp,,1,,ryu_controller,549433,29.8,61407232,44820,1112,45932,35,342.5265
2026-05-09T14:35:13.018442+00:00,recovery_scenario,iperf_tcp,,1,,twin_core,549445,0.0,26918912,25229,1539,26768,35,342.9862
2026-05-09T14:35:13.018442+00:00,recovery_scenario,iperf_tcp,,1,,ryu_controller,549433,98.0,61407232,44825,1123,45948,16,159.1788
2026-05-09T14:35:13.118887+00:00,recovery_scenario,iperf_tcp,,1,,twin_core,549445,0.0,26918912,25229,1539,26768,0,0.0
2026-05-09T14:35:13.118887+00:00,recovery_scenario,iperf_tcp,,1,,ryu_controller,549433,99.2,61407232,44825,1123,45948,0,0.0
2026-05-09T14:35:13.219765+00:00,recovery_scenario,iperf_tcp,,1,,twin_core,549445,0.0,26918912,25229,1539,26768,0,0.0
2026-05-09T14:35:13.219765+00:00,recovery_scenario,iperf_tcp,,1,,ryu_controller,549433,89.2,61407232,44825,1123,45948,0,0.0
2026-05-09T14:35:13.320790+00:00,recovery_scenario,iperf_tcp,,1,,twin_core,549445,0.0,26918912,25229,1539,26768,0,0.0
2026-05-09T14:35:13.320790+00:00,recovery_scenario,iperf_tcp,,1,,ryu_controller,549433,98.8,61407232,44825,1124,45949,1,9.8769
2026-05-09T14:35:13.421850+00:00,recovery_scenario,iperf_tcp,,1,,twin_core,549445,0.0,26918912,25229,1539,26768,0,0.0
2026-05-09T14:35:13.421850+00:00,recovery_scenario,iperf_tcp,,1,,ryu_controller,549433,99.5,61407232,44825,1124,45949,0,0.0
2026-05-09T14:35:13.522451+00:00,recovery_scenario,iperf_tcp,,1,,twin_core,549445,0.0,26918912,25230,1539,26769,1,9.9401
2026-05-09T14:35:13.522451+00:00,recovery_scenario,iperf_tcp,,1,,ryu_controller,549433,99.4,61407232,44825,1125,45950,1,9.9539
2026-05-09T14:35:13.623048+00:00,recovery_scenario,iperf_tcp,,1,,twin_core,549445,0.0,26918912,25230,1539,26769,0,0.0
2026-05-09T14:35:13.623048+00:00,recovery_scenario,iperf_tcp,,1,,ryu_controller,549433,99.3,61407232,44825,1125,45950,0,0.0
2026-05-09T14:35:13.723727+00:00,recovery_scenario,iperf_tcp,,1,,twin_core,549445,0.0,26918912,25230,1539,26769,0,0.0
2026-05-09T14:35:13.723727+00:00,recovery_scenario,iperf_tcp,,1,,ryu_controller,549433,109.4,61411328,44825,1125,45950,0,0.0
2026-05-09T14:35:13.824161+00:00,recovery_scenario,iperf_tcp,,1,,twin_core,549445,0.0,26918912,25230,1539,26769,0,0.0
2026-05-09T14:35:13.824161+00:00,recovery_scenario,iperf_tcp,,1,,ryu_controller,549433,99.3,61411328,44825,1131,45956,6,59.5024
2026-05-09T14:35:13.925225+00:00,recovery_scenario,iperf_tcp,,1,,twin_core,549445,9.9,26918912,25230,1539,26769,0,0.0
2026-05-09T14:35:13.925225+00:00,recovery_scenario,iperf_tcp,,1,,ryu_controller,549433,98.9,61411328,44825,1131,45956,0,0.0
2026-05-09T14:35:14.026068+00:00,recovery_scenario,iperf_tcp,,1,,twin_core,549445,0.0,26918912,25231,1540,26771,2,19.81
2026-05-09T14:35:14.026068+00:00,recovery_scenario,iperf_tcp,,1,,ryu_controller,549433,99.1,61411328,44825,1133,45958,2,19.8256
2026-05-09T14:35:14.126983+00:00,recovery_scenario,iperf_tcp,,1,,twin_core,549445,0.0,26918912,25231,1540,26771,0,0.0
2026-05-09T14:35:14.126983+00:00,recovery_scenario,iperf_tcp,,1,,ryu_controller,549433,59.6,61411328,44829,1136,45965,7,69.5108
2026-05-09T14:35:14.227632+00:00,recovery_scenario,iperf_tcp,,1,,twin_core,549445,0.0,26918912,25231,1540,26771,0,0.0
2026-05-09T14:35:14.227632+00:00,recovery_scenario,iperf_tcp,,1,,ryu_controller,549433,9.9,61411328,44838,1136,45974,9,89.5768
2026-05-09T14:35:14.328086+00:00,recovery_scenario,iperf_tcp,,1,,twin_core,549445,9.9,26918912,25231,1540,26771,0,0.0
2026-05-09T14:35:14.328086+00:00,recovery_scenario,iperf_tcp,,1,,ryu_controller,549433,99.4,61411328,44855,1138,45993,19,188.8637
2026-05-09T14:35:14.428729+00:00,recovery_scenario,iperf_tcp,,1,,twin_core,549445,9.9,26918912,25231,1540,26771,0,0.0
2026-05-09T14:35:14.428729+00:00,recovery_scenario,iperf_tcp,,1,,ryu_controller,549433,9.9,61411328,44899,1138,46037,44,435.6132
2026-05-09T14:35:14.486475+00:00,recovery_scenario,iperf_tcp,,1,scenario_teardown,,,,,,,,,
2026-05-09T14:35:14.529793+00:00,recovery_scenario,iperf_tcp,,1,,twin_core,549445,0.0,26918912,25238,1540,26778,7,69.4103
2026-05-09T14:35:14.529793+00:00,recovery_scenario,iperf_tcp,,1,,ryu_controller,549433,9.9,61411328,44933,1138,46071,34,337.1567
2026-05-09T14:35:14.630498+00:00,recovery_scenario,iperf_tcp,,1,,twin_core,549445,0.0,26918912,25257,1543,26800,22,218.9497
2026-05-09T14:35:14.630498+00:00,recovery_scenario,iperf_tcp,,1,,ryu_controller,549433,10.0,61411328,44943,1142,46085,14,139.4152
2026-05-09T14:35:14.731017+00:00,recovery_scenario,iperf_tcp,,1,,twin_core,549445,0.0,26918912,25283,1544,26827,27,268.189
2026-05-09T14:35:14.731017+00:00,recovery_scenario,iperf_tcp,,1,,ryu_controller,549433,9.9,61411328,44948,1149,46097,12,119.1811
2026-05-09T14:35:14.831583+00:00,recovery_scenario,iperf_tcp,,1,,twin_core,549445,0.0,26918912,25283,1544,26827,0,0.0
2026-05-09T14:35:14.831583+00:00,recovery_scenario,iperf_tcp,,1,,ryu_controller,549433,19.9,61411328,44955,1150,46105,8,79.6481
2026-05-09T14:35:15.390712+00:00,recovery_scenario,iperf_tcp,,2,,twin_core,549445,0.0,26918912,25688,1608,27296,0,0.0
2026-05-09T14:35:15.390712+00:00,recovery_scenario,iperf_tcp,,2,,ryu_controller,549433,0.0,61411328,44999,1153,46152,0,0.0
2026-05-09T14:35:15.492584+00:00,recovery_scenario,iperf_tcp,,2,,twin_core,549445,9.8,26918912,25737,1610,27347,51,500.2886
2026-05-09T14:35:15.492584+00:00,recovery_scenario,iperf_tcp,,2,,ryu_controller,549433,29.8,61411328,45011,1155,46166,14,138.7704
2026-05-09T14:35:15.593437+00:00,recovery_scenario,iperf_tcp,,2,,twin_core,549445,9.9,26918912,25842,1611,27453,106,1050.9865
2026-05-09T14:35:15.593437+00:00,recovery_scenario,iperf_tcp,,2,,ryu_controller,549433,9.9,61411328,45019,1156,46175,9,89.4161
2026-05-09T14:35:15.639868+00:00,recovery_scenario,iperf_tcp,,2,service_started,,,,,,,,,
2026-05-09T14:35:15.694715+00:00,recovery_scenario,iperf_tcp,,2,,twin_core,549445,9.9,26918912,25889,1612,27501,48,474.3281
2026-05-09T14:35:15.694715+00:00,recovery_scenario,iperf_tcp,,2,,ryu_controller,549433,29.7,61411328,45076,1156,46232,57,563.7327
2026-05-09T14:35:15.795234+00:00,recovery_scenario,iperf_tcp,,2,,twin_core,549445,0.0,26918912,25890,1612,27502,1,9.95
2026-05-09T14:35:15.795234+00:00,recovery_scenario,iperf_tcp,,2,,ryu_controller,549433,29.8,61411328,45103,1156,46259,27,268.6427
2026-05-09T14:35:15.897314+00:00,recovery_scenario,iperf_tcp,,2,,twin_core,549445,0.0,26918912,25890,1612,27502,0,0.0
2026-05-09T14:35:15.897314+00:00,recovery_scenario,iperf_tcp,,2,,ryu_controller,549433,9.8,61411328,45131,1156,46287,28,274.263
2026-05-09T14:35:15.998219+00:00,recovery_scenario,iperf_tcp,,2,,twin_core,549445,0.0,26918912,25890,1612,27502,0,0.0
2026-05-09T14:35:15.998219+00:00,recovery_scenario,iperf_tcp,,2,,ryu_controller,549433,19.8,61411328,45159,1156,46315,28,277.3958
2026-05-09T14:35:16.100467+00:00,recovery_scenario,iperf_tcp,,2,,twin_core,549445,0.0,26918912,25890,1612,27502,0,0.0
2026-05-09T14:35:16.100467+00:00,recovery_scenario,iperf_tcp,,2,,ryu_controller,549433,19.6,61411328,45195,1156,46351,36,351.9784
2026-05-09T14:35:16.200986+00:00,recovery_scenario,iperf_tcp,,2,,twin_core,549445,0.0,26918912,25890,1612,27502,0,0.0
2026-05-09T14:35:16.200986+00:00,recovery_scenario,iperf_tcp,,2,,ryu_controller,549433,9.9,61411328,45216,1156,46372,21,208.928
2026-05-09T14:35:16.302279+00:00,recovery_scenario,iperf_tcp,,2,,twin_core,549445,0.0,26918912,25890,1612,27502,0,0.0
2026-05-09T14:35:16.302279+00:00,recovery_scenario,iperf_tcp,,2,,ryu_controller,549433,19.7,61411328,45253,1156,46409,37,365.2768
2026-05-09T14:35:16.402789+00:00,recovery_scenario,iperf_tcp,,2,,twin_core,549445,0.0,26918912,25890,1612,27502,0,0.0
2026-05-09T14:35:16.402789+00:00,recovery_scenario,iperf_tcp,,2,,ryu_controller,549433,49.8,61411328,45308,1157,46465,56,557.8201
2026-05-09T14:35:16.503215+00:00,recovery_scenario,iperf_tcp,,2,,twin_core,549445,0.0,26918912,25890,1612,27502,0,0.0
2026-05-09T14:35:16.503215+00:00,recovery_scenario,iperf_tcp,,2,,ryu_controller,549433,19.9,61411328,45335,1157,46492,27,268.2345
2026-05-09T14:35:16.603899+00:00,recovery_scenario,iperf_tcp,,2,,twin_core,549445,0.0,26918912,25890,1612,27502,0,0.0
2026-05-09T14:35:16.603899+00:00,recovery_scenario,iperf_tcp,,2,,ryu_controller,549433,19.9,61411328,45364,1157,46521,29,288.0158
2026-05-09T14:35:16.704590+00:00,recovery_scenario,iperf_tcp,,2,,twin_core,549445,0.0,26918912,25890,1612,27502,0,0.0
2026-05-09T14:35:16.704590+00:00,recovery_scenario,iperf_tcp,,2,,ryu_controller,549433,0.0,61411328,45400,1157,46557,36,358.047
2026-05-09T14:35:16.805082+00:00,recovery_scenario,iperf_tcp,,2,,twin_core,549445,0.0,26918912,25890,1612,27502,0,0.0
2026-05-09T14:35:16.805082+00:00,recovery_scenario,iperf_tcp,,2,,ryu_controller,549433,19.9,61411328,45430,1158,46588,31,308.3543
2026-05-09T14:35:16.905604+00:00,recovery_scenario,iperf_tcp,,2,,twin_core,549445,0.0,26918912,25890,1612,27502,0,0.0
2026-05-09T14:35:16.905604+00:00,recovery_scenario,iperf_tcp,,2,,ryu_controller,549433,19.9,61411328,45449,1158,46607,19,189.1405
2026-05-09T14:35:17.006050+00:00,recovery_scenario,iperf_tcp,,2,,twin_core,549445,10.0,26918912,25890,1612,27502,0,0.0
2026-05-09T14:35:17.006050+00:00,recovery_scenario,iperf_tcp,,2,,ryu_controller,549433,49.8,61411328,45469,1158,46627,20,199.0927
2026-05-09T14:35:17.106558+00:00,recovery_scenario,iperf_tcp,,2,,twin_core,549445,0.0,26918912,25890,1612,27502,0,0.0
2026-05-09T14:35:17.106558+00:00,recovery_scenario,iperf_tcp,,2,,ryu_controller,549433,29.9,61411328,45508,1158,46666,39,388.1159
2026-05-09T14:35:17.207060+00:00,recovery_scenario,iperf_tcp,,2,,twin_core,549445,0.0,26918912,25890,1612,27502,0,0.0
2026-05-09T14:35:17.207060+00:00,recovery_scenario,iperf_tcp,,2,,ryu_controller,549433,19.9,61411328,45551,1159,46710,44,437.0791
2026-05-09T14:35:17.307655+00:00,recovery_scenario,iperf_tcp,,2,,twin_core,549445,0.0,26918912,25890,1612,27502,0,0.0
2026-05-09T14:35:17.307655+00:00,recovery_scenario,iperf_tcp,,2,,ryu_controller,549433,19.9,61411328,45578,1159,46737,27,268.8988
2026-05-09T14:35:17.408744+00:00,recovery_scenario,iperf_tcp,,2,,twin_core,549445,0.0,26918912,25890,1612,27502,0,0.0
2026-05-09T14:35:17.408744+00:00,recovery_scenario,iperf_tcp,,2,,ryu_controller,549433,19.8,61411328,45618,1159,46777,40,395.2542
2026-05-09T14:35:17.511066+00:00,recovery_scenario,iperf_tcp,,2,,twin_core,549445,0.0,26918912,25890,1612,27502,0,0.0
2026-05-09T14:35:17.511066+00:00,recovery_scenario,iperf_tcp,,2,,ryu_controller,549433,9.8,61411328,45626,1159,46785,8,78.1122
2026-05-09T14:35:17.612566+00:00,recovery_scenario,iperf_tcp,,2,,twin_core,549445,0.0,26918912,25890,1612,27502,0,0.0
2026-05-09T14:35:17.612566+00:00,recovery_scenario,iperf_tcp,,2,,ryu_controller,549433,0.0,61411328,45640,1159,46799,14,137.9154
2026-05-09T14:35:17.713194+00:00,recovery_scenario,iperf_tcp,,2,,twin_core,549445,9.9,26918912,25890,1612,27502,0,0.0
2026-05-09T14:35:17.713194+00:00,recovery_scenario,iperf_tcp,,2,,ryu_controller,549433,29.9,61411328,45678,1159,46837,38,378.49
2026-05-09T14:35:17.813605+00:00,recovery_scenario,iperf_tcp,,2,,twin_core,549445,10.0,26918912,25895,1612,27507,5,49.7795
2026-05-09T14:35:17.813605+00:00,recovery_scenario,iperf_tcp,,2,,ryu_controller,549433,29.8,61411328,45734,1159,46893,56,557.2075
2026-05-09T14:35:17.914145+00:00,recovery_scenario,iperf_tcp,,2,,twin_core,549445,0.0,26918912,25901,1612,27513,6,59.666
2026-05-09T14:35:17.914145+00:00,recovery_scenario,iperf_tcp,,2,,ryu_controller,549433,19.9,61411328,45782,1159,46941,48,477.552
2026-05-09T14:35:18.014634+00:00,recovery_scenario,iperf_tcp,,2,,twin_core,549445,0.0,26918912,25905,1612,27517,4,39.8238
2026-05-09T14:35:18.014634+00:00,recovery_scenario,iperf_tcp,,2,,ryu_controller,549433,19.9,61411328,45811,1159,46970,29,288.785
2026-05-09T14:35:18.115027+00:00,recovery_scenario,iperf_tcp,,2,,twin_core,549445,0.0,26918912,25905,1612,27517,0,0.0
2026-05-09T14:35:18.115027+00:00,recovery_scenario,iperf_tcp,,2,,ryu_controller,549433,10.0,61411328,45824,1159,46983,13,129.3399
2026-05-09T14:35:18.216831+00:00,recovery_scenario,iperf_tcp,,2,,twin_core,549445,0.0,26918912,25908,1612,27520,3,29.4659
2026-05-09T14:35:18.216831+00:00,recovery_scenario,iperf_tcp,,2,,ryu_controller,549433,9.8,61411328,45844,1159,47003,20,196.0105
2026-05-09T14:35:18.317607+00:00,recovery_scenario,iperf_tcp,,2,,twin_core,549445,0.0,26918912,25911,1612,27523,3,29.774
2026-05-09T14:35:18.317607+00:00,recovery_scenario,iperf_tcp,,2,,ryu_controller,549433,0.0,61411328,45859,1159,47018,15,149.1831
2026-05-09T14:35:18.418179+00:00,recovery_scenario,iperf_tcp,,2,,twin_core,549445,0.0,26918912,25917,1612,27529,6,59.7159
2026-05-09T14:35:18.418179+00:00,recovery_scenario,iperf_tcp,,2,,ryu_controller,549433,29.9,61411328,45881,1159,47040,22,219.0327
2026-05-09T14:35:18.518625+00:00,recovery_scenario,iperf_tcp,,2,,twin_core,549445,0.0,26918912,25923,1612,27535,6,59.7163
2026-05-09T14:35:18.518625+00:00,recovery_scenario,iperf_tcp,,2,,ryu_controller,549433,39.8,61411328,45923,1159,47082,42,417.9148
2026-05-09T14:35:18.620279+00:00,recovery_scenario,iperf_tcp,,2,,twin_core,549445,0.0,26918912,25926,1612,27538,3,29.5095
2026-05-09T14:35:18.620279+00:00,recovery_scenario,iperf_tcp,,2,,ryu_controller,549433,19.7,61411328,45941,1159,47100,18,177.0627
2026-05-09T14:35:18.722484+00:00,recovery_scenario,iperf_tcp,,2,,twin_core,549445,0.0,26918912,25929,1612,27541,3,29.3399
2026-05-09T14:35:18.722484+00:00,recovery_scenario,iperf_tcp,,2,,ryu_controller,549433,0.0,61411328,45954,1159,47113,13,127.1291
2026-05-09T14:35:18.825630+00:00,recovery_scenario,iperf_tcp,,2,,twin_core,549445,0.0,26918912,25932,1612,27544,3,29.0913
2026-05-09T14:35:18.825630+00:00,recovery_scenario,iperf_tcp,,2,,ryu_controller,549433,9.7,61411328,45970,1159,47129,16,154.9726
2026-05-09T14:35:18.926457+00:00,recovery_scenario,iperf_tcp,,2,,twin_core,549445,0.0,26918912,25941,1612,27553,9,89.2084
2026-05-09T14:35:18.926457+00:00,recovery_scenario,iperf_tcp,,2,,ryu_controller,549433,9.9,61411328,45984,1159,47143,14,138.9093
2026-05-09T14:35:19.028045+00:00,recovery_scenario,iperf_tcp,,2,,twin_core,549445,0.0,26918912,25947,1612,27559,6,59.0882
2026-05-09T14:35:19.028045+00:00,recovery_scenario,iperf_tcp,,2,,ryu_controller,549433,19.7,61411328,45997,1159,47156,13,128.0503
2026-05-09T14:35:19.129254+00:00,recovery_scenario,iperf_tcp,,2,,twin_core,549445,0.0,26918912,25950,1612,27562,3,29.5542
2026-05-09T14:35:19.129254+00:00,recovery_scenario,iperf_tcp,,2,,ryu_controller,549433,9.8,61411328,46009,1159,47168,12,118.1
2026-05-09T14:35:19.230164+00:00,recovery_scenario,iperf_tcp,,2,,twin_core,549445,0.0,26918912,25951,1612,27563,1,9.9396
2026-05-09T14:35:19.230164+00:00,recovery_scenario,iperf_tcp,,2,,ryu_controller,549433,0.0,61411328,46022,1159,47181,13,129.3418
2026-05-09T14:35:19.332572+00:00,recovery_scenario,iperf_tcp,,2,,twin_core,549445,0.0,26918912,25954,1612,27566,3,29.2921
2026-05-09T14:35:19.332572+00:00,recovery_scenario,iperf_tcp,,2,,ryu_controller,549433,9.8,61411328,46033,1159,47192,11,107.3968
2026-05-09T14:35:19.435334+00:00,recovery_scenario,iperf_tcp,,2,,twin_core,549445,0.0,26918912,25963,1612,27575,9,87.6237
2026-05-09T14:35:19.435334+00:00,recovery_scenario,iperf_tcp,,2,,ryu_controller,549433,0.0,61411328,46037,1159,47196,4,38.9523
2026-05-09T14:35:19.535756+00:00,recovery_scenario,iperf_tcp,,2,,twin_core,549445,10.0,26918912,25972,1612,27584,9,89.6319
2026-05-09T14:35:19.535756+00:00,recovery_scenario,iperf_tcp,,2,,ryu_controller,549433,19.9,61411328,46063,1159,47222,26,258.9181
2026-05-09T14:35:19.639699+00:00,recovery_scenario,iperf_tcp,,2,,twin_core,549445,0.0,26918912,25975,1612,27587,3,28.8493
2026-05-09T14:35:19.639699+00:00,recovery_scenario,iperf_tcp,,2,,ryu_controller,549433,19.2,61411328,46084,1159,47243,21,201.9287
2026-05-09T14:35:19.740155+00:00,recovery_scenario,iperf_tcp,,2,,twin_core,549445,0.0,26918912,25978,1612,27590,3,29.8826
2026-05-09T14:35:19.740155+00:00,recovery_scenario,iperf_tcp,,2,,ryu_controller,549433,0.0,61411328,46096,1159,47255,12,119.5426
2026-05-09T14:35:19.840618+00:00,recovery_scenario,iperf_tcp,,2,,twin_core,549445,19.9,26918912,25987,1612,27599,9,89.5883
2026-05-09T14:35:19.840618+00:00,recovery_scenario,iperf_tcp,,2,,ryu_controller,549433,59.7,61411328,46140,1159,47299,44,438.0434
2026-05-09T14:35:19.941092+00:00,recovery_scenario,iperf_tcp,,2,,twin_core,549445,0.0,26918912,25993,1612,27605,6,59.4453
2026-05-09T14:35:19.941092+00:00,recovery_scenario,iperf_tcp,,2,,ryu_controller,549433,19.8,61411328,46165,1159,47324,25,247.6237
2026-05-09T14:35:20.042018+00:00,recovery_scenario,iperf_tcp,,2,,twin_core,549445,0.0,26918912,25996,1612,27608,3,29.8205
2026-05-09T14:35:20.042018+00:00,recovery_scenario,iperf_tcp,,2,,ryu_controller,549433,0.0,61411328,46179,1159,47338,14,139.1579
2026-05-09T14:35:20.143018+00:00,recovery_scenario,iperf_tcp,,2,,twin_core,549445,0.0,26918912,25999,1612,27611,3,29.6906
2026-05-09T14:35:20.143018+00:00,recovery_scenario,iperf_tcp,,2,,ryu_controller,549433,9.9,61411328,46188,1159,47347,9,89.0613
2026-05-09T14:35:20.243625+00:00,recovery_scenario,iperf_tcp,,2,,twin_core,549445,0.0,26918912,26005,1612,27617,6,59.7146
2026-05-09T14:35:20.243625+00:00,recovery_scenario,iperf_tcp,,2,,ryu_controller,549433,10.0,61411328,46198,1159,47357,10,99.5498
2026-05-09T14:35:20.344093+00:00,recovery_scenario,iperf_tcp,,2,,twin_core,549445,0.0,26918912,26014,1612,27626,9,89.403
2026-05-09T14:35:20.344093+00:00,recovery_scenario,iperf_tcp,,2,,ryu_controller,549433,9.9,61411328,46212,1159,47371,14,139.0618
2026-05-09T14:35:20.446559+00:00,recovery_scenario,iperf_tcp,,2,,twin_core,549445,0.0,26918912,26017,1612,27629,3,29.327
2026-05-09T14:35:20.446559+00:00,recovery_scenario,iperf_tcp,,2,,ryu_controller,549433,9.8,61411328,46228,1159,47387,16,156.401
2026-05-09T14:35:20.547053+00:00,recovery_scenario,iperf_tcp,,2,,twin_core,549445,0.0,26918912,26017,1612,27629,0,0.0
2026-05-09T14:35:20.547053+00:00,recovery_scenario,iperf_tcp,,2,,ryu_controller,549433,79.6,61411328,46274,1160,47434,47,467.5927
2026-05-09T14:35:20.647584+00:00,recovery_scenario,iperf_tcp,,2,,twin_core,549445,10.0,26918912,26023,1612,27635,6,59.7
2026-05-09T14:35:20.647584+00:00,recovery_scenario,iperf_tcp,,2,,ryu_controller,549433,9.9,61411328,46294,1160,47454,20,198.9579
2026-05-09T14:35:20.748139+00:00,recovery_scenario,iperf_tcp,,2,,twin_core,549445,0.0,26918912,26032,1612,27644,9,89.5167
2026-05-09T14:35:20.748139+00:00,recovery_scenario,iperf_tcp,,2,,ryu_controller,549433,0.0,61411328,46300,1160,47460,6,59.6884
2026-05-09T14:35:20.849228+00:00,recovery_scenario,iperf_tcp,,2,,twin_core,549445,0.0,26918912,26038,1612,27650,6,59.3431
2026-05-09T14:35:20.849228+00:00,recovery_scenario,iperf_tcp,,2,,ryu_controller,549433,9.9,61411328,46327,1160,47487,27,267.0346
2026-05-09T14:35:20.949727+00:00,recovery_scenario,iperf_tcp,,2,,twin_core,549445,0.0,26918912,26038,1612,27650,0,0.0
2026-05-09T14:35:20.949727+00:00,recovery_scenario,iperf_tcp,,2,,ryu_controller,549433,10.0,61411328,46341,1160,47501,14,139.4237
2026-05-09T14:35:21.050186+00:00,recovery_scenario,iperf_tcp,,2,,twin_core,549445,0.0,26918912,26047,1612,27659,9,89.5146
2026-05-09T14:35:21.050186+00:00,recovery_scenario,iperf_tcp,,2,,ryu_controller,549433,9.9,61411328,46361,1160,47521,20,198.8909
2026-05-09T14:35:21.150709+00:00,recovery_scenario,iperf_tcp,,2,,twin_core,549445,0.0,26918912,26049,1612,27661,2,19.9083
2026-05-09T14:35:21.150709+00:00,recovery_scenario,iperf_tcp,,2,,ryu_controller,549433,10.0,61411328,46381,1160,47541,20,199.0661
2026-05-09T14:35:21.251198+00:00,recovery_scenario,iperf_tcp,,2,,twin_core,549445,0.0,26918912,26055,1612,27667,6,59.6609
2026-05-09T14:35:21.251198+00:00,recovery_scenario,iperf_tcp,,2,,ryu_controller,549433,0.0,61411328,46384,1160,47544,3,29.8293
2026-05-09T14:35:21.351762+00:00,recovery_scenario,iperf_tcp,,2,,twin_core,549445,0.0,26918912,26057,1612,27669,2,19.8995
2026-05-09T14:35:21.351762+00:00,recovery_scenario,iperf_tcp,,2,,ryu_controller,549433,19.9,61411328,46396,1160,47556,12,119.0619
2026-05-09T14:35:21.433853+00:00,recovery_scenario,iperf_tcp,,2,pingall_completed,,,,,,,,,
2026-05-09T14:35:21.452575+00:00,recovery_scenario,iperf_tcp,,2,,twin_core,549445,9.9,26918912,26070,1612,27682,13,128.9822
2026-05-09T14:35:21.452575+00:00,recovery_scenario,iperf_tcp,,2,,ryu_controller,549433,9.9,61411328,46401,1160,47561,5,49.7634
2026-05-09T14:35:21.553927+00:00,recovery_scenario,iperf_tcp,,2,,twin_core,549445,0.0,26918912,26070,1612,27682,0,0.0
2026-05-09T14:35:21.553927+00:00,recovery_scenario,iperf_tcp,,2,,ryu_controller,549433,0.0,61411328,46428,1160,47588,27,265.9665
2026-05-09T14:35:21.654585+00:00,recovery_scenario,iperf_tcp,,2,,twin_core,549445,0.0,26918912,26070,1612,27682,0,0.0
2026-05-09T14:35:21.654585+00:00,recovery_scenario,iperf_tcp,,2,,ryu_controller,549433,19.9,61411328,46449,1161,47610,22,218.9478
2026-05-09T14:35:21.755189+00:00,recovery_scenario,iperf_tcp,,2,,twin_core,549445,0.0,26918912,26070,1612,27682,0,0.0
2026-05-09T14:35:21.755189+00:00,recovery_scenario,iperf_tcp,,2,,ryu_controller,549433,9.9,61411328,46464,1161,47625,15,148.9503
2026-05-09T14:35:21.856183+00:00,recovery_scenario,iperf_tcp,,2,,twin_core,549445,0.0,26918912,26070,1612,27682,0,0.0
2026-05-09T14:35:21.856183+00:00,recovery_scenario,iperf_tcp,,2,,ryu_controller,549433,29.6,61411328,46494,1161,47655,30,296.012
2026-05-09T14:35:21.959436+00:00,recovery_scenario,iperf_tcp,,2,,twin_core,549445,9.7,26918912,26070,1612,27682,0,0.0
2026-05-09T14:35:21.959436+00:00,recovery_scenario,iperf_tcp,,2,,ryu_controller,549433,38.9,61419520,46519,1161,47680,25,242.9581
2026-05-09T14:35:22.064367+00:00,recovery_scenario,iperf_tcp,,2,,twin_core,549445,0.0,26918912,26070,1612,27682,0,0.0
2026-05-09T14:35:22.064367+00:00,recovery_scenario,iperf_tcp,,2,,ryu_controller,549433,0.0,61419520,46523,1161,47684,4,38.117
2026-05-09T14:35:22.168607+00:00,recovery_scenario,iperf_tcp,,2,,twin_core,549445,0.0,26918912,26070,1612,27682,0,0.0
2026-05-09T14:35:22.168607+00:00,recovery_scenario,iperf_tcp,,2,,ryu_controller,549433,0.0,61419520,46527,1161,47688,4,38.3532
2026-05-09T14:35:22.273933+00:00,recovery_scenario,iperf_tcp,,2,,twin_core,549445,0.0,26918912,26070,1612,27682,0,0.0
2026-05-09T14:35:22.273933+00:00,recovery_scenario,iperf_tcp,,2,,ryu_controller,549433,0.0,61419520,46530,1161,47691,3,28.4066
2026-05-09T14:35:22.374939+00:00,recovery_scenario,iperf_tcp,,2,,twin_core,549445,9.9,26918912,26070,1612,27682,0,0.0
2026-05-09T14:35:22.374939+00:00,recovery_scenario,iperf_tcp,,2,,ryu_controller,549433,9.6,61419520,46533,1161,47694,3,28.6166
2026-05-09T14:35:22.479955+00:00,recovery_scenario,iperf_tcp,,2,,twin_core,549445,0.0,26918912,26075,1612,27687,5,47.729
2026-05-09T14:35:22.479955+00:00,recovery_scenario,iperf_tcp,,2,,ryu_controller,549433,0.0,61419520,46535,1162,47697,3,29.6253
2026-05-09T14:35:22.581006+00:00,recovery_scenario,iperf_tcp,,2,,twin_core,549445,0.0,26918912,26075,1612,27687,0,0.0
2026-05-09T14:35:22.581006+00:00,recovery_scenario,iperf_tcp,,2,,ryu_controller,549433,19.9,61419520,46556,1163,47719,22,218.7925
2026-05-09T14:35:22.681463+00:00,recovery_scenario,iperf_tcp,,2,,twin_core,549445,0.0,26918912,26075,1612,27687,0,0.0
2026-05-09T14:35:22.681463+00:00,recovery_scenario,iperf_tcp,,2,,ryu_controller,549433,49.7,61419520,46589,1163,47752,33,328.3167
2026-05-09T14:35:22.781963+00:00,recovery_scenario,iperf_tcp,,2,,twin_core,549445,0.0,26918912,26075,1612,27687,0,0.0
2026-05-09T14:35:22.781963+00:00,recovery_scenario,iperf_tcp,,2,,ryu_controller,549433,0.0,61419520,46593,1163,47756,4,39.744
2026-05-09T14:35:22.882625+00:00,recovery_scenario,iperf_tcp,,2,,twin_core,549445,9.9,26918912,26075,1612,27687,0,0.0
2026-05-09T14:35:22.882625+00:00,recovery_scenario,iperf_tcp,,2,,ryu_controller,549433,0.0,61419520,46615,1163,47778,22,218.6709
2026-05-09T14:35:22.983262+00:00,recovery_scenario,iperf_tcp,,2,,twin_core,549445,0.0,26918912,26075,1612,27687,0,0.0
2026-05-09T14:35:22.983262+00:00,recovery_scenario,iperf_tcp,,2,,ryu_controller,549433,9.9,61419520,46621,1163,47784,6,59.6139
2026-05-09T14:35:23.083913+00:00,recovery_scenario,iperf_tcp,,2,,twin_core,549445,0.0,26918912,26075,1612,27687,0,0.0
2026-05-09T14:35:23.083913+00:00,recovery_scenario,iperf_tcp,,2,,ryu_controller,549433,0.0,61419520,46624,1163,47787,3,29.7647
2026-05-09T14:35:23.184658+00:00,recovery_scenario,iperf_tcp,,2,,twin_core,549445,0.0,26918912,26075,1612,27687,0,0.0
2026-05-09T14:35:23.184658+00:00,recovery_scenario,iperf_tcp,,2,,ryu_controller,549433,0.0,61419520,46629,1163,47792,5,49.7671
2026-05-09T14:35:23.285182+00:00,recovery_scenario,iperf_tcp,,2,,twin_core,549445,0.0,26918912,26075,1612,27687,0,0.0
2026-05-09T14:35:23.285182+00:00,recovery_scenario,iperf_tcp,,2,,ryu_controller,549433,0.0,61419520,46632,1163,47795,3,29.7688
2026-05-09T14:35:23.385833+00:00,recovery_scenario,iperf_tcp,,2,,twin_core,549445,0.0,26918912,26075,1612,27687,0,0.0
2026-05-09T14:35:23.385833+00:00,recovery_scenario,iperf_tcp,,2,,ryu_controller,549433,0.0,61419520,46636,1163,47799,4,39.6191
2026-05-09T14:35:23.453777+00:00,recovery_scenario,iperf_tcp,,2,background_traffic_started,,,,,,,,,
2026-05-09T14:35:23.487070+00:00,recovery_scenario,iperf_tcp,,2,,twin_core,549445,0.0,26918912,26085,1613,27698,11,108.7713
2026-05-09T14:35:23.487070+00:00,recovery_scenario,iperf_tcp,,2,,ryu_controller,549433,9.9,61419520,46666,1163,47829,30,296.5588
2026-05-09T14:35:23.588251+00:00,recovery_scenario,iperf_tcp,,2,,twin_core,549445,9.9,26918912,26128,1615,27743,45,445.2815
2026-05-09T14:35:23.588251+00:00,recovery_scenario,iperf_tcp,,2,,ryu_controller,549433,0.0,61419520,46693,1163,47856,27,267.9002
2026-05-09T14:35:23.618673+00:00,recovery_scenario,iperf_tcp,,2,fault_injected,,,,,,,,,
2026-05-09T14:35:23.688814+00:00,recovery_scenario,iperf_tcp,,2,,twin_core,549445,0.0,26918912,26145,1616,27761,18,179.0745
2026-05-09T14:35:23.688814+00:00,recovery_scenario,iperf_tcp,,2,,ryu_controller,549433,49.7,61419520,46713,1164,47877,21,208.7834
2026-05-09T14:35:23.789370+00:00,recovery_scenario,iperf_tcp,,2,,twin_core,549445,0.0,26918912,26184,1617,27801,40,398.0025
2026-05-09T14:35:23.789370+00:00,recovery_scenario,iperf_tcp,,2,,ryu_controller,549433,99.5,61419520,46713,1166,47879,2,19.9182
2026-05-09T14:35:23.889780+00:00,recovery_scenario,iperf_tcp,,2,,twin_core,549445,0.0,26918912,26221,1636,27857,56,557.5353
2026-05-09T14:35:23.889780+00:00,recovery_scenario,iperf_tcp,,2,,ryu_controller,549433,109.5,61419520,46713,1167,47880,1,9.9577
2026-05-09T14:35:23.990360+00:00,recovery_scenario,iperf_tcp,,2,,twin_core,549445,9.9,26918912,26262,1645,27907,50,496.9615
2026-05-09T14:35:23.990360+00:00,recovery_scenario,iperf_tcp,,2,,ryu_controller,549433,89.4,61419520,46713,1167,47880,0,0.0
2026-05-09T14:35:24.090870+00:00,recovery_scenario,iperf_tcp,,2,,twin_core,549445,0.0,26918912,26284,1649,27933,26,258.7367
2026-05-09T14:35:24.090870+00:00,recovery_scenario,iperf_tcp,,2,,ryu_controller,549433,99.5,61419520,46713,1168,47881,1,9.9461
2026-05-09T14:35:24.191450+00:00,recovery_scenario,iperf_tcp,,2,,twin_core,549445,19.9,26918912,26284,1649,27933,0,0.0
2026-05-09T14:35:24.191450+00:00,recovery_scenario,iperf_tcp,,2,,ryu_controller,549433,109.3,61419520,46713,1170,47883,2,19.8581
2026-05-09T14:35:24.293332+00:00,recovery_scenario,iperf_tcp,,2,,twin_core,549445,9.8,26918912,26284,1649,27933,0,0.0
2026-05-09T14:35:24.293332+00:00,recovery_scenario,iperf_tcp,,2,,ryu_controller,549433,58.9,61419520,46740,1174,47914,31,304.5735
2026-05-09T14:35:24.394393+00:00,recovery_scenario,iperf_tcp,,2,,twin_core,549445,0.0,26918912,26284,1649,27933,0,0.0
2026-05-09T14:35:24.394393+00:00,recovery_scenario,iperf_tcp,,2,,ryu_controller,549433,9.8,61419520,46746,1174,47920,6,58.4747
2026-05-09T14:35:24.496692+00:00,recovery_scenario,iperf_tcp,,2,,twin_core,549445,0.0,26918912,26284,1649,27933,0,0.0
2026-05-09T14:35:24.496692+00:00,recovery_scenario,iperf_tcp,,2,,ryu_controller,549433,0.0,61419520,46766,1174,47940,20,197.8386
2026-05-09T14:35:24.543010+00:00,recovery_scenario,iperf_tcp,,2,recovery_requested,,,,,,,,,
2026-05-09T14:35:24.597666+00:00,recovery_scenario,iperf_tcp,,2,,twin_core,549445,0.0,26918912,26298,1649,27947,14,138.7219
2026-05-09T14:35:24.597666+00:00,recovery_scenario,iperf_tcp,,2,,ryu_controller,549433,19.8,61419520,46785,1177,47962,22,218.7555
2026-05-09T14:35:24.699190+00:00,recovery_scenario,iperf_tcp,,2,,twin_core,549445,0.0,26918912,26336,1649,27985,38,374.16
2026-05-09T14:35:24.699190+00:00,recovery_scenario,iperf_tcp,,2,,ryu_controller,549433,49.2,61419520,46813,1182,47995,33,325.0238
2026-05-09T14:35:24.799737+00:00,recovery_scenario,iperf_tcp,,2,,twin_core,549445,9.9,26918912,26375,1656,28031,46,457.8415
2026-05-09T14:35:24.799737+00:00,recovery_scenario,iperf_tcp,,2,,ryu_controller,549433,89.6,61419520,46833,1196,48029,34,338.3985
2026-05-09T14:35:24.900213+00:00,recovery_scenario,iperf_tcp,,2,,twin_core,549445,0.0,26918912,26417,1657,28074,43,427.3556
2026-05-09T14:35:24.900213+00:00,recovery_scenario,iperf_tcp,,2,,ryu_controller,549433,39.7,61419520,46867,1204,48071,42,416.7539
2026-05-09T14:35:25.001000+00:00,recovery_scenario,iperf_tcp,,2,,twin_core,549445,9.9,26918912,26433,1657,28090,16,158.7842
2026-05-09T14:35:25.001000+00:00,recovery_scenario,iperf_tcp,,2,,ryu_controller,549433,19.9,61419520,46907,1206,48113,42,417.3751
2026-05-09T14:35:25.101617+00:00,recovery_scenario,iperf_tcp,,2,,twin_core,549445,0.0,26918912,26433,1657,28090,0,0.0
2026-05-09T14:35:25.101617+00:00,recovery_scenario,iperf_tcp,,2,,ryu_controller,549433,79.6,61419520,46917,1206,48123,10,99.534
2026-05-09T14:35:25.202074+00:00,recovery_scenario,iperf_tcp,,2,,twin_core,549445,0.0,26918912,26433,1657,28090,0,0.0
2026-05-09T14:35:25.202074+00:00,recovery_scenario,iperf_tcp,,2,,ryu_controller,549433,99.5,61419520,46917,1209,48126,3,29.8525
2026-05-09T14:35:25.302559+00:00,recovery_scenario,iperf_tcp,,2,,twin_core,549445,0.0,26918912,26433,1657,28090,0,0.0
2026-05-09T14:35:25.302559+00:00,recovery_scenario,iperf_tcp,,2,,ryu_controller,549433,89.5,61419520,46917,1209,48126,0,0.0
2026-05-09T14:35:25.403808+00:00,recovery_scenario,iperf_tcp,,2,,twin_core,549445,0.0,26918912,26433,1657,28090,0,0.0
2026-05-09T14:35:25.403808+00:00,recovery_scenario,iperf_tcp,,2,,ryu_controller,549433,108.8,61419520,46917,1210,48127,1,9.9267
2026-05-09T14:35:25.504502+00:00,recovery_scenario,iperf_tcp,,2,,twin_core,549445,0.0,26918912,26434,1657,28091,1,9.9252
2026-05-09T14:35:25.504502+00:00,recovery_scenario,iperf_tcp,,2,,ryu_controller,549433,99.2,61419520,46917,1210,48127,0,0.0
2026-05-09T14:35:25.605091+00:00,recovery_scenario,iperf_tcp,,2,,twin_core,549445,9.9,26918912,26434,1657,28091,0,0.0
2026-05-09T14:35:25.605091+00:00,recovery_scenario,iperf_tcp,,2,,ryu_controller,549433,89.0,61419520,46917,1211,48128,1,9.8613
2026-05-09T14:35:25.706442+00:00,recovery_scenario,iperf_tcp,,2,,twin_core,549445,0.0,26918912,26434,1657,28091,0,0.0
2026-05-09T14:35:25.706442+00:00,recovery_scenario,iperf_tcp,,2,,ryu_controller,549433,109.2,61419520,46917,1211,48128,0,0.0
2026-05-09T14:35:25.806888+00:00,recovery_scenario,iperf_tcp,,2,,twin_core,549445,0.0,26918912,26434,1657,28091,0,0.0
2026-05-09T14:35:25.806888+00:00,recovery_scenario,iperf_tcp,,2,,ryu_controller,549433,99.4,61419520,46917,1212,48129,1,9.9382
2026-05-09T14:35:25.907509+00:00,recovery_scenario,iperf_tcp,,2,,twin_core,549445,0.0,26918912,26434,1657,28091,0,0.0
2026-05-09T14:35:25.907509+00:00,recovery_scenario,iperf_tcp,,2,,ryu_controller,549433,99.5,61419520,46917,1213,48130,1,9.9556
2026-05-09T14:35:26.007979+00:00,recovery_scenario,iperf_tcp,,2,,twin_core,549445,0.0,26918912,26435,1657,28092,1,9.9329
2026-05-09T14:35:26.007979+00:00,recovery_scenario,iperf_tcp,,2,,ryu_controller,549433,99.3,61419520,46917,1215,48132,2,19.8432
2026-05-09T14:35:26.109124+00:00,recovery_scenario,iperf_tcp,,2,,twin_core,549445,0.0,26918912,26435,1657,28092,0,0.0
2026-05-09T14:35:26.109124+00:00,recovery_scenario,iperf_tcp,,2,,ryu_controller,549433,98.9,61419520,46917,1215,48132,0,0.0
2026-05-09T14:35:26.210219+00:00,recovery_scenario,iperf_tcp,,2,,twin_core,549445,0.0,26918912,26435,1657,28092,0,0.0
2026-05-09T14:35:26.210219+00:00,recovery_scenario,iperf_tcp,,2,,ryu_controller,549433,99.1,61419520,46917,1221,48138,6,59.5425
2026-05-09T14:35:26.310858+00:00,recovery_scenario,iperf_tcp,,2,,twin_core,549445,9.9,26918912,26435,1657,28092,0,0.0
2026-05-09T14:35:26.310858+00:00,recovery_scenario,iperf_tcp,,2,,ryu_controller,549433,99.3,61419520,46934,1221,48155,17,168.8311
2026-05-09T14:35:26.411641+00:00,recovery_scenario,iperf_tcp,,2,,twin_core,549445,9.9,26918912,26435,1657,28092,0,0.0
2026-05-09T14:35:26.411641+00:00,recovery_scenario,iperf_tcp,,2,,ryu_controller,549433,59.6,61419520,46966,1222,48188,33,327.7063
2026-05-09T14:35:26.444058+00:00,recovery_scenario,iperf_tcp,,2,scenario_teardown,,,,,,,,,
2026-05-09T14:35:26.512270+00:00,recovery_scenario,iperf_tcp,,2,,twin_core,549445,0.0,26918912,26450,1657,28107,15,148.7916
2026-05-09T14:35:26.512270+00:00,recovery_scenario,iperf_tcp,,2,,ryu_controller,549433,9.9,61419520,46975,1224,48199,11,109.1097
2026-05-09T14:35:26.613073+00:00,recovery_scenario,iperf_tcp,,2,,twin_core,549445,9.9,26918912,26477,1659,28136,29,286.2566
2026-05-09T14:35:26.613073+00:00,recovery_scenario,iperf_tcp,,2,,ryu_controller,549433,9.9,61419520,46982,1229,48211,12,118.244
2026-05-09T14:35:26.714476+00:00,recovery_scenario,iperf_tcp,,2,,twin_core,549445,0.0,26918912,26492,1659,28151,15,148.8935
2026-05-09T14:35:26.714476+00:00,recovery_scenario,iperf_tcp,,2,,ryu_controller,549433,9.9,61419520,47011,1236,48247,36,357.9429
2026-05-09T14:35:26.814998+00:00,recovery_scenario,iperf_tcp,,2,,twin_core,549445,0.0,26918912,26492,1659,28151,0,0.0
2026-05-09T14:35:26.814998+00:00,recovery_scenario,iperf_tcp,,2,,ryu_controller,549433,9.9,61419520,47025,1238,48263,16,159.1263
2026-05-09T14:35:27.404581+00:00,recovery_scenario,iperf_tcp,,3,,twin_core,549445,0.0,26918912,26895,1732,28627,0,0.0
2026-05-09T14:35:27.404581+00:00,recovery_scenario,iperf_tcp,,3,,ryu_controller,549433,0.0,61419520,47083,1239,48322,0,0.0
2026-05-09T14:35:27.506577+00:00,recovery_scenario,iperf_tcp,,3,,twin_core,549445,9.8,26923008,26949,1737,28686,59,578.4834
2026-05-09T14:35:27.506577+00:00,recovery_scenario,iperf_tcp,,3,,ryu_controller,549433,39.8,61419520,47094,1251,48345,23,229.0304
2026-05-09T14:35:27.607037+00:00,recovery_scenario,iperf_tcp,,3,,twin_core,549445,10.0,26923008,27053,1737,28790,104,1033.8803
2026-05-09T14:35:27.607037+00:00,recovery_scenario,iperf_tcp,,3,,ryu_controller,549433,9.9,61419520,47118,1253,48371,26,258.1356
2026-05-09T14:35:27.650860+00:00,recovery_scenario,iperf_tcp,,3,service_started,,,,,,,,,
2026-05-09T14:35:27.707730+00:00,recovery_scenario,iperf_tcp,,3,,twin_core,549445,19.9,26923008,27100,1737,28837,47,467.3126
2026-05-09T14:35:27.707730+00:00,recovery_scenario,iperf_tcp,,3,,ryu_controller,549433,49.8,61419520,47176,1254,48430,59,587.461
2026-05-09T14:35:27.808173+00:00,recovery_scenario,iperf_tcp,,3,,twin_core,549445,0.0,26923008,27101,1737,28838,1,9.9522
2026-05-09T14:35:27.808173+00:00,recovery_scenario,iperf_tcp,,3,,ryu_controller,549433,19.9,61419520,47208,1254,48462,32,318.428
2026-05-09T14:35:27.908648+00:00,recovery_scenario,iperf_tcp,,3,,twin_core,549445,0.0,26923008,27101,1737,28838,0,0.0
2026-05-09T14:35:27.908648+00:00,recovery_scenario,iperf_tcp,,3,,ryu_controller,549433,29.9,61419520,47231,1254,48485,23,228.9938
2026-05-09T14:35:28.009060+00:00,recovery_scenario,iperf_tcp,,3,,twin_core,549445,0.0,26923008,27101,1737,28838,0,0.0
2026-05-09T14:35:28.009060+00:00,recovery_scenario,iperf_tcp,,3,,ryu_controller,549433,9.9,61419520,47254,1254,48508,23,227.9894
2026-05-09T14:35:28.110008+00:00,recovery_scenario,iperf_tcp,,3,,twin_core,549445,0.0,26923008,27101,1737,28838,0,0.0
2026-05-09T14:35:28.110008+00:00,recovery_scenario,iperf_tcp,,3,,ryu_controller,549433,19.9,61419520,47288,1254,48542,34,338.0181
2026-05-09T14:35:28.210563+00:00,recovery_scenario,iperf_tcp,,3,,twin_core,549445,0.0,26923008,27101,1737,28838,0,0.0
2026-05-09T14:35:28.210563+00:00,recovery_scenario,iperf_tcp,,3,,ryu_controller,549433,9.9,61419520,47301,1254,48555,13,128.9029
2026-05-09T14:35:28.311441+00:00,recovery_scenario,iperf_tcp,,3,,twin_core,549445,0.0,26923008,27101,1737,28838,0,0.0
2026-05-09T14:35:28.311441+00:00,recovery_scenario,iperf_tcp,,3,,ryu_controller,549433,9.9,61419520,47320,1254,48574,19,188.9053
2026-05-09T14:35:28.411968+00:00,recovery_scenario,iperf_tcp,,3,,twin_core,549445,0.0,26923008,27101,1737,28838,0,0.0
2026-05-09T14:35:28.411968+00:00,recovery_scenario,iperf_tcp,,3,,ryu_controller,549433,19.9,61419520,47350,1256,48606,32,318.4137
2026-05-09T14:35:28.514221+00:00,recovery_scenario,iperf_tcp,,3,,twin_core,549445,0.0,26923008,27101,1737,28838,0,0.0
2026-05-09T14:35:28.514221+00:00,recovery_scenario,iperf_tcp,,3,,ryu_controller,549433,29.3,61419520,47373,1256,48629,23,224.9197
2026-05-09T14:35:28.614716+00:00,recovery_scenario,iperf_tcp,,3,,twin_core,549445,0.0,26923008,27101,1737,28838,0,0.0
2026-05-09T14:35:28.614716+00:00,recovery_scenario,iperf_tcp,,3,,ryu_controller,549433,19.9,61419520,47387,1256,48643,14,139.4164
2026-05-09T14:35:28.715156+00:00,recovery_scenario,iperf_tcp,,3,,twin_core,549445,0.0,26923008,27101,1737,28838,0,0.0
2026-05-09T14:35:28.715156+00:00,recovery_scenario,iperf_tcp,,3,,ryu_controller,549433,19.9,61419520,47433,1256,48689,46,457.7942
2026-05-09T14:35:28.815618+00:00,recovery_scenario,iperf_tcp,,3,,twin_core,549445,0.0,26923008,27101,1737,28838,0,0.0
2026-05-09T14:35:28.815618+00:00,recovery_scenario,iperf_tcp,,3,,ryu_controller,549433,29.9,61419520,47465,1257,48722,33,328.5076
2026-05-09T14:35:28.916140+00:00,recovery_scenario,iperf_tcp,,3,,twin_core,549445,0.0,26923008,27101,1737,28838,0,0.0
2026-05-09T14:35:28.916140+00:00,recovery_scenario,iperf_tcp,,3,,ryu_controller,549433,10.0,61419520,47479,1257,48736,14,139.32
2026-05-09T14:35:29.017618+00:00,recovery_scenario,iperf_tcp,,3,,twin_core,549445,0.0,26923008,27101,1737,28838,0,0.0
2026-05-09T14:35:29.017618+00:00,recovery_scenario,iperf_tcp,,3,,ryu_controller,549433,19.7,61419520,47504,1257,48761,25,246.3352
2026-05-09T14:35:29.118049+00:00,recovery_scenario,iperf_tcp,,3,,twin_core,549445,0.0,26923008,27101,1737,28838,0,0.0
2026-05-09T14:35:29.118049+00:00,recovery_scenario,iperf_tcp,,3,,ryu_controller,549433,10.0,61419520,47521,1257,48778,17,169.2232
2026-05-09T14:35:29.222909+00:00,recovery_scenario,iperf_tcp,,3,,twin_core,549445,0.0,26923008,27101,1737,28838,0,0.0
2026-05-09T14:35:29.222909+00:00,recovery_scenario,iperf_tcp,,3,,ryu_controller,549433,19.0,61419520,47552,1257,48809,31,295.158
2026-05-09T14:35:29.324673+00:00,recovery_scenario,iperf_tcp,,3,,twin_core,549445,0.0,26923008,27101,1737,28838,0,0.0
2026-05-09T14:35:29.324673+00:00,recovery_scenario,iperf_tcp,,3,,ryu_controller,549433,9.8,61419520,47572,1257,48829,20,196.3643
2026-05-09T14:35:29.426245+00:00,recovery_scenario,iperf_tcp,,3,,twin_core,549445,0.0,26923008,27101,1737,28838,0,0.0
2026-05-09T14:35:29.426245+00:00,recovery_scenario,iperf_tcp,,3,,ryu_controller,549433,19.7,61419520,47596,1257,48853,24,236.5141
2026-05-09T14:35:29.527440+00:00,recovery_scenario,iperf_tcp,,3,,twin_core,549445,0.0,26923008,27101,1737,28838,0,0.0
2026-05-09T14:35:29.527440+00:00,recovery_scenario,iperf_tcp,,3,,ryu_controller,549433,19.8,61419520,47619,1257,48876,23,227.7262
2026-05-09T14:35:29.630284+00:00,recovery_scenario,iperf_tcp,,3,,twin_core,549445,0.0,26923008,27101,1737,28838,0,0.0
2026-05-09T14:35:29.630284+00:00,recovery_scenario,iperf_tcp,,3,,ryu_controller,549433,9.7,61419520,47645,1257,48902,26,252.7967
2026-05-09T14:35:29.730712+00:00,recovery_scenario,iperf_tcp,,3,,twin_core,549445,10.0,26923008,27101,1737,28838,0,0.0
2026-05-09T14:35:29.730712+00:00,recovery_scenario,iperf_tcp,,3,,ryu_controller,549433,29.9,61419520,47720,1257,48977,75,746.9088
2026-05-09T14:35:29.831391+00:00,recovery_scenario,iperf_tcp,,3,,twin_core,549445,9.9,26923008,27109,1737,28846,8,79.4489
2026-05-09T14:35:29.831391+00:00,recovery_scenario,iperf_tcp,,3,,ryu_controller,549433,29.8,61419520,47776,1257,49033,56,556.2164
2026-05-09T14:35:29.931810+00:00,recovery_scenario,iperf_tcp,,3,,twin_core,549445,0.0,26923008,27112,1737,28849,3,29.8743
2026-05-09T14:35:29.931810+00:00,recovery_scenario,iperf_tcp,,3,,ryu_controller,549433,49.8,61419520,47833,1257,49090,57,567.6156
2026-05-09T14:35:30.032352+00:00,recovery_scenario,iperf_tcp,,3,,twin_core,549445,0.0,26923008,27115,1737,28852,3,29.8118
2026-05-09T14:35:30.032352+00:00,recovery_scenario,iperf_tcp,,3,,ryu_controller,549433,9.9,61419520,47867,1257,49124,34,337.7865
2026-05-09T14:35:30.133830+00:00,recovery_scenario,iperf_tcp,,3,,twin_core,549445,9.9,26923008,27115,1737,28852,0,0.0
2026-05-09T14:35:30.133830+00:00,recovery_scenario,iperf_tcp,,3,,ryu_controller,549433,9.9,61419520,47889,1257,49146,22,216.9555
2026-05-09T14:35:30.234298+00:00,recovery_scenario,iperf_tcp,,3,,twin_core,549445,0.0,26923008,27118,1737,28855,3,29.8478
2026-05-09T14:35:30.234298+00:00,recovery_scenario,iperf_tcp,,3,,ryu_controller,549433,9.9,61419520,47906,1258,49164,18,179.1349
2026-05-09T14:35:30.334818+00:00,recovery_scenario,iperf_tcp,,3,,twin_core,549445,0.0,26923008,27121,1737,28858,3,29.8561
2026-05-09T14:35:30.334818+00:00,recovery_scenario,iperf_tcp,,3,,ryu_controller,549433,10.0,61419520,47930,1258,49188,24,238.9067
2026-05-09T14:35:30.435363+00:00,recovery_scenario,iperf_tcp,,3,,twin_core,549445,0.0,26923008,27127,1737,28864,6,59.6685
2026-05-09T14:35:30.435363+00:00,recovery_scenario,iperf_tcp,,3,,ryu_controller,549433,9.9,61419520,47941,1258,49199,11,109.3765
2026-05-09T14:35:30.535793+00:00,recovery_scenario,iperf_tcp,,3,,twin_core,549445,0.0,26923008,27133,1737,28870,6,59.7358
2026-05-09T14:35:30.535793+00:00,recovery_scenario,iperf_tcp,,3,,ryu_controller,549433,10.0,61419520,47970,1258,49228,29,288.292
2026-05-09T14:35:30.637227+00:00,recovery_scenario,iperf_tcp,,3,,twin_core,549445,0.0,26923008,27136,1737,28873,3,29.5432
2026-05-09T14:35:30.637227+00:00,recovery_scenario,iperf_tcp,,3,,ryu_controller,549433,19.7,61419520,47982,1259,49241,13,127.9912
2026-05-09T14:35:30.737988+00:00,recovery_scenario,iperf_tcp,,3,,twin_core,549445,0.0,26923008,27139,1737,28876,3,29.7617
2026-05-09T14:35:30.737988+00:00,recovery_scenario,iperf_tcp,,3,,ryu_controller,549433,9.9,61419520,47994,1259,49253,12,119.2401
2026-05-09T14:35:30.839463+00:00,recovery_scenario,iperf_tcp,,3,,twin_core,549445,0.0,26923008,27142,1737,28879,3,29.6005
2026-05-09T14:35:30.839463+00:00,recovery_scenario,iperf_tcp,,3,,ryu_controller,549433,9.9,61419520,48008,1259,49267,14,138.1463
2026-05-09T14:35:30.939977+00:00,recovery_scenario,iperf_tcp,,3,,twin_core,549445,0.0,26923008,27152,1737,28889,10,99.3361
2026-05-09T14:35:30.939977+00:00,recovery_scenario,iperf_tcp,,3,,ryu_controller,549433,0.0,61419520,48023,1259,49282,15,148.9762
2026-05-09T14:35:31.041256+00:00,recovery_scenario,iperf_tcp,,3,,twin_core,549445,0.0,26923008,27155,1737,28892,3,29.68
2026-05-09T14:35:31.041256+00:00,recovery_scenario,iperf_tcp,,3,,ryu_controller,549433,9.9,61419520,48038,1259,49297,15,148.4399
2026-05-09T14:35:31.141759+00:00,recovery_scenario,iperf_tcp,,3,,twin_core,549445,0.0,26923008,27158,1737,28895,3,29.8042
2026-05-09T14:35:31.141759+00:00,recovery_scenario,iperf_tcp,,3,,ryu_controller,549433,19.9,61419520,48052,1259,49311,14,138.8607
2026-05-09T14:35:31.245526+00:00,recovery_scenario,iperf_tcp,,3,,twin_core,549445,0.0,26923008,27161,1737,28898,3,28.9434
2026-05-09T14:35:31.245526+00:00,recovery_scenario,iperf_tcp,,3,,ryu_controller,549433,0.0,61419520,48063,1259,49322,11,106.2774
2026-05-09T14:35:31.346013+00:00,recovery_scenario,iperf_tcp,,3,,twin_core,549445,0.0,26923008,27164,1737,28901,3,29.8225
2026-05-09T14:35:31.346013+00:00,recovery_scenario,iperf_tcp,,3,,ryu_controller,549433,9.9,61419520,48077,1259,49336,14,139.1195
2026-05-09T14:35:31.447984+00:00,recovery_scenario,iperf_tcp,,3,,twin_core,549445,0.0,26923008,27170,1737,28907,6,58.8826
2026-05-09T14:35:31.447984+00:00,recovery_scenario,iperf_tcp,,3,,ryu_controller,549433,0.0,61419520,48082,1259,49341,5,49.0873
2026-05-09T14:35:31.548553+00:00,recovery_scenario,iperf_tcp,,3,,twin_core,549445,9.9,26923008,27179,1737,28916,9,89.5116
2026-05-09T14:35:31.548553+00:00,recovery_scenario,iperf_tcp,,3,,ryu_controller,549433,19.9,61419520,48104,1259,49363,22,218.8105
2026-05-09T14:35:31.649028+00:00,recovery_scenario,iperf_tcp,,3,,twin_core,549445,0.0,26923008,27185,1737,28922,6,59.7265
2026-05-09T14:35:31.649028+00:00,recovery_scenario,iperf_tcp,,3,,ryu_controller,549433,10.0,61419520,48121,1259,49380,17,169.2315
2026-05-09T14:35:31.749491+00:00,recovery_scenario,iperf_tcp,,3,,twin_core,549445,0.0,26923008,27190,1737,28927,5,49.7919
2026-05-09T14:35:31.749491+00:00,recovery_scenario,iperf_tcp,,3,,ryu_controller,549433,0.0,61419520,48131,1259,49390,10,99.4287
2026-05-09T14:35:31.851276+00:00,recovery_scenario,iperf_tcp,,3,,twin_core,549445,9.8,26923008,27196,1737,28933,6,58.9327
2026-05-09T14:35:31.851276+00:00,recovery_scenario,iperf_tcp,,3,,ryu_controller,549433,68.8,61419520,48179,1260,49439,49,482.068
2026-05-09T14:35:31.951709+00:00,recovery_scenario,iperf_tcp,,3,,twin_core,549445,0.0,26923008,27204,1737,28941,8,79.6623
2026-05-09T14:35:31.951709+00:00,recovery_scenario,iperf_tcp,,3,,ryu_controller,549433,59.7,61419520,48216,1260,49476,37,368.4342
2026-05-09T14:35:32.052151+00:00,recovery_scenario,iperf_tcp,,3,,twin_core,549445,0.0,26923008,27207,1737,28944,3,29.8659
2026-05-09T14:35:32.052151+00:00,recovery_scenario,iperf_tcp,,3,,ryu_controller,549433,19.9,61419520,48237,1260,49497,21,209.0511
2026-05-09T14:35:32.152594+00:00,recovery_scenario,iperf_tcp,,3,,twin_core,549445,0.0,26923008,27207,1737,28944,0,0.0
2026-05-09T14:35:32.152594+00:00,recovery_scenario,iperf_tcp,,3,,ryu_controller,549433,0.0,61419520,48246,1260,49506,9,89.5961
2026-05-09T14:35:32.253135+00:00,recovery_scenario,iperf_tcp,,3,,twin_core,549445,0.0,26923008,27214,1737,28951,7,69.5902
2026-05-09T14:35:32.253135+00:00,recovery_scenario,iperf_tcp,,3,,ryu_controller,549433,9.9,61419520,48248,1260,49508,2,19.8806
2026-05-09T14:35:32.353653+00:00,recovery_scenario,iperf_tcp,,3,,twin_core,549445,0.0,26923008,27220,1737,28957,6,59.7176
2026-05-09T14:35:32.353653+00:00,recovery_scenario,iperf_tcp,,3,,ryu_controller,549433,0.0,61419520,48252,1260,49512,4,39.8183
2026-05-09T14:35:32.454098+00:00,recovery_scenario,iperf_tcp,,3,,twin_core,549445,0.0,26923008,27228,1738,28966,9,89.4227
2026-05-09T14:35:32.454098+00:00,recovery_scenario,iperf_tcp,,3,,ryu_controller,549433,9.9,61419520,48270,1260,49530,18,178.8012
2026-05-09T14:35:32.557442+00:00,recovery_scenario,iperf_tcp,,3,,twin_core,549445,0.0,26923008,27228,1738,28966,0,0.0
2026-05-09T14:35:32.557442+00:00,recovery_scenario,iperf_tcp,,3,,ryu_controller,549433,9.7,61419520,48293,1260,49553,23,223.0752
2026-05-09T14:35:32.658794+00:00,recovery_scenario,iperf_tcp,,3,,twin_core,549445,9.9,26923008,27231,1738,28969,3,29.5891
2026-05-09T14:35:32.658794+00:00,recovery_scenario,iperf_tcp,,3,,ryu_controller,549433,9.9,61419520,48303,1260,49563,10,98.5816
2026-05-09T14:35:32.759341+00:00,recovery_scenario,iperf_tcp,,3,,twin_core,549445,9.9,26923008,27240,1738,28978,9,89.5465
2026-05-09T14:35:32.759341+00:00,recovery_scenario,iperf_tcp,,3,,ryu_controller,549433,0.0,61419520,48317,1260,49577,14,139.2094
2026-05-09T14:35:32.859887+00:00,recovery_scenario,iperf_tcp,,3,,twin_core,549445,0.0,26923008,27249,1739,28988,10,99.4272
2026-05-09T14:35:32.859887+00:00,recovery_scenario,iperf_tcp,,3,,ryu_controller,549433,29.8,61419520,48349,1260,49609,32,318.144
2026-05-09T14:35:32.964658+00:00,recovery_scenario,iperf_tcp,,3,,twin_core,549445,0.0,26923008,27249,1739,28988,0,0.0
2026-05-09T14:35:32.964658+00:00,recovery_scenario,iperf_tcp,,3,,ryu_controller,549433,19.1,61419520,48392,1260,49652,43,410.6275
2026-05-09T14:35:33.067270+00:00,recovery_scenario,iperf_tcp,,3,,twin_core,549445,0.0,26923008,27253,1739,28992,4,38.9803
2026-05-09T14:35:33.067270+00:00,recovery_scenario,iperf_tcp,,3,,ryu_controller,549433,0.0,61419520,48396,1260,49656,4,38.8943
2026-05-09T14:35:33.168067+00:00,recovery_scenario,iperf_tcp,,3,,twin_core,549445,0.0,26923008,27266,1739,29005,13,128.987
2026-05-09T14:35:33.168067+00:00,recovery_scenario,iperf_tcp,,3,,ryu_controller,549433,0.0,61419520,48399,1260,49659,3,29.8381
2026-05-09T14:35:33.268601+00:00,recovery_scenario,iperf_tcp,,3,,twin_core,549445,0.0,26923008,27269,1739,29008,3,29.8314
2026-05-09T14:35:33.268601+00:00,recovery_scenario,iperf_tcp,,3,,ryu_controller,549433,0.0,61419520,48402,1260,49662,3,29.7514
2026-05-09T14:35:33.374206+00:00,recovery_scenario,iperf_tcp,,3,,twin_core,549445,0.0,26923008,27272,1739,29011,3,28.4132
2026-05-09T14:35:33.374206+00:00,recovery_scenario,iperf_tcp,,3,,ryu_controller,549433,0.0,61419520,48404,1260,49664,2,18.9853
2026-05-09T14:35:33.472240+00:00,recovery_scenario,iperf_tcp,,3,pingall_completed,,,,,,,,,
2026-05-09T14:35:33.476770+00:00,recovery_scenario,iperf_tcp,,3,,twin_core,549445,0.0,26923008,27284,1739,29023,12,117.0932
2026-05-09T14:35:33.476770+00:00,recovery_scenario,iperf_tcp,,3,,ryu_controller,549433,19.5,61419520,48430,1260,49690,26,243.7405
2026-05-09T14:35:33.584936+00:00,recovery_scenario,iperf_tcp,,3,,twin_core,549445,0.0,26923008,27287,1740,29027,4,36.9327
2026-05-09T14:35:33.584936+00:00,recovery_scenario,iperf_tcp,,3,,ryu_controller,549433,0.0,61419520,48434,1260,49694,4,38.3667
2026-05-09T14:35:33.689261+00:00,recovery_scenario,iperf_tcp,,3,,twin_core,549445,0.0,26923008,27287,1740,29027,0,0.0
2026-05-09T14:35:33.689261+00:00,recovery_scenario,iperf_tcp,,3,,ryu_controller,549433,0.0,61419520,48436,1260,49696,2,19.1354
2026-05-09T14:35:33.792429+00:00,recovery_scenario,iperf_tcp,,3,,twin_core,549445,0.0,26923008,27287,1740,29027,0,0.0
2026-05-09T14:35:33.792429+00:00,recovery_scenario,iperf_tcp,,3,,ryu_controller,549433,9.5,61419520,48440,1260,49700,4,38.0832
2026-05-09T14:35:33.895423+00:00,recovery_scenario,iperf_tcp,,3,,twin_core,549445,19.7,26923008,27287,1740,29027,0,0.0
2026-05-09T14:35:33.895423+00:00,recovery_scenario,iperf_tcp,,3,,ryu_controller,549433,69.3,61419520,48480,1260,49740,40,397.2241
2026-05-09T14:35:33.995921+00:00,recovery_scenario,iperf_tcp,,3,,twin_core,549445,0.0,26923008,27287,1740,29027,0,0.0
2026-05-09T14:35:33.995921+00:00,recovery_scenario,iperf_tcp,,3,,ryu_controller,549433,59.7,61419520,48524,1260,49784,44,437.7469
2026-05-09T14:35:34.100999+00:00,recovery_scenario,iperf_tcp,,3,,twin_core,549445,0.0,26923008,27287,1740,29027,0,0.0
2026-05-09T14:35:34.100999+00:00,recovery_scenario,iperf_tcp,,3,,ryu_controller,549433,47.6,61440000,48553,1260,49813,29,275.943
2026-05-09T14:35:34.202134+00:00,recovery_scenario,iperf_tcp,,3,,twin_core,549445,0.0,26923008,27287,1740,29027,0,0.0
2026-05-09T14:35:34.202134+00:00,recovery_scenario,iperf_tcp,,3,,ryu_controller,549433,0.0,61440000,48557,1260,49817,4,39.568
2026-05-09T14:35:34.306163+00:00,recovery_scenario,iperf_tcp,,3,,twin_core,549445,0.0,26923008,27287,1740,29027,0,0.0
2026-05-09T14:35:34.306163+00:00,recovery_scenario,iperf_tcp,,3,,ryu_controller,549433,0.0,61440000,48560,1260,49820,3,28.8121
2026-05-09T14:35:34.406791+00:00,recovery_scenario,iperf_tcp,,3,,twin_core,549445,0.0,26923008,27287,1740,29027,0,0.0
2026-05-09T14:35:34.406791+00:00,recovery_scenario,iperf_tcp,,3,,ryu_controller,549433,0.0,61440000,48563,1260,49823,3,29.7447
2026-05-09T14:35:34.507706+00:00,recovery_scenario,iperf_tcp,,3,,twin_core,549445,9.9,26923008,27292,1741,29033,6,59.5196
2026-05-09T14:35:34.507706+00:00,recovery_scenario,iperf_tcp,,3,,ryu_controller,549433,0.0,61440000,48566,1260,49826,3,29.731
2026-05-09T14:35:34.609238+00:00,recovery_scenario,iperf_tcp,,3,,twin_core,549445,0.0,26923008,27292,1741,29033,0,0.0
2026-05-09T14:35:34.609238+00:00,recovery_scenario,iperf_tcp,,3,,ryu_controller,549433,9.9,61440000,48570,1260,49830,4,39.5125
2026-05-09T14:35:34.709783+00:00,recovery_scenario,iperf_tcp,,3,,twin_core,549445,0.0,26923008,27292,1741,29033,0,0.0
2026-05-09T14:35:34.709783+00:00,recovery_scenario,iperf_tcp,,3,,ryu_controller,549433,0.0,61440000,48572,1260,49832,2,19.8732
2026-05-09T14:35:34.810598+00:00,recovery_scenario,iperf_tcp,,3,,twin_core,549445,0.0,26923008,27292,1741,29033,0,0.0
2026-05-09T14:35:34.810598+00:00,recovery_scenario,iperf_tcp,,3,,ryu_controller,549433,0.0,61440000,48575,1260,49835,3,29.7923
2026-05-09T14:35:34.911090+00:00,recovery_scenario,iperf_tcp,,3,,twin_core,549445,0.0,26923008,27292,1741,29033,0,0.0
2026-05-09T14:35:34.911090+00:00,recovery_scenario,iperf_tcp,,3,,ryu_controller,549433,0.0,61440000,48596,1260,49856,21,208.6458
2026-05-09T14:35:35.011736+00:00,recovery_scenario,iperf_tcp,,3,,twin_core,549445,0.0,26923008,27292,1741,29033,0,0.0
2026-05-09T14:35:35.011736+00:00,recovery_scenario,iperf_tcp,,3,,ryu_controller,549433,0.0,61440000,48619,1260,49879,23,226.4719
2026-05-09T14:35:35.113437+00:00,recovery_scenario,iperf_tcp,,3,,twin_core,549445,0.0,26923008,27292,1741,29033,0,0.0
2026-05-09T14:35:35.113437+00:00,recovery_scenario,iperf_tcp,,3,,ryu_controller,549433,0.0,61440000,48628,1260,49888,9,89.4587
2026-05-09T14:35:35.213908+00:00,recovery_scenario,iperf_tcp,,3,,twin_core,549445,0.0,26923008,27292,1741,29033,0,0.0
2026-05-09T14:35:35.213908+00:00,recovery_scenario,iperf_tcp,,3,,ryu_controller,549433,0.0,61440000,48631,1260,49891,3,29.8283
2026-05-09T14:35:35.314476+00:00,recovery_scenario,iperf_tcp,,3,,twin_core,549445,0.0,26923008,27292,1741,29033,0,0.0
2026-05-09T14:35:35.314476+00:00,recovery_scenario,iperf_tcp,,3,,ryu_controller,549433,9.9,61440000,48636,1260,49896,5,49.6365
2026-05-09T14:35:35.415322+00:00,recovery_scenario,iperf_tcp,,3,,twin_core,549445,0.0,26923008,27292,1741,29033,0,0.0
2026-05-09T14:35:35.415322+00:00,recovery_scenario,iperf_tcp,,3,,ryu_controller,549433,0.0,61440000,48639,1260,49899,3,29.7778
2026-05-09T14:35:35.487358+00:00,recovery_scenario,iperf_tcp,,3,background_traffic_started,,,,,,,,,
2026-05-09T14:35:35.516001+00:00,recovery_scenario,iperf_tcp,,3,,twin_core,549445,9.9,26923008,27299,1742,29041,8,79.5227
2026-05-09T14:35:35.516001+00:00,recovery_scenario,iperf_tcp,,3,,ryu_controller,549433,0.0,61440000,48658,1260,49918,19,188.9026
2026-05-09T14:35:35.616487+00:00,recovery_scenario,iperf_tcp,,3,,twin_core,549445,0.0,26923008,27341,1742,29083,42,417.7949
2026-05-09T14:35:35.616487+00:00,recovery_scenario,iperf_tcp,,3,,ryu_controller,549433,0.0,61440000,48677,1260,49937,19,188.8333
2026-05-09T14:35:35.685305+00:00,recovery_scenario,iperf_tcp,,3,fault_injected,,,,,,,,,
2026-05-09T14:35:35.717404+00:00,recovery_scenario,iperf_tcp,,3,,twin_core,549445,9.9,26923008,27370,1742,29112,29,287.071
2026-05-09T14:35:35.717404+00:00,recovery_scenario,iperf_tcp,,3,,ryu_controller,549433,29.7,61440000,48688,1266,49954,17,168.3695
2026-05-09T14:35:35.818234+00:00,recovery_scenario,iperf_tcp,,3,,twin_core,549445,0.0,26923008,27370,1742,29112,0,0.0
2026-05-09T14:35:35.818234+00:00,recovery_scenario,iperf_tcp,,3,,ryu_controller,549433,49.7,61440000,48704,1266,49970,16,159.1317
2026-05-09T14:35:35.918778+00:00,recovery_scenario,iperf_tcp,,3,,twin_core,549445,0.0,26923008,27424,1749,29173,61,606.7428
2026-05-09T14:35:35.918778+00:00,recovery_scenario,iperf_tcp,,3,,ryu_controller,549433,99.5,61440000,48704,1270,49974,4,39.7832
2026-05-09T14:35:36.019467+00:00,recovery_scenario,iperf_tcp,,3,,twin_core,549445,9.9,26923008,27468,1755,29223,50,496.1638
2026-05-09T14:35:36.019467+00:00,recovery_scenario,iperf_tcp,,3,,ryu_controller,549433,99.2,61440000,48704,1272,49976,2,19.8293
2026-05-09T14:35:36.120098+00:00,recovery_scenario,iperf_tcp,,3,,twin_core,549445,0.0,26923008,27509,1758,29267,44,437.0592
2026-05-09T14:35:36.120098+00:00,recovery_scenario,iperf_tcp,,3,,ryu_controller,549433,99.3,61448192,48704,1274,49978,2,19.8847
2026-05-09T14:35:36.220699+00:00,recovery_scenario,iperf_tcp,,3,,twin_core,549445,10.0,26923008,27517,1768,29285,18,179.1194
2026-05-09T14:35:36.220699+00:00,recovery_scenario,iperf_tcp,,3,,ryu_controller,549433,99.5,61456384,48704,1276,49980,2,19.8872
2026-05-09T14:35:36.321329+00:00,recovery_scenario,iperf_tcp,,3,,twin_core,549445,0.0,26923008,27517,1768,29285,0,0.0
2026-05-09T14:35:36.321329+00:00,recovery_scenario,iperf_tcp,,3,,ryu_controller,549433,109.4,61456384,48704,1276,49980,0,0.0
2026-05-09T14:35:36.421737+00:00,recovery_scenario,iperf_tcp,,3,,twin_core,549445,0.0,26923008,27517,1768,29285,0,0.0
2026-05-09T14:35:36.421737+00:00,recovery_scenario,iperf_tcp,,3,,ryu_controller,549433,89.6,61456384,48704,1276,49980,0,0.0
2026-05-09T14:35:36.524838+00:00,recovery_scenario,iperf_tcp,,3,,twin_core,549445,0.0,26923008,27517,1768,29285,0,0.0
2026-05-09T14:35:36.524838+00:00,recovery_scenario,iperf_tcp,,3,,ryu_controller,549433,96.9,61456384,48704,1277,49981,1,9.6931
2026-05-09T14:35:36.625366+00:00,recovery_scenario,iperf_tcp,,3,,twin_core,549445,9.9,26923008,27517,1768,29285,0,0.0
2026-05-09T14:35:36.625366+00:00,recovery_scenario,iperf_tcp,,3,,ryu_controller,549433,99.2,61456384,48704,1278,49982,1,9.8907
2026-05-09T14:35:36.726533+00:00,recovery_scenario,iperf_tcp,,3,,twin_core,549445,9.9,26923008,27518,1768,29286,1,9.8878
2026-05-09T14:35:36.726533+00:00,recovery_scenario,iperf_tcp,,3,,ryu_controller,549433,59.5,61456384,48711,1278,49989,7,69.6104
2026-05-09T14:35:36.827062+00:00,recovery_scenario,iperf_tcp,,3,,twin_core,549445,0.0,26923008,27518,1768,29286,0,0.0
2026-05-09T14:35:36.827062+00:00,recovery_scenario,iperf_tcp,,3,,ryu_controller,549433,9.9,61456384,48736,1278,50014,25,248.5839
2026-05-09T14:35:36.927614+00:00,recovery_scenario,iperf_tcp,,3,,twin_core,549445,0.0,26923008,27518,1768,29286,0,0.0
2026-05-09T14:35:36.927614+00:00,recovery_scenario,iperf_tcp,,3,,ryu_controller,549433,0.0,61456384,48761,1278,50039,25,246.8131
2026-05-09T14:35:37.028903+00:00,recovery_scenario,iperf_tcp,,3,,twin_core,549445,0.0,26923008,27518,1768,29286,0,0.0
2026-05-09T14:35:37.028903+00:00,recovery_scenario,iperf_tcp,,3,,ryu_controller,549433,9.9,61456384,48787,1278,50065,26,258.432
2026-05-09T14:35:37.129755+00:00,recovery_scenario,iperf_tcp,,3,,twin_core,549445,0.0,26923008,27518,1768,29286,0,0.0
2026-05-09T14:35:37.129755+00:00,recovery_scenario,iperf_tcp,,3,,ryu_controller,549433,9.9,61456384,48807,1278,50085,20,197.3502
2026-05-09T14:35:37.141485+00:00,recovery_scenario,iperf_tcp,,3,recovery_requested,,,,,,,,,
2026-05-09T14:35:37.231101+00:00,recovery_scenario,iperf_tcp,,3,,twin_core,549445,9.9,26923008,27552,1769,29321,35,345.7038
2026-05-09T14:35:37.231101+00:00,recovery_scenario,iperf_tcp,,3,,ryu_controller,549433,29.6,61456384,48824,1280,50104,19,188.0547
2026-05-09T14:35:37.331945+00:00,recovery_scenario,iperf_tcp,,3,,twin_core,549445,0.0,26923008,27598,1777,29375,54,536.3315
2026-05-09T14:35:37.331945+00:00,recovery_scenario,iperf_tcp,,3,,ryu_controller,549433,99.3,61456384,48824,1309,50133,29,287.9952
2026-05-09T14:35:37.432576+00:00,recovery_scenario,iperf_tcp,,3,,twin_core,549445,0.0,26923008,27637,1778,29415,40,397.4765
2026-05-09T14:35:37.432576+00:00,recovery_scenario,iperf_tcp,,3,,ryu_controller,549433,99.6,61456384,48824,1316,50140,7,69.7083
2026-05-09T14:35:37.532985+00:00,recovery_scenario,iperf_tcp,,3,,twin_core,549445,10.0,26923008,27650,1784,29434,19,188.9778
2026-05-09T14:35:37.532985+00:00,recovery_scenario,iperf_tcp,,3,,ryu_controller,549433,89.5,61456384,48824,1319,50143,3,29.8296
2026-05-09T14:35:37.633597+00:00,recovery_scenario,iperf_tcp,,3,,twin_core,549445,0.0,26923008,27650,1784,29434,0,0.0
2026-05-09T14:35:37.633597+00:00,recovery_scenario,iperf_tcp,,3,,ryu_controller,549433,109.3,61456384,48824,1320,50144,1,9.9413
2026-05-09T14:35:37.734512+00:00,recovery_scenario,iperf_tcp,,3,,twin_core,549445,0.0,26923008,27650,1784,29434,0,0.0
2026-05-09T14:35:37.734512+00:00,recovery_scenario,iperf_tcp,,3,,ryu_controller,549433,99.0,61456384,48824,1320,50144,0,0.0
2026-05-09T14:35:37.835410+00:00,recovery_scenario,iperf_tcp,,3,,twin_core,549445,0.0,26923008,27650,1784,29434,0,0.0
2026-05-09T14:35:37.835410+00:00,recovery_scenario,iperf_tcp,,3,,ryu_controller,549433,88.7,61456384,48824,1321,50145,1,9.861
2026-05-09T14:35:37.936859+00:00,recovery_scenario,iperf_tcp,,3,,twin_core,549445,0.0,26923008,27650,1784,29434,0,0.0
2026-05-09T14:35:37.936859+00:00,recovery_scenario,iperf_tcp,,3,,ryu_controller,549433,109.3,61456384,48824,1321,50145,0,0.0
2026-05-09T14:35:38.037529+00:00,recovery_scenario,iperf_tcp,,3,,twin_core,549445,0.0,26923008,27651,1784,29435,1,9.9322
2026-05-09T14:35:38.037529+00:00,recovery_scenario,iperf_tcp,,3,,ryu_controller,549433,99.3,61456384,48824,1322,50146,1,9.9484
2026-05-09T14:35:38.138164+00:00,recovery_scenario,iperf_tcp,,3,,twin_core,549445,0.0,26923008,27651,1784,29435,0,0.0
2026-05-09T14:35:38.138164+00:00,recovery_scenario,iperf_tcp,,3,,ryu_controller,549433,69.4,61456384,48830,1322,50152,6,59.4751
2026-05-09T14:35:38.238866+00:00,recovery_scenario,iperf_tcp,,3,,twin_core,549445,0.0,26923008,27651,1784,29435,0,0.0
2026-05-09T14:35:38.238866+00:00,recovery_scenario,iperf_tcp,,3,,ryu_controller,549433,9.9,61456384,48839,1322,50161,9,89.3344
2026-05-09T14:35:38.339572+00:00,recovery_scenario,iperf_tcp,,3,,twin_core,549445,0.0,26923008,27651,1784,29435,0,0.0
2026-05-09T14:35:38.339572+00:00,recovery_scenario,iperf_tcp,,3,,ryu_controller,549433,0.0,61456384,48846,1323,50169,8,79.609
2026-05-09T14:35:38.440235+00:00,recovery_scenario,iperf_tcp,,3,,twin_core,549445,0.0,26923008,27651,1784,29435,0,0.0
2026-05-09T14:35:38.440235+00:00,recovery_scenario,iperf_tcp,,3,,ryu_controller,549433,0.0,61456384,48874,1323,50197,28,277.9813
2026-05-09T14:35:38.540964+00:00,recovery_scenario,iperf_tcp,,3,,twin_core,549445,9.9,26923008,27652,1784,29436,1,9.9216
2026-05-09T14:35:38.540964+00:00,recovery_scenario,iperf_tcp,,3,,ryu_controller,549433,9.9,61456384,48879,1323,50202,5,49.5448
2026-05-09T14:35:38.641851+00:00,recovery_scenario,iperf_tcp,,3,,twin_core,549445,0.0,26923008,27652,1784,29436,0,0.0
2026-05-09T14:35:38.641851+00:00,recovery_scenario,iperf_tcp,,3,,ryu_controller,549433,0.0,61456384,48883,1323,50206,4,39.6827
2026-05-09T14:35:38.743481+00:00,recovery_scenario,iperf_tcp,,3,,twin_core,549445,9.8,26923008,27652,1784,29436,0,0.0
2026-05-09T14:35:38.743481+00:00,recovery_scenario,iperf_tcp,,3,,ryu_controller,549433,78.5,61456384,48901,1324,50225,19,186.4161
2026-05-09T14:35:38.844524+00:00,recovery_scenario,iperf_tcp,,3,,twin_core,549445,19.8,26923008,27652,1784,29436,0,0.0
2026-05-09T14:35:38.844524+00:00,recovery_scenario,iperf_tcp,,3,,ryu_controller,549433,58.8,61456384,48918,1325,50243,18,176.2895
2026-05-09T14:35:38.946757+00:00,recovery_scenario,iperf_tcp,,3,,twin_core,549445,0.0,26923008,27652,1784,29436,0,0.0
2026-05-09T14:35:38.946757+00:00,recovery_scenario,iperf_tcp,,3,,ryu_controller,549433,0.0,61456384,48953,1325,50278,35,346.5142
2026-05-09T14:35:38.971590+00:00,recovery_scenario,iperf_tcp,,3,scenario_teardown,,,,,,,,,
2026-05-09T14:35:39.047559+00:00,recovery_scenario,iperf_tcp,,3,,twin_core,549445,0.0,26923008,27666,1787,29453,17,169.0364
2026-05-09T14:35:39.047559+00:00,recovery_scenario,iperf_tcp,,3,,ryu_controller,549433,9.9,61456384,48983,1326,50309,31,308.2983
2026-05-09T14:35:39.148202+00:00,recovery_scenario,iperf_tcp,,3,,twin_core,549445,0.0,26923008,27688,1789,29477,24,238.6801
2026-05-09T14:35:39.148202+00:00,recovery_scenario,iperf_tcp,,3,,ryu_controller,549433,19.9,61456384,48991,1345,50336,27,268.5953
2026-05-09T14:35:39.248655+00:00,recovery_scenario,iperf_tcp,,3,,twin_core,549445,10.0,26923008,27706,1790,29496,19,189.1343
2026-05-09T14:35:39.248655+00:00,recovery_scenario,iperf_tcp,,3,,ryu_controller,549433,10.0,61456384,48996,1348,50344,8,79.6326
2026-05-09T14:35:39.349463+00:00,recovery_scenario,iperf_tcp,,3,,twin_core,549445,0.0,26923008,27706,1790,29496,0,0.0
2026-05-09T14:35:39.349463+00:00,recovery_scenario,iperf_tcp,,3,,ryu_controller,549433,9.8,61456384,49001,1349,50350,6,58.9548
2026-05-09T14:35:39.450985+00:00,recovery_scenario,iperf_tcp,,3,,twin_core,549445,0.0,26923008,27706,1790,29496,0,0.0
2026-05-09T14:35:39.450985+00:00,recovery_scenario,iperf_tcp,,3,,ryu_controller,549433,0.0,61456384,49008,1350,50358,8,79.5521
2026-05-09T14:35:39.953934+00:00,recovery_scenario,iperf_tcp,,4,,twin_core,549445,0.0,26927104,28101,1861,29962,0,0.0
2026-05-09T14:35:39.953934+00:00,recovery_scenario,iperf_tcp,,4,,ryu_controller,549433,0.0,61456384,49052,1350,50402,0,0.0
2026-05-09T14:35:40.055838+00:00,recovery_scenario,iperf_tcp,,4,,twin_core,549445,0.0,26927104,28164,1883,30047,85,834.0079
2026-05-09T14:35:40.055838+00:00,recovery_scenario,iperf_tcp,,4,,ryu_controller,549433,39.7,61456384,49066,1377,50443,41,406.6786
2026-05-09T14:35:40.156482+00:00,recovery_scenario,iperf_tcp,,4,,twin_core,549445,9.9,26927104,28227,1884,30111,64,635.7766
2026-05-09T14:35:40.156482+00:00,recovery_scenario,iperf_tcp,,4,,ryu_controller,549433,19.9,61456384,49085,1380,50465,22,218.8825
2026-05-09T14:35:40.235443+00:00,recovery_scenario,iperf_tcp,,4,service_started,,,,,,,,,
2026-05-09T14:35:40.257033+00:00,recovery_scenario,iperf_tcp,,4,,twin_core,549445,19.9,26927104,28308,1885,30193,82,814.5679
2026-05-09T14:35:40.257033+00:00,recovery_scenario,iperf_tcp,,4,,ryu_controller,549433,39.7,61456384,49126,1382,50508,43,427.138
2026-05-09T14:35:40.359367+00:00,recovery_scenario,iperf_tcp,,4,,twin_core,549445,0.0,26927104,28309,1885,30194,1,9.7628
2026-05-09T14:35:40.359367+00:00,recovery_scenario,iperf_tcp,,4,,ryu_controller,549433,48.8,61456384,49171,1382,50553,45,439.2844
2026-05-09T14:35:40.460264+00:00,recovery_scenario,iperf_tcp,,4,,twin_core,549445,0.0,26927104,28309,1885,30194,0,0.0
2026-05-09T14:35:40.460264+00:00,recovery_scenario,iperf_tcp,,4,,ryu_controller,549433,19.8,61456384,49193,1382,50575,22,218.2367
2026-05-09T14:35:40.562722+00:00,recovery_scenario,iperf_tcp,,4,,twin_core,549445,0.0,26927104,28309,1885,30194,0,0.0
2026-05-09T14:35:40.562722+00:00,recovery_scenario,iperf_tcp,,4,,ryu_controller,549433,9.8,61456384,49218,1382,50600,25,243.8869
2026-05-09T14:35:40.663400+00:00,recovery_scenario,iperf_tcp,,4,,twin_core,549445,0.0,26927104,28309,1885,30194,0,0.0
2026-05-09T14:35:40.663400+00:00,recovery_scenario,iperf_tcp,,4,,ryu_controller,549433,19.9,61456384,49244,1382,50626,26,258.639
2026-05-09T14:35:40.763915+00:00,recovery_scenario,iperf_tcp,,4,,twin_core,549445,0.0,26927104,28309,1885,30194,0,0.0
2026-05-09T14:35:40.763915+00:00,recovery_scenario,iperf_tcp,,4,,ryu_controller,549433,19.9,61456384,49277,1382,50659,33,328.1865
2026-05-09T14:35:40.864448+00:00,recovery_scenario,iperf_tcp,,4,,twin_core,549445,0.0,26927104,28309,1885,30194,0,0.0
2026-05-09T14:35:40.864448+00:00,recovery_scenario,iperf_tcp,,4,,ryu_controller,549433,29.8,61456384,49344,1382,50726,67,666.7104
2026-05-09T14:35:40.964976+00:00,recovery_scenario,iperf_tcp,,4,,twin_core,549445,10.0,26927104,28309,1885,30194,0,0.0
2026-05-09T14:35:40.964976+00:00,recovery_scenario,iperf_tcp,,4,,ryu_controller,549433,9.9,61456384,49361,1382,50743,17,168.9398
2026-05-09T14:35:41.065562+00:00,recovery_scenario,iperf_tcp,,4,,twin_core,549445,0.0,26927104,28309,1885,30194,0,0.0
2026-05-09T14:35:41.065562+00:00,recovery_scenario,iperf_tcp,,4,,ryu_controller,549433,19.9,61456384,49389,1382,50771,28,278.8629
2026-05-09T14:35:41.165975+00:00,recovery_scenario,iperf_tcp,,4,,twin_core,549445,0.0,26927104,28309,1885,30194,0,0.0
2026-05-09T14:35:41.165975+00:00,recovery_scenario,iperf_tcp,,4,,ryu_controller,549433,19.9,61456384,49418,1382,50800,29,288.3398
2026-05-09T14:35:41.266544+00:00,recovery_scenario,iperf_tcp,,4,,twin_core,549445,0.0,26927104,28309,1885,30194,0,0.0
2026-05-09T14:35:41.266544+00:00,recovery_scenario,iperf_tcp,,4,,ryu_controller,549433,29.9,61456384,49451,1382,50833,33,328.6789
2026-05-09T14:35:41.367034+00:00,recovery_scenario,iperf_tcp,,4,,twin_core,549445,0.0,26927104,28309,1885,30194,0,0.0
2026-05-09T14:35:41.367034+00:00,recovery_scenario,iperf_tcp,,4,,ryu_controller,549433,19.8,61456384,49483,1382,50865,32,317.3327
2026-05-09T14:35:41.467798+00:00,recovery_scenario,iperf_tcp,,4,,twin_core,549445,0.0,26927104,28309,1885,30194,0,0.0
2026-05-09T14:35:41.467798+00:00,recovery_scenario,iperf_tcp,,4,,ryu_controller,549433,10.0,61456384,49505,1382,50887,22,219.0507
2026-05-09T14:35:41.568298+00:00,recovery_scenario,iperf_tcp,,4,,twin_core,549445,0.0,26927104,28309,1885,30194,0,0.0
2026-05-09T14:35:41.568298+00:00,recovery_scenario,iperf_tcp,,4,,ryu_controller,549433,39.8,61456384,49537,1382,50919,32,318.475
2026-05-09T14:35:41.668737+00:00,recovery_scenario,iperf_tcp,,4,,twin_core,549445,0.0,26927104,28309,1885,30194,0,0.0
2026-05-09T14:35:41.668737+00:00,recovery_scenario,iperf_tcp,,4,,ryu_controller,549433,29.9,61456384,49580,1383,50963,44,438.0845
2026-05-09T14:35:41.773008+00:00,recovery_scenario,iperf_tcp,,4,,twin_core,549445,0.0,26927104,28309,1885,30194,0,0.0
2026-05-09T14:35:41.773008+00:00,recovery_scenario,iperf_tcp,,4,,ryu_controller,549433,0.0,61456384,49596,1383,50979,16,153.2205
2026-05-09T14:35:41.873576+00:00,recovery_scenario,iperf_tcp,,4,,twin_core,549445,0.0,26927104,28309,1885,30194,0,0.0
2026-05-09T14:35:41.873576+00:00,recovery_scenario,iperf_tcp,,4,,ryu_controller,549433,19.9,61456384,49634,1384,51018,39,388.3505
2026-05-09T14:35:41.975023+00:00,recovery_scenario,iperf_tcp,,4,,twin_core,549445,0.0,26927104,28309,1885,30194,0,0.0
2026-05-09T14:35:41.975023+00:00,recovery_scenario,iperf_tcp,,4,,ryu_controller,549433,9.8,61456384,49655,1384,51039,21,206.7784
2026-05-09T14:35:42.075538+00:00,recovery_scenario,iperf_tcp,,4,,twin_core,549445,0.0,26927104,28309,1885,30194,0,0.0
2026-05-09T14:35:42.075538+00:00,recovery_scenario,iperf_tcp,,4,,ryu_controller,549433,10.0,61456384,49680,1384,51064,25,249.0157
2026-05-09T14:35:42.175990+00:00,recovery_scenario,iperf_tcp,,4,,twin_core,549445,0.0,26927104,28309,1885,30194,0,0.0
2026-05-09T14:35:42.175990+00:00,recovery_scenario,iperf_tcp,,4,,ryu_controller,549433,0.0,61456384,49699,1384,51083,19,188.9069
2026-05-09T14:35:42.276558+00:00,recovery_scenario,iperf_tcp,,4,,twin_core,549445,0.0,26927104,28309,1885,30194,0,0.0
2026-05-09T14:35:42.276558+00:00,recovery_scenario,iperf_tcp,,4,,ryu_controller,549433,19.9,61456384,49726,1384,51110,27,268.7987
2026-05-09T14:35:42.377910+00:00,recovery_scenario,iperf_tcp,,4,,twin_core,549445,9.9,26927104,28311,1885,30196,2,19.7306
2026-05-09T14:35:42.377910+00:00,recovery_scenario,iperf_tcp,,4,,ryu_controller,549433,39.4,61456384,49791,1384,51175,65,640.5537
2026-05-09T14:35:42.478465+00:00,recovery_scenario,iperf_tcp,,4,,twin_core,549445,9.9,26927104,28317,1885,30202,6,59.6498
2026-05-09T14:35:42.478465+00:00,recovery_scenario,iperf_tcp,,4,,ryu_controller,549433,19.9,61456384,49815,1384,51199,24,238.8288
2026-05-09T14:35:42.580929+00:00,recovery_scenario,iperf_tcp,,4,,twin_core,549445,0.0,26927104,28320,1885,30205,3,29.2895
2026-05-09T14:35:42.580929+00:00,recovery_scenario,iperf_tcp,,4,,ryu_controller,549433,9.7,61456384,49836,1384,51220,21,204.6405
2026-05-09T14:35:42.683244+00:00,recovery_scenario,iperf_tcp,,4,,twin_core,549445,0.0,26927104,28323,1885,30208,3,29.3062
2026-05-09T14:35:42.683244+00:00,recovery_scenario,iperf_tcp,,4,,ryu_controller,549433,9.8,61456384,49850,1384,51234,14,137.026
2026-05-09T14:35:42.783764+00:00,recovery_scenario,iperf_tcp,,4,,twin_core,549445,0.0,26927104,28326,1885,30211,3,29.8508
2026-05-09T14:35:42.783764+00:00,recovery_scenario,iperf_tcp,,4,,ryu_controller,549433,9.9,61456384,49863,1385,51248,14,139.1359
2026-05-09T14:35:42.884468+00:00,recovery_scenario,iperf_tcp,,4,,twin_core,549445,0.0,26927104,28329,1885,30214,3,29.8004
2026-05-09T14:35:42.884468+00:00,recovery_scenario,iperf_tcp,,4,,ryu_controller,549433,29.8,61456384,49899,1385,51284,36,358.0515
2026-05-09T14:35:42.986624+00:00,recovery_scenario,iperf_tcp,,4,,twin_core,549445,0.0,26927104,28329,1885,30214,0,0.0
2026-05-09T14:35:42.986624+00:00,recovery_scenario,iperf_tcp,,4,,ryu_controller,549433,9.8,61456384,49915,1385,51300,16,156.1031
2026-05-09T14:35:43.087425+00:00,recovery_scenario,iperf_tcp,,4,,twin_core,549445,0.0,26927104,28338,1885,30223,9,89.4191
2026-05-09T14:35:43.087425+00:00,recovery_scenario,iperf_tcp,,4,,ryu_controller,549433,29.8,61456384,49935,1385,51320,20,198.6195
2026-05-09T14:35:43.188128+00:00,recovery_scenario,iperf_tcp,,4,,twin_core,549445,0.0,26927104,28344,1885,30229,6,59.6165
2026-05-09T14:35:43.188128+00:00,recovery_scenario,iperf_tcp,,4,,ryu_controller,549433,9.9,61456384,49948,1385,51333,13,129.3815
2026-05-09T14:35:43.288560+00:00,recovery_scenario,iperf_tcp,,4,,twin_core,549445,0.0,26927104,28347,1885,30232,3,29.8767
2026-05-09T14:35:43.288560+00:00,recovery_scenario,iperf_tcp,,4,,ryu_controller,549433,10.0,61456384,49963,1385,51348,15,149.3921
2026-05-09T14:35:43.389030+00:00,recovery_scenario,iperf_tcp,,4,,twin_core,549445,0.0,26927104,28350,1885,30235,3,29.8264
2026-05-09T14:35:43.389030+00:00,recovery_scenario,iperf_tcp,,4,,ryu_controller,549433,9.9,61456384,49978,1385,51363,15,149.0983
2026-05-09T14:35:43.489564+00:00,recovery_scenario,iperf_tcp,,4,,twin_core,549445,0.0,26927104,28359,1885,30244,9,89.6163
2026-05-09T14:35:43.489564+00:00,recovery_scenario,iperf_tcp,,4,,ryu_controller,549433,10.0,61456384,49990,1385,51375,12,119.5002
2026-05-09T14:35:43.590009+00:00,recovery_scenario,iperf_tcp,,4,,twin_core,549445,10.0,26927104,28362,1885,30247,3,29.788
2026-05-09T14:35:43.590009+00:00,recovery_scenario,iperf_tcp,,4,,ryu_controller,549433,9.9,61456384,50008,1385,51393,18,178.6615
2026-05-09T14:35:43.691992+00:00,recovery_scenario,iperf_tcp,,4,,twin_core,549445,0.0,26927104,28365,1885,30250,3,29.3953
2026-05-09T14:35:43.691992+00:00,recovery_scenario,iperf_tcp,,4,,ryu_controller,549433,9.8,61456384,50019,1385,51404,11,107.6798
2026-05-09T14:35:43.793648+00:00,recovery_scenario,iperf_tcp,,4,,twin_core,549445,0.0,26927104,28368,1885,30253,3,29.6096
2026-05-09T14:35:43.793648+00:00,recovery_scenario,iperf_tcp,,4,,ryu_controller,549433,9.9,61456384,50032,1385,51417,13,128.4855
2026-05-09T14:35:43.895090+00:00,recovery_scenario,iperf_tcp,,4,,twin_core,549445,0.0,26927104,28371,1885,30256,3,29.5516
2026-05-09T14:35:43.895090+00:00,recovery_scenario,iperf_tcp,,4,,ryu_controller,549433,0.0,61456384,50053,1385,51438,21,206.8368
2026-05-09T14:35:43.995600+00:00,recovery_scenario,iperf_tcp,,4,,twin_core,549445,0.0,26927104,28377,1885,30262,6,59.706
2026-05-09T14:35:43.995600+00:00,recovery_scenario,iperf_tcp,,4,,ryu_controller,549433,9.9,61456384,50062,1385,51447,9,89.5291
2026-05-09T14:35:44.099957+00:00,recovery_scenario,iperf_tcp,,4,,twin_core,549445,0.0,26927104,28385,1885,30270,8,76.0379
2026-05-09T14:35:44.099957+00:00,recovery_scenario,iperf_tcp,,4,,ryu_controller,549433,28.5,61456384,50073,1385,51458,11,103.9372
2026-05-09T14:35:44.201986+00:00,recovery_scenario,iperf_tcp,,4,,twin_core,549445,0.0,26927104,28390,1885,30275,5,49.3706
2026-05-09T14:35:44.201986+00:00,recovery_scenario,iperf_tcp,,4,,ryu_controller,549433,19.8,61456384,50093,1385,51478,20,198.7377
2026-05-09T14:35:44.302851+00:00,recovery_scenario,iperf_tcp,,4,,twin_core,549445,0.0,26927104,28393,1885,30278,3,29.7709
2026-05-09T14:35:44.302851+00:00,recovery_scenario,iperf_tcp,,4,,ryu_controller,549433,0.0,61456384,50107,1385,51492,14,138.8451
2026-05-09T14:35:44.403515+00:00,recovery_scenario,iperf_tcp,,4,,twin_core,549445,9.9,26927104,28398,1885,30283,5,49.709
2026-05-09T14:35:44.403515+00:00,recovery_scenario,iperf_tcp,,4,,ryu_controller,549433,59.5,61464576,50144,1385,51529,37,367.0406
2026-05-09T14:35:44.504426+00:00,recovery_scenario,iperf_tcp,,4,,twin_core,549445,9.9,26927104,28409,1885,30294,11,108.9786
2026-05-09T14:35:44.504426+00:00,recovery_scenario,iperf_tcp,,4,,ryu_controller,549433,29.8,61513728,50163,1385,51548,19,188.8025
2026-05-09T14:35:44.604873+00:00,recovery_scenario,iperf_tcp,,4,,twin_core,549445,0.0,26927104,28415,1885,30300,6,59.7354
2026-05-09T14:35:44.604873+00:00,recovery_scenario,iperf_tcp,,4,,ryu_controller,549433,9.9,61513728,50180,1385,51565,17,169.0408
2026-05-09T14:35:44.707391+00:00,recovery_scenario,iperf_tcp,,4,,twin_core,549445,0.0,26927104,28415,1885,30300,0,0.0
2026-05-09T14:35:44.707391+00:00,recovery_scenario,iperf_tcp,,4,,ryu_controller,549433,9.8,61513728,50192,1385,51577,12,117.0593
2026-05-09T14:35:44.807955+00:00,recovery_scenario,iperf_tcp,,4,,twin_core,549445,9.9,26927104,28418,1885,30303,3,29.8223
2026-05-09T14:35:44.807955+00:00,recovery_scenario,iperf_tcp,,4,,ryu_controller,549433,9.9,61513728,50205,1385,51590,13,129.2885
2026-05-09T14:35:44.908540+00:00,recovery_scenario,iperf_tcp,,4,,twin_core,549445,0.0,26927104,28427,1885,30312,9,89.5433
2026-05-09T14:35:44.908540+00:00,recovery_scenario,iperf_tcp,,4,,ryu_controller,549433,10.0,61513728,50216,1385,51601,11,109.4723
2026-05-09T14:35:45.008995+00:00,recovery_scenario,iperf_tcp,,4,,twin_core,549445,0.0,26927104,28436,1885,30321,9,89.5628
2026-05-09T14:35:45.008995+00:00,recovery_scenario,iperf_tcp,,4,,ryu_controller,549433,89.5,61513728,50250,1386,51636,35,347.9082
2026-05-09T14:35:45.110614+00:00,recovery_scenario,iperf_tcp,,4,,twin_core,549445,0.0,26927104,28436,1885,30321,0,0.0
2026-05-09T14:35:45.110614+00:00,recovery_scenario,iperf_tcp,,4,,ryu_controller,549433,9.8,61513728,50261,1386,51647,11,108.3382
2026-05-09T14:35:45.211350+00:00,recovery_scenario,iperf_tcp,,4,,twin_core,549445,0.0,26927104,28439,1885,30324,3,29.7843
2026-05-09T14:35:45.211350+00:00,recovery_scenario,iperf_tcp,,4,,ryu_controller,549433,0.0,61513728,50271,1386,51657,10,99.2867
2026-05-09T14:35:45.311865+00:00,recovery_scenario,iperf_tcp,,4,,twin_core,549445,10.0,26927104,28445,1885,30330,6,59.7152
2026-05-09T14:35:45.311865+00:00,recovery_scenario,iperf_tcp,,4,,ryu_controller,549433,9.9,61513728,50279,1386,51665,8,79.544
2026-05-09T14:35:45.412437+00:00,recovery_scenario,iperf_tcp,,4,,twin_core,549445,0.0,26927104,28457,1885,30342,12,119.3378
2026-05-09T14:35:45.412437+00:00,recovery_scenario,iperf_tcp,,4,,ryu_controller,549433,10.0,61513728,50312,1387,51699,34,338.5092
2026-05-09T14:35:45.512840+00:00,recovery_scenario,iperf_tcp,,4,,twin_core,549445,0.0,26927104,28457,1885,30342,0,0.0
2026-05-09T14:35:45.512840+00:00,recovery_scenario,iperf_tcp,,4,,ryu_controller,549433,10.0,61513728,50334,1387,51721,22,218.9039
2026-05-09T14:35:45.616970+00:00,recovery_scenario,iperf_tcp,,4,,twin_core,549445,0.0,26927104,28460,1885,30345,3,28.7854
2026-05-09T14:35:45.616970+00:00,recovery_scenario,iperf_tcp,,4,,ryu_controller,549433,0.0,61513728,50340,1387,51727,6,57.5849
2026-05-09T14:35:45.717567+00:00,recovery_scenario,iperf_tcp,,4,,twin_core,549445,0.0,26927104,28466,1885,30351,6,59.6464
2026-05-09T14:35:45.717567+00:00,recovery_scenario,iperf_tcp,,4,,ryu_controller,549433,29.8,61513728,50366,1387,51753,26,257.9673
2026-05-09T14:35:45.818375+00:00,recovery_scenario,iperf_tcp,,4,,twin_core,549445,0.0,26927104,28472,1885,30357,6,59.5714
2026-05-09T14:35:45.818375+00:00,recovery_scenario,iperf_tcp,,4,,ryu_controller,549433,9.9,61513728,50377,1387,51764,11,109.4758
2026-05-09T14:35:45.918815+00:00,recovery_scenario,iperf_tcp,,4,,twin_core,549445,0.0,26927104,28475,1885,30360,3,29.8459
2026-05-09T14:35:45.918815+00:00,recovery_scenario,iperf_tcp,,4,,ryu_controller,549433,0.0,61513728,50380,1387,51767,3,29.8239
2026-05-09T14:35:46.022652+00:00,recovery_scenario,iperf_tcp,,4,,twin_core,549445,0.0,26927104,28478,1885,30363,3,28.89
2026-05-09T14:35:46.022652+00:00,recovery_scenario,iperf_tcp,,4,,ryu_controller,549433,0.0,61513728,50403,1387,51790,23,221.5841
2026-05-09T14:35:46.041340+00:00,recovery_scenario,iperf_tcp,,4,pingall_completed,,,,,,,,,
2026-05-09T14:35:46.124080+00:00,recovery_scenario,iperf_tcp,,4,,twin_core,549445,0.0,26927104,28490,1885,30375,12,118.2949
2026-05-09T14:35:46.124080+00:00,recovery_scenario,iperf_tcp,,4,,ryu_controller,549433,0.0,61513728,50405,1387,51792,2,19.7162
2026-05-09T14:35:46.224665+00:00,recovery_scenario,iperf_tcp,,4,,twin_core,549445,0.0,26927104,28490,1885,30375,0,0.0
2026-05-09T14:35:46.224665+00:00,recovery_scenario,iperf_tcp,,4,,ryu_controller,549433,9.9,61513728,50413,1387,51800,8,79.5469
2026-05-09T14:35:46.326025+00:00,recovery_scenario,iperf_tcp,,4,,twin_core,549445,0.0,26927104,28490,1885,30375,0,0.0
2026-05-09T14:35:46.326025+00:00,recovery_scenario,iperf_tcp,,4,,ryu_controller,549433,0.0,61513728,50422,1387,51809,9,88.6163
2026-05-09T14:35:46.430250+00:00,recovery_scenario,iperf_tcp,,4,,twin_core,549445,0.0,26927104,28490,1885,30375,0,0.0
2026-05-09T14:35:46.430250+00:00,recovery_scenario,iperf_tcp,,4,,ryu_controller,549433,0.0,61513728,50426,1387,51813,4,38.4337
2026-05-09T14:35:46.530846+00:00,recovery_scenario,iperf_tcp,,4,,twin_core,549445,9.9,26927104,28490,1885,30375,0,0.0
2026-05-09T14:35:46.530846+00:00,recovery_scenario,iperf_tcp,,4,,ryu_controller,549433,79.6,61607936,50478,1387,51865,52,516.9038
2026-05-09T14:35:46.631467+00:00,recovery_scenario,iperf_tcp,,4,,twin_core,549445,0.0,26927104,28490,1885,30375,0,0.0
2026-05-09T14:35:46.631467+00:00,recovery_scenario,iperf_tcp,,4,,ryu_controller,549433,9.9,61607936,50483,1387,51870,5,49.7486
2026-05-09T14:35:46.731964+00:00,recovery_scenario,iperf_tcp,,4,,twin_core,549445,0.0,26927104,28490,1885,30375,0,0.0
2026-05-09T14:35:46.731964+00:00,recovery_scenario,iperf_tcp,,4,,ryu_controller,549433,0.0,61607936,50485,1387,51872,2,19.8901
2026-05-09T14:35:46.832500+00:00,recovery_scenario,iperf_tcp,,4,,twin_core,549445,9.9,26927104,28490,1885,30375,0,0.0
2026-05-09T14:35:46.832500+00:00,recovery_scenario,iperf_tcp,,4,,ryu_controller,549433,0.0,61607936,50489,1387,51876,4,39.741
2026-05-09T14:35:46.935991+00:00,recovery_scenario,iperf_tcp,,4,,twin_core,549445,0.0,26927104,28490,1885,30375,0,0.0
2026-05-09T14:35:46.935991+00:00,recovery_scenario,iperf_tcp,,4,,ryu_controller,549433,0.0,61607936,50493,1387,51880,4,38.6489
2026-05-09T14:35:47.036670+00:00,recovery_scenario,iperf_tcp,,4,,twin_core,549445,0.0,26927104,28490,1885,30375,0,0.0
2026-05-09T14:35:47.036670+00:00,recovery_scenario,iperf_tcp,,4,,ryu_controller,549433,19.9,61607936,50510,1387,51897,17,169.1466
2026-05-09T14:35:47.137311+00:00,recovery_scenario,iperf_tcp,,4,,twin_core,549445,9.9,26927104,28495,1885,30380,5,49.6275
2026-05-09T14:35:47.137311+00:00,recovery_scenario,iperf_tcp,,4,,ryu_controller,549433,99.2,61607936,50528,1392,51920,23,228.243
2026-05-09T14:35:47.238629+00:00,recovery_scenario,iperf_tcp,,4,,twin_core,549445,0.0,26927104,28495,1885,30380,0,0.0
2026-05-09T14:35:47.238629+00:00,recovery_scenario,iperf_tcp,,4,,ryu_controller,549433,19.8,61612032,50549,1392,51941,21,207.6155
2026-05-09T14:35:47.339092+00:00,recovery_scenario,iperf_tcp,,4,,twin_core,549445,0.0,26927104,28495,1885,30380,0,0.0
2026-05-09T14:35:47.339092+00:00,recovery_scenario,iperf_tcp,,4,,ryu_controller,549433,0.0,61612032,50552,1392,51944,3,29.8342
2026-05-09T14:35:47.439639+00:00,recovery_scenario,iperf_tcp,,4,,twin_core,549445,0.0,26927104,28495,1885,30380,0,0.0
2026-05-09T14:35:47.439639+00:00,recovery_scenario,iperf_tcp,,4,,ryu_controller,549433,0.0,61612032,50554,1392,51946,2,19.8995
2026-05-09T14:35:47.540176+00:00,recovery_scenario,iperf_tcp,,4,,twin_core,549445,0.0,26927104,28495,1885,30380,0,0.0
2026-05-09T14:35:47.540176+00:00,recovery_scenario,iperf_tcp,,4,,ryu_controller,549433,9.9,61612032,50577,1392,51969,23,228.5534
2026-05-09T14:35:47.640826+00:00,recovery_scenario,iperf_tcp,,4,,twin_core,549445,0.0,26927104,28495,1885,30380,0,0.0
2026-05-09T14:35:47.640826+00:00,recovery_scenario,iperf_tcp,,4,,ryu_controller,549433,0.0,61612032,50579,1392,51971,2,19.8008
2026-05-09T14:35:47.741911+00:00,recovery_scenario,iperf_tcp,,4,,twin_core,549445,0.0,26927104,28495,1885,30380,0,0.0
2026-05-09T14:35:47.741911+00:00,recovery_scenario,iperf_tcp,,4,,ryu_controller,549433,0.0,61612032,50583,1392,51975,4,39.6786
2026-05-09T14:35:47.842659+00:00,recovery_scenario,iperf_tcp,,4,,twin_core,549445,0.0,26927104,28495,1885,30380,0,0.0
2026-05-09T14:35:47.842659+00:00,recovery_scenario,iperf_tcp,,4,,ryu_controller,549433,9.9,61612032,50589,1392,51981,6,59.6206
2026-05-09T14:35:47.943240+00:00,recovery_scenario,iperf_tcp,,4,,twin_core,549445,0.0,26927104,28495,1885,30380,0,0.0
2026-05-09T14:35:47.943240+00:00,recovery_scenario,iperf_tcp,,4,,ryu_controller,549433,0.0,61612032,50609,1392,52001,20,198.983
2026-05-09T14:35:48.044000+00:00,recovery_scenario,iperf_tcp,,4,,twin_core,549445,0.0,26927104,28495,1885,30380,0,0.0
2026-05-09T14:35:48.044000+00:00,recovery_scenario,iperf_tcp,,4,,ryu_controller,549433,0.0,61612032,50624,1392,52016,15,148.3865
2026-05-09T14:35:48.055302+00:00,recovery_scenario,iperf_tcp,,4,background_traffic_started,,,,,,,,,
2026-05-09T14:35:48.144805+00:00,recovery_scenario,iperf_tcp,,4,,twin_core,549445,0.0,26927104,28529,1886,30415,35,348.4616
2026-05-09T14:35:48.144805+00:00,recovery_scenario,iperf_tcp,,4,,ryu_controller,549433,9.9,61612032,50654,1392,52046,30,297.4472
2026-05-09T14:35:48.240407+00:00,recovery_scenario,iperf_tcp,,4,fault_injected,,,,,,,,,
2026-05-09T14:35:48.245685+00:00,recovery_scenario,iperf_tcp,,4,,twin_core,549445,19.8,26927104,28569,1886,30455,40,396.5222
2026-05-09T14:35:48.245685+00:00,recovery_scenario,iperf_tcp,,4,,ryu_controller,549433,0.0,61612032,50672,1392,52064,18,178.7744
2026-05-09T14:35:48.346431+00:00,recovery_scenario,iperf_tcp,,4,,twin_core,549445,0.0,26927104,28616,1893,30509,54,535.9518
2026-05-09T14:35:48.346431+00:00,recovery_scenario,iperf_tcp,,4,,ryu_controller,549433,89.4,61616128,50673,1403,52076,12,119.4022
2026-05-09T14:35:48.446899+00:00,recovery_scenario,iperf_tcp,,4,,twin_core,549445,0.0,26927104,28670,1896,30566,57,567.5668
2026-05-09T14:35:48.446899+00:00,recovery_scenario,iperf_tcp,,4,,ryu_controller,549433,99.2,61616128,50673,1404,52077,1,9.9181
2026-05-09T14:35:48.547790+00:00,recovery_scenario,iperf_tcp,,4,,twin_core,549445,0.0,26927104,28721,1904,30625,59,584.7166
2026-05-09T14:35:48.547790+00:00,recovery_scenario,iperf_tcp,,4,,ryu_controller,549433,99.4,61616128,50673,1406,52079,2,19.8974
2026-05-09T14:35:48.648230+00:00,recovery_scenario,iperf_tcp,,4,,twin_core,549445,10.0,26927104,28727,1904,30631,6,59.7466
2026-05-09T14:35:48.648230+00:00,recovery_scenario,iperf_tcp,,4,,ryu_controller,549433,99.6,61616128,50673,1406,52079,0,0.0
2026-05-09T14:35:48.748608+00:00,recovery_scenario,iperf_tcp,,4,,twin_core,549445,0.0,26927104,28727,1904,30631,0,0.0
2026-05-09T14:35:48.748608+00:00,recovery_scenario,iperf_tcp,,4,,ryu_controller,549433,99.6,61616128,50673,1406,52079,0,0.0
2026-05-09T14:35:48.849214+00:00,recovery_scenario,iperf_tcp,,4,,twin_core,549445,9.9,26927104,28727,1904,30631,0,0.0
2026-05-09T14:35:48.849214+00:00,recovery_scenario,iperf_tcp,,4,,ryu_controller,549433,99.4,61616128,50676,1408,52084,5,49.7194
2026-05-09T14:35:48.949645+00:00,recovery_scenario,iperf_tcp,,4,,twin_core,549445,10.0,26927104,28727,1904,30631,0,0.0
2026-05-09T14:35:48.949645+00:00,recovery_scenario,iperf_tcp,,4,,ryu_controller,549433,49.7,61616128,50699,1408,52107,23,228.5249
2026-05-09T14:35:49.050399+00:00,recovery_scenario,iperf_tcp,,4,,twin_core,549445,0.0,26927104,28727,1904,30631,0,0.0
2026-05-09T14:35:49.050399+00:00,recovery_scenario,iperf_tcp,,4,,ryu_controller,549433,0.0,61616128,50711,1408,52119,12,118.9271
2026-05-09T14:35:49.064451+00:00,recovery_scenario,iperf_tcp,,4,recovery_requested,,,,,,,,,
2026-05-09T14:35:49.151272+00:00,recovery_scenario,iperf_tcp,,4,,twin_core,549445,0.0,26927104,28763,1904,30667,36,357.7945
2026-05-09T14:35:49.151272+00:00,recovery_scenario,iperf_tcp,,4,,ryu_controller,549433,9.9,61616128,50734,1409,52143,24,238.1768
2026-05-09T14:35:49.251901+00:00,recovery_scenario,iperf_tcp,,4,,twin_core,549445,9.9,26927104,28804,1910,30714,47,467.289
2026-05-09T14:35:49.251901+00:00,recovery_scenario,iperf_tcp,,4,,ryu_controller,549433,79.4,61616128,50770,1421,52191,48,476.9085
2026-05-09T14:35:49.352955+00:00,recovery_scenario,iperf_tcp,,4,,twin_core,549445,0.0,26927104,28842,1913,30755,41,405.3279
2026-05-09T14:35:49.352955+00:00,recovery_scenario,iperf_tcp,,4,,ryu_controller,549433,49.5,61616128,50803,1445,52248,57,564.1179
2026-05-09T14:35:49.453643+00:00,recovery_scenario,iperf_tcp,,4,,twin_core,549445,0.0,26927104,28842,1913,30755,0,0.0
2026-05-09T14:35:49.453643+00:00,recovery_scenario,iperf_tcp,,4,,ryu_controller,549433,99.4,61616128,50803,1445,52248,0,0.0
2026-05-09T14:35:49.554099+00:00,recovery_scenario,iperf_tcp,,4,,twin_core,549445,0.0,26927104,28874,1922,30796,41,407.827
2026-05-09T14:35:49.554099+00:00,recovery_scenario,iperf_tcp,,4,,ryu_controller,549433,99.5,61616128,50803,1446,52249,1,9.9463
2026-05-09T14:35:49.654615+00:00,recovery_scenario,iperf_tcp,,4,,twin_core,549445,0.0,26927104,28874,1922,30796,0,0.0
2026-05-09T14:35:49.654615+00:00,recovery_scenario,iperf_tcp,,4,,ryu_controller,549433,99.6,61616128,50803,1446,52249,0,0.0
2026-05-09T14:35:49.755046+00:00,recovery_scenario,iperf_tcp,,4,,twin_core,549445,0.0,26927104,28874,1922,30796,0,0.0
2026-05-09T14:35:49.755046+00:00,recovery_scenario,iperf_tcp,,4,,ryu_controller,549433,99.4,61616128,50803,1447,52250,1,9.9395
2026-05-09T14:35:49.855744+00:00,recovery_scenario,iperf_tcp,,4,,twin_core,549445,0.0,26927104,28874,1922,30796,0,0.0
2026-05-09T14:35:49.855744+00:00,recovery_scenario,iperf_tcp,,4,,ryu_controller,549433,109.4,61616128,50803,1449,52252,2,19.8975
2026-05-09T14:35:49.956164+00:00,recovery_scenario,iperf_tcp,,4,,twin_core,549445,0.0,26927104,28874,1922,30796,0,0.0
2026-05-09T14:35:49.956164+00:00,recovery_scenario,iperf_tcp,,4,,ryu_controller,549433,99.4,61616128,50803,1449,52252,0,0.0
2026-05-09T14:35:50.056723+00:00,recovery_scenario,iperf_tcp,,4,,twin_core,549445,0.0,26927104,28875,1922,30797,1,9.9533
2026-05-09T14:35:50.056723+00:00,recovery_scenario,iperf_tcp,,4,,ryu_controller,549433,89.6,61616128,50803,1449,52252,0,0.0
2026-05-09T14:35:50.157176+00:00,recovery_scenario,iperf_tcp,,4,,twin_core,549445,0.0,26927104,28875,1922,30797,0,0.0
2026-05-09T14:35:50.157176+00:00,recovery_scenario,iperf_tcp,,4,,ryu_controller,549433,99.5,61616128,50803,1456,52259,7,69.5923
2026-05-09T14:35:50.257902+00:00,recovery_scenario,iperf_tcp,,4,,twin_core,549445,9.9,26927104,28875,1922,30797,0,0.0
2026-05-09T14:35:50.257902+00:00,recovery_scenario,iperf_tcp,,4,,ryu_controller,549433,109.0,61616128,50803,1458,52261,2,19.8223
2026-05-09T14:35:50.358894+00:00,recovery_scenario,iperf_tcp,,4,,twin_core,549445,9.9,26927104,28875,1922,30797,0,0.0
2026-05-09T14:35:50.358894+00:00,recovery_scenario,iperf_tcp,,4,,ryu_controller,549433,88.9,61616128,50806,1459,52265,4,39.3938
2026-05-09T14:35:50.460348+00:00,recovery_scenario,iperf_tcp,,4,,twin_core,549445,0.0,26927104,28875,1922,30797,0,0.0
2026-05-09T14:35:50.460348+00:00,recovery_scenario,iperf_tcp,,4,,ryu_controller,549433,9.9,61616128,50839,1459,52298,33,327.8685
2026-05-09T14:35:50.560910+00:00,recovery_scenario,iperf_tcp,,4,,twin_core,549445,0.0,26927104,28876,1922,30798,1,9.9464
2026-05-09T14:35:50.560910+00:00,recovery_scenario,iperf_tcp,,4,,ryu_controller,549433,9.9,61616128,50855,1459,52314,16,158.9765
2026-05-09T14:35:50.661553+00:00,recovery_scenario,iperf_tcp,,4,,twin_core,549445,0.0,26927104,28876,1922,30798,0,0.0
2026-05-09T14:35:50.661553+00:00,recovery_scenario,iperf_tcp,,4,,ryu_controller,549433,0.0,61616128,50863,1459,52322,8,79.2831
2026-05-09T14:35:50.762406+00:00,recovery_scenario,iperf_tcp,,4,,twin_core,549445,0.0,26927104,28876,1922,30798,0,0.0
2026-05-09T14:35:50.762406+00:00,recovery_scenario,iperf_tcp,,4,,ryu_controller,549433,9.9,61616128,50901,1459,52360,38,377.5433
2026-05-09T14:35:50.863068+00:00,recovery_scenario,iperf_tcp,,4,,twin_core,549445,0.0,26927104,28876,1922,30798,0,0.0
2026-05-09T14:35:50.863068+00:00,recovery_scenario,iperf_tcp,,4,,ryu_controller,549433,0.0,61616128,50908,1459,52367,7,69.5935
2026-05-09T14:35:50.963705+00:00,recovery_scenario,iperf_tcp,,4,,twin_core,549445,9.9,26927104,28876,1922,30798,0,0.0
2026-05-09T14:35:50.963705+00:00,recovery_scenario,iperf_tcp,,4,,ryu_controller,549433,49.6,61616128,50950,1460,52410,43,426.5334
2026-05-09T14:35:51.038514+00:00,recovery_scenario,iperf_tcp,,4,scenario_teardown,,,,,,,,,
2026-05-09T14:35:51.064642+00:00,recovery_scenario,iperf_tcp,,4,,twin_core,549445,0.0,26927104,28882,1922,30804,6,59.4272
2026-05-09T14:35:51.064642+00:00,recovery_scenario,iperf_tcp,,4,,ryu_controller,549433,19.9,61616128,50964,1461,52425,15,149.0303
2026-05-09T14:35:51.165359+00:00,recovery_scenario,iperf_tcp,,4,,twin_core,549445,9.9,26927104,28902,1922,30824,20,198.5259
2026-05-09T14:35:51.165359+00:00,recovery_scenario,iperf_tcp,,4,,ryu_controller,549433,19.8,61616128,50974,1462,52436,11,109.1373
2026-05-09T14:35:51.265882+00:00,recovery_scenario,iperf_tcp,,4,,twin_core,549445,0.0,26927104,28926,1923,30849,25,248.7231
2026-05-09T14:35:51.265882+00:00,recovery_scenario,iperf_tcp,,4,,ryu_controller,549433,19.9,61616128,50991,1468,52459,23,228.3595
2026-05-09T14:35:51.367631+00:00,recovery_scenario,iperf_tcp,,4,,twin_core,549445,0.0,26927104,28934,1923,30857,8,74.3009
2026-05-09T14:35:51.367631+00:00,recovery_scenario,iperf_tcp,,4,,ryu_controller,549433,8.4,61616128,51005,1472,52477,18,150.8639
2026-05-09T14:35:51.898572+00:00,recovery_scenario,iperf_tcp,,5,,twin_core,549445,0.0,26939392,29331,1975,31306,0,0.0
2026-05-09T14:35:51.898572+00:00,recovery_scenario,iperf_tcp,,5,,ryu_controller,549433,0.0,61616128,51041,1472,52513,0,0.0
2026-05-09T14:35:52.000343+00:00,recovery_scenario,iperf_tcp,,5,,twin_core,549445,0.0,26943488,29379,1978,31357,51,503.9422
2026-05-09T14:35:52.000343+00:00,recovery_scenario,iperf_tcp,,5,,ryu_controller,549433,29.7,61616128,51063,1476,52539,26,258.814
2026-05-09T14:35:52.100753+00:00,recovery_scenario,iperf_tcp,,5,,twin_core,549445,10.0,26943488,29488,1978,31466,109,1085.7912
2026-05-09T14:35:52.100753+00:00,recovery_scenario,iperf_tcp,,5,,ryu_controller,549433,10.0,61616128,51087,1476,52563,24,239.074
2026-05-09T14:35:52.140897+00:00,recovery_scenario,iperf_tcp,,5,service_started,,,,,,,,,
2026-05-09T14:35:52.201171+00:00,recovery_scenario,iperf_tcp,,5,,twin_core,549445,19.9,26947584,29534,1979,31513,47,467.8702
2026-05-09T14:35:52.201171+00:00,recovery_scenario,iperf_tcp,,5,,ryu_controller,549433,59.7,61616128,51141,1477,52618,55,546.9895
2026-05-09T14:35:52.301815+00:00,recovery_scenario,iperf_tcp,,5,,twin_core,549445,0.0,26947584,29535,1979,31514,1,9.9391
2026-05-09T14:35:52.301815+00:00,recovery_scenario,iperf_tcp,,5,,ryu_controller,549433,19.9,61616128,51183,1477,52660,42,417.787
2026-05-09T14:35:52.402696+00:00,recovery_scenario,iperf_tcp,,5,,twin_core,549445,0.0,26947584,29535,1979,31514,0,0.0
2026-05-09T14:35:52.402696+00:00,recovery_scenario,iperf_tcp,,5,,ryu_controller,549433,29.7,61616128,51230,1477,52707,47,465.417
2026-05-09T14:35:52.503358+00:00,recovery_scenario,iperf_tcp,,5,,twin_core,549445,0.0,26947584,29535,1979,31514,0,0.0
2026-05-09T14:35:52.503358+00:00,recovery_scenario,iperf_tcp,,5,,ryu_controller,549433,19.9,61616128,51260,1477,52737,30,298.3548
2026-05-09T14:35:52.608037+00:00,recovery_scenario,iperf_tcp,,5,,twin_core,549445,0.0,26947584,29535,1979,31514,0,0.0
2026-05-09T14:35:52.608037+00:00,recovery_scenario,iperf_tcp,,5,,ryu_controller,549433,9.5,61616128,51288,1477,52765,28,267.1384
2026-05-09T14:35:52.709556+00:00,recovery_scenario,iperf_tcp,,5,,twin_core,549445,9.8,26947584,29535,1979,31514,0,0.0
2026-05-09T14:35:52.709556+00:00,recovery_scenario,iperf_tcp,,5,,ryu_controller,549433,0.0,61616128,51296,1477,52773,8,78.7283
2026-05-09T14:35:52.810274+00:00,recovery_scenario,iperf_tcp,,5,,twin_core,549445,0.0,26947584,29535,1979,31514,0,0.0
2026-05-09T14:35:52.810274+00:00,recovery_scenario,iperf_tcp,,5,,ryu_controller,549433,9.9,61616128,51313,1477,52790,17,169.1393
2026-05-09T14:35:52.911286+00:00,recovery_scenario,iperf_tcp,,5,,twin_core,549445,0.0,26947584,29535,1979,31514,0,0.0
2026-05-09T14:35:52.911286+00:00,recovery_scenario,iperf_tcp,,5,,ryu_controller,549433,29.7,61616128,51336,1477,52813,23,227.4974
2026-05-09T14:35:53.011815+00:00,recovery_scenario,iperf_tcp,,5,,twin_core,549445,0.0,26947584,29535,1979,31514,0,0.0
2026-05-09T14:35:53.011815+00:00,recovery_scenario,iperf_tcp,,5,,ryu_controller,549433,29.9,61616128,51361,1477,52838,25,248.9422
2026-05-09T14:35:53.112374+00:00,recovery_scenario,iperf_tcp,,5,,twin_core,549445,0.0,26947584,29535,1979,31514,0,0.0
2026-05-09T14:35:53.112374+00:00,recovery_scenario,iperf_tcp,,5,,ryu_controller,549433,19.9,61616128,51385,1477,52862,24,238.5622
2026-05-09T14:35:53.212855+00:00,recovery_scenario,iperf_tcp,,5,,twin_core,549445,0.0,26947584,29535,1979,31514,0,0.0
2026-05-09T14:35:53.212855+00:00,recovery_scenario,iperf_tcp,,5,,ryu_controller,549433,19.9,61616128,51427,1477,52904,42,418.0273
2026-05-09T14:35:53.313891+00:00,recovery_scenario,iperf_tcp,,5,,twin_core,549445,0.0,26947584,29535,1979,31514,0,0.0
2026-05-09T14:35:53.313891+00:00,recovery_scenario,iperf_tcp,,5,,ryu_controller,549433,19.8,61616128,51469,1477,52946,42,415.3669
2026-05-09T14:35:53.414422+00:00,recovery_scenario,iperf_tcp,,5,,twin_core,549445,0.0,26947584,29535,1979,31514,0,0.0
2026-05-09T14:35:53.414422+00:00,recovery_scenario,iperf_tcp,,5,,ryu_controller,549433,10.0,61616128,51497,1477,52974,28,278.8178
2026-05-09T14:35:53.517299+00:00,recovery_scenario,iperf_tcp,,5,,twin_core,549445,0.0,26947584,29535,1979,31514,0,0.0
2026-05-09T14:35:53.517299+00:00,recovery_scenario,iperf_tcp,,5,,ryu_controller,549433,9.7,61616128,51515,1477,52992,18,174.9525
2026-05-09T14:35:53.618186+00:00,recovery_scenario,iperf_tcp,,5,,twin_core,549445,0.0,26947584,29535,1979,31514,0,0.0
2026-05-09T14:35:53.618186+00:00,recovery_scenario,iperf_tcp,,5,,ryu_controller,549433,19.8,61616128,51532,1477,53009,17,168.2283
2026-05-09T14:35:53.720306+00:00,recovery_scenario,iperf_tcp,,5,,twin_core,549445,0.0,26947584,29535,1979,31514,0,0.0
2026-05-09T14:35:53.720306+00:00,recovery_scenario,iperf_tcp,,5,,ryu_controller,549433,9.8,61616128,51554,1477,53031,22,215.6265
2026-05-09T14:35:53.820818+00:00,recovery_scenario,iperf_tcp,,5,,twin_core,549445,0.0,26947584,29535,1979,31514,0,0.0
2026-05-09T14:35:53.820818+00:00,recovery_scenario,iperf_tcp,,5,,ryu_controller,549433,19.9,61616128,51578,1478,53056,25,248.6312
2026-05-09T14:35:53.921400+00:00,recovery_scenario,iperf_tcp,,5,,twin_core,549445,0.0,26947584,29535,1979,31514,0,0.0
2026-05-09T14:35:53.921400+00:00,recovery_scenario,iperf_tcp,,5,,ryu_controller,549433,19.9,61616128,51615,1478,53093,37,367.9711
2026-05-09T14:35:54.023966+00:00,recovery_scenario,iperf_tcp,,5,,twin_core,549445,0.0,26947584,29535,1979,31514,0,0.0
2026-05-09T14:35:54.023966+00:00,recovery_scenario,iperf_tcp,,5,,ryu_controller,549433,9.7,61616128,51632,1478,53110,17,165.4542
2026-05-09T14:35:54.125470+00:00,recovery_scenario,iperf_tcp,,5,,twin_core,549445,0.0,26947584,29535,1979,31514,0,0.0
2026-05-09T14:35:54.125470+00:00,recovery_scenario,iperf_tcp,,5,,ryu_controller,549433,9.9,61616128,51656,1478,53134,24,237.1716
2026-05-09T14:35:54.225834+00:00,recovery_scenario,iperf_tcp,,5,,twin_core,549445,10.0,26947584,29535,1979,31514,0,0.0
2026-05-09T14:35:54.225834+00:00,recovery_scenario,iperf_tcp,,5,,ryu_controller,549433,19.9,61616128,51702,1478,53180,46,456.608
2026-05-09T14:35:54.326735+00:00,recovery_scenario,iperf_tcp,,5,,twin_core,549445,0.0,26947584,29543,1979,31522,8,79.421
2026-05-09T14:35:54.326735+00:00,recovery_scenario,iperf_tcp,,5,,ryu_controller,549433,39.6,61616128,51764,1478,53242,62,614.2542
2026-05-09T14:35:54.427659+00:00,recovery_scenario,iperf_tcp,,5,,twin_core,549445,0.0,26947584,29546,1979,31525,3,29.7371
2026-05-09T14:35:54.427659+00:00,recovery_scenario,iperf_tcp,,5,,ryu_controller,549433,59.6,61616128,51824,1478,53302,60,596.5964
2026-05-09T14:35:54.528119+00:00,recovery_scenario,iperf_tcp,,5,,twin_core,549445,0.0,26947584,29549,1979,31528,3,29.8537
2026-05-09T14:35:54.528119+00:00,recovery_scenario,iperf_tcp,,5,,ryu_controller,549433,0.0,61616128,51841,1478,53319,17,169.1532
2026-05-09T14:35:54.630501+00:00,recovery_scenario,iperf_tcp,,5,,twin_core,549445,0.0,26947584,29549,1979,31528,0,0.0
2026-05-09T14:35:54.630501+00:00,recovery_scenario,iperf_tcp,,5,,ryu_controller,549433,9.8,61616128,51855,1478,53333,14,136.7364
2026-05-09T14:35:54.731309+00:00,recovery_scenario,iperf_tcp,,5,,twin_core,549445,0.0,26947584,29552,1979,31531,3,29.7609
2026-05-09T14:35:54.731309+00:00,recovery_scenario,iperf_tcp,,5,,ryu_controller,549433,9.9,61616128,51876,1478,53354,21,208.3135
2026-05-09T14:35:54.833368+00:00,recovery_scenario,iperf_tcp,,5,,twin_core,549445,0.0,26947584,29555,1979,31534,3,29.4023
2026-05-09T14:35:54.833368+00:00,recovery_scenario,iperf_tcp,,5,,ryu_controller,549433,9.8,61616128,51890,1478,53368,14,137.1974
2026-05-09T14:35:54.933839+00:00,recovery_scenario,iperf_tcp,,5,,twin_core,549445,0.0,26947584,29561,1979,31540,6,59.7317
2026-05-09T14:35:54.933839+00:00,recovery_scenario,iperf_tcp,,5,,ryu_controller,549433,10.0,61616128,51899,1478,53377,9,89.5385
2026-05-09T14:35:55.034375+00:00,recovery_scenario,iperf_tcp,,5,,twin_core,549445,0.0,26947584,29567,1979,31546,6,59.6806
2026-05-09T14:35:55.034375+00:00,recovery_scenario,iperf_tcp,,5,,ryu_controller,549433,9.9,61616128,51926,1478,53404,27,268.8174
2026-05-09T14:35:55.135043+00:00,recovery_scenario,iperf_tcp,,5,,twin_core,549445,0.0,26947584,29570,1979,31549,3,29.7822
2026-05-09T14:35:55.135043+00:00,recovery_scenario,iperf_tcp,,5,,ryu_controller,549433,19.9,61616128,51941,1478,53419,15,148.9092
2026-05-09T14:35:55.235544+00:00,recovery_scenario,iperf_tcp,,5,,twin_core,549445,9.9,26947584,29573,1979,31552,3,29.8609
2026-05-09T14:35:55.235544+00:00,recovery_scenario,iperf_tcp,,5,,ryu_controller,549433,10.0,61616128,51954,1478,53432,13,129.3875
2026-05-09T14:35:55.336025+00:00,recovery_scenario,iperf_tcp,,5,,twin_core,549445,0.0,26947584,29576,1979,31555,3,29.8297
2026-05-09T14:35:55.336025+00:00,recovery_scenario,iperf_tcp,,5,,ryu_controller,549433,9.9,61616128,51970,1478,53448,16,159.0857
2026-05-09T14:35:55.436633+00:00,recovery_scenario,iperf_tcp,,5,,twin_core,549445,0.0,26947584,29589,1979,31568,13,129.1342
2026-05-09T14:35:55.436633+00:00,recovery_scenario,iperf_tcp,,5,,ryu_controller,549433,9.9,61616128,51984,1478,53462,14,138.8049
2026-05-09T14:35:55.537484+00:00,recovery_scenario,iperf_tcp,,5,,twin_core,549445,0.0,26947584,29600,1979,31579,11,109.2431
2026-05-09T14:35:55.537484+00:00,recovery_scenario,iperf_tcp,,5,,ryu_controller,549433,9.9,61616128,52000,1478,53478,16,159.184
2026-05-09T14:35:55.638008+00:00,recovery_scenario,iperf_tcp,,5,,twin_core,549445,0.0,26947584,29603,1979,31582,3,29.8006
2026-05-09T14:35:55.638008+00:00,recovery_scenario,iperf_tcp,,5,,ryu_controller,549433,9.9,61616128,52013,1478,53491,13,129.1477
2026-05-09T14:35:55.738610+00:00,recovery_scenario,iperf_tcp,,5,,twin_core,549445,0.0,26947584,29603,1979,31582,0,0.0
2026-05-09T14:35:55.738610+00:00,recovery_scenario,iperf_tcp,,5,,ryu_controller,549433,10.0,61616128,52023,1478,53501,10,99.5552
2026-05-09T14:35:55.839098+00:00,recovery_scenario,iperf_tcp,,5,,twin_core,549445,0.0,26947584,29606,1979,31585,3,29.8128
2026-05-09T14:35:55.839098+00:00,recovery_scenario,iperf_tcp,,5,,ryu_controller,549433,0.0,61616128,52036,1478,53514,13,129.1627
2026-05-09T14:35:55.939702+00:00,recovery_scenario,iperf_tcp,,5,,twin_core,549445,10.0,26947584,29618,1979,31597,12,119.4753
2026-05-09T14:35:55.939702+00:00,recovery_scenario,iperf_tcp,,5,,ryu_controller,549433,0.0,61616128,52039,1478,53517,3,29.8741
2026-05-09T14:35:56.040150+00:00,recovery_scenario,iperf_tcp,,5,,twin_core,549445,0.0,26947584,29624,1979,31603,6,59.7417
2026-05-09T14:35:56.040150+00:00,recovery_scenario,iperf_tcp,,5,,ryu_controller,549433,19.9,61616128,52062,1478,53540,23,229.0587
2026-05-09T14:35:56.142504+00:00,recovery_scenario,iperf_tcp,,5,,twin_core,549445,0.0,26947584,29627,1979,31606,3,29.2683
2026-05-09T14:35:56.142504+00:00,recovery_scenario,iperf_tcp,,5,,ryu_controller,549433,9.8,61616128,52083,1478,53561,21,204.8108
2026-05-09T14:35:56.243801+00:00,recovery_scenario,iperf_tcp,,5,,twin_core,549445,0.0,26947584,29630,1979,31609,3,29.6322
2026-05-09T14:35:56.243801+00:00,recovery_scenario,iperf_tcp,,5,,ryu_controller,549433,9.9,61616128,52089,1478,53567,6,59.1608
2026-05-09T14:35:56.344948+00:00,recovery_scenario,iperf_tcp,,5,,twin_core,549445,19.8,26947584,29639,1979,31618,9,88.8881
2026-05-09T14:35:56.344948+00:00,recovery_scenario,iperf_tcp,,5,,ryu_controller,549433,59.3,61616128,52141,1478,53619,52,514.5189
2026-05-09T14:35:56.445607+00:00,recovery_scenario,iperf_tcp,,5,,twin_core,549445,0.0,26947584,29645,1979,31624,6,59.718
2026-05-09T14:35:56.445607+00:00,recovery_scenario,iperf_tcp,,5,,ryu_controller,549433,59.7,61616128,52187,1478,53665,46,457.8688
2026-05-09T14:35:56.546042+00:00,recovery_scenario,iperf_tcp,,5,,twin_core,549445,0.0,26947584,29648,1979,31627,3,29.8396
2026-05-09T14:35:56.546042+00:00,recovery_scenario,iperf_tcp,,5,,ryu_controller,549433,29.8,61616128,52211,1478,53689,24,238.678
2026-05-09T14:35:56.646585+00:00,recovery_scenario,iperf_tcp,,5,,twin_core,549445,0.0,26947584,29651,1979,31630,3,29.8516
2026-05-09T14:35:56.646585+00:00,recovery_scenario,iperf_tcp,,5,,ryu_controller,549433,0.0,61616128,52216,1478,53694,5,49.76
2026-05-09T14:35:56.747074+00:00,recovery_scenario,iperf_tcp,,5,,twin_core,549445,0.0,26947584,29657,1979,31636,6,59.6843
2026-05-09T14:35:56.747074+00:00,recovery_scenario,iperf_tcp,,5,,ryu_controller,549433,19.9,61616128,52231,1478,53709,15,149.1975
2026-05-09T14:35:56.847605+00:00,recovery_scenario,iperf_tcp,,5,,twin_core,549445,0.0,26947584,29666,1979,31645,9,89.61
2026-05-09T14:35:56.847605+00:00,recovery_scenario,iperf_tcp,,5,,ryu_controller,549433,10.0,61616128,52252,1478,53730,21,209.1279
2026-05-09T14:35:56.948048+00:00,recovery_scenario,iperf_tcp,,5,,twin_core,549445,0.0,26947584,29669,1979,31648,3,29.8504
2026-05-09T14:35:56.948048+00:00,recovery_scenario,iperf_tcp,,5,,ryu_controller,549433,9.9,61616128,52267,1478,53745,15,149.2455
2026-05-09T14:35:57.049479+00:00,recovery_scenario,iperf_tcp,,5,,twin_core,549445,0.0,26947584,29672,1979,31651,3,29.5956
2026-05-09T14:35:57.049479+00:00,recovery_scenario,iperf_tcp,,5,,ryu_controller,549433,29.6,61616128,52302,1478,53780,35,345.311
2026-05-09T14:35:57.149953+00:00,recovery_scenario,iperf_tcp,,5,,twin_core,549445,0.0,26947584,29678,1979,31657,6,59.6354
2026-05-09T14:35:57.149953+00:00,recovery_scenario,iperf_tcp,,5,,ryu_controller,549433,0.0,61616128,52307,1478,53785,5,49.6728
2026-05-09T14:35:57.250538+00:00,recovery_scenario,iperf_tcp,,5,,twin_core,549445,0.0,26947584,29687,1979,31666,9,89.5653
2026-05-09T14:35:57.250538+00:00,recovery_scenario,iperf_tcp,,5,,ryu_controller,549433,10.0,61616128,52329,1478,53807,22,218.9948
2026-05-09T14:35:57.351024+00:00,recovery_scenario,iperf_tcp,,5,,twin_core,549445,0.0,26947584,29690,1979,31669,3,29.831
2026-05-09T14:35:57.351024+00:00,recovery_scenario,iperf_tcp,,5,,ryu_controller,549433,9.9,61616128,52357,1478,53835,28,278.4094
2026-05-09T14:35:57.451555+00:00,recovery_scenario,iperf_tcp,,5,,twin_core,549445,9.9,26947584,29693,1979,31672,3,29.874
2026-05-09T14:35:57.451555+00:00,recovery_scenario,iperf_tcp,,5,,ryu_controller,549433,10.0,61616128,52381,1478,53859,24,239.0452
2026-05-09T14:35:57.551958+00:00,recovery_scenario,iperf_tcp,,5,,twin_core,549445,0.0,26947584,29699,1979,31678,6,59.6871
2026-05-09T14:35:57.551958+00:00,recovery_scenario,iperf_tcp,,5,,ryu_controller,549433,29.8,61616128,52420,1479,53899,40,397.8603
2026-05-09T14:35:57.652528+00:00,recovery_scenario,iperf_tcp,,5,,twin_core,549445,0.0,26947584,29705,1979,31684,6,59.7141
2026-05-09T14:35:57.652528+00:00,recovery_scenario,iperf_tcp,,5,,ryu_controller,549433,0.0,61616128,52428,1479,53907,8,79.6179
2026-05-09T14:35:57.752993+00:00,recovery_scenario,iperf_tcp,,5,,twin_core,549445,0.0,26947584,29708,1979,31687,3,29.8462
2026-05-09T14:35:57.752993+00:00,recovery_scenario,iperf_tcp,,5,,ryu_controller,549433,9.9,61616128,52437,1479,53916,9,89.3859
2026-05-09T14:35:57.856588+00:00,recovery_scenario,iperf_tcp,,5,,twin_core,549445,0.0,26947584,29711,1979,31690,3,28.971
2026-05-09T14:35:57.856588+00:00,recovery_scenario,iperf_tcp,,5,,ryu_controller,549433,0.0,61616128,52440,1479,53919,3,29.0049
2026-05-09T14:35:57.887936+00:00,recovery_scenario,iperf_tcp,,5,pingall_completed,,,,,,,,,
2026-05-09T14:35:57.959371+00:00,recovery_scenario,iperf_tcp,,5,,twin_core,549445,0.0,26947584,29722,1979,31701,11,106.5161
2026-05-09T14:35:57.959371+00:00,recovery_scenario,iperf_tcp,,5,,ryu_controller,549433,0.0,61616128,52443,1479,53922,3,29.0115
2026-05-09T14:35:58.062455+00:00,recovery_scenario,iperf_tcp,,5,,twin_core,549445,0.0,26947584,29722,1979,31701,0,0.0
2026-05-09T14:35:58.062455+00:00,recovery_scenario,iperf_tcp,,5,,ryu_controller,549433,9.8,61616128,52457,1479,53936,14,136.6512
2026-05-09T14:35:58.167453+00:00,recovery_scenario,iperf_tcp,,5,,twin_core,549445,0.0,26947584,29722,1979,31701,0,0.0
2026-05-09T14:35:58.167453+00:00,recovery_scenario,iperf_tcp,,5,,ryu_controller,549433,0.0,61616128,52461,1479,53940,4,38.0473
2026-05-09T14:35:58.272705+00:00,recovery_scenario,iperf_tcp,,5,,twin_core,549445,0.0,26947584,29722,1979,31701,0,0.0
2026-05-09T14:35:58.272705+00:00,recovery_scenario,iperf_tcp,,5,,ryu_controller,549433,0.0,61616128,52465,1479,53944,4,37.8861
2026-05-09T14:35:58.375241+00:00,recovery_scenario,iperf_tcp,,5,,twin_core,549445,9.8,26947584,29722,1979,31701,0,0.0
2026-05-09T14:35:58.375241+00:00,recovery_scenario,iperf_tcp,,5,,ryu_controller,549433,39.2,61616128,52491,1479,53970,26,255.0113
2026-05-09T14:35:58.479577+00:00,recovery_scenario,iperf_tcp,,5,,twin_core,549445,9.6,26947584,29722,1979,31701,0,0.0
2026-05-09T14:35:58.479577+00:00,recovery_scenario,iperf_tcp,,5,,ryu_controller,549433,47.9,61616128,52524,1479,54003,33,316.1489
2026-05-09T14:35:58.582244+00:00,recovery_scenario,iperf_tcp,,5,,twin_core,549445,0.0,26947584,29722,1979,31701,0,0.0
2026-05-09T14:35:58.582244+00:00,recovery_scenario,iperf_tcp,,5,,ryu_controller,549433,68.2,61616128,52572,1479,54051,48,467.5315
2026-05-09T14:35:58.683836+00:00,recovery_scenario,iperf_tcp,,5,,twin_core,549445,0.0,26947584,29722,1979,31701,0,0.0
2026-05-09T14:35:58.683836+00:00,recovery_scenario,iperf_tcp,,5,,ryu_controller,549433,0.0,61616128,52576,1479,54055,4,39.3164
2026-05-09T14:35:58.784961+00:00,recovery_scenario,iperf_tcp,,5,,twin_core,549445,0.0,26947584,29722,1979,31701,0,0.0
2026-05-09T14:35:58.784961+00:00,recovery_scenario,iperf_tcp,,5,,ryu_controller,549433,0.0,61616128,52577,1479,54056,1,9.8726
2026-05-09T14:35:58.888927+00:00,recovery_scenario,iperf_tcp,,5,,twin_core,549445,0.0,26947584,29722,1979,31701,0,0.0
2026-05-09T14:35:58.888927+00:00,recovery_scenario,iperf_tcp,,5,,ryu_controller,549433,0.0,61616128,52580,1479,54059,3,28.8757
2026-05-09T14:35:58.989627+00:00,recovery_scenario,iperf_tcp,,5,,twin_core,549445,9.9,26947584,29727,1979,31706,5,49.7148
2026-05-09T14:35:58.989627+00:00,recovery_scenario,iperf_tcp,,5,,ryu_controller,549433,9.9,61616128,52584,1479,54063,4,39.7783
2026-05-09T14:35:59.090146+00:00,recovery_scenario,iperf_tcp,,5,,twin_core,549445,0.0,26947584,29727,1979,31706,0,0.0
2026-05-09T14:35:59.090146+00:00,recovery_scenario,iperf_tcp,,5,,ryu_controller,549433,0.0,61616128,52588,1479,54067,4,39.8256
2026-05-09T14:35:59.190594+00:00,recovery_scenario,iperf_tcp,,5,,twin_core,549445,0.0,26947584,29727,1979,31706,0,0.0
2026-05-09T14:35:59.190594+00:00,recovery_scenario,iperf_tcp,,5,,ryu_controller,549433,0.0,61616128,52591,1479,54070,3,29.8669
2026-05-09T14:35:59.291043+00:00,recovery_scenario,iperf_tcp,,5,,twin_core,549445,0.0,26947584,29727,1979,31706,0,0.0
2026-05-09T14:35:59.291043+00:00,recovery_scenario,iperf_tcp,,5,,ryu_controller,549433,0.0,61616128,52594,1479,54073,3,29.8241
2026-05-09T14:35:59.391654+00:00,recovery_scenario,iperf_tcp,,5,,twin_core,549445,0.0,26947584,29727,1979,31706,0,0.0
2026-05-09T14:35:59.391654+00:00,recovery_scenario,iperf_tcp,,5,,ryu_controller,549433,0.0,61616128,52612,1479,54091,18,178.8264
2026-05-09T14:35:59.492606+00:00,recovery_scenario,iperf_tcp,,5,,twin_core,549445,0.0,26947584,29727,1979,31706,0,0.0
2026-05-09T14:35:59.492606+00:00,recovery_scenario,iperf_tcp,,5,,ryu_controller,549433,0.0,61616128,52627,1479,54106,15,148.6881
2026-05-09T14:35:59.593225+00:00,recovery_scenario,iperf_tcp,,5,,twin_core,549445,0.0,26947584,29727,1979,31706,0,0.0
2026-05-09T14:35:59.593225+00:00,recovery_scenario,iperf_tcp,,5,,ryu_controller,549433,9.9,61616128,52647,1479,54126,20,198.6318
2026-05-09T14:35:59.694169+00:00,recovery_scenario,iperf_tcp,,5,,twin_core,549445,0.0,26947584,29727,1979,31706,0,0.0
2026-05-09T14:35:59.694169+00:00,recovery_scenario,iperf_tcp,,5,,ryu_controller,549433,0.0,61616128,52651,1479,54130,4,39.3994
2026-05-09T14:35:59.795467+00:00,recovery_scenario,iperf_tcp,,5,,twin_core,549445,0.0,26947584,29727,1979,31706,0,0.0
2026-05-09T14:35:59.795467+00:00,recovery_scenario,iperf_tcp,,5,,ryu_controller,549433,0.0,61616128,52655,1479,54134,4,39.7305
2026-05-09T14:35:59.896228+00:00,recovery_scenario,iperf_tcp,,5,,twin_core,549445,0.0,26947584,29727,1979,31706,0,0.0
2026-05-09T14:35:59.896228+00:00,recovery_scenario,iperf_tcp,,5,,ryu_controller,549433,0.0,61616128,52659,1479,54138,4,39.5877
2026-05-09T14:35:59.904171+00:00,recovery_scenario,iperf_tcp,,5,background_traffic_started,,,,,,,,,
2026-05-09T14:35:59.997450+00:00,recovery_scenario,iperf_tcp,,5,,twin_core,549445,9.9,26947584,29762,1979,31741,35,346.3142
2026-05-09T14:35:59.997450+00:00,recovery_scenario,iperf_tcp,,5,,ryu_controller,549433,0.0,61616128,52666,1479,54145,7,69.2234
2026-05-09T14:36:00.078685+00:00,recovery_scenario,iperf_tcp,,5,fault_injected,,,,,,,,,
2026-05-09T14:36:00.098425+00:00,recovery_scenario,iperf_tcp,,5,,twin_core,549445,9.9,26947584,29805,1981,31786,45,445.5446
2026-05-09T14:36:00.098425+00:00,recovery_scenario,iperf_tcp,,5,,ryu_controller,549433,19.8,61616128,52679,1483,54162,17,168.6712
2026-05-09T14:36:00.199041+00:00,recovery_scenario,iperf_tcp,,5,,twin_core,549445,0.0,26947584,29867,1988,31855,69,685.9475
2026-05-09T14:36:00.199041+00:00,recovery_scenario,iperf_tcp,,5,,ryu_controller,549433,99.4,61616128,52679,1485,54164,2,19.8893
2026-05-09T14:36:00.299550+00:00,recovery_scenario,iperf_tcp,,5,,twin_core,549445,0.0,26947584,29915,2000,31915,60,596.5912
2026-05-09T14:36:00.299550+00:00,recovery_scenario,iperf_tcp,,5,,ryu_controller,549433,99.4,61616128,52679,1486,54165,1,9.942
2026-05-09T14:36:00.400300+00:00,recovery_scenario,iperf_tcp,,5,,twin_core,549445,9.9,26947584,29957,2002,31959,44,437.4676
2026-05-09T14:36:00.400300+00:00,recovery_scenario,iperf_tcp,,5,,ryu_controller,549433,99.4,61616128,52679,1487,54166,1,9.9447
2026-05-09T14:36:00.500703+00:00,recovery_scenario,iperf_tcp,,5,,twin_core,549445,0.0,26947584,29957,2002,31959,0,0.0
2026-05-09T14:36:00.500703+00:00,recovery_scenario,iperf_tcp,,5,,ryu_controller,549433,99.6,61616128,52679,1488,54167,1,9.9597
2026-05-09T14:36:00.601177+00:00,recovery_scenario,iperf_tcp,,5,,twin_core,549445,0.0,26947584,29957,2002,31959,0,0.0
2026-05-09T14:36:00.601177+00:00,recovery_scenario,iperf_tcp,,5,,ryu_controller,549433,99.5,61616128,52679,1489,54168,1,9.9463
2026-05-09T14:36:00.702636+00:00,recovery_scenario,iperf_tcp,,5,,twin_core,549445,19.7,26947584,29957,2002,31959,0,0.0
2026-05-09T14:36:00.702636+00:00,recovery_scenario,iperf_tcp,,5,,ryu_controller,549433,108.4,61616128,52679,1489,54168,0,0.0
2026-05-09T14:36:00.803282+00:00,recovery_scenario,iperf_tcp,,5,,twin_core,549445,9.9,26947584,29957,2002,31959,0,0.0
2026-05-09T14:36:00.803282+00:00,recovery_scenario,iperf_tcp,,5,,ryu_controller,549433,89.3,61616128,52686,1489,54175,7,69.4709
2026-05-09T14:36:00.880639+00:00,recovery_scenario,iperf_tcp,,5,recovery_requested,,,,,,,,,
2026-05-09T14:36:00.904268+00:00,recovery_scenario,iperf_tcp,,5,,twin_core,549445,0.0,26947584,29966,2003,31969,10,98.9684
2026-05-09T14:36:00.904268+00:00,recovery_scenario,iperf_tcp,,5,,ryu_controller,549433,19.8,61616128,52698,1490,54188,13,128.9459
2026-05-09T14:36:01.004887+00:00,recovery_scenario,iperf_tcp,,5,,twin_core,549445,0.0,26947584,30005,2003,32008,39,386.9161
2026-05-09T14:36:01.004887+00:00,recovery_scenario,iperf_tcp,,5,,ryu_controller,549433,19.8,61616128,52727,1494,54221,33,327.0038
2026-05-09T14:36:01.105720+00:00,recovery_scenario,iperf_tcp,,5,,twin_core,549445,0.0,26947584,30044,2013,32057,49,486.8604
2026-05-09T14:36:01.105720+00:00,recovery_scenario,iperf_tcp,,5,,ryu_controller,549433,89.4,61616128,52737,1498,54235,14,137.6563
2026-05-09T14:36:01.207648+00:00,recovery_scenario,iperf_tcp,,5,,twin_core,549445,9.8,26947584,30089,2020,32109,52,507.7503
2026-05-09T14:36:01.207648+00:00,recovery_scenario,iperf_tcp,,5,,ryu_controller,549433,97.6,61616128,52737,1500,54237,2,19.7286
2026-05-09T14:36:01.309031+00:00,recovery_scenario,iperf_tcp,,5,,twin_core,549445,0.0,26947584,30112,2022,32134,25,247.6881
2026-05-09T14:36:01.309031+00:00,recovery_scenario,iperf_tcp,,5,,ryu_controller,549433,89.3,61616128,52737,1503,54240,3,29.7638
2026-05-09T14:36:01.409576+00:00,recovery_scenario,iperf_tcp,,5,,twin_core,549445,0.0,26947584,30112,2022,32134,0,0.0
2026-05-09T14:36:01.409576+00:00,recovery_scenario,iperf_tcp,,5,,ryu_controller,549433,109.3,61616128,52737,1504,54241,1,9.9419
2026-05-09T14:36:01.510097+00:00,recovery_scenario,iperf_tcp,,5,,twin_core,549445,0.0,26947584,30112,2022,32134,0,0.0
2026-05-09T14:36:01.510097+00:00,recovery_scenario,iperf_tcp,,5,,ryu_controller,549433,99.4,61616128,52737,1505,54242,1,9.9327
2026-05-09T14:36:01.610824+00:00,recovery_scenario,iperf_tcp,,5,,twin_core,549445,0.0,26947584,30112,2022,32134,0,0.0
2026-05-09T14:36:01.610824+00:00,recovery_scenario,iperf_tcp,,5,,ryu_controller,549433,99.1,61616128,52737,1505,54242,0,0.0
2026-05-09T14:36:01.711588+00:00,recovery_scenario,iperf_tcp,,5,,twin_core,549445,0.0,26947584,30112,2022,32134,0,0.0
2026-05-09T14:36:01.711588+00:00,recovery_scenario,iperf_tcp,,5,,ryu_controller,549433,79.6,61616128,52746,1505,54251,9,89.5555
2026-05-09T14:36:01.812091+00:00,recovery_scenario,iperf_tcp,,5,,twin_core,549445,0.0,26947584,30113,2022,32135,1,9.9291
2026-05-09T14:36:01.812091+00:00,recovery_scenario,iperf_tcp,,5,,ryu_controller,549433,9.9,61616128,52781,1505,54286,35,347.0507
2026-05-09T14:36:01.913068+00:00,recovery_scenario,iperf_tcp,,5,,twin_core,549445,0.0,26947584,30113,2022,32135,0,0.0
2026-05-09T14:36:01.913068+00:00,recovery_scenario,iperf_tcp,,5,,ryu_controller,549433,0.0,61616128,52806,1505,54311,25,248.0882
2026-05-09T14:36:02.013713+00:00,recovery_scenario,iperf_tcp,,5,,twin_core,549445,0.0,26947584,30113,2022,32135,0,0.0
2026-05-09T14:36:02.013713+00:00,recovery_scenario,iperf_tcp,,5,,ryu_controller,549433,10.0,61616128,52836,1505,54341,30,298.4917
2026-05-09T14:36:02.114170+00:00,recovery_scenario,iperf_tcp,,5,,twin_core,549445,0.0,26947584,30113,2022,32135,0,0.0
2026-05-09T14:36:02.114170+00:00,recovery_scenario,iperf_tcp,,5,,ryu_controller,549433,9.9,61616128,52847,1505,54352,11,109.1983
2026-05-09T14:36:02.215062+00:00,recovery_scenario,iperf_tcp,,5,,twin_core,549445,0.0,26947584,30113,2022,32135,0,0.0
2026-05-09T14:36:02.215062+00:00,recovery_scenario,iperf_tcp,,5,,ryu_controller,549433,0.0,61616128,52865,1505,54370,18,178.3982
2026-05-09T14:36:02.315941+00:00,recovery_scenario,iperf_tcp,,5,,twin_core,549445,9.9,26947584,30114,2022,32136,1,9.9119
2026-05-09T14:36:02.315941+00:00,recovery_scenario,iperf_tcp,,5,,ryu_controller,549433,0.0,61616128,52883,1505,54388,18,178.6075
2026-05-09T14:36:02.416617+00:00,recovery_scenario,iperf_tcp,,5,,twin_core,549445,0.0,26947584,30114,2022,32136,0,0.0
2026-05-09T14:36:02.416617+00:00,recovery_scenario,iperf_tcp,,5,,ryu_controller,549433,9.9,61616128,52895,1505,54400,12,118.3739
2026-05-09T14:36:02.518213+00:00,recovery_scenario,iperf_tcp,,5,,twin_core,549445,9.9,26947584,30114,2022,32136,0,0.0
2026-05-09T14:36:02.518213+00:00,recovery_scenario,iperf_tcp,,5,,ryu_controller,549433,0.0,61616128,52928,1505,54433,33,327.0222
2026-05-09T14:36:02.618935+00:00,recovery_scenario,iperf_tcp,,5,,twin_core,549445,0.0,26947584,30114,2022,32136,0,0.0
2026-05-09T14:36:02.618935+00:00,recovery_scenario,iperf_tcp,,5,,ryu_controller,549433,9.9,61616128,52945,1505,54450,17,168.4243
2026-05-09T14:36:02.719892+00:00,recovery_scenario,iperf_tcp,,5,,twin_core,549445,0.0,26947584,30114,2022,32136,0,0.0
2026-05-09T14:36:02.719892+00:00,recovery_scenario,iperf_tcp,,5,,ryu_controller,549433,9.9,61616128,52960,1505,54465,15,149.0048
2026-05-09T14:36:02.820488+00:00,recovery_scenario,iperf_tcp,,5,,twin_core,549445,0.0,26947584,30115,2022,32137,1,9.9385
2026-05-09T14:36:02.820488+00:00,recovery_scenario,iperf_tcp,,5,,ryu_controller,549433,19.9,61616128,52974,1505,54479,14,139.1518
2026-05-09T14:36:02.921274+00:00,recovery_scenario,iperf_tcp,,5,,twin_core,549445,9.9,26947584,30115,2022,32137,0,0.0
2026-05-09T14:36:02.921274+00:00,recovery_scenario,iperf_tcp,,5,,ryu_controller,549433,89.4,61616128,53002,1505,54507,28,278.2688
2026-05-09T14:36:03.021903+00:00,recovery_scenario,iperf_tcp,,5,,twin_core,549445,0.0,26947584,30115,2022,32137,0,0.0
2026-05-09T14:36:03.021903+00:00,recovery_scenario,iperf_tcp,,5,,ryu_controller,549433,0.0,61616128,53019,1505,54524,17,168.8502
2026-05-09T14:36:03.122397+00:00,recovery_scenario,iperf_tcp,,5,,twin_core,549445,0.0,26947584,30115,2022,32137,0,0.0
2026-05-09T14:36:03.122397+00:00,recovery_scenario,iperf_tcp,,5,,ryu_controller,549433,9.9,61616128,53026,1505,54531,7,69.4778
2026-05-09T14:36:03.223303+00:00,recovery_scenario,iperf_tcp,,5,,twin_core,549445,0.0,26947584,30115,2022,32137,0,0.0
2026-05-09T14:36:03.223303+00:00,recovery_scenario,iperf_tcp,,5,,ryu_controller,549433,9.9,61616128,53032,1505,54537,6,59.5161
2026-05-09T14:36:03.294128+00:00,recovery_scenario,iperf_tcp,,5,scenario_teardown,,,,,,,,,
2026-05-09T14:36:03.323977+00:00,recovery_scenario,iperf_tcp,,5,,twin_core,549445,9.9,26947584,30121,2022,32143,6,59.6531
2026-05-09T14:36:03.323977+00:00,recovery_scenario,iperf_tcp,,5,,ryu_controller,549433,0.0,61616128,53038,1506,54544,7,69.5654
2026-05-09T14:36:03.424628+00:00,recovery_scenario,iperf_tcp,,5,,twin_core,549445,0.0,26947584,30144,2022,32166,23,228.5722
2026-05-09T14:36:03.424628+00:00,recovery_scenario,iperf_tcp,,5,,ryu_controller,549433,9.9,61616128,53067,1508,54575,31,308.5302
2026-05-09T14:36:03.525642+00:00,recovery_scenario,iperf_tcp,,5,,twin_core,549445,0.0,26947584,30170,2023,32193,27,267.2735
2026-05-09T14:36:03.525642+00:00,recovery_scenario,iperf_tcp,,5,,ryu_controller,549433,9.9,61616128,53087,1523,54610,35,346.434
2026-05-09T14:36:03.626260+00:00,recovery_scenario,iperf_tcp,,5,,twin_core,549445,0.0,26947584,30170,2023,32193,0,0.0
2026-05-09T14:36:03.626260+00:00,recovery_scenario,iperf_tcp,,5,,ryu_controller,549433,9.9,61616128,53099,1529,54628,18,178.9715
2026-05-09T14:36:03.726691+00:00,recovery_scenario,iperf_tcp,,5,,twin_core,549445,0.0,26947584,30170,2023,32193,0,0.0
2026-05-09T14:36:03.726691+00:00,recovery_scenario,iperf_tcp,,5,,ryu_controller,549433,9.9,61616128,53107,1529,54636,8,79.5843
2026-05-09T14:36:04.198552+00:00,recovery_scenario,iperf_tcp,,6,,twin_core,549445,0.0,26947584,30572,2104,32676,0,0.0
2026-05-09T14:36:04.198552+00:00,recovery_scenario,iperf_tcp,,6,,ryu_controller,549433,0.0,61616128,53152,1530,54682,0,0.0
2026-05-09T14:36:04.303645+00:00,recovery_scenario,iperf_tcp,,6,,twin_core,549445,0.0,26947584,30574,2104,32678,2,19.0096
2026-05-09T14:36:04.303645+00:00,recovery_scenario,iperf_tcp,,6,,ryu_controller,549433,0.0,61616128,53153,1530,54683,1,9.501
2026-05-09T14:36:04.404406+00:00,recovery_scenario,iperf_tcp,,6,,twin_core,549445,9.9,26947584,30584,2105,32689,11,109.2277
2026-05-09T14:36:04.404406+00:00,recovery_scenario,iperf_tcp,,6,,ryu_controller,549433,19.9,61616128,53163,1541,54704,21,208.507
2026-05-09T14:36:04.504980+00:00,recovery_scenario,iperf_tcp,,6,,twin_core,549445,0.0,26947584,30687,2113,32800,111,1101.8395
2026-05-09T14:36:04.504980+00:00,recovery_scenario,iperf_tcp,,6,,ryu_controller,549433,39.6,61616128,53181,1542,54723,19,188.1957
2026-05-09T14:36:04.596540+00:00,recovery_scenario,iperf_tcp,,6,service_started,,,,,,,,,
2026-05-09T14:36:04.606005+00:00,recovery_scenario,iperf_tcp,,6,,twin_core,549445,19.8,26947584,30780,2114,32894,94,932.2434
2026-05-09T14:36:04.606005+00:00,recovery_scenario,iperf_tcp,,6,,ryu_controller,549433,29.8,61616128,53223,1546,54769,46,457.5512
2026-05-09T14:36:04.706459+00:00,recovery_scenario,iperf_tcp,,6,,twin_core,549445,10.0,26947584,30781,2114,32895,1,9.9546
2026-05-09T14:36:04.706459+00:00,recovery_scenario,iperf_tcp,,6,,ryu_controller,549433,49.8,61616128,53286,1547,54833,64,637.0211
2026-05-09T14:36:04.806906+00:00,recovery_scenario,iperf_tcp,,6,,twin_core,549445,0.0,26947584,30781,2114,32895,0,0.0
2026-05-09T14:36:04.806906+00:00,recovery_scenario,iperf_tcp,,6,,ryu_controller,549433,9.9,61616128,53302,1547,54849,16,158.9224
2026-05-09T14:36:04.912265+00:00,recovery_scenario,iperf_tcp,,6,,twin_core,549445,0.0,26947584,30781,2114,32895,0,0.0
2026-05-09T14:36:04.912265+00:00,recovery_scenario,iperf_tcp,,6,,ryu_controller,549433,37.8,61616128,53302,1551,54853,4,37.7316
2026-05-09T14:36:05.013728+00:00,recovery_scenario,iperf_tcp,,6,,twin_core,549445,0.0,26947584,30781,2114,32895,0,0.0
2026-05-09T14:36:05.013728+00:00,recovery_scenario,iperf_tcp,,6,,ryu_controller,549433,99.0,61616128,53331,1556,54887,34,336.7809
2026-05-09T14:36:05.114618+00:00,recovery_scenario,iperf_tcp,,6,,twin_core,549445,0.0,26947584,30781,2114,32895,0,0.0
2026-05-09T14:36:05.114618+00:00,recovery_scenario,iperf_tcp,,6,,ryu_controller,549433,29.7,61616128,53366,1558,54924,37,365.8825
2026-05-09T14:36:05.215665+00:00,recovery_scenario,iperf_tcp,,6,,twin_core,549445,0.0,26947584,30781,2114,32895,0,0.0
2026-05-09T14:36:05.215665+00:00,recovery_scenario,iperf_tcp,,6,,ryu_controller,549433,9.9,61616128,53377,1559,54936,12,119.3124
2026-05-09T14:36:05.316292+00:00,recovery_scenario,iperf_tcp,,6,,twin_core,549445,0.0,26947584,30781,2114,32895,0,0.0
2026-05-09T14:36:05.316292+00:00,recovery_scenario,iperf_tcp,,6,,ryu_controller,549433,29.8,61616128,53399,1559,54958,22,218.9344
2026-05-09T14:36:05.418017+00:00,recovery_scenario,iperf_tcp,,6,,twin_core,549445,0.0,26947584,30781,2114,32895,0,0.0
2026-05-09T14:36:05.418017+00:00,recovery_scenario,iperf_tcp,,6,,ryu_controller,549433,9.8,61616128,53415,1559,54974,16,157.0575
2026-05-09T14:36:05.519443+00:00,recovery_scenario,iperf_tcp,,6,,twin_core,549445,0.0,26947584,30781,2114,32895,0,0.0
2026-05-09T14:36:05.519443+00:00,recovery_scenario,iperf_tcp,,6,,ryu_controller,549433,19.7,61616128,53434,1559,54993,19,187.5669
2026-05-09T14:36:05.619948+00:00,recovery_scenario,iperf_tcp,,6,,twin_core,549445,0.0,26947584,30781,2114,32895,0,0.0
2026-05-09T14:36:05.619948+00:00,recovery_scenario,iperf_tcp,,6,,ryu_controller,549433,29.8,61616128,53468,1559,55027,34,337.9727
2026-05-09T14:36:05.720578+00:00,recovery_scenario,iperf_tcp,,6,,twin_core,549445,0.0,26947584,30781,2114,32895,0,0.0
2026-05-09T14:36:05.720578+00:00,recovery_scenario,iperf_tcp,,6,,ryu_controller,549433,19.9,61616128,53507,1559,55066,39,387.8958
2026-05-09T14:36:05.821037+00:00,recovery_scenario,iperf_tcp,,6,,twin_core,549445,10.0,26947584,30781,2114,32895,0,0.0
2026-05-09T14:36:05.821037+00:00,recovery_scenario,iperf_tcp,,6,,ryu_controller,549433,19.9,61616128,53546,1559,55105,39,387.9987
2026-05-09T14:36:05.921570+00:00,recovery_scenario,iperf_tcp,,6,,twin_core,549445,0.0,26947584,30781,2114,32895,0,0.0
2026-05-09T14:36:05.921570+00:00,recovery_scenario,iperf_tcp,,6,,ryu_controller,549433,9.9,61616128,53578,1559,55137,32,318.1589
2026-05-09T14:36:06.022200+00:00,recovery_scenario,iperf_tcp,,6,,twin_core,549445,0.0,26947584,30781,2114,32895,0,0.0
2026-05-09T14:36:06.022200+00:00,recovery_scenario,iperf_tcp,,6,,ryu_controller,549433,49.7,61616128,53630,1559,55189,52,517.3201
2026-05-09T14:36:06.124094+00:00,recovery_scenario,iperf_tcp,,6,,twin_core,549445,0.0,26947584,30781,2114,32895,0,0.0
2026-05-09T14:36:06.124094+00:00,recovery_scenario,iperf_tcp,,6,,ryu_controller,549433,9.8,61616128,53658,1559,55217,28,274.5759
2026-05-09T14:36:06.228816+00:00,recovery_scenario,iperf_tcp,,6,,twin_core,549445,0.0,26947584,30781,2114,32895,0,0.0
2026-05-09T14:36:06.228816+00:00,recovery_scenario,iperf_tcp,,6,,ryu_controller,549433,0.0,61616128,53667,1559,55226,9,85.7774
2026-05-09T14:36:06.329564+00:00,recovery_scenario,iperf_tcp,,6,,twin_core,549445,0.0,26947584,30781,2114,32895,0,0.0
2026-05-09T14:36:06.329564+00:00,recovery_scenario,iperf_tcp,,6,,ryu_controller,549433,9.9,61616128,53689,1559,55248,22,219.0207
2026-05-09T14:36:06.430010+00:00,recovery_scenario,iperf_tcp,,6,,twin_core,549445,0.0,26947584,30781,2114,32895,0,0.0
2026-05-09T14:36:06.430010+00:00,recovery_scenario,iperf_tcp,,6,,ryu_controller,549433,9.9,61616128,53694,1559,55253,5,49.6794
2026-05-09T14:36:06.530648+00:00,recovery_scenario,iperf_tcp,,6,,twin_core,549445,0.0,26947584,30781,2114,32895,0,0.0
2026-05-09T14:36:06.530648+00:00,recovery_scenario,iperf_tcp,,6,,ryu_controller,549433,0.0,61616128,53701,1559,55260,7,69.6205
2026-05-09T14:36:06.631198+00:00,recovery_scenario,iperf_tcp,,6,,twin_core,549445,0.0,26947584,30781,2114,32895,0,0.0
2026-05-09T14:36:06.631198+00:00,recovery_scenario,iperf_tcp,,6,,ryu_controller,549433,10.0,61616128,53728,1559,55287,27,268.8295
2026-05-09T14:36:06.731636+00:00,recovery_scenario,iperf_tcp,,6,,twin_core,549445,10.0,26947584,30783,2114,32897,2,19.9161
2026-05-09T14:36:06.731636+00:00,recovery_scenario,iperf_tcp,,6,,ryu_controller,549433,49.8,61616128,53790,1560,55350,63,627.394
2026-05-09T14:36:06.832807+00:00,recovery_scenario,iperf_tcp,,6,,twin_core,549445,0.0,26947584,30789,2114,32903,6,59.2674
2026-05-09T14:36:06.832807+00:00,recovery_scenario,iperf_tcp,,6,,ryu_controller,549433,9.9,61616128,53816,1560,55376,26,256.3844
2026-05-09T14:36:06.934197+00:00,recovery_scenario,iperf_tcp,,6,,twin_core,549445,0.0,26947584,30792,2114,32906,3,29.5853
2026-05-09T14:36:06.934197+00:00,recovery_scenario,iperf_tcp,,6,,ryu_controller,549433,9.9,61616128,53835,1560,55395,19,187.6437
2026-05-09T14:36:07.034864+00:00,recovery_scenario,iperf_tcp,,6,,twin_core,549445,0.0,26947584,30795,2114,32909,3,29.8194
2026-05-09T14:36:07.034864+00:00,recovery_scenario,iperf_tcp,,6,,ryu_controller,549433,19.9,61616128,53862,1560,55422,27,268.1422
2026-05-09T14:36:07.135485+00:00,recovery_scenario,iperf_tcp,,6,,twin_core,549445,0.0,26947584,30798,2114,32912,3,29.8141
2026-05-09T14:36:07.135485+00:00,recovery_scenario,iperf_tcp,,6,,ryu_controller,549433,39.7,61616128,53904,1560,55464,42,417.582
2026-05-09T14:36:07.236027+00:00,recovery_scenario,iperf_tcp,,6,,twin_core,549445,0.0,26947584,30800,2114,32914,2,19.8594
2026-05-09T14:36:07.236027+00:00,recovery_scenario,iperf_tcp,,6,,ryu_controller,549433,19.9,61616128,53915,1560,55475,11,109.2711
2026-05-09T14:36:07.337198+00:00,recovery_scenario,iperf_tcp,,6,,twin_core,549445,0.0,26947584,30801,2114,32915,1,9.8916
2026-05-09T14:36:07.337198+00:00,recovery_scenario,iperf_tcp,,6,,ryu_controller,549433,9.9,61616128,53932,1560,55492,17,168.1894
2026-05-09T14:36:07.437734+00:00,recovery_scenario,iperf_tcp,,6,,twin_core,549445,0.0,26947584,30810,2114,32924,9,89.546
2026-05-09T14:36:07.437734+00:00,recovery_scenario,iperf_tcp,,6,,ryu_controller,549433,9.9,61616128,53953,1560,55513,21,208.6643
2026-05-09T14:36:07.539830+00:00,recovery_scenario,iperf_tcp,,6,,twin_core,549445,9.8,26947584,30813,2114,32927,3,29.3802
2026-05-09T14:36:07.539830+00:00,recovery_scenario,iperf_tcp,,6,,ryu_controller,549433,9.8,61616128,53974,1560,55534,21,205.7499
2026-05-09T14:36:07.641911+00:00,recovery_scenario,iperf_tcp,,6,,twin_core,549445,0.0,26947584,30816,2114,32930,3,29.4049
2026-05-09T14:36:07.641911+00:00,recovery_scenario,iperf_tcp,,6,,ryu_controller,549433,9.8,61616128,53989,1560,55549,15,146.7758
2026-05-09T14:36:07.742708+00:00,recovery_scenario,iperf_tcp,,6,,twin_core,549445,0.0,26947584,30822,2114,32936,6,59.5046
2026-05-09T14:36:07.742708+00:00,recovery_scenario,iperf_tcp,,6,,ryu_controller,549433,9.9,61616128,54020,1560,55580,31,305.8296
2026-05-09T14:36:07.844025+00:00,recovery_scenario,iperf_tcp,,6,,twin_core,549445,0.0,26947584,30830,2114,32944,8,78.9137
2026-05-09T14:36:07.844025+00:00,recovery_scenario,iperf_tcp,,6,,ryu_controller,549433,0.0,61616128,54051,1560,55611,31,308.1313
2026-05-09T14:36:07.945187+00:00,recovery_scenario,iperf_tcp,,6,,twin_core,549445,0.0,26947584,30836,2114,32950,6,59.356
2026-05-09T14:36:07.945187+00:00,recovery_scenario,iperf_tcp,,6,,ryu_controller,549433,19.8,61616128,54093,1560,55653,42,415.563
2026-05-09T14:36:08.045648+00:00,recovery_scenario,iperf_tcp,,6,,twin_core,549445,10.0,26947584,30839,2114,32953,3,29.86
2026-05-09T14:36:08.045648+00:00,recovery_scenario,iperf_tcp,,6,,ryu_controller,549433,10.0,61616128,54116,1560,55676,23,228.9073
2026-05-09T14:36:08.146224+00:00,recovery_scenario,iperf_tcp,,6,,twin_core,549445,0.0,26947584,30842,2114,32956,3,29.8444
2026-05-09T14:36:08.146224+00:00,recovery_scenario,iperf_tcp,,6,,ryu_controller,549433,9.9,61616128,54144,1560,55704,28,278.5894
2026-05-09T14:36:08.247240+00:00,recovery_scenario,iperf_tcp,,6,,twin_core,549445,0.0,26947584,30845,2114,32959,3,29.6915
2026-05-09T14:36:08.247240+00:00,recovery_scenario,iperf_tcp,,6,,ryu_controller,549433,0.0,61616128,54154,1560,55714,10,98.9695
2026-05-09T14:36:08.347671+00:00,recovery_scenario,iperf_tcp,,6,,twin_core,549445,0.0,26947584,30848,2114,32962,3,29.8736
2026-05-09T14:36:08.347671+00:00,recovery_scenario,iperf_tcp,,6,,ryu_controller,549433,10.0,61616128,54166,1560,55726,12,119.5054
2026-05-09T14:36:08.448758+00:00,recovery_scenario,iperf_tcp,,6,,twin_core,549445,0.0,26947584,30860,2114,32974,12,118.7115
2026-05-09T14:36:08.448758+00:00,recovery_scenario,iperf_tcp,,6,,ryu_controller,549433,9.9,61616128,54185,1561,55746,20,197.8325
2026-05-09T14:36:08.549244+00:00,recovery_scenario,iperf_tcp,,6,,twin_core,549445,0.0,26947584,30863,2114,32977,3,29.85
2026-05-09T14:36:08.549244+00:00,recovery_scenario,iperf_tcp,,6,,ryu_controller,549433,9.9,61616128,54208,1561,55769,23,228.8572
2026-05-09T14:36:08.649744+00:00,recovery_scenario,iperf_tcp,,6,,twin_core,549445,0.0,26947584,30866,2114,32980,3,29.8373
2026-05-09T14:36:08.649744+00:00,recovery_scenario,iperf_tcp,,6,,ryu_controller,549433,9.9,61616128,54221,1561,55782,13,129.1202
2026-05-09T14:36:08.750358+00:00,recovery_scenario,iperf_tcp,,6,,twin_core,549445,9.9,26947584,30872,2114,32986,6,59.6923
2026-05-09T14:36:08.750358+00:00,recovery_scenario,iperf_tcp,,6,,ryu_controller,549433,59.7,61616128,54268,1561,55829,47,468.3145
2026-05-09T14:36:08.850726+00:00,recovery_scenario,iperf_tcp,,6,,twin_core,549445,0.0,26947584,30884,2114,32998,12,119.5292
2026-05-09T14:36:08.850726+00:00,recovery_scenario,iperf_tcp,,6,,ryu_controller,549433,10.0,61616128,54282,1561,55843,14,139.3014
2026-05-09T14:36:08.952040+00:00,recovery_scenario,iperf_tcp,,6,,twin_core,549445,0.0,26947584,30887,2114,33001,3,29.591
2026-05-09T14:36:08.952040+00:00,recovery_scenario,iperf_tcp,,6,,ryu_controller,549433,19.7,61616128,54309,1561,55870,27,266.587
2026-05-09T14:36:09.054161+00:00,recovery_scenario,iperf_tcp,,6,,twin_core,549445,0.0,26947584,30887,2114,33001,0,0.0
2026-05-09T14:36:09.054161+00:00,recovery_scenario,iperf_tcp,,6,,ryu_controller,549433,0.0,61616128,54322,1561,55883,13,127.1364
2026-05-09T14:36:09.154776+00:00,recovery_scenario,iperf_tcp,,6,,twin_core,549445,0.0,26947584,30893,2114,33007,6,59.6708
2026-05-09T14:36:09.154776+00:00,recovery_scenario,iperf_tcp,,6,,ryu_controller,549433,59.7,61616128,54368,1562,55930,47,467.9752
2026-05-09T14:36:09.255167+00:00,recovery_scenario,iperf_tcp,,6,,twin_core,549445,0.0,26947584,30903,2114,33017,10,99.6096
2026-05-09T14:36:09.255167+00:00,recovery_scenario,iperf_tcp,,6,,ryu_controller,549433,19.9,61616128,54392,1562,55954,24,239.0415
2026-05-09T14:36:09.355608+00:00,recovery_scenario,iperf_tcp,,6,,twin_core,549445,0.0,26947584,30909,2114,33023,6,59.7114
2026-05-09T14:36:09.355608+00:00,recovery_scenario,iperf_tcp,,6,,ryu_controller,549433,19.9,61616128,54426,1562,55988,34,338.3493
2026-05-09T14:36:09.456164+00:00,recovery_scenario,iperf_tcp,,6,,twin_core,549445,0.0,26947584,30909,2114,33023,0,0.0
2026-05-09T14:36:09.456164+00:00,recovery_scenario,iperf_tcp,,6,,ryu_controller,549433,19.9,61616128,54444,1562,56006,18,178.9049
2026-05-09T14:36:09.556707+00:00,recovery_scenario,iperf_tcp,,6,,twin_core,549445,0.0,26947584,30915,2114,33029,6,59.6829
2026-05-09T14:36:09.556707+00:00,recovery_scenario,iperf_tcp,,6,,ryu_controller,549433,10.0,61616128,54459,1562,56021,15,149.3524
2026-05-09T14:36:09.659321+00:00,recovery_scenario,iperf_tcp,,6,,twin_core,549445,9.7,26947584,30923,2114,33037,8,77.8224
2026-05-09T14:36:09.659321+00:00,recovery_scenario,iperf_tcp,,6,,ryu_controller,549433,0.0,61616128,54464,1562,56026,5,48.5278
2026-05-09T14:36:09.760161+00:00,recovery_scenario,iperf_tcp,,6,,twin_core,549445,0.0,26947584,30931,2114,33045,8,79.4774
2026-05-09T14:36:09.760161+00:00,recovery_scenario,iperf_tcp,,6,,ryu_controller,549433,10.0,61616128,54487,1562,56049,23,229.0235
2026-05-09T14:36:09.860612+00:00,recovery_scenario,iperf_tcp,,6,,twin_core,549445,0.0,26947584,30931,2114,33045,0,0.0
2026-05-09T14:36:09.860612+00:00,recovery_scenario,iperf_tcp,,6,,ryu_controller,549433,0.0,61616128,54501,1562,56063,14,139.2607
2026-05-09T14:36:09.961153+00:00,recovery_scenario,iperf_tcp,,6,,twin_core,549445,0.0,26947584,30937,2114,33051,6,59.6906
2026-05-09T14:36:09.961153+00:00,recovery_scenario,iperf_tcp,,6,,ryu_controller,549433,9.9,61616128,54512,1562,56074,11,109.4469
2026-05-09T14:36:10.061822+00:00,recovery_scenario,iperf_tcp,,6,,twin_core,549445,0.0,26947584,30943,2114,33057,6,59.602
2026-05-09T14:36:10.061822+00:00,recovery_scenario,iperf_tcp,,6,,ryu_controller,549433,9.9,61616128,54529,1562,56091,17,168.8308
2026-05-09T14:36:10.162878+00:00,recovery_scenario,iperf_tcp,,6,,twin_core,549445,0.0,26947584,30946,2114,33060,3,29.6852
2026-05-09T14:36:10.162878+00:00,recovery_scenario,iperf_tcp,,6,,ryu_controller,549433,0.0,61616128,54552,1562,56114,23,227.4573
2026-05-09T14:36:10.263475+00:00,recovery_scenario,iperf_tcp,,6,,twin_core,549445,0.0,26947584,30949,2114,33063,3,29.8322
2026-05-09T14:36:10.263475+00:00,recovery_scenario,iperf_tcp,,6,,ryu_controller,549433,0.0,61616128,54556,1562,56118,4,39.8074
2026-05-09T14:36:10.345723+00:00,recovery_scenario,iperf_tcp,,6,pingall_completed,,,,,,,,,
2026-05-09T14:36:10.363937+00:00,recovery_scenario,iperf_tcp,,6,,twin_core,549445,10.0,26947584,30964,2114,33078,15,149.1185
2026-05-09T14:36:10.363937+00:00,recovery_scenario,iperf_tcp,,6,,ryu_controller,549433,19.9,61616128,54583,1562,56145,27,268.3772
2026-05-09T14:36:10.467673+00:00,recovery_scenario,iperf_tcp,,6,,twin_core,549445,0.0,26947584,30964,2114,33078,0,0.0
2026-05-09T14:36:10.467673+00:00,recovery_scenario,iperf_tcp,,6,,ryu_controller,549433,0.0,61616128,54586,1562,56148,3,28.9142
2026-05-09T14:36:10.568841+00:00,recovery_scenario,iperf_tcp,,6,,twin_core,549445,0.0,26947584,30964,2114,33078,0,0.0
2026-05-09T14:36:10.568841+00:00,recovery_scenario,iperf_tcp,,6,,ryu_controller,549433,9.9,61616128,54590,1562,56152,4,39.5263
2026-05-09T14:36:10.669544+00:00,recovery_scenario,iperf_tcp,,6,,twin_core,549445,0.0,26947584,30964,2114,33078,0,0.0
2026-05-09T14:36:10.669544+00:00,recovery_scenario,iperf_tcp,,6,,ryu_controller,549433,0.0,61616128,54594,1562,56156,4,39.6097
2026-05-09T14:36:10.770506+00:00,recovery_scenario,iperf_tcp,,6,,twin_core,549445,9.9,26947584,30964,2114,33078,0,0.0
2026-05-09T14:36:10.770506+00:00,recovery_scenario,iperf_tcp,,6,,ryu_controller,549433,9.9,61616128,54603,1562,56165,9,89.5731
2026-05-09T14:36:10.871265+00:00,recovery_scenario,iperf_tcp,,6,,twin_core,549445,9.9,26947584,30964,2114,33078,0,0.0
2026-05-09T14:36:10.871265+00:00,recovery_scenario,iperf_tcp,,6,,ryu_controller,549433,79.4,61632512,54643,1564,56207,42,416.6508
2026-05-09T14:36:10.976010+00:00,recovery_scenario,iperf_tcp,,6,,twin_core,549445,0.0,26947584,30964,2114,33078,0,0.0
2026-05-09T14:36:10.976010+00:00,recovery_scenario,iperf_tcp,,6,,ryu_controller,549433,0.0,61632512,54647,1564,56211,4,38.1538
2026-05-09T14:36:11.077875+00:00,recovery_scenario,iperf_tcp,,6,,twin_core,549445,0.0,26947584,30964,2114,33078,0,0.0
2026-05-09T14:36:11.077875+00:00,recovery_scenario,iperf_tcp,,6,,ryu_controller,549433,9.8,61632512,54651,1564,56215,4,39.2298
2026-05-09T14:36:11.178595+00:00,recovery_scenario,iperf_tcp,,6,,twin_core,549445,0.0,26947584,30964,2114,33078,0,0.0
2026-05-09T14:36:11.178595+00:00,recovery_scenario,iperf_tcp,,6,,ryu_controller,549433,0.0,61632512,54657,1564,56221,6,59.4004
2026-05-09T14:36:11.281410+00:00,recovery_scenario,iperf_tcp,,6,,twin_core,549445,0.0,26947584,30964,2114,33078,0,0.0
2026-05-09T14:36:11.281410+00:00,recovery_scenario,iperf_tcp,,6,,ryu_controller,549433,78.0,61747200,54705,1564,56269,48,469.2422
2026-05-09T14:36:11.381865+00:00,recovery_scenario,iperf_tcp,,6,,twin_core,549445,0.0,26947584,30969,2114,33083,5,49.7578
2026-05-09T14:36:11.381865+00:00,recovery_scenario,iperf_tcp,,6,,ryu_controller,549433,9.9,61747200,54709,1564,56273,4,39.7594
2026-05-09T14:36:11.482518+00:00,recovery_scenario,iperf_tcp,,6,,twin_core,549445,0.0,26947584,30969,2114,33083,0,0.0
2026-05-09T14:36:11.482518+00:00,recovery_scenario,iperf_tcp,,6,,ryu_controller,549433,0.0,61747200,54712,1564,56276,3,29.8356
2026-05-09T14:36:11.583024+00:00,recovery_scenario,iperf_tcp,,6,,twin_core,549445,0.0,26947584,30969,2114,33083,0,0.0
2026-05-09T14:36:11.583024+00:00,recovery_scenario,iperf_tcp,,6,,ryu_controller,549433,0.0,61747200,54715,1564,56279,3,29.8207
2026-05-09T14:36:11.683604+00:00,recovery_scenario,iperf_tcp,,6,,twin_core,549445,0.0,26947584,30969,2114,33083,0,0.0
2026-05-09T14:36:11.683604+00:00,recovery_scenario,iperf_tcp,,6,,ryu_controller,549433,0.0,61747200,54718,1564,56282,3,29.857
2026-05-09T14:36:11.784085+00:00,recovery_scenario,iperf_tcp,,6,,twin_core,549445,0.0,26947584,30969,2114,33083,0,0.0
2026-05-09T14:36:11.784085+00:00,recovery_scenario,iperf_tcp,,6,,ryu_controller,549433,0.0,61747200,54725,1564,56289,7,69.6949
2026-05-09T14:36:11.885531+00:00,recovery_scenario,iperf_tcp,,6,,twin_core,549445,0.0,26947584,30969,2114,33083,0,0.0
2026-05-09T14:36:11.885531+00:00,recovery_scenario,iperf_tcp,,6,,ryu_controller,549433,0.0,61747200,54746,1564,56310,21,206.9711
2026-05-09T14:36:11.986008+00:00,recovery_scenario,iperf_tcp,,6,,twin_core,549445,0.0,26947584,30969,2114,33083,0,0.0
2026-05-09T14:36:11.986008+00:00,recovery_scenario,iperf_tcp,,6,,ryu_controller,549433,0.0,61747200,54749,1564,56313,3,29.8541
2026-05-09T14:36:12.086493+00:00,recovery_scenario,iperf_tcp,,6,,twin_core,549445,0.0,26947584,30969,2114,33083,0,0.0
2026-05-09T14:36:12.086493+00:00,recovery_scenario,iperf_tcp,,6,,ryu_controller,549433,9.9,61747200,54753,1564,56317,4,39.7856
2026-05-09T14:36:12.187085+00:00,recovery_scenario,iperf_tcp,,6,,twin_core,549445,0.0,26947584,30969,2114,33083,0,0.0
2026-05-09T14:36:12.187085+00:00,recovery_scenario,iperf_tcp,,6,,ryu_controller,549433,0.0,61747200,54759,1564,56323,6,59.3545
2026-05-09T14:36:12.288183+00:00,recovery_scenario,iperf_tcp,,6,,twin_core,549445,9.9,26947584,30969,2114,33083,0,0.0
2026-05-09T14:36:12.288183+00:00,recovery_scenario,iperf_tcp,,6,,ryu_controller,549433,0.0,61747200,54783,1564,56347,24,238.0107
2026-05-09T14:36:12.361950+00:00,recovery_scenario,iperf_tcp,,6,background_traffic_started,,,,,,,,,
2026-05-09T14:36:12.389000+00:00,recovery_scenario,iperf_tcp,,6,,twin_core,549445,0.0,26947584,30977,2114,33091,8,79.3077
2026-05-09T14:36:12.389000+00:00,recovery_scenario,iperf_tcp,,6,,ryu_controller,549433,9.9,61747200,54788,1564,56352,5,49.6356
2026-05-09T14:36:12.489695+00:00,recovery_scenario,iperf_tcp,,6,,twin_core,549445,0.0,26947584,31014,2114,33128,37,367.961
2026-05-09T14:36:12.489695+00:00,recovery_scenario,iperf_tcp,,6,,ryu_controller,549433,0.0,61747200,54791,1564,56355,3,29.5857
2026-05-09T14:36:12.547399+00:00,recovery_scenario,iperf_tcp,,6,fault_injected,,,,,,,,,
2026-05-09T14:36:12.592258+00:00,recovery_scenario,iperf_tcp,,6,,twin_core,549445,9.8,26947584,31059,2115,33174,46,448.6971
2026-05-09T14:36:12.592258+00:00,recovery_scenario,iperf_tcp,,6,,ryu_controller,549433,39.0,61747200,54794,1578,56372,17,167.2539
2026-05-09T14:36:12.692948+00:00,recovery_scenario,iperf_tcp,,6,,twin_core,549445,0.0,26947584,31107,2122,33229,55,546.2265
2026-05-09T14:36:12.692948+00:00,recovery_scenario,iperf_tcp,,6,,ryu_controller,549433,99.1,61747200,54794,1579,56373,1,9.9008
2026-05-09T14:36:12.793728+00:00,recovery_scenario,iperf_tcp,,6,,twin_core,549445,9.9,26947584,31151,2125,33276,47,464.0377
2026-05-09T14:36:12.793728+00:00,recovery_scenario,iperf_tcp,,6,,ryu_controller,549433,98.9,61747200,54794,1579,56373,0,0.0
2026-05-09T14:36:12.894778+00:00,recovery_scenario,iperf_tcp,,6,,twin_core,549445,0.0,26947584,31192,2128,33320,44,437.6339
2026-05-09T14:36:12.894778+00:00,recovery_scenario,iperf_tcp,,6,,ryu_controller,549433,99.5,61747200,54795,1581,56376,3,29.8486
2026-05-09T14:36:12.995276+00:00,recovery_scenario,iperf_tcp,,6,,twin_core,549445,19.9,26947584,31192,2128,33320,0,0.0
2026-05-09T14:36:12.995276+00:00,recovery_scenario,iperf_tcp,,6,,ryu_controller,549433,89.5,61747200,54814,1583,56397,21,209.0301
2026-05-09T14:36:13.096161+00:00,recovery_scenario,iperf_tcp,,6,,twin_core,549445,0.0,26947584,31192,2128,33320,0,0.0
2026-05-09T14:36:13.096161+00:00,recovery_scenario,iperf_tcp,,6,,ryu_controller,549433,19.8,61747200,54838,1583,56421,24,237.0401
2026-05-09T14:36:13.196975+00:00,recovery_scenario,iperf_tcp,,6,,twin_core,549445,0.0,26947584,31192,2128,33320,0,0.0
2026-05-09T14:36:13.196975+00:00,recovery_scenario,iperf_tcp,,6,,ryu_controller,549433,0.0,61747200,54841,1583,56424,3,29.7695
2026-05-09T14:36:13.297832+00:00,recovery_scenario,iperf_tcp,,6,,twin_core,549445,0.0,26947584,31192,2128,33320,0,0.0
2026-05-09T14:36:13.297832+00:00,recovery_scenario,iperf_tcp,,6,,ryu_controller,549433,19.9,61747200,54858,1583,56441,17,168.8401
2026-05-09T14:36:13.373026+00:00,recovery_scenario,iperf_tcp,,6,recovery_requested,,,,,,,,,
2026-05-09T14:36:13.398500+00:00,recovery_scenario,iperf_tcp,,6,,twin_core,549445,0.0,26947584,31199,2130,33329,9,89.2393
2026-05-09T14:36:13.398500+00:00,recovery_scenario,iperf_tcp,,6,,ryu_controller,549433,89.2,61747200,54893,1586,56479,38,376.9728
2026-05-09T14:36:13.499412+00:00,recovery_scenario,iperf_tcp,,6,,twin_core,549445,9.9,26947584,31236,2131,33367,38,377.17
2026-05-09T14:36:13.499412+00:00,recovery_scenario,iperf_tcp,,6,,ryu_controller,549433,19.8,61747200,54915,1589,56504,25,247.5066
2026-05-09T14:36:13.600519+00:00,recovery_scenario,iperf_tcp,,6,,twin_core,549445,0.0,26947584,31276,2143,33419,52,513.6591
2026-05-09T14:36:13.600519+00:00,recovery_scenario,iperf_tcp,,6,,ryu_controller,549433,89.2,61747200,54921,1590,56511,7,69.3763
2026-05-09T14:36:13.702632+00:00,recovery_scenario,iperf_tcp,,6,,twin_core,549445,0.0,26947584,31321,2152,33473,54,528.8265
2026-05-09T14:36:13.702632+00:00,recovery_scenario,iperf_tcp,,6,,ryu_controller,549433,97.6,61747200,54921,1590,56511,0,0.0
2026-05-09T14:36:13.804067+00:00,recovery_scenario,iperf_tcp,,6,,twin_core,549445,9.9,26947584,31341,2162,33503,30,295.9696
2026-05-09T14:36:13.804067+00:00,recovery_scenario,iperf_tcp,,6,,ryu_controller,549433,99.0,61747200,54921,1590,56511,0,0.0
2026-05-09T14:36:13.904559+00:00,recovery_scenario,iperf_tcp,,6,,twin_core,549445,0.0,26947584,31341,2162,33503,0,0.0
2026-05-09T14:36:13.904559+00:00,recovery_scenario,iperf_tcp,,6,,ryu_controller,549433,99.5,61747200,54921,1590,56511,0,0.0
2026-05-09T14:36:14.005040+00:00,recovery_scenario,iperf_tcp,,6,,twin_core,549445,0.0,26947584,31341,2162,33503,0,0.0
2026-05-09T14:36:14.005040+00:00,recovery_scenario,iperf_tcp,,6,,ryu_controller,549433,99.2,61747200,54921,1590,56511,0,0.0
2026-05-09T14:36:14.106005+00:00,recovery_scenario,iperf_tcp,,6,,twin_core,549445,9.9,26947584,31341,2162,33503,0,0.0
2026-05-09T14:36:14.106005+00:00,recovery_scenario,iperf_tcp,,6,,ryu_controller,549433,99.3,61747200,54921,1590,56511,0,0.0
2026-05-09T14:36:14.206519+00:00,recovery_scenario,iperf_tcp,,6,,twin_core,549445,0.0,26947584,31341,2162,33503,0,0.0
2026-05-09T14:36:14.206519+00:00,recovery_scenario,iperf_tcp,,6,,ryu_controller,549433,99.4,61747200,54921,1591,56512,1,9.9405
2026-05-09T14:36:14.307298+00:00,recovery_scenario,iperf_tcp,,6,,twin_core,549445,0.0,26947584,31342,2162,33504,1,9.9318
2026-05-09T14:36:14.307298+00:00,recovery_scenario,iperf_tcp,,6,,ryu_controller,549433,99.4,61747200,54921,1591,56512,0,0.0
2026-05-09T14:36:14.407920+00:00,recovery_scenario,iperf_tcp,,6,,twin_core,549445,0.0,26947584,31342,2162,33504,0,0.0
2026-05-09T14:36:14.407920+00:00,recovery_scenario,iperf_tcp,,6,,ryu_controller,549433,108.6,61747200,54921,1591,56512,0,0.0
2026-05-09T14:36:14.509502+00:00,recovery_scenario,iperf_tcp,,6,,twin_core,549445,0.0,26947584,31342,2162,33504,0,0.0
2026-05-09T14:36:14.509502+00:00,recovery_scenario,iperf_tcp,,6,,ryu_controller,549433,97.9,61747200,54921,1592,56513,1,9.7987
2026-05-09T14:36:14.611323+00:00,recovery_scenario,iperf_tcp,,6,,twin_core,549445,0.0,26947584,31342,2162,33504,0,0.0
2026-05-09T14:36:14.611323+00:00,recovery_scenario,iperf_tcp,,6,,ryu_controller,549433,59.6,61747200,54927,1592,56519,6,59.5807
2026-05-09T14:36:14.712081+00:00,recovery_scenario,iperf_tcp,,6,,twin_core,549445,0.0,26947584,31342,2162,33504,0,0.0
2026-05-09T14:36:14.712081+00:00,recovery_scenario,iperf_tcp,,6,,ryu_controller,549433,0.0,61747200,54934,1592,56526,7,69.4978
2026-05-09T14:36:14.812745+00:00,recovery_scenario,iperf_tcp,,6,,twin_core,549445,0.0,26947584,31343,2162,33505,1,9.9397
2026-05-09T14:36:14.812745+00:00,recovery_scenario,iperf_tcp,,6,,ryu_controller,549433,0.0,61747200,54955,1592,56547,21,208.2595
2026-05-09T14:36:14.913997+00:00,recovery_scenario,iperf_tcp,,6,,twin_core,549445,0.0,26947584,31343,2162,33505,0,0.0
2026-05-09T14:36:14.913997+00:00,recovery_scenario,iperf_tcp,,6,,ryu_controller,549433,9.8,61747200,54967,1594,56561,14,138.0471
2026-05-09T14:36:15.014931+00:00,recovery_scenario,iperf_tcp,,6,,twin_core,549445,0.0,26947584,31343,2162,33505,0,0.0
2026-05-09T14:36:15.014931+00:00,recovery_scenario,iperf_tcp,,6,,ryu_controller,549433,9.9,61747200,54982,1594,56576,15,149.1424
2026-05-09T14:36:15.115480+00:00,recovery_scenario,iperf_tcp,,6,,twin_core,549445,19.9,26947584,31343,2162,33505,0,0.0
2026-05-09T14:36:15.115480+00:00,recovery_scenario,iperf_tcp,,6,,ryu_controller,549433,69.7,61747200,55034,1595,56629,53,527.601
2026-05-09T14:36:15.215926+00:00,recovery_scenario,iperf_tcp,,6,,twin_core,549445,0.0,26947584,31343,2162,33505,0,0.0
2026-05-09T14:36:15.215926+00:00,recovery_scenario,iperf_tcp,,6,,ryu_controller,549433,0.0,61747200,55038,1595,56633,4,39.733
2026-05-09T14:36:15.272241+00:00,recovery_scenario,iperf_tcp,,6,scenario_teardown,,,,,,,,,
2026-05-09T14:36:15.316588+00:00,recovery_scenario,iperf_tcp,,6,,twin_core,549445,0.0,26947584,31351,2162,33513,8,79.6479
2026-05-09T14:36:15.316588+00:00,recovery_scenario,iperf_tcp,,6,,ryu_controller,549433,10.0,61747200,55071,1596,56667,34,338.5979
2026-05-09T14:36:15.417012+00:00,recovery_scenario,iperf_tcp,,6,,twin_core,549445,9.9,26947584,31372,2162,33534,21,208.637
2026-05-09T14:36:15.417012+00:00,recovery_scenario,iperf_tcp,,6,,ryu_controller,549433,9.9,61747200,55081,1599,56680,13,128.8566
2026-05-09T14:36:15.517891+00:00,recovery_scenario,iperf_tcp,,6,,twin_core,549445,0.0,26947584,31395,2163,33558,24,238.3907
2026-05-09T14:36:15.517891+00:00,recovery_scenario,iperf_tcp,,6,,ryu_controller,549433,19.8,61747200,55086,1609,56695,15,148.9478
2026-05-09T14:36:15.618651+00:00,recovery_scenario,iperf_tcp,,6,,twin_core,549445,9.9,26947584,31398,2163,33561,3,29.7187
2026-05-09T14:36:15.618651+00:00,recovery_scenario,iperf_tcp,,6,,ryu_controller,549433,9.9,61747200,55091,1610,56701,6,59.4674
2026-05-09T14:36:15.719604+00:00,recovery_scenario,iperf_tcp,,6,,twin_core,549445,0.0,26947584,31398,2163,33561,0,0.0
2026-05-09T14:36:15.719604+00:00,recovery_scenario,iperf_tcp,,6,,ryu_controller,549433,9.9,61747200,55100,1611,56711,10,99.0832
2026-05-09T14:36:16.257912+00:00,recovery_scenario,iperf_tcp,,7,,twin_core,549445,0.0,26947584,31797,2227,34024,0,0.0
2026-05-09T14:36:16.257912+00:00,recovery_scenario,iperf_tcp,,7,,ryu_controller,549433,0.0,61747200,55183,1612,56795,0,0.0
2026-05-09T14:36:16.358522+00:00,recovery_scenario,iperf_tcp,,7,,twin_core,549445,9.9,26947584,31846,2228,34074,50,496.9123
2026-05-09T14:36:16.358522+00:00,recovery_scenario,iperf_tcp,,7,,ryu_controller,549433,39.8,61747200,55195,1636,56831,36,358.1304
2026-05-09T14:36:16.458959+00:00,recovery_scenario,iperf_tcp,,7,,twin_core,549445,0.0,26947584,31949,2228,34177,103,1024.797
2026-05-09T14:36:16.458959+00:00,recovery_scenario,iperf_tcp,,7,,ryu_controller,549433,19.9,61747200,55222,1636,56858,27,268.6204
2026-05-09T14:36:16.512022+00:00,recovery_scenario,iperf_tcp,,7,service_started,,,,,,,,,
2026-05-09T14:36:16.559706+00:00,recovery_scenario,iperf_tcp,,7,,twin_core,549445,19.8,26947584,32006,2228,34234,57,565.5021
2026-05-09T14:36:16.559706+00:00,recovery_scenario,iperf_tcp,,7,,ryu_controller,549433,49.5,61747200,55285,1637,56922,64,633.5664
2026-05-09T14:36:16.661279+00:00,recovery_scenario,iperf_tcp,,7,,twin_core,549445,0.0,26947584,32007,2228,34235,1,9.8536
2026-05-09T14:36:16.661279+00:00,recovery_scenario,iperf_tcp,,7,,ryu_controller,549433,49.3,61747200,55329,1637,56966,44,434.4086
2026-05-09T14:36:16.761789+00:00,recovery_scenario,iperf_tcp,,7,,twin_core,549445,0.0,26947584,32007,2228,34235,0,0.0
2026-05-09T14:36:16.761789+00:00,recovery_scenario,iperf_tcp,,7,,ryu_controller,549433,10.0,61747200,55339,1637,56976,10,99.3068
2026-05-09T14:36:16.862553+00:00,recovery_scenario,iperf_tcp,,7,,twin_core,549445,0.0,26947584,32007,2228,34235,0,0.0
2026-05-09T14:36:16.862553+00:00,recovery_scenario,iperf_tcp,,7,,ryu_controller,549433,19.9,61747200,55365,1637,57002,26,258.6999
2026-05-09T14:36:16.967630+00:00,recovery_scenario,iperf_tcp,,7,,twin_core,549445,0.0,26947584,32007,2228,34235,0,0.0
2026-05-09T14:36:16.967630+00:00,recovery_scenario,iperf_tcp,,7,,ryu_controller,549433,9.5,61747200,55389,1637,57026,24,228.1807
2026-05-09T14:36:17.068900+00:00,recovery_scenario,iperf_tcp,,7,,twin_core,549445,0.0,26947584,32007,2228,34235,0,0.0
2026-05-09T14:36:17.068900+00:00,recovery_scenario,iperf_tcp,,7,,ryu_controller,549433,9.9,61747200,55399,1637,57036,10,98.7413
2026-05-09T14:36:17.170223+00:00,recovery_scenario,iperf_tcp,,7,,twin_core,549445,0.0,26947584,32007,2228,34235,0,0.0
2026-05-09T14:36:17.170223+00:00,recovery_scenario,iperf_tcp,,7,,ryu_controller,549433,9.9,61747200,55419,1637,57056,20,197.4878
2026-05-09T14:36:17.270723+00:00,recovery_scenario,iperf_tcp,,7,,twin_core,549445,10.0,26947584,32007,2228,34235,0,0.0
2026-05-09T14:36:17.270723+00:00,recovery_scenario,iperf_tcp,,7,,ryu_controller,549433,39.8,61747200,55455,1637,57092,36,358.4182
2026-05-09T14:36:17.371201+00:00,recovery_scenario,iperf_tcp,,7,,twin_core,549445,0.0,26947584,32007,2228,34235,0,0.0
2026-05-09T14:36:17.371201+00:00,recovery_scenario,iperf_tcp,,7,,ryu_controller,549433,0.0,61747200,55468,1638,57106,14,139.3599
2026-05-09T14:36:17.471651+00:00,recovery_scenario,iperf_tcp,,7,,twin_core,549445,0.0,26947584,32007,2228,34235,0,0.0
2026-05-09T14:36:17.471651+00:00,recovery_scenario,iperf_tcp,,7,,ryu_controller,549433,19.9,61747200,55496,1638,57134,28,278.5157
2026-05-09T14:36:17.575160+00:00,recovery_scenario,iperf_tcp,,7,,twin_core,549445,0.0,26947584,32007,2228,34235,0,0.0
2026-05-09T14:36:17.575160+00:00,recovery_scenario,iperf_tcp,,7,,ryu_controller,549433,29.0,61747200,55542,1638,57180,46,444.4435
2026-05-09T14:36:17.677101+00:00,recovery_scenario,iperf_tcp,,7,,twin_core,549445,0.0,26947584,32007,2228,34235,0,0.0
2026-05-09T14:36:17.677101+00:00,recovery_scenario,iperf_tcp,,7,,ryu_controller,549433,19.6,61747200,55583,1638,57221,41,402.034
2026-05-09T14:36:17.778145+00:00,recovery_scenario,iperf_tcp,,7,,twin_core,549445,0.0,26947584,32007,2228,34235,0,0.0
2026-05-09T14:36:17.778145+00:00,recovery_scenario,iperf_tcp,,7,,ryu_controller,549433,9.9,61747200,55596,1638,57234,13,128.6581
2026-05-09T14:36:17.878687+00:00,recovery_scenario,iperf_tcp,,7,,twin_core,549445,0.0,26947584,32007,2228,34235,0,0.0
2026-05-09T14:36:17.878687+00:00,recovery_scenario,iperf_tcp,,7,,ryu_controller,549433,10.0,61747200,55616,1638,57254,20,199.1814
2026-05-09T14:36:17.980019+00:00,recovery_scenario,iperf_tcp,,7,,twin_core,549445,0.0,26947584,32007,2228,34235,0,0.0
2026-05-09T14:36:17.980019+00:00,recovery_scenario,iperf_tcp,,7,,ryu_controller,549433,29.6,61747200,55671,1638,57309,55,541.7934
2026-05-09T14:36:18.081317+00:00,recovery_scenario,iperf_tcp,,7,,twin_core,549445,0.0,26947584,32007,2228,34235,0,0.0
2026-05-09T14:36:18.081317+00:00,recovery_scenario,iperf_tcp,,7,,ryu_controller,549433,9.9,61747200,55698,1638,57336,27,266.9097
2026-05-09T14:36:18.185506+00:00,recovery_scenario,iperf_tcp,,7,,twin_core,549445,0.0,26947584,32007,2228,34235,0,0.0
2026-05-09T14:36:18.185506+00:00,recovery_scenario,iperf_tcp,,7,,ryu_controller,549433,28.8,61747200,55731,1638,57369,33,316.5554
2026-05-09T14:36:18.286027+00:00,recovery_scenario,iperf_tcp,,7,,twin_core,549445,0.0,26947584,32007,2228,34235,0,0.0
2026-05-09T14:36:18.286027+00:00,recovery_scenario,iperf_tcp,,7,,ryu_controller,549433,10.0,61747200,55743,1638,57381,12,119.4424
2026-05-09T14:36:18.386480+00:00,recovery_scenario,iperf_tcp,,7,,twin_core,549445,0.0,26947584,32007,2228,34235,0,0.0
2026-05-09T14:36:18.386480+00:00,recovery_scenario,iperf_tcp,,7,,ryu_controller,549433,10.0,61747200,55780,1638,57418,37,368.3742
2026-05-09T14:36:18.486963+00:00,recovery_scenario,iperf_tcp,,7,,twin_core,549445,0.0,26947584,32007,2228,34235,0,0.0
2026-05-09T14:36:18.486963+00:00,recovery_scenario,iperf_tcp,,7,,ryu_controller,549433,9.9,61747200,55816,1638,57454,36,357.6045
2026-05-09T14:36:18.587599+00:00,recovery_scenario,iperf_tcp,,7,,twin_core,549445,9.9,26947584,32007,2228,34235,0,0.0
2026-05-09T14:36:18.587599+00:00,recovery_scenario,iperf_tcp,,7,,ryu_controller,549433,29.9,61747200,55875,1638,57513,59,587.6282
2026-05-09T14:36:18.688001+00:00,recovery_scenario,iperf_tcp,,7,,twin_core,549445,10.0,26947584,32009,2228,34237,2,19.8891
2026-05-09T14:36:18.688001+00:00,recovery_scenario,iperf_tcp,,7,,ryu_controller,549433,89.5,61747200,55920,1638,57558,45,447.3435
2026-05-09T14:36:18.790161+00:00,recovery_scenario,iperf_tcp,,7,,twin_core,549445,0.0,26947584,32015,2228,34243,6,58.7255
2026-05-09T14:36:18.790161+00:00,recovery_scenario,iperf_tcp,,7,,ryu_controller,549433,19.6,61747200,55955,1638,57593,35,342.5944
2026-05-09T14:36:18.890776+00:00,recovery_scenario,iperf_tcp,,7,,twin_core,549445,0.0,26947584,32018,2228,34246,3,29.8416
2026-05-09T14:36:18.890776+00:00,recovery_scenario,iperf_tcp,,7,,ryu_controller,549433,9.9,61747200,55972,1638,57610,17,168.9854
2026-05-09T14:36:18.992452+00:00,recovery_scenario,iperf_tcp,,7,,twin_core,549445,0.0,26947584,32021,2228,34249,3,29.4878
2026-05-09T14:36:18.992452+00:00,recovery_scenario,iperf_tcp,,7,,ryu_controller,549433,9.8,61747200,55990,1638,57628,18,177.0297
2026-05-09T14:36:19.093093+00:00,recovery_scenario,iperf_tcp,,7,,twin_core,549445,0.0,26947584,32024,2228,34252,3,29.819
2026-05-09T14:36:19.093093+00:00,recovery_scenario,iperf_tcp,,7,,ryu_controller,549433,9.9,61747200,56004,1638,57642,14,139.188
2026-05-09T14:36:19.193656+00:00,recovery_scenario,iperf_tcp,,7,,twin_core,549445,0.0,26947584,32027,2228,34255,3,29.8543
2026-05-09T14:36:19.193656+00:00,recovery_scenario,iperf_tcp,,7,,ryu_controller,549433,0.0,61747200,56021,1638,57659,17,169.1758
2026-05-09T14:36:19.294625+00:00,recovery_scenario,iperf_tcp,,7,,twin_core,549445,0.0,26947584,32027,2228,34255,0,0.0
2026-05-09T14:36:19.294625+00:00,recovery_scenario,iperf_tcp,,7,,ryu_controller,549433,9.9,61747200,56035,1638,57673,14,138.5844
2026-05-09T14:36:19.395138+00:00,recovery_scenario,iperf_tcp,,7,,twin_core,549445,10.0,26947584,32036,2228,34264,9,89.5879
2026-05-09T14:36:19.395138+00:00,recovery_scenario,iperf_tcp,,7,,ryu_controller,549433,10.0,61747200,56055,1639,57694,21,209.0774
2026-05-09T14:36:19.496172+00:00,recovery_scenario,iperf_tcp,,7,,twin_core,549445,0.0,26947584,32039,2228,34267,3,29.6684
2026-05-09T14:36:19.496172+00:00,recovery_scenario,iperf_tcp,,7,,ryu_controller,549433,19.8,61747200,56072,1639,57711,17,168.0827
2026-05-09T14:36:19.597855+00:00,recovery_scenario,iperf_tcp,,7,,twin_core,549445,0.0,26947584,32042,2228,34270,3,29.51
2026-05-09T14:36:19.597855+00:00,recovery_scenario,iperf_tcp,,7,,ryu_controller,549433,9.8,61747200,56085,1639,57724,13,127.2693
2026-05-09T14:36:19.698867+00:00,recovery_scenario,iperf_tcp,,7,,twin_core,549445,0.0,26947584,32048,2228,34276,6,59.4201
2026-05-09T14:36:19.698867+00:00,recovery_scenario,iperf_tcp,,7,,ryu_controller,549433,9.9,61747200,56100,1639,57739,15,149.1692
2026-05-09T14:36:19.799458+00:00,recovery_scenario,iperf_tcp,,7,,twin_core,549445,0.0,26947584,32055,2228,34283,7,69.5733
2026-05-09T14:36:19.799458+00:00,recovery_scenario,iperf_tcp,,7,,ryu_controller,549433,9.9,61747200,56114,1639,57753,14,138.502
2026-05-09T14:36:19.900502+00:00,recovery_scenario,iperf_tcp,,7,,twin_core,549445,0.0,26947584,32063,2228,34291,8,79.2075
2026-05-09T14:36:19.900502+00:00,recovery_scenario,iperf_tcp,,7,,ryu_controller,549433,9.9,61747200,56134,1639,57773,20,199.1097
2026-05-09T14:36:20.000920+00:00,recovery_scenario,iperf_tcp,,7,,twin_core,549445,0.0,26947584,32066,2228,34294,3,29.8713
2026-05-09T14:36:20.000920+00:00,recovery_scenario,iperf_tcp,,7,,ryu_controller,549433,0.0,61747200,56149,1639,57788,15,149.3083
2026-05-09T14:36:20.101398+00:00,recovery_scenario,iperf_tcp,,7,,twin_core,549445,0.0,26947584,32069,2228,34297,3,29.8593
2026-05-09T14:36:20.101398+00:00,recovery_scenario,iperf_tcp,,7,,ryu_controller,549433,10.0,61747200,56162,1639,57801,13,129.4262
2026-05-09T14:36:20.201835+00:00,recovery_scenario,iperf_tcp,,7,,twin_core,549445,0.0,26947584,32072,2228,34300,3,29.8438
2026-05-09T14:36:20.201835+00:00,recovery_scenario,iperf_tcp,,7,,ryu_controller,549433,19.9,61747200,56176,1639,57815,14,138.9905
2026-05-09T14:36:20.303620+00:00,recovery_scenario,iperf_tcp,,7,,twin_core,549445,0.0,26947584,32075,2228,34303,3,29.4686
2026-05-09T14:36:20.303620+00:00,recovery_scenario,iperf_tcp,,7,,ryu_controller,549433,0.0,61747200,56181,1639,57820,5,49.1965
2026-05-09T14:36:20.405062+00:00,recovery_scenario,iperf_tcp,,7,,twin_core,549445,0.0,26947584,32087,2228,34315,12,118.3904
2026-05-09T14:36:20.405062+00:00,recovery_scenario,iperf_tcp,,7,,ryu_controller,549433,9.9,61747200,56197,1639,57836,16,157.9278
2026-05-09T14:36:20.505539+00:00,recovery_scenario,iperf_tcp,,7,,twin_core,549445,0.0,26947584,32093,2228,34321,6,59.6931
2026-05-09T14:36:20.505539+00:00,recovery_scenario,iperf_tcp,,7,,ryu_controller,549433,19.9,61747200,56217,1639,57856,20,198.9268
2026-05-09T14:36:20.606798+00:00,recovery_scenario,iperf_tcp,,7,,twin_core,549445,9.9,26947584,32093,2228,34321,0,0.0
2026-05-09T14:36:20.606798+00:00,recovery_scenario,iperf_tcp,,7,,ryu_controller,549433,0.0,61747200,56230,1639,57869,13,128.2795
2026-05-09T14:36:20.707376+00:00,recovery_scenario,iperf_tcp,,7,,twin_core,549445,0.0,26947584,32099,2228,34327,6,59.6886
2026-05-09T14:36:20.707376+00:00,recovery_scenario,iperf_tcp,,7,,ryu_controller,549433,39.7,61747200,56264,1639,57903,34,336.1599
2026-05-09T14:36:20.808659+00:00,recovery_scenario,iperf_tcp,,7,,twin_core,549445,9.9,26947584,32112,2228,34340,13,128.3498
2026-05-09T14:36:20.808659+00:00,recovery_scenario,iperf_tcp,,7,,ryu_controller,549433,98.9,61747200,56291,1639,57930,27,268.566
2026-05-09T14:36:20.909237+00:00,recovery_scenario,iperf_tcp,,7,,twin_core,549445,0.0,26947584,32115,2228,34343,3,29.7489
2026-05-09T14:36:20.909237+00:00,recovery_scenario,iperf_tcp,,7,,ryu_controller,549433,9.9,61747200,56306,1639,57945,15,148.4837
2026-05-09T14:36:21.010247+00:00,recovery_scenario,iperf_tcp,,7,,twin_core,549445,0.0,26947584,32115,2228,34343,0,0.0
2026-05-09T14:36:21.010247+00:00,recovery_scenario,iperf_tcp,,7,,ryu_controller,549433,0.0,61747200,56316,1639,57955,10,99.3859
2026-05-09T14:36:21.111176+00:00,recovery_scenario,iperf_tcp,,7,,twin_core,549445,9.9,26947584,32121,2228,34349,6,59.4417
2026-05-09T14:36:21.111176+00:00,recovery_scenario,iperf_tcp,,7,,ryu_controller,549433,9.9,61747200,56329,1639,57968,13,128.7821
2026-05-09T14:36:21.211816+00:00,recovery_scenario,iperf_tcp,,7,,twin_core,549445,0.0,26947584,32129,2228,34357,8,79.4881
2026-05-09T14:36:21.211816+00:00,recovery_scenario,iperf_tcp,,7,,ryu_controller,549433,9.9,61747200,56345,1639,57984,16,158.4083
2026-05-09T14:36:21.312778+00:00,recovery_scenario,iperf_tcp,,7,,twin_core,549445,0.0,26947584,32139,2228,34367,10,99.0421
2026-05-09T14:36:21.312778+00:00,recovery_scenario,iperf_tcp,,7,,ryu_controller,549433,9.9,61747200,56363,1639,58002,18,178.7476
2026-05-09T14:36:21.413374+00:00,recovery_scenario,iperf_tcp,,7,,twin_core,549445,0.0,26947584,32139,2228,34367,0,0.0
2026-05-09T14:36:21.413374+00:00,recovery_scenario,iperf_tcp,,7,,ryu_controller,549433,19.9,61747200,56381,1639,58020,18,179.0524
2026-05-09T14:36:21.513932+00:00,recovery_scenario,iperf_tcp,,7,,twin_core,549445,0.0,26947584,32142,2228,34370,3,29.8341
2026-05-09T14:36:21.513932+00:00,recovery_scenario,iperf_tcp,,7,,ryu_controller,549433,0.0,61747200,56385,1639,58024,4,39.7798
2026-05-09T14:36:21.614477+00:00,recovery_scenario,iperf_tcp,,7,,twin_core,549445,0.0,26947584,32151,2228,34379,9,89.5368
2026-05-09T14:36:21.614477+00:00,recovery_scenario,iperf_tcp,,7,,ryu_controller,549433,9.9,61747200,56403,1639,58042,18,179.0858
2026-05-09T14:36:21.714935+00:00,recovery_scenario,iperf_tcp,,7,,twin_core,549445,0.0,26947584,32158,2228,34386,7,69.6974
2026-05-09T14:36:21.714935+00:00,recovery_scenario,iperf_tcp,,7,,ryu_controller,549433,0.0,61747200,56416,1639,58055,13,129.4193
2026-05-09T14:36:21.815407+00:00,recovery_scenario,iperf_tcp,,7,,twin_core,549445,0.0,26947584,32159,2228,34387,1,9.9494
2026-05-09T14:36:21.815407+00:00,recovery_scenario,iperf_tcp,,7,,ryu_controller,549433,19.9,61747200,56450,1640,58090,35,348.3292
2026-05-09T14:36:21.917016+00:00,recovery_scenario,iperf_tcp,,7,,twin_core,549445,0.0,26947584,32162,2228,34390,3,29.5073
2026-05-09T14:36:21.917016+00:00,recovery_scenario,iperf_tcp,,7,,ryu_controller,549433,9.8,61747200,56462,1640,58102,12,118.0036
2026-05-09T14:36:22.018478+00:00,recovery_scenario,iperf_tcp,,7,,twin_core,549445,9.9,26947584,32168,2228,34396,6,59.1604
2026-05-09T14:36:22.018478+00:00,recovery_scenario,iperf_tcp,,7,,ryu_controller,549433,0.0,61747200,56465,1640,58105,3,29.5647
2026-05-09T14:36:22.121571+00:00,recovery_scenario,iperf_tcp,,7,,twin_core,549445,0.0,26947584,32174,2228,34402,6,58.199
2026-05-09T14:36:22.121571+00:00,recovery_scenario,iperf_tcp,,7,,ryu_controller,549433,29.1,61747200,56492,1640,58132,27,262.0499
2026-05-09T14:36:22.223921+00:00,recovery_scenario,iperf_tcp,,7,,twin_core,549445,0.0,26947584,32177,2228,34405,3,29.3005
2026-05-09T14:36:22.223921+00:00,recovery_scenario,iperf_tcp,,7,,ryu_controller,549433,9.8,61747200,56504,1640,58144,12,117.2061
2026-05-09T14:36:22.325941+00:00,recovery_scenario,iperf_tcp,,7,,twin_core,549445,0.0,26947584,32180,2228,34408,3,29.3824
2026-05-09T14:36:22.325941+00:00,recovery_scenario,iperf_tcp,,7,,ryu_controller,549433,0.0,61747200,56507,1640,58147,3,29.3761
2026-05-09T14:36:22.352453+00:00,recovery_scenario,iperf_tcp,,7,pingall_completed,,,,,,,,,
2026-05-09T14:36:22.427805+00:00,recovery_scenario,iperf_tcp,,7,,twin_core,549445,0.0,26947584,32192,2228,34420,12,117.6779
2026-05-09T14:36:22.427805+00:00,recovery_scenario,iperf_tcp,,7,,ryu_controller,549433,0.0,61747200,56510,1640,58150,3,29.4176
2026-05-09T14:36:22.533239+00:00,recovery_scenario,iperf_tcp,,7,,twin_core,549445,0.0,26947584,32192,2228,34420,0,0.0
2026-05-09T14:36:22.533239+00:00,recovery_scenario,iperf_tcp,,7,,ryu_controller,549433,0.0,61747200,56514,1640,58154,4,38.0052
2026-05-09T14:36:22.638313+00:00,recovery_scenario,iperf_tcp,,7,,twin_core,549445,0.0,26947584,32192,2228,34420,0,0.0
2026-05-09T14:36:22.638313+00:00,recovery_scenario,iperf_tcp,,7,,ryu_controller,549433,9.5,61747200,56529,1640,58169,15,142.7363
2026-05-09T14:36:22.743187+00:00,recovery_scenario,iperf_tcp,,7,,twin_core,549445,0.0,26947584,32192,2228,34420,0,0.0
2026-05-09T14:36:22.743187+00:00,recovery_scenario,iperf_tcp,,7,,ryu_controller,549433,0.0,61747200,56533,1640,58173,4,38.1636
2026-05-09T14:36:22.843811+00:00,recovery_scenario,iperf_tcp,,7,,twin_core,549445,9.9,26947584,32192,2228,34420,0,0.0
2026-05-09T14:36:22.843811+00:00,recovery_scenario,iperf_tcp,,7,,ryu_controller,549433,88.9,61747200,56574,1641,58215,42,414.9542
2026-05-09T14:36:22.948178+00:00,recovery_scenario,iperf_tcp,,7,,twin_core,549445,9.6,26947584,32192,2228,34420,0,0.0
2026-05-09T14:36:22.948178+00:00,recovery_scenario,iperf_tcp,,7,,ryu_controller,549433,57.8,61779968,56608,1641,58249,34,327.6383
2026-05-09T14:36:23.051452+00:00,recovery_scenario,iperf_tcp,,7,,twin_core,549445,0.0,26947584,32192,2228,34420,0,0.0
2026-05-09T14:36:23.051452+00:00,recovery_scenario,iperf_tcp,,7,,ryu_controller,549433,0.0,61779968,56610,1641,58251,2,19.3614
2026-05-09T14:36:23.155670+00:00,recovery_scenario,iperf_tcp,,7,,twin_core,549445,0.0,26947584,32192,2228,34420,0,0.0
2026-05-09T14:36:23.155670+00:00,recovery_scenario,iperf_tcp,,7,,ryu_controller,549433,0.0,61779968,56613,1641,58254,3,28.8021
2026-05-09T14:36:23.261582+00:00,recovery_scenario,iperf_tcp,,7,,twin_core,549445,0.0,26947584,32192,2228,34420,0,0.0
2026-05-09T14:36:23.261582+00:00,recovery_scenario,iperf_tcp,,7,,ryu_controller,549433,0.0,61779968,56616,1641,58257,3,27.3063
2026-05-09T14:36:23.369557+00:00,recovery_scenario,iperf_tcp,,7,,twin_core,549445,9.3,26947584,32201,2228,34429,9,83.2564
2026-05-09T14:36:23.369557+00:00,recovery_scenario,iperf_tcp,,7,,ryu_controller,549433,9.3,61779968,56621,1641,58262,5,46.2819
2026-05-09T14:36:23.474288+00:00,recovery_scenario,iperf_tcp,,7,,twin_core,549445,0.0,26947584,32201,2228,34429,0,0.0
2026-05-09T14:36:23.474288+00:00,recovery_scenario,iperf_tcp,,7,,ryu_controller,549433,0.0,61779968,56623,1641,58264,2,19.7239
2026-05-09T14:36:23.575549+00:00,recovery_scenario,iperf_tcp,,7,,twin_core,549445,0.0,26947584,32201,2228,34429,0,0.0
2026-05-09T14:36:23.575549+00:00,recovery_scenario,iperf_tcp,,7,,ryu_controller,549433,0.0,61779968,56626,1641,58267,3,29.72
2026-05-09T14:36:23.676450+00:00,recovery_scenario,iperf_tcp,,7,,twin_core,549445,0.0,26947584,32201,2228,34429,0,0.0
2026-05-09T14:36:23.676450+00:00,recovery_scenario,iperf_tcp,,7,,ryu_controller,549433,0.0,61779968,56630,1641,58271,4,39.7429
2026-05-09T14:36:23.777077+00:00,recovery_scenario,iperf_tcp,,7,,twin_core,549445,0.0,26947584,32201,2228,34429,0,0.0
2026-05-09T14:36:23.777077+00:00,recovery_scenario,iperf_tcp,,7,,ryu_controller,549433,0.0,61779968,56642,1641,58283,12,118.9811
2026-05-09T14:36:23.878087+00:00,recovery_scenario,iperf_tcp,,7,,twin_core,549445,0.0,26947584,32201,2228,34429,0,0.0
2026-05-09T14:36:23.878087+00:00,recovery_scenario,iperf_tcp,,7,,ryu_controller,549433,0.0,61779968,56670,1641,58311,28,277.4719
2026-05-09T14:36:23.978848+00:00,recovery_scenario,iperf_tcp,,7,,twin_core,549445,0.0,26947584,32201,2228,34429,0,0.0
2026-05-09T14:36:23.978848+00:00,recovery_scenario,iperf_tcp,,7,,ryu_controller,549433,0.0,61779968,56682,1641,58323,12,119.3342
2026-05-09T14:36:24.079393+00:00,recovery_scenario,iperf_tcp,,7,,twin_core,549445,0.0,26947584,32201,2228,34429,0,0.0
2026-05-09T14:36:24.079393+00:00,recovery_scenario,iperf_tcp,,7,,ryu_controller,549433,9.9,61779968,56686,1641,58327,4,39.7917
2026-05-09T14:36:24.179917+00:00,recovery_scenario,iperf_tcp,,7,,twin_core,549445,0.0,26947584,32201,2228,34429,0,0.0
2026-05-09T14:36:24.179917+00:00,recovery_scenario,iperf_tcp,,7,,ryu_controller,549433,0.0,61779968,56690,1641,58331,4,39.7197
2026-05-09T14:36:24.280725+00:00,recovery_scenario,iperf_tcp,,7,,twin_core,549445,9.9,26947584,32201,2228,34429,0,0.0
2026-05-09T14:36:24.280725+00:00,recovery_scenario,iperf_tcp,,7,,ryu_controller,549433,0.0,61779968,56693,1641,58334,3,29.5806
2026-05-09T14:36:24.374584+00:00,recovery_scenario,iperf_tcp,,7,background_traffic_started,,,,,,,,,
2026-05-09T14:36:24.382204+00:00,recovery_scenario,iperf_tcp,,7,,twin_core,549445,0.0,26947584,32202,2228,34430,1,9.846
2026-05-09T14:36:24.382204+00:00,recovery_scenario,iperf_tcp,,7,,ryu_controller,549433,9.8,61779968,56699,1641,58340,6,59.3363
2026-05-09T14:36:24.483268+00:00,recovery_scenario,iperf_tcp,,7,,twin_core,549445,9.9,26947584,32232,2228,34460,30,297.3562
2026-05-09T14:36:24.483268+00:00,recovery_scenario,iperf_tcp,,7,,ryu_controller,549433,0.0,61779968,56718,1642,58360,20,198.2276
2026-05-09T14:36:24.584290+00:00,recovery_scenario,iperf_tcp,,7,,twin_core,549445,0.0,26947584,32270,2228,34498,38,376.3727
2026-05-09T14:36:24.584290+00:00,recovery_scenario,iperf_tcp,,7,,ryu_controller,549433,0.0,61779968,56732,1642,58374,14,139.0274
2026-05-09T14:36:24.601844+00:00,recovery_scenario,iperf_tcp,,7,fault_injected,,,,,,,,,
2026-05-09T14:36:24.684819+00:00,recovery_scenario,iperf_tcp,,7,,twin_core,549445,9.9,26947584,32312,2234,34546,48,477.5318
2026-05-09T14:36:24.684819+00:00,recovery_scenario,iperf_tcp,,7,,ryu_controller,549433,79.6,61779968,56735,1647,58382,8,79.5346
2026-05-09T14:36:24.785454+00:00,recovery_scenario,iperf_tcp,,7,,twin_core,549445,0.0,26947584,32357,2238,34595,49,486.8265
2026-05-09T14:36:24.785454+00:00,recovery_scenario,iperf_tcp,,7,,ryu_controller,549433,89.4,61779968,56735,1650,58385,3,29.8292
2026-05-09T14:36:24.885873+00:00,recovery_scenario,iperf_tcp,,7,,twin_core,549445,0.0,26947584,32397,2241,34638,43,427.9576
2026-05-09T14:36:24.885873+00:00,recovery_scenario,iperf_tcp,,7,,ryu_controller,549433,109.1,61779968,56735,1652,58387,2,19.8362
2026-05-09T14:36:24.986824+00:00,recovery_scenario,iperf_tcp,,7,,twin_core,549445,9.9,26947584,32418,2242,34660,22,218.0984
2026-05-09T14:36:24.986824+00:00,recovery_scenario,iperf_tcp,,7,,ryu_controller,549433,99.4,61779968,56735,1653,58388,1,9.9483
2026-05-09T14:36:25.087358+00:00,recovery_scenario,iperf_tcp,,7,,twin_core,549445,0.0,26947584,32418,2242,34660,0,0.0
2026-05-09T14:36:25.087358+00:00,recovery_scenario,iperf_tcp,,7,,ryu_controller,549433,99.4,61779968,56735,1653,58388,0,0.0
2026-05-09T14:36:25.188090+00:00,recovery_scenario,iperf_tcp,,7,,twin_core,549445,19.8,26947584,32418,2242,34660,0,0.0
2026-05-09T14:36:25.188090+00:00,recovery_scenario,iperf_tcp,,7,,ryu_controller,549433,98.8,61779968,56750,1653,58403,15,148.2799
2026-05-09T14:36:25.289329+00:00,recovery_scenario,iperf_tcp,,7,,twin_core,549445,0.0,26947584,32418,2242,34660,0,0.0
2026-05-09T14:36:25.289329+00:00,recovery_scenario,iperf_tcp,,7,,ryu_controller,549433,9.9,61779968,56762,1653,58415,12,118.9112
2026-05-09T14:36:25.390076+00:00,recovery_scenario,iperf_tcp,,7,,twin_core,549445,0.0,26947584,32418,2242,34660,0,0.0
2026-05-09T14:36:25.390076+00:00,recovery_scenario,iperf_tcp,,7,,ryu_controller,549433,9.9,61779968,56776,1653,58429,14,138.7538
2026-05-09T14:36:25.445089+00:00,recovery_scenario,iperf_tcp,,7,recovery_requested,,,,,,,,,
2026-05-09T14:36:25.490968+00:00,recovery_scenario,iperf_tcp,,7,,twin_core,549445,9.9,26947584,32438,2243,34681,21,207.9661
2026-05-09T14:36:25.490968+00:00,recovery_scenario,iperf_tcp,,7,,ryu_controller,549433,0.0,61779968,56803,1654,58457,28,277.5176
2026-05-09T14:36:25.591745+00:00,recovery_scenario,iperf_tcp,,7,,twin_core,549445,0.0,26947584,32480,2251,34731,50,497.7388
2026-05-09T14:36:25.591745+00:00,recovery_scenario,iperf_tcp,,7,,ryu_controller,549433,19.9,61779968,56825,1658,58483,26,258.9443
2026-05-09T14:36:25.692696+00:00,recovery_scenario,iperf_tcp,,7,,twin_core,549445,0.0,26947584,32518,2258,34776,45,444.3143
2026-05-09T14:36:25.692696+00:00,recovery_scenario,iperf_tcp,,7,,ryu_controller,549433,49.3,61779968,56851,1694,58545,62,610.7762
2026-05-09T14:36:25.793719+00:00,recovery_scenario,iperf_tcp,,7,,twin_core,549445,9.9,26947584,32550,2260,34810,34,337.1149
2026-05-09T14:36:25.793719+00:00,recovery_scenario,iperf_tcp,,7,,ryu_controller,549433,39.7,61779968,56893,1701,58594,49,486.5278
2026-05-09T14:36:25.894403+00:00,recovery_scenario,iperf_tcp,,7,,twin_core,549445,0.0,26947584,32568,2268,34836,26,258.3015
2026-05-09T14:36:25.894403+00:00,recovery_scenario,iperf_tcp,,7,,ryu_controller,549433,49.7,61779968,56910,1751,58661,67,665.7269
2026-05-09T14:36:25.995080+00:00,recovery_scenario,iperf_tcp,,7,,twin_core,549445,0.0,26947584,32568,2268,34836,0,0.0
2026-05-09T14:36:25.995080+00:00,recovery_scenario,iperf_tcp,,7,,ryu_controller,549433,89.5,61779968,56910,1757,58667,6,59.6751
2026-05-09T14:36:26.095678+00:00,recovery_scenario,iperf_tcp,,7,,twin_core,549445,0.0,26947584,32568,2268,34836,0,0.0
2026-05-09T14:36:26.095678+00:00,recovery_scenario,iperf_tcp,,7,,ryu_controller,549433,99.2,61779968,56910,1757,58667,0,0.0
2026-05-09T14:36:26.196348+00:00,recovery_scenario,iperf_tcp,,7,,twin_core,549445,0.0,26947584,32568,2268,34836,0,0.0
2026-05-09T14:36:26.196348+00:00,recovery_scenario,iperf_tcp,,7,,ryu_controller,549433,109.4,61779968,56910,1758,58668,1,9.9443
2026-05-09T14:36:26.296989+00:00,recovery_scenario,iperf_tcp,,7,,twin_core,549445,0.0,26947584,32568,2268,34836,0,0.0
2026-05-09T14:36:26.296989+00:00,recovery_scenario,iperf_tcp,,7,,ryu_controller,549433,99.1,61779968,56910,1760,58670,2,19.8251
2026-05-09T14:36:26.397905+00:00,recovery_scenario,iperf_tcp,,7,,twin_core,549445,0.0,26947584,32569,2268,34837,1,9.9256
2026-05-09T14:36:26.397905+00:00,recovery_scenario,iperf_tcp,,7,,ryu_controller,549433,99.2,61779968,56910,1761,58671,1,9.9255
2026-05-09T14:36:26.498750+00:00,recovery_scenario,iperf_tcp,,7,,twin_core,549445,0.0,26947584,32569,2268,34837,0,0.0
2026-05-09T14:36:26.498750+00:00,recovery_scenario,iperf_tcp,,7,,ryu_controller,549433,99.4,61779968,56910,1761,58671,0,0.0
2026-05-09T14:36:26.599241+00:00,recovery_scenario,iperf_tcp,,7,,twin_core,549445,0.0,26947584,32569,2268,34837,0,0.0
2026-05-09T14:36:26.599241+00:00,recovery_scenario,iperf_tcp,,7,,ryu_controller,549433,99.5,61779968,56910,1762,58672,1,9.953
2026-05-09T14:36:26.699675+00:00,recovery_scenario,iperf_tcp,,7,,twin_core,549445,0.0,26947584,32569,2268,34837,0,0.0
2026-05-09T14:36:26.699675+00:00,recovery_scenario,iperf_tcp,,7,,ryu_controller,549433,99.5,61779968,56910,1763,58673,1,9.9509
2026-05-09T14:36:26.800244+00:00,recovery_scenario,iperf_tcp,,7,,twin_core,549445,0.0,26947584,32569,2268,34837,0,0.0
2026-05-09T14:36:26.800244+00:00,recovery_scenario,iperf_tcp,,7,,ryu_controller,549433,109.4,61779968,56910,1765,58675,2,19.8887
2026-05-09T14:36:26.900697+00:00,recovery_scenario,iperf_tcp,,7,,twin_core,549445,0.0,26947584,32570,2268,34838,1,9.9468
2026-05-09T14:36:26.900697+00:00,recovery_scenario,iperf_tcp,,7,,ryu_controller,549433,89.3,61779968,56910,1765,58675,0,0.0
2026-05-09T14:36:27.001599+00:00,recovery_scenario,iperf_tcp,,7,,twin_core,549445,0.0,26947584,32570,2268,34838,0,0.0
2026-05-09T14:36:27.001599+00:00,recovery_scenario,iperf_tcp,,7,,ryu_controller,549433,99.3,61779968,56910,1765,58675,0,0.0
2026-05-09T14:36:27.102321+00:00,recovery_scenario,iperf_tcp,,7,,twin_core,549445,9.9,26947584,32570,2268,34838,0,0.0
2026-05-09T14:36:27.102321+00:00,recovery_scenario,iperf_tcp,,7,,ryu_controller,549433,109.0,61779968,56910,1769,58679,4,39.6346
2026-05-09T14:36:27.203494+00:00,recovery_scenario,iperf_tcp,,7,,twin_core,549445,0.0,26947584,32570,2268,34838,0,0.0
2026-05-09T14:36:27.203494+00:00,recovery_scenario,iperf_tcp,,7,,ryu_controller,549433,88.2,61779968,56910,1770,58680,1,9.7838
2026-05-09T14:36:27.305493+00:00,recovery_scenario,iperf_tcp,,7,,twin_core,549445,9.8,26947584,32570,2268,34838,0,0.0
2026-05-09T14:36:27.305493+00:00,recovery_scenario,iperf_tcp,,7,,ryu_controller,549433,108.2,61784064,56910,1770,58680,0,0.0
2026-05-09T14:36:27.407421+00:00,recovery_scenario,iperf_tcp,,7,,twin_core,549445,0.0,26947584,32571,2268,34839,1,9.8349
2026-05-09T14:36:27.407421+00:00,recovery_scenario,iperf_tcp,,7,,ryu_controller,549433,98.9,61788160,56910,1773,58683,3,29.7266
2026-05-09T14:36:27.508043+00:00,recovery_scenario,iperf_tcp,,7,,twin_core,549445,0.0,26947584,32571,2268,34839,0,0.0
2026-05-09T14:36:27.508043+00:00,recovery_scenario,iperf_tcp,,7,,ryu_controller,549433,99.1,61788160,56910,1777,58687,4,39.6158
2026-05-09T14:36:27.609850+00:00,recovery_scenario,iperf_tcp,,7,,twin_core,549445,0.0,26947584,32571,2268,34839,0,0.0
2026-05-09T14:36:27.609850+00:00,recovery_scenario,iperf_tcp,,7,,ryu_controller,549433,98.4,61788160,56910,1780,58690,3,29.4963
2026-05-09T14:36:27.710644+00:00,recovery_scenario,iperf_tcp,,7,,twin_core,549445,0.0,26947584,32571,2268,34839,0,0.0
2026-05-09T14:36:27.710644+00:00,recovery_scenario,iperf_tcp,,7,,ryu_controller,549433,98.8,61792256,56910,1780,58690,0,0.0
2026-05-09T14:36:27.811674+00:00,recovery_scenario,iperf_tcp,,7,,twin_core,549445,9.9,26947584,32571,2268,34839,0,0.0
2026-05-09T14:36:27.811674+00:00,recovery_scenario,iperf_tcp,,7,,ryu_controller,549433,99.5,61792256,56912,1782,58694,4,39.7961
2026-05-09T14:36:27.912324+00:00,recovery_scenario,iperf_tcp,,7,,twin_core,549445,9.9,26947584,32572,2268,34840,1,9.9357
2026-05-09T14:36:27.912324+00:00,recovery_scenario,iperf_tcp,,7,,ryu_controller,549433,79.5,61792256,56930,1783,58713,19,188.8216
2026-05-09T14:36:28.012757+00:00,recovery_scenario,iperf_tcp,,7,,twin_core,549445,0.0,26947584,32572,2268,34840,0,0.0
2026-05-09T14:36:28.012757+00:00,recovery_scenario,iperf_tcp,,7,,ryu_controller,549433,0.0,61792256,56937,1783,58720,7,69.6513
2026-05-09T14:36:28.113317+00:00,recovery_scenario,iperf_tcp,,7,,twin_core,549445,0.0,26947584,32572,2268,34840,0,0.0
2026-05-09T14:36:28.113317+00:00,recovery_scenario,iperf_tcp,,7,,ryu_controller,549433,0.0,61792256,56941,1783,58724,4,39.6554
2026-05-09T14:36:28.214179+00:00,recovery_scenario,iperf_tcp,,7,,twin_core,549445,0.0,26947584,32572,2268,34840,0,0.0
2026-05-09T14:36:28.214179+00:00,recovery_scenario,iperf_tcp,,7,,ryu_controller,549433,0.0,61792256,56944,1783,58727,3,29.7486
2026-05-09T14:36:28.315013+00:00,recovery_scenario,iperf_tcp,,7,,twin_core,549445,0.0,26947584,32572,2268,34840,0,0.0
2026-05-09T14:36:28.315013+00:00,recovery_scenario,iperf_tcp,,7,,ryu_controller,549433,0.0,61792256,56953,1783,58736,9,89.4406
2026-05-09T14:36:28.348768+00:00,recovery_scenario,iperf_tcp,,7,scenario_teardown,,,,,,,,,
2026-05-09T14:36:28.415663+00:00,recovery_scenario,iperf_tcp,,7,,twin_core,549445,0.0,26947584,32583,2270,34853,13,129.0559
2026-05-09T14:36:28.415663+00:00,recovery_scenario,iperf_tcp,,7,,ryu_controller,549433,9.9,61792256,56966,1786,58752,16,158.7241
2026-05-09T14:36:28.516422+00:00,recovery_scenario,iperf_tcp,,7,,twin_core,549445,9.9,26947584,32604,2271,34875,22,218.5873
2026-05-09T14:36:28.516422+00:00,recovery_scenario,iperf_tcp,,7,,ryu_controller,549433,9.9,61792256,56972,1789,58761,9,89.4391
2026-05-09T14:36:28.617088+00:00,recovery_scenario,iperf_tcp,,7,,twin_core,549445,0.0,26947584,32623,2272,34895,20,198.5034
2026-05-09T14:36:28.617088+00:00,recovery_scenario,iperf_tcp,,7,,ryu_controller,549433,9.9,61792256,56978,1795,58773,12,119.0407
2026-05-09T14:36:28.717889+00:00,recovery_scenario,iperf_tcp,,7,,twin_core,549445,0.0,26947584,32623,2272,34895,0,0.0
2026-05-09T14:36:28.717889+00:00,recovery_scenario,iperf_tcp,,7,,ryu_controller,549433,9.9,61792256,56987,1795,58782,9,89.4373
2026-05-09T14:36:29.306686+00:00,recovery_scenario,iperf_tcp,,8,,twin_core,549445,0.0,26947584,33018,2316,35334,0,0.0
2026-05-09T14:36:29.306686+00:00,recovery_scenario,iperf_tcp,,8,,ryu_controller,549433,0.0,61792256,57029,1796,58825,0,0.0
2026-05-09T14:36:29.408521+00:00,recovery_scenario,iperf_tcp,,8,,twin_core,549445,0.0,26947584,33063,2323,35386,52,510.6847
2026-05-09T14:36:29.408521+00:00,recovery_scenario,iperf_tcp,,8,,ryu_controller,549433,39.8,61792256,57040,1802,58842,17,169.275
2026-05-09T14:36:29.508975+00:00,recovery_scenario,iperf_tcp,,8,,twin_core,549445,19.9,26947584,33163,2324,35487,101,1004.6852
2026-05-09T14:36:29.508975+00:00,recovery_scenario,iperf_tcp,,8,,ryu_controller,549433,19.8,61792256,57067,1803,58870,28,277.4186
2026-05-09T14:36:29.563952+00:00,recovery_scenario,iperf_tcp,,8,service_started,,,,,,,,,
2026-05-09T14:36:29.609927+00:00,recovery_scenario,iperf_tcp,,8,,twin_core,549445,9.9,26947584,33216,2324,35540,53,525.3767
2026-05-09T14:36:29.609927+00:00,recovery_scenario,iperf_tcp,,8,,ryu_controller,549433,59.5,61792256,57128,1807,58935,65,644.9138
2026-05-09T14:36:29.710692+00:00,recovery_scenario,iperf_tcp,,8,,twin_core,549445,0.0,26947584,33217,2324,35541,1,9.9234
2026-05-09T14:36:29.710692+00:00,recovery_scenario,iperf_tcp,,8,,ryu_controller,549433,9.9,61792256,57151,1807,58958,23,228.9403
2026-05-09T14:36:29.811137+00:00,recovery_scenario,iperf_tcp,,8,,twin_core,549445,0.0,26947584,33217,2324,35541,0,0.0
2026-05-09T14:36:29.811137+00:00,recovery_scenario,iperf_tcp,,8,,ryu_controller,549433,29.9,61792256,57175,1807,58982,24,238.9546
2026-05-09T14:36:29.911564+00:00,recovery_scenario,iperf_tcp,,8,,twin_core,549445,0.0,26947584,33217,2324,35541,0,0.0
2026-05-09T14:36:29.911564+00:00,recovery_scenario,iperf_tcp,,8,,ryu_controller,549433,19.9,61792256,57203,1807,59010,28,278.6744
2026-05-09T14:36:30.012036+00:00,recovery_scenario,iperf_tcp,,8,,twin_core,549445,0.0,26947584,33217,2324,35541,0,0.0
2026-05-09T14:36:30.012036+00:00,recovery_scenario,iperf_tcp,,8,,ryu_controller,549433,49.7,61792256,57256,1807,59063,53,526.8064
2026-05-09T14:36:30.112693+00:00,recovery_scenario,iperf_tcp,,8,,twin_core,549445,0.0,26947584,33217,2324,35541,0,0.0
2026-05-09T14:36:30.112693+00:00,recovery_scenario,iperf_tcp,,8,,ryu_controller,549433,9.9,61792256,57268,1808,59076,13,129.2724
2026-05-09T14:36:30.217769+00:00,recovery_scenario,iperf_tcp,,8,,twin_core,549445,0.0,26947584,33217,2324,35541,0,0.0
2026-05-09T14:36:30.217769+00:00,recovery_scenario,iperf_tcp,,8,,ryu_controller,549433,9.5,61792256,57312,1808,59120,44,418.3271
2026-05-09T14:36:30.318374+00:00,recovery_scenario,iperf_tcp,,8,,twin_core,549445,0.0,26947584,33217,2324,35541,0,0.0
2026-05-09T14:36:30.318374+00:00,recovery_scenario,iperf_tcp,,8,,ryu_controller,549433,19.9,61792256,57337,1808,59145,25,248.6091
2026-05-09T14:36:30.418981+00:00,recovery_scenario,iperf_tcp,,8,,twin_core,549445,0.0,26947584,33217,2324,35541,0,0.0
2026-05-09T14:36:30.418981+00:00,recovery_scenario,iperf_tcp,,8,,ryu_controller,549433,9.9,61792256,57351,1808,59159,14,139.1178
2026-05-09T14:36:30.522852+00:00,recovery_scenario,iperf_tcp,,8,,twin_core,549445,0.0,26947584,33217,2324,35541,0,0.0
2026-05-09T14:36:30.522852+00:00,recovery_scenario,iperf_tcp,,8,,ryu_controller,549433,9.6,61792256,57372,1808,59180,21,202.2851
2026-05-09T14:36:30.623439+00:00,recovery_scenario,iperf_tcp,,8,,twin_core,549445,9.9,26947584,33217,2324,35541,0,0.0
2026-05-09T14:36:30.623439+00:00,recovery_scenario,iperf_tcp,,8,,ryu_controller,549433,19.9,61792256,57419,1808,59227,47,467.4342
2026-05-09T14:36:30.723925+00:00,recovery_scenario,iperf_tcp,,8,,twin_core,549445,0.0,26947584,33217,2324,35541,0,0.0
2026-05-09T14:36:30.723925+00:00,recovery_scenario,iperf_tcp,,8,,ryu_controller,549433,29.8,61792256,57460,1808,59268,41,407.8826
2026-05-09T14:36:30.824488+00:00,recovery_scenario,iperf_tcp,,8,,twin_core,549445,0.0,26947584,33217,2324,35541,0,0.0
2026-05-09T14:36:30.824488+00:00,recovery_scenario,iperf_tcp,,8,,ryu_controller,549433,10.0,61792256,57498,1808,59306,38,378.3094
2026-05-09T14:36:30.925547+00:00,recovery_scenario,iperf_tcp,,8,,twin_core,549445,0.0,26947584,33217,2324,35541,0,0.0
2026-05-09T14:36:30.925547+00:00,recovery_scenario,iperf_tcp,,8,,ryu_controller,549433,9.9,61792256,57528,1808,59336,30,296.7202
2026-05-09T14:36:31.026005+00:00,recovery_scenario,iperf_tcp,,8,,twin_core,549445,0.0,26947584,33217,2324,35541,0,0.0
2026-05-09T14:36:31.026005+00:00,recovery_scenario,iperf_tcp,,8,,ryu_controller,549433,29.9,61792256,57569,1808,59377,41,408.0345
2026-05-09T14:36:31.126484+00:00,recovery_scenario,iperf_tcp,,8,,twin_core,549445,0.0,26947584,33217,2324,35541,0,0.0
2026-05-09T14:36:31.126484+00:00,recovery_scenario,iperf_tcp,,8,,ryu_controller,549433,9.9,61792256,57576,1808,59384,7,69.5466
2026-05-09T14:36:31.227183+00:00,recovery_scenario,iperf_tcp,,8,,twin_core,549445,0.0,26947584,33217,2324,35541,0,0.0
2026-05-09T14:36:31.227183+00:00,recovery_scenario,iperf_tcp,,8,,ryu_controller,549433,39.8,61792256,57607,1808,59415,31,308.3479
2026-05-09T14:36:31.327701+00:00,recovery_scenario,iperf_tcp,,8,,twin_core,549445,0.0,26947584,33217,2324,35541,0,0.0
2026-05-09T14:36:31.327701+00:00,recovery_scenario,iperf_tcp,,8,,ryu_controller,549433,29.8,61792256,57638,1808,59446,31,308.3581
2026-05-09T14:36:31.428223+00:00,recovery_scenario,iperf_tcp,,8,,twin_core,549445,0.0,26947584,33217,2324,35541,0,0.0
2026-05-09T14:36:31.428223+00:00,recovery_scenario,iperf_tcp,,8,,ryu_controller,549433,10.0,61792256,57660,1808,59468,22,219.0797
2026-05-09T14:36:31.529264+00:00,recovery_scenario,iperf_tcp,,8,,twin_core,549445,0.0,26947584,33217,2324,35541,0,0.0
2026-05-09T14:36:31.529264+00:00,recovery_scenario,iperf_tcp,,8,,ryu_controller,549433,0.0,61792256,57672,1808,59480,12,118.69
2026-05-09T14:36:31.629753+00:00,recovery_scenario,iperf_tcp,,8,,twin_core,549445,0.0,26947584,33217,2324,35541,0,0.0
2026-05-09T14:36:31.629753+00:00,recovery_scenario,iperf_tcp,,8,,ryu_controller,549433,19.9,61792256,57702,1808,59510,30,298.749
2026-05-09T14:36:31.731080+00:00,recovery_scenario,iperf_tcp,,8,,twin_core,549445,9.9,26947584,33222,2324,35546,5,49.2568
2026-05-09T14:36:31.731080+00:00,recovery_scenario,iperf_tcp,,8,,ryu_controller,549433,19.7,61792256,57750,1808,59558,48,472.7932
2026-05-09T14:36:31.831768+00:00,recovery_scenario,iperf_tcp,,8,,twin_core,549445,0.0,26947584,33228,2324,35552,6,59.6645
2026-05-09T14:36:31.831768+00:00,recovery_scenario,iperf_tcp,,8,,ryu_controller,549433,19.9,61792256,57772,1808,59580,22,218.3858
2026-05-09T14:36:31.933368+00:00,recovery_scenario,iperf_tcp,,8,,twin_core,549445,0.0,26947584,33228,2324,35552,0,0.0
2026-05-09T14:36:31.933368+00:00,recovery_scenario,iperf_tcp,,8,,ryu_controller,549433,19.6,61792256,57789,1808,59597,17,167.2204
2026-05-09T14:36:32.034191+00:00,recovery_scenario,iperf_tcp,,8,,twin_core,549445,0.0,26947584,33231,2324,35555,3,29.8018
2026-05-09T14:36:32.034191+00:00,recovery_scenario,iperf_tcp,,8,,ryu_controller,549433,39.8,61792256,57832,1810,59642,45,447.3502
2026-05-09T14:36:32.136099+00:00,recovery_scenario,iperf_tcp,,8,,twin_core,549445,0.0,26947584,33234,2324,35558,3,29.4216
2026-05-09T14:36:32.136099+00:00,recovery_scenario,iperf_tcp,,8,,ryu_controller,549433,9.8,61792256,57851,1810,59661,19,186.3729
2026-05-09T14:36:32.236615+00:00,recovery_scenario,iperf_tcp,,8,,twin_core,549445,0.0,26947584,33237,2324,35561,3,29.8481
2026-05-09T14:36:32.236615+00:00,recovery_scenario,iperf_tcp,,8,,ryu_controller,549433,0.0,61792256,57859,1810,59669,8,79.5555
2026-05-09T14:36:32.337842+00:00,recovery_scenario,iperf_tcp,,8,,twin_core,549445,0.0,26947584,33239,2324,35563,2,19.6818
2026-05-09T14:36:32.337842+00:00,recovery_scenario,iperf_tcp,,8,,ryu_controller,549433,19.7,61792256,57870,1810,59680,11,108.2026
2026-05-09T14:36:32.439623+00:00,recovery_scenario,iperf_tcp,,8,,twin_core,549445,9.8,26947584,33251,2324,35575,12,118.3761
2026-05-09T14:36:32.439623+00:00,recovery_scenario,iperf_tcp,,8,,ryu_controller,549433,9.9,61792256,57887,1810,59697,17,167.5757
2026-05-09T14:36:32.540855+00:00,recovery_scenario,iperf_tcp,,8,,twin_core,549445,0.0,26947584,33257,2324,35581,6,59.3167
2026-05-09T14:36:32.540855+00:00,recovery_scenario,iperf_tcp,,8,,ryu_controller,549433,9.9,61792256,57901,1810,59711,14,138.6044
2026-05-09T14:36:32.641283+00:00,recovery_scenario,iperf_tcp,,8,,twin_core,549445,0.0,26947584,33260,2324,35584,3,29.8607
2026-05-09T14:36:32.641283+00:00,recovery_scenario,iperf_tcp,,8,,ryu_controller,549433,10.0,61792256,57916,1810,59726,15,149.2977
2026-05-09T14:36:32.742340+00:00,recovery_scenario,iperf_tcp,,8,,twin_core,549445,0.0,26947584,33263,2324,35587,3,29.6831
2026-05-09T14:36:32.742340+00:00,recovery_scenario,iperf_tcp,,8,,ryu_controller,549433,9.9,61792256,57931,1810,59741,15,148.3963
2026-05-09T14:36:32.842827+00:00,recovery_scenario,iperf_tcp,,8,,twin_core,549445,0.0,26947584,33273,2324,35597,10,99.5114
2026-05-09T14:36:32.842827+00:00,recovery_scenario,iperf_tcp,,8,,ryu_controller,549433,9.9,61792256,57941,1810,59751,10,99.4437
2026-05-09T14:36:32.943474+00:00,recovery_scenario,iperf_tcp,,8,,twin_core,549445,0.0,26947584,33276,2324,35600,3,29.7956
2026-05-09T14:36:32.943474+00:00,recovery_scenario,iperf_tcp,,8,,ryu_controller,549433,9.9,61792256,57962,1810,59772,21,208.7284
2026-05-09T14:36:33.044037+00:00,recovery_scenario,iperf_tcp,,8,,twin_core,549445,0.0,26947584,33279,2324,35603,3,29.8405
2026-05-09T14:36:33.044037+00:00,recovery_scenario,iperf_tcp,,8,,ryu_controller,549433,9.9,61792256,57976,1810,59786,14,139.2595
2026-05-09T14:36:33.144640+00:00,recovery_scenario,iperf_tcp,,8,,twin_core,549445,0.0,26947584,33282,2324,35606,3,29.8285
2026-05-09T14:36:33.144640+00:00,recovery_scenario,iperf_tcp,,8,,ryu_controller,549433,9.9,61792256,57987,1810,59797,11,109.3772
2026-05-09T14:36:33.245138+00:00,recovery_scenario,iperf_tcp,,8,,twin_core,549445,0.0,26947584,33285,2324,35609,3,29.7933
2026-05-09T14:36:33.245138+00:00,recovery_scenario,iperf_tcp,,8,,ryu_controller,549433,9.9,61792256,57998,1810,59808,11,109.1484
2026-05-09T14:36:33.345929+00:00,recovery_scenario,iperf_tcp,,8,,twin_core,549445,0.0,26947584,33288,2324,35612,3,29.7839
2026-05-09T14:36:33.345929+00:00,recovery_scenario,iperf_tcp,,8,,ryu_controller,549433,0.0,61792256,58002,1810,59812,4,39.7159
2026-05-09T14:36:33.446623+00:00,recovery_scenario,iperf_tcp,,8,,twin_core,549445,0.0,26947584,33300,2324,35624,12,119.3533
2026-05-09T14:36:33.446623+00:00,recovery_scenario,iperf_tcp,,8,,ryu_controller,549433,10.0,61792256,58019,1810,59829,17,169.2334
2026-05-09T14:36:33.547142+00:00,recovery_scenario,iperf_tcp,,8,,twin_core,549445,9.9,26947584,33306,2324,35630,6,59.6929
2026-05-09T14:36:33.547142+00:00,recovery_scenario,iperf_tcp,,8,,ryu_controller,549433,9.9,61792256,58037,1810,59847,18,179.0821
2026-05-09T14:36:33.647609+00:00,recovery_scenario,iperf_tcp,,8,,twin_core,549445,0.0,26947584,33306,2324,35630,0,0.0
2026-05-09T14:36:33.647609+00:00,recovery_scenario,iperf_tcp,,8,,ryu_controller,549433,9.9,61792256,58049,1810,59859,12,119.254
2026-05-09T14:36:33.748169+00:00,recovery_scenario,iperf_tcp,,8,,twin_core,549445,19.9,26947584,33317,2324,35641,11,109.5228
2026-05-09T14:36:33.748169+00:00,recovery_scenario,iperf_tcp,,8,,ryu_controller,549433,69.7,61792256,58102,1810,59912,53,527.8083
2026-05-09T14:36:33.848647+00:00,recovery_scenario,iperf_tcp,,8,,twin_core,549445,0.0,26947584,33326,2324,35650,9,89.5865
2026-05-09T14:36:33.848647+00:00,recovery_scenario,iperf_tcp,,8,,ryu_controller,549433,10.0,61792256,58125,1810,59935,23,228.9536
2026-05-09T14:36:33.949060+00:00,recovery_scenario,iperf_tcp,,8,,twin_core,549445,0.0,26947584,33329,2324,35653,3,29.844
2026-05-09T14:36:33.949060+00:00,recovery_scenario,iperf_tcp,,8,,ryu_controller,549433,9.9,61792256,58141,1810,59951,16,159.1596
2026-05-09T14:36:34.051523+00:00,recovery_scenario,iperf_tcp,,8,,twin_core,549445,0.0,26947584,33329,2324,35653,0,0.0
2026-05-09T14:36:34.051523+00:00,recovery_scenario,iperf_tcp,,8,,ryu_controller,549433,39.1,61792256,58176,1810,59986,35,341.9442
2026-05-09T14:36:34.151947+00:00,recovery_scenario,iperf_tcp,,8,,twin_core,549445,0.0,26947584,33335,2324,35659,6,59.6992
2026-05-09T14:36:34.151947+00:00,recovery_scenario,iperf_tcp,,8,,ryu_controller,549433,39.8,61792256,58202,1810,60012,26,258.6363
2026-05-09T14:36:34.252643+00:00,recovery_scenario,iperf_tcp,,8,,twin_core,549445,0.0,26947584,33347,2324,35671,12,119.2756
2026-05-09T14:36:34.252643+00:00,recovery_scenario,iperf_tcp,,8,,ryu_controller,549433,9.9,61792256,58220,1810,60030,18,178.9565
2026-05-09T14:36:34.353794+00:00,recovery_scenario,iperf_tcp,,8,,twin_core,549445,0.0,26947584,33350,2324,35674,3,29.6323
2026-05-09T14:36:34.353794+00:00,recovery_scenario,iperf_tcp,,8,,ryu_controller,549433,19.7,61792256,58247,1810,60057,27,266.5068
2026-05-09T14:36:34.457013+00:00,recovery_scenario,iperf_tcp,,8,,twin_core,549445,0.0,26947584,33350,2324,35674,0,0.0
2026-05-09T14:36:34.457013+00:00,recovery_scenario,iperf_tcp,,8,,ryu_controller,549433,0.0,61792256,58258,1810,60068,11,106.5356
2026-05-09T14:36:34.559253+00:00,recovery_scenario,iperf_tcp,,8,,twin_core,549445,0.0,26947584,33356,2324,35680,6,58.6545
2026-05-09T14:36:34.559253+00:00,recovery_scenario,iperf_tcp,,8,,ryu_controller,549433,9.8,61792256,58266,1810,60076,8,78.187
2026-05-09T14:36:34.660675+00:00,recovery_scenario,iperf_tcp,,8,,twin_core,549445,0.0,26947584,33366,2324,35690,10,98.7383
2026-05-09T14:36:34.660675+00:00,recovery_scenario,iperf_tcp,,8,,ryu_controller,549433,0.0,61792256,58269,1810,60079,3,29.6242
2026-05-09T14:36:34.761267+00:00,recovery_scenario,iperf_tcp,,8,,twin_core,549445,9.9,26947584,33372,2324,35696,6,59.6584
2026-05-09T14:36:34.761267+00:00,recovery_scenario,iperf_tcp,,8,,ryu_controller,549433,9.9,61792256,58305,1810,60115,36,357.9911
2026-05-09T14:36:34.861806+00:00,recovery_scenario,iperf_tcp,,8,,twin_core,549445,0.0,26947584,33372,2324,35696,0,0.0
2026-05-09T14:36:34.861806+00:00,recovery_scenario,iperf_tcp,,8,,ryu_controller,549433,10.0,61792256,58322,1810,60132,17,168.9943
2026-05-09T14:36:34.963398+00:00,recovery_scenario,iperf_tcp,,8,,twin_core,549445,0.0,26947584,33378,2324,35702,6,59.0412
2026-05-09T14:36:34.963398+00:00,recovery_scenario,iperf_tcp,,8,,ryu_controller,549433,9.8,61792256,58337,1810,60147,15,147.7378
2026-05-09T14:36:35.067150+00:00,recovery_scenario,iperf_tcp,,8,,twin_core,549445,0.0,26947584,33384,2324,35708,6,57.8514
2026-05-09T14:36:35.067150+00:00,recovery_scenario,iperf_tcp,,8,,ryu_controller,549433,9.6,61792256,58375,1810,60185,38,366.4244
2026-05-09T14:36:35.169390+00:00,recovery_scenario,iperf_tcp,,8,,twin_core,549445,0.0,26947584,33387,2324,35711,3,29.3085
2026-05-09T14:36:35.169390+00:00,recovery_scenario,iperf_tcp,,8,,ryu_controller,549433,9.8,61792256,58389,1810,60199,14,136.1244
2026-05-09T14:36:35.282259+00:00,recovery_scenario,iperf_tcp,,8,,twin_core,549445,0.0,26947584,33392,2324,35716,5,44.0132
2026-05-09T14:36:35.282259+00:00,recovery_scenario,iperf_tcp,,8,,ryu_controller,549433,0.0,61792256,58394,1810,60204,5,44.0824
2026-05-09T14:36:35.365574+00:00,recovery_scenario,iperf_tcp,,8,pingall_completed,,,,,,,,,
2026-05-09T14:36:35.383942+00:00,recovery_scenario,iperf_tcp,,8,,twin_core,549445,0.0,26947584,33406,2324,35730,14,138.8864
2026-05-09T14:36:35.383942+00:00,recovery_scenario,iperf_tcp,,8,,ryu_controller,549433,29.8,61792256,58408,1826,60234,30,298.0041
2026-05-09T14:36:35.486598+00:00,recovery_scenario,iperf_tcp,,8,,twin_core,549445,0.0,26947584,33406,2324,35730,0,0.0
2026-05-09T14:36:35.486598+00:00,recovery_scenario,iperf_tcp,,8,,ryu_controller,549433,0.0,61792256,58411,1827,60238,4,38.9883
2026-05-09T14:36:35.591888+00:00,recovery_scenario,iperf_tcp,,8,,twin_core,549445,0.0,26947584,33406,2324,35730,0,0.0
2026-05-09T14:36:35.591888+00:00,recovery_scenario,iperf_tcp,,8,,ryu_controller,549433,0.0,61792256,58416,1827,60243,5,47.3727
2026-05-09T14:36:35.692843+00:00,recovery_scenario,iperf_tcp,,8,,twin_core,549445,0.0,26947584,33406,2324,35730,0,0.0
2026-05-09T14:36:35.692843+00:00,recovery_scenario,iperf_tcp,,8,,ryu_controller,549433,0.0,61792256,58419,1827,60246,3,29.7706
2026-05-09T14:36:35.793632+00:00,recovery_scenario,iperf_tcp,,8,,twin_core,549445,19.8,26947584,33406,2324,35730,0,0.0
2026-05-09T14:36:35.793632+00:00,recovery_scenario,iperf_tcp,,8,,ryu_controller,549433,49.6,61792256,58441,1827,60268,22,217.9288
2026-05-09T14:36:35.894666+00:00,recovery_scenario,iperf_tcp,,8,,twin_core,549445,9.9,26947584,33406,2324,35730,0,0.0
2026-05-09T14:36:35.894666+00:00,recovery_scenario,iperf_tcp,,8,,ryu_controller,549433,98.4,61792256,58465,1827,60292,24,236.6194
2026-05-09T14:36:35.998283+00:00,recovery_scenario,iperf_tcp,,8,,twin_core,549445,0.0,26947584,33406,2324,35730,0,0.0
2026-05-09T14:36:35.998283+00:00,recovery_scenario,iperf_tcp,,8,,ryu_controller,549433,9.7,61792256,58473,1827,60300,8,77.6067
2026-05-09T14:36:36.099824+00:00,recovery_scenario,iperf_tcp,,8,,twin_core,549445,0.0,26947584,33406,2324,35730,0,0.0
2026-05-09T14:36:36.099824+00:00,recovery_scenario,iperf_tcp,,8,,ryu_controller,549433,0.0,61792256,58481,1827,60308,8,78.7471
2026-05-09T14:36:36.202144+00:00,recovery_scenario,iperf_tcp,,8,,twin_core,549445,9.8,26947584,33406,2324,35730,0,0.0
2026-05-09T14:36:36.202144+00:00,recovery_scenario,iperf_tcp,,8,,ryu_controller,549433,68.5,61845504,58529,1828,60357,49,479.6627
2026-05-09T14:36:36.307266+00:00,recovery_scenario,iperf_tcp,,8,,twin_core,549445,0.0,26947584,33406,2324,35730,0,0.0
2026-05-09T14:36:36.307266+00:00,recovery_scenario,iperf_tcp,,8,,ryu_controller,549433,0.0,61845504,58532,1828,60360,3,28.5231
2026-05-09T14:36:36.407868+00:00,recovery_scenario,iperf_tcp,,8,,twin_core,549445,0.0,26947584,33411,2324,35735,5,49.7304
2026-05-09T14:36:36.407868+00:00,recovery_scenario,iperf_tcp,,8,,ryu_controller,549433,0.0,61845504,58536,1828,60364,4,39.7865
2026-05-09T14:36:36.508388+00:00,recovery_scenario,iperf_tcp,,8,,twin_core,549445,0.0,26947584,33411,2324,35735,0,0.0
2026-05-09T14:36:36.508388+00:00,recovery_scenario,iperf_tcp,,8,,ryu_controller,549433,9.9,61845504,58540,1828,60368,4,39.7416
2026-05-09T14:36:36.609224+00:00,recovery_scenario,iperf_tcp,,8,,twin_core,549445,0.0,26947584,33411,2324,35735,0,0.0
2026-05-09T14:36:36.609224+00:00,recovery_scenario,iperf_tcp,,8,,ryu_controller,549433,0.0,61845504,58543,1829,60372,4,39.7326
2026-05-09T14:36:36.709728+00:00,recovery_scenario,iperf_tcp,,8,,twin_core,549445,0.0,26947584,33411,2324,35735,0,0.0
2026-05-09T14:36:36.709728+00:00,recovery_scenario,iperf_tcp,,8,,ryu_controller,549433,0.0,61845504,58547,1829,60376,4,39.7993
2026-05-09T14:36:36.810405+00:00,recovery_scenario,iperf_tcp,,8,,twin_core,549445,0.0,26947584,33411,2324,35735,0,0.0
2026-05-09T14:36:36.810405+00:00,recovery_scenario,iperf_tcp,,8,,ryu_controller,549433,9.9,61845504,58563,1829,60392,16,158.4299
2026-05-09T14:36:36.911327+00:00,recovery_scenario,iperf_tcp,,8,,twin_core,549445,0.0,26947584,33411,2324,35735,0,0.0
2026-05-09T14:36:36.911327+00:00,recovery_scenario,iperf_tcp,,8,,ryu_controller,549433,0.0,61845504,58575,1829,60404,12,119.0617
2026-05-09T14:36:37.012250+00:00,recovery_scenario,iperf_tcp,,8,,twin_core,549445,0.0,26947584,33411,2324,35735,0,0.0
2026-05-09T14:36:37.012250+00:00,recovery_scenario,iperf_tcp,,8,,ryu_controller,549433,0.0,61845504,58579,1829,60408,4,39.5679
2026-05-09T14:36:37.113146+00:00,recovery_scenario,iperf_tcp,,8,,twin_core,549445,0.0,26947584,33411,2324,35735,0,0.0
2026-05-09T14:36:37.113146+00:00,recovery_scenario,iperf_tcp,,8,,ryu_controller,549433,9.9,61845504,58593,1829,60422,14,139.232
2026-05-09T14:36:37.213699+00:00,recovery_scenario,iperf_tcp,,8,,twin_core,549445,0.0,26947584,33411,2324,35735,0,0.0
2026-05-09T14:36:37.213699+00:00,recovery_scenario,iperf_tcp,,8,,ryu_controller,549433,0.0,61845504,58623,1829,60452,30,298.2868
2026-05-09T14:36:37.314277+00:00,recovery_scenario,iperf_tcp,,8,,twin_core,549445,0.0,26947584,33411,2324,35735,0,0.0
2026-05-09T14:36:37.314277+00:00,recovery_scenario,iperf_tcp,,8,,ryu_controller,549433,0.0,61845504,58636,1829,60465,13,129.2629
2026-05-09T14:36:37.384550+00:00,recovery_scenario,iperf_tcp,,8,background_traffic_started,,,,,,,,,
2026-05-09T14:36:37.415006+00:00,recovery_scenario,iperf_tcp,,8,,twin_core,549445,9.9,26947584,33418,2324,35742,7,69.4381
2026-05-09T14:36:37.415006+00:00,recovery_scenario,iperf_tcp,,8,,ryu_controller,549433,9.9,61845504,58654,1829,60483,18,177.107
2026-05-09T14:36:37.516435+00:00,recovery_scenario,iperf_tcp,,8,,twin_core,549445,9.9,26947584,33453,2324,35777,35,345.0457
2026-05-09T14:36:37.516435+00:00,recovery_scenario,iperf_tcp,,8,,ryu_controller,549433,0.0,61845504,58670,1829,60499,16,158.41
2026-05-09T14:36:37.597817+00:00,recovery_scenario,iperf_tcp,,8,fault_injected,,,,,,,,,
2026-05-09T14:36:37.617688+00:00,recovery_scenario,iperf_tcp,,8,,twin_core,549445,0.0,26947584,33492,2324,35816,39,385.6885
2026-05-09T14:36:37.617688+00:00,recovery_scenario,iperf_tcp,,8,,ryu_controller,549433,9.9,61845504,58683,1835,60518,19,188.6703
2026-05-09T14:36:37.718215+00:00,recovery_scenario,iperf_tcp,,8,,twin_core,549445,9.9,26947584,33536,2331,35867,51,507.3283
2026-05-09T14:36:37.718215+00:00,recovery_scenario,iperf_tcp,,8,,ryu_controller,549433,89.5,61849600,58683,1835,60518,0,0.0
2026-05-09T14:36:37.818697+00:00,recovery_scenario,iperf_tcp,,8,,twin_core,549445,0.0,26947584,33574,2336,35910,43,428.0612
2026-05-09T14:36:37.818697+00:00,recovery_scenario,iperf_tcp,,8,,ryu_controller,549433,109.5,61849600,58683,1842,60525,7,69.7087
2026-05-09T14:36:37.919219+00:00,recovery_scenario,iperf_tcp,,8,,twin_core,549445,0.0,26947584,33618,2346,35964,54,536.5029
2026-05-09T14:36:37.919219+00:00,recovery_scenario,iperf_tcp,,8,,ryu_controller,549433,89.3,61849600,58683,1850,60533,8,79.3615
2026-05-09T14:36:38.020011+00:00,recovery_scenario,iperf_tcp,,8,,twin_core,549445,9.9,26947584,33646,2353,35999,35,347.0177
2026-05-09T14:36:38.020011+00:00,recovery_scenario,iperf_tcp,,8,,ryu_controller,549433,99.2,61849600,58683,1852,60535,2,19.8474
2026-05-09T14:36:38.120707+00:00,recovery_scenario,iperf_tcp,,8,,twin_core,549445,9.9,26947584,33646,2353,35999,0,0.0
2026-05-09T14:36:38.120707+00:00,recovery_scenario,iperf_tcp,,8,,ryu_controller,549433,99.4,61849600,58683,1852,60535,0,0.0
2026-05-09T14:36:38.222202+00:00,recovery_scenario,iperf_tcp,,8,,twin_core,549445,9.9,26947584,33646,2353,35999,0,0.0
2026-05-09T14:36:38.222202+00:00,recovery_scenario,iperf_tcp,,8,,ryu_controller,549433,98.6,61849600,58683,1852,60535,0,0.0
2026-05-09T14:36:38.322764+00:00,recovery_scenario,iperf_tcp,,8,,twin_core,549445,0.0,26947584,33646,2353,35999,0,0.0
2026-05-09T14:36:38.322764+00:00,recovery_scenario,iperf_tcp,,8,,ryu_controller,549433,88.8,61849600,58721,1853,60574,39,384.5359
2026-05-09T14:36:38.424416+00:00,recovery_scenario,iperf_tcp,,8,,twin_core,549445,0.0,26947584,33646,2353,35999,0,0.0
2026-05-09T14:36:38.424416+00:00,recovery_scenario,iperf_tcp,,8,,ryu_controller,549433,0.0,61849600,58735,1853,60588,14,137.6951
2026-05-09T14:36:38.480757+00:00,recovery_scenario,iperf_tcp,,8,recovery_requested,,,,,,,,,
2026-05-09T14:36:38.525779+00:00,recovery_scenario,iperf_tcp,,8,,twin_core,549445,9.9,26947584,33661,2354,36015,16,158.0681
2026-05-09T14:36:38.525779+00:00,recovery_scenario,iperf_tcp,,8,,ryu_controller,549433,29.7,61849600,58756,1867,60623,35,347.2776
2026-05-09T14:36:38.626531+00:00,recovery_scenario,iperf_tcp,,8,,twin_core,549445,0.0,26947584,33709,2361,36070,55,547.5113
2026-05-09T14:36:38.626531+00:00,recovery_scenario,iperf_tcp,,8,,ryu_controller,549433,99.6,61849600,58756,1923,60679,56,557.7527
2026-05-09T14:36:38.726881+00:00,recovery_scenario,iperf_tcp,,8,,twin_core,549445,0.0,26947584,33747,2369,36116,46,458.3967
2026-05-09T14:36:38.726881+00:00,recovery_scenario,iperf_tcp,,8,,ryu_controller,549433,99.6,61849600,58756,1924,60680,1,9.961
2026-05-09T14:36:38.827285+00:00,recovery_scenario,iperf_tcp,,8,,twin_core,549445,19.9,26947584,33777,2375,36152,36,358.4681
2026-05-09T14:36:38.827285+00:00,recovery_scenario,iperf_tcp,,8,,ryu_controller,549433,109.5,61849600,58756,1926,60682,2,19.9214
2026-05-09T14:36:38.927750+00:00,recovery_scenario,iperf_tcp,,8,,twin_core,549445,0.0,26947584,33811,2381,36192,40,398.0104
2026-05-09T14:36:38.927750+00:00,recovery_scenario,iperf_tcp,,8,,ryu_controller,549433,89.6,61849600,58756,1927,60683,1,9.9497
2026-05-09T14:36:39.028282+00:00,recovery_scenario,iperf_tcp,,8,,twin_core,549445,0.0,26947584,33811,2381,36192,0,0.0
2026-05-09T14:36:39.028282+00:00,recovery_scenario,iperf_tcp,,8,,ryu_controller,549433,99.5,61849600,58756,1927,60683,0,0.0
2026-05-09T14:36:39.128839+00:00,recovery_scenario,iperf_tcp,,8,,twin_core,549445,0.0,26947584,33811,2381,36192,0,0.0
2026-05-09T14:36:39.128839+00:00,recovery_scenario,iperf_tcp,,8,,ryu_controller,549433,99.4,61849600,58756,1927,60683,0,0.0
2026-05-09T14:36:39.229746+00:00,recovery_scenario,iperf_tcp,,8,,twin_core,549445,0.0,26947584,33811,2381,36192,0,0.0
2026-05-09T14:36:39.229746+00:00,recovery_scenario,iperf_tcp,,8,,ryu_controller,549433,108.4,61849600,58756,1928,60684,1,9.8462
2026-05-09T14:36:39.331585+00:00,recovery_scenario,iperf_tcp,,8,,twin_core,549445,0.0,26947584,33811,2381,36192,0,0.0
2026-05-09T14:36:39.331585+00:00,recovery_scenario,iperf_tcp,,8,,ryu_controller,549433,87.8,61849600,58756,1928,60684,0,0.0
2026-05-09T14:36:39.433508+00:00,recovery_scenario,iperf_tcp,,8,,twin_core,549445,0.0,26947584,33812,2381,36193,1,9.918
2026-05-09T14:36:39.433508+00:00,recovery_scenario,iperf_tcp,,8,,ryu_controller,549433,29.8,61849600,58775,1929,60704,20,198.52
2026-05-09T14:36:39.534245+00:00,recovery_scenario,iperf_tcp,,8,,twin_core,549445,0.0,26947584,33812,2381,36193,0,0.0
2026-05-09T14:36:39.534245+00:00,recovery_scenario,iperf_tcp,,8,,ryu_controller,549433,9.9,61849600,58788,1930,60718,14,138.991
2026-05-09T14:36:39.635035+00:00,recovery_scenario,iperf_tcp,,8,,twin_core,549445,0.0,26947584,33812,2381,36193,0,0.0
2026-05-09T14:36:39.635035+00:00,recovery_scenario,iperf_tcp,,8,,ryu_controller,549433,0.0,61849600,58797,1930,60727,9,89.0496
2026-05-09T14:36:39.735963+00:00,recovery_scenario,iperf_tcp,,8,,twin_core,549445,0.0,26947584,33812,2381,36193,0,0.0
2026-05-09T14:36:39.735963+00:00,recovery_scenario,iperf_tcp,,8,,ryu_controller,549433,9.9,61849600,58810,1930,60740,13,129.1816
2026-05-09T14:36:39.836660+00:00,recovery_scenario,iperf_tcp,,8,,twin_core,549445,0.0,26947584,33812,2381,36193,0,0.0
2026-05-09T14:36:39.836660+00:00,recovery_scenario,iperf_tcp,,8,,ryu_controller,549433,0.0,61849600,58820,1930,60750,10,98.5248
2026-05-09T14:36:39.938611+00:00,recovery_scenario,iperf_tcp,,8,,twin_core,549445,0.0,26947584,33813,2381,36194,1,9.8513
2026-05-09T14:36:39.938611+00:00,recovery_scenario,iperf_tcp,,8,,ryu_controller,549433,0.0,61849600,58848,1930,60778,28,275.3497
2026-05-09T14:36:40.039902+00:00,recovery_scenario,iperf_tcp,,8,,twin_core,549445,0.0,26947584,33813,2381,36194,0,0.0
2026-05-09T14:36:40.039902+00:00,recovery_scenario,iperf_tcp,,8,,ryu_controller,549433,19.8,61849600,58870,1932,60802,24,238.3447
2026-05-09T14:36:40.140508+00:00,recovery_scenario,iperf_tcp,,8,,twin_core,549445,0.0,26947584,33813,2381,36194,0,0.0
2026-05-09T14:36:40.140508+00:00,recovery_scenario,iperf_tcp,,8,,ryu_controller,549433,9.9,61849600,58885,1932,60817,15,149.0078
2026-05-09T14:36:40.241383+00:00,recovery_scenario,iperf_tcp,,8,,twin_core,549445,0.0,26947584,33813,2381,36194,0,0.0
2026-05-09T14:36:40.241383+00:00,recovery_scenario,iperf_tcp,,8,,ryu_controller,549433,0.0,61849600,58891,1932,60823,6,59.4365
2026-05-09T14:36:40.342044+00:00,recovery_scenario,iperf_tcp,,8,,twin_core,549445,29.8,26947584,33813,2381,36194,0,0.0
2026-05-09T14:36:40.342044+00:00,recovery_scenario,iperf_tcp,,8,,ryu_controller,549433,69.5,61849600,58928,1935,60863,40,396.7595
2026-05-09T14:36:40.387241+00:00,recovery_scenario,iperf_tcp,,8,scenario_teardown,,,,,,,,,
2026-05-09T14:36:40.443538+00:00,recovery_scenario,iperf_tcp,,8,,twin_core,549445,9.8,26947584,33822,2386,36208,14,137.2926
2026-05-09T14:36:40.443538+00:00,recovery_scenario,iperf_tcp,,8,,ryu_controller,549433,68.8,61849600,58964,1960,60924,61,599.3189
2026-05-09T14:36:40.545069+00:00,recovery_scenario,iperf_tcp,,8,,twin_core,549445,9.9,26947584,33844,2392,36236,28,277.1489
2026-05-09T14:36:40.545069+00:00,recovery_scenario,iperf_tcp,,8,,ryu_controller,549433,9.9,61849600,58972,1971,60943,19,188.3087
2026-05-09T14:36:40.645570+00:00,recovery_scenario,iperf_tcp,,8,,twin_core,549445,0.0,26947584,33865,2398,36263,27,268.973
2026-05-09T14:36:40.645570+00:00,recovery_scenario,iperf_tcp,,8,,ryu_controller,549433,19.9,61849600,58977,1987,60964,21,209.2501
2026-05-09T14:36:40.746325+00:00,recovery_scenario,iperf_tcp,,8,,twin_core,549445,0.0,26947584,33871,2398,36269,6,59.3536
2026-05-09T14:36:40.746325+00:00,recovery_scenario,iperf_tcp,,8,,ryu_controller,549433,0.0,61849600,58983,1989,60972,8,78.5594
2026-05-09T14:36:40.847874+00:00,recovery_scenario,iperf_tcp,,8,,twin_core,549445,0.0,26947584,33871,2398,36269,0,0.0
2026-05-09T14:36:40.847874+00:00,recovery_scenario,iperf_tcp,,8,,ryu_controller,549433,9.9,61849600,59002,1990,60992,20,198.6431
2026-05-09T14:36:41.417174+00:00,recovery_scenario,iperf_tcp,,9,,twin_core,549445,0.0,26951680,34263,2451,36714,0,0.0
2026-05-09T14:36:41.417174+00:00,recovery_scenario,iperf_tcp,,9,,ryu_controller,549433,0.0,61849600,59096,1992,61088,0,0.0
2026-05-09T14:36:41.519012+00:00,recovery_scenario,iperf_tcp,,9,,twin_core,549445,0.0,26951680,34305,2454,36759,45,447.5582
2026-05-09T14:36:41.519012+00:00,recovery_scenario,iperf_tcp,,9,,ryu_controller,549433,39.8,61849600,59115,2002,61117,29,288.4189
2026-05-09T14:36:41.619614+00:00,recovery_scenario,iperf_tcp,,9,,twin_core,549445,9.9,26951680,34415,2454,36869,110,1094.3005
2026-05-09T14:36:41.619614+00:00,recovery_scenario,iperf_tcp,,9,,ryu_controller,549433,19.9,61849600,59132,2004,61136,19,189.0468
2026-05-09T14:36:41.664893+00:00,recovery_scenario,iperf_tcp,,9,service_started,,,,,,,,,
2026-05-09T14:36:41.720019+00:00,recovery_scenario,iperf_tcp,,9,,twin_core,549445,29.9,26951680,34466,2454,36920,51,507.9224
2026-05-09T14:36:41.720019+00:00,recovery_scenario,iperf_tcp,,9,,ryu_controller,549433,59.8,61849600,59186,2004,61190,54,537.914
2026-05-09T14:36:41.820442+00:00,recovery_scenario,iperf_tcp,,9,,twin_core,549445,0.0,26951680,34467,2454,36921,1,9.9496
2026-05-09T14:36:41.820442+00:00,recovery_scenario,iperf_tcp,,9,,ryu_controller,549433,29.8,61849600,59223,2004,61227,37,367.9754
2026-05-09T14:36:41.923421+00:00,recovery_scenario,iperf_tcp,,9,,twin_core,549445,0.0,26951680,34467,2454,36921,0,0.0
2026-05-09T14:36:41.923421+00:00,recovery_scenario,iperf_tcp,,9,,ryu_controller,549433,9.7,61849600,59246,2004,61250,23,223.4914
2026-05-09T14:36:42.023924+00:00,recovery_scenario,iperf_tcp,,9,,twin_core,549445,0.0,26951680,34467,2454,36921,0,0.0
2026-05-09T14:36:42.023924+00:00,recovery_scenario,iperf_tcp,,9,,ryu_controller,549433,9.9,61849600,59265,2004,61269,19,188.7092
2026-05-09T14:36:42.125689+00:00,recovery_scenario,iperf_tcp,,9,,twin_core,549445,0.0,26951680,34467,2454,36921,0,0.0
2026-05-09T14:36:42.125689+00:00,recovery_scenario,iperf_tcp,,9,,ryu_controller,549433,9.8,61849600,59280,2004,61284,15,147.1764
2026-05-09T14:36:42.226523+00:00,recovery_scenario,iperf_tcp,,9,,twin_core,549445,0.0,26951680,34467,2454,36921,0,0.0
2026-05-09T14:36:42.226523+00:00,recovery_scenario,iperf_tcp,,9,,ryu_controller,549433,9.9,61849600,59303,2004,61307,23,228.9863
2026-05-09T14:36:42.326971+00:00,recovery_scenario,iperf_tcp,,9,,twin_core,549445,0.0,26951680,34467,2454,36921,0,0.0
2026-05-09T14:36:42.326971+00:00,recovery_scenario,iperf_tcp,,9,,ryu_controller,549433,9.9,61849600,59319,2004,61323,16,159.1501
2026-05-09T14:36:42.428159+00:00,recovery_scenario,iperf_tcp,,9,,twin_core,549445,0.0,26951680,34467,2454,36921,0,0.0
2026-05-09T14:36:42.428159+00:00,recovery_scenario,iperf_tcp,,9,,ryu_controller,549433,29.7,61849600,59348,2004,61352,29,286.8185
2026-05-09T14:36:42.528601+00:00,recovery_scenario,iperf_tcp,,9,,twin_core,549445,0.0,26951680,34467,2454,36921,0,0.0
2026-05-09T14:36:42.528601+00:00,recovery_scenario,iperf_tcp,,9,,ryu_controller,549433,39.8,61849600,59405,2004,61409,57,567.2201
2026-05-09T14:36:42.633734+00:00,recovery_scenario,iperf_tcp,,9,,twin_core,549445,0.0,26951680,34467,2454,36921,0,0.0
2026-05-09T14:36:42.633734+00:00,recovery_scenario,iperf_tcp,,9,,ryu_controller,549433,18.9,61849600,59425,2004,61429,20,188.9764
2026-05-09T14:36:42.735022+00:00,recovery_scenario,iperf_tcp,,9,,twin_core,549445,0.0,26951680,34467,2454,36921,0,0.0
2026-05-09T14:36:42.735022+00:00,recovery_scenario,iperf_tcp,,9,,ryu_controller,549433,49.5,61849600,59433,2005,61438,9,89.0697
2026-05-09T14:36:42.835950+00:00,recovery_scenario,iperf_tcp,,9,,twin_core,549445,0.0,26951680,34467,2454,36921,0,0.0
2026-05-09T14:36:42.835950+00:00,recovery_scenario,iperf_tcp,,9,,ryu_controller,549433,29.8,61849600,59477,2005,61482,44,437.5361
2026-05-09T14:36:42.936838+00:00,recovery_scenario,iperf_tcp,,9,,twin_core,549445,0.0,26951680,34467,2454,36921,0,0.0
2026-05-09T14:36:42.936838+00:00,recovery_scenario,iperf_tcp,,9,,ryu_controller,549433,19.8,61849600,59514,2005,61519,37,366.7194
2026-05-09T14:36:43.040337+00:00,recovery_scenario,iperf_tcp,,9,,twin_core,549445,0.0,26951680,34467,2454,36921,0,0.0
2026-05-09T14:36:43.040337+00:00,recovery_scenario,iperf_tcp,,9,,ryu_controller,549433,28.8,61849600,59538,2006,61544,25,239.9012
2026-05-09T14:36:43.141608+00:00,recovery_scenario,iperf_tcp,,9,,twin_core,549445,0.0,26951680,34467,2454,36921,0,0.0
2026-05-09T14:36:43.141608+00:00,recovery_scenario,iperf_tcp,,9,,ryu_controller,549433,29.9,61849600,59555,2009,61564,20,199.1229
2026-05-09T14:36:43.242070+00:00,recovery_scenario,iperf_tcp,,9,,twin_core,549445,0.0,26951680,34467,2454,36921,0,0.0
2026-05-09T14:36:43.242070+00:00,recovery_scenario,iperf_tcp,,9,,ryu_controller,549433,9.9,61849600,59578,2009,61587,23,227.3351
2026-05-09T14:36:43.343382+00:00,recovery_scenario,iperf_tcp,,9,,twin_core,549445,0.0,26951680,34467,2454,36921,0,0.0
2026-05-09T14:36:43.343382+00:00,recovery_scenario,iperf_tcp,,9,,ryu_controller,549433,19.9,61849600,59613,2009,61622,35,347.692
2026-05-09T14:36:43.443910+00:00,recovery_scenario,iperf_tcp,,9,,twin_core,549445,0.0,26951680,34467,2454,36921,0,0.0
2026-05-09T14:36:43.443910+00:00,recovery_scenario,iperf_tcp,,9,,ryu_controller,549433,9.9,61849600,59635,2009,61644,22,218.8282
2026-05-09T14:36:43.544877+00:00,recovery_scenario,iperf_tcp,,9,,twin_core,549445,0.0,26951680,34467,2454,36921,0,0.0
2026-05-09T14:36:43.544877+00:00,recovery_scenario,iperf_tcp,,9,,ryu_controller,549433,9.9,61849600,59678,2009,61687,43,425.2072
2026-05-09T14:36:43.645564+00:00,recovery_scenario,iperf_tcp,,9,,twin_core,549445,0.0,26951680,34467,2454,36921,0,0.0
2026-05-09T14:36:43.645564+00:00,recovery_scenario,iperf_tcp,,9,,ryu_controller,549433,10.0,61849600,59691,2009,61700,13,129.4105
2026-05-09T14:36:43.745993+00:00,recovery_scenario,iperf_tcp,,9,,twin_core,549445,10.0,26951680,34467,2454,36921,0,0.0
2026-05-09T14:36:43.745993+00:00,recovery_scenario,iperf_tcp,,9,,ryu_controller,549433,29.9,61849600,59743,2009,61752,52,517.5114
2026-05-09T14:36:43.846482+00:00,recovery_scenario,iperf_tcp,,9,,twin_core,549445,9.9,26951680,34476,2454,36930,9,89.26
2026-05-09T14:36:43.846482+00:00,recovery_scenario,iperf_tcp,,9,,ryu_controller,549433,39.6,61849600,59786,2010,61796,44,435.5377
2026-05-09T14:36:43.948220+00:00,recovery_scenario,iperf_tcp,,9,,twin_core,549445,0.0,26951680,34476,2454,36930,0,0.0
2026-05-09T14:36:43.948220+00:00,recovery_scenario,iperf_tcp,,9,,ryu_controller,549433,39.4,61849600,59798,2010,61808,12,118.2948
2026-05-09T14:36:44.048979+00:00,recovery_scenario,iperf_tcp,,9,,twin_core,549445,0.0,26951680,34479,2454,36933,3,29.7369
2026-05-09T14:36:44.048979+00:00,recovery_scenario,iperf_tcp,,9,,ryu_controller,549433,9.9,61849600,59813,2010,61823,15,148.7636
2026-05-09T14:36:44.150880+00:00,recovery_scenario,iperf_tcp,,9,,twin_core,549445,0.0,26951680,34482,2454,36936,3,29.4751
2026-05-09T14:36:44.150880+00:00,recovery_scenario,iperf_tcp,,9,,ryu_controller,549433,9.8,61849600,59829,2010,61839,16,157.1815
2026-05-09T14:36:44.251584+00:00,recovery_scenario,iperf_tcp,,9,,twin_core,549445,0.0,26951680,34485,2454,36939,3,29.8498
2026-05-09T14:36:44.251584+00:00,recovery_scenario,iperf_tcp,,9,,ryu_controller,549433,0.0,61849600,59842,2010,61852,13,129.3784
2026-05-09T14:36:44.352065+00:00,recovery_scenario,iperf_tcp,,9,,twin_core,549445,0.0,26951680,34485,2454,36939,0,0.0
2026-05-09T14:36:44.352065+00:00,recovery_scenario,iperf_tcp,,9,,ryu_controller,549433,10.0,61849600,59858,2010,61868,16,159.2542
2026-05-09T14:36:44.452547+00:00,recovery_scenario,iperf_tcp,,9,,twin_core,549445,0.0,26951680,34488,2454,36942,3,29.8351
2026-05-09T14:36:44.452547+00:00,recovery_scenario,iperf_tcp,,9,,ryu_controller,549433,9.9,61849600,59875,2010,61885,17,168.9787
2026-05-09T14:36:44.553165+00:00,recovery_scenario,iperf_tcp,,9,,twin_core,549445,0.0,26951680,34497,2454,36951,9,89.5358
2026-05-09T14:36:44.553165+00:00,recovery_scenario,iperf_tcp,,9,,ryu_controller,549433,49.8,61853696,59925,2010,61935,50,497.6641
2026-05-09T14:36:44.653612+00:00,recovery_scenario,iperf_tcp,,9,,twin_core,549445,0.0,26951680,34500,2454,36954,3,29.8498
2026-05-09T14:36:44.653612+00:00,recovery_scenario,iperf_tcp,,9,,ryu_controller,549433,19.9,61853696,59944,2010,61954,19,189.0007
2026-05-09T14:36:44.754196+00:00,recovery_scenario,iperf_tcp,,9,,twin_core,549445,9.9,26951680,34503,2454,36957,3,29.8326
2026-05-09T14:36:44.754196+00:00,recovery_scenario,iperf_tcp,,9,,ryu_controller,549433,0.0,61853696,59956,2010,61966,12,119.3689
2026-05-09T14:36:44.855311+00:00,recovery_scenario,iperf_tcp,,9,,twin_core,549445,0.0,26951680,34506,2454,36960,3,29.667
2026-05-09T14:36:44.855311+00:00,recovery_scenario,iperf_tcp,,9,,ryu_controller,549433,9.9,61853696,59969,2010,61979,13,128.5399
2026-05-09T14:36:44.955790+00:00,recovery_scenario,iperf_tcp,,9,,twin_core,549445,0.0,26951680,34511,2454,36965,5,49.765
2026-05-09T14:36:44.955790+00:00,recovery_scenario,iperf_tcp,,9,,ryu_controller,549433,9.9,61853696,59984,2010,61994,15,148.8362
2026-05-09T14:36:45.056680+00:00,recovery_scenario,iperf_tcp,,9,,twin_core,549445,0.0,26951680,34521,2454,36975,10,99.1695
2026-05-09T14:36:45.056680+00:00,recovery_scenario,iperf_tcp,,9,,ryu_controller,549433,9.9,61853696,59999,2010,62009,15,149.2057
2026-05-09T14:36:45.157184+00:00,recovery_scenario,iperf_tcp,,9,,twin_core,549445,9.9,26951680,34524,2454,36978,3,29.7955
2026-05-09T14:36:45.157184+00:00,recovery_scenario,iperf_tcp,,9,,ryu_controller,549433,9.9,61853696,60013,2010,62023,14,138.9063
2026-05-09T14:36:45.257927+00:00,recovery_scenario,iperf_tcp,,9,,twin_core,549445,0.0,26951680,34527,2454,36981,3,29.7865
2026-05-09T14:36:45.257927+00:00,recovery_scenario,iperf_tcp,,9,,ryu_controller,549433,9.9,61853696,60025,2010,62035,12,119.2046
2026-05-09T14:36:45.359430+00:00,recovery_scenario,iperf_tcp,,9,,twin_core,549445,0.0,26951680,34530,2454,36984,3,29.5943
2026-05-09T14:36:45.359430+00:00,recovery_scenario,iperf_tcp,,9,,ryu_controller,549433,19.7,61853696,60036,2010,62046,11,108.4923
2026-05-09T14:36:45.460249+00:00,recovery_scenario,iperf_tcp,,9,,twin_core,549445,0.0,26951680,34532,2454,36986,2,19.7775
2026-05-09T14:36:45.460249+00:00,recovery_scenario,iperf_tcp,,9,,ryu_controller,549433,0.0,61853696,60047,2010,62057,11,108.7525
2026-05-09T14:36:45.561215+00:00,recovery_scenario,iperf_tcp,,9,,twin_core,549445,0.0,26951680,34542,2454,36996,10,99.3241
2026-05-09T14:36:45.561215+00:00,recovery_scenario,iperf_tcp,,9,,ryu_controller,549433,9.9,61853696,60070,2010,62080,23,228.6711
2026-05-09T14:36:45.661683+00:00,recovery_scenario,iperf_tcp,,9,,twin_core,549445,0.0,26951680,34548,2454,37002,6,59.7305
2026-05-09T14:36:45.661683+00:00,recovery_scenario,iperf_tcp,,9,,ryu_controller,549433,10.0,61853696,60090,2010,62100,20,199.0915
2026-05-09T14:36:45.763999+00:00,recovery_scenario,iperf_tcp,,9,,twin_core,549445,0.0,26951680,34551,2454,37005,3,29.264
2026-05-09T14:36:45.763999+00:00,recovery_scenario,iperf_tcp,,9,,ryu_controller,549433,9.7,61853696,60105,2010,62115,15,146.21
2026-05-09T14:36:45.865780+00:00,recovery_scenario,iperf_tcp,,9,,twin_core,549445,9.8,26951680,34557,2454,37011,6,59.0565
2026-05-09T14:36:45.865780+00:00,recovery_scenario,iperf_tcp,,9,,ryu_controller,549433,59.1,61853696,60154,2010,62164,49,482.2732
2026-05-09T14:36:45.966349+00:00,recovery_scenario,iperf_tcp,,9,,twin_core,549445,9.9,26951680,34565,2454,37019,8,79.5791
2026-05-09T14:36:45.966349+00:00,recovery_scenario,iperf_tcp,,9,,ryu_controller,549433,9.9,61853696,60164,2010,62174,10,99.5717
2026-05-09T14:36:46.066754+00:00,recovery_scenario,iperf_tcp,,9,,twin_core,549445,0.0,26951680,34571,2454,37025,6,59.7228
2026-05-09T14:36:46.066754+00:00,recovery_scenario,iperf_tcp,,9,,ryu_controller,549433,19.9,61853696,60184,2010,62194,20,198.7662
2026-05-09T14:36:46.167473+00:00,recovery_scenario,iperf_tcp,,9,,twin_core,549445,0.0,26951680,34571,2454,37025,0,0.0
2026-05-09T14:36:46.167473+00:00,recovery_scenario,iperf_tcp,,9,,ryu_controller,549433,9.9,61853696,60194,2010,62204,10,99.3639
2026-05-09T14:36:46.268932+00:00,recovery_scenario,iperf_tcp,,9,,twin_core,549445,0.0,26951680,34574,2454,37028,3,29.5634
2026-05-09T14:36:46.268932+00:00,recovery_scenario,iperf_tcp,,9,,ryu_controller,549433,0.0,61853696,60211,2010,62221,17,167.5022
2026-05-09T14:36:46.370073+00:00,recovery_scenario,iperf_tcp,,9,,twin_core,549445,0.0,26951680,34583,2454,37037,9,89.0495
2026-05-09T14:36:46.370073+00:00,recovery_scenario,iperf_tcp,,9,,ryu_controller,549433,19.8,61853696,60228,2010,62238,17,168.225
2026-05-09T14:36:46.470579+00:00,recovery_scenario,iperf_tcp,,9,,twin_core,549445,0.0,26951680,34592,2454,37046,9,89.5419
2026-05-09T14:36:46.470579+00:00,recovery_scenario,iperf_tcp,,9,,ryu_controller,549433,10.0,61853696,60246,2010,62256,18,179.1135
2026-05-09T14:36:46.571212+00:00,recovery_scenario,iperf_tcp,,9,,twin_core,549445,0.0,26951680,34592,2454,37046,0,0.0
2026-05-09T14:36:46.571212+00:00,recovery_scenario,iperf_tcp,,9,,ryu_controller,549433,19.9,61853696,60277,2010,62287,31,308.2014
2026-05-09T14:36:46.671664+00:00,recovery_scenario,iperf_tcp,,9,,twin_core,549445,0.0,26951680,34595,2454,37049,3,29.8449
2026-05-09T14:36:46.671664+00:00,recovery_scenario,iperf_tcp,,9,,ryu_controller,549433,89.5,61853696,60302,2011,62313,26,258.5361
2026-05-09T14:36:46.772300+00:00,recovery_scenario,iperf_tcp,,9,,twin_core,549445,0.0,26951680,34601,2455,37056,7,69.5921
2026-05-09T14:36:46.772300+00:00,recovery_scenario,iperf_tcp,,9,,ryu_controller,549433,9.9,61853696,60318,2011,62329,16,159.1232
2026-05-09T14:36:46.872765+00:00,recovery_scenario,iperf_tcp,,9,,twin_core,549445,0.0,26951680,34613,2455,37068,12,119.4642
2026-05-09T14:36:46.872765+00:00,recovery_scenario,iperf_tcp,,9,,ryu_controller,549433,10.0,61853696,60346,2011,62357,28,278.764
2026-05-09T14:36:46.974567+00:00,recovery_scenario,iperf_tcp,,9,,twin_core,549445,0.0,26951680,34613,2455,37068,0,0.0
2026-05-09T14:36:46.974567+00:00,recovery_scenario,iperf_tcp,,9,,ryu_controller,549433,0.0,61853696,60358,2011,62369,12,117.8156
2026-05-09T14:36:47.075938+00:00,recovery_scenario,iperf_tcp,,9,,twin_core,549445,0.0,26951680,34616,2455,37071,3,29.5797
2026-05-09T14:36:47.075938+00:00,recovery_scenario,iperf_tcp,,9,,ryu_controller,549433,9.9,61853696,60376,2011,62387,18,177.4445
2026-05-09T14:36:47.177497+00:00,recovery_scenario,iperf_tcp,,9,,twin_core,549445,9.8,26951680,34622,2455,37077,6,59.1339
2026-05-09T14:36:47.177497+00:00,recovery_scenario,iperf_tcp,,9,,ryu_controller,549433,19.7,61853696,60401,2011,62412,25,246.4589
2026-05-09T14:36:47.278847+00:00,recovery_scenario,iperf_tcp,,9,,twin_core,549445,0.0,26951680,34628,2455,37083,6,59.1812
2026-05-09T14:36:47.278847+00:00,recovery_scenario,iperf_tcp,,9,,ryu_controller,549433,0.0,61853696,60414,2011,62425,13,128.1532
2026-05-09T14:36:47.379385+00:00,recovery_scenario,iperf_tcp,,9,,twin_core,549445,0.0,26951680,34631,2455,37086,3,29.8354
2026-05-09T14:36:47.379385+00:00,recovery_scenario,iperf_tcp,,9,,ryu_controller,549433,9.9,61853696,60417,2011,62428,3,29.8444
2026-05-09T14:36:47.480899+00:00,recovery_scenario,iperf_tcp,,9,,twin_core,549445,0.0,26951680,34634,2455,37089,3,29.5392
2026-05-09T14:36:47.480899+00:00,recovery_scenario,iperf_tcp,,9,,ryu_controller,549433,0.0,61853696,60420,2011,62431,3,29.5427
2026-05-09T14:36:47.488930+00:00,recovery_scenario,iperf_tcp,,9,pingall_completed,,,,,,,,,
2026-05-09T14:36:47.583772+00:00,recovery_scenario,iperf_tcp,,9,,twin_core,549445,0.0,26951680,34647,2455,37102,13,126.4292
2026-05-09T14:36:47.583772+00:00,recovery_scenario,iperf_tcp,,9,,ryu_controller,549433,9.7,61853696,60431,2011,62442,11,106.9432
2026-05-09T14:36:47.684799+00:00,recovery_scenario,iperf_tcp,,9,,twin_core,549445,0.0,26951680,34647,2455,37102,0,0.0
2026-05-09T14:36:47.684799+00:00,recovery_scenario,iperf_tcp,,9,,ryu_controller,549433,9.9,61853696,60463,2011,62474,32,317.1042
2026-05-09T14:36:47.785405+00:00,recovery_scenario,iperf_tcp,,9,,twin_core,549445,0.0,26951680,34647,2455,37102,0,0.0
2026-05-09T14:36:47.785405+00:00,recovery_scenario,iperf_tcp,,9,,ryu_controller,549433,0.0,61853696,60467,2011,62478,4,39.7001
2026-05-09T14:36:47.885987+00:00,recovery_scenario,iperf_tcp,,9,,twin_core,549445,10.0,26951680,34647,2455,37102,0,0.0
2026-05-09T14:36:47.885987+00:00,recovery_scenario,iperf_tcp,,9,,ryu_controller,549433,39.8,61853696,60500,2011,62511,33,328.0514
2026-05-09T14:36:47.986591+00:00,recovery_scenario,iperf_tcp,,9,,twin_core,549445,9.9,26951680,34647,2455,37102,0,0.0
2026-05-09T14:36:47.986591+00:00,recovery_scenario,iperf_tcp,,9,,ryu_controller,549433,29.8,61939712,60523,2012,62535,24,238.4127
2026-05-09T14:36:48.087269+00:00,recovery_scenario,iperf_tcp,,9,,twin_core,549445,0.0,26951680,34647,2455,37102,0,0.0
2026-05-09T14:36:48.087269+00:00,recovery_scenario,iperf_tcp,,9,,ryu_controller,549433,0.0,61939712,60527,2012,62539,4,39.7042
2026-05-09T14:36:48.188002+00:00,recovery_scenario,iperf_tcp,,9,,twin_core,549445,0.0,26951680,34647,2455,37102,0,0.0
2026-05-09T14:36:48.188002+00:00,recovery_scenario,iperf_tcp,,9,,ryu_controller,549433,9.9,61939712,60536,2012,62548,9,89.5102
2026-05-09T14:36:48.292592+00:00,recovery_scenario,iperf_tcp,,9,,twin_core,549445,0.0,26951680,34647,2455,37102,0,0.0
2026-05-09T14:36:48.292592+00:00,recovery_scenario,iperf_tcp,,9,,ryu_controller,549433,0.0,61939712,60541,2012,62553,5,47.8303
2026-05-09T14:36:48.393215+00:00,recovery_scenario,iperf_tcp,,9,,twin_core,549445,0.0,26951680,34647,2455,37102,0,0.0
2026-05-09T14:36:48.393215+00:00,recovery_scenario,iperf_tcp,,9,,ryu_controller,549433,0.0,61939712,60544,2012,62556,3,29.8038
2026-05-09T14:36:48.498203+00:00,recovery_scenario,iperf_tcp,,9,,twin_core,549445,0.0,26951680,34647,2455,37102,0,0.0
2026-05-09T14:36:48.498203+00:00,recovery_scenario,iperf_tcp,,9,,ryu_controller,549433,0.0,61939712,60547,2012,62559,3,28.5837
2026-05-09T14:36:48.598704+00:00,recovery_scenario,iperf_tcp,,9,,twin_core,549445,10.0,26951680,34652,2455,37107,5,49.747
2026-05-09T14:36:48.598704+00:00,recovery_scenario,iperf_tcp,,9,,ryu_controller,549433,9.9,61939712,60550,2012,62562,3,29.8475
2026-05-09T14:36:48.699298+00:00,recovery_scenario,iperf_tcp,,9,,twin_core,549445,0.0,26951680,34652,2455,37107,0,0.0
2026-05-09T14:36:48.699298+00:00,recovery_scenario,iperf_tcp,,9,,ryu_controller,549433,19.9,61939712,60571,2012,62583,21,208.8924
2026-05-09T14:36:48.801190+00:00,recovery_scenario,iperf_tcp,,9,,twin_core,549445,0.0,26951680,34652,2455,37107,0,0.0
2026-05-09T14:36:48.801190+00:00,recovery_scenario,iperf_tcp,,9,,ryu_controller,549433,88.1,61939712,60580,2014,62594,11,107.7229
2026-05-09T14:36:48.902058+00:00,recovery_scenario,iperf_tcp,,9,,twin_core,549445,0.0,26951680,34652,2455,37107,0,0.0
2026-05-09T14:36:48.902058+00:00,recovery_scenario,iperf_tcp,,9,,ryu_controller,549433,69.4,61939712,60615,2014,62629,35,347.1614
2026-05-09T14:36:49.002679+00:00,recovery_scenario,iperf_tcp,,9,,twin_core,549445,0.0,26951680,34652,2455,37107,0,0.0
2026-05-09T14:36:49.002679+00:00,recovery_scenario,iperf_tcp,,9,,ryu_controller,549433,0.0,61939712,60622,2014,62636,7,69.3481
2026-05-09T14:36:49.103639+00:00,recovery_scenario,iperf_tcp,,9,,twin_core,549445,0.0,26951680,34652,2455,37107,0,0.0
2026-05-09T14:36:49.103639+00:00,recovery_scenario,iperf_tcp,,9,,ryu_controller,549433,0.0,61939712,60624,2014,62638,2,19.8296
2026-05-09T14:36:49.204484+00:00,recovery_scenario,iperf_tcp,,9,,twin_core,549445,0.0,26951680,34652,2455,37107,0,0.0
2026-05-09T14:36:49.204484+00:00,recovery_scenario,iperf_tcp,,9,,ryu_controller,549433,0.0,61939712,60628,2014,62642,4,39.6227
2026-05-09T14:36:49.305453+00:00,recovery_scenario,iperf_tcp,,9,,twin_core,549445,0.0,26951680,34652,2455,37107,0,0.0
2026-05-09T14:36:49.305453+00:00,recovery_scenario,iperf_tcp,,9,,ryu_controller,549433,9.9,61939712,60632,2014,62646,4,39.7322
2026-05-09T14:36:49.406043+00:00,recovery_scenario,iperf_tcp,,9,,twin_core,549445,0.0,26951680,34652,2455,37107,0,0.0
2026-05-09T14:36:49.406043+00:00,recovery_scenario,iperf_tcp,,9,,ryu_controller,549433,0.0,61939712,60638,2014,62652,6,59.5475
2026-05-09T14:36:49.506896+00:00,recovery_scenario,iperf_tcp,,9,,twin_core,549445,0.0,26951680,34652,2455,37107,0,0.0
2026-05-09T14:36:49.506896+00:00,recovery_scenario,iperf_tcp,,9,,ryu_controller,549433,0.0,61939712,60646,2014,62660,8,79.4101
2026-05-09T14:36:49.510546+00:00,recovery_scenario,iperf_tcp,,9,background_traffic_started,,,,,,,,,
2026-05-09T14:36:49.607676+00:00,recovery_scenario,iperf_tcp,,9,,twin_core,549445,9.9,26951680,34684,2456,37140,33,328.1475
2026-05-09T14:36:49.607676+00:00,recovery_scenario,iperf_tcp,,9,,ryu_controller,549433,9.9,61939712,60678,2014,62692,32,318.2383
2026-05-09T14:36:49.708166+00:00,recovery_scenario,iperf_tcp,,9,,twin_core,549445,9.9,26951680,34719,2456,37175,35,347.4454
2026-05-09T14:36:49.708166+00:00,recovery_scenario,iperf_tcp,,9,,ryu_controller,549433,0.0,61939712,60701,2014,62715,23,228.3684
2026-05-09T14:36:49.719092+00:00,recovery_scenario,iperf_tcp,,9,fault_injected,,,,,,,,,
2026-05-09T14:36:49.810206+00:00,recovery_scenario,iperf_tcp,,9,,twin_core,549445,0.0,26951680,34762,2460,37222,47,461.5832
2026-05-09T14:36:49.810206+00:00,recovery_scenario,iperf_tcp,,9,,ryu_controller,549433,78.6,61939712,60706,2023,62729,14,137.4825
2026-05-09T14:36:49.910754+00:00,recovery_scenario,iperf_tcp,,9,,twin_core,549445,9.9,26951680,34818,2468,37286,64,636.6124
2026-05-09T14:36:49.910754+00:00,recovery_scenario,iperf_tcp,,9,,ryu_controller,549433,99.5,61939712,60706,2024,62730,1,9.9471
2026-05-09T14:36:50.011346+00:00,recovery_scenario,iperf_tcp,,9,,twin_core,549445,0.0,26951680,34868,2478,37346,60,596.2908
2026-05-09T14:36:50.011346+00:00,recovery_scenario,iperf_tcp,,9,,ryu_controller,549433,99.4,61939712,60706,2026,62732,2,19.8814
2026-05-09T14:36:50.111860+00:00,recovery_scenario,iperf_tcp,,9,,twin_core,549445,0.0,26951680,34901,2482,37383,37,368.3209
2026-05-09T14:36:50.111860+00:00,recovery_scenario,iperf_tcp,,9,,ryu_controller,549433,99.4,61939712,60706,2027,62733,1,9.9384
2026-05-09T14:36:50.212516+00:00,recovery_scenario,iperf_tcp,,9,,twin_core,549445,0.0,26951680,34901,2482,37383,0,0.0
2026-05-09T14:36:50.212516+00:00,recovery_scenario,iperf_tcp,,9,,ryu_controller,549433,99.3,61939712,60706,2028,62734,1,9.9331
2026-05-09T14:36:50.313581+00:00,recovery_scenario,iperf_tcp,,9,,twin_core,549445,9.9,26951680,34901,2482,37383,0,0.0
2026-05-09T14:36:50.313581+00:00,recovery_scenario,iperf_tcp,,9,,ryu_controller,549433,98.6,61939712,60706,2028,62734,0,0.0
2026-05-09T14:36:50.416701+00:00,recovery_scenario,iperf_tcp,,9,,twin_core,549445,0.0,26951680,34901,2482,37383,0,0.0
2026-05-09T14:36:50.416701+00:00,recovery_scenario,iperf_tcp,,9,,ryu_controller,549433,97.2,61939712,60706,2028,62734,0,0.0
2026-05-09T14:36:50.520750+00:00,recovery_scenario,iperf_tcp,,9,,twin_core,549445,19.2,26951680,34901,2482,37383,0,0.0
2026-05-09T14:36:50.520750+00:00,recovery_scenario,iperf_tcp,,9,,ryu_controller,549433,96.2,61939712,60713,2029,62742,8,79.1206
2026-05-09T14:36:50.580712+00:00,recovery_scenario,iperf_tcp,,9,recovery_requested,,,,,,,,,
2026-05-09T14:36:50.621833+00:00,recovery_scenario,iperf_tcp,,9,,twin_core,549445,0.0,26951680,34915,2484,37399,16,158.2955
2026-05-09T14:36:50.621833+00:00,recovery_scenario,iperf_tcp,,9,,ryu_controller,549433,19.8,61939712,60740,2032,62772,30,296.5074
2026-05-09T14:36:50.723005+00:00,recovery_scenario,iperf_tcp,,9,,twin_core,549445,9.9,26951680,34953,2486,37439,40,392.9485
2026-05-09T14:36:50.723005+00:00,recovery_scenario,iperf_tcp,,9,,ryu_controller,549433,29.5,61939712,60768,2037,62805,33,324.8526
2026-05-09T14:36:50.824426+00:00,recovery_scenario,iperf_tcp,,9,,twin_core,549445,0.0,26951680,34984,2488,37472,33,327.3819
2026-05-09T14:36:50.824426+00:00,recovery_scenario,iperf_tcp,,9,,ryu_controller,549433,19.8,61939712,60806,2044,62850,45,445.7376
2026-05-09T14:36:50.925288+00:00,recovery_scenario,iperf_tcp,,9,,twin_core,549445,9.9,26951680,35023,2499,37522,50,496.0916
2026-05-09T14:36:50.925288+00:00,recovery_scenario,iperf_tcp,,9,,ryu_controller,549433,89.5,61939712,60814,2049,62863,13,129.3557
2026-05-09T14:36:51.025836+00:00,recovery_scenario,iperf_tcp,,9,,twin_core,549445,9.9,26951680,35049,2506,37555,33,328.1748
2026-05-09T14:36:51.025836+00:00,recovery_scenario,iperf_tcp,,9,,ryu_controller,549433,99.4,61939712,60814,2049,62863,0,0.0
2026-05-09T14:36:51.126845+00:00,recovery_scenario,iperf_tcp,,9,,twin_core,549445,0.0,26951680,35049,2506,37555,0,0.0
2026-05-09T14:36:51.126845+00:00,recovery_scenario,iperf_tcp,,9,,ryu_controller,549433,98.8,61939712,60814,2049,62863,0,0.0
2026-05-09T14:36:51.227656+00:00,recovery_scenario,iperf_tcp,,9,,twin_core,549445,0.0,26951680,35049,2506,37555,0,0.0
2026-05-09T14:36:51.227656+00:00,recovery_scenario,iperf_tcp,,9,,ryu_controller,549433,99.2,61939712,60814,2053,62867,4,39.7204
2026-05-09T14:36:51.328278+00:00,recovery_scenario,iperf_tcp,,9,,twin_core,549445,0.0,26951680,35049,2506,37555,0,0.0
2026-05-09T14:36:51.328278+00:00,recovery_scenario,iperf_tcp,,9,,ryu_controller,549433,99.3,61939712,60814,2054,62868,1,9.9257
2026-05-09T14:36:51.429217+00:00,recovery_scenario,iperf_tcp,,9,,twin_core,549445,0.0,26951680,35049,2506,37555,0,0.0
2026-05-09T14:36:51.429217+00:00,recovery_scenario,iperf_tcp,,9,,ryu_controller,549433,109.2,61939712,60814,2054,62868,0,0.0
2026-05-09T14:36:51.529913+00:00,recovery_scenario,iperf_tcp,,9,,twin_core,549445,0.0,26951680,35050,2506,37556,1,9.9284
2026-05-09T14:36:51.529913+00:00,recovery_scenario,iperf_tcp,,9,,ryu_controller,549433,89.3,61939712,60814,2055,62869,1,9.9151
2026-05-09T14:36:51.630511+00:00,recovery_scenario,iperf_tcp,,9,,twin_core,549445,0.0,26951680,35050,2506,37556,0,0.0
2026-05-09T14:36:51.630511+00:00,recovery_scenario,iperf_tcp,,9,,ryu_controller,549433,109.3,61939712,60814,2055,62869,0,0.0
2026-05-09T14:36:51.731608+00:00,recovery_scenario,iperf_tcp,,9,,twin_core,549445,0.0,26951680,35050,2506,37556,0,0.0
2026-05-09T14:36:51.731608+00:00,recovery_scenario,iperf_tcp,,9,,ryu_controller,549433,89.1,61939712,60814,2057,62871,2,19.7945
2026-05-09T14:36:51.832409+00:00,recovery_scenario,iperf_tcp,,9,,twin_core,549445,0.0,26951680,35050,2506,37556,0,0.0
2026-05-09T14:36:51.832409+00:00,recovery_scenario,iperf_tcp,,9,,ryu_controller,549433,89.4,61939712,60818,2059,62877,6,59.6283
2026-05-09T14:36:51.932890+00:00,recovery_scenario,iperf_tcp,,9,,twin_core,549445,0.0,26951680,35050,2506,37556,0,0.0
2026-05-09T14:36:51.932890+00:00,recovery_scenario,iperf_tcp,,9,,ryu_controller,549433,0.0,61939712,60836,2059,62895,18,178.7388
2026-05-09T14:36:52.033583+00:00,recovery_scenario,iperf_tcp,,9,,twin_core,549445,0.0,26951680,35051,2506,37557,1,9.9326
2026-05-09T14:36:52.033583+00:00,recovery_scenario,iperf_tcp,,9,,ryu_controller,549433,9.9,61939712,60856,2059,62915,20,199.0041
2026-05-09T14:36:52.134081+00:00,recovery_scenario,iperf_tcp,,9,,twin_core,549445,0.0,26951680,35051,2506,37557,0,0.0
2026-05-09T14:36:52.134081+00:00,recovery_scenario,iperf_tcp,,9,,ryu_controller,549433,0.0,61939712,60866,2059,62925,10,99.4269
2026-05-09T14:36:52.234710+00:00,recovery_scenario,iperf_tcp,,9,,twin_core,549445,0.0,26951680,35051,2506,37557,0,0.0
2026-05-09T14:36:52.234710+00:00,recovery_scenario,iperf_tcp,,9,,ryu_controller,549433,9.9,61939712,60898,2059,62957,32,318.2523
2026-05-09T14:36:52.335227+00:00,recovery_scenario,iperf_tcp,,9,,twin_core,549445,0.0,26951680,35051,2506,37557,0,0.0
2026-05-09T14:36:52.335227+00:00,recovery_scenario,iperf_tcp,,9,,ryu_controller,549433,0.0,61939712,60906,2059,62965,8,79.5396
2026-05-09T14:36:52.435906+00:00,recovery_scenario,iperf_tcp,,9,,twin_core,549445,0.0,26951680,35051,2506,37557,0,0.0
2026-05-09T14:36:52.435906+00:00,recovery_scenario,iperf_tcp,,9,,ryu_controller,549433,9.9,61939712,60914,2059,62973,8,79.3363
2026-05-09T14:36:52.536980+00:00,recovery_scenario,iperf_tcp,,9,,twin_core,549445,9.8,26951680,35052,2506,37558,1,9.7526
2026-05-09T14:36:52.536980+00:00,recovery_scenario,iperf_tcp,,9,,ryu_controller,549433,19.5,61939712,60923,2059,62982,9,87.7104
2026-05-09T14:36:52.639652+00:00,recovery_scenario,iperf_tcp,,9,,twin_core,549445,19.6,26951680,35052,2506,37558,0,0.0
2026-05-09T14:36:52.639652+00:00,recovery_scenario,iperf_tcp,,9,,ryu_controller,549433,75.1,61939712,60971,2059,63030,48,451.0963
2026-05-09T14:36:52.745648+00:00,recovery_scenario,iperf_tcp,,9,,twin_core,549445,0.0,26951680,35052,2506,37558,0,0.0
2026-05-09T14:36:52.745648+00:00,recovery_scenario,iperf_tcp,,9,,ryu_controller,549433,9.9,61939712,60997,2059,63056,26,257.8853
2026-05-09T14:36:52.846428+00:00,recovery_scenario,iperf_tcp,,9,,twin_core,549445,0.0,26951680,35052,2506,37558,0,0.0
2026-05-09T14:36:52.846428+00:00,recovery_scenario,iperf_tcp,,9,,ryu_controller,549433,0.0,61939712,61011,2059,63070,14,136.7779
2026-05-09T14:36:52.948896+00:00,recovery_scenario,iperf_tcp,,9,,twin_core,549445,0.0,26951680,35052,2506,37558,0,0.0
2026-05-09T14:36:52.948896+00:00,recovery_scenario,iperf_tcp,,9,,ryu_controller,549433,0.0,61939712,61035,2059,63094,24,237.2812
2026-05-09T14:36:52.976098+00:00,recovery_scenario,iperf_tcp,,9,scenario_teardown,,,,,,,,,
2026-05-09T14:36:53.050007+00:00,recovery_scenario,iperf_tcp,,9,,twin_core,549445,9.9,26951680,35064,2510,37574,16,158.4485
2026-05-09T14:36:53.050007+00:00,recovery_scenario,iperf_tcp,,9,,ryu_controller,549433,19.8,61939712,61043,2060,63103,9,89.2982
2026-05-09T14:36:53.150883+00:00,recovery_scenario,iperf_tcp,,9,,twin_core,549445,0.0,26951680,35087,2511,37598,24,238.4681
2026-05-09T14:36:53.150883+00:00,recovery_scenario,iperf_tcp,,9,,ryu_controller,549433,9.9,61939712,61051,2063,63114,11,109.2297
2026-05-09T14:36:53.251576+00:00,recovery_scenario,iperf_tcp,,9,,twin_core,549445,0.0,26951680,35105,2512,37617,19,188.6806
2026-05-09T14:36:53.251576+00:00,recovery_scenario,iperf_tcp,,9,,ryu_controller,549433,9.9,61939712,61060,2066,63126,12,119.3168
2026-05-09T14:36:53.352004+00:00,recovery_scenario,iperf_tcp,,9,,twin_core,549445,0.0,26951680,35105,2512,37617,0,0.0
2026-05-09T14:36:53.352004+00:00,recovery_scenario,iperf_tcp,,9,,ryu_controller,549433,9.9,61939712,61067,2067,63134,8,79.5239
2026-05-09T14:36:53.929210+00:00,recovery_scenario,iperf_tcp,,10,,twin_core,549445,0.0,26951680,35499,2579,38078,0,0.0
2026-05-09T14:36:53.929210+00:00,recovery_scenario,iperf_tcp,,10,,ryu_controller,549433,0.0,61939712,61131,2072,63203,0,0.0
2026-05-09T14:36:54.031385+00:00,recovery_scenario,iperf_tcp,,10,,twin_core,549445,0.0,26955776,35544,2585,38129,51,498.219
2026-05-09T14:36:54.031385+00:00,recovery_scenario,iperf_tcp,,10,,ryu_controller,549433,39.1,61939712,61141,2093,63234,31,307.9132
2026-05-09T14:36:54.132047+00:00,recovery_scenario,iperf_tcp,,10,,twin_core,549445,19.9,26955776,35645,2586,38231,102,1014.593
2026-05-09T14:36:54.132047+00:00,recovery_scenario,iperf_tcp,,10,,ryu_controller,549433,9.9,61939712,61158,2096,63254,20,199.0059
2026-05-09T14:36:54.187322+00:00,recovery_scenario,iperf_tcp,,10,service_started,,,,,,,,,
2026-05-09T14:36:54.232525+00:00,recovery_scenario,iperf_tcp,,10,,twin_core,549445,10.0,26955776,35706,2587,38293,62,617.6096
2026-05-09T14:36:54.232525+00:00,recovery_scenario,iperf_tcp,,10,,ryu_controller,549433,48.8,61939712,61227,2100,63327,73,712.5401
2026-05-09T14:36:54.335199+00:00,recovery_scenario,iperf_tcp,,10,,twin_core,549445,0.0,26955776,35707,2587,38294,1,9.7378
2026-05-09T14:36:54.335199+00:00,recovery_scenario,iperf_tcp,,10,,ryu_controller,549433,29.8,61939712,61263,2100,63363,36,357.7672
2026-05-09T14:36:54.435664+00:00,recovery_scenario,iperf_tcp,,10,,twin_core,549445,9.9,26955776,35707,2587,38294,0,0.0
2026-05-09T14:36:54.435664+00:00,recovery_scenario,iperf_tcp,,10,,ryu_controller,549433,19.8,61939712,61283,2100,63383,20,198.0701
2026-05-09T14:36:54.538659+00:00,recovery_scenario,iperf_tcp,,10,,twin_core,549445,0.0,26955776,35707,2587,38294,0,0.0
2026-05-09T14:36:54.538659+00:00,recovery_scenario,iperf_tcp,,10,,ryu_controller,549433,9.7,61939712,61300,2100,63400,17,165.634
2026-05-09T14:36:54.639285+00:00,recovery_scenario,iperf_tcp,,10,,twin_core,549445,0.0,26955776,35707,2587,38294,0,0.0
2026-05-09T14:36:54.639285+00:00,recovery_scenario,iperf_tcp,,10,,ryu_controller,549433,10.0,61939712,61312,2100,63412,12,119.4254
2026-05-09T14:36:54.739705+00:00,recovery_scenario,iperf_tcp,,10,,twin_core,549445,0.0,26955776,35707,2587,38294,0,0.0
2026-05-09T14:36:54.739705+00:00,recovery_scenario,iperf_tcp,,10,,ryu_controller,549433,9.9,61939712,61340,2100,63440,28,278.108
2026-05-09T14:36:54.840444+00:00,recovery_scenario,iperf_tcp,,10,,twin_core,549445,0.0,26955776,35707,2587,38294,0,0.0
2026-05-09T14:36:54.840444+00:00,recovery_scenario,iperf_tcp,,10,,ryu_controller,549433,19.9,61939712,61367,2101,63468,28,278.4435
2026-05-09T14:36:54.940944+00:00,recovery_scenario,iperf_tcp,,10,,twin_core,549445,0.0,26955776,35707,2587,38294,0,0.0
2026-05-09T14:36:54.940944+00:00,recovery_scenario,iperf_tcp,,10,,ryu_controller,549433,10.0,61939712,61387,2102,63489,21,209.043
2026-05-09T14:36:55.041397+00:00,recovery_scenario,iperf_tcp,,10,,twin_core,549445,0.0,26955776,35707,2587,38294,0,0.0
2026-05-09T14:36:55.041397+00:00,recovery_scenario,iperf_tcp,,10,,ryu_controller,549433,39.8,61939712,61418,2102,63520,31,308.5286
2026-05-09T14:36:55.141870+00:00,recovery_scenario,iperf_tcp,,10,,twin_core,549445,0.0,26955776,35707,2587,38294,0,0.0
2026-05-09T14:36:55.141870+00:00,recovery_scenario,iperf_tcp,,10,,ryu_controller,549433,10.0,61939712,61437,2103,63540,20,199.039
2026-05-09T14:36:55.243818+00:00,recovery_scenario,iperf_tcp,,10,,twin_core,549445,0.0,26955776,35707,2587,38294,0,0.0
2026-05-09T14:36:55.243818+00:00,recovery_scenario,iperf_tcp,,10,,ryu_controller,549433,19.6,61939712,61479,2103,63582,42,411.9101
2026-05-09T14:36:55.344344+00:00,recovery_scenario,iperf_tcp,,10,,twin_core,549445,0.0,26955776,35707,2587,38294,0,0.0
2026-05-09T14:36:55.344344+00:00,recovery_scenario,iperf_tcp,,10,,ryu_controller,549433,19.9,61939712,61507,2103,63610,28,278.6242
2026-05-09T14:36:55.444837+00:00,recovery_scenario,iperf_tcp,,10,,twin_core,549445,0.0,26955776,35707,2587,38294,0,0.0
2026-05-09T14:36:55.444837+00:00,recovery_scenario,iperf_tcp,,10,,ryu_controller,549433,19.9,61939712,61538,2103,63641,31,308.4647
2026-05-09T14:36:55.545834+00:00,recovery_scenario,iperf_tcp,,10,,twin_core,549445,0.0,26955776,35707,2587,38294,0,0.0
2026-05-09T14:36:55.545834+00:00,recovery_scenario,iperf_tcp,,10,,ryu_controller,549433,19.8,61939712,61569,2103,63672,31,306.8151
2026-05-09T14:36:55.646387+00:00,recovery_scenario,iperf_tcp,,10,,twin_core,549445,0.0,26955776,35707,2587,38294,0,0.0
2026-05-09T14:36:55.646387+00:00,recovery_scenario,iperf_tcp,,10,,ryu_controller,549433,9.9,61939712,61586,2103,63689,17,169.0324
2026-05-09T14:36:55.746927+00:00,recovery_scenario,iperf_tcp,,10,,twin_core,549445,0.0,26955776,35707,2587,38294,0,0.0
2026-05-09T14:36:55.746927+00:00,recovery_scenario,iperf_tcp,,10,,ryu_controller,549433,19.9,61939712,61623,2103,63726,37,367.9679
2026-05-09T14:36:55.847478+00:00,recovery_scenario,iperf_tcp,,10,,twin_core,549445,0.0,26955776,35707,2587,38294,0,0.0
2026-05-09T14:36:55.847478+00:00,recovery_scenario,iperf_tcp,,10,,ryu_controller,549433,39.8,61939712,61681,2103,63784,58,577.8146
2026-05-09T14:36:55.952028+00:00,recovery_scenario,iperf_tcp,,10,,twin_core,549445,0.0,26955776,35707,2587,38294,0,0.0
2026-05-09T14:36:55.952028+00:00,recovery_scenario,iperf_tcp,,10,,ryu_controller,549433,19.1,61939712,61719,2103,63822,38,362.7237
2026-05-09T14:36:56.052624+00:00,recovery_scenario,iperf_tcp,,10,,twin_core,549445,0.0,26955776,35707,2587,38294,0,0.0
2026-05-09T14:36:56.052624+00:00,recovery_scenario,iperf_tcp,,10,,ryu_controller,549433,10.0,61939712,61746,2103,63849,27,268.961
2026-05-09T14:36:56.153037+00:00,recovery_scenario,iperf_tcp,,10,,twin_core,549445,0.0,26955776,35707,2587,38294,0,0.0
2026-05-09T14:36:56.153037+00:00,recovery_scenario,iperf_tcp,,10,,ryu_controller,549433,9.9,61939712,61755,2103,63858,9,89.4377
2026-05-09T14:36:56.254341+00:00,recovery_scenario,iperf_tcp,,10,,twin_core,549445,0.0,26955776,35707,2587,38294,0,0.0
2026-05-09T14:36:56.254341+00:00,recovery_scenario,iperf_tcp,,10,,ryu_controller,549433,29.7,61939712,61791,2103,63894,36,355.9277
2026-05-09T14:36:56.354851+00:00,recovery_scenario,iperf_tcp,,10,,twin_core,549445,19.9,26955776,35712,2587,38299,5,49.7023
2026-05-09T14:36:56.354851+00:00,recovery_scenario,iperf_tcp,,10,,ryu_controller,549433,29.8,61939712,61844,2103,63947,53,526.4574
2026-05-09T14:36:56.455500+00:00,recovery_scenario,iperf_tcp,,10,,twin_core,549445,0.0,26955776,35718,2587,38305,6,59.6444
2026-05-09T14:36:56.455500+00:00,recovery_scenario,iperf_tcp,,10,,ryu_controller,549433,19.9,61939712,61862,2103,63965,18,179.1192
2026-05-09T14:36:56.557263+00:00,recovery_scenario,iperf_tcp,,10,,twin_core,549445,0.0,26955776,35720,2587,38307,2,19.6412
2026-05-09T14:36:56.557263+00:00,recovery_scenario,iperf_tcp,,10,,ryu_controller,549433,9.8,61939712,61880,2103,63983,18,176.5896
2026-05-09T14:36:56.659191+00:00,recovery_scenario,iperf_tcp,,10,,twin_core,549445,0.0,26955776,35726,2587,38313,6,58.812
2026-05-09T14:36:56.659191+00:00,recovery_scenario,iperf_tcp,,10,,ryu_controller,549433,0.0,61939712,61899,2103,64002,19,186.4049
2026-05-09T14:36:56.759868+00:00,recovery_scenario,iperf_tcp,,10,,twin_core,549445,0.0,26955776,35729,2587,38316,3,29.7637
2026-05-09T14:36:56.759868+00:00,recovery_scenario,iperf_tcp,,10,,ryu_controller,549433,9.9,61939712,61923,2103,64026,24,236.9882
2026-05-09T14:36:56.861092+00:00,recovery_scenario,iperf_tcp,,10,,twin_core,549445,9.9,26955776,35732,2587,38319,3,29.6885
2026-05-09T14:36:56.861092+00:00,recovery_scenario,iperf_tcp,,10,,ryu_controller,549433,9.9,61939712,61952,2103,64055,29,288.3699
2026-05-09T14:36:56.961654+00:00,recovery_scenario,iperf_tcp,,10,,twin_core,549445,0.0,26955776,35735,2587,38322,3,29.8528
2026-05-09T14:36:56.961654+00:00,recovery_scenario,iperf_tcp,,10,,ryu_controller,549433,0.0,61939712,61971,2103,64074,19,189.045
2026-05-09T14:36:57.062246+00:00,recovery_scenario,iperf_tcp,,10,,twin_core,549445,0.0,26955776,35744,2587,38331,9,89.4684
2026-05-09T14:36:57.062246+00:00,recovery_scenario,iperf_tcp,,10,,ryu_controller,549433,19.9,61939712,61997,2103,64100,26,258.4672
2026-05-09T14:36:57.162814+00:00,recovery_scenario,iperf_tcp,,10,,twin_core,549445,0.0,26955776,35747,2587,38334,3,29.8434
2026-05-09T14:36:57.162814+00:00,recovery_scenario,iperf_tcp,,10,,ryu_controller,549433,9.9,61939712,62020,2103,64123,23,228.593
2026-05-09T14:36:57.264194+00:00,recovery_scenario,iperf_tcp,,10,,twin_core,549445,0.0,26955776,35750,2587,38337,3,29.5825
2026-05-09T14:36:57.264194+00:00,recovery_scenario,iperf_tcp,,10,,ryu_controller,549433,9.9,61939712,62042,2103,64145,22,217.1754
2026-05-09T14:36:57.365948+00:00,recovery_scenario,iperf_tcp,,10,,twin_core,549445,0.0,26955776,35753,2587,38340,3,29.4691
2026-05-09T14:36:57.365948+00:00,recovery_scenario,iperf_tcp,,10,,ryu_controller,549433,9.8,61939712,62070,2104,64174,29,284.8614
2026-05-09T14:36:57.466467+00:00,recovery_scenario,iperf_tcp,,10,,twin_core,549445,0.0,26955776,35762,2587,38349,9,89.5886
2026-05-09T14:36:57.466467+00:00,recovery_scenario,iperf_tcp,,10,,ryu_controller,549433,10.0,61939712,62082,2104,64186,12,119.4523
2026-05-09T14:36:57.567040+00:00,recovery_scenario,iperf_tcp,,10,,twin_core,549445,0.0,26955776,35765,2587,38352,3,29.8092
2026-05-09T14:36:57.567040+00:00,recovery_scenario,iperf_tcp,,10,,ryu_controller,549433,9.9,61939712,62111,2104,64215,29,288.1848
2026-05-09T14:36:57.667575+00:00,recovery_scenario,iperf_tcp,,10,,twin_core,549445,0.0,26955776,35768,2587,38355,3,29.8562
2026-05-09T14:36:57.667575+00:00,recovery_scenario,iperf_tcp,,10,,ryu_controller,549433,10.0,61939712,62135,2104,64239,24,238.825
2026-05-09T14:36:57.769050+00:00,recovery_scenario,iperf_tcp,,10,,twin_core,549445,0.0,26955776,35771,2587,38358,3,29.5451
2026-05-09T14:36:57.769050+00:00,recovery_scenario,iperf_tcp,,10,,ryu_controller,549433,9.8,61939712,62151,2104,64255,16,157.4813
2026-05-09T14:36:57.869722+00:00,recovery_scenario,iperf_tcp,,10,,twin_core,549445,0.0,26955776,35774,2587,38361,3,29.8102
2026-05-09T14:36:57.869722+00:00,recovery_scenario,iperf_tcp,,10,,ryu_controller,549433,9.9,61939712,62164,2104,64268,13,129.2344
2026-05-09T14:36:57.970958+00:00,recovery_scenario,iperf_tcp,,10,,twin_core,549445,0.0,26955776,35780,2587,38367,6,59.2475
2026-05-09T14:36:57.970958+00:00,recovery_scenario,iperf_tcp,,10,,ryu_controller,549433,59.2,61939712,62215,2104,64319,51,503.5953
2026-05-09T14:36:58.072440+00:00,recovery_scenario,iperf_tcp,,10,,twin_core,549445,0.0,26955776,35789,2587,38376,9,88.7671
2026-05-09T14:36:58.072440+00:00,recovery_scenario,iperf_tcp,,10,,ryu_controller,549433,29.6,61939712,62234,2105,64339,20,197.3033
2026-05-09T14:36:58.172943+00:00,recovery_scenario,iperf_tcp,,10,,twin_core,549445,9.9,26955776,35795,2587,38382,6,59.5412
2026-05-09T14:36:58.172943+00:00,recovery_scenario,iperf_tcp,,10,,ryu_controller,549433,9.9,61939712,62248,2106,64354,15,148.8515
2026-05-09T14:36:58.273795+00:00,recovery_scenario,iperf_tcp,,10,,twin_core,549445,0.0,26955776,35795,2587,38382,0,0.0
2026-05-09T14:36:58.273795+00:00,recovery_scenario,iperf_tcp,,10,,ryu_controller,549433,19.9,61939712,62258,2107,64365,11,109.1918
2026-05-09T14:36:58.374406+00:00,recovery_scenario,iperf_tcp,,10,,twin_core,549445,9.9,26955776,35804,2587,38391,9,89.5646
2026-05-09T14:36:58.374406+00:00,recovery_scenario,iperf_tcp,,10,,ryu_controller,549433,59.7,61939712,62297,2109,64406,41,408.2889
2026-05-09T14:36:58.474830+00:00,recovery_scenario,iperf_tcp,,10,,twin_core,549445,10.0,26955776,35816,2587,38403,12,119.4726
2026-05-09T14:36:58.474830+00:00,recovery_scenario,iperf_tcp,,10,,ryu_controller,549433,39.8,61939712,62325,2109,64434,28,278.3239
2026-05-09T14:36:58.576261+00:00,recovery_scenario,iperf_tcp,,10,,twin_core,549445,0.0,26955776,35819,2587,38406,3,29.5651
2026-05-09T14:36:58.576261+00:00,recovery_scenario,iperf_tcp,,10,,ryu_controller,549433,9.8,61939712,62340,2109,64449,15,147.8146
2026-05-09T14:36:58.677001+00:00,recovery_scenario,iperf_tcp,,10,,twin_core,549445,0.0,26955776,35819,2587,38406,0,0.0
2026-05-09T14:36:58.677001+00:00,recovery_scenario,iperf_tcp,,10,,ryu_controller,549433,9.9,61939712,62354,2109,64463,14,138.9584
2026-05-09T14:36:58.777672+00:00,recovery_scenario,iperf_tcp,,10,,twin_core,549445,0.0,26955776,35825,2587,38412,6,59.7071
2026-05-09T14:36:58.777672+00:00,recovery_scenario,iperf_tcp,,10,,ryu_controller,549433,10.0,61939712,62366,2109,64475,12,119.4096
2026-05-09T14:36:58.878282+00:00,recovery_scenario,iperf_tcp,,10,,twin_core,549445,0.0,26955776,35833,2587,38420,8,79.5374
2026-05-09T14:36:58.878282+00:00,recovery_scenario,iperf_tcp,,10,,ryu_controller,549433,9.9,61939712,62373,2109,64482,7,69.6014
2026-05-09T14:36:58.978701+00:00,recovery_scenario,iperf_tcp,,10,,twin_core,549445,0.0,26955776,35839,2587,38426,6,59.7492
2026-05-09T14:36:58.978701+00:00,recovery_scenario,iperf_tcp,,10,,ryu_controller,549433,10.0,61939712,62408,2109,64517,35,348.5493
2026-05-09T14:36:59.080336+00:00,recovery_scenario,iperf_tcp,,10,,twin_core,549445,0.0,26955776,35839,2587,38426,0,0.0
2026-05-09T14:36:59.080336+00:00,recovery_scenario,iperf_tcp,,10,,ryu_controller,549433,9.8,61939712,62429,2109,64538,21,206.4376
2026-05-09T14:36:59.180826+00:00,recovery_scenario,iperf_tcp,,10,,twin_core,549445,0.0,26955776,35845,2587,38432,6,59.7326
2026-05-09T14:36:59.180826+00:00,recovery_scenario,iperf_tcp,,10,,ryu_controller,549433,0.0,61939712,62432,2109,64541,3,29.8177
2026-05-09T14:36:59.281512+00:00,recovery_scenario,iperf_tcp,,10,,twin_core,549445,0.0,26955776,35851,2587,38438,6,59.5888
2026-05-09T14:36:59.281512+00:00,recovery_scenario,iperf_tcp,,10,,ryu_controller,549433,19.9,61939712,62450,2109,64559,18,179.0707
2026-05-09T14:36:59.381978+00:00,recovery_scenario,iperf_tcp,,10,,twin_core,549445,0.0,26955776,35859,2587,38446,8,79.5962
2026-05-09T14:36:59.381978+00:00,recovery_scenario,iperf_tcp,,10,,ryu_controller,549433,10.0,61939712,62487,2109,64596,37,368.1369
2026-05-09T14:36:59.482518+00:00,recovery_scenario,iperf_tcp,,10,,twin_core,549445,0.0,26955776,35859,2587,38446,0,0.0
2026-05-09T14:36:59.482518+00:00,recovery_scenario,iperf_tcp,,10,,ryu_controller,549433,29.9,61939712,62520,2109,64629,33,328.5414
2026-05-09T14:36:59.585343+00:00,recovery_scenario,iperf_tcp,,10,,twin_core,549445,9.7,26955776,35865,2587,38452,6,58.3422
2026-05-09T14:36:59.585343+00:00,recovery_scenario,iperf_tcp,,10,,ryu_controller,549433,9.7,61939712,62529,2109,64638,9,87.5021
2026-05-09T14:36:59.685783+00:00,recovery_scenario,iperf_tcp,,10,,twin_core,549445,0.0,26955776,35871,2587,38458,6,59.7151
2026-05-09T14:36:59.685783+00:00,recovery_scenario,iperf_tcp,,10,,ryu_controller,549433,0.0,61939712,62533,2109,64642,4,39.7869
2026-05-09T14:36:59.791005+00:00,recovery_scenario,iperf_tcp,,10,,twin_core,549445,0.0,26955776,35874,2587,38461,3,28.498
2026-05-09T14:36:59.791005+00:00,recovery_scenario,iperf_tcp,,10,,ryu_controller,549433,0.0,61939712,62536,2109,64645,3,28.5111
2026-05-09T14:36:59.896052+00:00,recovery_scenario,iperf_tcp,,10,,twin_core,549445,0.0,26955776,35877,2587,38464,3,28.5555
2026-05-09T14:36:59.896052+00:00,recovery_scenario,iperf_tcp,,10,,ryu_controller,549433,0.0,61939712,62540,2109,64649,4,38.0669
2026-05-09T14:36:59.990785+00:00,recovery_scenario,iperf_tcp,,10,pingall_completed,,,,,,,,,
2026-05-09T14:36:59.998878+00:00,recovery_scenario,iperf_tcp,,10,,twin_core,549445,0.0,26955776,35888,2588,38476,12,116.7783
2026-05-09T14:36:59.998878+00:00,recovery_scenario,iperf_tcp,,10,,ryu_controller,549433,38.9,61939712,62576,2109,64685,36,349.7021
2026-05-09T14:37:00.100373+00:00,recovery_scenario,iperf_tcp,,10,,twin_core,549445,9.8,26955776,35892,2588,38480,4,39.393
2026-05-09T14:37:00.100373+00:00,recovery_scenario,iperf_tcp,,10,,ryu_controller,549433,49.3,61939712,62601,2114,64715,30,295.9975
2026-05-09T14:37:00.202954+00:00,recovery_scenario,iperf_tcp,,10,,twin_core,549445,0.0,26955776,35892,2588,38480,0,0.0
2026-05-09T14:37:00.202954+00:00,recovery_scenario,iperf_tcp,,10,,ryu_controller,549433,0.0,61939712,62605,2114,64719,4,38.981
2026-05-09T14:37:00.308038+00:00,recovery_scenario,iperf_tcp,,10,,twin_core,549445,0.0,26955776,35892,2588,38480,0,0.0
2026-05-09T14:37:00.308038+00:00,recovery_scenario,iperf_tcp,,10,,ryu_controller,549433,0.0,61939712,62608,2114,64722,3,28.5398
2026-05-09T14:37:00.409272+00:00,recovery_scenario,iperf_tcp,,10,,twin_core,549445,0.0,26955776,35892,2588,38480,0,0.0
2026-05-09T14:37:00.409272+00:00,recovery_scenario,iperf_tcp,,10,,ryu_controller,549433,9.9,61939712,62614,2114,64728,6,58.961
2026-05-09T14:37:00.511234+00:00,recovery_scenario,iperf_tcp,,10,,twin_core,549445,9.8,26955776,35892,2588,38480,0,0.0
2026-05-09T14:37:00.511234+00:00,recovery_scenario,iperf_tcp,,10,,ryu_controller,549433,78.5,61939712,62659,2115,64774,46,453.9431
2026-05-09T14:37:00.615448+00:00,recovery_scenario,iperf_tcp,,10,,twin_core,549445,0.0,26955776,35892,2588,38480,0,0.0
2026-05-09T14:37:00.615448+00:00,recovery_scenario,iperf_tcp,,10,,ryu_controller,549433,0.0,61939712,62663,2115,64778,4,38.3809
2026-05-09T14:37:00.720095+00:00,recovery_scenario,iperf_tcp,,10,,twin_core,549445,0.0,26955776,35892,2588,38480,0,0.0
2026-05-09T14:37:00.720095+00:00,recovery_scenario,iperf_tcp,,10,,ryu_controller,549433,0.0,61939712,62666,2115,64781,3,28.6347
2026-05-09T14:37:00.820832+00:00,recovery_scenario,iperf_tcp,,10,,twin_core,549445,0.0,26955776,35892,2588,38480,0,0.0
2026-05-09T14:37:00.820832+00:00,recovery_scenario,iperf_tcp,,10,,ryu_controller,549433,9.9,61939712,62670,2115,64785,4,39.6091
2026-05-09T14:37:00.921763+00:00,recovery_scenario,iperf_tcp,,10,,twin_core,549445,0.0,26955776,35892,2588,38480,0,0.0
2026-05-09T14:37:00.921763+00:00,recovery_scenario,iperf_tcp,,10,,ryu_controller,549433,0.0,61939712,62673,2115,64788,3,29.8039
2026-05-09T14:37:01.022392+00:00,recovery_scenario,iperf_tcp,,10,,twin_core,549445,0.0,26955776,35897,2588,38485,5,49.7085
2026-05-09T14:37:01.022392+00:00,recovery_scenario,iperf_tcp,,10,,ryu_controller,549433,0.0,61939712,62689,2115,64804,16,159.213
2026-05-09T14:37:01.122869+00:00,recovery_scenario,iperf_tcp,,10,,twin_core,549445,0.0,26955776,35897,2588,38485,0,0.0
2026-05-09T14:37:01.122869+00:00,recovery_scenario,iperf_tcp,,10,,ryu_controller,549433,0.0,61939712,62700,2115,64815,11,109.4574
2026-05-09T14:37:01.223364+00:00,recovery_scenario,iperf_tcp,,10,,twin_core,549445,0.0,26955776,35897,2588,38485,0,0.0
2026-05-09T14:37:01.223364+00:00,recovery_scenario,iperf_tcp,,10,,ryu_controller,549433,0.0,61939712,62703,2115,64818,3,29.8516
2026-05-09T14:37:01.323902+00:00,recovery_scenario,iperf_tcp,,10,,twin_core,549445,0.0,26955776,35897,2588,38485,0,0.0
2026-05-09T14:37:01.323902+00:00,recovery_scenario,iperf_tcp,,10,,ryu_controller,549433,9.9,61939712,62707,2115,64822,4,39.7337
2026-05-09T14:37:01.424593+00:00,recovery_scenario,iperf_tcp,,10,,twin_core,549445,0.0,26955776,35897,2588,38485,0,0.0
2026-05-09T14:37:01.424593+00:00,recovery_scenario,iperf_tcp,,10,,ryu_controller,549433,0.0,61939712,62713,2115,64828,6,59.644
2026-05-09T14:37:01.525211+00:00,recovery_scenario,iperf_tcp,,10,,twin_core,549445,9.9,26955776,35897,2588,38485,0,0.0
2026-05-09T14:37:01.525211+00:00,recovery_scenario,iperf_tcp,,10,,ryu_controller,549433,0.0,61939712,62735,2115,64850,22,218.6793
2026-05-09T14:37:01.625749+00:00,recovery_scenario,iperf_tcp,,10,,twin_core,549445,0.0,26955776,35897,2588,38485,0,0.0
2026-05-09T14:37:01.625749+00:00,recovery_scenario,iperf_tcp,,10,,ryu_controller,549433,0.0,61939712,62739,2115,64854,4,39.7147
2026-05-09T14:37:01.726563+00:00,recovery_scenario,iperf_tcp,,10,,twin_core,549445,0.0,26955776,35897,2588,38485,0,0.0
2026-05-09T14:37:01.726563+00:00,recovery_scenario,iperf_tcp,,10,,ryu_controller,549433,0.0,61939712,62742,2115,64857,3,29.602
2026-05-09T14:37:01.827913+00:00,recovery_scenario,iperf_tcp,,10,,twin_core,549445,0.0,26955776,35897,2588,38485,0,0.0
2026-05-09T14:37:01.827913+00:00,recovery_scenario,iperf_tcp,,10,,ryu_controller,549433,9.9,61939712,62745,2115,64860,3,29.7125
2026-05-09T14:37:01.928821+00:00,recovery_scenario,iperf_tcp,,10,,twin_core,549445,9.9,26955776,35897,2588,38485,0,0.0
2026-05-09T14:37:01.928821+00:00,recovery_scenario,iperf_tcp,,10,,ryu_controller,549433,0.0,61939712,62749,2115,64864,4,39.734
2026-05-09T14:37:02.012732+00:00,recovery_scenario,iperf_tcp,,10,background_traffic_started,,,,,,,,,
2026-05-09T14:37:02.029488+00:00,recovery_scenario,iperf_tcp,,10,,twin_core,549445,0.0,26955776,35901,2588,38489,4,39.7661
2026-05-09T14:37:02.029488+00:00,recovery_scenario,iperf_tcp,,10,,ryu_controller,549433,0.0,61939712,62753,2115,64868,4,39.7948
2026-05-09T14:37:02.129950+00:00,recovery_scenario,iperf_tcp,,10,,twin_core,549445,0.0,26955776,35936,2589,38525,36,358.1252
2026-05-09T14:37:02.129950+00:00,recovery_scenario,iperf_tcp,,10,,ryu_controller,549433,59.7,61939712,62781,2125,64906,38,378.0572
2026-05-09T14:37:02.204878+00:00,recovery_scenario,iperf_tcp,,10,fault_injected,,,,,,,,,
2026-05-09T14:37:02.230498+00:00,recovery_scenario,iperf_tcp,,10,,twin_core,549445,9.9,26955776,35979,2594,38573,48,477.8138
2026-05-09T14:37:02.230498+00:00,recovery_scenario,iperf_tcp,,10,,ryu_controller,549433,79.6,61952000,62800,2139,64939,33,328.5182
2026-05-09T14:37:02.330925+00:00,recovery_scenario,iperf_tcp,,10,,twin_core,549445,0.0,26955776,36030,2598,38628,55,546.8379
2026-05-09T14:37:02.330925+00:00,recovery_scenario,iperf_tcp,,10,,ryu_controller,549433,89.5,61952000,62800,2141,64941,2,19.8816
2026-05-09T14:37:02.431485+00:00,recovery_scenario,iperf_tcp,,10,,twin_core,549445,0.0,26955776,36072,2605,38677,49,488.0209
2026-05-09T14:37:02.431485+00:00,recovery_scenario,iperf_tcp,,10,,ryu_controller,549433,99.6,61952000,62800,2142,64942,1,9.9615
2026-05-09T14:37:02.531879+00:00,recovery_scenario,iperf_tcp,,10,,twin_core,549445,10.0,26955776,36118,2616,38734,57,567.846
2026-05-09T14:37:02.531879+00:00,recovery_scenario,iperf_tcp,,10,,ryu_controller,549433,109.5,61952000,62800,2147,64947,5,49.7494
2026-05-09T14:37:02.632465+00:00,recovery_scenario,iperf_tcp,,10,,twin_core,549445,9.9,26955776,36133,2618,38751,17,168.6368
2026-05-09T14:37:02.632465+00:00,recovery_scenario,iperf_tcp,,10,,ryu_controller,549433,89.3,61952000,62800,2148,64948,1,9.9012
2026-05-09T14:37:02.733681+00:00,recovery_scenario,iperf_tcp,,10,,twin_core,549445,0.0,26955776,36133,2618,38751,0,0.0
2026-05-09T14:37:02.733681+00:00,recovery_scenario,iperf_tcp,,10,,ryu_controller,549433,108.3,61952000,62800,2155,64955,7,69.0959
2026-05-09T14:37:02.834823+00:00,recovery_scenario,iperf_tcp,,10,,twin_core,549445,9.9,26955776,36133,2618,38751,0,0.0
2026-05-09T14:37:02.834823+00:00,recovery_scenario,iperf_tcp,,10,,ryu_controller,549433,59.5,61952000,62817,2166,64983,28,277.5775
2026-05-09T14:37:02.935602+00:00,recovery_scenario,iperf_tcp,,10,,twin_core,549445,0.0,26955776,36133,2618,38751,0,0.0
2026-05-09T14:37:02.935602+00:00,recovery_scenario,iperf_tcp,,10,,ryu_controller,549433,10.0,61952000,62837,2166,65003,20,199.1454
2026-05-09T14:37:03.036051+00:00,recovery_scenario,iperf_tcp,,10,,twin_core,549445,0.0,26955776,36133,2618,38751,0,0.0
2026-05-09T14:37:03.036051+00:00,recovery_scenario,iperf_tcp,,10,,ryu_controller,549433,9.9,61952000,62860,2166,65026,23,228.2489
2026-05-09T14:37:03.061796+00:00,recovery_scenario,iperf_tcp,,10,recovery_requested,,,,,,,,,
2026-05-09T14:37:03.137031+00:00,recovery_scenario,iperf_tcp,,10,,twin_core,549445,9.9,26955776,36160,2619,38779,28,275.7658
2026-05-09T14:37:03.137031+00:00,recovery_scenario,iperf_tcp,,10,,ryu_controller,549433,29.5,61952000,62891,2169,65060,34,332.1546
2026-05-09T14:37:03.239423+00:00,recovery_scenario,iperf_tcp,,10,,twin_core,549445,0.0,26955776,36211,2623,38834,55,541.1111
2026-05-09T14:37:03.239423+00:00,recovery_scenario,iperf_tcp,,10,,ryu_controller,549433,88.9,61952000,62903,2178,65081,21,208.514
2026-05-09T14:37:03.339840+00:00,recovery_scenario,iperf_tcp,,10,,twin_core,549445,9.9,26955776,36265,2639,38904,70,695.1122
2026-05-09T14:37:03.339840+00:00,recovery_scenario,iperf_tcp,,10,,ryu_controller,549433,89.2,61952000,62903,2179,65082,1,9.9054
2026-05-09T14:37:03.440993+00:00,recovery_scenario,iperf_tcp,,10,,twin_core,549445,9.9,26955776,36287,2641,38928,24,237.6965
2026-05-09T14:37:03.440993+00:00,recovery_scenario,iperf_tcp,,10,,ryu_controller,549433,109.2,61952000,62903,2180,65083,1,9.9281
2026-05-09T14:37:03.541769+00:00,recovery_scenario,iperf_tcp,,10,,twin_core,549445,0.0,26955776,36287,2641,38928,0,0.0
2026-05-09T14:37:03.541769+00:00,recovery_scenario,iperf_tcp,,10,,ryu_controller,549433,99.3,61952000,62905,2181,65086,3,29.7773
2026-05-09T14:37:03.642392+00:00,recovery_scenario,iperf_tcp,,10,,twin_core,549445,0.0,26955776,36287,2641,38928,0,0.0
2026-05-09T14:37:03.642392+00:00,recovery_scenario,iperf_tcp,,10,,ryu_controller,549433,98.4,61952000,62905,2181,65086,0,0.0
2026-05-09T14:37:03.744270+00:00,recovery_scenario,iperf_tcp,,10,,twin_core,549445,0.0,26955776,36287,2641,38928,0,0.0
2026-05-09T14:37:03.744270+00:00,recovery_scenario,iperf_tcp,,10,,ryu_controller,549433,99.0,61952000,62905,2181,65086,0,0.0
2026-05-09T14:37:03.844955+00:00,recovery_scenario,iperf_tcp,,10,,twin_core,549445,0.0,26955776,36287,2641,38928,0,0.0
2026-05-09T14:37:03.844955+00:00,recovery_scenario,iperf_tcp,,10,,ryu_controller,549433,99.4,61952000,62905,2182,65087,1,9.9349
2026-05-09T14:37:03.945702+00:00,recovery_scenario,iperf_tcp,,10,,twin_core,549445,0.0,26955776,36288,2641,38929,1,9.9009
2026-05-09T14:37:03.945702+00:00,recovery_scenario,iperf_tcp,,10,,ryu_controller,549433,89.0,61952000,62905,2183,65088,1,9.8893
2026-05-09T14:37:04.046963+00:00,recovery_scenario,iperf_tcp,,10,,twin_core,549445,0.0,26955776,36288,2641,38929,0,0.0
2026-05-09T14:37:04.046963+00:00,recovery_scenario,iperf_tcp,,10,,ryu_controller,549433,108.5,61952000,62905,2184,65089,1,9.818
2026-05-09T14:37:04.148726+00:00,recovery_scenario,iperf_tcp,,10,,twin_core,549445,0.0,26955776,36288,2641,38929,0,0.0
2026-05-09T14:37:04.148726+00:00,recovery_scenario,iperf_tcp,,10,,ryu_controller,549433,78.9,61952000,62908,2184,65092,3,29.7347
2026-05-09T14:37:04.249790+00:00,recovery_scenario,iperf_tcp,,10,,twin_core,549445,0.0,26955776,36288,2641,38929,0,0.0
2026-05-09T14:37:04.249790+00:00,recovery_scenario,iperf_tcp,,10,,ryu_controller,549433,59.3,61952000,62938,2184,65122,30,296.124
2026-05-09T14:37:04.350808+00:00,recovery_scenario,iperf_tcp,,10,,twin_core,549445,0.0,26955776,36288,2641,38929,0,0.0
2026-05-09T14:37:04.350808+00:00,recovery_scenario,iperf_tcp,,10,,ryu_controller,549433,49.6,61952000,62966,2187,65153,31,307.6059
2026-05-09T14:37:04.451628+00:00,recovery_scenario,iperf_tcp,,10,,twin_core,549445,0.0,26955776,36289,2641,38930,1,9.9183
2026-05-09T14:37:04.451628+00:00,recovery_scenario,iperf_tcp,,10,,ryu_controller,549433,0.0,61952000,63008,2187,65195,42,417.5244
2026-05-09T14:37:04.552095+00:00,recovery_scenario,iperf_tcp,,10,,twin_core,549445,0.0,26955776,36289,2641,38930,0,0.0
2026-05-09T14:37:04.552095+00:00,recovery_scenario,iperf_tcp,,10,,ryu_controller,549433,9.9,61952000,63024,2188,65212,17,167.602
2026-05-09T14:37:04.653661+00:00,recovery_scenario,iperf_tcp,,10,,twin_core,549445,0.0,26955776,36289,2641,38930,0,0.0
2026-05-09T14:37:04.653661+00:00,recovery_scenario,iperf_tcp,,10,,ryu_controller,549433,9.9,61952000,63029,2188,65217,5,49.4936
2026-05-09T14:37:04.754618+00:00,recovery_scenario,iperf_tcp,,10,,twin_core,549445,0.0,26955776,36289,2641,38930,0,0.0
2026-05-09T14:37:04.754618+00:00,recovery_scenario,iperf_tcp,,10,,ryu_controller,549433,9.9,61952000,63037,2189,65226,9,89.3541
2026-05-09T14:37:04.855448+00:00,recovery_scenario,iperf_tcp,,10,,twin_core,549445,19.8,26955776,36289,2641,38930,0,0.0
2026-05-09T14:37:04.855448+00:00,recovery_scenario,iperf_tcp,,10,,ryu_controller,549433,19.7,61952000,63066,2189,65255,29,285.7339
2026-05-09T14:37:04.909046+00:00,recovery_scenario,iperf_tcp,,10,scenario_teardown,,,,,,,,,
2026-05-09T14:37:04.956797+00:00,recovery_scenario,iperf_tcp,,10,,twin_core,549445,19.7,26955776,36298,2644,38942,12,119.3682
2026-05-09T14:37:04.956797+00:00,recovery_scenario,iperf_tcp,,10,,ryu_controller,549433,49.7,61952000,63105,2190,65295,40,398.2601
2026-05-09T14:37:05.057368+00:00,recovery_scenario,iperf_tcp,,10,,twin_core,549445,0.0,26955776,36322,2644,38966,24,238.5723
2026-05-09T14:37:05.057368+00:00,recovery_scenario,iperf_tcp,,10,,ryu_controller,549433,9.9,61952000,63138,2195,65333,38,377.7909
2026-05-09T14:37:05.157820+00:00,recovery_scenario,iperf_tcp,,10,,twin_core,549445,0.0,26955776,36346,2645,38991,25,248.6855
2026-05-09T14:37:05.157820+00:00,recovery_scenario,iperf_tcp,,10,,ryu_controller,549433,9.9,61952000,63143,2199,65342,9,89.3283
2026-05-09T14:37:05.258600+00:00,recovery_scenario,iperf_tcp,,10,,twin_core,549445,0.0,26955776,36346,2645,38991,0,0.0
2026-05-09T14:37:05.258600+00:00,recovery_scenario,iperf_tcp,,10,,ryu_controller,549433,9.9,61952000,63161,2201,65362,20,198.4002
2026-05-09T14:37:05.359372+00:00,recovery_scenario,iperf_tcp,,10,,twin_core,549445,0.0,26955776,36356,2645,39001,10,99.4308
2026-05-09T14:37:05.359372+00:00,recovery_scenario,iperf_tcp,,10,,ryu_controller,549433,9.9,61952000,63178,2202,65380,18,179.2392
