timestamp,scenario_name,background_traffic,background_load_percent,repeat_index,event_name,process_name,pid,cpu_percent,rss_bytes,ctx_switches_voluntary,ctx_switches_involuntary,ctx_switches_total,ctx_switches_delta,ctx_switches_per_second
2026-05-09T14:33:07.308817+00:00,recovery_scenario,icmp,,1,,twin_core,549445,4393.2,26124288,12412,731,13143,0,0.0
2026-05-09T14:33:07.308817+00:00,recovery_scenario,icmp,,1,,ryu_controller,549433,0.0,59957248,19407,553,19960,0,0.0
2026-05-09T14:33:07.411082+00:00,recovery_scenario,icmp,,1,,twin_core,549445,0.0,26124288,12415,731,13146,3,29.3062
2026-05-09T14:33:07.411082+00:00,recovery_scenario,icmp,,1,,ryu_controller,549433,0.0,59957248,19448,553,20001,41,407.507
2026-05-09T14:33:07.516336+00:00,recovery_scenario,icmp,,1,,twin_core,549445,0.0,26124288,12415,731,13146,0,0.0
2026-05-09T14:33:07.516336+00:00,recovery_scenario,icmp,,1,,ryu_controller,549433,0.0,59957248,19458,553,20011,10,94.9795
2026-05-09T14:33:07.617026+00:00,recovery_scenario,icmp,,1,,twin_core,549445,0.0,26124288,12415,731,13146,0,0.0
2026-05-09T14:33:07.617026+00:00,recovery_scenario,icmp,,1,,ryu_controller,549433,0.0,59957248,19472,553,20025,14,138.3
2026-05-09T14:33:07.718314+00:00,recovery_scenario,icmp,,1,,twin_core,549445,9.9,26124288,12500,732,13232,86,852.307
2026-05-09T14:33:07.718314+00:00,recovery_scenario,icmp,,1,,ryu_controller,549433,49.6,59957248,19498,560,20058,33,327.4974
2026-05-09T14:33:07.818897+00:00,recovery_scenario,icmp,,1,,twin_core,549445,9.9,26124288,12596,732,13328,96,955.8415
2026-05-09T14:33:07.818897+00:00,recovery_scenario,icmp,,1,,ryu_controller,549433,9.9,59957248,19521,562,20083,25,248.5603
2026-05-09T14:33:07.837502+00:00,recovery_scenario,icmp,,1,service_started,,,,,,,,,
2026-05-09T14:33:07.920083+00:00,recovery_scenario,icmp,,1,,twin_core,549445,9.9,26136576,12616,732,13348,20,197.3556
2026-05-09T14:33:07.920083+00:00,recovery_scenario,icmp,,1,,ryu_controller,549433,59.3,59957248,19593,562,20155,72,711.4676
2026-05-09T14:33:08.020724+00:00,recovery_scenario,icmp,,1,,twin_core,549445,0.0,26136576,12617,732,13349,1,9.9468
2026-05-09T14:33:08.020724+00:00,recovery_scenario,icmp,,1,,ryu_controller,549433,19.9,59957248,19636,562,20198,43,427.6709
2026-05-09T14:33:08.121314+00:00,recovery_scenario,icmp,,1,,twin_core,549445,0.0,26136576,12617,732,13349,0,0.0
2026-05-09T14:33:08.121314+00:00,recovery_scenario,icmp,,1,,ryu_controller,549433,0.0,59957248,19645,562,20207,9,89.4863
2026-05-09T14:33:08.221808+00:00,recovery_scenario,icmp,,1,,twin_core,549445,0.0,26136576,12617,732,13349,0,0.0
2026-05-09T14:33:08.221808+00:00,recovery_scenario,icmp,,1,,ryu_controller,549433,29.9,59957248,19681,562,20243,36,358.22
2026-05-09T14:33:08.323030+00:00,recovery_scenario,icmp,,1,,twin_core,549445,0.0,26136576,12617,732,13349,0,0.0
2026-05-09T14:33:08.323030+00:00,recovery_scenario,icmp,,1,,ryu_controller,549433,19.7,59957248,19706,562,20268,25,246.7975
2026-05-09T14:33:08.424095+00:00,recovery_scenario,icmp,,1,,twin_core,549445,0.0,26136576,12617,732,13349,0,0.0
2026-05-09T14:33:08.424095+00:00,recovery_scenario,icmp,,1,,ryu_controller,549433,49.5,59957248,19778,562,20340,72,712.4544
2026-05-09T14:33:08.524644+00:00,recovery_scenario,icmp,,1,,twin_core,549445,0.0,26136576,12617,732,13349,0,0.0
2026-05-09T14:33:08.524644+00:00,recovery_scenario,icmp,,1,,ryu_controller,549433,29.9,59957248,19800,562,20362,22,219.0887
2026-05-09T14:33:08.626306+00:00,recovery_scenario,icmp,,1,,twin_core,549445,0.0,26136576,12617,732,13349,0,0.0
2026-05-09T14:33:08.626306+00:00,recovery_scenario,icmp,,1,,ryu_controller,549433,0.0,59957248,19810,562,20372,10,98.2821
2026-05-09T14:33:08.726866+00:00,recovery_scenario,icmp,,1,,twin_core,549445,0.0,26136576,12617,732,13349,0,0.0
2026-05-09T14:33:08.726866+00:00,recovery_scenario,icmp,,1,,ryu_controller,549433,9.9,59957248,19823,562,20385,13,129.1348
2026-05-09T14:33:08.827552+00:00,recovery_scenario,icmp,,1,,twin_core,549445,0.0,26136576,12617,732,13349,0,0.0
2026-05-09T14:33:08.827552+00:00,recovery_scenario,icmp,,1,,ryu_controller,549433,9.9,59957248,19839,562,20401,16,159.2568
2026-05-09T14:33:08.927993+00:00,recovery_scenario,icmp,,1,,twin_core,549445,0.0,26136576,12617,732,13349,0,0.0
2026-05-09T14:33:08.927993+00:00,recovery_scenario,icmp,,1,,ryu_controller,549433,29.8,59957248,19898,563,20461,60,596.8908
2026-05-09T14:33:09.028465+00:00,recovery_scenario,icmp,,1,,twin_core,549445,10.0,26136576,12617,732,13349,0,0.0
2026-05-09T14:33:09.028465+00:00,recovery_scenario,icmp,,1,,ryu_controller,549433,19.9,59957248,19919,564,20483,22,219.0852
2026-05-09T14:33:09.131881+00:00,recovery_scenario,icmp,,1,,twin_core,549445,0.0,26136576,12617,732,13349,0,0.0
2026-05-09T14:33:09.131881+00:00,recovery_scenario,icmp,,1,,ryu_controller,549433,9.7,59957248,19935,564,20499,16,154.5491
2026-05-09T14:33:09.232854+00:00,recovery_scenario,icmp,,1,,twin_core,549445,0.0,26136576,12617,732,13349,0,0.0
2026-05-09T14:33:09.232854+00:00,recovery_scenario,icmp,,1,,ryu_controller,549433,29.7,59957248,19966,564,20530,31,307.1818
2026-05-09T14:33:09.333353+00:00,recovery_scenario,icmp,,1,,twin_core,549445,0.0,26136576,12617,732,13349,0,0.0
2026-05-09T14:33:09.333353+00:00,recovery_scenario,icmp,,1,,ryu_controller,549433,9.9,59957248,20023,564,20587,57,567.4781
2026-05-09T14:33:09.433776+00:00,recovery_scenario,icmp,,1,,twin_core,549445,0.0,26136576,12617,732,13349,0,0.0
2026-05-09T14:33:09.433776+00:00,recovery_scenario,icmp,,1,,ryu_controller,549433,19.9,59957248,20079,564,20643,56,556.2503
2026-05-09T14:33:09.534488+00:00,recovery_scenario,icmp,,1,,twin_core,549445,0.0,26136576,12617,732,13349,0,0.0
2026-05-09T14:33:09.534488+00:00,recovery_scenario,icmp,,1,,ryu_controller,549433,0.0,59957248,20095,564,20659,16,159.1939
2026-05-09T14:33:09.635643+00:00,recovery_scenario,icmp,,1,,twin_core,549445,0.0,26136576,12617,732,13349,0,0.0
2026-05-09T14:33:09.635643+00:00,recovery_scenario,icmp,,1,,ryu_controller,549433,9.9,59957248,20106,564,20670,11,108.7383
2026-05-09T14:33:09.736184+00:00,recovery_scenario,icmp,,1,,twin_core,549445,0.0,26136576,12617,732,13349,0,0.0
2026-05-09T14:33:09.736184+00:00,recovery_scenario,icmp,,1,,ryu_controller,549433,0.0,59957248,20115,564,20679,9,89.5725
2026-05-09T14:33:09.836611+00:00,recovery_scenario,icmp,,1,,twin_core,549445,0.0,26136576,12617,732,13349,0,0.0
2026-05-09T14:33:09.836611+00:00,recovery_scenario,icmp,,1,,ryu_controller,549433,9.9,59957248,20154,564,20718,39,387.5381
2026-05-09T14:33:09.937287+00:00,recovery_scenario,icmp,,1,,twin_core,549445,9.9,26136576,12617,732,13349,0,0.0
2026-05-09T14:33:09.937287+00:00,recovery_scenario,icmp,,1,,ryu_controller,549433,29.8,59957248,20232,564,20796,78,775.2781
2026-05-09T14:33:10.037854+00:00,recovery_scenario,icmp,,1,,twin_core,549445,0.0,26136576,12625,732,13357,8,79.6289
2026-05-09T14:33:10.037854+00:00,recovery_scenario,icmp,,1,,ryu_controller,549433,19.9,59957248,20277,564,20841,45,447.286
2026-05-09T14:33:10.138475+00:00,recovery_scenario,icmp,,1,,twin_core,549445,0.0,26136576,12627,732,13359,2,19.8714
2026-05-09T14:33:10.138475+00:00,recovery_scenario,icmp,,1,,ryu_controller,549433,19.9,59957248,20323,565,20888,47,467.6224
2026-05-09T14:33:10.238946+00:00,recovery_scenario,icmp,,1,,twin_core,549445,0.0,26136576,12630,732,13362,3,29.847
2026-05-09T14:33:10.238946+00:00,recovery_scenario,icmp,,1,,ryu_controller,549433,0.0,59957248,20334,565,20899,11,109.4426
2026-05-09T14:33:10.339463+00:00,recovery_scenario,icmp,,1,,twin_core,549445,0.0,26136576,12630,732,13362,0,0.0
2026-05-09T14:33:10.339463+00:00,recovery_scenario,icmp,,1,,ryu_controller,549433,10.0,59957248,20348,565,20913,14,139.3385
2026-05-09T14:33:10.439984+00:00,recovery_scenario,icmp,,1,,twin_core,549445,0.0,26136576,12633,732,13365,3,29.8367
2026-05-09T14:33:10.439984+00:00,recovery_scenario,icmp,,1,,ryu_controller,549433,49.7,59957248,20396,565,20961,48,477.4889
2026-05-09T14:33:10.540488+00:00,recovery_scenario,icmp,,1,,twin_core,549445,0.0,26136576,12636,732,13368,3,29.8425
2026-05-09T14:33:10.540488+00:00,recovery_scenario,icmp,,1,,ryu_controller,549433,9.9,59957248,20424,565,20989,28,278.5016
2026-05-09T14:33:10.641027+00:00,recovery_scenario,icmp,,1,,twin_core,549445,0.0,26136576,12642,732,13374,6,59.6925
2026-05-09T14:33:10.641027+00:00,recovery_scenario,icmp,,1,,ryu_controller,549433,9.9,59957248,20441,565,21006,17,169.125
2026-05-09T14:33:10.741536+00:00,recovery_scenario,icmp,,1,,twin_core,549445,0.0,26136576,12648,732,13380,6,59.7088
2026-05-09T14:33:10.741536+00:00,recovery_scenario,icmp,,1,,ryu_controller,549433,10.0,59957248,20463,565,21028,22,218.9407
2026-05-09T14:33:10.842147+00:00,recovery_scenario,icmp,,1,,twin_core,549445,9.9,26136576,12651,732,13383,3,29.8184
2026-05-09T14:33:10.842147+00:00,recovery_scenario,icmp,,1,,ryu_controller,549433,9.9,59957248,20476,565,21041,13,129.2279
2026-05-09T14:33:10.942597+00:00,recovery_scenario,icmp,,1,,twin_core,549445,0.0,26136576,12654,732,13386,3,29.8737
2026-05-09T14:33:10.942597+00:00,recovery_scenario,icmp,,1,,ryu_controller,549433,10.0,59957248,20489,565,21054,13,129.283
2026-05-09T14:33:11.043224+00:00,recovery_scenario,icmp,,1,,twin_core,549445,0.0,26136576,12657,732,13389,3,29.809
2026-05-09T14:33:11.043224+00:00,recovery_scenario,icmp,,1,,ryu_controller,549433,9.9,59957248,20505,565,21070,16,158.9447
2026-05-09T14:33:11.143851+00:00,recovery_scenario,icmp,,1,,twin_core,549445,0.0,26136576,12669,732,13401,12,119.2369
2026-05-09T14:33:11.143851+00:00,recovery_scenario,icmp,,1,,ryu_controller,549433,9.9,59957248,20520,565,21085,15,148.8529
2026-05-09T14:33:11.244679+00:00,recovery_scenario,icmp,,1,,twin_core,549445,0.0,26136576,12672,732,13404,3,29.7542
2026-05-09T14:33:11.244679+00:00,recovery_scenario,icmp,,1,,ryu_controller,549433,9.9,59957248,20535,565,21100,15,149.1696
2026-05-09T14:33:11.345263+00:00,recovery_scenario,icmp,,1,,twin_core,549445,0.0,26136576,12675,732,13407,3,29.8226
2026-05-09T14:33:11.345263+00:00,recovery_scenario,icmp,,1,,ryu_controller,549433,9.9,59957248,20547,565,21112,12,119.291
2026-05-09T14:33:11.445769+00:00,recovery_scenario,icmp,,1,,twin_core,549445,0.0,26136576,12678,732,13410,3,29.8276
2026-05-09T14:33:11.445769+00:00,recovery_scenario,icmp,,1,,ryu_controller,549433,0.0,59957248,20559,565,21124,12,119.2568
2026-05-09T14:33:11.548875+00:00,recovery_scenario,icmp,,1,,twin_core,549445,0.0,26136576,12678,732,13410,0,0.0
2026-05-09T14:33:11.548875+00:00,recovery_scenario,icmp,,1,,ryu_controller,549433,9.7,59957248,20570,565,21135,11,106.7205
2026-05-09T14:33:11.649445+00:00,recovery_scenario,icmp,,1,,twin_core,549445,0.0,26136576,12690,732,13422,12,119.3787
2026-05-09T14:33:11.649445+00:00,recovery_scenario,icmp,,1,,ryu_controller,549433,10.0,59957248,20578,565,21143,8,79.6615
2026-05-09T14:33:11.749867+00:00,recovery_scenario,icmp,,1,,twin_core,549445,0.0,26136576,12696,732,13428,6,59.7336
2026-05-09T14:33:11.749867+00:00,recovery_scenario,icmp,,1,,ryu_controller,549433,10.0,59957248,20601,565,21166,23,228.8696
2026-05-09T14:33:11.850385+00:00,recovery_scenario,icmp,,1,,twin_core,549445,0.0,26136576,12699,732,13431,3,29.8437
2026-05-09T14:33:11.850385+00:00,recovery_scenario,icmp,,1,,ryu_controller,549433,19.9,59957248,20621,565,21186,20,198.9635
2026-05-09T14:33:11.950863+00:00,recovery_scenario,icmp,,1,,twin_core,549445,19.9,26136576,12702,732,13434,3,29.8742
2026-05-09T14:33:11.950863+00:00,recovery_scenario,icmp,,1,,ryu_controller,549433,19.9,59957248,20653,565,21218,32,318.4322
2026-05-09T14:33:12.051431+00:00,recovery_scenario,icmp,,1,,twin_core,549445,0.0,26148864,12714,732,13446,12,119.2506
2026-05-09T14:33:12.051431+00:00,recovery_scenario,icmp,,1,,ryu_controller,549433,49.7,59990016,20685,566,21251,33,328.2523
2026-05-09T14:33:12.151900+00:00,recovery_scenario,icmp,,1,,twin_core,549445,0.0,26148864,12720,732,13452,6,59.7347
2026-05-09T14:33:12.151900+00:00,recovery_scenario,icmp,,1,,ryu_controller,549433,9.9,59990016,20711,566,21277,26,258.6399
2026-05-09T14:33:12.253367+00:00,recovery_scenario,icmp,,1,,twin_core,549445,0.0,26148864,12720,732,13452,0,0.0
2026-05-09T14:33:12.253367+00:00,recovery_scenario,icmp,,1,,ryu_controller,549433,19.7,59990016,20728,566,21294,17,167.6056
2026-05-09T14:33:12.354024+00:00,recovery_scenario,icmp,,1,,twin_core,549445,0.0,26148864,12723,732,13455,3,29.7921
2026-05-09T14:33:12.354024+00:00,recovery_scenario,icmp,,1,,ryu_controller,549433,9.9,59990016,20742,566,21308,14,139.0031
2026-05-09T14:33:12.454569+00:00,recovery_scenario,icmp,,1,,twin_core,549445,10.0,26148864,12732,732,13464,9,89.5797
2026-05-09T14:33:12.454569+00:00,recovery_scenario,icmp,,1,,ryu_controller,549433,10.0,59990016,20752,566,21318,10,99.5579
2026-05-09T14:33:12.555024+00:00,recovery_scenario,icmp,,1,,twin_core,549445,0.0,26148864,12741,732,13473,9,89.4924
2026-05-09T14:33:12.555024+00:00,recovery_scenario,icmp,,1,,ryu_controller,549433,69.6,59990016,20800,566,21366,48,477.3415
2026-05-09T14:33:12.656519+00:00,recovery_scenario,icmp,,1,,twin_core,549445,0.0,26148864,12741,732,13473,0,0.0
2026-05-09T14:33:12.656519+00:00,recovery_scenario,icmp,,1,,ryu_controller,549433,9.9,59990016,20818,566,21384,18,177.426
2026-05-09T14:33:12.757030+00:00,recovery_scenario,icmp,,1,,twin_core,549445,0.0,26148864,12744,732,13476,3,29.8348
2026-05-09T14:33:12.757030+00:00,recovery_scenario,icmp,,1,,ryu_controller,549433,0.0,59990016,20829,566,21395,11,109.3927
2026-05-09T14:33:12.857590+00:00,recovery_scenario,icmp,,1,,twin_core,549445,0.0,26148864,12750,732,13482,6,59.7378
2026-05-09T14:33:12.857590+00:00,recovery_scenario,icmp,,1,,ryu_controller,549433,10.0,59990016,20836,566,21402,7,69.7051
2026-05-09T14:33:12.958050+00:00,recovery_scenario,icmp,,1,,twin_core,549445,0.0,26148864,12759,732,13491,9,89.5294
2026-05-09T14:33:12.958050+00:00,recovery_scenario,icmp,,1,,ryu_controller,549433,9.9,59990016,20861,566,21427,25,248.6593
2026-05-09T14:33:13.058616+00:00,recovery_scenario,icmp,,1,,twin_core,549445,0.0,26148864,12762,732,13494,3,29.8381
2026-05-09T14:33:13.058616+00:00,recovery_scenario,icmp,,1,,ryu_controller,549433,9.9,59990016,20887,566,21453,26,258.5972
2026-05-09T14:33:13.159134+00:00,recovery_scenario,icmp,,1,,twin_core,549445,0.0,26148864,12765,732,13497,3,29.8418
2026-05-09T14:33:13.159134+00:00,recovery_scenario,icmp,,1,,ryu_controller,549433,19.9,59990016,20911,566,21477,24,238.7383
2026-05-09T14:33:13.259689+00:00,recovery_scenario,icmp,,1,,twin_core,549445,0.0,26148864,12771,732,13503,6,59.6991
2026-05-09T14:33:13.259689+00:00,recovery_scenario,icmp,,1,,ryu_controller,549433,9.9,59990016,20918,566,21484,7,69.3444
2026-05-09T14:33:13.361554+00:00,recovery_scenario,icmp,,1,,twin_core,549445,0.0,26148864,12776,732,13508,5,49.0503
2026-05-09T14:33:13.361554+00:00,recovery_scenario,icmp,,1,,ryu_controller,549433,0.0,59990016,20924,566,21490,6,59.1105
2026-05-09T14:33:13.464218+00:00,recovery_scenario,icmp,,1,,twin_core,549445,0.0,26148864,12779,732,13511,3,29.2315
2026-05-09T14:33:13.464218+00:00,recovery_scenario,icmp,,1,,ryu_controller,549433,0.0,59990016,20928,566,21494,4,38.9771
2026-05-09T14:33:13.565272+00:00,recovery_scenario,icmp,,1,,twin_core,549445,0.0,26148864,12782,732,13514,3,29.6834
2026-05-09T14:33:13.565272+00:00,recovery_scenario,icmp,,1,,ryu_controller,549433,0.0,59990016,20951,566,21517,23,227.5781
2026-05-09T14:33:13.583655+00:00,recovery_scenario,icmp,,1,pingall_completed,,,,,,,,,
2026-05-09T14:33:13.665803+00:00,recovery_scenario,icmp,,1,,twin_core,549445,29.9,26148864,12792,732,13524,10,99.5231
2026-05-09T14:33:13.665803+00:00,recovery_scenario,icmp,,1,,ryu_controller,549433,19.9,59990016,20978,566,21544,27,268.3158
2026-05-09T14:33:13.766407+00:00,recovery_scenario,icmp,,1,,twin_core,549445,0.0,26148864,12792,732,13524,0,0.0
2026-05-09T14:33:13.766407+00:00,recovery_scenario,icmp,,1,,ryu_controller,549433,0.0,59990016,20982,566,21548,4,39.7795
2026-05-09T14:33:13.866973+00:00,recovery_scenario,icmp,,1,,twin_core,549445,0.0,26148864,12792,732,13524,0,0.0
2026-05-09T14:33:13.866973+00:00,recovery_scenario,icmp,,1,,ryu_controller,549433,0.0,59990016,20986,566,21552,4,39.7001
2026-05-09T14:33:13.967757+00:00,recovery_scenario,icmp,,1,,twin_core,549445,0.0,26148864,12792,732,13524,0,0.0
2026-05-09T14:33:13.967757+00:00,recovery_scenario,icmp,,1,,ryu_controller,549433,9.9,59990016,20990,566,21556,4,39.63
2026-05-09T14:33:14.068729+00:00,recovery_scenario,icmp,,1,,twin_core,549445,9.9,26148864,12792,732,13524,0,0.0
2026-05-09T14:33:14.068729+00:00,recovery_scenario,icmp,,1,,ryu_controller,549433,59.7,59990016,21029,567,21596,40,398.0883
2026-05-09T14:33:14.172453+00:00,recovery_scenario,icmp,,1,,twin_core,549445,9.6,26210304,12792,732,13524,0,0.0
2026-05-09T14:33:14.172453+00:00,recovery_scenario,icmp,,1,,ryu_controller,549433,28.9,60071936,21043,567,21610,14,134.7095
2026-05-09T14:33:14.276358+00:00,recovery_scenario,icmp,,1,,twin_core,549445,0.0,26210304,12792,732,13524,0,0.0
2026-05-09T14:33:14.276358+00:00,recovery_scenario,icmp,,1,,ryu_controller,549433,0.0,60071936,21047,567,21614,4,38.5194
2026-05-09T14:33:14.381319+00:00,recovery_scenario,icmp,,1,,twin_core,549445,0.0,26210304,12792,732,13524,0,0.0
2026-05-09T14:33:14.381319+00:00,recovery_scenario,icmp,,1,,ryu_controller,549433,0.0,60071936,21050,567,21617,3,28.5565
2026-05-09T14:33:14.484272+00:00,recovery_scenario,icmp,,1,,twin_core,549445,0.0,26210304,12792,732,13524,0,0.0
2026-05-09T14:33:14.484272+00:00,recovery_scenario,icmp,,1,,ryu_controller,549433,0.0,60071936,21054,567,21621,4,38.7698
2026-05-09T14:33:14.585171+00:00,recovery_scenario,icmp,,1,,twin_core,549445,0.0,26210304,12792,732,13524,0,0.0
2026-05-09T14:33:14.585171+00:00,recovery_scenario,icmp,,1,,ryu_controller,549433,29.8,60071936,21069,568,21637,16,159.1638
2026-05-09T14:33:14.617617+00:00,recovery_scenario,icmp,,1,background_traffic_started,,,,,,,,,
2026-05-09T14:33:14.685636+00:00,recovery_scenario,icmp,,1,,twin_core,549445,0.0,26210304,12825,732,13557,33,328.522
2026-05-09T14:33:14.685636+00:00,recovery_scenario,icmp,,1,,ryu_controller,549433,59.7,60186624,21106,569,21675,38,378.3159
2026-05-09T14:33:14.747070+00:00,recovery_scenario,icmp,,1,fault_injected,,,,,,,,,
2026-05-09T14:33:14.786141+00:00,recovery_scenario,icmp,,1,,twin_core,549445,19.9,26210304,12885,732,13617,60,597.0393
2026-05-09T14:33:14.786141+00:00,recovery_scenario,icmp,,1,,ryu_controller,549433,0.0,60186624,21110,570,21680,5,49.758
2026-05-09T14:33:14.886560+00:00,recovery_scenario,icmp,,1,,twin_core,549445,0.0,26210304,12948,732,13680,63,627.3845
2026-05-09T14:33:14.886560+00:00,recovery_scenario,icmp,,1,,ryu_controller,549433,19.9,60186624,21120,573,21693,13,129.4513
2026-05-09T14:33:14.986976+00:00,recovery_scenario,icmp,,1,,twin_core,549445,10.0,26210304,13009,732,13741,61,605.5328
2026-05-09T14:33:14.986976+00:00,recovery_scenario,icmp,,1,,ryu_controller,549433,0.0,60186624,21123,573,21696,3,29.7708
2026-05-09T14:33:15.091825+00:00,recovery_scenario,icmp,,1,,twin_core,549445,0.0,26210304,13013,732,13745,4,38.2444
2026-05-09T14:33:15.091825+00:00,recovery_scenario,icmp,,1,,ryu_controller,549433,0.0,60186624,21147,573,21720,24,229.4744
2026-05-09T14:33:15.192346+00:00,recovery_scenario,icmp,,1,,twin_core,549445,0.0,26210304,13013,732,13745,0,0.0
2026-05-09T14:33:15.192346+00:00,recovery_scenario,icmp,,1,,ryu_controller,549433,10.0,60186624,21156,573,21729,9,89.6173
2026-05-09T14:33:15.294821+00:00,recovery_scenario,icmp,,1,,twin_core,549445,0.0,26210304,13013,732,13745,0,0.0
2026-05-09T14:33:15.294821+00:00,recovery_scenario,icmp,,1,,ryu_controller,549433,0.0,60186624,21160,573,21733,4,38.9808
2026-05-09T14:33:15.395950+00:00,recovery_scenario,icmp,,1,,twin_core,549445,0.0,26210304,13013,732,13745,0,0.0
2026-05-09T14:33:15.395950+00:00,recovery_scenario,icmp,,1,,ryu_controller,549433,9.9,60186624,21164,573,21737,4,39.5667
2026-05-09T14:33:15.496491+00:00,recovery_scenario,icmp,,1,,twin_core,549445,0.0,26210304,13014,732,13746,1,9.9519
2026-05-09T14:33:15.496491+00:00,recovery_scenario,icmp,,1,,ryu_controller,549433,0.0,60186624,21168,573,21741,4,39.8025
2026-05-09T14:33:15.596988+00:00,recovery_scenario,icmp,,1,,twin_core,549445,0.0,26210304,13014,732,13746,0,0.0
2026-05-09T14:33:15.596988+00:00,recovery_scenario,icmp,,1,,ryu_controller,549433,0.0,60186624,21179,573,21752,11,109.3239
2026-05-09T14:33:15.697650+00:00,recovery_scenario,icmp,,1,,twin_core,549445,0.0,26210304,13014,732,13746,0,0.0
2026-05-09T14:33:15.697650+00:00,recovery_scenario,icmp,,1,,ryu_controller,549433,9.9,60186624,21206,573,21779,27,268.4427
2026-05-09T14:33:15.798158+00:00,recovery_scenario,icmp,,1,,twin_core,549445,0.0,26210304,13014,732,13746,0,0.0
2026-05-09T14:33:15.798158+00:00,recovery_scenario,icmp,,1,,ryu_controller,549433,10.0,60186624,21226,573,21799,20,199.1654
2026-05-09T14:33:15.898588+00:00,recovery_scenario,icmp,,1,,twin_core,549445,0.0,26210304,13014,732,13746,0,0.0
2026-05-09T14:33:15.898588+00:00,recovery_scenario,icmp,,1,,ryu_controller,549433,0.0,60186624,21238,573,21811,12,119.4883
2026-05-09T14:33:15.999019+00:00,recovery_scenario,icmp,,1,,twin_core,549445,0.0,26210304,13015,732,13747,1,9.9506
2026-05-09T14:33:15.999019+00:00,recovery_scenario,icmp,,1,,ryu_controller,549433,0.0,60186624,21251,573,21824,13,129.3169
2026-05-09T14:33:16.099579+00:00,recovery_scenario,icmp,,1,,twin_core,549445,0.0,26210304,13015,732,13747,0,0.0
2026-05-09T14:33:16.099579+00:00,recovery_scenario,icmp,,1,,ryu_controller,549433,0.0,60186624,21260,573,21833,9,89.5211
2026-05-09T14:33:16.200174+00:00,recovery_scenario,icmp,,1,,twin_core,549445,19.9,26210304,13015,732,13747,0,0.0
2026-05-09T14:33:16.200174+00:00,recovery_scenario,icmp,,1,,ryu_controller,549433,59.6,60186624,21322,574,21896,63,626.3851
2026-05-09T14:33:16.300805+00:00,recovery_scenario,icmp,,1,,twin_core,549445,0.0,26210304,13015,732,13747,0,0.0
2026-05-09T14:33:16.300805+00:00,recovery_scenario,icmp,,1,,ryu_controller,549433,9.9,60186624,21341,574,21915,19,188.0883
2026-05-09T14:33:16.404202+00:00,recovery_scenario,icmp,,1,,twin_core,549445,0.0,26210304,13015,732,13747,0,0.0
2026-05-09T14:33:16.404202+00:00,recovery_scenario,icmp,,1,,ryu_controller,549433,0.0,60186624,21353,574,21927,12,116.3835
2026-05-09T14:33:16.492885+00:00,recovery_scenario,icmp,,1,recovery_requested,,,,,,,,,
2026-05-09T14:33:16.505250+00:00,recovery_scenario,icmp,,1,,twin_core,549445,0.0,26210304,13018,735,13753,6,59.427
2026-05-09T14:33:16.505250+00:00,recovery_scenario,icmp,,1,,ryu_controller,549433,0.0,60186624,21365,574,21939,12,118.8364
2026-05-09T14:33:16.605859+00:00,recovery_scenario,icmp,,1,,twin_core,549445,9.9,26210304,13051,735,13786,33,327.6467
2026-05-09T14:33:16.605859+00:00,recovery_scenario,icmp,,1,,ryu_controller,549433,29.8,60186624,21399,585,21984,45,446.2383
2026-05-09T14:33:16.706769+00:00,recovery_scenario,icmp,,1,,twin_core,549445,0.0,26214400,13093,736,13829,43,426.7066
2026-05-09T14:33:16.706769+00:00,recovery_scenario,icmp,,1,,ryu_controller,549433,59.6,60186624,21441,593,22034,50,496.4577
2026-05-09T14:33:16.807493+00:00,recovery_scenario,icmp,,1,,twin_core,549445,0.0,26214400,13143,737,13880,51,505.7129
2026-05-09T14:33:16.807493+00:00,recovery_scenario,icmp,,1,,ryu_controller,549433,29.7,60186624,21480,593,22073,39,387.0957
2026-05-09T14:33:16.909163+00:00,recovery_scenario,icmp,,1,,twin_core,549445,0.0,26214400,13150,737,13887,7,68.8814
2026-05-09T14:33:16.909163+00:00,recovery_scenario,icmp,,1,,ryu_controller,549433,0.0,60186624,21486,593,22079,6,58.9028
2026-05-09T14:33:17.010836+00:00,recovery_scenario,icmp,,1,,twin_core,549445,9.8,26214400,13150,737,13887,0,0.0
2026-05-09T14:33:17.010836+00:00,recovery_scenario,icmp,,1,,ryu_controller,549433,0.0,60186624,21513,593,22106,27,265.9781
2026-05-09T14:33:17.111488+00:00,recovery_scenario,icmp,,1,,twin_core,549445,0.0,26214400,13150,737,13887,0,0.0
2026-05-09T14:33:17.111488+00:00,recovery_scenario,icmp,,1,,ryu_controller,549433,9.9,60186624,21553,593,22146,40,397.2429
2026-05-09T14:33:17.212538+00:00,recovery_scenario,icmp,,1,,twin_core,549445,0.0,26214400,13150,737,13887,0,0.0
2026-05-09T14:33:17.212538+00:00,recovery_scenario,icmp,,1,,ryu_controller,549433,9.9,60186624,21591,593,22184,38,375.4328
2026-05-09T14:33:17.317878+00:00,recovery_scenario,icmp,,1,,twin_core,549445,0.0,26214400,13150,737,13887,0,0.0
2026-05-09T14:33:17.317878+00:00,recovery_scenario,icmp,,1,,ryu_controller,549433,9.5,60186624,21609,593,22202,18,171.3161
2026-05-09T14:33:17.418462+00:00,recovery_scenario,icmp,,1,,twin_core,549445,0.0,26214400,13151,737,13888,1,9.9436
2026-05-09T14:33:17.418462+00:00,recovery_scenario,icmp,,1,,ryu_controller,549433,0.0,60186624,21622,593,22215,13,129.2215
2026-05-09T14:33:17.519039+00:00,recovery_scenario,icmp,,1,,twin_core,549445,0.0,26214400,13151,737,13888,0,0.0
2026-05-09T14:33:17.519039+00:00,recovery_scenario,icmp,,1,,ryu_controller,549433,0.0,60186624,21646,593,22239,24,238.5941
2026-05-09T14:33:17.624414+00:00,recovery_scenario,icmp,,1,,twin_core,549445,0.0,26214400,13151,737,13888,0,0.0
2026-05-09T14:33:17.624414+00:00,recovery_scenario,icmp,,1,,ryu_controller,549433,9.5,60186624,21667,593,22260,21,199.1286
2026-05-09T14:33:17.725282+00:00,recovery_scenario,icmp,,1,,twin_core,549445,0.0,26214400,13151,737,13888,0,0.0
2026-05-09T14:33:17.725282+00:00,recovery_scenario,icmp,,1,,ryu_controller,549433,0.0,60186624,21689,593,22282,22,218.5119
2026-05-09T14:33:17.826631+00:00,recovery_scenario,icmp,,1,,twin_core,549445,0.0,26214400,13152,737,13889,1,9.8693
2026-05-09T14:33:17.826631+00:00,recovery_scenario,icmp,,1,,ryu_controller,549433,19.7,60186624,21707,593,22300,18,177.7096
2026-05-09T14:33:17.931583+00:00,recovery_scenario,icmp,,1,,twin_core,549445,0.0,26214400,13152,737,13889,0,0.0
2026-05-09T14:33:17.931583+00:00,recovery_scenario,icmp,,1,,ryu_controller,549433,0.0,60186624,21719,593,22312,12,114.2169
2026-05-09T14:33:18.032164+00:00,recovery_scenario,icmp,,1,,twin_core,549445,0.0,26214400,13152,737,13889,0,0.0
2026-05-09T14:33:18.032164+00:00,recovery_scenario,icmp,,1,,ryu_controller,549433,0.0,60186624,21737,593,22330,18,178.9025
2026-05-09T14:33:18.132745+00:00,recovery_scenario,icmp,,1,,twin_core,549445,0.0,26214400,13152,737,13889,0,0.0
2026-05-09T14:33:18.132745+00:00,recovery_scenario,icmp,,1,,ryu_controller,549433,9.9,60186624,21751,593,22344,14,139.1376
2026-05-09T14:33:18.233581+00:00,recovery_scenario,icmp,,1,,twin_core,549445,9.9,26222592,13152,737,13889,0,0.0
2026-05-09T14:33:18.233581+00:00,recovery_scenario,icmp,,1,,ryu_controller,549433,49.7,60186624,21812,593,22405,61,606.2748
2026-05-09T14:33:18.323064+00:00,recovery_scenario,icmp,,1,scenario_teardown,,,,,,,,,
2026-05-09T14:33:18.334289+00:00,recovery_scenario,icmp,,1,,twin_core,549445,9.9,26222592,13154,738,13892,3,29.6733
2026-05-09T14:33:18.334289+00:00,recovery_scenario,icmp,,1,,ryu_controller,549433,9.9,60186624,21827,593,22420,15,148.3267
2026-05-09T14:33:18.435176+00:00,recovery_scenario,icmp,,1,,twin_core,549445,0.0,26222592,13180,738,13918,26,258.2678
2026-05-09T14:33:18.435176+00:00,recovery_scenario,icmp,,1,,ryu_controller,549433,0.0,60186624,21839,593,22432,12,119.1734
2026-05-09T14:33:18.535940+00:00,recovery_scenario,icmp,,1,,twin_core,549445,9.9,26222592,13205,739,13944,26,257.9756
2026-05-09T14:33:18.535940+00:00,recovery_scenario,icmp,,1,,ryu_controller,549433,19.8,60186624,21843,605,22448,16,158.6975
2026-05-09T14:33:18.636593+00:00,recovery_scenario,icmp,,1,,twin_core,549445,0.0,26222592,13208,739,13947,3,29.8608
2026-05-09T14:33:18.636593+00:00,recovery_scenario,icmp,,1,,ryu_controller,549433,19.9,60186624,21861,611,22472,24,239.0579
2026-05-09T14:33:19.120953+00:00,recovery_scenario,icmp,,2,,twin_core,549445,0.0,26226688,13600,799,14399,0,0.0
2026-05-09T14:33:19.120953+00:00,recovery_scenario,icmp,,2,,ryu_controller,549433,0.0,60186624,21916,611,22527,0,0.0
2026-05-09T14:33:19.222700+00:00,recovery_scenario,icmp,,2,,twin_core,549445,0.0,26230784,13656,815,14471,72,708.0088
2026-05-09T14:33:19.222700+00:00,recovery_scenario,icmp,,2,,ryu_controller,549433,29.8,60186624,21933,621,22554,27,268.4999
2026-05-09T14:33:19.323358+00:00,recovery_scenario,icmp,,2,,twin_core,549445,9.9,26230784,13748,816,14564,93,924.1327
2026-05-09T14:33:19.323358+00:00,recovery_scenario,icmp,,2,,ryu_controller,549433,39.8,60186624,21965,622,22587,33,327.964
2026-05-09T14:33:19.377907+00:00,recovery_scenario,icmp,,2,service_started,,,,,,,,,
2026-05-09T14:33:19.423748+00:00,recovery_scenario,icmp,,2,,twin_core,549445,10.0,26234880,13802,818,14620,56,557.8056
2026-05-09T14:33:19.423748+00:00,recovery_scenario,icmp,,2,,ryu_controller,549433,39.8,60186624,22025,625,22650,63,627.2832
2026-05-09T14:33:19.524215+00:00,recovery_scenario,icmp,,2,,twin_core,549445,10.0,26234880,13803,818,14621,1,9.9527
2026-05-09T14:33:19.524215+00:00,recovery_scenario,icmp,,2,,ryu_controller,549433,19.9,60186624,22043,625,22668,18,179.2255
2026-05-09T14:33:19.626322+00:00,recovery_scenario,icmp,,2,,twin_core,549445,0.0,26234880,13803,818,14621,0,0.0
2026-05-09T14:33:19.626322+00:00,recovery_scenario,icmp,,2,,ryu_controller,549433,29.4,60186624,22090,625,22715,47,460.1757
2026-05-09T14:33:19.726857+00:00,recovery_scenario,icmp,,2,,twin_core,549445,0.0,26234880,13803,818,14621,0,0.0
2026-05-09T14:33:19.726857+00:00,recovery_scenario,icmp,,2,,ryu_controller,549433,9.9,60186624,22122,625,22747,32,317.7919
2026-05-09T14:33:19.829449+00:00,recovery_scenario,icmp,,2,,twin_core,549445,0.0,26234880,13803,818,14621,0,0.0
2026-05-09T14:33:19.829449+00:00,recovery_scenario,icmp,,2,,ryu_controller,549433,9.7,60186624,22138,625,22763,16,156.0517
2026-05-09T14:33:19.929990+00:00,recovery_scenario,icmp,,2,,twin_core,549445,0.0,26234880,13803,818,14621,0,0.0
2026-05-09T14:33:19.929990+00:00,recovery_scenario,icmp,,2,,ryu_controller,549433,9.9,60186624,22170,625,22795,32,318.2627
2026-05-09T14:33:20.031803+00:00,recovery_scenario,icmp,,2,,twin_core,549445,0.0,26234880,13803,818,14621,0,0.0
2026-05-09T14:33:20.031803+00:00,recovery_scenario,icmp,,2,,ryu_controller,549433,9.8,60186624,22182,625,22807,12,117.7571
2026-05-09T14:33:20.132437+00:00,recovery_scenario,icmp,,2,,twin_core,549445,0.0,26234880,13803,818,14621,0,0.0
2026-05-09T14:33:20.132437+00:00,recovery_scenario,icmp,,2,,ryu_controller,549433,19.9,60186624,22198,625,22823,16,159.3346
2026-05-09T14:33:20.235358+00:00,recovery_scenario,icmp,,2,,twin_core,549445,0.0,26234880,13803,818,14621,0,0.0
2026-05-09T14:33:20.235358+00:00,recovery_scenario,icmp,,2,,ryu_controller,549433,9.7,60186624,22222,625,22847,24,233.0122
2026-05-09T14:33:20.336136+00:00,recovery_scenario,icmp,,2,,twin_core,549445,0.0,26234880,13803,818,14621,0,0.0
2026-05-09T14:33:20.336136+00:00,recovery_scenario,icmp,,2,,ryu_controller,549433,9.9,60186624,22233,625,22858,11,109.2174
2026-05-09T14:33:20.437043+00:00,recovery_scenario,icmp,,2,,twin_core,549445,0.0,26234880,13803,818,14621,0,0.0
2026-05-09T14:33:20.437043+00:00,recovery_scenario,icmp,,2,,ryu_controller,549433,29.5,60186624,22283,625,22908,50,492.0506
2026-05-09T14:33:20.538906+00:00,recovery_scenario,icmp,,2,,twin_core,549445,0.0,26234880,13803,818,14621,0,0.0
2026-05-09T14:33:20.538906+00:00,recovery_scenario,icmp,,2,,ryu_controller,549433,19.7,60186624,22300,625,22925,17,167.8428
2026-05-09T14:33:20.640462+00:00,recovery_scenario,icmp,,2,,twin_core,549445,9.8,26234880,13803,818,14621,0,0.0
2026-05-09T14:33:20.640462+00:00,recovery_scenario,icmp,,2,,ryu_controller,549433,9.9,60186624,22318,625,22943,18,177.3838
2026-05-09T14:33:20.740940+00:00,recovery_scenario,icmp,,2,,twin_core,549445,0.0,26234880,13803,818,14621,0,0.0
2026-05-09T14:33:20.740940+00:00,recovery_scenario,icmp,,2,,ryu_controller,549433,9.9,60186624,22336,625,22961,18,178.9713
2026-05-09T14:33:20.841528+00:00,recovery_scenario,icmp,,2,,twin_core,549445,0.0,26234880,13803,818,14621,0,0.0
2026-05-09T14:33:20.841528+00:00,recovery_scenario,icmp,,2,,ryu_controller,549433,49.8,60186624,22390,625,23015,54,537.4853
2026-05-09T14:33:20.943626+00:00,recovery_scenario,icmp,,2,,twin_core,549445,0.0,26234880,13803,818,14621,0,0.0
2026-05-09T14:33:20.943626+00:00,recovery_scenario,icmp,,2,,ryu_controller,549433,29.4,60186624,22424,625,23049,34,332.6057
2026-05-09T14:33:21.044311+00:00,recovery_scenario,icmp,,2,,twin_core,549445,0.0,26234880,13803,818,14621,0,0.0
2026-05-09T14:33:21.044311+00:00,recovery_scenario,icmp,,2,,ryu_controller,549433,19.9,60186624,22443,625,23068,19,189.0432
2026-05-09T14:33:21.144735+00:00,recovery_scenario,icmp,,2,,twin_core,549445,0.0,26234880,13803,818,14621,0,0.0
2026-05-09T14:33:21.144735+00:00,recovery_scenario,icmp,,2,,ryu_controller,549433,10.0,60186624,22485,625,23110,42,417.914
2026-05-09T14:33:21.245266+00:00,recovery_scenario,icmp,,2,,twin_core,549445,0.0,26234880,13803,818,14621,0,0.0
2026-05-09T14:33:21.245266+00:00,recovery_scenario,icmp,,2,,ryu_controller,549433,10.0,60186624,22509,625,23134,24,238.8905
2026-05-09T14:33:21.345676+00:00,recovery_scenario,icmp,,2,,twin_core,549445,0.0,26234880,13803,818,14621,0,0.0
2026-05-09T14:33:21.345676+00:00,recovery_scenario,icmp,,2,,ryu_controller,549433,19.9,60186624,22535,625,23160,26,258.9443
2026-05-09T14:33:21.446071+00:00,recovery_scenario,icmp,,2,,twin_core,549445,0.0,26234880,13803,818,14621,0,0.0
2026-05-09T14:33:21.446071+00:00,recovery_scenario,icmp,,2,,ryu_controller,549433,19.9,60186624,22568,625,23193,33,328.5119
2026-05-09T14:33:21.546561+00:00,recovery_scenario,icmp,,2,,twin_core,549445,10.0,26234880,13808,818,14626,5,49.76
2026-05-09T14:33:21.546561+00:00,recovery_scenario,icmp,,2,,ryu_controller,549433,39.8,60186624,22611,625,23236,43,427.8524
2026-05-09T14:33:21.647054+00:00,recovery_scenario,icmp,,2,,twin_core,549445,0.0,26234880,13814,818,14632,6,59.6589
2026-05-09T14:33:21.647054+00:00,recovery_scenario,icmp,,2,,ryu_controller,549433,9.9,60186624,22637,625,23262,26,258.4648
2026-05-09T14:33:21.747695+00:00,recovery_scenario,icmp,,2,,twin_core,549445,0.0,26234880,13814,818,14632,0,0.0
2026-05-09T14:33:21.747695+00:00,recovery_scenario,icmp,,2,,ryu_controller,549433,9.9,60186624,22648,625,23273,11,109.398
2026-05-09T14:33:21.848183+00:00,recovery_scenario,icmp,,2,,twin_core,549445,0.0,26234880,13817,818,14635,3,29.8623
2026-05-09T14:33:21.848183+00:00,recovery_scenario,icmp,,2,,ryu_controller,549433,10.0,60186624,22667,625,23292,19,189.1482
2026-05-09T14:33:21.948670+00:00,recovery_scenario,icmp,,2,,twin_core,549445,0.0,26234880,13820,818,14638,3,29.8434
2026-05-09T14:33:21.948670+00:00,recovery_scenario,icmp,,2,,ryu_controller,549433,9.9,60186624,22687,625,23312,20,198.9208
2026-05-09T14:33:22.049153+00:00,recovery_scenario,icmp,,2,,twin_core,549445,0.0,26234880,13823,818,14641,3,29.8729
2026-05-09T14:33:22.049153+00:00,recovery_scenario,icmp,,2,,ryu_controller,549433,10.0,60186624,22697,626,23323,11,109.5633
2026-05-09T14:33:22.150182+00:00,recovery_scenario,icmp,,2,,twin_core,549445,0.0,26234880,13826,818,14644,3,29.6804
2026-05-09T14:33:22.150182+00:00,recovery_scenario,icmp,,2,,ryu_controller,549433,0.0,60186624,22705,626,23331,8,79.1329
2026-05-09T14:33:22.250681+00:00,recovery_scenario,icmp,,2,,twin_core,549445,0.0,26234880,13835,818,14653,9,89.604
2026-05-09T14:33:22.250681+00:00,recovery_scenario,icmp,,2,,ryu_controller,549433,29.9,60186624,22729,626,23355,24,238.8072
2026-05-09T14:33:22.351204+00:00,recovery_scenario,icmp,,2,,twin_core,549445,0.0,26234880,13838,818,14656,3,29.795
2026-05-09T14:33:22.351204+00:00,recovery_scenario,icmp,,2,,ryu_controller,549433,9.9,60186624,22750,626,23376,21,208.6443
2026-05-09T14:33:22.453396+00:00,recovery_scenario,icmp,,2,,twin_core,549445,0.0,26234880,13841,818,14659,3,29.3899
2026-05-09T14:33:22.453396+00:00,recovery_scenario,icmp,,2,,ryu_controller,549433,9.8,60186624,22763,626,23389,13,127.2612
2026-05-09T14:33:22.554006+00:00,recovery_scenario,icmp,,2,,twin_core,549445,0.0,26234880,13844,818,14662,3,29.7927
2026-05-09T14:33:22.554006+00:00,recovery_scenario,icmp,,2,,ryu_controller,549433,0.0,60186624,22783,626,23409,20,198.8001
2026-05-09T14:33:22.654585+00:00,recovery_scenario,icmp,,2,,twin_core,549445,9.9,26234880,13853,818,14671,9,89.5859
2026-05-09T14:33:22.654585+00:00,recovery_scenario,icmp,,2,,ryu_controller,549433,10.0,60186624,22793,626,23419,10,99.0276
2026-05-09T14:33:22.755607+00:00,recovery_scenario,icmp,,2,,twin_core,549445,0.0,26234880,13856,818,14674,3,29.686
2026-05-09T14:33:22.755607+00:00,recovery_scenario,icmp,,2,,ryu_controller,549433,19.8,60186624,22810,626,23436,17,169.086
2026-05-09T14:33:22.856173+00:00,recovery_scenario,icmp,,2,,twin_core,549445,0.0,26234880,13859,818,14677,3,29.8417
2026-05-09T14:33:22.856173+00:00,recovery_scenario,icmp,,2,,ryu_controller,549433,49.7,60186624,22851,626,23477,41,407.8676
2026-05-09T14:33:22.956629+00:00,recovery_scenario,icmp,,2,,twin_core,549445,0.0,26234880,13862,818,14680,3,29.8633
2026-05-09T14:33:22.956629+00:00,recovery_scenario,icmp,,2,,ryu_controller,549433,10.0,60194816,22876,626,23502,25,248.8618
2026-05-09T14:33:23.058586+00:00,recovery_scenario,icmp,,2,,twin_core,549445,0.0,26234880,13865,818,14683,3,29.4239
2026-05-09T14:33:23.058586+00:00,recovery_scenario,icmp,,2,,ryu_controller,549433,9.8,60194816,22888,626,23514,12,117.6967
2026-05-09T14:33:23.159036+00:00,recovery_scenario,icmp,,2,,twin_core,549445,0.0,26234880,13874,818,14692,9,89.4594
2026-05-09T14:33:23.159036+00:00,recovery_scenario,icmp,,2,,ryu_controller,549433,0.0,60194816,22892,626,23518,4,39.709
2026-05-09T14:33:23.260954+00:00,recovery_scenario,icmp,,2,,twin_core,549445,0.0,26234880,13880,818,14698,6,58.9258
2026-05-09T14:33:23.260954+00:00,recovery_scenario,icmp,,2,,ryu_controller,549433,19.6,60194816,22914,626,23540,22,216.3266
2026-05-09T14:33:23.361519+00:00,recovery_scenario,icmp,,2,,twin_core,549445,0.0,26234880,13886,818,14704,6,59.6672
2026-05-09T14:33:23.361519+00:00,recovery_scenario,icmp,,2,,ryu_controller,549433,9.9,60194816,22936,626,23562,22,218.7657
2026-05-09T14:33:23.462543+00:00,recovery_scenario,icmp,,2,,twin_core,549445,0.0,26234880,13889,818,14707,3,29.699
2026-05-09T14:33:23.462543+00:00,recovery_scenario,icmp,,2,,ryu_controller,549433,0.0,60194816,22941,626,23567,5,49.5015
2026-05-09T14:33:23.563012+00:00,recovery_scenario,icmp,,2,,twin_core,549445,19.9,26279936,13897,818,14715,8,79.5848
2026-05-09T14:33:23.563012+00:00,recovery_scenario,icmp,,2,,ryu_controller,549433,69.6,60198912,22992,626,23618,51,507.1476
2026-05-09T14:33:23.665827+00:00,recovery_scenario,icmp,,2,,twin_core,549445,0.0,26279936,13904,818,14722,7,68.1203
2026-05-09T14:33:23.665827+00:00,recovery_scenario,icmp,,2,,ryu_controller,549433,9.7,60198912,23015,626,23641,23,223.6767
2026-05-09T14:33:23.766442+00:00,recovery_scenario,icmp,,2,,twin_core,549445,0.0,26279936,13907,818,14725,3,29.8179
2026-05-09T14:33:23.766442+00:00,recovery_scenario,icmp,,2,,ryu_controller,549433,9.9,60198912,23029,626,23655,14,139.2712
2026-05-09T14:33:23.866998+00:00,recovery_scenario,icmp,,2,,twin_core,549445,9.9,26279936,13910,818,14728,3,29.8267
2026-05-09T14:33:23.866998+00:00,recovery_scenario,icmp,,2,,ryu_controller,549433,0.0,60198912,23055,626,23681,26,258.5322
2026-05-09T14:33:23.967517+00:00,recovery_scenario,icmp,,2,,twin_core,549445,0.0,26279936,13916,818,14734,6,59.7354
2026-05-09T14:33:23.967517+00:00,recovery_scenario,icmp,,2,,ryu_controller,549433,0.0,60198912,23059,626,23685,4,39.8283
2026-05-09T14:33:24.067948+00:00,recovery_scenario,icmp,,2,,twin_core,549445,0.0,26279936,13925,818,14743,9,89.577
2026-05-09T14:33:24.067948+00:00,recovery_scenario,icmp,,2,,ryu_controller,549433,10.0,60198912,23074,626,23700,15,149.29
2026-05-09T14:33:24.169730+00:00,recovery_scenario,icmp,,2,,twin_core,549445,0.0,26279936,13928,818,14746,3,29.4709
2026-05-09T14:33:24.169730+00:00,recovery_scenario,icmp,,2,,ryu_controller,549433,19.6,60198912,23101,626,23727,27,265.2154
2026-05-09T14:33:24.270309+00:00,recovery_scenario,icmp,,2,,twin_core,549445,0.0,26279936,13931,818,14749,3,29.8143
2026-05-09T14:33:24.270309+00:00,recovery_scenario,icmp,,2,,ryu_controller,549433,9.9,60198912,23112,626,23738,11,109.3253
2026-05-09T14:33:24.370951+00:00,recovery_scenario,icmp,,2,,twin_core,549445,0.0,26279936,13936,818,14754,5,49.6487
2026-05-09T14:33:24.370951+00:00,recovery_scenario,icmp,,2,,ryu_controller,549433,9.9,60198912,23127,626,23753,15,148.9075
2026-05-09T14:33:24.471619+00:00,recovery_scenario,icmp,,2,,twin_core,549445,0.0,26279936,13943,818,14761,7,69.5949
2026-05-09T14:33:24.471619+00:00,recovery_scenario,icmp,,2,,ryu_controller,549433,9.9,60198912,23133,626,23759,6,59.6652
2026-05-09T14:33:24.572183+00:00,recovery_scenario,icmp,,2,,twin_core,549445,0.0,26279936,13949,818,14767,6,59.6619
2026-05-09T14:33:24.572183+00:00,recovery_scenario,icmp,,2,,ryu_controller,549433,9.9,60198912,23167,626,23793,34,338.0798
2026-05-09T14:33:24.672715+00:00,recovery_scenario,icmp,,2,,twin_core,549445,0.0,26279936,13952,818,14770,3,29.8604
2026-05-09T14:33:24.672715+00:00,recovery_scenario,icmp,,2,,ryu_controller,549433,10.0,60198912,23184,626,23810,17,169.2019
2026-05-09T14:33:24.773177+00:00,recovery_scenario,icmp,,2,,twin_core,549445,0.0,26279936,13958,818,14776,6,59.7429
2026-05-09T14:33:24.773177+00:00,recovery_scenario,icmp,,2,,ryu_controller,549433,10.0,60198912,23200,626,23826,16,159.3364
2026-05-09T14:33:24.875496+00:00,recovery_scenario,icmp,,2,,twin_core,549445,0.0,26279936,13961,818,14779,3,29.3067
2026-05-09T14:33:24.875496+00:00,recovery_scenario,icmp,,2,,ryu_controller,549433,0.0,60198912,23203,626,23829,3,29.3025
2026-05-09T14:33:24.976018+00:00,recovery_scenario,icmp,,2,,twin_core,549445,9.9,26279936,13967,818,14785,6,59.5914
2026-05-09T14:33:24.976018+00:00,recovery_scenario,icmp,,2,,ryu_controller,549433,89.4,60207104,23239,626,23865,36,357.5291
2026-05-09T14:33:25.077489+00:00,recovery_scenario,icmp,,2,,twin_core,549445,0.0,26279936,13970,818,14788,3,29.6028
2026-05-09T14:33:25.077489+00:00,recovery_scenario,icmp,,2,,ryu_controller,549433,0.0,60207104,23251,626,23877,12,118.4215
2026-05-09T14:33:25.123776+00:00,recovery_scenario,icmp,,2,pingall_completed,,,,,,,,,
2026-05-09T14:33:25.179970+00:00,recovery_scenario,icmp,,2,,twin_core,549445,0.0,26279936,13980,818,14798,10,97.5395
2026-05-09T14:33:25.179970+00:00,recovery_scenario,icmp,,2,,ryu_controller,549433,9.8,60207104,23262,626,23888,11,107.2961
2026-05-09T14:33:25.284173+00:00,recovery_scenario,icmp,,2,,twin_core,549445,0.0,26279936,13980,818,14798,0,0.0
2026-05-09T14:33:25.284173+00:00,recovery_scenario,icmp,,2,,ryu_controller,549433,9.6,60207104,23265,626,23891,3,28.7771
2026-05-09T14:33:25.387301+00:00,recovery_scenario,icmp,,2,,twin_core,549445,0.0,26279936,13980,818,14798,0,0.0
2026-05-09T14:33:25.387301+00:00,recovery_scenario,icmp,,2,,ryu_controller,549433,0.0,60207104,23269,626,23895,4,38.635
2026-05-09T14:33:25.488386+00:00,recovery_scenario,icmp,,2,,twin_core,549445,0.0,26279936,13980,818,14798,0,0.0
2026-05-09T14:33:25.488386+00:00,recovery_scenario,icmp,,2,,ryu_controller,549433,19.8,60207104,23289,626,23915,20,198.5764
2026-05-09T14:33:25.589018+00:00,recovery_scenario,icmp,,2,,twin_core,549445,9.9,26279936,13980,818,14798,0,0.0
2026-05-09T14:33:25.589018+00:00,recovery_scenario,icmp,,2,,ryu_controller,549433,19.9,60207104,23316,626,23942,27,268.6934
2026-05-09T14:33:25.690806+00:00,recovery_scenario,icmp,,2,,twin_core,549445,0.0,26324992,13980,818,14798,0,0.0
2026-05-09T14:33:25.690806+00:00,recovery_scenario,icmp,,2,,ryu_controller,549433,49.1,60309504,23345,626,23971,29,284.6467
2026-05-09T14:33:25.794707+00:00,recovery_scenario,icmp,,2,,twin_core,549445,0.0,26324992,13980,818,14798,0,0.0
2026-05-09T14:33:25.794707+00:00,recovery_scenario,icmp,,2,,ryu_controller,549433,0.0,60309504,23350,626,23976,5,48.1629
2026-05-09T14:33:25.897179+00:00,recovery_scenario,icmp,,2,,twin_core,549445,0.0,26324992,13980,818,14798,0,0.0
2026-05-09T14:33:25.897179+00:00,recovery_scenario,icmp,,2,,ryu_controller,549433,0.0,60309504,23356,626,23982,6,58.5436
2026-05-09T14:33:25.999017+00:00,recovery_scenario,icmp,,2,,twin_core,549445,9.8,26324992,13980,818,14798,0,0.0
2026-05-09T14:33:25.999017+00:00,recovery_scenario,icmp,,2,,ryu_controller,549433,0.0,60309504,23375,626,24001,19,186.5271
2026-05-09T14:33:26.099841+00:00,recovery_scenario,icmp,,2,,twin_core,549445,0.0,26324992,13980,818,14798,0,0.0
2026-05-09T14:33:26.099841+00:00,recovery_scenario,icmp,,2,,ryu_controller,549433,0.0,60309504,23379,626,24005,4,39.6763
2026-05-09T14:33:26.147623+00:00,recovery_scenario,icmp,,2,background_traffic_started,,,,,,,,,
2026-05-09T14:33:26.200393+00:00,recovery_scenario,icmp,,2,,twin_core,549445,9.9,26324992,14008,818,14826,28,278.4703
2026-05-09T14:33:26.200393+00:00,recovery_scenario,icmp,,2,,ryu_controller,549433,0.0,60309504,23381,626,24007,2,19.8937
2026-05-09T14:33:26.272679+00:00,recovery_scenario,icmp,,2,fault_injected,,,,,,,,,
2026-05-09T14:33:26.300912+00:00,recovery_scenario,icmp,,2,,twin_core,549445,9.9,26324992,14067,819,14886,60,597.2914
2026-05-09T14:33:26.300912+00:00,recovery_scenario,icmp,,2,,ryu_controller,549433,19.9,60309504,23386,627,24013,6,59.6412
2026-05-09T14:33:26.401556+00:00,recovery_scenario,icmp,,2,,twin_core,549445,0.0,26324992,14125,819,14944,58,576.3721
2026-05-09T14:33:26.401556+00:00,recovery_scenario,icmp,,2,,ryu_controller,549433,10.0,60309504,23396,630,24026,13,129.4094
2026-05-09T14:33:26.502004+00:00,recovery_scenario,icmp,,2,,twin_core,549445,10.0,26324992,14186,820,15006,62,616.3528
2026-05-09T14:33:26.502004+00:00,recovery_scenario,icmp,,2,,ryu_controller,549433,0.0,60309504,23415,630,24045,19,188.8416
2026-05-09T14:33:26.602571+00:00,recovery_scenario,icmp,,2,,twin_core,549445,0.0,26324992,14194,820,15014,8,79.6002
2026-05-09T14:33:26.602571+00:00,recovery_scenario,icmp,,2,,ryu_controller,549433,0.0,60309504,23456,630,24086,41,407.8847
2026-05-09T14:33:26.703647+00:00,recovery_scenario,icmp,,2,,twin_core,549445,0.0,26324992,14194,820,15014,0,0.0
2026-05-09T14:33:26.703647+00:00,recovery_scenario,icmp,,2,,ryu_controller,549433,9.9,60309504,23478,630,24108,22,217.6129
2026-05-09T14:33:26.804924+00:00,recovery_scenario,icmp,,2,,twin_core,549445,0.0,26324992,14194,820,15014,0,0.0
2026-05-09T14:33:26.804924+00:00,recovery_scenario,icmp,,2,,ryu_controller,549433,0.0,60309504,23492,630,24122,14,138.2847
2026-05-09T14:33:26.905422+00:00,recovery_scenario,icmp,,2,,twin_core,549445,0.0,26324992,14194,820,15014,0,0.0
2026-05-09T14:33:26.905422+00:00,recovery_scenario,icmp,,2,,ryu_controller,549433,0.0,60309504,23509,630,24139,17,169.1415
2026-05-09T14:33:27.007238+00:00,recovery_scenario,icmp,,2,,twin_core,549445,0.0,26324992,14194,820,15014,0,0.0
2026-05-09T14:33:27.007238+00:00,recovery_scenario,icmp,,2,,ryu_controller,549433,29.5,60309504,23554,631,24185,46,452.3351
2026-05-09T14:33:27.109672+00:00,recovery_scenario,icmp,,2,,twin_core,549445,0.0,26324992,14195,820,15015,1,9.7554
2026-05-09T14:33:27.109672+00:00,recovery_scenario,icmp,,2,,ryu_controller,549433,29.3,60309504,23591,631,24222,37,360.814
2026-05-09T14:33:27.210206+00:00,recovery_scenario,icmp,,2,,twin_core,549445,0.0,26324992,14195,820,15015,0,0.0
2026-05-09T14:33:27.210206+00:00,recovery_scenario,icmp,,2,,ryu_controller,549433,0.0,60309504,23604,631,24235,13,129.2765
2026-05-09T14:33:27.315513+00:00,recovery_scenario,icmp,,2,,twin_core,549445,0.0,26324992,14195,820,15015,0,0.0
2026-05-09T14:33:27.315513+00:00,recovery_scenario,icmp,,2,,ryu_controller,549433,0.0,60309504,23620,631,24251,16,151.5086
2026-05-09T14:33:27.421257+00:00,recovery_scenario,icmp,,2,,twin_core,549445,0.0,26324992,14195,820,15015,0,0.0
2026-05-09T14:33:27.421257+00:00,recovery_scenario,icmp,,2,,ryu_controller,549433,0.0,60309504,23633,631,24264,13,122.2827
2026-05-09T14:33:27.516091+00:00,recovery_scenario,icmp,,2,recovery_requested,,,,,,,,,
2026-05-09T14:33:27.522687+00:00,recovery_scenario,icmp,,2,,twin_core,549445,0.0,26324992,14198,820,15018,3,29.8566
2026-05-09T14:33:27.522687+00:00,recovery_scenario,icmp,,2,,ryu_controller,549433,39.8,60309504,23651,631,24282,18,179.2294
2026-05-09T14:33:27.623209+00:00,recovery_scenario,icmp,,2,,twin_core,549445,9.9,26324992,14252,821,15073,55,546.5394
2026-05-09T14:33:27.623209+00:00,recovery_scenario,icmp,,2,,ryu_controller,549433,19.9,60309504,23686,632,24318,36,357.6108
2026-05-09T14:33:27.723785+00:00,recovery_scenario,icmp,,2,,twin_core,549445,9.9,26324992,14310,823,15133,60,596.5936
2026-05-09T14:33:27.723785+00:00,recovery_scenario,icmp,,2,,ryu_controller,549433,59.6,60309504,23738,638,24376,58,576.056
2026-05-09T14:33:27.824457+00:00,recovery_scenario,icmp,,2,,twin_core,549445,9.9,26324992,14337,823,15160,27,268.2919
2026-05-09T14:33:27.824457+00:00,recovery_scenario,icmp,,2,,ryu_controller,549433,9.9,60309504,23766,641,24407,31,308.4202
2026-05-09T14:33:27.926677+00:00,recovery_scenario,icmp,,2,,twin_core,549445,0.0,26324992,14337,823,15160,0,0.0
2026-05-09T14:33:27.926677+00:00,recovery_scenario,icmp,,2,,ryu_controller,549433,9.8,60309504,23793,641,24434,27,264.037
2026-05-09T14:33:28.027898+00:00,recovery_scenario,icmp,,2,,twin_core,549445,0.0,26324992,14337,823,15160,0,0.0
2026-05-09T14:33:28.027898+00:00,recovery_scenario,icmp,,2,,ryu_controller,549433,9.9,60309504,23824,641,24465,31,306.2942
2026-05-09T14:33:28.131578+00:00,recovery_scenario,icmp,,2,,twin_core,549445,0.0,26324992,14337,823,15160,0,0.0
2026-05-09T14:33:28.131578+00:00,recovery_scenario,icmp,,2,,ryu_controller,549433,0.0,60309504,23835,641,24476,11,106.0619
2026-05-09T14:33:28.236635+00:00,recovery_scenario,icmp,,2,,twin_core,549445,0.0,26324992,14337,823,15160,0,0.0
2026-05-09T14:33:28.236635+00:00,recovery_scenario,icmp,,2,,ryu_controller,549433,0.0,60309504,23858,641,24499,23,219.1553
2026-05-09T14:33:28.337751+00:00,recovery_scenario,icmp,,2,,twin_core,549445,0.0,26324992,14338,823,15161,1,9.8848
2026-05-09T14:33:28.337751+00:00,recovery_scenario,icmp,,2,,ryu_controller,549433,0.0,60309504,23875,641,24516,17,167.96
2026-05-09T14:33:28.438889+00:00,recovery_scenario,icmp,,2,,twin_core,549445,0.0,26324992,14338,823,15161,0,0.0
2026-05-09T14:33:28.438889+00:00,recovery_scenario,icmp,,2,,ryu_controller,549433,9.9,60309504,23887,641,24528,12,118.626
2026-05-09T14:33:28.541819+00:00,recovery_scenario,icmp,,2,,twin_core,549445,0.0,26324992,14338,823,15161,0,0.0
2026-05-09T14:33:28.541819+00:00,recovery_scenario,icmp,,2,,ryu_controller,549433,9.7,60309504,23918,641,24559,31,300.6876
2026-05-09T14:33:28.646389+00:00,recovery_scenario,icmp,,2,,twin_core,549445,9.6,26324992,14338,823,15161,0,0.0
2026-05-09T14:33:28.646389+00:00,recovery_scenario,icmp,,2,,ryu_controller,549433,0.0,60309504,23942,641,24583,24,229.8129
2026-05-09T14:33:28.747677+00:00,recovery_scenario,icmp,,2,,twin_core,549445,0.0,26324992,14338,823,15161,0,0.0
2026-05-09T14:33:28.747677+00:00,recovery_scenario,icmp,,2,,ryu_controller,549433,9.9,60309504,23981,641,24622,39,385.7062
2026-05-09T14:33:28.848256+00:00,recovery_scenario,icmp,,2,,twin_core,549445,0.0,26324992,14339,823,15162,1,9.9328
2026-05-09T14:33:28.848256+00:00,recovery_scenario,icmp,,2,,ryu_controller,549433,0.0,60309504,23987,641,24628,6,59.5798
2026-05-09T14:33:28.953406+00:00,recovery_scenario,icmp,,2,,twin_core,549445,0.0,26324992,14339,823,15162,0,0.0
2026-05-09T14:33:28.953406+00:00,recovery_scenario,icmp,,2,,ryu_controller,549433,0.0,60309504,23992,641,24633,5,47.5436
2026-05-09T14:33:29.053974+00:00,recovery_scenario,icmp,,2,,twin_core,549445,0.0,26324992,14339,823,15162,0,0.0
2026-05-09T14:33:29.053974+00:00,recovery_scenario,icmp,,2,,ryu_controller,549433,19.9,60309504,24021,641,24662,29,288.2624
2026-05-09T14:33:29.158378+00:00,recovery_scenario,icmp,,2,,twin_core,549445,0.0,26324992,14339,823,15162,0,0.0
2026-05-09T14:33:29.158378+00:00,recovery_scenario,icmp,,2,,ryu_controller,549433,38.3,60309504,24076,642,24718,56,536.8255
2026-05-09T14:33:29.258859+00:00,recovery_scenario,icmp,,2,,twin_core,549445,0.0,26324992,14339,823,15162,0,0.0
2026-05-09T14:33:29.258859+00:00,recovery_scenario,icmp,,2,,ryu_controller,549433,0.0,60309504,24092,642,24734,16,159.1902
2026-05-09T14:33:29.277089+00:00,recovery_scenario,icmp,,2,scenario_teardown,,,,,,,,,
2026-05-09T14:33:29.359512+00:00,recovery_scenario,icmp,,2,,twin_core,549445,0.0,26324992,14361,823,15184,22,218.7251
2026-05-09T14:33:29.359512+00:00,recovery_scenario,icmp,,2,,ryu_controller,549433,9.9,60309504,24114,645,24759,25,248.6921
2026-05-09T14:33:29.460034+00:00,recovery_scenario,icmp,,2,,twin_core,549445,0.0,26324992,14384,825,15209,25,248.0349
2026-05-09T14:33:29.460034+00:00,recovery_scenario,icmp,,2,,ryu_controller,549433,19.8,60309504,24122,659,24781,22,217.8402
2026-05-09T14:33:29.561265+00:00,recovery_scenario,icmp,,2,,twin_core,549445,9.9,26324992,14394,827,15221,12,118.8449
2026-05-09T14:33:29.561265+00:00,recovery_scenario,icmp,,2,,ryu_controller,549433,9.9,60309504,24138,661,24799,18,178.627
2026-05-09T14:33:29.661755+00:00,recovery_scenario,icmp,,2,,twin_core,549445,0.0,26324992,14394,827,15221,0,0.0
2026-05-09T14:33:29.661755+00:00,recovery_scenario,icmp,,2,,ryu_controller,549433,9.9,60309504,24161,664,24825,26,258.6465
2026-05-09T14:33:30.131521+00:00,recovery_scenario,icmp,,3,,twin_core,549445,0.0,26324992,14791,883,15674,0,0.0
2026-05-09T14:33:30.131521+00:00,recovery_scenario,icmp,,3,,ryu_controller,549433,0.0,60309504,24256,665,24921,0,0.0
2026-05-09T14:33:30.233059+00:00,recovery_scenario,icmp,,3,,twin_core,549445,9.8,26329088,14840,890,15730,56,550.4257
2026-05-09T14:33:30.233059+00:00,recovery_scenario,icmp,,3,,ryu_controller,549433,29.8,60309504,24263,668,24931,10,99.1918
2026-05-09T14:33:30.333894+00:00,recovery_scenario,icmp,,3,,twin_core,549445,9.9,26329088,14941,894,15835,105,1042.9783
2026-05-09T14:33:30.333894+00:00,recovery_scenario,icmp,,3,,ryu_controller,549433,19.9,60309504,24285,669,24954,23,228.6537
2026-05-09T14:33:30.386648+00:00,recovery_scenario,icmp,,3,service_started,,,,,,,,,
2026-05-09T14:33:30.435076+00:00,recovery_scenario,icmp,,3,,twin_core,549445,9.9,26329088,14995,895,15890,55,543.0314
2026-05-09T14:33:30.435076+00:00,recovery_scenario,icmp,,3,,ryu_controller,549433,69.2,60309504,24336,673,25009,55,543.8189
2026-05-09T14:33:30.535609+00:00,recovery_scenario,icmp,,3,,twin_core,549445,0.0,26329088,14996,895,15891,1,9.9566
2026-05-09T14:33:30.535609+00:00,recovery_scenario,icmp,,3,,ryu_controller,549433,10.0,60309504,24363,673,25036,27,268.8012
2026-05-09T14:33:30.640186+00:00,recovery_scenario,icmp,,3,,twin_core,549445,0.0,26329088,14996,895,15891,0,0.0
2026-05-09T14:33:30.640186+00:00,recovery_scenario,icmp,,3,,ryu_controller,549433,9.6,60309504,24399,673,25072,36,344.0344
2026-05-09T14:33:30.741358+00:00,recovery_scenario,icmp,,3,,twin_core,549445,0.0,26329088,14996,895,15891,0,0.0
2026-05-09T14:33:30.741358+00:00,recovery_scenario,icmp,,3,,ryu_controller,549433,9.9,60309504,24414,673,25087,15,148.3828
2026-05-09T14:33:30.841772+00:00,recovery_scenario,icmp,,3,,twin_core,549445,10.0,26329088,14996,895,15891,0,0.0
2026-05-09T14:33:30.841772+00:00,recovery_scenario,icmp,,3,,ryu_controller,549433,10.0,60309504,24437,673,25110,23,229.0406
2026-05-09T14:33:30.942999+00:00,recovery_scenario,icmp,,3,,twin_core,549445,0.0,26329088,14996,895,15891,0,0.0
2026-05-09T14:33:30.942999+00:00,recovery_scenario,icmp,,3,,ryu_controller,549433,29.6,60309504,24474,673,25147,37,364.9427
2026-05-09T14:33:31.043577+00:00,recovery_scenario,icmp,,3,,twin_core,549445,9.9,26329088,14996,895,15891,0,0.0
2026-05-09T14:33:31.043577+00:00,recovery_scenario,icmp,,3,,ryu_controller,549433,10.0,60309504,24496,673,25169,22,219.1106
2026-05-09T14:33:31.144174+00:00,recovery_scenario,icmp,,3,,twin_core,549445,0.0,26329088,14996,895,15891,0,0.0
2026-05-09T14:33:31.144174+00:00,recovery_scenario,icmp,,3,,ryu_controller,549433,29.7,60309504,24529,673,25202,33,326.8016
2026-05-09T14:33:31.246174+00:00,recovery_scenario,icmp,,3,,twin_core,549445,0.0,26329088,14996,895,15891,0,0.0
2026-05-09T14:33:31.246174+00:00,recovery_scenario,icmp,,3,,ryu_controller,549433,39.3,60309504,24564,673,25237,35,344.1515
2026-05-09T14:33:31.346654+00:00,recovery_scenario,icmp,,3,,twin_core,549445,0.0,26329088,14996,895,15891,0,0.0
2026-05-09T14:33:31.346654+00:00,recovery_scenario,icmp,,3,,ryu_controller,549433,10.0,60309504,24581,673,25254,17,169.3092
2026-05-09T14:33:31.447064+00:00,recovery_scenario,icmp,,3,,twin_core,549445,0.0,26329088,14996,895,15891,0,0.0
2026-05-09T14:33:31.447064+00:00,recovery_scenario,icmp,,3,,ryu_controller,549433,39.8,60309504,24629,673,25302,48,477.441
2026-05-09T14:33:31.547611+00:00,recovery_scenario,icmp,,3,,twin_core,549445,0.0,26329088,14996,895,15891,0,0.0
2026-05-09T14:33:31.547611+00:00,recovery_scenario,icmp,,3,,ryu_controller,549433,10.0,60309504,24646,674,25320,18,179.229
2026-05-09T14:33:31.648052+00:00,recovery_scenario,icmp,,3,,twin_core,549445,0.0,26329088,14996,895,15891,0,0.0
2026-05-09T14:33:31.648052+00:00,recovery_scenario,icmp,,3,,ryu_controller,549433,29.8,60309504,24674,674,25348,28,278.4849
2026-05-09T14:33:31.748584+00:00,recovery_scenario,icmp,,3,,twin_core,549445,0.0,26329088,14996,895,15891,0,0.0
2026-05-09T14:33:31.748584+00:00,recovery_scenario,icmp,,3,,ryu_controller,549433,0.0,60309504,24680,674,25354,6,59.725
2026-05-09T14:33:31.849050+00:00,recovery_scenario,icmp,,3,,twin_core,549445,0.0,26329088,14996,895,15891,0,0.0
2026-05-09T14:33:31.849050+00:00,recovery_scenario,icmp,,3,,ryu_controller,549433,19.9,60309504,24710,674,25384,30,298.6233
2026-05-09T14:33:31.949495+00:00,recovery_scenario,icmp,,3,,twin_core,549445,0.0,26329088,14996,895,15891,0,0.0
2026-05-09T14:33:31.949495+00:00,recovery_scenario,icmp,,3,,ryu_controller,549433,19.9,60309504,24731,674,25405,21,209.1525
2026-05-09T14:33:32.049960+00:00,recovery_scenario,icmp,,3,,twin_core,549445,0.0,26329088,14996,895,15891,0,0.0
2026-05-09T14:33:32.049960+00:00,recovery_scenario,icmp,,3,,ryu_controller,549433,19.9,60309504,24776,674,25450,45,447.2173
2026-05-09T14:33:32.152646+00:00,recovery_scenario,icmp,,3,,twin_core,549445,0.0,26329088,14996,895,15891,0,0.0
2026-05-09T14:33:32.152646+00:00,recovery_scenario,icmp,,3,,ryu_controller,549433,0.0,60309504,24799,674,25473,23,224.213
2026-05-09T14:33:32.254139+00:00,recovery_scenario,icmp,,3,,twin_core,549445,0.0,26329088,14996,895,15891,0,0.0
2026-05-09T14:33:32.254139+00:00,recovery_scenario,icmp,,3,,ryu_controller,549433,9.8,60309504,24822,674,25496,23,226.5461
2026-05-09T14:33:32.355826+00:00,recovery_scenario,icmp,,3,,twin_core,549445,0.0,26329088,14996,895,15891,0,0.0
2026-05-09T14:33:32.355826+00:00,recovery_scenario,icmp,,3,,ryu_controller,549433,9.8,60309504,24827,674,25501,5,49.1477
2026-05-09T14:33:32.456397+00:00,recovery_scenario,icmp,,3,,twin_core,549445,0.0,26329088,14996,895,15891,0,0.0
2026-05-09T14:33:32.456397+00:00,recovery_scenario,icmp,,3,,ryu_controller,549433,19.9,60309504,24857,675,25532,31,307.0271
2026-05-09T14:33:32.557397+00:00,recovery_scenario,icmp,,3,,twin_core,549445,9.9,26329088,15001,895,15896,5,49.5529
2026-05-09T14:33:32.557397+00:00,recovery_scenario,icmp,,3,,ryu_controller,549433,39.6,60309504,24910,675,25585,53,527.6225
2026-05-09T14:33:32.657791+00:00,recovery_scenario,icmp,,3,,twin_core,549445,0.0,26329088,15007,895,15902,6,59.746
2026-05-09T14:33:32.657791+00:00,recovery_scenario,icmp,,3,,ryu_controller,549433,19.9,60309504,24963,675,25638,53,527.7125
2026-05-09T14:33:32.758496+00:00,recovery_scenario,icmp,,3,,twin_core,549445,0.0,26329088,15009,895,15904,2,19.8442
2026-05-09T14:33:32.758496+00:00,recovery_scenario,icmp,,3,,ryu_controller,549433,9.9,60309504,24998,675,25673,35,347.2072
2026-05-09T14:33:32.859034+00:00,recovery_scenario,icmp,,3,,twin_core,549445,0.0,26329088,15010,895,15905,1,9.9439
2026-05-09T14:33:32.859034+00:00,recovery_scenario,icmp,,3,,ryu_controller,549433,9.9,60309504,25024,675,25699,26,258.5817
2026-05-09T14:33:32.959739+00:00,recovery_scenario,icmp,,3,,twin_core,549445,0.0,26329088,15013,895,15908,3,29.8157
2026-05-09T14:33:32.959739+00:00,recovery_scenario,icmp,,3,,ryu_controller,549433,9.9,60309504,25044,675,25719,20,198.7365
2026-05-09T14:33:33.060966+00:00,recovery_scenario,icmp,,3,,twin_core,549445,0.0,26329088,15016,895,15911,3,29.5993
2026-05-09T14:33:33.060966+00:00,recovery_scenario,icmp,,3,,ryu_controller,549433,9.9,60309504,25059,675,25734,15,147.9811
2026-05-09T14:33:33.162389+00:00,recovery_scenario,icmp,,3,,twin_core,549445,0.0,26329088,15019,895,15914,3,29.5897
2026-05-09T14:33:33.162389+00:00,recovery_scenario,icmp,,3,,ryu_controller,549433,9.9,60309504,25067,675,25742,8,78.8301
2026-05-09T14:33:33.263161+00:00,recovery_scenario,icmp,,3,,twin_core,549445,0.0,26329088,15030,895,15925,11,109.2324
2026-05-09T14:33:33.263161+00:00,recovery_scenario,icmp,,3,,ryu_controller,549433,59.6,60309504,25116,675,25791,49,487.1101
2026-05-09T14:33:33.363666+00:00,recovery_scenario,icmp,,3,,twin_core,549445,0.0,26329088,15033,895,15928,3,29.8585
2026-05-09T14:33:33.363666+00:00,recovery_scenario,icmp,,3,,ryu_controller,549433,10.0,60309504,25135,675,25810,19,189.1079
2026-05-09T14:33:33.464151+00:00,recovery_scenario,icmp,,3,,twin_core,549445,0.0,26329088,15036,895,15931,3,29.8572
2026-05-09T14:33:33.464151+00:00,recovery_scenario,icmp,,3,,ryu_controller,549433,10.0,60309504,25147,675,25822,12,119.422
2026-05-09T14:33:33.564608+00:00,recovery_scenario,icmp,,3,,twin_core,549445,0.0,26329088,15039,895,15934,3,29.8662
2026-05-09T14:33:33.564608+00:00,recovery_scenario,icmp,,3,,ryu_controller,549433,0.0,60309504,25162,675,25837,15,149.362
2026-05-09T14:33:33.665087+00:00,recovery_scenario,icmp,,3,,twin_core,549445,9.9,26329088,15048,895,15943,9,89.4602
2026-05-09T14:33:33.665087+00:00,recovery_scenario,icmp,,3,,ryu_controller,549433,9.9,60309504,25172,675,25847,10,99.4075
2026-05-09T14:33:33.765646+00:00,recovery_scenario,icmp,,3,,twin_core,549445,0.0,26329088,15051,895,15946,3,29.8623
2026-05-09T14:33:33.765646+00:00,recovery_scenario,icmp,,3,,ryu_controller,549433,10.0,60309504,25191,675,25866,19,189.0902
2026-05-09T14:33:33.866195+00:00,recovery_scenario,icmp,,3,,twin_core,549445,0.0,26329088,15054,895,15949,3,29.8468
2026-05-09T14:33:33.866195+00:00,recovery_scenario,icmp,,3,,ryu_controller,549433,9.9,60309504,25205,675,25880,14,139.2849
2026-05-09T14:33:33.966624+00:00,recovery_scenario,icmp,,3,,twin_core,549445,0.0,26329088,15057,895,15952,3,29.873
2026-05-09T14:33:33.966624+00:00,recovery_scenario,icmp,,3,,ryu_controller,549433,19.9,60309504,25216,675,25891,11,109.5426
2026-05-09T14:33:34.067046+00:00,recovery_scenario,icmp,,3,,twin_core,549445,0.0,26329088,15060,895,15955,3,29.8486
2026-05-09T14:33:34.067046+00:00,recovery_scenario,icmp,,3,,ryu_controller,549433,0.0,60309504,25228,675,25903,12,119.3895
2026-05-09T14:33:34.167552+00:00,recovery_scenario,icmp,,3,,twin_core,549445,0.0,26329088,15069,895,15964,9,89.6117
2026-05-09T14:33:34.167552+00:00,recovery_scenario,icmp,,3,,ryu_controller,549433,0.0,60309504,25232,675,25907,4,39.8254
2026-05-09T14:33:34.268449+00:00,recovery_scenario,icmp,,3,,twin_core,549445,0.0,26329088,15077,895,15972,8,79.2967
2026-05-09T14:33:34.268449+00:00,recovery_scenario,icmp,,3,,ryu_controller,549433,19.8,60309504,25255,675,25930,23,227.9818
2026-05-09T14:33:34.368898+00:00,recovery_scenario,icmp,,3,,twin_core,549445,0.0,26329088,15081,895,15976,4,39.7846
2026-05-09T14:33:34.368898+00:00,recovery_scenario,icmp,,3,,ryu_controller,549433,9.9,60309504,25277,675,25952,22,218.7972
2026-05-09T14:33:34.469452+00:00,recovery_scenario,icmp,,3,,twin_core,549445,0.0,26329088,15084,895,15979,3,29.843
2026-05-09T14:33:34.469452+00:00,recovery_scenario,icmp,,3,,ryu_controller,549433,0.0,60309504,25282,675,25957,5,49.7448
2026-05-09T14:33:34.569939+00:00,recovery_scenario,icmp,,3,,twin_core,549445,19.9,26329088,15090,895,15985,6,59.7563
2026-05-09T14:33:34.569939+00:00,recovery_scenario,icmp,,3,,ryu_controller,549433,69.7,60309504,25328,675,26003,46,457.4917
2026-05-09T14:33:34.670552+00:00,recovery_scenario,icmp,,3,,twin_core,549445,0.0,26378240,15103,895,15998,13,129.0899
2026-05-09T14:33:34.670552+00:00,recovery_scenario,icmp,,3,,ryu_controller,549433,29.8,60309504,25356,675,26031,28,278.3708
2026-05-09T14:33:34.771202+00:00,recovery_scenario,icmp,,3,,twin_core,549445,0.0,26378240,15106,895,16001,3,29.8104
2026-05-09T14:33:34.771202+00:00,recovery_scenario,icmp,,3,,ryu_controller,549433,9.9,60309504,25368,675,26043,12,118.6896
2026-05-09T14:33:34.872308+00:00,recovery_scenario,icmp,,3,,twin_core,549445,0.0,26378240,15109,895,16004,3,29.6853
2026-05-09T14:33:34.872308+00:00,recovery_scenario,icmp,,3,,ryu_controller,549433,0.0,60309504,25372,675,26047,4,39.7694
2026-05-09T14:33:34.972773+00:00,recovery_scenario,icmp,,3,,twin_core,549445,0.0,26378240,15115,895,16010,6,59.6976
2026-05-09T14:33:34.972773+00:00,recovery_scenario,icmp,,3,,ryu_controller,549433,0.0,60309504,25382,675,26057,10,99.4654
2026-05-09T14:33:35.073295+00:00,recovery_scenario,icmp,,3,,twin_core,549445,10.0,26378240,15124,895,16019,9,89.5881
2026-05-09T14:33:35.073295+00:00,recovery_scenario,icmp,,3,,ryu_controller,549433,10.0,60309504,25392,675,26067,10,99.595
2026-05-09T14:33:35.182816+00:00,recovery_scenario,icmp,,3,,twin_core,549445,0.0,26378240,15127,895,16022,3,27.3752
2026-05-09T14:33:35.182816+00:00,recovery_scenario,icmp,,3,,ryu_controller,549433,27.4,60309504,25419,675,26094,27,246.1975
2026-05-09T14:33:35.283369+00:00,recovery_scenario,icmp,,3,,twin_core,549445,0.0,26378240,15127,895,16022,0,0.0
2026-05-09T14:33:35.283369+00:00,recovery_scenario,icmp,,3,,ryu_controller,549433,39.8,60309504,25459,676,26135,41,408.1681
2026-05-09T14:33:35.383840+00:00,recovery_scenario,icmp,,3,,twin_core,549445,0.0,26378240,15133,895,16028,6,59.7045
2026-05-09T14:33:35.383840+00:00,recovery_scenario,icmp,,3,,ryu_controller,549433,39.8,60309504,25488,676,26164,29,288.4636
2026-05-09T14:33:35.487441+00:00,recovery_scenario,icmp,,3,,twin_core,549445,0.0,26378240,15142,895,16037,9,86.8389
2026-05-09T14:33:35.487441+00:00,recovery_scenario,icmp,,3,,ryu_controller,549433,0.0,60309504,25500,676,26176,12,115.8066
2026-05-09T14:33:35.588083+00:00,recovery_scenario,icmp,,3,,twin_core,549445,0.0,26378240,15148,895,16043,6,59.562
2026-05-09T14:33:35.588083+00:00,recovery_scenario,icmp,,3,,ryu_controller,549433,9.9,60309504,25535,676,26211,35,347.4647
2026-05-09T14:33:35.689339+00:00,recovery_scenario,icmp,,3,,twin_core,549445,0.0,26378240,15151,895,16046,3,29.6636
2026-05-09T14:33:35.689339+00:00,recovery_scenario,icmp,,3,,ryu_controller,549433,29.7,60309504,25566,676,26242,31,306.5236
2026-05-09T14:33:35.789887+00:00,recovery_scenario,icmp,,3,,twin_core,549445,0.0,26378240,15157,895,16052,6,59.7063
2026-05-09T14:33:35.789887+00:00,recovery_scenario,icmp,,3,,ryu_controller,549433,19.9,60309504,25577,676,26253,11,109.2555
2026-05-09T14:33:35.892391+00:00,recovery_scenario,icmp,,3,,twin_core,549445,0.0,26378240,15162,895,16057,5,48.6942
2026-05-09T14:33:35.892391+00:00,recovery_scenario,icmp,,3,,ryu_controller,549433,0.0,60309504,25584,676,26260,7,68.0577
2026-05-09T14:33:35.993437+00:00,recovery_scenario,icmp,,3,,twin_core,549445,9.9,26378240,15169,895,16064,7,69.3385
2026-05-09T14:33:35.993437+00:00,recovery_scenario,icmp,,3,,ryu_controller,549433,0.0,60309504,25593,676,26269,9,89.451
2026-05-09T14:33:36.098716+00:00,recovery_scenario,icmp,,3,,twin_core,549445,0.0,26378240,15172,895,16067,3,28.5034
2026-05-09T14:33:36.098716+00:00,recovery_scenario,icmp,,3,,ryu_controller,549433,9.5,60309504,25598,676,26274,5,47.5137
2026-05-09T14:33:36.143951+00:00,recovery_scenario,icmp,,3,pingall_completed,,,,,,,,,
2026-05-09T14:33:36.199291+00:00,recovery_scenario,icmp,,3,,twin_core,549445,0.0,26378240,15182,895,16077,10,99.4757
2026-05-09T14:33:36.199291+00:00,recovery_scenario,icmp,,3,,ryu_controller,549433,9.9,60309504,25620,676,26296,22,218.8922
2026-05-09T14:33:36.304220+00:00,recovery_scenario,icmp,,3,,twin_core,549445,0.0,26378240,15182,895,16077,0,0.0
2026-05-09T14:33:36.304220+00:00,recovery_scenario,icmp,,3,,ryu_controller,549433,0.0,60309504,25641,676,26317,21,199.8036
2026-05-09T14:33:36.404867+00:00,recovery_scenario,icmp,,3,,twin_core,549445,0.0,26378240,15182,895,16077,0,0.0
2026-05-09T14:33:36.404867+00:00,recovery_scenario,icmp,,3,,ryu_controller,549433,0.0,60309504,25646,676,26322,5,49.6479
2026-05-09T14:33:36.510274+00:00,recovery_scenario,icmp,,3,,twin_core,549445,0.0,26378240,15182,895,16077,0,0.0
2026-05-09T14:33:36.510274+00:00,recovery_scenario,icmp,,3,,ryu_controller,549433,9.5,60309504,25650,676,26326,4,37.9386
2026-05-09T14:33:36.611043+00:00,recovery_scenario,icmp,,3,,twin_core,549445,0.0,26378240,15182,895,16077,0,0.0
2026-05-09T14:33:36.611043+00:00,recovery_scenario,icmp,,3,,ryu_controller,549433,9.9,60309504,25666,676,26342,16,157.6941
2026-05-09T14:33:36.714480+00:00,recovery_scenario,icmp,,3,,twin_core,549445,19.4,26423296,15182,895,16077,0,0.0
2026-05-09T14:33:36.714480+00:00,recovery_scenario,icmp,,3,,ryu_controller,549433,68.1,60313600,25706,676,26382,40,389.9263
2026-05-09T14:33:36.816063+00:00,recovery_scenario,icmp,,3,,twin_core,549445,0.0,26423296,15182,895,16077,0,0.0
2026-05-09T14:33:36.816063+00:00,recovery_scenario,icmp,,3,,ryu_controller,549433,0.0,60313600,25710,676,26386,4,39.3501
2026-05-09T14:33:36.919215+00:00,recovery_scenario,icmp,,3,,twin_core,549445,0.0,26423296,15182,895,16077,0,0.0
2026-05-09T14:33:36.919215+00:00,recovery_scenario,icmp,,3,,ryu_controller,549433,0.0,60313600,25714,676,26390,4,38.7665
2026-05-09T14:33:37.020585+00:00,recovery_scenario,icmp,,3,,twin_core,549445,0.0,26423296,15182,895,16077,0,0.0
2026-05-09T14:33:37.020585+00:00,recovery_scenario,icmp,,3,,ryu_controller,549433,0.0,60313600,25717,676,26393,3,29.5637
2026-05-09T14:33:37.123254+00:00,recovery_scenario,icmp,,3,,twin_core,549445,0.0,26423296,15182,895,16077,0,0.0
2026-05-09T14:33:37.123254+00:00,recovery_scenario,icmp,,3,,ryu_controller,549433,0.0,60313600,25720,676,26396,3,29.133
2026-05-09T14:33:37.152382+00:00,recovery_scenario,icmp,,3,background_traffic_started,,,,,,,,,
2026-05-09T14:33:37.224581+00:00,recovery_scenario,icmp,,3,,twin_core,549445,19.8,26423296,15203,895,16098,21,208.0534
2026-05-09T14:33:37.224581+00:00,recovery_scenario,icmp,,3,,ryu_controller,549433,19.8,60313600,25723,676,26399,3,29.7782
2026-05-09T14:33:37.310691+00:00,recovery_scenario,icmp,,3,fault_injected,,,,,,,,,
2026-05-09T14:33:37.325040+00:00,recovery_scenario,icmp,,3,,twin_core,549445,10.0,26423296,15260,895,16155,57,566.6291
2026-05-09T14:33:37.325040+00:00,recovery_scenario,icmp,,3,,ryu_controller,549433,9.9,60313600,25732,678,26410,11,109.1862
2026-05-09T14:33:37.425902+00:00,recovery_scenario,icmp,,3,,twin_core,549445,0.0,26423296,15321,895,16216,61,605.7533
2026-05-09T14:33:37.425902+00:00,recovery_scenario,icmp,,3,,ryu_controller,549433,39.7,60313600,25783,683,26466,56,555.9813
2026-05-09T14:33:37.526546+00:00,recovery_scenario,icmp,,3,,twin_core,549445,19.9,26423296,15385,895,16280,64,635.9178
2026-05-09T14:33:37.526546+00:00,recovery_scenario,icmp,,3,,ryu_controller,549433,0.0,60313600,25786,683,26469,3,29.8682
2026-05-09T14:33:37.548665+00:00,recovery_scenario,icmp,,3,recovery_requested,,,,,,,,,
2026-05-09T14:33:37.626990+00:00,recovery_scenario,icmp,,3,,twin_core,549445,0.0,26423296,15444,895,16339,59,586.7648
2026-05-09T14:33:37.626990+00:00,recovery_scenario,icmp,,3,,ryu_controller,549433,19.9,60313600,25813,684,26497,28,278.4442
2026-05-09T14:33:37.727544+00:00,recovery_scenario,icmp,,3,,twin_core,549445,9.9,26423296,15504,895,16399,60,595.3398
2026-05-09T14:33:37.727544+00:00,recovery_scenario,icmp,,3,,ryu_controller,549433,9.9,60313600,25843,686,26529,32,317.0212
2026-05-09T14:33:37.828495+00:00,recovery_scenario,icmp,,3,,twin_core,549445,0.0,26423296,15541,895,16436,37,367.5493
2026-05-09T14:33:37.828495+00:00,recovery_scenario,icmp,,3,,ryu_controller,549433,19.9,60313600,25856,689,26545,16,159.1783
2026-05-09T14:33:37.930811+00:00,recovery_scenario,icmp,,3,,twin_core,549445,0.0,26423296,15541,895,16436,0,0.0
2026-05-09T14:33:37.930811+00:00,recovery_scenario,icmp,,3,,ryu_controller,549433,0.0,60313600,25860,689,26549,4,39.0272
2026-05-09T14:33:38.032247+00:00,recovery_scenario,icmp,,3,,twin_core,549445,0.0,26423296,15541,895,16436,0,0.0
2026-05-09T14:33:38.032247+00:00,recovery_scenario,icmp,,3,,ryu_controller,549433,0.0,60313600,25864,689,26553,4,39.4542
2026-05-09T14:33:38.133754+00:00,recovery_scenario,icmp,,3,,twin_core,549445,0.0,26423296,15541,895,16436,0,0.0
2026-05-09T14:33:38.133754+00:00,recovery_scenario,icmp,,3,,ryu_controller,549433,0.0,60313600,25868,689,26557,4,39.2245
2026-05-09T14:33:38.234896+00:00,recovery_scenario,icmp,,3,,twin_core,549445,0.0,26423296,15541,895,16436,0,0.0
2026-05-09T14:33:38.234896+00:00,recovery_scenario,icmp,,3,,ryu_controller,549433,19.9,60313600,25891,689,26580,23,228.4982
2026-05-09T14:33:38.335483+00:00,recovery_scenario,icmp,,3,,twin_core,549445,0.0,26423296,15542,895,16437,1,9.9371
2026-05-09T14:33:38.335483+00:00,recovery_scenario,icmp,,3,,ryu_controller,549433,0.0,60313600,25912,689,26601,21,208.9549
2026-05-09T14:33:38.436000+00:00,recovery_scenario,icmp,,3,,twin_core,549445,0.0,26423296,15542,895,16437,0,0.0
2026-05-09T14:33:38.436000+00:00,recovery_scenario,icmp,,3,,ryu_controller,549433,9.9,60313600,25939,689,26628,27,268.4507
2026-05-09T14:33:38.536580+00:00,recovery_scenario,icmp,,3,,twin_core,549445,9.9,26423296,15542,895,16437,0,0.0
2026-05-09T14:33:38.536580+00:00,recovery_scenario,icmp,,3,,ryu_controller,549433,9.9,60313600,25955,689,26644,16,159.2153
2026-05-09T14:33:38.637775+00:00,recovery_scenario,icmp,,3,,twin_core,549445,0.0,26423296,15542,895,16437,0,0.0
2026-05-09T14:33:38.637775+00:00,recovery_scenario,icmp,,3,,ryu_controller,549433,0.0,60313600,25966,689,26655,11,108.3978
2026-05-09T14:33:38.738651+00:00,recovery_scenario,icmp,,3,,twin_core,549445,0.0,26423296,15542,895,16437,0,0.0
2026-05-09T14:33:38.738651+00:00,recovery_scenario,icmp,,3,,ryu_controller,549433,39.8,60313600,26012,689,26701,46,457.596
2026-05-09T14:33:38.841196+00:00,recovery_scenario,icmp,,3,,twin_core,549445,0.0,26423296,15543,895,16438,1,9.7453
2026-05-09T14:33:38.841196+00:00,recovery_scenario,icmp,,3,,ryu_controller,549433,19.5,60313600,26039,689,26728,27,263.0545
2026-05-09T14:33:38.943542+00:00,recovery_scenario,icmp,,3,,twin_core,549445,0.0,26423296,15543,895,16438,0,0.0
2026-05-09T14:33:38.943542+00:00,recovery_scenario,icmp,,3,,ryu_controller,549433,9.8,60313600,26050,689,26739,11,107.3932
2026-05-09T14:33:39.046393+00:00,recovery_scenario,icmp,,3,,twin_core,549445,0.0,26423296,15543,895,16438,0,0.0
2026-05-09T14:33:39.046393+00:00,recovery_scenario,icmp,,3,,ryu_controller,549433,0.0,60313600,26066,689,26755,16,155.4576
2026-05-09T14:33:39.151374+00:00,recovery_scenario,icmp,,3,,twin_core,549445,0.0,26423296,15543,895,16438,0,0.0
2026-05-09T14:33:39.151374+00:00,recovery_scenario,icmp,,3,,ryu_controller,549433,0.0,60313600,26070,689,26759,4,35.6905
2026-05-09T14:33:39.259403+00:00,recovery_scenario,icmp,,3,,twin_core,549445,9.3,26423296,15543,895,16438,0,0.0
2026-05-09T14:33:39.259403+00:00,recovery_scenario,icmp,,3,,ryu_controller,549433,18.9,60313600,26094,689,26783,24,238.1915
2026-05-09T14:33:39.359962+00:00,recovery_scenario,icmp,,3,,twin_core,549445,0.0,26423296,15544,895,16439,1,9.9417
2026-05-09T14:33:39.359962+00:00,recovery_scenario,icmp,,3,,ryu_controller,549433,9.9,60313600,26114,689,26803,20,198.8391
2026-05-09T14:33:39.460472+00:00,recovery_scenario,icmp,,3,,twin_core,549445,0.0,26423296,15544,895,16439,0,0.0
2026-05-09T14:33:39.460472+00:00,recovery_scenario,icmp,,3,,ryu_controller,549433,59.7,60313600,26168,689,26857,54,537.4733
2026-05-09T14:33:39.565394+00:00,recovery_scenario,icmp,,3,,twin_core,549445,0.0,26423296,15544,895,16439,0,0.0
2026-05-09T14:33:39.565394+00:00,recovery_scenario,icmp,,3,,ryu_controller,549433,0.0,60313600,26188,689,26877,20,190.4823
2026-05-09T14:33:39.665952+00:00,recovery_scenario,icmp,,3,,twin_core,549445,0.0,26423296,15544,895,16439,0,0.0
2026-05-09T14:33:39.665952+00:00,recovery_scenario,icmp,,3,,ryu_controller,549433,9.9,60313600,26214,689,26903,26,258.4895
2026-05-09T14:33:39.766528+00:00,recovery_scenario,icmp,,3,,twin_core,549445,0.0,26423296,15544,895,16439,0,0.0
2026-05-09T14:33:39.766528+00:00,recovery_scenario,icmp,,3,,ryu_controller,549433,10.0,60313600,26247,689,26936,33,328.4765
2026-05-09T14:33:39.800296+00:00,recovery_scenario,icmp,,3,scenario_teardown,,,,,,,,,
2026-05-09T14:33:39.867039+00:00,recovery_scenario,icmp,,3,,twin_core,549445,19.9,26423296,15559,895,16454,15,149.2028
2026-05-09T14:33:39.867039+00:00,recovery_scenario,icmp,,3,,ryu_controller,549433,9.9,60313600,26259,689,26948,12,119.3657
2026-05-09T14:33:39.967501+00:00,recovery_scenario,icmp,,3,,twin_core,549445,0.0,26423296,15584,898,16482,28,278.8254
2026-05-09T14:33:39.967501+00:00,recovery_scenario,icmp,,3,,ryu_controller,549433,0.0,60313600,26273,691,26964,16,159.3175
2026-05-09T14:33:40.067941+00:00,recovery_scenario,icmp,,3,,twin_core,549445,0.0,26423296,15600,899,16499,17,169.0528
2026-05-09T14:33:40.067941+00:00,recovery_scenario,icmp,,3,,ryu_controller,549433,9.9,60313600,26282,696,26978,14,139.1494
2026-05-09T14:33:40.168576+00:00,recovery_scenario,icmp,,3,,twin_core,549445,0.0,26423296,15600,899,16499,0,0.0
2026-05-09T14:33:40.168576+00:00,recovery_scenario,icmp,,3,,ryu_controller,549433,9.9,60313600,26313,699,27012,34,338.3319
2026-05-09T14:33:40.644915+00:00,recovery_scenario,icmp,,4,,twin_core,549445,0.0,26427392,15998,954,16952,0,0.0
2026-05-09T14:33:40.644915+00:00,recovery_scenario,icmp,,4,,ryu_controller,549433,0.0,60313600,26417,701,27118,0,0.0
2026-05-09T14:33:40.746492+00:00,recovery_scenario,icmp,,4,,twin_core,549445,9.8,26427392,16049,955,17004,52,517.0659
2026-05-09T14:33:40.746492+00:00,recovery_scenario,icmp,,4,,ryu_controller,549433,39.8,60313600,26451,715,27166,48,477.9114
2026-05-09T14:33:40.846970+00:00,recovery_scenario,icmp,,4,,twin_core,549445,0.0,26427392,16150,956,17106,102,1013.9687
2026-05-09T14:33:40.846970+00:00,recovery_scenario,icmp,,4,,ryu_controller,549433,29.8,60313600,26482,717,27199,33,327.4829
2026-05-09T14:33:40.896268+00:00,recovery_scenario,icmp,,4,service_started,,,,,,,,,
2026-05-09T14:33:40.948252+00:00,recovery_scenario,icmp,,4,,twin_core,549445,19.7,26427392,16198,957,17155,49,484.4525
2026-05-09T14:33:40.948252+00:00,recovery_scenario,icmp,,4,,ryu_controller,549433,49.5,60313600,26532,717,27249,50,495.3708
2026-05-09T14:33:41.051870+00:00,recovery_scenario,icmp,,4,,twin_core,549445,0.0,26427392,16199,957,17156,1,9.6372
2026-05-09T14:33:41.051870+00:00,recovery_scenario,icmp,,4,,ryu_controller,549433,9.6,60313600,26556,717,27273,24,231.2025
2026-05-09T14:33:41.152488+00:00,recovery_scenario,icmp,,4,,twin_core,549445,0.0,26427392,16199,957,17156,0,0.0
2026-05-09T14:33:41.152488+00:00,recovery_scenario,icmp,,4,,ryu_controller,549433,19.9,60313600,26576,717,27293,20,199.0902
2026-05-09T14:33:41.256563+00:00,recovery_scenario,icmp,,4,,twin_core,549445,0.0,26427392,16199,957,17156,0,0.0
2026-05-09T14:33:41.256563+00:00,recovery_scenario,icmp,,4,,ryu_controller,549433,9.6,60313600,26618,717,27335,42,403.2312
2026-05-09T14:33:41.357074+00:00,recovery_scenario,icmp,,4,,twin_core,549445,0.0,26427392,16199,957,17156,0,0.0
2026-05-09T14:33:41.357074+00:00,recovery_scenario,icmp,,4,,ryu_controller,549433,19.9,60313600,26648,717,27365,30,298.5073
2026-05-09T14:33:41.457603+00:00,recovery_scenario,icmp,,4,,twin_core,549445,0.0,26427392,16199,957,17156,0,0.0
2026-05-09T14:33:41.457603+00:00,recovery_scenario,icmp,,4,,ryu_controller,549433,19.9,60313600,26669,717,27386,21,209.0473
2026-05-09T14:33:41.558072+00:00,recovery_scenario,icmp,,4,,twin_core,549445,0.0,26427392,16199,957,17156,0,0.0
2026-05-09T14:33:41.558072+00:00,recovery_scenario,icmp,,4,,ryu_controller,549433,49.7,60313600,26723,717,27440,54,536.3578
2026-05-09T14:33:41.658727+00:00,recovery_scenario,icmp,,4,,twin_core,549445,0.0,26427392,16199,957,17156,0,0.0
2026-05-09T14:33:41.658727+00:00,recovery_scenario,icmp,,4,,ryu_controller,549433,0.0,60313600,26745,717,27462,22,218.9469
2026-05-09T14:33:41.763620+00:00,recovery_scenario,icmp,,4,,twin_core,549445,0.0,26427392,16199,957,17156,0,0.0
2026-05-09T14:33:41.763620+00:00,recovery_scenario,icmp,,4,,ryu_controller,549433,9.5,60313600,26769,717,27486,24,228.6736
2026-05-09T14:33:41.864163+00:00,recovery_scenario,icmp,,4,,twin_core,549445,0.0,26427392,16199,957,17156,0,0.0
2026-05-09T14:33:41.864163+00:00,recovery_scenario,icmp,,4,,ryu_controller,549433,19.9,60313600,26794,717,27511,25,248.7684
2026-05-09T14:33:41.964637+00:00,recovery_scenario,icmp,,4,,twin_core,549445,0.0,26427392,16199,957,17156,0,0.0
2026-05-09T14:33:41.964637+00:00,recovery_scenario,icmp,,4,,ryu_controller,549433,19.9,60313600,26835,717,27552,41,408.3056
2026-05-09T14:33:42.065079+00:00,recovery_scenario,icmp,,4,,twin_core,549445,0.0,26427392,16199,957,17156,0,0.0
2026-05-09T14:33:42.065079+00:00,recovery_scenario,icmp,,4,,ryu_controller,549433,29.8,60313600,26864,717,27581,29,288.5247
2026-05-09T14:33:42.165564+00:00,recovery_scenario,icmp,,4,,twin_core,549445,0.0,26427392,16199,957,17156,0,0.0
2026-05-09T14:33:42.165564+00:00,recovery_scenario,icmp,,4,,ryu_controller,549433,10.0,60313600,26880,717,27597,16,159.3505
2026-05-09T14:33:42.265991+00:00,recovery_scenario,icmp,,4,,twin_core,549445,0.0,26427392,16199,957,17156,0,0.0
2026-05-09T14:33:42.265991+00:00,recovery_scenario,icmp,,4,,ryu_controller,549433,29.9,60313600,26907,718,27625,28,278.699
2026-05-09T14:33:42.366456+00:00,recovery_scenario,icmp,,4,,twin_core,549445,0.0,26427392,16199,957,17156,0,0.0
2026-05-09T14:33:42.366456+00:00,recovery_scenario,icmp,,4,,ryu_controller,549433,10.0,60313600,26944,718,27662,37,368.2935
2026-05-09T14:33:42.466891+00:00,recovery_scenario,icmp,,4,,twin_core,549445,0.0,26427392,16199,957,17156,0,0.0
2026-05-09T14:33:42.466891+00:00,recovery_scenario,icmp,,4,,ryu_controller,549433,19.9,60313600,26974,718,27692,30,298.1281
2026-05-09T14:33:42.567565+00:00,recovery_scenario,icmp,,4,,twin_core,549445,0.0,26427392,16199,957,17156,0,0.0
2026-05-09T14:33:42.567565+00:00,recovery_scenario,icmp,,4,,ryu_controller,549433,19.9,60313600,27016,718,27734,42,418.0511
2026-05-09T14:33:42.668005+00:00,recovery_scenario,icmp,,4,,twin_core,549445,0.0,26427392,16199,957,17156,0,0.0
2026-05-09T14:33:42.668005+00:00,recovery_scenario,icmp,,4,,ryu_controller,549433,9.9,60313600,27067,718,27785,51,507.2384
2026-05-09T14:33:42.769067+00:00,recovery_scenario,icmp,,4,,twin_core,549445,0.0,26427392,16199,957,17156,0,0.0
2026-05-09T14:33:42.769067+00:00,recovery_scenario,icmp,,4,,ryu_controller,549433,9.9,60313600,27092,718,27810,25,247.4029
2026-05-09T14:33:42.869603+00:00,recovery_scenario,icmp,,4,,twin_core,549445,0.0,26427392,16199,957,17156,0,0.0
2026-05-09T14:33:42.869603+00:00,recovery_scenario,icmp,,4,,ryu_controller,549433,0.0,60313600,27104,719,27823,13,129.3689
2026-05-09T14:33:42.970512+00:00,recovery_scenario,icmp,,4,,twin_core,549445,19.8,26427392,16199,957,17156,0,0.0
2026-05-09T14:33:42.970512+00:00,recovery_scenario,icmp,,4,,ryu_controller,549433,49.6,60313600,27159,719,27878,55,545.3453
2026-05-09T14:33:43.070937+00:00,recovery_scenario,icmp,,4,,twin_core,549445,0.0,26427392,16204,957,17161,5,49.6484
2026-05-09T14:33:43.070937+00:00,recovery_scenario,icmp,,4,,ryu_controller,549433,29.8,60313600,27210,719,27929,51,506.1154
2026-05-09T14:33:43.173668+00:00,recovery_scenario,icmp,,4,,twin_core,549445,9.7,26427392,16211,957,17168,7,68.3073
2026-05-09T14:33:43.173668+00:00,recovery_scenario,icmp,,4,,ryu_controller,549433,9.8,60313600,27230,719,27949,20,193.8566
2026-05-09T14:33:43.276459+00:00,recovery_scenario,icmp,,4,,twin_core,549445,0.0,26427392,16212,957,17169,1,9.714
2026-05-09T14:33:43.276459+00:00,recovery_scenario,icmp,,4,,ryu_controller,549433,19.4,60313600,27244,719,27963,14,136.9993
2026-05-09T14:33:43.379606+00:00,recovery_scenario,icmp,,4,,twin_core,549445,0.0,26427392,16215,957,17172,3,29.1142
2026-05-09T14:33:43.379606+00:00,recovery_scenario,icmp,,4,,ryu_controller,549433,0.0,60313600,27257,719,27976,13,126.1592
2026-05-09T14:33:43.480616+00:00,recovery_scenario,icmp,,4,,twin_core,549445,0.0,26427392,16218,957,17175,3,29.6803
2026-05-09T14:33:43.480616+00:00,recovery_scenario,icmp,,4,,ryu_controller,549433,9.9,60313600,27276,719,27995,19,187.9624
2026-05-09T14:33:43.581210+00:00,recovery_scenario,icmp,,4,,twin_core,549445,0.0,26427392,16221,957,17178,3,29.8476
2026-05-09T14:33:43.581210+00:00,recovery_scenario,icmp,,4,,ryu_controller,549433,49.8,60313600,27333,719,28052,57,567.2993
2026-05-09T14:33:43.681688+00:00,recovery_scenario,icmp,,4,,twin_core,549445,0.0,26427392,16224,957,17181,3,29.8437
2026-05-09T14:33:43.681688+00:00,recovery_scenario,icmp,,4,,ryu_controller,549433,9.9,60313600,27344,719,28063,11,109.3816
2026-05-09T14:33:43.782286+00:00,recovery_scenario,icmp,,4,,twin_core,549445,0.0,26427392,16233,957,17190,9,89.4914
2026-05-09T14:33:43.782286+00:00,recovery_scenario,icmp,,4,,ryu_controller,549433,9.9,60313600,27362,719,28081,18,179.0134
2026-05-09T14:33:43.882957+00:00,recovery_scenario,icmp,,4,,twin_core,549445,0.0,26427392,16236,957,17193,3,29.7778
2026-05-09T14:33:43.882957+00:00,recovery_scenario,icmp,,4,,ryu_controller,549433,9.9,60313600,27383,719,28102,21,208.3373
2026-05-09T14:33:43.984146+00:00,recovery_scenario,icmp,,4,,twin_core,549445,0.0,26427392,16239,957,17196,3,29.6817
2026-05-09T14:33:43.984146+00:00,recovery_scenario,icmp,,4,,ryu_controller,549433,9.9,60313600,27396,719,28115,13,128.6975
2026-05-09T14:33:44.085689+00:00,recovery_scenario,icmp,,4,,twin_core,549445,0.0,26427392,16242,957,17199,3,29.5259
2026-05-09T14:33:44.085689+00:00,recovery_scenario,icmp,,4,,ryu_controller,549433,0.0,60313600,27411,719,28130,15,147.6031
2026-05-09T14:33:44.186310+00:00,recovery_scenario,icmp,,4,,twin_core,549445,0.0,26427392,16251,957,17208,9,89.5094
2026-05-09T14:33:44.186310+00:00,recovery_scenario,icmp,,4,,ryu_controller,549433,19.9,60313600,27420,719,28139,9,89.5286
2026-05-09T14:33:44.286745+00:00,recovery_scenario,icmp,,4,,twin_core,549445,10.0,26427392,16254,957,17211,3,29.869
2026-05-09T14:33:44.286745+00:00,recovery_scenario,icmp,,4,,ryu_controller,549433,10.0,60313600,27440,719,28159,20,199.1308
2026-05-09T14:33:44.387310+00:00,recovery_scenario,icmp,,4,,twin_core,549445,0.0,26427392,16257,957,17214,3,29.821
2026-05-09T14:33:44.387310+00:00,recovery_scenario,icmp,,4,,ryu_controller,549433,9.9,60313600,27455,719,28174,15,149.0666
2026-05-09T14:33:44.488926+00:00,recovery_scenario,icmp,,4,,twin_core,549445,0.0,26427392,16260,957,17217,3,29.5054
2026-05-09T14:33:44.488926+00:00,recovery_scenario,icmp,,4,,ryu_controller,549433,9.8,60313600,27466,719,28185,11,108.188
2026-05-09T14:33:44.589492+00:00,recovery_scenario,icmp,,4,,twin_core,549445,0.0,26427392,16263,957,17220,3,29.8421
2026-05-09T14:33:44.589492+00:00,recovery_scenario,icmp,,4,,ryu_controller,549433,9.9,60313600,27499,720,28219,34,338.1874
2026-05-09T14:33:44.690238+00:00,recovery_scenario,icmp,,4,,twin_core,549445,0.0,26427392,16271,957,17228,8,79.2514
2026-05-09T14:33:44.690238+00:00,recovery_scenario,icmp,,4,,ryu_controller,549433,0.0,60313600,27503,720,28223,4,39.6331
2026-05-09T14:33:44.791572+00:00,recovery_scenario,icmp,,4,,twin_core,549445,0.0,26427392,16278,957,17235,7,69.2221
2026-05-09T14:33:44.791572+00:00,recovery_scenario,icmp,,4,,ryu_controller,549433,9.9,60313600,27524,720,28244,21,207.6843
2026-05-09T14:33:44.892155+00:00,recovery_scenario,icmp,,4,,twin_core,549445,0.0,26427392,16284,957,17241,6,59.6686
2026-05-09T14:33:44.892155+00:00,recovery_scenario,icmp,,4,,ryu_controller,549433,9.9,60313600,27546,720,28266,22,218.7659
2026-05-09T14:33:44.992621+00:00,recovery_scenario,icmp,,4,,twin_core,549445,0.0,26427392,16287,957,17244,3,29.8458
2026-05-09T14:33:44.992621+00:00,recovery_scenario,icmp,,4,,ryu_controller,549433,9.9,60313600,27550,720,28270,4,39.7233
2026-05-09T14:33:45.093370+00:00,recovery_scenario,icmp,,4,,twin_core,549445,9.9,26427392,16293,957,17250,6,59.598
2026-05-09T14:33:45.093370+00:00,recovery_scenario,icmp,,4,,ryu_controller,549433,59.6,60313600,27601,721,28322,52,517.5551
2026-05-09T14:33:45.194430+00:00,recovery_scenario,icmp,,4,,twin_core,549445,0.0,26427392,16302,957,17259,9,88.9975
2026-05-09T14:33:45.194430+00:00,recovery_scenario,icmp,,4,,ryu_controller,549433,9.9,60313600,27622,721,28343,21,207.596
2026-05-09T14:33:45.296896+00:00,recovery_scenario,icmp,,4,,twin_core,549445,0.0,26427392,16305,957,17262,3,29.2715
2026-05-09T14:33:45.296896+00:00,recovery_scenario,icmp,,4,,ryu_controller,549433,9.8,60313600,27636,721,28357,14,136.5939
2026-05-09T14:33:45.397987+00:00,recovery_scenario,icmp,,4,,twin_core,549445,9.9,26427392,16308,957,17265,3,29.6724
2026-05-09T14:33:45.397987+00:00,recovery_scenario,icmp,,4,,ryu_controller,549433,9.9,60313600,27645,721,28366,9,89.0454
2026-05-09T14:33:45.498520+00:00,recovery_scenario,icmp,,4,,twin_core,549445,0.0,26427392,16315,957,17272,7,69.6357
2026-05-09T14:33:45.498520+00:00,recovery_scenario,icmp,,4,,ryu_controller,549433,9.9,60313600,27657,721,28378,12,119.3592
2026-05-09T14:33:45.599047+00:00,recovery_scenario,icmp,,4,,twin_core,549445,0.0,26427392,16324,957,17281,9,89.5452
2026-05-09T14:33:45.599047+00:00,recovery_scenario,icmp,,4,,ryu_controller,549433,29.8,60313600,27681,721,28402,24,238.8026
2026-05-09T14:33:45.700600+00:00,recovery_scenario,icmp,,4,,twin_core,549445,0.0,26427392,16327,957,17284,3,29.5508
2026-05-09T14:33:45.700600+00:00,recovery_scenario,icmp,,4,,ryu_controller,549433,59.1,60313600,27712,721,28433,31,305.3047
2026-05-09T14:33:45.801101+00:00,recovery_scenario,icmp,,4,,twin_core,549445,0.0,26427392,16327,957,17284,0,0.0
2026-05-09T14:33:45.801101+00:00,recovery_scenario,icmp,,4,,ryu_controller,549433,9.9,60313600,27724,721,28445,12,119.3853
2026-05-09T14:33:45.901618+00:00,recovery_scenario,icmp,,4,,twin_core,549445,0.0,26427392,16333,957,17290,6,59.6075
2026-05-09T14:33:45.901618+00:00,recovery_scenario,icmp,,4,,ryu_controller,549433,9.9,60313600,27736,721,28457,12,119.0132
2026-05-09T14:33:46.002458+00:00,recovery_scenario,icmp,,4,,twin_core,549445,9.9,26427392,16342,957,17299,9,89.4092
2026-05-09T14:33:46.002458+00:00,recovery_scenario,icmp,,4,,ryu_controller,549433,9.9,60313600,27760,721,28481,24,238.8216
2026-05-09T14:33:46.102919+00:00,recovery_scenario,icmp,,4,,twin_core,549445,0.0,26427392,16348,957,17305,6,59.7441
2026-05-09T14:33:46.102919+00:00,recovery_scenario,icmp,,4,,ryu_controller,549433,9.9,60313600,27792,722,28514,33,327.4882
2026-05-09T14:33:46.204167+00:00,recovery_scenario,icmp,,4,,twin_core,549445,0.0,26427392,16348,957,17305,0,0.0
2026-05-09T14:33:46.204167+00:00,recovery_scenario,icmp,,4,,ryu_controller,549433,9.9,60313600,27799,722,28521,7,69.2901
2026-05-09T14:33:46.307031+00:00,recovery_scenario,icmp,,4,,twin_core,549445,0.0,26427392,16354,957,17311,6,58.2526
2026-05-09T14:33:46.307031+00:00,recovery_scenario,icmp,,4,,ryu_controller,549433,0.0,60313600,27809,722,28531,10,96.9935
2026-05-09T14:33:46.407813+00:00,recovery_scenario,icmp,,4,,twin_core,549445,0.0,26427392,16360,957,17317,6,59.6706
2026-05-09T14:33:46.407813+00:00,recovery_scenario,icmp,,4,,ryu_controller,549433,19.9,60313600,27827,722,28549,18,178.9325
2026-05-09T14:33:46.512409+00:00,recovery_scenario,icmp,,4,,twin_core,549445,0.0,26427392,16364,957,17321,4,38.2127
2026-05-09T14:33:46.512409+00:00,recovery_scenario,icmp,,4,,ryu_controller,549433,9.6,60313600,27842,722,28564,15,143.4332
2026-05-09T14:33:46.613979+00:00,recovery_scenario,icmp,,4,,twin_core,549445,0.0,26427392,16373,957,17330,9,88.5099
2026-05-09T14:33:46.613979+00:00,recovery_scenario,icmp,,4,,ryu_controller,549433,0.0,60313600,27869,722,28591,27,265.6666
2026-05-09T14:33:46.682024+00:00,recovery_scenario,icmp,,4,pingall_completed,,,,,,,,,
2026-05-09T14:33:46.714629+00:00,recovery_scenario,icmp,,4,,twin_core,549445,9.9,26427392,16383,957,17340,10,99.4764
2026-05-09T14:33:46.714629+00:00,recovery_scenario,icmp,,4,,ryu_controller,549433,9.9,60313600,27878,722,28600,9,89.5399
2026-05-09T14:33:46.815172+00:00,recovery_scenario,icmp,,4,,twin_core,549445,0.0,26427392,16383,957,17340,0,0.0
2026-05-09T14:33:46.815172+00:00,recovery_scenario,icmp,,4,,ryu_controller,549433,0.0,60313600,27881,722,28603,3,29.8141
2026-05-09T14:33:46.915771+00:00,recovery_scenario,icmp,,4,,twin_core,549445,0.0,26427392,16383,957,17340,0,0.0
2026-05-09T14:33:46.915771+00:00,recovery_scenario,icmp,,4,,ryu_controller,549433,0.0,60313600,27887,722,28609,6,59.5509
2026-05-09T14:33:47.020667+00:00,recovery_scenario,icmp,,4,,twin_core,549445,0.0,26427392,16383,957,17340,0,0.0
2026-05-09T14:33:47.020667+00:00,recovery_scenario,icmp,,4,,ryu_controller,549433,9.5,60313600,27908,722,28630,21,200.559
2026-05-09T14:33:47.121644+00:00,recovery_scenario,icmp,,4,,twin_core,549445,0.0,26427392,16383,957,17340,0,0.0
2026-05-09T14:33:47.121644+00:00,recovery_scenario,icmp,,4,,ryu_controller,549433,39.6,60313600,27945,722,28667,37,366.9217
2026-05-09T14:33:47.226516+00:00,recovery_scenario,icmp,,4,,twin_core,549445,9.5,26456064,16383,957,17340,0,0.0
2026-05-09T14:33:47.226516+00:00,recovery_scenario,icmp,,4,,ryu_controller,549433,28.6,60354560,27965,722,28687,20,190.5994
2026-05-09T14:33:47.327708+00:00,recovery_scenario,icmp,,4,,twin_core,549445,0.0,26456064,16383,957,17340,0,0.0
2026-05-09T14:33:47.327708+00:00,recovery_scenario,icmp,,4,,ryu_controller,549433,0.0,60354560,27968,722,28690,3,29.5783
2026-05-09T14:33:47.428434+00:00,recovery_scenario,icmp,,4,,twin_core,549445,0.0,26456064,16383,957,17340,0,0.0
2026-05-09T14:33:47.428434+00:00,recovery_scenario,icmp,,4,,ryu_controller,549433,9.9,60354560,27973,722,28695,5,49.7384
2026-05-09T14:33:47.530723+00:00,recovery_scenario,icmp,,4,,twin_core,549445,0.0,26456064,16383,957,17340,0,0.0
2026-05-09T14:33:47.530723+00:00,recovery_scenario,icmp,,4,,ryu_controller,549433,0.0,60354560,27981,722,28703,8,78.2166
2026-05-09T14:33:47.632169+00:00,recovery_scenario,icmp,,4,,twin_core,549445,0.0,26456064,16383,957,17340,0,0.0
2026-05-09T14:33:47.632169+00:00,recovery_scenario,icmp,,4,,ryu_controller,549433,0.0,60354560,27984,722,28706,3,29.5426
2026-05-09T14:33:47.690210+00:00,recovery_scenario,icmp,,4,background_traffic_started,,,,,,,,,
2026-05-09T14:33:47.732771+00:00,recovery_scenario,icmp,,4,,twin_core,549445,0.0,26456064,16409,957,17366,26,258.6573
2026-05-09T14:33:47.732771+00:00,recovery_scenario,icmp,,4,,ryu_controller,549433,69.7,60366848,28030,723,28753,47,467.8986
2026-05-09T14:33:47.810574+00:00,recovery_scenario,icmp,,4,fault_injected,,,,,,,,,
2026-05-09T14:33:47.833283+00:00,recovery_scenario,icmp,,4,,twin_core,549445,9.9,26456064,16470,957,17427,61,607.1369
2026-05-09T14:33:47.833283+00:00,recovery_scenario,icmp,,4,,ryu_controller,549433,10.0,60391424,28040,725,28765,12,119.4559
2026-05-09T14:33:47.933755+00:00,recovery_scenario,icmp,,4,,twin_core,549445,10.0,26456064,16530,957,17487,60,597.0871
2026-05-09T14:33:47.933755+00:00,recovery_scenario,icmp,,4,,ryu_controller,549433,10.0,60391424,28047,726,28773,8,79.6058
2026-05-09T14:33:48.034181+00:00,recovery_scenario,icmp,,4,,twin_core,549445,0.0,26456064,16594,957,17551,64,637.2559
2026-05-09T14:33:48.034181+00:00,recovery_scenario,icmp,,4,,ryu_controller,549433,0.0,60391424,28050,726,28776,3,29.8673
2026-05-09T14:33:48.135679+00:00,recovery_scenario,icmp,,4,,twin_core,549445,0.0,26456064,16604,957,17561,10,98.47
2026-05-09T14:33:48.135679+00:00,recovery_scenario,icmp,,4,,ryu_controller,549433,0.0,60391424,28069,726,28795,19,187.0545
2026-05-09T14:33:48.237636+00:00,recovery_scenario,icmp,,4,,twin_core,549445,9.8,26456064,16604,957,17561,0,0.0
2026-05-09T14:33:48.237636+00:00,recovery_scenario,icmp,,4,,ryu_controller,549433,0.0,60391424,28085,726,28811,16,156.859
2026-05-09T14:33:48.338244+00:00,recovery_scenario,icmp,,4,,twin_core,549445,0.0,26456064,16604,957,17561,0,0.0
2026-05-09T14:33:48.338244+00:00,recovery_scenario,icmp,,4,,ryu_controller,549433,9.9,60391424,28098,726,28824,13,129.2117
2026-05-09T14:33:48.438805+00:00,recovery_scenario,icmp,,4,,twin_core,549445,0.0,26456064,16604,957,17561,0,0.0
2026-05-09T14:33:48.438805+00:00,recovery_scenario,icmp,,4,,ryu_controller,549433,0.0,60391424,28113,726,28839,15,149.2426
2026-05-09T14:33:48.540679+00:00,recovery_scenario,icmp,,4,,twin_core,549445,0.0,26456064,16604,957,17561,0,0.0
2026-05-09T14:33:48.540679+00:00,recovery_scenario,icmp,,4,,ryu_controller,549433,19.6,60391424,28149,726,28875,36,353.4428
2026-05-09T14:33:48.642951+00:00,recovery_scenario,icmp,,4,,twin_core,549445,0.0,26456064,16605,957,17562,1,9.7727
2026-05-09T14:33:48.642951+00:00,recovery_scenario,icmp,,4,,ryu_controller,549433,0.0,60391424,28170,726,28896,21,205.1894
2026-05-09T14:33:48.744167+00:00,recovery_scenario,icmp,,4,,twin_core,549445,0.0,26456064,16605,957,17562,0,0.0
2026-05-09T14:33:48.744167+00:00,recovery_scenario,icmp,,4,,ryu_controller,549433,9.9,60391424,28202,726,28928,32,316.3906
2026-05-09T14:33:48.844719+00:00,recovery_scenario,icmp,,4,,twin_core,549445,0.0,26456064,16605,957,17562,0,0.0
2026-05-09T14:33:48.844719+00:00,recovery_scenario,icmp,,4,,ryu_controller,549433,0.0,60391424,28218,726,28944,16,158.95
2026-05-09T14:33:48.946234+00:00,recovery_scenario,icmp,,4,,twin_core,549445,0.0,26456064,16605,957,17562,0,0.0
2026-05-09T14:33:48.946234+00:00,recovery_scenario,icmp,,4,,ryu_controller,549433,0.0,60391424,28230,726,28956,12,118.2166
2026-05-09T14:33:49.050995+00:00,recovery_scenario,icmp,,4,,twin_core,549445,0.0,26456064,16606,957,17563,1,9.5516
2026-05-09T14:33:49.050995+00:00,recovery_scenario,icmp,,4,,ryu_controller,549433,9.6,60391424,28249,726,28975,19,181.5683
2026-05-09T14:33:49.152089+00:00,recovery_scenario,icmp,,4,,twin_core,549445,0.0,26456064,16606,957,17563,0,0.0
2026-05-09T14:33:49.152089+00:00,recovery_scenario,icmp,,4,,ryu_controller,549433,0.0,60391424,28263,727,28990,15,148.1753
2026-05-09T14:33:49.254492+00:00,recovery_scenario,icmp,,4,,twin_core,549445,9.8,26456064,16606,957,17563,0,0.0
2026-05-09T14:33:49.254492+00:00,recovery_scenario,icmp,,4,,ryu_controller,549433,58.6,60391424,28320,727,29047,57,557.0761
2026-05-09T14:33:49.355851+00:00,recovery_scenario,icmp,,4,,twin_core,549445,0.0,26456064,16606,957,17563,0,0.0
2026-05-09T14:33:49.355851+00:00,recovery_scenario,icmp,,4,,ryu_controller,549433,0.0,60391424,28336,727,29063,16,157.781
2026-05-09T14:33:49.459806+00:00,recovery_scenario,icmp,,4,,twin_core,549445,0.0,26456064,16606,957,17563,0,0.0
2026-05-09T14:33:49.459806+00:00,recovery_scenario,icmp,,4,,ryu_controller,549433,0.0,60391424,28347,727,29074,11,105.1735
2026-05-09T14:33:49.552536+00:00,recovery_scenario,icmp,,4,recovery_requested,,,,,,,,,
2026-05-09T14:33:49.561220+00:00,recovery_scenario,icmp,,4,,twin_core,549445,0.0,26456064,16611,957,17568,5,49.5945
2026-05-09T14:33:49.561220+00:00,recovery_scenario,icmp,,4,,ryu_controller,549433,19.9,60391424,28363,727,29090,16,159.037
2026-05-09T14:33:49.661625+00:00,recovery_scenario,icmp,,4,,twin_core,549445,10.0,26456064,16665,957,17622,54,537.7904
2026-05-09T14:33:49.661625+00:00,recovery_scenario,icmp,,4,,ryu_controller,549433,29.9,60391424,28399,732,29131,41,408.2756
2026-05-09T14:33:49.762062+00:00,recovery_scenario,icmp,,4,,twin_core,549445,0.0,26456064,16724,957,17681,59,586.3933
2026-05-09T14:33:49.762062+00:00,recovery_scenario,icmp,,4,,ryu_controller,549433,19.9,60391424,28429,736,29165,34,337.9132
2026-05-09T14:33:49.864256+00:00,recovery_scenario,icmp,,4,,twin_core,549445,9.8,26456064,16751,957,17708,27,264.4254
2026-05-09T14:33:49.864256+00:00,recovery_scenario,icmp,,4,,ryu_controller,549433,29.4,60391424,28480,737,29217,52,509.1914
2026-05-09T14:33:49.967267+00:00,recovery_scenario,icmp,,4,,twin_core,549445,0.0,26456064,16751,957,17708,0,0.0
2026-05-09T14:33:49.967267+00:00,recovery_scenario,icmp,,4,,ryu_controller,549433,0.0,60391424,28492,737,29229,12,116.4808
2026-05-09T14:33:50.068464+00:00,recovery_scenario,icmp,,4,,twin_core,549445,0.0,26456064,16751,957,17708,0,0.0
2026-05-09T14:33:50.068464+00:00,recovery_scenario,icmp,,4,,ryu_controller,549433,9.9,60391424,28523,737,29260,31,306.3746
2026-05-09T14:33:50.173662+00:00,recovery_scenario,icmp,,4,,twin_core,549445,0.0,26456064,16751,957,17708,0,0.0
2026-05-09T14:33:50.173662+00:00,recovery_scenario,icmp,,4,,ryu_controller,549433,9.5,60391424,28546,737,29283,23,218.4034
2026-05-09T14:33:50.278875+00:00,recovery_scenario,icmp,,4,,twin_core,549445,0.0,26456064,16751,957,17708,0,0.0
2026-05-09T14:33:50.278875+00:00,recovery_scenario,icmp,,4,,ryu_controller,549433,0.0,60391424,28579,737,29316,33,313.5932
2026-05-09T14:33:50.384024+00:00,recovery_scenario,icmp,,4,,twin_core,549445,0.0,26456064,16752,957,17709,1,9.5057
2026-05-09T14:33:50.384024+00:00,recovery_scenario,icmp,,4,,ryu_controller,549433,0.0,60391424,28587,737,29324,8,76.0393
2026-05-09T14:33:50.484769+00:00,recovery_scenario,icmp,,4,,twin_core,549445,0.0,26456064,16752,957,17709,0,0.0
2026-05-09T14:33:50.484769+00:00,recovery_scenario,icmp,,4,,ryu_controller,549433,19.8,60391424,28601,737,29338,14,138.8983
2026-05-09T14:33:50.587483+00:00,recovery_scenario,icmp,,4,,twin_core,549445,0.0,26456064,16752,957,17709,0,0.0
2026-05-09T14:33:50.587483+00:00,recovery_scenario,icmp,,4,,ryu_controller,549433,9.8,60391424,28625,737,29362,24,234.3035
2026-05-09T14:33:50.687963+00:00,recovery_scenario,icmp,,4,,twin_core,549445,0.0,26456064,16752,957,17709,0,0.0
2026-05-09T14:33:50.687963+00:00,recovery_scenario,icmp,,4,,ryu_controller,549433,0.0,60391424,28659,737,29396,34,338.5423
2026-05-09T14:33:50.789873+00:00,recovery_scenario,icmp,,4,,twin_core,549445,0.0,26456064,16752,957,17709,0,0.0
2026-05-09T14:33:50.789873+00:00,recovery_scenario,icmp,,4,,ryu_controller,549433,9.8,60391424,28695,737,29432,36,352.7474
2026-05-09T14:33:50.891237+00:00,recovery_scenario,icmp,,4,,twin_core,549445,9.9,26456064,16753,957,17710,1,9.8634
2026-05-09T14:33:50.891237+00:00,recovery_scenario,icmp,,4,,ryu_controller,549433,0.0,60391424,28708,737,29445,13,128.2783
2026-05-09T14:33:50.993373+00:00,recovery_scenario,icmp,,4,,twin_core,549445,0.0,26456064,16753,957,17710,0,0.0
2026-05-09T14:33:50.993373+00:00,recovery_scenario,icmp,,4,,ryu_controller,549433,0.0,60391424,28736,737,29473,28,273.7449
2026-05-09T14:33:51.094594+00:00,recovery_scenario,icmp,,4,,twin_core,549445,0.0,26456064,16753,957,17710,0,0.0
2026-05-09T14:33:51.094594+00:00,recovery_scenario,icmp,,4,,ryu_controller,549433,19.8,60391424,28757,737,29494,21,207.8749
2026-05-09T14:33:51.199685+00:00,recovery_scenario,icmp,,4,,twin_core,549445,0.0,26456064,16753,957,17710,0,0.0
2026-05-09T14:33:51.199685+00:00,recovery_scenario,icmp,,4,,ryu_controller,549433,0.0,60391424,28766,737,29503,9,85.6248
2026-05-09T14:33:51.300187+00:00,recovery_scenario,icmp,,4,,twin_core,549445,0.0,26456064,16753,957,17710,0,0.0
2026-05-09T14:33:51.300187+00:00,recovery_scenario,icmp,,4,,ryu_controller,549433,49.8,60391424,28824,737,29561,58,577.0667
2026-05-09T14:33:51.314977+00:00,recovery_scenario,icmp,,4,scenario_teardown,,,,,,,,,
2026-05-09T14:33:51.400748+00:00,recovery_scenario,icmp,,4,,twin_core,549445,9.9,26456064,16774,958,17732,22,218.8179
2026-05-09T14:33:51.400748+00:00,recovery_scenario,icmp,,4,,ryu_controller,549433,0.0,60391424,28844,739,29583,22,218.9322
2026-05-09T14:33:51.501297+00:00,recovery_scenario,icmp,,4,,twin_core,549445,9.9,26456064,16796,960,17756,24,238.7524
2026-05-09T14:33:51.501297+00:00,recovery_scenario,icmp,,4,,ryu_controller,549433,19.9,60391424,28862,749,29611,28,278.5691
2026-05-09T14:33:51.601715+00:00,recovery_scenario,icmp,,4,,twin_core,549445,0.0,26456064,16808,961,17769,13,129.4342
2026-05-09T14:33:51.601715+00:00,recovery_scenario,icmp,,4,,ryu_controller,549433,10.0,60391424,28872,749,29621,10,99.5672
2026-05-09T14:33:51.702200+00:00,recovery_scenario,icmp,,4,,twin_core,549445,0.0,26456064,16808,961,17769,0,0.0
2026-05-09T14:33:51.702200+00:00,recovery_scenario,icmp,,4,,ryu_controller,549433,9.9,60391424,28882,750,29632,11,109.4427
2026-05-09T14:33:52.163010+00:00,recovery_scenario,icmp,,5,,twin_core,549445,0.0,26460160,17194,1022,18216,0,0.0
2026-05-09T14:33:52.163010+00:00,recovery_scenario,icmp,,5,,ryu_controller,549433,0.0,60391424,28942,750,29692,0,0.0
2026-05-09T14:33:52.264752+00:00,recovery_scenario,icmp,,5,,twin_core,549445,0.0,26460160,17264,1039,18303,87,855.6116
2026-05-09T14:33:52.264752+00:00,recovery_scenario,icmp,,5,,ryu_controller,549433,49.4,60391424,28954,769,29723,31,308.5783
2026-05-09T14:33:52.365190+00:00,recovery_scenario,icmp,,5,,twin_core,549445,10.0,26460160,17362,1042,18404,101,1005.5051
2026-05-09T14:33:52.365190+00:00,recovery_scenario,icmp,,5,,ryu_controller,549433,29.9,60391424,28982,770,29752,29,288.7367
2026-05-09T14:33:52.441955+00:00,recovery_scenario,icmp,,5,service_started,,,,,,,,,
2026-05-09T14:33:52.465583+00:00,recovery_scenario,icmp,,5,,twin_core,549445,10.0,26460160,17404,1044,18448,44,438.2431
2026-05-09T14:33:52.465583+00:00,recovery_scenario,icmp,,5,,ryu_controller,549433,39.8,60391424,29016,774,29790,38,377.6927
2026-05-09T14:33:52.571003+00:00,recovery_scenario,icmp,,5,,twin_core,549445,0.0,26460160,17405,1044,18449,1,9.4636
2026-05-09T14:33:52.571003+00:00,recovery_scenario,icmp,,5,,ryu_controller,549433,28.4,60391424,29044,774,29818,28,265.3926
2026-05-09T14:33:52.671836+00:00,recovery_scenario,icmp,,5,,twin_core,549445,9.9,26460160,17405,1044,18449,0,0.0
2026-05-09T14:33:52.671836+00:00,recovery_scenario,icmp,,5,,ryu_controller,549433,19.8,60391424,29066,774,29840,22,218.1873
2026-05-09T14:33:52.772572+00:00,recovery_scenario,icmp,,5,,twin_core,549445,0.0,26460160,17405,1044,18449,0,0.0
2026-05-09T14:33:52.772572+00:00,recovery_scenario,icmp,,5,,ryu_controller,549433,9.9,60391424,29102,774,29876,36,358.0364
2026-05-09T14:33:52.873085+00:00,recovery_scenario,icmp,,5,,twin_core,549445,9.9,26460160,17405,1044,18449,0,0.0
2026-05-09T14:33:52.873085+00:00,recovery_scenario,icmp,,5,,ryu_controller,549433,9.9,60391424,29125,774,29899,23,228.8128
2026-05-09T14:33:52.976206+00:00,recovery_scenario,icmp,,5,,twin_core,549445,0.0,26460160,17405,1044,18449,0,0.0
2026-05-09T14:33:52.976206+00:00,recovery_scenario,icmp,,5,,ryu_controller,549433,9.7,60391424,29142,774,29916,17,164.9216
2026-05-09T14:33:53.081271+00:00,recovery_scenario,icmp,,5,,twin_core,549445,0.0,26460160,17405,1044,18449,0,0.0
2026-05-09T14:33:53.081271+00:00,recovery_scenario,icmp,,5,,ryu_controller,549433,9.5,60391424,29162,774,29936,20,190.3123
2026-05-09T14:33:53.181808+00:00,recovery_scenario,icmp,,5,,twin_core,549445,0.0,26460160,17405,1044,18449,0,0.0
2026-05-09T14:33:53.181808+00:00,recovery_scenario,icmp,,5,,ryu_controller,549433,19.9,60391424,29178,774,29952,16,158.9152
2026-05-09T14:33:53.282483+00:00,recovery_scenario,icmp,,5,,twin_core,549445,0.0,26460160,17405,1044,18449,0,0.0
2026-05-09T14:33:53.282483+00:00,recovery_scenario,icmp,,5,,ryu_controller,549433,19.9,60391424,29215,774,29989,37,368.392
2026-05-09T14:33:53.382944+00:00,recovery_scenario,icmp,,5,,twin_core,549445,0.0,26460160,17405,1044,18449,0,0.0
2026-05-09T14:33:53.382944+00:00,recovery_scenario,icmp,,5,,ryu_controller,549433,19.9,60391424,29241,774,30015,26,257.9176
2026-05-09T14:33:53.484242+00:00,recovery_scenario,icmp,,5,,twin_core,549445,0.0,26460160,17405,1044,18449,0,0.0
2026-05-09T14:33:53.484242+00:00,recovery_scenario,icmp,,5,,ryu_controller,549433,29.7,60391424,29275,774,30049,34,336.6191
2026-05-09T14:33:53.584713+00:00,recovery_scenario,icmp,,5,,twin_core,549445,0.0,26460160,17405,1044,18449,0,0.0
2026-05-09T14:33:53.584713+00:00,recovery_scenario,icmp,,5,,ryu_controller,549433,39.8,60391424,29303,775,30078,29,288.7018
2026-05-09T14:33:53.685228+00:00,recovery_scenario,icmp,,5,,twin_core,549445,0.0,26460160,17405,1044,18449,0,0.0
2026-05-09T14:33:53.685228+00:00,recovery_scenario,icmp,,5,,ryu_controller,549433,10.0,60391424,29321,775,30096,18,179.1179
2026-05-09T14:33:53.786435+00:00,recovery_scenario,icmp,,5,,twin_core,549445,0.0,26460160,17405,1044,18449,0,0.0
2026-05-09T14:33:53.786435+00:00,recovery_scenario,icmp,,5,,ryu_controller,549433,19.8,60391424,29340,775,30115,19,187.7404
2026-05-09T14:33:53.886867+00:00,recovery_scenario,icmp,,5,,twin_core,549445,0.0,26460160,17405,1044,18449,0,0.0
2026-05-09T14:33:53.886867+00:00,recovery_scenario,icmp,,5,,ryu_controller,549433,59.6,60391424,29390,775,30165,50,496.3687
2026-05-09T14:33:53.992051+00:00,recovery_scenario,icmp,,5,,twin_core,549445,0.0,26460160,17405,1044,18449,0,0.0
2026-05-09T14:33:53.992051+00:00,recovery_scenario,icmp,,5,,ryu_controller,549433,9.5,60391424,29410,775,30185,20,190.4826
2026-05-09T14:33:54.092882+00:00,recovery_scenario,icmp,,5,,twin_core,549445,0.0,26460160,17405,1044,18449,0,0.0
2026-05-09T14:33:54.092882+00:00,recovery_scenario,icmp,,5,,ryu_controller,549433,19.8,60391424,29434,775,30209,24,237.9781
2026-05-09T14:33:54.193582+00:00,recovery_scenario,icmp,,5,,twin_core,549445,0.0,26460160,17405,1044,18449,0,0.0
2026-05-09T14:33:54.193582+00:00,recovery_scenario,icmp,,5,,ryu_controller,549433,9.9,60391424,29468,775,30243,34,337.3443
2026-05-09T14:33:54.294437+00:00,recovery_scenario,icmp,,5,,twin_core,549445,0.0,26460160,17405,1044,18449,0,0.0
2026-05-09T14:33:54.294437+00:00,recovery_scenario,icmp,,5,,ryu_controller,549433,19.9,60391424,29497,775,30272,29,288.1036
2026-05-09T14:33:54.397220+00:00,recovery_scenario,icmp,,5,,twin_core,549445,0.0,26460160,17405,1044,18449,0,0.0
2026-05-09T14:33:54.397220+00:00,recovery_scenario,icmp,,5,,ryu_controller,549433,0.0,60391424,29502,775,30277,5,48.605
2026-05-09T14:33:54.497923+00:00,recovery_scenario,icmp,,5,,twin_core,549445,0.0,26460160,17405,1044,18449,0,0.0
2026-05-09T14:33:54.497923+00:00,recovery_scenario,icmp,,5,,ryu_controller,549433,9.9,60391424,29518,775,30293,16,158.4061
2026-05-09T14:33:54.598818+00:00,recovery_scenario,icmp,,5,,twin_core,549445,9.9,26460160,17410,1044,18454,5,49.6869
2026-05-09T14:33:54.598818+00:00,recovery_scenario,icmp,,5,,ryu_controller,549433,39.8,60391424,29589,775,30364,71,705.6971
2026-05-09T14:33:54.699413+00:00,recovery_scenario,icmp,,5,,twin_core,549445,0.0,26460160,17413,1044,18457,3,29.7996
2026-05-09T14:33:54.699413+00:00,recovery_scenario,icmp,,5,,ryu_controller,549433,19.9,60391424,29630,775,30405,41,407.5887
2026-05-09T14:33:54.799978+00:00,recovery_scenario,icmp,,5,,twin_core,549445,0.0,26460160,17416,1044,18460,3,29.8289
2026-05-09T14:33:54.799978+00:00,recovery_scenario,icmp,,5,,ryu_controller,549433,9.9,60391424,29673,775,30448,43,427.6528
2026-05-09T14:33:54.902132+00:00,recovery_scenario,icmp,,5,,twin_core,549445,0.0,26460160,17419,1044,18463,3,29.3711
2026-05-09T14:33:54.902132+00:00,recovery_scenario,icmp,,5,,ryu_controller,549433,9.8,60391424,29703,775,30478,30,293.655
2026-05-09T14:33:55.004263+00:00,recovery_scenario,icmp,,5,,twin_core,549445,0.0,26460160,17422,1044,18466,3,29.377
2026-05-09T14:33:55.004263+00:00,recovery_scenario,icmp,,5,,ryu_controller,549433,9.8,60391424,29726,775,30501,23,225.2639
2026-05-09T14:33:55.104788+00:00,recovery_scenario,icmp,,5,,twin_core,549445,9.9,26460160,17425,1044,18469,3,29.8344
2026-05-09T14:33:55.104788+00:00,recovery_scenario,icmp,,5,,ryu_controller,549433,9.9,60391424,29739,775,30514,13,129.2245
2026-05-09T14:33:55.205904+00:00,recovery_scenario,icmp,,5,,twin_core,549445,0.0,26460160,17428,1044,18472,3,29.6221
2026-05-09T14:33:55.205904+00:00,recovery_scenario,icmp,,5,,ryu_controller,549433,0.0,60391424,29750,775,30525,11,108.5857
2026-05-09T14:33:55.306695+00:00,recovery_scenario,icmp,,5,,twin_core,549445,0.0,26460160,17438,1044,18482,10,99.4454
2026-05-09T14:33:55.306695+00:00,recovery_scenario,icmp,,5,,ryu_controller,549433,19.9,60391424,29773,775,30548,23,228.7462
2026-05-09T14:33:55.407372+00:00,recovery_scenario,icmp,,5,,twin_core,549445,0.0,26460160,17442,1044,18486,4,39.7375
2026-05-09T14:33:55.407372+00:00,recovery_scenario,icmp,,5,,ryu_controller,549433,9.9,60391424,29793,775,30568,20,198.8521
2026-05-09T14:33:55.507785+00:00,recovery_scenario,icmp,,5,,twin_core,549445,0.0,26460160,17445,1044,18489,3,29.8787
2026-05-09T14:33:55.507785+00:00,recovery_scenario,icmp,,5,,ryu_controller,549433,10.0,60391424,29818,775,30593,25,248.9869
2026-05-09T14:33:55.608196+00:00,recovery_scenario,icmp,,5,,twin_core,549445,0.0,26460160,17448,1044,18492,3,29.8638
2026-05-09T14:33:55.608196+00:00,recovery_scenario,icmp,,5,,ryu_controller,549433,10.0,60391424,29855,775,30630,37,368.2506
2026-05-09T14:33:55.708667+00:00,recovery_scenario,icmp,,5,,twin_core,549445,0.0,26460160,17457,1044,18501,9,89.6227
2026-05-09T14:33:55.708667+00:00,recovery_scenario,icmp,,5,,ryu_controller,549433,0.0,60391424,29867,775,30642,12,119.5161
2026-05-09T14:33:55.809099+00:00,recovery_scenario,icmp,,5,,twin_core,549445,0.0,26460160,17459,1044,18503,2,19.8958
2026-05-09T14:33:55.809099+00:00,recovery_scenario,icmp,,5,,ryu_controller,549433,19.9,60391424,29885,775,30660,18,178.8602
2026-05-09T14:33:55.909776+00:00,recovery_scenario,icmp,,5,,twin_core,549445,0.0,26460160,17462,1044,18506,3,29.8155
2026-05-09T14:33:55.909776+00:00,recovery_scenario,icmp,,5,,ryu_controller,549433,39.8,60391424,29916,775,30691,31,308.4235
2026-05-09T14:33:56.010452+00:00,recovery_scenario,icmp,,5,,twin_core,549445,0.0,26460160,17465,1044,18509,3,29.7857
2026-05-09T14:33:56.010452+00:00,recovery_scenario,icmp,,5,,ryu_controller,549433,29.8,60395520,29945,775,30720,29,287.885
2026-05-09T14:33:56.111024+00:00,recovery_scenario,icmp,,5,,twin_core,549445,0.0,26460160,17468,1044,18512,3,29.8061
2026-05-09T14:33:56.111024+00:00,recovery_scenario,icmp,,5,,ryu_controller,549433,9.9,60395520,29959,775,30734,14,139.0769
2026-05-09T14:33:56.211636+00:00,recovery_scenario,icmp,,5,,twin_core,549445,0.0,26460160,17474,1044,18518,6,59.6918
2026-05-09T14:33:56.211636+00:00,recovery_scenario,icmp,,5,,ryu_controller,549433,10.0,60395520,29964,775,30739,5,49.7563
2026-05-09T14:33:56.312311+00:00,recovery_scenario,icmp,,5,,twin_core,549445,9.9,26460160,17483,1044,18527,9,89.4357
2026-05-09T14:33:56.312311+00:00,recovery_scenario,icmp,,5,,ryu_controller,549433,9.9,60395520,29985,775,30760,21,208.643
2026-05-09T14:33:56.412760+00:00,recovery_scenario,icmp,,5,,twin_core,549445,0.0,26460160,17489,1044,18533,6,59.7382
2026-05-09T14:33:56.412760+00:00,recovery_scenario,icmp,,5,,ryu_controller,549433,10.0,60395520,30004,775,30779,19,189.2468
2026-05-09T14:33:56.513308+00:00,recovery_scenario,icmp,,5,,twin_core,549445,0.0,26460160,17491,1044,18535,2,19.8875
2026-05-09T14:33:56.513308+00:00,recovery_scenario,icmp,,5,,ryu_controller,549433,9.9,60395520,30012,775,30787,8,79.2929
2026-05-09T14:33:56.614067+00:00,recovery_scenario,icmp,,5,,twin_core,549445,19.8,26460160,17503,1044,18547,12,119.071
2026-05-09T14:33:56.614067+00:00,recovery_scenario,icmp,,5,,ryu_controller,549433,59.6,60395520,30059,776,30835,48,477.7964
2026-05-09T14:33:56.714574+00:00,recovery_scenario,icmp,,5,,twin_core,549445,0.0,26492928,17512,1044,18556,9,89.5562
2026-05-09T14:33:56.714574+00:00,recovery_scenario,icmp,,5,,ryu_controller,549433,19.9,60395520,30086,776,30862,27,268.6104
2026-05-09T14:33:56.816740+00:00,recovery_scenario,icmp,,5,,twin_core,549445,0.0,26492928,17515,1044,18559,3,29.3566
2026-05-09T14:33:56.816740+00:00,recovery_scenario,icmp,,5,,ryu_controller,549433,9.8,60395520,30101,776,30877,15,146.6106
2026-05-09T14:33:56.917428+00:00,recovery_scenario,icmp,,5,,twin_core,549445,0.0,26492928,17518,1044,18562,3,29.8075
2026-05-09T14:33:56.917428+00:00,recovery_scenario,icmp,,5,,ryu_controller,549433,0.0,60395520,30119,776,30895,18,179.077
2026-05-09T14:33:57.017925+00:00,recovery_scenario,icmp,,5,,twin_core,549445,0.0,26492928,17521,1044,18565,3,29.8072
2026-05-09T14:33:57.017925+00:00,recovery_scenario,icmp,,5,,ryu_controller,549433,9.9,60395520,30139,776,30915,20,198.6264
2026-05-09T14:33:57.118706+00:00,recovery_scenario,icmp,,5,,twin_core,549445,0.0,26492928,17534,1044,18578,13,129.2
2026-05-09T14:33:57.118706+00:00,recovery_scenario,icmp,,5,,ryu_controller,549433,9.9,60395520,30150,776,30926,11,109.383
2026-05-09T14:33:57.219298+00:00,recovery_scenario,icmp,,5,,twin_core,549445,9.9,26492928,17537,1044,18581,3,29.8179
2026-05-09T14:33:57.219298+00:00,recovery_scenario,icmp,,5,,ryu_controller,549433,19.9,60395520,30176,776,30952,26,258.3682
2026-05-09T14:33:57.319914+00:00,recovery_scenario,icmp,,5,,twin_core,549445,0.0,26492928,17537,1044,18581,0,0.0
2026-05-09T14:33:57.319914+00:00,recovery_scenario,icmp,,5,,ryu_controller,549433,9.9,60395520,30187,776,30963,11,109.173
2026-05-09T14:33:57.420558+00:00,recovery_scenario,icmp,,5,,twin_core,549445,0.0,26492928,17543,1044,18587,6,59.6672
2026-05-09T14:33:57.420558+00:00,recovery_scenario,icmp,,5,,ryu_controller,549433,0.0,60395520,30193,776,30969,6,59.6857
2026-05-09T14:33:57.521331+00:00,recovery_scenario,icmp,,5,,twin_core,549445,0.0,26492928,17552,1044,18596,9,89.2984
2026-05-09T14:33:57.521331+00:00,recovery_scenario,icmp,,5,,ryu_controller,549433,0.0,60395520,30199,776,30975,6,59.4804
2026-05-09T14:33:57.624222+00:00,recovery_scenario,icmp,,5,,twin_core,549445,0.0,26492928,17558,1044,18602,6,58.3128
2026-05-09T14:33:57.624222+00:00,recovery_scenario,icmp,,5,,ryu_controller,549433,19.4,60395520,30243,776,31019,44,427.5727
2026-05-09T14:33:57.726142+00:00,recovery_scenario,icmp,,5,,twin_core,549445,0.0,26492928,17559,1044,18603,1,9.7859
2026-05-09T14:33:57.726142+00:00,recovery_scenario,icmp,,5,,ryu_controller,549433,19.6,60395520,30277,776,31053,34,332.6481
2026-05-09T14:33:57.827073+00:00,recovery_scenario,icmp,,5,,twin_core,549445,0.0,26492928,17566,1044,18610,7,69.413
2026-05-09T14:33:57.827073+00:00,recovery_scenario,icmp,,5,,ryu_controller,549433,0.0,60395520,30280,776,31056,3,29.6961
2026-05-09T14:33:57.928067+00:00,recovery_scenario,icmp,,5,,twin_core,549445,0.0,26492928,17570,1044,18614,4,39.662
2026-05-09T14:33:57.928067+00:00,recovery_scenario,icmp,,5,,ryu_controller,549433,0.0,60395520,30286,776,31062,6,59.676
2026-05-09T14:33:58.028661+00:00,recovery_scenario,icmp,,5,,twin_core,549445,0.0,26492928,17576,1044,18620,6,59.627
2026-05-09T14:33:58.028661+00:00,recovery_scenario,icmp,,5,,ryu_controller,549433,68.6,60465152,30342,777,31119,57,542.6963
2026-05-09T14:33:58.135010+00:00,recovery_scenario,icmp,,5,,twin_core,549445,9.4,26492928,17579,1044,18623,3,28.2125
2026-05-09T14:33:58.135010+00:00,recovery_scenario,icmp,,5,,ryu_controller,549433,38.1,60469248,30346,777,31123,4,39.2309
2026-05-09T14:33:58.191334+00:00,recovery_scenario,icmp,,5,pingall_completed,,,,,,,,,
2026-05-09T14:33:58.235594+00:00,recovery_scenario,icmp,,5,,twin_core,549445,0.0,26492928,17589,1044,18633,10,99.4854
2026-05-09T14:33:58.235594+00:00,recovery_scenario,icmp,,5,,ryu_controller,549433,19.9,60469248,30364,782,31146,23,228.829
2026-05-09T14:33:58.338270+00:00,recovery_scenario,icmp,,5,,twin_core,549445,0.0,26492928,17589,1044,18633,0,0.0
2026-05-09T14:33:58.338270+00:00,recovery_scenario,icmp,,5,,ryu_controller,549433,0.0,60469248,30367,782,31149,3,29.2045
2026-05-09T14:33:58.440547+00:00,recovery_scenario,icmp,,5,,twin_core,549445,0.0,26492928,17589,1044,18633,0,0.0
2026-05-09T14:33:58.440547+00:00,recovery_scenario,icmp,,5,,ryu_controller,549433,0.0,60469248,30371,782,31153,4,39.0766
2026-05-09T14:33:58.545823+00:00,recovery_scenario,icmp,,5,,twin_core,549445,0.0,26492928,17589,1044,18633,0,0.0
2026-05-09T14:33:58.545823+00:00,recovery_scenario,icmp,,5,,ryu_controller,549433,0.0,60469248,30375,782,31157,4,37.8334
2026-05-09T14:33:58.647252+00:00,recovery_scenario,icmp,,5,,twin_core,549445,0.0,26492928,17589,1044,18633,0,0.0
2026-05-09T14:33:58.647252+00:00,recovery_scenario,icmp,,5,,ryu_controller,549433,29.7,60469248,30394,782,31176,19,188.6029
2026-05-09T14:33:58.751911+00:00,recovery_scenario,icmp,,5,,twin_core,549445,9.6,26529792,17589,1044,18633,0,0.0
2026-05-09T14:33:58.751911+00:00,recovery_scenario,icmp,,5,,ryu_controller,549433,47.7,60477440,30430,782,31212,36,343.4655
2026-05-09T14:33:58.852483+00:00,recovery_scenario,icmp,,5,,twin_core,549445,0.0,26529792,17589,1044,18633,0,0.0
2026-05-09T14:33:58.852483+00:00,recovery_scenario,icmp,,5,,ryu_controller,549433,0.0,60477440,30434,782,31216,4,39.7794
2026-05-09T14:33:58.957632+00:00,recovery_scenario,icmp,,5,,twin_core,549445,0.0,26529792,17589,1044,18633,0,0.0
2026-05-09T14:33:58.957632+00:00,recovery_scenario,icmp,,5,,ryu_controller,549433,0.0,60477440,30438,782,31220,4,38.018
2026-05-09T14:33:59.058363+00:00,recovery_scenario,icmp,,5,,twin_core,549445,0.0,26529792,17589,1044,18633,0,0.0
2026-05-09T14:33:59.058363+00:00,recovery_scenario,icmp,,5,,ryu_controller,549433,0.0,60477440,30460,782,31242,22,218.3562
2026-05-09T14:33:59.159558+00:00,recovery_scenario,icmp,,5,,twin_core,549445,0.0,26529792,17589,1044,18633,0,0.0
2026-05-09T14:33:59.159558+00:00,recovery_scenario,icmp,,5,,ryu_controller,549433,9.9,60477440,30464,782,31246,4,39.5354
2026-05-09T14:33:59.201691+00:00,recovery_scenario,icmp,,5,background_traffic_started,,,,,,,,,
2026-05-09T14:33:59.260157+00:00,recovery_scenario,icmp,,5,,twin_core,549445,9.9,26529792,17620,1044,18664,31,308.4945
2026-05-09T14:33:59.260157+00:00,recovery_scenario,icmp,,5,,ryu_controller,549433,0.0,60477440,30467,782,31249,3,29.8725
2026-05-09T14:33:59.331747+00:00,recovery_scenario,icmp,,5,fault_injected,,,,,,,,,
2026-05-09T14:33:59.360572+00:00,recovery_scenario,icmp,,5,,twin_core,549445,10.0,26529792,17677,1044,18721,57,567.5139
2026-05-09T14:33:59.360572+00:00,recovery_scenario,icmp,,5,,ryu_controller,549433,0.0,60477440,30470,782,31252,3,29.8563
2026-05-09T14:33:59.461197+00:00,recovery_scenario,icmp,,5,,twin_core,549445,9.9,26529792,17735,1045,18780,59,586.5186
2026-05-09T14:33:59.461197+00:00,recovery_scenario,icmp,,5,,ryu_controller,549433,19.9,60477440,30479,785,31264,12,119.3408
2026-05-09T14:33:59.561614+00:00,recovery_scenario,icmp,,5,,twin_core,549445,0.0,26529792,17799,1045,18844,64,637.3902
2026-05-09T14:33:59.561614+00:00,recovery_scenario,icmp,,5,,ryu_controller,549433,0.0,60477440,30483,785,31268,4,39.8373
2026-05-09T14:33:59.662020+00:00,recovery_scenario,icmp,,5,,twin_core,549445,0.0,26533888,17805,1045,18850,6,59.7025
2026-05-09T14:33:59.662020+00:00,recovery_scenario,icmp,,5,,ryu_controller,549433,0.0,60477440,30497,785,31282,14,139.2576
2026-05-09T14:33:59.763524+00:00,recovery_scenario,icmp,,5,,twin_core,549445,9.9,26533888,17805,1045,18850,0,0.0
2026-05-09T14:33:59.763524+00:00,recovery_scenario,icmp,,5,,ryu_controller,549433,9.9,60477440,30517,785,31302,20,197.1098
2026-05-09T14:33:59.864030+00:00,recovery_scenario,icmp,,5,,twin_core,549445,0.0,26533888,17805,1045,18850,0,0.0
2026-05-09T14:33:59.864030+00:00,recovery_scenario,icmp,,5,,ryu_controller,549433,0.0,60477440,30521,785,31306,4,39.8075
2026-05-09T14:33:59.964530+00:00,recovery_scenario,icmp,,5,,twin_core,549445,0.0,26533888,17805,1045,18850,0,0.0
2026-05-09T14:33:59.964530+00:00,recovery_scenario,icmp,,5,,ryu_controller,549433,0.0,60477440,30525,785,31310,4,39.7823
2026-05-09T14:34:00.065136+00:00,recovery_scenario,icmp,,5,,twin_core,549445,0.0,26533888,17805,1045,18850,0,0.0
2026-05-09T14:34:00.065136+00:00,recovery_scenario,icmp,,5,,ryu_controller,549433,9.9,60477440,30530,785,31315,5,49.7
2026-05-09T14:34:00.166090+00:00,recovery_scenario,icmp,,5,,twin_core,549445,0.0,26533888,17806,1045,18851,1,9.9038
2026-05-09T14:34:00.166090+00:00,recovery_scenario,icmp,,5,,ryu_controller,549433,39.6,60477440,30582,785,31367,52,515.2152
2026-05-09T14:34:00.266591+00:00,recovery_scenario,icmp,,5,,twin_core,549445,0.0,26533888,17806,1045,18851,0,0.0
2026-05-09T14:34:00.266591+00:00,recovery_scenario,icmp,,5,,ryu_controller,549433,10.0,60477440,30592,785,31377,10,99.5441
2026-05-09T14:34:00.367049+00:00,recovery_scenario,icmp,,5,,twin_core,549445,0.0,26533888,17806,1045,18851,0,0.0
2026-05-09T14:34:00.367049+00:00,recovery_scenario,icmp,,5,,ryu_controller,549433,0.0,60477440,30595,785,31380,3,29.3055
2026-05-09T14:34:00.469435+00:00,recovery_scenario,icmp,,5,,twin_core,549445,0.0,26533888,17806,1045,18851,0,0.0
2026-05-09T14:34:00.469435+00:00,recovery_scenario,icmp,,5,,ryu_controller,549433,0.0,60477440,30598,785,31383,3,29.8462
2026-05-09T14:34:00.575720+00:00,recovery_scenario,icmp,,5,recovery_requested,,,,,,,,,
2026-05-09T14:34:00.573485+00:00,recovery_scenario,icmp,,5,,twin_core,549445,0.0,26533888,17808,1045,18853,2,18.8255
2026-05-09T14:34:00.573485+00:00,recovery_scenario,icmp,,5,,ryu_controller,549433,0.0,60477440,30601,785,31386,3,28.0581
2026-05-09T14:34:00.676919+00:00,recovery_scenario,icmp,,5,,twin_core,549445,9.7,26533888,17860,1045,18905,52,513.9257
2026-05-09T14:34:00.676919+00:00,recovery_scenario,icmp,,5,,ryu_controller,549433,29.8,60477440,30629,787,31416,30,298.5136
2026-05-09T14:34:00.777334+00:00,recovery_scenario,icmp,,5,,twin_core,549445,19.9,26533888,17915,1046,18961,56,557.1486
2026-05-09T14:34:00.777334+00:00,recovery_scenario,icmp,,5,,ryu_controller,549433,59.7,60477440,30687,794,31481,65,645.9564
2026-05-09T14:34:00.881096+00:00,recovery_scenario,icmp,,5,,twin_core,549445,0.0,26533888,17953,1048,19001,40,385.1462
2026-05-09T14:34:00.881096+00:00,recovery_scenario,icmp,,5,,ryu_controller,549433,19.3,60477440,30705,797,31502,21,202.4412
2026-05-09T14:34:00.985260+00:00,recovery_scenario,icmp,,5,,twin_core,549445,0.0,26533888,17953,1048,19001,0,0.0
2026-05-09T14:34:00.985260+00:00,recovery_scenario,icmp,,5,,ryu_controller,549433,0.0,60477440,30734,797,31531,29,278.5745
2026-05-09T14:34:01.085895+00:00,recovery_scenario,icmp,,5,,twin_core,549445,0.0,26533888,17953,1048,19001,0,0.0
2026-05-09T14:34:01.085895+00:00,recovery_scenario,icmp,,5,,ryu_controller,549433,9.9,60477440,30752,797,31549,18,178.401
2026-05-09T14:34:01.187068+00:00,recovery_scenario,icmp,,5,,twin_core,549445,0.0,26533888,17953,1048,19001,0,0.0
2026-05-09T14:34:01.187068+00:00,recovery_scenario,icmp,,5,,ryu_controller,549433,0.0,60477440,30768,797,31565,16,158.2048
2026-05-09T14:34:01.287863+00:00,recovery_scenario,icmp,,5,,twin_core,549445,0.0,26533888,17953,1048,19001,0,0.0
2026-05-09T14:34:01.287863+00:00,recovery_scenario,icmp,,5,,ryu_controller,549433,9.9,60477440,30788,797,31585,20,198.8375
2026-05-09T14:34:01.391677+00:00,recovery_scenario,icmp,,5,,twin_core,549445,9.6,26533888,17954,1048,19002,1,9.6346
2026-05-09T14:34:01.391677+00:00,recovery_scenario,icmp,,5,,ryu_controller,549433,9.6,60477440,30815,797,31612,27,260.3775
2026-05-09T14:34:01.494204+00:00,recovery_scenario,icmp,,5,,twin_core,549445,0.0,26533888,17954,1048,19002,0,0.0
2026-05-09T14:34:01.494204+00:00,recovery_scenario,icmp,,5,,ryu_controller,549433,0.0,60477440,30835,797,31632,20,195.0311
2026-05-09T14:34:01.595474+00:00,recovery_scenario,icmp,,5,,twin_core,549445,0.0,26533888,17954,1048,19002,0,0.0
2026-05-09T14:34:01.595474+00:00,recovery_scenario,icmp,,5,,ryu_controller,549433,9.9,60477440,30852,797,31649,17,167.6796
2026-05-09T14:34:01.699326+00:00,recovery_scenario,icmp,,5,,twin_core,549445,0.0,26533888,17954,1048,19002,0,0.0
2026-05-09T14:34:01.699326+00:00,recovery_scenario,icmp,,5,,ryu_controller,549433,0.0,60477440,30876,797,31673,24,231.1149
2026-05-09T14:34:01.799910+00:00,recovery_scenario,icmp,,5,,twin_core,549445,0.0,26533888,17954,1048,19002,0,0.0
2026-05-09T14:34:01.799910+00:00,recovery_scenario,icmp,,5,,ryu_controller,549433,9.9,60477440,30918,797,31715,42,417.9256
2026-05-09T14:34:01.905092+00:00,recovery_scenario,icmp,,5,,twin_core,549445,0.0,26533888,17955,1048,19003,1,9.494
2026-05-09T14:34:01.905092+00:00,recovery_scenario,icmp,,5,,ryu_controller,549433,0.0,60477440,30924,797,31721,6,56.9502
2026-05-09T14:34:02.008452+00:00,recovery_scenario,icmp,,5,,twin_core,549445,0.0,26533888,17955,1048,19003,0,0.0
2026-05-09T14:34:02.008452+00:00,recovery_scenario,icmp,,5,,ryu_controller,549433,9.7,60477440,30936,797,31733,12,116.1708
2026-05-09T14:34:02.109080+00:00,recovery_scenario,icmp,,5,,twin_core,549445,0.0,26533888,17955,1048,19003,0,0.0
2026-05-09T14:34:02.109080+00:00,recovery_scenario,icmp,,5,,ryu_controller,549433,0.0,60477440,30948,797,31745,12,118.8218
2026-05-09T14:34:02.210146+00:00,recovery_scenario,icmp,,5,,twin_core,549445,0.0,26533888,17955,1048,19003,0,0.0
2026-05-09T14:34:02.210146+00:00,recovery_scenario,icmp,,5,,ryu_controller,549433,59.5,60477440,31009,797,31806,61,605.2193
2026-05-09T14:34:02.310878+00:00,recovery_scenario,icmp,,5,,twin_core,549445,0.0,26533888,17955,1048,19003,0,0.0
2026-05-09T14:34:02.310878+00:00,recovery_scenario,icmp,,5,,ryu_controller,549433,0.0,60477440,31026,797,31823,17,169.0704
2026-05-09T14:34:02.349251+00:00,recovery_scenario,icmp,,5,scenario_teardown,,,,,,,,,
2026-05-09T14:34:02.411403+00:00,recovery_scenario,icmp,,5,,twin_core,549445,0.0,26533888,17972,1048,19020,17,169.1322
2026-05-09T14:34:02.411403+00:00,recovery_scenario,icmp,,5,,ryu_controller,549433,10.0,60477440,31038,798,31836,13,129.3705
2026-05-09T14:34:02.511915+00:00,recovery_scenario,icmp,,5,,twin_core,549445,0.0,26533888,17995,1055,19050,30,298.555
2026-05-09T14:34:02.511915+00:00,recovery_scenario,icmp,,5,,ryu_controller,549433,19.9,60477440,31050,808,31858,22,218.8946
2026-05-09T14:34:02.612371+00:00,recovery_scenario,icmp,,5,,twin_core,549445,10.0,26533888,18011,1055,19066,16,159.1448
2026-05-09T14:34:02.612371+00:00,recovery_scenario,icmp,,5,,ryu_controller,549433,9.9,60477440,31072,808,31880,22,218.6835
2026-05-09T14:34:02.713031+00:00,recovery_scenario,icmp,,5,,twin_core,549445,0.0,26533888,18011,1055,19066,0,0.0
2026-05-09T14:34:02.713031+00:00,recovery_scenario,icmp,,5,,ryu_controller,549433,0.0,60477440,31109,808,31917,37,367.7208
2026-05-09T14:34:03.178741+00:00,recovery_scenario,icmp,,6,,twin_core,549445,0.0,26533888,18410,1123,19533,0,0.0
2026-05-09T14:34:03.178741+00:00,recovery_scenario,icmp,,6,,ryu_controller,549433,0.0,60477440,31172,809,31981,0,0.0
2026-05-09T14:34:03.280381+00:00,recovery_scenario,icmp,,6,,twin_core,549445,0.0,26533888,18464,1127,19591,58,577.0257
2026-05-09T14:34:03.280381+00:00,recovery_scenario,icmp,,6,,ryu_controller,549433,39.8,60477440,31203,820,32023,42,418.2516
2026-05-09T14:34:03.380910+00:00,recovery_scenario,icmp,,6,,twin_core,549445,9.9,26533888,18568,1128,19696,105,1044.5831
2026-05-09T14:34:03.380910+00:00,recovery_scenario,icmp,,6,,ryu_controller,549433,19.9,60477440,31221,820,32041,18,178.6751
2026-05-09T14:34:03.425447+00:00,recovery_scenario,icmp,,6,service_started,,,,,,,,,
2026-05-09T14:34:03.481593+00:00,recovery_scenario,icmp,,6,,twin_core,549445,19.9,26533888,18617,1128,19745,49,486.4281
2026-05-09T14:34:03.481593+00:00,recovery_scenario,icmp,,6,,ryu_controller,549433,39.7,60477440,31283,821,32104,63,626.8143
2026-05-09T14:34:03.582051+00:00,recovery_scenario,icmp,,6,,twin_core,549445,0.0,26533888,18618,1128,19746,1,9.9521
2026-05-09T14:34:03.582051+00:00,recovery_scenario,icmp,,6,,ryu_controller,549433,10.0,60477440,31305,821,32126,22,218.953
2026-05-09T14:34:03.682532+00:00,recovery_scenario,icmp,,6,,twin_core,549445,0.0,26533888,18618,1128,19746,0,0.0
2026-05-09T14:34:03.682532+00:00,recovery_scenario,icmp,,6,,ryu_controller,549433,29.9,60477440,31348,821,32169,43,428.1901
2026-05-09T14:34:03.782956+00:00,recovery_scenario,icmp,,6,,twin_core,549445,0.0,26533888,18618,1128,19746,0,0.0
2026-05-09T14:34:03.782956+00:00,recovery_scenario,icmp,,6,,ryu_controller,549433,10.0,60477440,31375,821,32196,27,268.7771
2026-05-09T14:34:03.883417+00:00,recovery_scenario,icmp,,6,,twin_core,549445,0.0,26533888,18618,1128,19746,0,0.0
2026-05-09T14:34:03.883417+00:00,recovery_scenario,icmp,,6,,ryu_controller,549433,19.9,60477440,31398,821,32219,23,229.046
2026-05-09T14:34:03.984680+00:00,recovery_scenario,icmp,,6,,twin_core,549445,0.0,26533888,18618,1128,19746,0,0.0
2026-05-09T14:34:03.984680+00:00,recovery_scenario,icmp,,6,,ryu_controller,549433,9.9,60477440,31418,821,32239,20,197.3477
2026-05-09T14:34:04.085156+00:00,recovery_scenario,icmp,,6,,twin_core,549445,0.0,26533888,18618,1128,19746,0,0.0
2026-05-09T14:34:04.085156+00:00,recovery_scenario,icmp,,6,,ryu_controller,549433,19.9,60477440,31452,821,32273,34,338.6074
2026-05-09T14:34:04.185630+00:00,recovery_scenario,icmp,,6,,twin_core,549445,0.0,26533888,18618,1128,19746,0,0.0
2026-05-09T14:34:04.185630+00:00,recovery_scenario,icmp,,6,,ryu_controller,549433,10.0,60477440,31470,821,32291,18,179.1793
2026-05-09T14:34:04.286068+00:00,recovery_scenario,icmp,,6,,twin_core,549445,0.0,26533888,18618,1128,19746,0,0.0
2026-05-09T14:34:04.286068+00:00,recovery_scenario,icmp,,6,,ryu_controller,549433,59.7,60477440,31532,821,32353,62,617.2474
2026-05-09T14:34:04.386473+00:00,recovery_scenario,icmp,,6,,twin_core,549445,0.0,26533888,18618,1128,19746,0,0.0
2026-05-09T14:34:04.386473+00:00,recovery_scenario,icmp,,6,,ryu_controller,549433,19.9,60477440,31554,823,32377,24,239.1008
2026-05-09T14:34:04.488247+00:00,recovery_scenario,icmp,,6,,twin_core,549445,0.0,26533888,18618,1128,19746,0,0.0
2026-05-09T14:34:04.488247+00:00,recovery_scenario,icmp,,6,,ryu_controller,549433,9.8,60477440,31594,823,32417,40,392.4721
2026-05-09T14:34:04.591704+00:00,recovery_scenario,icmp,,6,,twin_core,549445,0.0,26533888,18618,1128,19746,0,0.0
2026-05-09T14:34:04.591704+00:00,recovery_scenario,icmp,,6,,ryu_controller,549433,19.4,60477440,31620,823,32443,26,251.6349
2026-05-09T14:34:04.692146+00:00,recovery_scenario,icmp,,6,,twin_core,549445,0.0,26533888,18618,1128,19746,0,0.0
2026-05-09T14:34:04.692146+00:00,recovery_scenario,icmp,,6,,ryu_controller,549433,19.9,60477440,31644,823,32467,24,238.9469
2026-05-09T14:34:04.794544+00:00,recovery_scenario,icmp,,6,,twin_core,549445,0.0,26533888,18618,1128,19746,0,0.0
2026-05-09T14:34:04.794544+00:00,recovery_scenario,icmp,,6,,ryu_controller,549433,19.5,60477440,31665,823,32488,21,204.9071
2026-05-09T14:34:04.895051+00:00,recovery_scenario,icmp,,6,,twin_core,549445,0.0,26533888,18618,1128,19746,0,0.0
2026-05-09T14:34:04.895051+00:00,recovery_scenario,icmp,,6,,ryu_controller,549433,9.9,60477440,31681,823,32504,16,159.1294
2026-05-09T14:34:04.995583+00:00,recovery_scenario,icmp,,6,,twin_core,549445,0.0,26533888,18618,1128,19746,0,0.0
2026-05-09T14:34:04.995583+00:00,recovery_scenario,icmp,,6,,ryu_controller,549433,19.9,60477440,31711,823,32534,30,298.6913
2026-05-09T14:34:05.096212+00:00,recovery_scenario,icmp,,6,,twin_core,549445,9.9,26533888,18618,1128,19746,0,0.0
2026-05-09T14:34:05.096212+00:00,recovery_scenario,icmp,,6,,ryu_controller,549433,9.9,60477440,31748,823,32571,37,367.5855
2026-05-09T14:34:05.200681+00:00,recovery_scenario,icmp,,6,,twin_core,549445,0.0,26533888,18618,1128,19746,0,0.0
2026-05-09T14:34:05.200681+00:00,recovery_scenario,icmp,,6,,ryu_controller,549433,9.6,60477440,31774,823,32597,26,248.7999
2026-05-09T14:34:05.305135+00:00,recovery_scenario,icmp,,6,,twin_core,549445,0.0,26533888,18618,1128,19746,0,0.0
2026-05-09T14:34:05.305135+00:00,recovery_scenario,icmp,,6,,ryu_controller,549433,19.2,60477440,31813,823,32636,39,373.5106
2026-05-09T14:34:05.406463+00:00,recovery_scenario,icmp,,6,,twin_core,549445,0.0,26533888,18618,1128,19746,0,0.0
2026-05-09T14:34:05.406463+00:00,recovery_scenario,icmp,,6,,ryu_controller,549433,9.9,60477440,31842,823,32665,29,286.047
2026-05-09T14:34:05.507070+00:00,recovery_scenario,icmp,,6,,twin_core,549445,9.9,26533888,18618,1128,19746,0,0.0
2026-05-09T14:34:05.507070+00:00,recovery_scenario,icmp,,6,,ryu_controller,549433,29.8,60477440,31877,823,32700,35,347.7035
2026-05-09T14:34:05.608086+00:00,recovery_scenario,icmp,,6,,twin_core,549445,19.4,26533888,18621,1128,19749,3,27.5445
2026-05-09T14:34:05.608086+00:00,recovery_scenario,icmp,,6,,ryu_controller,549433,72.0,60477440,31901,824,32725,25,223.3934
2026-05-09T14:34:05.720255+00:00,recovery_scenario,icmp,,6,,twin_core,549445,9.1,26533888,18627,1128,19755,6,57.5282
2026-05-09T14:34:05.720255+00:00,recovery_scenario,icmp,,6,,ryu_controller,549433,29.4,60477440,31921,824,32745,20,197.479
2026-05-09T14:34:05.820837+00:00,recovery_scenario,icmp,,6,,twin_core,549445,0.0,26533888,18630,1128,19758,3,29.856
2026-05-09T14:34:05.820837+00:00,recovery_scenario,icmp,,6,,ryu_controller,549433,9.9,60477440,31946,824,32770,25,248.4693
2026-05-09T14:34:05.921440+00:00,recovery_scenario,icmp,,6,,twin_core,549445,0.0,26533888,18633,1128,19761,3,29.8269
2026-05-09T14:34:05.921440+00:00,recovery_scenario,icmp,,6,,ryu_controller,549433,10.0,60477440,31961,824,32785,15,149.2815
2026-05-09T14:34:06.021949+00:00,recovery_scenario,icmp,,6,,twin_core,549445,0.0,26533888,18636,1128,19764,3,29.7971
2026-05-09T14:34:06.021949+00:00,recovery_scenario,icmp,,6,,ryu_controller,549433,9.9,60477440,31971,824,32795,10,99.3396
2026-05-09T14:34:06.122643+00:00,recovery_scenario,icmp,,6,,twin_core,549445,0.0,26533888,18636,1128,19764,0,0.0
2026-05-09T14:34:06.122643+00:00,recovery_scenario,icmp,,6,,ryu_controller,549433,9.9,60477440,31989,824,32813,18,178.9973
2026-05-09T14:34:06.223928+00:00,recovery_scenario,icmp,,6,,twin_core,549445,0.0,26533888,18639,1128,19767,3,29.6019
2026-05-09T14:34:06.223928+00:00,recovery_scenario,icmp,,6,,ryu_controller,549433,19.7,60477440,32001,824,32825,12,118.4336
2026-05-09T14:34:06.325028+00:00,recovery_scenario,icmp,,6,,twin_core,549445,0.0,26533888,18645,1128,19773,6,59.3425
2026-05-09T14:34:06.325028+00:00,recovery_scenario,icmp,,6,,ryu_controller,549433,49.5,60477440,32052,824,32876,51,504.4045
2026-05-09T14:34:06.426274+00:00,recovery_scenario,icmp,,6,,twin_core,549445,9.9,26533888,18651,1128,19779,6,59.3149
2026-05-09T14:34:06.426274+00:00,recovery_scenario,icmp,,6,,ryu_controller,549433,9.9,60477440,32070,825,32895,19,187.8495
2026-05-09T14:34:06.526745+00:00,recovery_scenario,icmp,,6,,twin_core,549445,0.0,26533888,18654,1128,19782,3,29.851
2026-05-09T14:34:06.526745+00:00,recovery_scenario,icmp,,6,,ryu_controller,549433,9.9,60477440,32084,825,32909,14,139.2462
2026-05-09T14:34:06.627299+00:00,recovery_scenario,icmp,,6,,twin_core,549445,9.9,26533888,18657,1128,19785,3,29.8421
2026-05-09T14:34:06.627299+00:00,recovery_scenario,icmp,,6,,ryu_controller,549433,9.9,60477440,32099,825,32924,15,149.2674
2026-05-09T14:34:06.738475+00:00,recovery_scenario,icmp,,6,,twin_core,549445,0.0,26533888,18661,1128,19789,4,35.9639
2026-05-09T14:34:06.738475+00:00,recovery_scenario,icmp,,6,,ryu_controller,549433,9.0,60477440,32115,825,32940,16,143.7193
2026-05-09T14:34:06.841874+00:00,recovery_scenario,icmp,,6,,twin_core,549445,0.0,26533888,18672,1128,19800,11,106.3418
2026-05-09T14:34:06.841874+00:00,recovery_scenario,icmp,,6,,ryu_controller,549433,19.3,60477440,32131,825,32956,16,154.7674
2026-05-09T14:34:06.942944+00:00,recovery_scenario,icmp,,6,,twin_core,549445,0.0,26533888,18675,1128,19803,3,29.6853
2026-05-09T14:34:06.942944+00:00,recovery_scenario,icmp,,6,,ryu_controller,549433,9.9,60477440,32145,825,32970,14,138.3943
2026-05-09T14:34:07.043920+00:00,recovery_scenario,icmp,,6,,twin_core,549445,0.0,26533888,18678,1128,19806,3,29.6658
2026-05-09T14:34:07.043920+00:00,recovery_scenario,icmp,,6,,ryu_controller,549433,0.0,60477440,32159,825,32984,14,138.6252
2026-05-09T14:34:07.144611+00:00,recovery_scenario,icmp,,6,,twin_core,549445,0.0,26533888,18681,1128,19809,3,29.8675
2026-05-09T14:34:07.144611+00:00,recovery_scenario,icmp,,6,,ryu_controller,549433,10.0,60477440,32171,825,32996,12,119.4971
2026-05-09T14:34:07.245038+00:00,recovery_scenario,icmp,,6,,twin_core,549445,0.0,26533888,18683,1128,19811,2,19.8979
2026-05-09T14:34:07.245038+00:00,recovery_scenario,icmp,,6,,ryu_controller,549433,9.9,60477440,32182,825,33007,11,109.3879
2026-05-09T14:34:07.345601+00:00,recovery_scenario,icmp,,6,,twin_core,549445,0.0,26533888,18692,1128,19820,9,89.5858
2026-05-09T14:34:07.345601+00:00,recovery_scenario,icmp,,6,,ryu_controller,549433,10.0,60477440,32213,825,33038,31,308.6784
2026-05-09T14:34:07.446033+00:00,recovery_scenario,icmp,,6,,twin_core,549445,0.0,26533888,18698,1128,19826,6,59.7041
2026-05-09T14:34:07.446033+00:00,recovery_scenario,icmp,,6,,ryu_controller,549433,10.0,60477440,32235,825,33060,22,218.8943
2026-05-09T14:34:07.546542+00:00,recovery_scenario,icmp,,6,,twin_core,549445,0.0,26533888,18701,1128,19829,3,29.8428
2026-05-09T14:34:07.546542+00:00,recovery_scenario,icmp,,6,,ryu_controller,549433,9.9,60477440,32251,825,33076,16,159.1604
2026-05-09T14:34:07.647226+00:00,recovery_scenario,icmp,,6,,twin_core,549445,19.9,26533888,18705,1128,19833,4,39.7493
2026-05-09T14:34:07.647226+00:00,recovery_scenario,icmp,,6,,ryu_controller,549433,39.8,60477440,32290,825,33115,39,387.6043
2026-05-09T14:34:07.747691+00:00,recovery_scenario,icmp,,6,,twin_core,549445,0.0,26583040,18717,1128,19845,12,119.4339
2026-05-09T14:34:07.747691+00:00,recovery_scenario,icmp,,6,,ryu_controller,549433,39.8,60477440,32312,825,33137,22,218.9648
2026-05-09T14:34:07.848287+00:00,recovery_scenario,icmp,,6,,twin_core,549445,0.0,26583040,18724,1128,19852,7,69.5413
2026-05-09T14:34:07.848287+00:00,recovery_scenario,icmp,,6,,ryu_controller,549433,9.9,60477440,32334,825,33159,22,218.5511
2026-05-09T14:34:07.951041+00:00,recovery_scenario,icmp,,6,,twin_core,549445,0.0,26583040,18724,1128,19852,0,0.0
2026-05-09T14:34:07.951041+00:00,recovery_scenario,icmp,,6,,ryu_controller,549433,9.7,60477440,32347,825,33172,13,126.5347
2026-05-09T14:34:08.051541+00:00,recovery_scenario,icmp,,6,,twin_core,549445,0.0,26583040,18727,1128,19855,3,29.8716
2026-05-09T14:34:08.051541+00:00,recovery_scenario,icmp,,6,,ryu_controller,549433,10.0,60477440,32362,825,33187,15,149.3885
2026-05-09T14:34:08.157410+00:00,recovery_scenario,icmp,,6,,twin_core,549445,9.4,26583040,18734,1128,19862,7,65.7544
2026-05-09T14:34:08.157410+00:00,recovery_scenario,icmp,,6,,ryu_controller,549433,0.0,60477440,32366,825,33191,4,37.5366
2026-05-09T14:34:08.275179+00:00,recovery_scenario,icmp,,6,,twin_core,549445,8.5,26583040,18746,1128,19874,12,102.4047
2026-05-09T14:34:08.275179+00:00,recovery_scenario,icmp,,6,,ryu_controller,549433,8.5,60477440,32389,825,33214,23,196.4428
2026-05-09T14:34:08.375604+00:00,recovery_scenario,icmp,,6,,twin_core,549445,0.0,26583040,18746,1128,19874,0,0.0
2026-05-09T14:34:08.375604+00:00,recovery_scenario,icmp,,6,,ryu_controller,549433,69.7,60477440,32439,826,33265,51,507.6648
2026-05-09T14:34:08.476256+00:00,recovery_scenario,icmp,,6,,twin_core,549445,0.0,26583040,18749,1128,19877,3,29.7957
2026-05-09T14:34:08.476256+00:00,recovery_scenario,icmp,,6,,ryu_controller,549433,29.8,60477440,32463,826,33289,24,238.3739
2026-05-09T14:34:08.576769+00:00,recovery_scenario,icmp,,6,,twin_core,549445,0.0,26583040,18755,1128,19883,6,59.663
2026-05-09T14:34:08.576769+00:00,recovery_scenario,icmp,,6,,ryu_controller,549433,9.9,60477440,32473,826,33299,10,99.1934
2026-05-09T14:34:08.677637+00:00,recovery_scenario,icmp,,6,,twin_core,549445,0.0,26583040,18767,1128,19895,12,118.9363
2026-05-09T14:34:08.677637+00:00,recovery_scenario,icmp,,6,,ryu_controller,549433,9.9,60477440,32506,826,33332,33,327.2384
2026-05-09T14:34:08.779234+00:00,recovery_scenario,icmp,,6,,twin_core,549445,0.0,26583040,18767,1128,19895,0,0.0
2026-05-09T14:34:08.779234+00:00,recovery_scenario,icmp,,6,,ryu_controller,549433,0.0,60477440,32518,826,33344,12,118.4086
2026-05-09T14:34:08.883200+00:00,recovery_scenario,icmp,,6,,twin_core,549445,9.6,26583040,18770,1128,19898,3,28.8587
2026-05-09T14:34:08.883200+00:00,recovery_scenario,icmp,,6,,ryu_controller,549433,0.0,60477440,32521,826,33347,3,28.8575
2026-05-09T14:34:08.983738+00:00,recovery_scenario,icmp,,6,,twin_core,549445,0.0,26583040,18776,1128,19904,6,59.6956
2026-05-09T14:34:08.983738+00:00,recovery_scenario,icmp,,6,,ryu_controller,549433,29.9,60477440,32547,826,33373,26,258.7231
2026-05-09T14:34:09.084213+00:00,recovery_scenario,icmp,,6,,twin_core,549445,0.0,26583040,18782,1128,19910,6,59.7092
2026-05-09T14:34:09.084213+00:00,recovery_scenario,icmp,,6,,ryu_controller,549433,0.0,60477440,32555,826,33381,8,79.612
2026-05-09T14:34:09.187339+00:00,recovery_scenario,icmp,,6,,twin_core,549445,9.7,26583040,18785,1128,19913,3,29.0867
2026-05-09T14:34:09.187339+00:00,recovery_scenario,icmp,,6,,ryu_controller,549433,9.7,60477440,32559,826,33385,4,38.7736
2026-05-09T14:34:09.287891+00:00,recovery_scenario,icmp,,6,,twin_core,549445,0.0,26583040,18788,1128,19916,3,29.8199
2026-05-09T14:34:09.287891+00:00,recovery_scenario,icmp,,6,,ryu_controller,549433,0.0,60477440,32569,826,33395,10,99.4054
2026-05-09T14:34:09.311781+00:00,recovery_scenario,icmp,,6,pingall_completed,,,,,,,,,
2026-05-09T14:34:09.393179+00:00,recovery_scenario,icmp,,6,,twin_core,549445,0.0,26583040,18798,1128,19926,10,95.0184
2026-05-09T14:34:09.393179+00:00,recovery_scenario,icmp,,6,,ryu_controller,549433,0.0,60477440,32596,826,33422,27,256.56
2026-05-09T14:34:09.497036+00:00,recovery_scenario,icmp,,6,,twin_core,549445,0.0,26583040,18798,1128,19926,0,0.0
2026-05-09T14:34:09.497036+00:00,recovery_scenario,icmp,,6,,ryu_controller,549433,9.6,60477440,32613,826,33439,17,163.6307
2026-05-09T14:34:09.602229+00:00,recovery_scenario,icmp,,6,,twin_core,549445,0.0,26583040,18798,1128,19926,0,0.0
2026-05-09T14:34:09.602229+00:00,recovery_scenario,icmp,,6,,ryu_controller,549433,0.0,60477440,32617,826,33443,4,38.0334
2026-05-09T14:34:09.702746+00:00,recovery_scenario,icmp,,6,,twin_core,549445,0.0,26583040,18798,1128,19926,0,0.0
2026-05-09T14:34:09.702746+00:00,recovery_scenario,icmp,,6,,ryu_controller,549433,29.9,60477440,32642,826,33468,25,249.0774
2026-05-09T14:34:09.805626+00:00,recovery_scenario,icmp,,6,,twin_core,549445,9.7,26615808,18798,1128,19926,0,0.0
2026-05-09T14:34:09.805626+00:00,recovery_scenario,icmp,,6,,ryu_controller,549433,77.6,60477440,32675,826,33501,33,320.2885
2026-05-09T14:34:09.908945+00:00,recovery_scenario,icmp,,6,,twin_core,549445,0.0,26615808,18798,1128,19926,0,0.0
2026-05-09T14:34:09.908945+00:00,recovery_scenario,icmp,,6,,ryu_controller,549433,0.0,60477440,32679,826,33505,4,38.5966
2026-05-09T14:34:10.009818+00:00,recovery_scenario,icmp,,6,,twin_core,549445,0.0,26615808,18798,1128,19926,0,0.0
2026-05-09T14:34:10.009818+00:00,recovery_scenario,icmp,,6,,ryu_controller,549433,0.0,60477440,32682,826,33508,3,29.8401
2026-05-09T14:34:10.110340+00:00,recovery_scenario,icmp,,6,,twin_core,549445,0.0,26615808,18798,1128,19926,0,0.0
2026-05-09T14:34:10.110340+00:00,recovery_scenario,icmp,,6,,ryu_controller,549433,0.0,60477440,32685,826,33511,3,29.8371
2026-05-09T14:34:10.215401+00:00,recovery_scenario,icmp,,6,,twin_core,549445,0.0,26615808,18798,1128,19926,0,0.0
2026-05-09T14:34:10.215401+00:00,recovery_scenario,icmp,,6,,ryu_controller,549433,0.0,60477440,32688,826,33514,3,28.487
2026-05-09T14:34:10.319219+00:00,recovery_scenario,icmp,,6,background_traffic_started,,,,,,,,,
2026-05-09T14:34:10.333545+00:00,recovery_scenario,icmp,,6,,twin_core,549445,16.9,26615808,18801,1129,19930,4,32.8535
2026-05-09T14:34:10.333545+00:00,recovery_scenario,icmp,,6,,ryu_controller,549433,0.0,60477440,32690,826,33516,2,16.4084
2026-05-09T14:34:10.438084+00:00,recovery_scenario,icmp,,6,,twin_core,549445,0.0,26615808,18843,1129,19972,42,417.0382
2026-05-09T14:34:10.438084+00:00,recovery_scenario,icmp,,6,,ryu_controller,549433,29.8,60477440,32716,829,33545,29,288.8082
2026-05-09T14:34:10.486305+00:00,recovery_scenario,icmp,,6,fault_injected,,,,,,,,,
2026-05-09T14:34:10.538606+00:00,recovery_scenario,icmp,,6,,twin_core,549445,10.0,26615808,18904,1134,20038,66,656.6555
2026-05-09T14:34:10.538606+00:00,recovery_scenario,icmp,,6,,ryu_controller,549433,49.7,60575744,32748,833,33581,36,358.1364
2026-05-09T14:34:10.639016+00:00,recovery_scenario,icmp,,6,,twin_core,549445,0.0,26615808,18964,1134,20098,60,597.1851
2026-05-09T14:34:10.639016+00:00,recovery_scenario,icmp,,6,,ryu_controller,549433,10.0,60575744,32769,836,33605,24,238.844
2026-05-09T14:34:10.739502+00:00,recovery_scenario,icmp,,6,,twin_core,549445,9.9,26615808,19018,1134,20152,54,536.9994
2026-05-09T14:34:10.739502+00:00,recovery_scenario,icmp,,6,,ryu_controller,549433,0.0,60575744,32797,836,33633,28,278.3706
2026-05-09T14:34:10.840606+00:00,recovery_scenario,icmp,,6,,twin_core,549445,0.0,26615808,19018,1134,20152,0,0.0
2026-05-09T14:34:10.840606+00:00,recovery_scenario,icmp,,6,,ryu_controller,549433,9.9,60575744,32826,836,33662,29,287.0056
2026-05-09T14:34:10.941150+00:00,recovery_scenario,icmp,,6,,twin_core,549445,0.0,26615808,19018,1134,20152,0,0.0
2026-05-09T14:34:10.941150+00:00,recovery_scenario,icmp,,6,,ryu_controller,549433,0.0,60575744,32849,836,33685,23,228.8868
2026-05-09T14:34:11.043883+00:00,recovery_scenario,icmp,,6,,twin_core,549445,0.0,26615808,19018,1134,20152,0,0.0
2026-05-09T14:34:11.043883+00:00,recovery_scenario,icmp,,6,,ryu_controller,549433,9.7,60575744,32868,836,33704,19,184.7959
2026-05-09T14:34:11.145309+00:00,recovery_scenario,icmp,,6,,twin_core,549445,0.0,26615808,19018,1134,20152,0,0.0
2026-05-09T14:34:11.145309+00:00,recovery_scenario,icmp,,6,,ryu_controller,549433,0.0,60575744,32881,836,33717,13,128.2452
2026-05-09T14:34:11.247179+00:00,recovery_scenario,icmp,,6,,twin_core,549445,0.0,26615808,19019,1134,20153,1,9.8165
2026-05-09T14:34:11.247179+00:00,recovery_scenario,icmp,,6,,ryu_controller,549433,0.0,60575744,32893,836,33729,12,117.7849
2026-05-09T14:34:11.348626+00:00,recovery_scenario,icmp,,6,,twin_core,549445,0.0,26615808,19019,1134,20153,0,0.0
2026-05-09T14:34:11.348626+00:00,recovery_scenario,icmp,,6,,ryu_controller,549433,9.9,60575744,32927,836,33763,34,335.1007
2026-05-09T14:34:11.453071+00:00,recovery_scenario,icmp,,6,,twin_core,549445,0.0,26615808,19019,1134,20153,0,0.0
2026-05-09T14:34:11.453071+00:00,recovery_scenario,icmp,,6,,ryu_controller,549433,0.0,60575744,32952,836,33788,25,239.22
2026-05-09T14:34:11.553638+00:00,recovery_scenario,icmp,,6,,twin_core,549445,0.0,26615808,19019,1134,20153,0,0.0
2026-05-09T14:34:11.553638+00:00,recovery_scenario,icmp,,6,,ryu_controller,549433,19.9,60575744,32975,836,33811,23,228.8873
2026-05-09T14:34:11.657644+00:00,recovery_scenario,icmp,,6,,twin_core,549445,9.6,26615808,19019,1134,20153,0,0.0
2026-05-09T14:34:11.657644+00:00,recovery_scenario,icmp,,6,,ryu_controller,549433,0.0,60575744,32989,836,33825,14,134.1345
2026-05-09T14:34:11.758556+00:00,recovery_scenario,icmp,,6,,twin_core,549445,0.0,26615808,19020,1134,20154,1,9.9098
2026-05-09T14:34:11.758556+00:00,recovery_scenario,icmp,,6,,ryu_controller,549433,0.0,60575744,33001,836,33837,12,118.4597
2026-05-09T14:34:11.859952+00:00,recovery_scenario,icmp,,6,,twin_core,549445,9.9,26615808,19020,1134,20154,0,0.0
2026-05-09T14:34:11.859952+00:00,recovery_scenario,icmp,,6,,ryu_controller,549433,59.4,60575744,33054,836,33890,53,526.9589
2026-05-09T14:34:11.960375+00:00,recovery_scenario,icmp,,6,,twin_core,549445,0.0,26615808,19020,1134,20154,0,0.0
2026-05-09T14:34:11.960375+00:00,recovery_scenario,icmp,,6,,ryu_controller,549433,0.0,60575744,33072,836,33908,18,179.0673
2026-05-09T14:34:12.060896+00:00,recovery_scenario,icmp,,6,,twin_core,549445,0.0,26615808,19020,1134,20154,0,0.0
2026-05-09T14:34:12.060896+00:00,recovery_scenario,icmp,,6,,ryu_controller,549433,9.9,60575744,33088,836,33924,16,159.1793
2026-05-09T14:34:12.161424+00:00,recovery_scenario,icmp,,6,,twin_core,549445,0.0,26615808,19020,1134,20154,0,0.0
2026-05-09T14:34:12.161424+00:00,recovery_scenario,icmp,,6,,ryu_controller,549433,0.0,60575744,33098,836,33934,10,99.4164
2026-05-09T14:34:12.236045+00:00,recovery_scenario,icmp,,6,recovery_requested,,,,,,,,,
2026-05-09T14:34:12.262041+00:00,recovery_scenario,icmp,,6,,twin_core,549445,0.0,26615808,19031,1134,20165,11,109.3851
2026-05-09T14:34:12.262041+00:00,recovery_scenario,icmp,,6,,ryu_controller,549433,9.9,60575744,33107,836,33943,9,89.5421
2026-05-09T14:34:12.362491+00:00,recovery_scenario,icmp,,6,,twin_core,549445,10.0,26615808,19066,1134,20200,35,348.5945
2026-05-09T14:34:12.362491+00:00,recovery_scenario,icmp,,6,,ryu_controller,549433,39.8,60575744,33123,839,33962,19,189.2424
2026-05-09T14:34:12.462905+00:00,recovery_scenario,icmp,,6,,twin_core,549445,10.0,26615808,19126,1134,20260,60,596.5431
2026-05-09T14:34:12.462905+00:00,recovery_scenario,icmp,,6,,ryu_controller,549433,0.0,60575744,33149,840,33989,27,268.3571
2026-05-09T14:34:12.563544+00:00,recovery_scenario,icmp,,6,,twin_core,549445,0.0,26615808,19162,1136,20298,38,377.9671
2026-05-09T14:34:12.563544+00:00,recovery_scenario,icmp,,6,,ryu_controller,549433,49.7,60575744,33204,840,34044,55,547.1496
2026-05-09T14:34:12.666922+00:00,recovery_scenario,icmp,,6,,twin_core,549445,0.0,26615808,19162,1136,20298,0,0.0
2026-05-09T14:34:12.666922+00:00,recovery_scenario,icmp,,6,,ryu_controller,549433,9.7,60575744,33235,840,34075,31,299.85
2026-05-09T14:34:12.767776+00:00,recovery_scenario,icmp,,6,,twin_core,549445,0.0,26615808,19162,1136,20298,0,0.0
2026-05-09T14:34:12.767776+00:00,recovery_scenario,icmp,,6,,ryu_controller,549433,0.0,60575744,33249,840,34089,14,138.8749
2026-05-09T14:34:12.872893+00:00,recovery_scenario,icmp,,6,,twin_core,549445,0.0,26615808,19162,1136,20298,0,0.0
2026-05-09T14:34:12.872893+00:00,recovery_scenario,icmp,,6,,ryu_controller,549433,0.0,60575744,33288,840,34128,39,370.5446
2026-05-09T14:34:12.975955+00:00,recovery_scenario,icmp,,6,,twin_core,549445,0.0,26615808,19162,1136,20298,0,0.0
2026-05-09T14:34:12.975955+00:00,recovery_scenario,icmp,,6,,ryu_controller,549433,0.0,60575744,33298,840,34138,10,96.8341
2026-05-09T14:34:13.076852+00:00,recovery_scenario,icmp,,6,,twin_core,549445,0.0,26615808,19163,1136,20299,1,9.9347
2026-05-09T14:34:13.076852+00:00,recovery_scenario,icmp,,6,,ryu_controller,549433,9.9,60575744,33317,840,34157,19,188.6307
2026-05-09T14:34:13.178287+00:00,recovery_scenario,icmp,,6,,twin_core,549445,0.0,26615808,19163,1136,20299,0,0.0
2026-05-09T14:34:13.178287+00:00,recovery_scenario,icmp,,6,,ryu_controller,549433,9.9,60575744,33326,840,34166,9,88.8402
2026-05-09T14:34:13.278813+00:00,recovery_scenario,icmp,,6,,twin_core,549445,0.0,26615808,19163,1136,20299,0,0.0
2026-05-09T14:34:13.278813+00:00,recovery_scenario,icmp,,6,,ryu_controller,549433,0.0,60575744,33348,840,34188,22,218.7594
2026-05-09T14:34:13.380593+00:00,recovery_scenario,icmp,,6,,twin_core,549445,0.0,26615808,19163,1136,20299,0,0.0
2026-05-09T14:34:13.380593+00:00,recovery_scenario,icmp,,6,,ryu_controller,549433,0.0,60575744,33378,840,34218,30,294.8074
2026-05-09T14:34:13.485521+00:00,recovery_scenario,icmp,,6,,twin_core,549445,0.0,26615808,19163,1136,20299,0,0.0
2026-05-09T14:34:13.485521+00:00,recovery_scenario,icmp,,6,,ryu_controller,549433,0.0,60575744,33400,840,34240,22,209.5964
2026-05-09T14:34:13.586101+00:00,recovery_scenario,icmp,,6,,twin_core,549445,0.0,26615808,19164,1136,20300,1,9.9406
2026-05-09T14:34:13.586101+00:00,recovery_scenario,icmp,,6,,ryu_controller,549433,9.9,60575744,33433,840,34273,33,328.2007
2026-05-09T14:34:13.690472+00:00,recovery_scenario,icmp,,6,,twin_core,549445,0.0,26615808,19164,1136,20300,0,0.0
2026-05-09T14:34:13.690472+00:00,recovery_scenario,icmp,,6,,ryu_controller,549433,9.6,60575744,33449,840,34289,16,153.3165
2026-05-09T14:34:13.791082+00:00,recovery_scenario,icmp,,6,,twin_core,549445,0.0,26615808,19164,1136,20300,0,0.0
2026-05-09T14:34:13.791082+00:00,recovery_scenario,icmp,,6,,ryu_controller,549433,0.0,60575744,33461,840,34301,12,119.2061
2026-05-09T14:34:13.891640+00:00,recovery_scenario,icmp,,6,,twin_core,549445,10.0,26615808,19164,1136,20300,0,0.0
2026-05-09T14:34:13.891640+00:00,recovery_scenario,icmp,,6,,ryu_controller,549433,19.9,60575744,33499,840,34339,38,378.2252
2026-05-09T14:34:13.992145+00:00,recovery_scenario,icmp,,6,,twin_core,549445,9.9,26615808,19164,1136,20300,0,0.0
2026-05-09T14:34:13.992145+00:00,recovery_scenario,icmp,,6,,ryu_controller,549433,29.8,60575744,33549,840,34389,50,497.331
2026-05-09T14:34:14.030715+00:00,recovery_scenario,icmp,,6,scenario_teardown,,,,,,,,,
2026-05-09T14:34:14.092732+00:00,recovery_scenario,icmp,,6,,twin_core,549445,0.0,26615808,19181,1137,20318,18,178.9485
2026-05-09T14:34:14.092732+00:00,recovery_scenario,icmp,,6,,ryu_controller,549433,9.9,60575744,33561,845,34406,17,169.036
2026-05-09T14:34:14.193383+00:00,recovery_scenario,icmp,,6,,twin_core,549445,0.0,26615808,19206,1138,20344,26,258.4918
2026-05-09T14:34:14.193383+00:00,recovery_scenario,icmp,,6,,ryu_controller,549433,9.9,60575744,33570,857,34427,21,208.8144
2026-05-09T14:34:14.293856+00:00,recovery_scenario,icmp,,6,,twin_core,549445,0.0,26619904,19219,1139,20358,14,139.2593
2026-05-09T14:34:14.293856+00:00,recovery_scenario,icmp,,6,,ryu_controller,549433,9.9,60575744,33582,861,34443,16,158.8138
2026-05-09T14:34:14.394554+00:00,recovery_scenario,icmp,,6,,twin_core,549445,0.0,26619904,19219,1139,20358,0,0.0
2026-05-09T14:34:14.394554+00:00,recovery_scenario,icmp,,6,,ryu_controller,549433,19.9,60575744,33593,861,34454,11,109.5564
2026-05-09T14:34:14.873937+00:00,recovery_scenario,icmp,,7,,twin_core,549445,0.0,26636288,19610,1204,20814,0,0.0
2026-05-09T14:34:14.873937+00:00,recovery_scenario,icmp,,7,,ryu_controller,549433,0.0,60575744,33651,862,34513,0,0.0
2026-05-09T14:34:14.975621+00:00,recovery_scenario,icmp,,7,,twin_core,549445,0.0,26636288,19638,1204,20842,28,278.5737
2026-05-09T14:34:14.975621+00:00,recovery_scenario,icmp,,7,,ryu_controller,549433,19.9,60575744,33680,875,34555,42,417.9003
2026-05-09T14:34:15.076218+00:00,recovery_scenario,icmp,,7,,twin_core,549445,9.9,26636288,19744,1205,20949,107,1061.767
2026-05-09T14:34:15.076218+00:00,recovery_scenario,icmp,,7,,ryu_controller,549433,19.8,60575744,33699,877,34576,21,207.8639
2026-05-09T14:34:15.147720+00:00,recovery_scenario,icmp,,7,service_started,,,,,,,,,
2026-05-09T14:34:15.177262+00:00,recovery_scenario,icmp,,7,,twin_core,549445,9.9,26640384,19812,1207,21019,70,694.5846
2026-05-09T14:34:15.177262+00:00,recovery_scenario,icmp,,7,,ryu_controller,549433,49.6,60575744,33745,879,34624,48,477.4873
2026-05-09T14:34:15.277693+00:00,recovery_scenario,icmp,,7,,twin_core,549445,10.0,26640384,19813,1207,21020,1,9.9548
2026-05-09T14:34:15.277693+00:00,recovery_scenario,icmp,,7,,ryu_controller,549433,29.9,60575744,33779,879,34658,34,338.4579
2026-05-09T14:34:15.378380+00:00,recovery_scenario,icmp,,7,,twin_core,549445,0.0,26640384,19813,1207,21020,0,0.0
2026-05-09T14:34:15.378380+00:00,recovery_scenario,icmp,,7,,ryu_controller,549433,9.9,60575744,33810,879,34689,31,307.7168
2026-05-09T14:34:15.478913+00:00,recovery_scenario,icmp,,7,,twin_core,549445,0.0,26640384,19813,1207,21020,0,0.0
2026-05-09T14:34:15.478913+00:00,recovery_scenario,icmp,,7,,ryu_controller,549433,19.9,60575744,33850,879,34729,40,397.7956
2026-05-09T14:34:15.579446+00:00,recovery_scenario,icmp,,7,,twin_core,549445,0.0,26640384,19813,1207,21020,0,0.0
2026-05-09T14:34:15.579446+00:00,recovery_scenario,icmp,,7,,ryu_controller,549433,19.9,60575744,33895,879,34774,45,448.0001
2026-05-09T14:34:15.865383+00:00,recovery_scenario,icmp,,7,,twin_core,549445,0.0,26640384,19813,1207,21020,0,0.0
2026-05-09T14:34:15.865383+00:00,recovery_scenario,icmp,,7,,ryu_controller,549433,80.3,60575744,33902,880,34782,8,27.9426
2026-05-09T14:34:15.968003+00:00,recovery_scenario,icmp,,7,,twin_core,549445,0.0,26640384,19813,1207,21020,0,0.0
2026-05-09T14:34:15.968003+00:00,recovery_scenario,icmp,,7,,ryu_controller,549433,96.0,60575744,33902,883,34785,3,26.1533
2026-05-09T14:34:16.092018+00:00,recovery_scenario,icmp,,7,,twin_core,549445,16.4,26640384,19813,1207,21020,0,0.0
2026-05-09T14:34:16.092018+00:00,recovery_scenario,icmp,,7,,ryu_controller,549433,17.8,60575744,33904,885,34789,4,35.5293
2026-05-09T14:34:16.196176+00:00,recovery_scenario,icmp,,7,,twin_core,549445,0.0,26640384,19813,1207,21020,0,0.0
2026-05-09T14:34:16.196176+00:00,recovery_scenario,icmp,,7,,ryu_controller,549433,96.1,60579840,33906,886,34792,3,28.827
2026-05-09T14:34:16.298183+00:00,recovery_scenario,icmp,,7,,twin_core,549445,0.0,26640384,19813,1207,21020,0,0.0
2026-05-09T14:34:16.298183+00:00,recovery_scenario,icmp,,7,,ryu_controller,549433,98.5,60579840,33906,886,34792,0,0.0
2026-05-09T14:34:16.398994+00:00,recovery_scenario,icmp,,7,,twin_core,549445,0.0,26640384,19813,1207,21020,0,0.0
2026-05-09T14:34:16.398994+00:00,recovery_scenario,icmp,,7,,ryu_controller,549433,49.7,60579840,33921,886,34807,15,149.1443
2026-05-09T14:34:16.499615+00:00,recovery_scenario,icmp,,7,,twin_core,549445,0.0,26640384,19813,1207,21020,0,0.0
2026-05-09T14:34:16.499615+00:00,recovery_scenario,icmp,,7,,ryu_controller,549433,29.8,60579840,33948,886,34834,27,268.587
2026-05-09T14:34:16.600160+00:00,recovery_scenario,icmp,,7,,twin_core,549445,0.0,26640384,19813,1207,21020,0,0.0
2026-05-09T14:34:16.600160+00:00,recovery_scenario,icmp,,7,,ryu_controller,549433,49.7,60579840,33983,886,34869,35,348.0146
2026-05-09T14:34:16.700674+00:00,recovery_scenario,icmp,,7,,twin_core,549445,0.0,26640384,19813,1207,21020,0,0.0
2026-05-09T14:34:16.700674+00:00,recovery_scenario,icmp,,7,,ryu_controller,549433,39.8,60579840,34026,886,34912,43,427.9095
2026-05-09T14:34:16.803558+00:00,recovery_scenario,icmp,,7,,twin_core,549445,0.0,26640384,19813,1207,21020,0,0.0
2026-05-09T14:34:16.803558+00:00,recovery_scenario,icmp,,7,,ryu_controller,549433,9.7,60579840,34043,886,34929,17,165.3459
2026-05-09T14:34:16.903974+00:00,recovery_scenario,icmp,,7,,twin_core,549445,0.0,26640384,19813,1207,21020,0,0.0
2026-05-09T14:34:16.903974+00:00,recovery_scenario,icmp,,7,,ryu_controller,549433,9.9,60579840,34081,886,34967,38,378.0075
2026-05-09T14:34:17.004501+00:00,recovery_scenario,icmp,,7,,twin_core,549445,9.9,26640384,19813,1207,21020,0,0.0
2026-05-09T14:34:17.004501+00:00,recovery_scenario,icmp,,7,,ryu_controller,549433,19.9,60579840,34106,886,34992,25,248.6915
2026-05-09T14:34:17.105016+00:00,recovery_scenario,icmp,,7,,twin_core,549445,0.0,26640384,19813,1207,21020,0,0.0
2026-05-09T14:34:17.105016+00:00,recovery_scenario,icmp,,7,,ryu_controller,549433,9.9,60579840,34123,886,35009,17,169.1348
2026-05-09T14:34:17.206182+00:00,recovery_scenario,icmp,,7,,twin_core,549445,0.0,26640384,19813,1207,21020,0,0.0
2026-05-09T14:34:17.206182+00:00,recovery_scenario,icmp,,7,,ryu_controller,549433,0.0,60579840,34128,886,35014,5,49.3542
2026-05-09T14:34:17.306853+00:00,recovery_scenario,icmp,,7,,twin_core,549445,29.8,26640384,19817,1207,21024,4,39.7539
2026-05-09T14:34:17.306853+00:00,recovery_scenario,icmp,,7,,ryu_controller,549433,49.7,60588032,34196,887,35083,69,686.0249
2026-05-09T14:34:17.408146+00:00,recovery_scenario,icmp,,7,,twin_core,549445,0.0,26640384,19823,1207,21030,6,59.2412
2026-05-09T14:34:17.408146+00:00,recovery_scenario,icmp,,7,,ryu_controller,549433,29.6,60588032,34229,889,35118,35,345.902
2026-05-09T14:34:17.508604+00:00,recovery_scenario,icmp,,7,,twin_core,549445,0.0,26640384,19826,1207,21033,3,29.864
2026-05-09T14:34:17.508604+00:00,recovery_scenario,icmp,,7,,ryu_controller,549433,29.8,60588032,34257,890,35147,29,288.3386
2026-05-09T14:34:17.609227+00:00,recovery_scenario,icmp,,7,,twin_core,549445,0.0,26640384,19829,1207,21036,3,29.8208
2026-05-09T14:34:17.609227+00:00,recovery_scenario,icmp,,7,,ryu_controller,549433,9.9,60588032,34303,890,35193,46,457.067
2026-05-09T14:34:17.711787+00:00,recovery_scenario,icmp,,7,,twin_core,549445,0.0,26640384,19832,1207,21039,3,29.2424
2026-05-09T14:34:17.711787+00:00,recovery_scenario,icmp,,7,,ryu_controller,549433,0.0,60588032,34319,890,35209,16,156.0285
2026-05-09T14:34:17.812436+00:00,recovery_scenario,icmp,,7,,twin_core,549445,0.0,26640384,19832,1207,21039,0,0.0
2026-05-09T14:34:17.812436+00:00,recovery_scenario,icmp,,7,,ryu_controller,549433,9.9,60588032,34329,890,35219,10,99.431
2026-05-09T14:34:17.912942+00:00,recovery_scenario,icmp,,7,,twin_core,549445,0.0,26640384,19835,1207,21042,3,29.845
2026-05-09T14:34:17.912942+00:00,recovery_scenario,icmp,,7,,ryu_controller,549433,0.0,60588032,34339,890,35229,10,99.4949
2026-05-09T14:34:18.013481+00:00,recovery_scenario,icmp,,7,,twin_core,549445,0.0,26640384,19841,1207,21048,6,59.677
2026-05-09T14:34:18.013481+00:00,recovery_scenario,icmp,,7,,ryu_controller,549433,9.9,60588032,34350,890,35240,11,109.3925
2026-05-09T14:34:18.114052+00:00,recovery_scenario,icmp,,7,,twin_core,549445,0.0,26640384,19847,1207,21054,6,59.6467
2026-05-09T14:34:18.114052+00:00,recovery_scenario,icmp,,7,,ryu_controller,549433,9.9,60588032,34379,890,35269,29,288.3004
2026-05-09T14:34:18.214586+00:00,recovery_scenario,icmp,,7,,twin_core,549445,0.0,26640384,19850,1207,21057,3,29.8568
2026-05-09T14:34:18.214586+00:00,recovery_scenario,icmp,,7,,ryu_controller,549433,10.0,60588032,34392,890,35282,13,129.3914
2026-05-09T14:34:18.315243+00:00,recovery_scenario,icmp,,7,,twin_core,549445,0.0,26640384,19853,1207,21060,3,29.8
2026-05-09T14:34:18.315243+00:00,recovery_scenario,icmp,,7,,ryu_controller,549433,9.9,60588032,34423,890,35313,31,307.9129
2026-05-09T14:34:18.415761+00:00,recovery_scenario,icmp,,7,,twin_core,549445,9.9,26640384,19856,1208,21064,4,39.7963
2026-05-09T14:34:18.415761+00:00,recovery_scenario,icmp,,7,,ryu_controller,549433,0.0,60588032,34437,892,35329,16,158.9061
2026-05-09T14:34:18.516412+00:00,recovery_scenario,icmp,,7,,twin_core,549445,0.0,26640384,19868,1208,21076,12,119.2714
2026-05-09T14:34:18.516412+00:00,recovery_scenario,icmp,,7,,ryu_controller,549433,9.9,60588032,34447,892,35339,10,99.5871
2026-05-09T14:34:18.616836+00:00,recovery_scenario,icmp,,7,,twin_core,549445,0.0,26640384,19871,1208,21079,3,29.861
2026-05-09T14:34:18.616836+00:00,recovery_scenario,icmp,,7,,ryu_controller,549433,9.9,60588032,34466,892,35358,19,188.8029
2026-05-09T14:34:18.717464+00:00,recovery_scenario,icmp,,7,,twin_core,549445,0.0,26640384,19874,1208,21082,3,29.8312
2026-05-09T14:34:18.717464+00:00,recovery_scenario,icmp,,7,,ryu_controller,549433,69.7,60588032,34519,894,35413,55,547.8809
2026-05-09T14:34:18.817851+00:00,recovery_scenario,icmp,,7,,twin_core,549445,0.0,26640384,19877,1208,21085,3,29.885
2026-05-09T14:34:18.817851+00:00,recovery_scenario,icmp,,7,,ryu_controller,549433,10.0,60588032,34530,894,35424,11,109.4808
2026-05-09T14:34:18.918390+00:00,recovery_scenario,icmp,,7,,twin_core,549445,0.0,26640384,19877,1208,21085,0,0.0
2026-05-09T14:34:18.918390+00:00,recovery_scenario,icmp,,7,,ryu_controller,549433,0.0,60588032,34567,894,35461,37,368.0418
2026-05-09T14:34:19.018847+00:00,recovery_scenario,icmp,,7,,twin_core,549445,0.0,26640384,19889,1208,21097,12,119.5163
2026-05-09T14:34:19.018847+00:00,recovery_scenario,icmp,,7,,ryu_controller,549433,0.0,60588032,34571,894,35465,4,39.7844
2026-05-09T14:34:19.119475+00:00,recovery_scenario,icmp,,7,,twin_core,549445,0.0,26640384,19895,1208,21103,6,59.6182
2026-05-09T14:34:19.119475+00:00,recovery_scenario,icmp,,7,,ryu_controller,549433,19.9,60588032,34599,894,35493,28,278.6412
2026-05-09T14:34:19.221454+00:00,recovery_scenario,icmp,,7,,twin_core,549445,0.0,26640384,19898,1208,21106,3,29.3999
2026-05-09T14:34:19.221454+00:00,recovery_scenario,icmp,,7,,ryu_controller,549433,9.8,60588032,34620,894,35514,21,205.7542
2026-05-09T14:34:19.327898+00:00,recovery_scenario,icmp,,7,,twin_core,549445,27.7,26640384,19901,1208,21109,3,27.6558
2026-05-09T14:34:19.327898+00:00,recovery_scenario,icmp,,7,,ryu_controller,549433,36.9,60588032,34646,894,35540,26,238.2908
2026-05-09T14:34:19.431645+00:00,recovery_scenario,icmp,,7,,twin_core,549445,19.7,26640384,19910,1208,21118,9,88.5442
2026-05-09T14:34:19.431645+00:00,recovery_scenario,icmp,,7,,ryu_controller,549433,59.0,60588032,34676,895,35571,31,306.7018
2026-05-09T14:34:19.533834+00:00,recovery_scenario,icmp,,7,,twin_core,549445,9.8,26640384,19917,1208,21125,7,68.4571
2026-05-09T14:34:19.533834+00:00,recovery_scenario,icmp,,7,,ryu_controller,549433,9.8,60588032,34697,895,35592,21,205.4334
2026-05-09T14:34:19.636318+00:00,recovery_scenario,icmp,,7,,twin_core,549445,0.0,26640384,19920,1208,21128,3,29.2746
2026-05-09T14:34:19.636318+00:00,recovery_scenario,icmp,,7,,ryu_controller,549433,9.8,60588032,34707,895,35602,10,97.6211
2026-05-09T14:34:19.736814+00:00,recovery_scenario,icmp,,7,,twin_core,549445,0.0,26640384,19923,1208,21131,3,29.8313
2026-05-09T14:34:19.736814+00:00,recovery_scenario,icmp,,7,,ryu_controller,549433,0.0,60588032,34709,895,35604,2,19.875
2026-05-09T14:34:19.837639+00:00,recovery_scenario,icmp,,7,,twin_core,549445,0.0,26640384,19929,1208,21137,6,59.2982
2026-05-09T14:34:19.837639+00:00,recovery_scenario,icmp,,7,,ryu_controller,549433,9.9,60588032,34718,895,35613,9,88.9243
2026-05-09T14:34:19.938662+00:00,recovery_scenario,icmp,,7,,twin_core,549445,0.0,26640384,19939,1208,21147,10,99.4513
2026-05-09T14:34:19.938662+00:00,recovery_scenario,icmp,,7,,ryu_controller,549433,10.0,60588032,34737,895,35632,19,189.1653
2026-05-09T14:34:20.040946+00:00,recovery_scenario,icmp,,7,,twin_core,549445,0.0,26640384,19942,1208,21150,3,29.2981
2026-05-09T14:34:20.040946+00:00,recovery_scenario,icmp,,7,,ryu_controller,549433,9.8,60588032,34758,895,35653,21,205.0544
2026-05-09T14:34:20.141492+00:00,recovery_scenario,icmp,,7,,twin_core,549445,0.0,26640384,19945,1208,21153,3,29.8617
2026-05-09T14:34:20.141492+00:00,recovery_scenario,icmp,,7,,ryu_controller,549433,10.0,60588032,34773,895,35668,15,149.3199
2026-05-09T14:34:20.241972+00:00,recovery_scenario,icmp,,7,,twin_core,549445,0.0,26640384,19948,1208,21156,3,29.8332
2026-05-09T14:34:20.241972+00:00,recovery_scenario,icmp,,7,,ryu_controller,549433,9.9,60588032,34792,895,35687,19,188.9088
2026-05-09T14:34:20.342534+00:00,recovery_scenario,icmp,,7,,twin_core,549445,0.0,26640384,19957,1208,21165,9,89.4349
2026-05-09T14:34:20.342534+00:00,recovery_scenario,icmp,,7,,ryu_controller,549433,9.9,60588032,34812,895,35707,20,198.6828
2026-05-09T14:34:20.443272+00:00,recovery_scenario,icmp,,7,,twin_core,549445,0.0,26640384,19963,1208,21171,6,59.6507
2026-05-09T14:34:20.443272+00:00,recovery_scenario,icmp,,7,,ryu_controller,549433,9.9,60588032,34825,895,35720,13,129.3002
2026-05-09T14:34:20.544467+00:00,recovery_scenario,icmp,,7,,twin_core,549445,9.9,26640384,19966,1208,21174,3,29.6367
2026-05-09T14:34:20.544467+00:00,recovery_scenario,icmp,,7,,ryu_controller,549433,0.0,60588032,34828,895,35723,3,29.6312
2026-05-09T14:34:20.644998+00:00,recovery_scenario,icmp,,7,,twin_core,549445,0.0,26640384,19972,1208,21180,6,59.6087
2026-05-09T14:34:20.644998+00:00,recovery_scenario,icmp,,7,,ryu_controller,549433,9.9,60588032,34836,895,35731,8,79.4929
2026-05-09T14:34:20.745684+00:00,recovery_scenario,icmp,,7,,twin_core,549445,0.0,26640384,19974,1208,21182,2,19.8915
2026-05-09T14:34:20.745684+00:00,recovery_scenario,icmp,,7,,ryu_controller,549433,39.8,60588032,34860,895,35755,24,238.6821
2026-05-09T14:34:20.847433+00:00,recovery_scenario,icmp,,7,,twin_core,549445,0.0,26640384,19980,1208,21188,6,58.9091
2026-05-09T14:34:20.847433+00:00,recovery_scenario,icmp,,7,,ryu_controller,549433,49.1,60588032,34896,895,35791,36,353.4185
2026-05-09T14:34:20.949674+00:00,recovery_scenario,icmp,,7,,twin_core,549445,0.0,26640384,19983,1208,21191,3,29.3641
2026-05-09T14:34:20.949674+00:00,recovery_scenario,icmp,,7,,ryu_controller,549433,0.0,60588032,34896,895,35791,0,0.0
2026-05-09T14:34:20.999763+00:00,recovery_scenario,icmp,,7,pingall_completed,,,,,,,,,
2026-05-09T14:34:21.050274+00:00,recovery_scenario,icmp,,7,,twin_core,549445,0.0,26640384,19993,1208,21201,10,99.3691
2026-05-09T14:34:21.050274+00:00,recovery_scenario,icmp,,7,,ryu_controller,549433,0.0,60588032,34897,895,35792,1,9.9383
2026-05-09T14:34:21.151784+00:00,recovery_scenario,icmp,,7,,twin_core,549445,9.8,26640384,19993,1208,21201,0,0.0
2026-05-09T14:34:21.151784+00:00,recovery_scenario,icmp,,7,,ryu_controller,549433,0.0,60588032,34897,895,35792,0,0.0
2026-05-09T14:34:21.252510+00:00,recovery_scenario,icmp,,7,,twin_core,549445,9.9,26640384,19993,1208,21201,0,0.0
2026-05-09T14:34:21.252510+00:00,recovery_scenario,icmp,,7,,ryu_controller,549433,19.9,60588032,34910,895,35805,13,129.2612
2026-05-09T14:34:21.356499+00:00,recovery_scenario,icmp,,7,,twin_core,549445,0.0,26640384,19993,1208,21201,0,0.0
2026-05-09T14:34:21.356499+00:00,recovery_scenario,icmp,,7,,ryu_controller,549433,0.0,60588032,34914,895,35809,4,38.3504
2026-05-09T14:34:21.458054+00:00,recovery_scenario,icmp,,7,,twin_core,549445,0.0,26640384,19993,1208,21201,0,0.0
2026-05-09T14:34:21.458054+00:00,recovery_scenario,icmp,,7,,ryu_controller,549433,29.6,60588032,34929,895,35824,15,147.8936
2026-05-09T14:34:21.559553+00:00,recovery_scenario,icmp,,7,,twin_core,549445,0.0,26660864,19993,1208,21201,0,0.0
2026-05-09T14:34:21.559553+00:00,recovery_scenario,icmp,,7,,ryu_controller,549433,59.3,60608512,34966,895,35861,37,365.4949
2026-05-09T14:34:21.661462+00:00,recovery_scenario,icmp,,7,,twin_core,549445,0.0,26660864,19993,1208,21201,0,0.0
2026-05-09T14:34:21.661462+00:00,recovery_scenario,icmp,,7,,ryu_controller,549433,0.0,60608512,34966,895,35861,0,0.0
2026-05-09T14:34:21.766658+00:00,recovery_scenario,icmp,,7,,twin_core,549445,0.0,26660864,19993,1208,21201,0,0.0
2026-05-09T14:34:21.766658+00:00,recovery_scenario,icmp,,7,,ryu_controller,549433,9.5,60608512,34983,895,35878,17,161.6852
2026-05-09T14:34:21.867196+00:00,recovery_scenario,icmp,,7,,twin_core,549445,0.0,26660864,19993,1208,21201,0,0.0
2026-05-09T14:34:21.867196+00:00,recovery_scenario,icmp,,7,,ryu_controller,549433,0.0,60608512,34992,895,35887,9,89.3803
2026-05-09T14:34:21.971778+00:00,recovery_scenario,icmp,,7,,twin_core,549445,9.5,26660864,19993,1208,21201,0,0.0
2026-05-09T14:34:21.971778+00:00,recovery_scenario,icmp,,7,,ryu_controller,549433,0.0,60608512,34992,895,35887,0,0.0
2026-05-09T14:34:22.015342+00:00,recovery_scenario,icmp,,7,background_traffic_started,,,,,,,,,
2026-05-09T14:34:22.074561+00:00,recovery_scenario,icmp,,7,,twin_core,549445,9.8,26660864,20010,1208,21218,17,168.3879
2026-05-09T14:34:22.074561+00:00,recovery_scenario,icmp,,7,,ryu_controller,549433,0.0,60608512,34992,895,35887,0,0.0
2026-05-09T14:34:22.171946+00:00,recovery_scenario,icmp,,7,fault_injected,,,,,,,,,
2026-05-09T14:34:22.175080+00:00,recovery_scenario,icmp,,7,,twin_core,549445,0.0,26660864,20068,1208,21276,58,576.5738
2026-05-09T14:34:22.175080+00:00,recovery_scenario,icmp,,7,,ryu_controller,549433,0.0,60608512,34992,895,35887,0,0.0
2026-05-09T14:34:22.275776+00:00,recovery_scenario,icmp,,7,,twin_core,549445,9.9,26660864,20127,1208,21335,59,586.5499
2026-05-09T14:34:22.275776+00:00,recovery_scenario,icmp,,7,,ryu_controller,549433,19.9,60608512,35001,897,35898,11,109.5428
2026-05-09T14:34:22.376363+00:00,recovery_scenario,icmp,,7,,twin_core,549445,9.9,26660864,20191,1208,21399,64,636.2744
2026-05-09T14:34:22.376363+00:00,recovery_scenario,icmp,,7,,ryu_controller,549433,0.0,60608512,35004,897,35901,3,29.8251
2026-05-09T14:34:22.478500+00:00,recovery_scenario,icmp,,7,,twin_core,549445,0.0,26660864,20213,1208,21421,22,215.2928
2026-05-09T14:34:22.478500+00:00,recovery_scenario,icmp,,7,,ryu_controller,549433,0.0,60608512,35015,897,35912,11,107.6328
2026-05-09T14:34:22.583758+00:00,recovery_scenario,icmp,,7,,twin_core,549445,0.0,26660864,20213,1208,21421,0,0.0
2026-05-09T14:34:22.583758+00:00,recovery_scenario,icmp,,7,,ryu_controller,549433,0.0,60608512,35029,897,35926,14,132.8337
2026-05-09T14:34:22.686695+00:00,recovery_scenario,icmp,,7,,twin_core,549445,0.0,26660864,20213,1208,21421,0,0.0
2026-05-09T14:34:22.686695+00:00,recovery_scenario,icmp,,7,,ryu_controller,549433,0.0,60608512,35032,897,35929,3,29.0862
2026-05-09T14:34:22.787590+00:00,recovery_scenario,icmp,,7,,twin_core,549445,0.0,26660864,20213,1208,21421,0,0.0
2026-05-09T14:34:22.787590+00:00,recovery_scenario,icmp,,7,,ryu_controller,549433,19.9,60608512,35041,897,35938,9,89.4151
2026-05-09T14:34:22.888249+00:00,recovery_scenario,icmp,,7,,twin_core,549445,0.0,26660864,20213,1208,21421,0,0.0
2026-05-09T14:34:22.888249+00:00,recovery_scenario,icmp,,7,,ryu_controller,549433,39.8,60608512,35096,897,35993,55,546.7222
2026-05-09T14:34:22.915321+00:00,recovery_scenario,icmp,,7,recovery_requested,,,,,,,,,
2026-05-09T14:34:22.988841+00:00,recovery_scenario,icmp,,7,,twin_core,549445,9.9,26660864,20255,1208,21463,42,417.7804
2026-05-09T14:34:22.988841+00:00,recovery_scenario,icmp,,7,,ryu_controller,549433,19.9,60608512,35116,899,36015,22,218.754
2026-05-09T14:34:23.089336+00:00,recovery_scenario,icmp,,7,,twin_core,549445,0.0,26660864,20316,1208,21524,61,607.0939
2026-05-09T14:34:23.089336+00:00,recovery_scenario,icmp,,7,,ryu_controller,549433,29.9,60608512,35147,902,36049,34,338.0474
2026-05-09T14:34:23.189952+00:00,recovery_scenario,icmp,,7,,twin_core,549445,0.0,26660864,20359,1209,21568,44,437.1341
2026-05-09T14:34:23.189952+00:00,recovery_scenario,icmp,,7,,ryu_controller,549433,29.8,60608512,35191,907,36098,49,487.597
2026-05-09T14:34:23.290433+00:00,recovery_scenario,icmp,,7,,twin_core,549445,0.0,26660864,20359,1209,21568,0,0.0
2026-05-09T14:34:23.290433+00:00,recovery_scenario,icmp,,7,,ryu_controller,549433,49.8,60608512,35242,907,36149,51,507.8571
2026-05-09T14:34:23.390848+00:00,recovery_scenario,icmp,,7,,twin_core,549445,0.0,26660864,20359,1209,21568,0,0.0
2026-05-09T14:34:23.390848+00:00,recovery_scenario,icmp,,7,,ryu_controller,549433,49.8,60608512,35298,907,36205,56,557.0909
2026-05-09T14:34:23.491413+00:00,recovery_scenario,icmp,,7,,twin_core,549445,0.0,26660864,20359,1209,21568,0,0.0
2026-05-09T14:34:23.491413+00:00,recovery_scenario,icmp,,7,,ryu_controller,549433,49.7,60608512,35353,908,36261,56,557.3425
2026-05-09T14:34:23.591841+00:00,recovery_scenario,icmp,,7,,twin_core,549445,10.0,26660864,20359,1209,21568,0,0.0
2026-05-09T14:34:23.591841+00:00,recovery_scenario,icmp,,7,,ryu_controller,549433,59.7,60608512,35408,908,36316,55,547.156
2026-05-09T14:34:23.692373+00:00,recovery_scenario,icmp,,7,,twin_core,549445,0.0,26660864,20360,1209,21569,1,9.9464
2026-05-09T14:34:23.692373+00:00,recovery_scenario,icmp,,7,,ryu_controller,549433,9.9,60608512,35417,908,36325,9,89.5166
2026-05-09T14:34:23.792990+00:00,recovery_scenario,icmp,,7,,twin_core,549445,0.0,26660864,20360,1209,21569,0,0.0
2026-05-09T14:34:23.792990+00:00,recovery_scenario,icmp,,7,,ryu_controller,549433,9.9,60608512,35426,908,36334,9,89.362
2026-05-09T14:34:23.897269+00:00,recovery_scenario,icmp,,7,,twin_core,549445,9.6,26660864,20360,1209,21569,0,0.0
2026-05-09T14:34:23.897269+00:00,recovery_scenario,icmp,,7,,ryu_controller,549433,0.0,60608512,35452,908,36360,26,249.6505
2026-05-09T14:34:23.999008+00:00,recovery_scenario,icmp,,7,,twin_core,549445,0.0,26660864,20360,1209,21569,0,0.0
2026-05-09T14:34:23.999008+00:00,recovery_scenario,icmp,,7,,ryu_controller,549433,9.8,60608512,35456,908,36364,4,39.253
2026-05-09T14:34:24.101702+00:00,recovery_scenario,icmp,,7,,twin_core,549445,9.7,26660864,20360,1209,21569,0,0.0
2026-05-09T14:34:24.101702+00:00,recovery_scenario,icmp,,7,,ryu_controller,549433,0.0,60608512,35459,908,36367,3,29.201
2026-05-09T14:34:24.203305+00:00,recovery_scenario,icmp,,7,,twin_core,549445,0.0,26660864,20361,1209,21570,1,9.8491
2026-05-09T14:34:24.203305+00:00,recovery_scenario,icmp,,7,,ryu_controller,549433,9.9,60608512,35466,908,36374,7,69.006
2026-05-09T14:34:24.303962+00:00,recovery_scenario,icmp,,7,,twin_core,549445,0.0,26660864,20361,1209,21570,0,0.0
2026-05-09T14:34:24.303962+00:00,recovery_scenario,icmp,,7,,ryu_controller,549433,0.0,60608512,35471,908,36379,5,49.663
2026-05-09T14:34:24.404528+00:00,recovery_scenario,icmp,,7,,twin_core,549445,0.0,26660864,20361,1209,21570,0,0.0
2026-05-09T14:34:24.404528+00:00,recovery_scenario,icmp,,7,,ryu_controller,549433,19.9,60608512,35479,908,36387,8,79.5606
2026-05-09T14:34:24.507041+00:00,recovery_scenario,icmp,,7,,twin_core,549445,0.0,26660864,20361,1209,21570,0,0.0
2026-05-09T14:34:24.507041+00:00,recovery_scenario,icmp,,7,,ryu_controller,549433,9.8,60608512,35494,908,36402,15,146.3185
2026-05-09T14:34:24.610674+00:00,recovery_scenario,icmp,,7,,twin_core,549445,0.0,26660864,20361,1209,21570,0,0.0
2026-05-09T14:34:24.610674+00:00,recovery_scenario,icmp,,7,,ryu_controller,549433,0.0,60608512,35526,908,36434,32,308.9908
2026-05-09T14:34:24.711196+00:00,recovery_scenario,icmp,,7,,twin_core,549445,0.0,26660864,20362,1209,21571,1,9.9419
2026-05-09T14:34:24.711196+00:00,recovery_scenario,icmp,,7,,ryu_controller,549433,0.0,60608512,35532,908,36440,6,59.6352
2026-05-09T14:34:24.811805+00:00,recovery_scenario,icmp,,7,,twin_core,549445,0.0,26660864,20362,1209,21571,0,0.0
2026-05-09T14:34:24.811805+00:00,recovery_scenario,icmp,,7,,ryu_controller,549433,9.9,60608512,35542,908,36450,10,99.2458
2026-05-09T14:34:24.913316+00:00,recovery_scenario,icmp,,7,,twin_core,549445,0.0,26660864,20362,1209,21571,0,0.0
2026-05-09T14:34:24.913316+00:00,recovery_scenario,icmp,,7,,ryu_controller,549433,49.4,60608512,35593,908,36501,51,503.9277
2026-05-09T14:34:25.014470+00:00,recovery_scenario,icmp,,7,,twin_core,549445,0.0,26660864,20362,1209,21571,0,0.0
2026-05-09T14:34:25.014470+00:00,recovery_scenario,icmp,,7,,ryu_controller,549433,9.9,60608512,35620,908,36528,27,266.4172
2026-05-09T14:34:25.115161+00:00,recovery_scenario,icmp,,7,,twin_core,549445,0.0,26660864,20362,1209,21571,0,0.0
2026-05-09T14:34:25.115161+00:00,recovery_scenario,icmp,,7,,ryu_controller,549433,0.0,60608512,35637,908,36545,17,168.8937
2026-05-09T14:34:25.167903+00:00,recovery_scenario,icmp,,7,scenario_teardown,,,,,,,,,
2026-05-09T14:34:25.215767+00:00,recovery_scenario,icmp,,7,,twin_core,549445,0.0,26660864,20372,1210,21582,11,108.9413
2026-05-09T14:34:25.215767+00:00,recovery_scenario,icmp,,7,,ryu_controller,549433,9.9,60608512,35660,908,36568,23,227.5212
2026-05-09T14:34:25.316857+00:00,recovery_scenario,icmp,,7,,twin_core,549445,0.0,26660864,20395,1212,21607,25,248.3911
2026-05-09T14:34:25.316857+00:00,recovery_scenario,icmp,,7,,ryu_controller,549433,9.9,60608512,35678,913,36591,23,228.5464
2026-05-09T14:34:25.417493+00:00,recovery_scenario,icmp,,7,,twin_core,549445,9.9,26660864,20417,1212,21629,22,218.5321
2026-05-09T14:34:25.417493+00:00,recovery_scenario,icmp,,7,,ryu_controller,549433,9.9,60608512,35698,919,36617,26,258.5223
2026-05-09T14:34:25.518198+00:00,recovery_scenario,icmp,,7,,twin_core,549445,0.0,26660864,20417,1212,21629,0,0.0
2026-05-09T14:34:25.518198+00:00,recovery_scenario,icmp,,7,,ryu_controller,549433,0.0,60608512,35703,919,36622,5,49.3807
2026-05-09T14:34:25.619393+00:00,recovery_scenario,icmp,,7,,twin_core,549445,0.0,26660864,20417,1212,21629,0,0.0
2026-05-09T14:34:25.619393+00:00,recovery_scenario,icmp,,7,,ryu_controller,549433,9.9,60608512,35718,920,36638,16,159.0838
2026-05-09T14:34:25.724299+00:00,recovery_scenario,icmp,,7,,twin_core,549445,0.0,26660864,20436,1220,21656,27,257.3365
2026-05-09T14:34:25.724299+00:00,recovery_scenario,icmp,,7,,ryu_controller,549433,0.0,60608512,35739,920,36659,21,200.114
2026-05-09T14:34:25.826376+00:00,recovery_scenario,icmp,,7,,twin_core,549445,0.0,26660864,20436,1220,21656,0,0.0
2026-05-09T14:34:25.826376+00:00,recovery_scenario,icmp,,7,,ryu_controller,549433,0.0,60608512,35760,920,36680,21,205.0881
2026-05-09T14:34:25.931925+00:00,recovery_scenario,icmp,,7,,twin_core,549445,0.0,26660864,20436,1220,21656,0,0.0
2026-05-09T14:34:25.931925+00:00,recovery_scenario,icmp,,7,,ryu_controller,549433,9.4,60608512,35779,920,36699,19,179.3325
2026-05-09T14:34:26.039676+00:00,recovery_scenario,icmp,,7,,twin_core,549445,9.3,26660864,20436,1220,21656,0,0.0
2026-05-09T14:34:26.039676+00:00,recovery_scenario,icmp,,7,,ryu_controller,549433,0.0,60608512,35780,920,36700,1,9.1761
2026-05-09T14:34:26.147012+00:00,recovery_scenario,icmp,,7,,twin_core,549445,0.0,26660864,20436,1220,21656,0,0.0
2026-05-09T14:34:26.147012+00:00,recovery_scenario,icmp,,7,,ryu_controller,549433,0.0,60608512,35780,920,36700,0,0.0
2026-05-09T14:34:26.250023+00:00,recovery_scenario,icmp,,7,,twin_core,549445,9.7,26660864,20436,1220,21656,0,0.0
2026-05-09T14:34:26.250023+00:00,recovery_scenario,icmp,,7,,ryu_controller,549433,0.0,60608512,35792,920,36712,12,116.2549
2026-05-09T14:34:26.352817+00:00,recovery_scenario,icmp,,7,,twin_core,549445,0.0,26660864,20436,1220,21656,0,0.0
2026-05-09T14:34:26.352817+00:00,recovery_scenario,icmp,,7,,ryu_controller,549433,9.7,60608512,35794,920,36714,2,19.3217
2026-05-09T14:34:26.458482+00:00,recovery_scenario,icmp,,7,,twin_core,549445,0.0,26660864,20436,1220,21656,0,0.0
2026-05-09T14:34:26.458482+00:00,recovery_scenario,icmp,,7,,ryu_controller,549433,0.0,60608512,35799,920,36719,5,48.1591
2026-05-09T14:34:26.563905+00:00,recovery_scenario,icmp,,7,,twin_core,549445,0.0,26660864,20436,1220,21656,0,0.0
2026-05-09T14:34:26.563905+00:00,recovery_scenario,icmp,,7,,ryu_controller,549433,9.4,60608512,35810,920,36730,11,103.5948
2026-05-09T14:34:27.089516+00:00,recovery_scenario,icmp,,8,,twin_core,549445,0.0,26689536,20812,1285,22097,0,0.0
2026-05-09T14:34:27.089516+00:00,recovery_scenario,icmp,,8,,ryu_controller,549433,0.0,60608512,35840,920,36760,0,0.0
2026-05-09T14:34:27.191316+00:00,recovery_scenario,icmp,,8,,twin_core,549445,9.8,26689536,20857,1288,22145,48,476.7804
2026-05-09T14:34:27.191316+00:00,recovery_scenario,icmp,,8,,ryu_controller,549433,39.8,60608512,35851,925,36776,16,159.1981
2026-05-09T14:34:27.291956+00:00,recovery_scenario,icmp,,8,,twin_core,549445,9.9,26689536,20957,1289,22246,101,994.5706
2026-05-09T14:34:27.291956+00:00,recovery_scenario,icmp,,8,,ryu_controller,549433,0.0,60608512,35864,926,36790,14,137.1745
2026-05-09T14:34:27.346735+00:00,recovery_scenario,icmp,,8,service_started,,,,,,,,,
2026-05-09T14:34:27.393893+00:00,recovery_scenario,icmp,,8,,twin_core,549445,9.8,26689536,21013,1289,22302,56,553.2342
2026-05-09T14:34:27.393893+00:00,recovery_scenario,icmp,,8,,ryu_controller,549433,59.5,60608512,35911,926,36837,47,466.3356
2026-05-09T14:34:27.494778+00:00,recovery_scenario,icmp,,8,,twin_core,549445,9.9,26689536,21014,1289,22303,1,9.9327
2026-05-09T14:34:27.494778+00:00,recovery_scenario,icmp,,8,,ryu_controller,549433,19.9,60608512,35948,926,36874,37,367.5954
2026-05-09T14:34:27.596897+00:00,recovery_scenario,icmp,,8,,twin_core,549445,0.0,26689536,21014,1289,22303,0,0.0
2026-05-09T14:34:27.596897+00:00,recovery_scenario,icmp,,8,,ryu_controller,549433,9.8,60608512,35962,926,36888,14,136.8688
2026-05-09T14:34:27.697642+00:00,recovery_scenario,icmp,,8,,twin_core,549445,0.0,26689536,21014,1289,22303,0,0.0
2026-05-09T14:34:27.697642+00:00,recovery_scenario,icmp,,8,,ryu_controller,549433,29.8,60608512,35988,926,36914,26,258.5971
2026-05-09T14:34:27.798184+00:00,recovery_scenario,icmp,,8,,twin_core,549445,0.0,26689536,21014,1289,22303,0,0.0
2026-05-09T14:34:27.798184+00:00,recovery_scenario,icmp,,8,,ryu_controller,549433,19.9,60608512,36020,926,36946,32,318.446
2026-05-09T14:34:27.899437+00:00,recovery_scenario,icmp,,8,,twin_core,549445,0.0,26689536,21014,1289,22303,0,0.0
2026-05-09T14:34:27.899437+00:00,recovery_scenario,icmp,,8,,ryu_controller,549433,9.9,60608512,36048,926,36974,28,276.5063
2026-05-09T14:34:27.999895+00:00,recovery_scenario,icmp,,8,,twin_core,549445,0.0,26689536,21014,1289,22303,0,0.0
2026-05-09T14:34:27.999895+00:00,recovery_scenario,icmp,,8,,ryu_controller,549433,9.9,60608512,36069,926,36995,21,208.6452
2026-05-09T14:34:28.101448+00:00,recovery_scenario,icmp,,8,,twin_core,549445,0.0,26689536,21014,1289,22303,0,0.0
2026-05-09T14:34:28.101448+00:00,recovery_scenario,icmp,,8,,ryu_controller,549433,9.9,60608512,36078,926,37004,9,88.734
2026-05-09T14:34:28.202810+00:00,recovery_scenario,icmp,,8,,twin_core,549445,0.0,26689536,21014,1289,22303,0,0.0
2026-05-09T14:34:28.202810+00:00,recovery_scenario,icmp,,8,,ryu_controller,549433,19.7,60608512,36107,926,37033,29,285.938
2026-05-09T14:34:28.303424+00:00,recovery_scenario,icmp,,8,,twin_core,549445,0.0,26689536,21014,1289,22303,0,0.0
2026-05-09T14:34:28.303424+00:00,recovery_scenario,icmp,,8,,ryu_controller,549433,9.9,60608512,36118,926,37044,11,109.2747
2026-05-09T14:34:28.404049+00:00,recovery_scenario,icmp,,8,,twin_core,549445,0.0,26689536,21014,1289,22303,0,0.0
2026-05-09T14:34:28.404049+00:00,recovery_scenario,icmp,,8,,ryu_controller,549433,10.0,60608512,36134,926,37060,16,159.2273
2026-05-09T14:34:28.504583+00:00,recovery_scenario,icmp,,8,,twin_core,549445,0.0,26689536,21014,1289,22303,0,0.0
2026-05-09T14:34:28.504583+00:00,recovery_scenario,icmp,,8,,ryu_controller,549433,19.9,60608512,36160,926,37086,26,258.9898
2026-05-09T14:34:28.604913+00:00,recovery_scenario,icmp,,8,,twin_core,549445,0.0,26689536,21014,1289,22303,0,0.0
2026-05-09T14:34:28.604913+00:00,recovery_scenario,icmp,,8,,ryu_controller,549433,29.9,60608512,36188,926,37114,28,278.7235
2026-05-09T14:34:28.705380+00:00,recovery_scenario,icmp,,8,,twin_core,549445,0.0,26689536,21014,1289,22303,0,0.0
2026-05-09T14:34:28.705380+00:00,recovery_scenario,icmp,,8,,ryu_controller,549433,19.9,60608512,36204,926,37130,16,159.3749
2026-05-09T14:34:28.805785+00:00,recovery_scenario,icmp,,8,,twin_core,549445,0.0,26689536,21014,1289,22303,0,0.0
2026-05-09T14:34:28.805785+00:00,recovery_scenario,icmp,,8,,ryu_controller,549433,19.9,60608512,36244,926,37170,40,397.8019
2026-05-09T14:34:28.906491+00:00,recovery_scenario,icmp,,8,,twin_core,549445,0.0,26689536,21014,1289,22303,0,0.0
2026-05-09T14:34:28.906491+00:00,recovery_scenario,icmp,,8,,ryu_controller,549433,9.9,60608512,36277,926,37203,33,328.0032
2026-05-09T14:34:29.008657+00:00,recovery_scenario,icmp,,8,,twin_core,549445,0.0,26689536,21014,1289,22303,0,0.0
2026-05-09T14:34:29.008657+00:00,recovery_scenario,icmp,,8,,ryu_controller,549433,58.7,60608512,36330,927,37257,54,528.6077
2026-05-09T14:34:29.109585+00:00,recovery_scenario,icmp,,8,,twin_core,549445,0.0,26689536,21014,1289,22303,0,0.0
2026-05-09T14:34:29.109585+00:00,recovery_scenario,icmp,,8,,ryu_controller,549433,9.9,60608512,36346,927,37273,16,158.4615
2026-05-09T14:34:29.210074+00:00,recovery_scenario,icmp,,8,,twin_core,549445,0.0,26689536,21014,1289,22303,0,0.0
2026-05-09T14:34:29.210074+00:00,recovery_scenario,icmp,,8,,ryu_controller,549433,9.9,60608512,36366,927,37293,20,198.9479
2026-05-09T14:34:29.310592+00:00,recovery_scenario,icmp,,8,,twin_core,549445,0.0,26689536,21014,1289,22303,0,0.0
2026-05-09T14:34:29.310592+00:00,recovery_scenario,icmp,,8,,ryu_controller,549433,10.0,60608512,36385,927,37312,19,189.2098
2026-05-09T14:34:29.411002+00:00,recovery_scenario,icmp,,8,,twin_core,549445,0.0,26689536,21014,1289,22303,0,0.0
2026-05-09T14:34:29.411002+00:00,recovery_scenario,icmp,,8,,ryu_controller,549433,9.9,60608512,36401,927,37328,16,159.1562
2026-05-09T14:34:29.511625+00:00,recovery_scenario,icmp,,8,,twin_core,549445,19.9,26689536,21019,1289,22308,5,49.7484
2026-05-09T14:34:29.511625+00:00,recovery_scenario,icmp,,8,,ryu_controller,549433,29.8,60608512,36454,927,37381,53,527.2998
2026-05-09T14:34:29.612070+00:00,recovery_scenario,icmp,,8,,twin_core,549445,0.0,26689536,21025,1289,22314,6,59.6669
2026-05-09T14:34:29.612070+00:00,recovery_scenario,icmp,,8,,ryu_controller,549433,19.9,60608512,36478,928,37406,25,248.6121
2026-05-09T14:34:29.712622+00:00,recovery_scenario,icmp,,8,,twin_core,549445,0.0,26689536,21025,1289,22314,0,0.0
2026-05-09T14:34:29.712622+00:00,recovery_scenario,icmp,,8,,ryu_controller,549433,10.0,60608512,36496,928,37424,18,179.1219
2026-05-09T14:34:29.815404+00:00,recovery_scenario,icmp,,8,,twin_core,549445,0.0,26689536,21028,1289,22317,3,29.188
2026-05-09T14:34:29.815404+00:00,recovery_scenario,icmp,,8,,ryu_controller,549433,9.7,60608512,36508,928,37436,12,116.747
2026-05-09T14:34:29.915911+00:00,recovery_scenario,icmp,,8,,twin_core,549445,0.0,26689536,21031,1289,22320,3,29.8325
2026-05-09T14:34:29.915911+00:00,recovery_scenario,icmp,,8,,ryu_controller,549433,9.9,60608512,36518,928,37446,10,99.4372
2026-05-09T14:34:30.016450+00:00,recovery_scenario,icmp,,8,,twin_core,549445,0.0,26689536,21034,1289,22323,3,29.8727
2026-05-09T14:34:30.016450+00:00,recovery_scenario,icmp,,8,,ryu_controller,549433,10.0,60608512,36552,928,37480,34,338.5742
2026-05-09T14:34:30.117524+00:00,recovery_scenario,icmp,,8,,twin_core,549445,0.0,26689536,21037,1289,22326,3,29.6635
2026-05-09T14:34:30.117524+00:00,recovery_scenario,icmp,,8,,ryu_controller,549433,9.9,60608512,36560,928,37488,8,79.0977
2026-05-09T14:34:30.218018+00:00,recovery_scenario,icmp,,8,,twin_core,549445,10.0,26689536,21046,1289,22335,9,89.5452
2026-05-09T14:34:30.218018+00:00,recovery_scenario,icmp,,8,,ryu_controller,549433,10.0,60608512,36584,928,37512,24,238.8019
2026-05-09T14:34:30.319440+00:00,recovery_scenario,icmp,,8,,twin_core,549445,0.0,26689536,21049,1289,22338,3,29.6026
2026-05-09T14:34:30.319440+00:00,recovery_scenario,icmp,,8,,ryu_controller,549433,9.9,60608512,36602,928,37530,18,177.6434
2026-05-09T14:34:30.419839+00:00,recovery_scenario,icmp,,8,,twin_core,549445,0.0,26689536,21052,1289,22341,3,29.8795
2026-05-09T14:34:30.419839+00:00,recovery_scenario,icmp,,8,,ryu_controller,549433,0.0,60608512,36617,928,37545,15,149.3151
2026-05-09T14:34:30.520318+00:00,recovery_scenario,icmp,,8,,twin_core,549445,0.0,26689536,21055,1289,22344,3,29.8568
2026-05-09T14:34:30.520318+00:00,recovery_scenario,icmp,,8,,ryu_controller,549433,10.0,60608512,36647,928,37575,30,298.7286
2026-05-09T14:34:30.620740+00:00,recovery_scenario,icmp,,8,,twin_core,549445,0.0,26689536,21064,1289,22353,9,89.6256
2026-05-09T14:34:30.620740+00:00,recovery_scenario,icmp,,8,,ryu_controller,549433,10.0,60608512,36655,928,37583,8,79.6697
2026-05-09T14:34:30.721220+00:00,recovery_scenario,icmp,,8,,twin_core,549445,0.0,26689536,21067,1289,22356,3,29.8529
2026-05-09T14:34:30.721220+00:00,recovery_scenario,icmp,,8,,ryu_controller,549433,10.0,60608512,36673,928,37601,18,179.1236
2026-05-09T14:34:30.821636+00:00,recovery_scenario,icmp,,8,,twin_core,549445,0.0,26689536,21070,1289,22359,3,29.8703
2026-05-09T14:34:30.821636+00:00,recovery_scenario,icmp,,8,,ryu_controller,549433,10.0,60608512,36687,928,37615,14,139.3808
2026-05-09T14:34:30.922932+00:00,recovery_scenario,icmp,,8,,twin_core,549445,0.0,26689536,21073,1289,22362,3,29.4581
2026-05-09T14:34:30.922932+00:00,recovery_scenario,icmp,,8,,ryu_controller,549433,9.8,60608512,36699,928,37627,12,117.5037
2026-05-09T14:34:31.024296+00:00,recovery_scenario,icmp,,8,,twin_core,549445,0.0,26689536,21076,1289,22365,3,29.7662
2026-05-09T14:34:31.024296+00:00,recovery_scenario,icmp,,8,,ryu_controller,549433,49.7,60608512,36735,928,37663,36,358.224
2026-05-09T14:34:31.126287+00:00,recovery_scenario,icmp,,8,,twin_core,549445,0.0,26689536,21079,1289,22368,3,29.4004
2026-05-09T14:34:31.126287+00:00,recovery_scenario,icmp,,8,,ryu_controller,549433,29.4,60608512,36758,928,37686,23,225.363
2026-05-09T14:34:31.226749+00:00,recovery_scenario,icmp,,8,,twin_core,549445,0.0,26689536,21091,1289,22380,12,119.4728
2026-05-09T14:34:31.226749+00:00,recovery_scenario,icmp,,8,,ryu_controller,549433,10.0,60608512,36776,928,37704,18,179.2228
2026-05-09T14:34:31.327161+00:00,recovery_scenario,icmp,,8,,twin_core,549445,10.0,26689536,21097,1289,22386,6,59.7506
2026-05-09T14:34:31.327161+00:00,recovery_scenario,icmp,,8,,ryu_controller,549433,10.0,60608512,36794,928,37722,18,179.2542
2026-05-09T14:34:31.427678+00:00,recovery_scenario,icmp,,8,,twin_core,549445,0.0,26689536,21097,1289,22386,0,0.0
2026-05-09T14:34:31.427678+00:00,recovery_scenario,icmp,,8,,ryu_controller,549433,0.0,60608512,36805,928,37733,11,109.3772
2026-05-09T14:34:31.528251+00:00,recovery_scenario,icmp,,8,,twin_core,549445,9.9,26742784,21106,1289,22395,9,89.4936
2026-05-09T14:34:31.528251+00:00,recovery_scenario,icmp,,8,,ryu_controller,549433,59.7,60624896,36858,928,37786,53,527.0082
2026-05-09T14:34:31.628755+00:00,recovery_scenario,icmp,,8,,twin_core,549445,0.0,26742784,21115,1289,22404,9,89.5502
2026-05-09T14:34:31.628755+00:00,recovery_scenario,icmp,,8,,ryu_controller,549433,19.9,60624896,36878,928,37806,20,198.861
2026-05-09T14:34:31.729342+00:00,recovery_scenario,icmp,,8,,twin_core,549445,0.0,26742784,21118,1289,22407,3,29.8311
2026-05-09T14:34:31.729342+00:00,recovery_scenario,icmp,,8,,ryu_controller,549433,9.9,60624896,36894,928,37822,16,159.2002
2026-05-09T14:34:31.829826+00:00,recovery_scenario,icmp,,8,,twin_core,549445,0.0,26742784,21118,1289,22407,0,0.0
2026-05-09T14:34:31.829826+00:00,recovery_scenario,icmp,,8,,ryu_controller,549433,0.0,60624896,36898,928,37826,4,39.7869
2026-05-09T14:34:31.930358+00:00,recovery_scenario,icmp,,8,,twin_core,549445,9.9,26742784,21124,1289,22413,6,59.6937
2026-05-09T14:34:31.930358+00:00,recovery_scenario,icmp,,8,,ryu_controller,549433,10.0,60624896,36909,928,37837,11,109.4888
2026-05-09T14:34:32.030822+00:00,recovery_scenario,icmp,,8,,twin_core,549445,0.0,26742784,21133,1289,22422,9,89.5954
2026-05-09T14:34:32.030822+00:00,recovery_scenario,icmp,,8,,ryu_controller,549433,0.0,60624896,36928,928,37856,19,188.8286
2026-05-09T14:34:32.131444+00:00,recovery_scenario,icmp,,8,,twin_core,549445,0.0,26742784,21139,1289,22428,6,59.6372
2026-05-09T14:34:32.131444+00:00,recovery_scenario,icmp,,8,,ryu_controller,549433,19.9,60624896,36962,928,37890,34,338.5446
2026-05-09T14:34:32.232499+00:00,recovery_scenario,icmp,,8,,twin_core,549445,0.0,26742784,21139,1289,22428,0,0.0
2026-05-09T14:34:32.232499+00:00,recovery_scenario,icmp,,8,,ryu_controller,549433,9.9,60624896,36977,928,37905,15,148.4159
2026-05-09T14:34:32.334608+00:00,recovery_scenario,icmp,,8,,twin_core,549445,0.0,26742784,21145,1289,22434,6,58.7629
2026-05-09T14:34:32.334608+00:00,recovery_scenario,icmp,,8,,ryu_controller,549433,0.0,60624896,36988,928,37916,11,107.743
2026-05-09T14:34:32.435031+00:00,recovery_scenario,icmp,,8,,twin_core,549445,0.0,26742784,21154,1289,22443,9,89.5322
2026-05-09T14:34:32.435031+00:00,recovery_scenario,icmp,,8,,ryu_controller,549433,29.8,60624896,37021,928,37949,33,328.2435
2026-05-09T14:34:32.535603+00:00,recovery_scenario,icmp,,8,,twin_core,549445,0.0,26742784,21160,1289,22449,6,59.7245
2026-05-09T14:34:32.535603+00:00,recovery_scenario,icmp,,8,,ryu_controller,549433,19.9,60624896,37062,928,37990,41,408.1941
2026-05-09T14:34:32.636752+00:00,recovery_scenario,icmp,,8,,twin_core,549445,0.0,26742784,21160,1289,22449,0,0.0
2026-05-09T14:34:32.636752+00:00,recovery_scenario,icmp,,8,,ryu_controller,549433,9.9,60624896,37073,928,38001,11,108.4134
2026-05-09T14:34:32.737559+00:00,recovery_scenario,icmp,,8,,twin_core,549445,0.0,26742784,21166,1289,22455,6,59.5063
2026-05-09T14:34:32.737559+00:00,recovery_scenario,icmp,,8,,ryu_controller,549433,0.0,60624896,37080,928,38008,7,69.5403
2026-05-09T14:34:32.839022+00:00,recovery_scenario,icmp,,8,,twin_core,549445,0.0,26742784,21172,1289,22461,6,59.156
2026-05-09T14:34:32.839022+00:00,recovery_scenario,icmp,,8,,ryu_controller,549433,9.9,60624896,37094,928,38022,14,138.0404
2026-05-09T14:34:32.940148+00:00,recovery_scenario,icmp,,8,,twin_core,549445,0.0,26742784,21175,1289,22464,3,29.6711
2026-05-09T14:34:32.940148+00:00,recovery_scenario,icmp,,8,,ryu_controller,549433,0.0,60624896,37113,928,38041,19,187.8921
2026-05-09T14:34:33.040713+00:00,recovery_scenario,icmp,,8,,twin_core,549445,9.9,26742784,21181,1290,22471,7,69.6187
2026-05-09T14:34:33.040713+00:00,recovery_scenario,icmp,,8,,ryu_controller,549433,39.8,60624896,37146,928,38074,33,328.2426
2026-05-09T14:34:33.111704+00:00,recovery_scenario,icmp,,8,pingall_completed,,,,,,,,,
2026-05-09T14:34:33.141947+00:00,recovery_scenario,icmp,,8,,twin_core,549445,0.0,26742784,21191,1290,22481,10,98.657
2026-05-09T14:34:33.141947+00:00,recovery_scenario,icmp,,8,,ryu_controller,549433,69.0,60624896,37192,929,38121,47,463.532
2026-05-09T14:34:33.245617+00:00,recovery_scenario,icmp,,8,,twin_core,549445,0.0,26742784,21191,1290,22481,0,0.0
2026-05-09T14:34:33.245617+00:00,recovery_scenario,icmp,,8,,ryu_controller,549433,0.0,60624896,37200,929,38129,8,77.2766
2026-05-09T14:34:33.347084+00:00,recovery_scenario,icmp,,8,,twin_core,549445,0.0,26742784,21191,1290,22481,0,0.0
2026-05-09T14:34:33.347084+00:00,recovery_scenario,icmp,,8,,ryu_controller,549433,9.8,60624896,37204,929,38133,4,39.3962
2026-05-09T14:34:33.452429+00:00,recovery_scenario,icmp,,8,,twin_core,549445,0.0,26742784,21191,1290,22481,0,0.0
2026-05-09T14:34:33.452429+00:00,recovery_scenario,icmp,,8,,ryu_controller,549433,0.0,60624896,37208,929,38137,4,37.9685
2026-05-09T14:34:33.553009+00:00,recovery_scenario,icmp,,8,,twin_core,549445,9.9,26742784,21191,1290,22481,0,0.0
2026-05-09T14:34:33.553009+00:00,recovery_scenario,icmp,,8,,ryu_controller,549433,29.9,60624896,37238,929,38167,30,298.6732
2026-05-09T14:34:33.654165+00:00,recovery_scenario,icmp,,8,,twin_core,549445,9.9,26787840,21191,1290,22481,0,0.0
2026-05-09T14:34:33.654165+00:00,recovery_scenario,icmp,,8,,ryu_controller,549433,39.5,60624896,37270,929,38199,32,316.1739
2026-05-09T14:34:33.755403+00:00,recovery_scenario,icmp,,8,,twin_core,549445,0.0,26787840,21191,1290,22481,0,0.0
2026-05-09T14:34:33.755403+00:00,recovery_scenario,icmp,,8,,ryu_controller,549433,0.0,60624896,37274,929,38203,4,39.503
2026-05-09T14:34:33.858182+00:00,recovery_scenario,icmp,,8,,twin_core,549445,0.0,26787840,21191,1290,22481,0,0.0
2026-05-09T14:34:33.858182+00:00,recovery_scenario,icmp,,8,,ryu_controller,549433,0.0,60624896,37278,929,38207,4,38.7883
2026-05-09T14:34:33.959653+00:00,recovery_scenario,icmp,,8,,twin_core,549445,0.0,26787840,21191,1290,22481,0,0.0
2026-05-09T14:34:33.959653+00:00,recovery_scenario,icmp,,8,,ryu_controller,549433,9.9,60624896,37281,929,38210,3,29.5818
2026-05-09T14:34:34.065255+00:00,recovery_scenario,icmp,,8,,twin_core,549445,0.0,26787840,21191,1290,22481,0,0.0
2026-05-09T14:34:34.065255+00:00,recovery_scenario,icmp,,8,,ryu_controller,549433,0.0,60624896,37283,929,38212,2,18.8251
2026-05-09T14:34:34.123621+00:00,recovery_scenario,icmp,,8,background_traffic_started,,,,,,,,,
2026-05-09T14:34:34.167293+00:00,recovery_scenario,icmp,,8,,twin_core,549445,9.8,26787840,21200,1291,22491,10,98.6553
2026-05-09T14:34:34.167293+00:00,recovery_scenario,icmp,,8,,ryu_controller,549433,0.0,60624896,37298,929,38227,15,148.2999
2026-05-09T14:34:34.268375+00:00,recovery_scenario,icmp,,8,,twin_core,549445,9.9,26787840,21257,1291,22548,57,564.1373
2026-05-09T14:34:34.268375+00:00,recovery_scenario,icmp,,8,,ryu_controller,549433,0.0,60624896,37300,929,38229,2,19.8071
2026-05-09T14:34:34.273675+00:00,recovery_scenario,icmp,,8,fault_injected,,,,,,,,,
2026-05-09T14:34:34.368890+00:00,recovery_scenario,icmp,,8,,twin_core,549445,0.0,26787840,21315,1293,22608,60,596.3516
2026-05-09T14:34:34.368890+00:00,recovery_scenario,icmp,,8,,ryu_controller,549433,19.9,60624896,37311,931,38242,13,129.0243
2026-05-09T14:34:34.469649+00:00,recovery_scenario,icmp,,8,,twin_core,549445,9.9,26787840,21381,1294,22675,67,665.0138
2026-05-09T14:34:34.469649+00:00,recovery_scenario,icmp,,8,,ryu_controller,549433,0.0,60624896,37315,931,38246,4,39.64
2026-05-09T14:34:34.570512+00:00,recovery_scenario,icmp,,8,,twin_core,549445,0.0,26791936,21412,1294,22706,31,307.5548
2026-05-09T14:34:34.570512+00:00,recovery_scenario,icmp,,8,,ryu_controller,549433,9.9,60624896,37332,931,38263,17,169.1655
2026-05-09T14:34:34.671093+00:00,recovery_scenario,icmp,,8,,twin_core,549445,0.0,26791936,21412,1294,22706,0,0.0
2026-05-09T14:34:34.671093+00:00,recovery_scenario,icmp,,8,,ryu_controller,549433,0.0,60624896,37341,931,38272,9,89.3367
2026-05-09T14:34:34.772051+00:00,recovery_scenario,icmp,,8,,twin_core,549445,0.0,26791936,21412,1294,22706,0,0.0
2026-05-09T14:34:34.772051+00:00,recovery_scenario,icmp,,8,,ryu_controller,549433,9.9,60624896,37345,931,38276,4,39.6149
2026-05-09T14:34:34.875708+00:00,recovery_scenario,icmp,,8,,twin_core,549445,0.0,26791936,21412,1294,22706,0,0.0
2026-05-09T14:34:34.875708+00:00,recovery_scenario,icmp,,8,,ryu_controller,549433,0.0,60624896,37349,931,38280,4,38.5705
2026-05-09T14:34:34.979439+00:00,recovery_scenario,icmp,,8,,twin_core,549445,9.6,26791936,21412,1294,22706,0,0.0
2026-05-09T14:34:34.979439+00:00,recovery_scenario,icmp,,8,,ryu_controller,549433,0.0,60624896,37353,931,38284,4,38.6176
2026-05-09T14:34:35.080018+00:00,recovery_scenario,icmp,,8,,twin_core,549445,0.0,26791936,21413,1294,22707,1,9.9384
2026-05-09T14:34:35.080018+00:00,recovery_scenario,icmp,,8,,ryu_controller,549433,9.9,60624896,37365,931,38296,12,119.2669
2026-05-09T14:34:35.180705+00:00,recovery_scenario,icmp,,8,,twin_core,549445,0.0,26791936,21413,1294,22707,0,0.0
2026-05-09T14:34:35.180705+00:00,recovery_scenario,icmp,,8,,ryu_controller,549433,19.9,60624896,37388,931,38319,23,228.612
2026-05-09T14:34:35.282190+00:00,recovery_scenario,icmp,,8,,twin_core,549445,0.0,26791936,21413,1294,22707,0,0.0
2026-05-09T14:34:35.282190+00:00,recovery_scenario,icmp,,8,,ryu_controller,549433,29.6,60624896,37421,931,38352,33,325.3206
2026-05-09T14:34:35.383489+00:00,recovery_scenario,icmp,,8,,twin_core,549445,0.0,26791936,21413,1294,22707,0,0.0
2026-05-09T14:34:35.383489+00:00,recovery_scenario,icmp,,8,,ryu_controller,549433,0.0,60624896,37423,931,38354,2,19.7056
2026-05-09T14:34:35.484481+00:00,recovery_scenario,icmp,,8,,twin_core,549445,0.0,26791936,21413,1294,22707,0,0.0
2026-05-09T14:34:35.484481+00:00,recovery_scenario,icmp,,8,,ryu_controller,549433,0.0,60624896,37426,931,38357,3,29.6152
2026-05-09T14:34:35.528384+00:00,recovery_scenario,icmp,,8,recovery_requested,,,,,,,,,
2026-05-09T14:34:35.585549+00:00,recovery_scenario,icmp,,8,,twin_core,549445,9.9,26791936,21440,1298,22738,31,307.4834
2026-05-09T14:34:35.585549+00:00,recovery_scenario,icmp,,8,,ryu_controller,549433,29.8,60624896,37443,940,38383,26,258.711
2026-05-09T14:34:35.685940+00:00,recovery_scenario,icmp,,8,,twin_core,549445,10.0,26791936,21498,1299,22797,59,586.5026
2026-05-09T14:34:35.685940+00:00,recovery_scenario,icmp,,8,,ryu_controller,549433,69.6,60624896,37488,947,38435,52,516.9353
2026-05-09T14:34:35.786826+00:00,recovery_scenario,icmp,,8,,twin_core,549445,9.9,26791936,21559,1299,22858,61,605.758
2026-05-09T14:34:35.786826+00:00,recovery_scenario,icmp,,8,,ryu_controller,549433,49.4,60624896,37532,948,38480,45,444.5608
2026-05-09T14:34:35.887876+00:00,recovery_scenario,icmp,,8,,twin_core,549445,0.0,26791936,21561,1299,22860,2,19.7946
2026-05-09T14:34:35.887876+00:00,recovery_scenario,icmp,,8,,ryu_controller,549433,29.8,60624896,37582,948,38530,50,496.3254
2026-05-09T14:34:35.989097+00:00,recovery_scenario,icmp,,8,,twin_core,549445,0.0,26791936,21561,1299,22860,0,0.0
2026-05-09T14:34:35.989097+00:00,recovery_scenario,icmp,,8,,ryu_controller,549433,19.7,60624896,37614,948,38562,32,316.3242
2026-05-09T14:34:36.089665+00:00,recovery_scenario,icmp,,8,,twin_core,549445,0.0,26791936,21561,1299,22860,0,0.0
2026-05-09T14:34:36.089665+00:00,recovery_scenario,icmp,,8,,ryu_controller,549433,10.0,60624896,37620,948,38568,6,59.7189
2026-05-09T14:34:36.190157+00:00,recovery_scenario,icmp,,8,,twin_core,549445,0.0,26791936,21561,1299,22860,0,0.0
2026-05-09T14:34:36.190157+00:00,recovery_scenario,icmp,,8,,ryu_controller,549433,10.0,60624896,37636,948,38584,16,159.2461
2026-05-09T14:34:36.291685+00:00,recovery_scenario,icmp,,8,,twin_core,549445,0.0,26791936,21562,1299,22861,1,9.8498
2026-05-09T14:34:36.291685+00:00,recovery_scenario,icmp,,8,,ryu_controller,549433,0.0,60624896,37654,948,38602,18,177.3117
2026-05-09T14:34:36.393393+00:00,recovery_scenario,icmp,,8,,twin_core,549445,0.0,26791936,21562,1299,22861,0,0.0
2026-05-09T14:34:36.393393+00:00,recovery_scenario,icmp,,8,,ryu_controller,549433,0.0,60624896,37657,948,38605,3,29.4544
2026-05-09T14:34:36.498198+00:00,recovery_scenario,icmp,,8,,twin_core,549445,0.0,26791936,21562,1299,22861,0,0.0
2026-05-09T14:34:36.498198+00:00,recovery_scenario,icmp,,8,,ryu_controller,549433,0.0,60624896,37664,948,38612,7,66.8368
2026-05-09T14:34:36.598722+00:00,recovery_scenario,icmp,,8,,twin_core,549445,0.0,26791936,21562,1299,22861,0,0.0
2026-05-09T14:34:36.598722+00:00,recovery_scenario,icmp,,8,,ryu_controller,549433,10.0,60624896,37673,948,38621,9,89.5818
2026-05-09T14:34:36.703884+00:00,recovery_scenario,icmp,,8,,twin_core,549445,0.0,26791936,21562,1299,22861,0,0.0
2026-05-09T14:34:36.703884+00:00,recovery_scenario,icmp,,8,,ryu_controller,549433,9.5,60624896,37700,948,38648,27,256.0063
2026-05-09T14:34:36.805711+00:00,recovery_scenario,icmp,,8,,twin_core,549445,0.0,26791936,21563,1299,22862,1,9.8366
2026-05-09T14:34:36.805711+00:00,recovery_scenario,icmp,,8,,ryu_controller,549433,0.0,60624896,37703,948,38651,3,29.5054
2026-05-09T14:34:36.906829+00:00,recovery_scenario,icmp,,8,,twin_core,549445,0.0,26791936,21563,1299,22862,0,0.0
2026-05-09T14:34:36.906829+00:00,recovery_scenario,icmp,,8,,ryu_controller,549433,0.0,60624896,37708,948,38656,5,49.4611
2026-05-09T14:34:37.007432+00:00,recovery_scenario,icmp,,8,,twin_core,549445,0.0,26791936,21563,1299,22862,0,0.0
2026-05-09T14:34:37.007432+00:00,recovery_scenario,icmp,,8,,ryu_controller,549433,9.9,60624896,37717,948,38665,9,89.5988
2026-05-09T14:34:37.110456+00:00,recovery_scenario,icmp,,8,,twin_core,549445,0.0,26791936,21563,1299,22862,0,0.0
2026-05-09T14:34:37.110456+00:00,recovery_scenario,icmp,,8,,ryu_controller,549433,0.0,60624896,37724,948,38672,7,67.8993
2026-05-09T14:34:37.213179+00:00,recovery_scenario,icmp,,8,,twin_core,549445,0.0,26791936,21563,1299,22862,0,0.0
2026-05-09T14:34:37.213179+00:00,recovery_scenario,icmp,,8,,ryu_controller,549433,9.7,60624896,37730,948,38678,6,58.4014
2026-05-09T14:34:37.292096+00:00,recovery_scenario,icmp,,8,scenario_teardown,,,,,,,,,
2026-05-09T14:34:37.313732+00:00,recovery_scenario,icmp,,8,,twin_core,549445,0.0,26791936,21565,1299,22864,2,19.8953
2026-05-09T14:34:37.313732+00:00,recovery_scenario,icmp,,8,,ryu_controller,549433,59.7,60624896,37783,948,38731,53,527.255
2026-05-09T14:34:37.414288+00:00,recovery_scenario,icmp,,8,,twin_core,549445,9.9,26791936,21587,1301,22888,24,238.7747
2026-05-09T14:34:37.414288+00:00,recovery_scenario,icmp,,8,,ryu_controller,549433,10.0,60624896,37793,951,38744,13,129.3696
2026-05-09T14:34:37.515172+00:00,recovery_scenario,icmp,,8,,twin_core,549445,0.0,26791936,21611,1302,22913,25,247.7774
2026-05-09T14:34:37.515172+00:00,recovery_scenario,icmp,,8,,ryu_controller,549433,9.9,60624896,37798,955,38753,9,89.1891
2026-05-09T14:34:37.615618+00:00,recovery_scenario,icmp,,8,,twin_core,549445,10.0,26791936,21618,1303,22921,8,79.5567
2026-05-09T14:34:37.615618+00:00,recovery_scenario,icmp,,8,,ryu_controller,549433,0.0,60624896,37803,958,38761,8,79.5436
2026-05-09T14:34:37.716222+00:00,recovery_scenario,icmp,,8,,twin_core,549445,0.0,26791936,21637,1303,22940,19,188.9838
2026-05-09T14:34:37.716222+00:00,recovery_scenario,icmp,,8,,ryu_controller,549433,9.9,60624896,37816,960,38776,15,149.1951
2026-05-09T14:34:37.821245+00:00,recovery_scenario,icmp,,8,,twin_core,549445,0.0,26791936,21637,1303,22940,0,0.0
2026-05-09T14:34:37.821245+00:00,recovery_scenario,icmp,,8,,ryu_controller,549433,0.0,60624896,37817,960,38777,1,9.5147
2026-05-09T14:34:37.926649+00:00,recovery_scenario,icmp,,8,,twin_core,549445,0.0,26791936,21637,1303,22940,0,0.0
2026-05-09T14:34:37.926649+00:00,recovery_scenario,icmp,,8,,ryu_controller,549433,0.0,60624896,37817,960,38777,0,0.0
2026-05-09T14:34:38.031508+00:00,recovery_scenario,icmp,,8,,twin_core,549445,0.0,26791936,21637,1303,22940,0,0.0
2026-05-09T14:34:38.031508+00:00,recovery_scenario,icmp,,8,,ryu_controller,549433,0.0,60624896,37819,960,38779,2,19.1407
2026-05-09T14:34:38.140043+00:00,recovery_scenario,icmp,,8,,twin_core,549445,0.0,26791936,21637,1303,22940,0,0.0
2026-05-09T14:34:38.140043+00:00,recovery_scenario,icmp,,8,,ryu_controller,549433,0.0,60624896,37835,960,38795,16,146.3933
2026-05-09T14:34:38.241978+00:00,recovery_scenario,icmp,,8,,twin_core,549445,0.0,26791936,21637,1303,22940,0,0.0
2026-05-09T14:34:38.241978+00:00,recovery_scenario,icmp,,8,,ryu_controller,549433,9.9,60624896,37842,960,38802,7,69.1664
2026-05-09T14:34:38.346887+00:00,recovery_scenario,icmp,,8,,twin_core,549445,9.5,26791936,21637,1303,22940,0,0.0
2026-05-09T14:34:38.346887+00:00,recovery_scenario,icmp,,8,,ryu_controller,549433,0.0,60624896,37856,960,38816,14,131.8462
2026-05-09T14:34:38.452474+00:00,recovery_scenario,icmp,,8,,twin_core,549445,0.0,26791936,21637,1303,22940,0,0.0
2026-05-09T14:34:38.452474+00:00,recovery_scenario,icmp,,8,,ryu_controller,549433,0.0,60624896,37858,960,38818,2,18.835
2026-05-09T14:34:38.557055+00:00,recovery_scenario,icmp,,8,,twin_core,549445,0.0,26791936,21637,1303,22940,0,0.0
2026-05-09T14:34:38.557055+00:00,recovery_scenario,icmp,,8,,ryu_controller,549433,0.0,60624896,37870,960,38830,12,117.1269
2026-05-09T14:34:38.659679+00:00,recovery_scenario,icmp,,8,,twin_core,549445,0.0,26791936,21637,1303,22940,0,0.0
2026-05-09T14:34:38.659679+00:00,recovery_scenario,icmp,,8,,ryu_controller,549433,0.0,60624896,37883,960,38843,13,126.5769
2026-05-09T14:34:39.194612+00:00,recovery_scenario,icmp,,9,,twin_core,549445,0.0,26800128,22020,1349,23369,0,0.0
2026-05-09T14:34:39.194612+00:00,recovery_scenario,icmp,,9,,ryu_controller,549433,0.0,60624896,37896,960,38856,0,0.0
2026-05-09T14:34:39.296488+00:00,recovery_scenario,icmp,,9,,twin_core,549445,9.8,26800128,22064,1355,23419,50,496.6534
2026-05-09T14:34:39.296488+00:00,recovery_scenario,icmp,,9,,ryu_controller,549433,49.7,60624896,37901,970,38871,15,149.2966
2026-05-09T14:34:39.396977+00:00,recovery_scenario,icmp,,9,,twin_core,549445,0.0,26800128,22165,1357,23522,103,1023.8888
2026-05-09T14:34:39.396977+00:00,recovery_scenario,icmp,,9,,ryu_controller,549433,39.8,60624896,37939,971,38910,39,387.6737
2026-05-09T14:34:39.456544+00:00,recovery_scenario,icmp,,9,service_started,,,,,,,,,
2026-05-09T14:34:39.497668+00:00,recovery_scenario,icmp,,9,,twin_core,549445,19.9,26800128,22225,1357,23582,60,596.0848
2026-05-09T14:34:39.497668+00:00,recovery_scenario,icmp,,9,,ryu_controller,549433,39.7,60624896,37995,972,38967,57,565.0369
2026-05-09T14:34:39.598680+00:00,recovery_scenario,icmp,,9,,twin_core,549445,0.0,26800128,22226,1357,23583,1,9.9047
2026-05-09T14:34:39.598680+00:00,recovery_scenario,icmp,,9,,ryu_controller,549433,29.7,60624896,38034,972,39006,39,387.1319
2026-05-09T14:34:39.701710+00:00,recovery_scenario,icmp,,9,,twin_core,549445,0.0,26800128,22226,1357,23583,0,0.0
2026-05-09T14:34:39.701710+00:00,recovery_scenario,icmp,,9,,ryu_controller,549433,19.4,60624896,38052,972,39024,18,174.6952
2026-05-09T14:34:39.802431+00:00,recovery_scenario,icmp,,9,,twin_core,549445,0.0,26800128,22226,1357,23583,0,0.0
2026-05-09T14:34:39.802431+00:00,recovery_scenario,icmp,,9,,ryu_controller,549433,19.9,60624896,38090,972,39062,38,377.4124
2026-05-09T14:34:39.902870+00:00,recovery_scenario,icmp,,9,,twin_core,549445,0.0,26800128,22226,1357,23583,0,0.0
2026-05-09T14:34:39.902870+00:00,recovery_scenario,icmp,,9,,ryu_controller,549433,19.9,60624896,38120,972,39092,30,298.401
2026-05-09T14:34:40.005045+00:00,recovery_scenario,icmp,,9,,twin_core,549445,9.8,26800128,22226,1357,23583,0,0.0
2026-05-09T14:34:40.005045+00:00,recovery_scenario,icmp,,9,,ryu_controller,549433,9.8,60624896,38138,972,39110,18,176.0599
2026-05-09T14:34:40.105634+00:00,recovery_scenario,icmp,,9,,twin_core,549445,0.0,26800128,22226,1357,23583,0,0.0
2026-05-09T14:34:40.105634+00:00,recovery_scenario,icmp,,9,,ryu_controller,549433,19.9,60624896,38168,973,39141,31,308.6092
2026-05-09T14:34:40.206142+00:00,recovery_scenario,icmp,,9,,twin_core,549445,0.0,26800128,22226,1357,23583,0,0.0
2026-05-09T14:34:40.206142+00:00,recovery_scenario,icmp,,9,,ryu_controller,549433,9.9,60624896,38206,973,39179,38,377.9057
2026-05-09T14:34:40.306723+00:00,recovery_scenario,icmp,,9,,twin_core,549445,0.0,26800128,22226,1357,23583,0,0.0
2026-05-09T14:34:40.306723+00:00,recovery_scenario,icmp,,9,,ryu_controller,549433,9.9,60624896,38228,973,39201,22,218.8284
2026-05-09T14:34:40.407217+00:00,recovery_scenario,icmp,,9,,twin_core,549445,0.0,26800128,22226,1357,23583,0,0.0
2026-05-09T14:34:40.407217+00:00,recovery_scenario,icmp,,9,,ryu_controller,549433,19.9,60624896,38269,973,39242,41,408.1217
2026-05-09T14:34:40.510632+00:00,recovery_scenario,icmp,,9,,twin_core,549445,0.0,26800128,22226,1357,23583,0,0.0
2026-05-09T14:34:40.510632+00:00,recovery_scenario,icmp,,9,,ryu_controller,549433,9.7,60624896,38299,973,39272,30,289.8468
2026-05-09T14:34:40.612049+00:00,recovery_scenario,icmp,,9,,twin_core,549445,0.0,26800128,22226,1357,23583,0,0.0
2026-05-09T14:34:40.612049+00:00,recovery_scenario,icmp,,9,,ryu_controller,549433,29.6,60624896,38343,973,39316,44,433.7814
2026-05-09T14:34:40.713233+00:00,recovery_scenario,icmp,,9,,twin_core,549445,0.0,26800128,22226,1357,23583,0,0.0
2026-05-09T14:34:40.713233+00:00,recovery_scenario,icmp,,9,,ryu_controller,549433,29.7,60624896,38394,973,39367,51,504.5222
2026-05-09T14:34:40.813643+00:00,recovery_scenario,icmp,,9,,twin_core,549445,0.0,26800128,22226,1357,23583,0,0.0
2026-05-09T14:34:40.813643+00:00,recovery_scenario,icmp,,9,,ryu_controller,549433,10.0,60624896,38448,973,39421,54,537.8161
2026-05-09T14:34:40.914057+00:00,recovery_scenario,icmp,,9,,twin_core,549445,0.0,26800128,22226,1357,23583,0,0.0
2026-05-09T14:34:40.914057+00:00,recovery_scenario,icmp,,9,,ryu_controller,549433,9.9,60624896,38501,973,39474,53,527.1388
2026-05-09T14:34:41.014709+00:00,recovery_scenario,icmp,,9,,twin_core,549445,0.0,26800128,22226,1357,23583,0,0.0
2026-05-09T14:34:41.014709+00:00,recovery_scenario,icmp,,9,,ryu_controller,549433,29.8,60624896,38551,973,39524,50,497.4234
2026-05-09T14:34:41.115170+00:00,recovery_scenario,icmp,,9,,twin_core,549445,0.0,26800128,22226,1357,23583,0,0.0
2026-05-09T14:34:41.115170+00:00,recovery_scenario,icmp,,9,,ryu_controller,549433,19.9,60624896,38575,973,39548,24,238.862
2026-05-09T14:34:41.215633+00:00,recovery_scenario,icmp,,9,,twin_core,549445,0.0,26800128,22226,1357,23583,0,0.0
2026-05-09T14:34:41.215633+00:00,recovery_scenario,icmp,,9,,ryu_controller,549433,19.9,60624896,38601,973,39574,26,258.7315
2026-05-09T14:34:41.316799+00:00,recovery_scenario,icmp,,9,,twin_core,549445,0.0,26800128,22226,1357,23583,0,0.0
2026-05-09T14:34:41.316799+00:00,recovery_scenario,icmp,,9,,ryu_controller,549433,19.7,60624896,38625,973,39598,24,236.78
2026-05-09T14:34:41.421340+00:00,recovery_scenario,icmp,,9,,twin_core,549445,0.0,26800128,22226,1357,23583,0,0.0
2026-05-09T14:34:41.421340+00:00,recovery_scenario,icmp,,9,,ryu_controller,549433,19.2,60624896,38680,973,39653,55,526.853
2026-05-09T14:34:41.521950+00:00,recovery_scenario,icmp,,9,,twin_core,549445,9.9,26800128,22226,1357,23583,0,0.0
2026-05-09T14:34:41.521950+00:00,recovery_scenario,icmp,,9,,ryu_controller,549433,19.9,60624896,38704,973,39677,24,238.6031
2026-05-09T14:34:41.622610+00:00,recovery_scenario,icmp,,9,,twin_core,549445,0.0,26800128,22231,1357,23588,5,49.6901
2026-05-09T14:34:41.622610+00:00,recovery_scenario,icmp,,9,,ryu_controller,549433,29.8,60624896,38762,973,39735,58,576.3527
2026-05-09T14:34:41.723262+00:00,recovery_scenario,icmp,,9,,twin_core,549445,0.0,26800128,22237,1357,23594,6,59.6233
2026-05-09T14:34:41.723262+00:00,recovery_scenario,icmp,,9,,ryu_controller,549433,9.9,60624896,38786,973,39759,24,238.5212
2026-05-09T14:34:41.823669+00:00,recovery_scenario,icmp,,9,,twin_core,549445,0.0,26800128,22237,1357,23594,0,0.0
2026-05-09T14:34:41.823669+00:00,recovery_scenario,icmp,,9,,ryu_controller,549433,19.9,60624896,38805,973,39778,19,189.1579
2026-05-09T14:34:41.924710+00:00,recovery_scenario,icmp,,9,,twin_core,549445,0.0,26800128,22240,1357,23597,3,29.6883
2026-05-09T14:34:41.924710+00:00,recovery_scenario,icmp,,9,,ryu_controller,549433,9.9,60624896,38824,973,39797,19,188.0037
2026-05-09T14:34:42.025198+00:00,recovery_scenario,icmp,,9,,twin_core,549445,0.0,26800128,22243,1357,23600,3,29.8596
2026-05-09T14:34:42.025198+00:00,recovery_scenario,icmp,,9,,ryu_controller,549433,19.9,60624896,38845,973,39818,21,209.0481
2026-05-09T14:34:42.126689+00:00,recovery_scenario,icmp,,9,,twin_core,549445,0.0,26800128,22246,1357,23603,3,29.5599
2026-05-09T14:34:42.126689+00:00,recovery_scenario,icmp,,9,,ryu_controller,549433,0.0,60624896,38860,973,39833,15,147.7901
2026-05-09T14:34:42.227282+00:00,recovery_scenario,icmp,,9,,twin_core,549445,9.9,26800128,22249,1357,23606,3,29.7912
2026-05-09T14:34:42.227282+00:00,recovery_scenario,icmp,,9,,ryu_controller,549433,9.9,60624896,38870,973,39843,10,99.1818
2026-05-09T14:34:42.327975+00:00,recovery_scenario,icmp,,9,,twin_core,549445,9.9,26800128,22258,1357,23615,9,89.4232
2026-05-09T14:34:42.327975+00:00,recovery_scenario,icmp,,9,,ryu_controller,549433,9.9,60624896,38912,973,39885,42,417.6945
2026-05-09T14:34:42.428530+00:00,recovery_scenario,icmp,,9,,twin_core,549445,0.0,26800128,22261,1357,23618,3,29.8308
2026-05-09T14:34:42.428530+00:00,recovery_scenario,icmp,,9,,ryu_controller,549433,19.9,60624896,38944,973,39917,32,318.1535
2026-05-09T14:34:42.529155+00:00,recovery_scenario,icmp,,9,,twin_core,549445,0.0,26800128,22264,1357,23621,3,29.8261
2026-05-09T14:34:42.529155+00:00,recovery_scenario,icmp,,9,,ryu_controller,549433,9.9,60624896,38970,973,39943,26,258.5722
2026-05-09T14:34:42.629645+00:00,recovery_scenario,icmp,,9,,twin_core,549445,0.0,26800128,22267,1357,23624,3,29.8637
2026-05-09T14:34:42.629645+00:00,recovery_scenario,icmp,,9,,ryu_controller,549433,19.9,60624896,38993,973,39966,23,228.9815
2026-05-09T14:34:42.730089+00:00,recovery_scenario,icmp,,9,,twin_core,549445,0.0,26800128,22276,1357,23633,9,89.565
2026-05-09T14:34:42.730089+00:00,recovery_scenario,icmp,,9,,ryu_controller,549433,0.0,60624896,39005,973,39978,12,119.4364
2026-05-09T14:34:42.831232+00:00,recovery_scenario,icmp,,9,,twin_core,549445,0.0,26800128,22279,1357,23636,3,29.6636
2026-05-09T14:34:42.831232+00:00,recovery_scenario,icmp,,9,,ryu_controller,549433,9.9,60624896,39025,973,39998,20,197.7132
2026-05-09T14:34:42.931735+00:00,recovery_scenario,icmp,,9,,twin_core,549445,0.0,26800128,22282,1357,23639,3,29.8441
2026-05-09T14:34:42.931735+00:00,recovery_scenario,icmp,,9,,ryu_controller,549433,9.9,60624896,39038,973,40011,13,129.2805
2026-05-09T14:34:43.032986+00:00,recovery_scenario,icmp,,9,,twin_core,549445,0.0,26800128,22285,1357,23642,3,29.6247
2026-05-09T14:34:43.032986+00:00,recovery_scenario,icmp,,9,,ryu_controller,549433,9.9,60624896,39050,973,40023,12,118.5161
2026-05-09T14:34:43.133523+00:00,recovery_scenario,icmp,,9,,twin_core,549445,0.0,26800128,22288,1357,23645,3,29.8624
2026-05-09T14:34:43.133523+00:00,recovery_scenario,icmp,,9,,ryu_controller,549433,10.0,60624896,39062,973,40035,12,119.4196
2026-05-09T14:34:43.234024+00:00,recovery_scenario,icmp,,9,,twin_core,549445,0.0,26800128,22291,1357,23648,3,29.8076
2026-05-09T14:34:43.234024+00:00,recovery_scenario,icmp,,9,,ryu_controller,549433,0.0,60624896,39068,973,40041,6,59.6379
2026-05-09T14:34:43.335251+00:00,recovery_scenario,icmp,,9,,twin_core,549445,0.0,26800128,22303,1357,23660,12,118.7402
2026-05-09T14:34:43.335251+00:00,recovery_scenario,icmp,,9,,ryu_controller,549433,19.8,60624896,39083,973,40056,15,148.4653
2026-05-09T14:34:43.435651+00:00,recovery_scenario,icmp,,9,,twin_core,549445,0.0,26800128,22309,1357,23666,6,59.763
2026-05-09T14:34:43.435651+00:00,recovery_scenario,icmp,,9,,ryu_controller,549433,39.8,60624896,39126,973,40099,43,428.3171
2026-05-09T14:34:43.536044+00:00,recovery_scenario,icmp,,9,,twin_core,549445,0.0,26800128,22309,1357,23666,0,0.0
2026-05-09T14:34:43.536044+00:00,recovery_scenario,icmp,,9,,ryu_controller,549433,29.8,60624896,39146,974,40120,21,208.7169
2026-05-09T14:34:43.637637+00:00,recovery_scenario,icmp,,9,,twin_core,549445,9.8,26800128,22315,1357,23672,6,59.0615
2026-05-09T14:34:43.637637+00:00,recovery_scenario,icmp,,9,,ryu_controller,549433,78.7,60624896,39179,974,40153,33,324.6535
2026-05-09T14:34:43.739532+00:00,recovery_scenario,icmp,,9,,twin_core,549445,9.8,26832896,22327,1357,23684,12,117.8826
2026-05-09T14:34:43.739532+00:00,recovery_scenario,icmp,,9,,ryu_controller,549433,49.1,60624896,39213,974,40187,34,334.2172
2026-05-09T14:34:43.840051+00:00,recovery_scenario,icmp,,9,,twin_core,549445,9.9,26832896,22330,1357,23687,3,29.8388
2026-05-09T14:34:43.840051+00:00,recovery_scenario,icmp,,9,,ryu_controller,549433,9.9,60624896,39230,974,40204,17,168.9552
2026-05-09T14:34:43.941839+00:00,recovery_scenario,icmp,,9,,twin_core,549445,0.0,26832896,22330,1357,23687,0,0.0
2026-05-09T14:34:43.941839+00:00,recovery_scenario,icmp,,9,,ryu_controller,549433,0.0,60624896,39238,974,40212,8,78.6411
2026-05-09T14:34:44.042398+00:00,recovery_scenario,icmp,,9,,twin_core,549445,0.0,26832896,22336,1357,23693,6,59.6796
2026-05-09T14:34:44.042398+00:00,recovery_scenario,icmp,,9,,ryu_controller,549433,0.0,60624896,39242,974,40216,4,39.7493
2026-05-09T14:34:44.143974+00:00,recovery_scenario,icmp,,9,,twin_core,549445,0.0,26832896,22342,1357,23699,6,59.048
2026-05-09T14:34:44.143974+00:00,recovery_scenario,icmp,,9,,ryu_controller,549433,0.0,60624896,39246,974,40220,4,39.4148
2026-05-09T14:34:44.244650+00:00,recovery_scenario,icmp,,9,,twin_core,549445,0.0,26832896,22351,1357,23708,9,89.4786
2026-05-09T14:34:44.244650+00:00,recovery_scenario,icmp,,9,,ryu_controller,549433,19.9,60624896,39270,974,40244,24,238.6552
2026-05-09T14:34:44.345060+00:00,recovery_scenario,icmp,,9,,twin_core,549445,0.0,26832896,22351,1357,23708,0,0.0
2026-05-09T14:34:44.345060+00:00,recovery_scenario,icmp,,9,,ryu_controller,549433,29.9,60624896,39295,974,40269,25,248.9107
2026-05-09T14:34:44.445725+00:00,recovery_scenario,icmp,,9,,twin_core,549445,0.0,26832896,22354,1357,23711,3,29.7959
2026-05-09T14:34:44.445725+00:00,recovery_scenario,icmp,,9,,ryu_controller,549433,9.9,60624896,39326,974,40300,31,307.8626
2026-05-09T14:34:44.546239+00:00,recovery_scenario,icmp,,9,,twin_core,549445,0.0,26832896,22363,1357,23720,9,89.5852
2026-05-09T14:34:44.546239+00:00,recovery_scenario,icmp,,9,,ryu_controller,549433,0.0,60624896,39337,974,40311,11,109.5061
2026-05-09T14:34:44.646712+00:00,recovery_scenario,icmp,,9,,twin_core,549445,0.0,26832896,22372,1357,23729,9,89.5408
2026-05-09T14:34:44.646712+00:00,recovery_scenario,icmp,,9,,ryu_controller,549433,9.9,60624896,39362,974,40336,25,248.6658
2026-05-09T14:34:44.747230+00:00,recovery_scenario,icmp,,9,,twin_core,549445,0.0,26832896,22372,1357,23729,0,0.0
2026-05-09T14:34:44.747230+00:00,recovery_scenario,icmp,,9,,ryu_controller,549433,9.9,60624896,39394,974,40368,32,318.2508
2026-05-09T14:34:44.848748+00:00,recovery_scenario,icmp,,9,,twin_core,549445,0.0,26832896,22377,1357,23734,5,49.2144
2026-05-09T14:34:44.848748+00:00,recovery_scenario,icmp,,9,,ryu_controller,549433,19.7,60624896,39421,974,40395,27,265.3598
2026-05-09T14:34:44.949744+00:00,recovery_scenario,icmp,,9,,twin_core,549445,0.0,26832896,22386,1357,23743,9,89.1924
2026-05-09T14:34:44.949744+00:00,recovery_scenario,icmp,,9,,ryu_controller,549433,0.0,60624896,39429,974,40403,8,79.4156
2026-05-09T14:34:45.050290+00:00,recovery_scenario,icmp,,9,,twin_core,549445,0.0,26832896,22389,1357,23746,3,29.8339
2026-05-09T14:34:45.050290+00:00,recovery_scenario,icmp,,9,,ryu_controller,549433,9.9,60624896,39439,974,40413,10,99.4439
2026-05-09T14:34:45.150773+00:00,recovery_scenario,icmp,,9,,twin_core,549445,0.0,26832896,22392,1357,23749,3,29.8631
2026-05-09T14:34:45.150773+00:00,recovery_scenario,icmp,,9,,ryu_controller,549433,0.0,60624896,39442,974,40416,3,29.849
2026-05-09T14:34:45.246477+00:00,recovery_scenario,icmp,,9,pingall_completed,,,,,,,,,
2026-05-09T14:34:45.253935+00:00,recovery_scenario,icmp,,9,,twin_core,549445,9.7,26832896,22406,1357,23763,14,135.4809
2026-05-09T14:34:45.253935+00:00,recovery_scenario,icmp,,9,,ryu_controller,549433,0.0,60624896,39445,974,40419,3,29.044
2026-05-09T14:34:45.355687+00:00,recovery_scenario,icmp,,9,,twin_core,549445,0.0,26832896,22406,1357,23763,0,0.0
2026-05-09T14:34:45.355687+00:00,recovery_scenario,icmp,,9,,ryu_controller,549433,29.5,60624896,39468,975,40443,24,236.2123
2026-05-09T14:34:45.456214+00:00,recovery_scenario,icmp,,9,,twin_core,549445,0.0,26832896,22406,1357,23763,0,0.0
2026-05-09T14:34:45.456214+00:00,recovery_scenario,icmp,,9,,ryu_controller,549433,0.0,60624896,39471,975,40446,3,29.8158
2026-05-09T14:34:45.556836+00:00,recovery_scenario,icmp,,9,,twin_core,549445,0.0,26832896,22406,1357,23763,0,0.0
2026-05-09T14:34:45.556836+00:00,recovery_scenario,icmp,,9,,ryu_controller,549433,69.6,60624896,39523,976,40499,53,526.8691
2026-05-09T14:34:45.658050+00:00,recovery_scenario,icmp,,9,,twin_core,549445,0.0,26832896,22406,1357,23763,0,0.0
2026-05-09T14:34:45.658050+00:00,recovery_scenario,icmp,,9,,ryu_controller,549433,0.0,60657664,39527,976,40503,4,39.5152
2026-05-09T14:34:45.758603+00:00,recovery_scenario,icmp,,9,,twin_core,549445,10.0,26832896,22406,1357,23763,0,0.0
2026-05-09T14:34:45.758603+00:00,recovery_scenario,icmp,,9,,ryu_controller,549433,69.7,60657664,39580,976,40556,53,527.9676
2026-05-09T14:34:45.859617+00:00,recovery_scenario,icmp,,9,,twin_core,549445,9.9,26890240,22406,1357,23763,0,0.0
2026-05-09T14:34:45.859617+00:00,recovery_scenario,icmp,,9,,ryu_controller,549433,9.9,60657664,39593,976,40569,13,128.5628
2026-05-09T14:34:45.964712+00:00,recovery_scenario,icmp,,9,,twin_core,549445,0.0,26890240,22406,1357,23763,0,0.0
2026-05-09T14:34:45.964712+00:00,recovery_scenario,icmp,,9,,ryu_controller,549433,0.0,60657664,39597,976,40573,4,38.0564
2026-05-09T14:34:46.065332+00:00,recovery_scenario,icmp,,9,,twin_core,549445,0.0,26890240,22406,1357,23763,0,0.0
2026-05-09T14:34:46.065332+00:00,recovery_scenario,icmp,,9,,ryu_controller,549433,0.0,60657664,39600,976,40576,3,29.7455
2026-05-09T14:34:46.169469+00:00,recovery_scenario,icmp,,9,,twin_core,549445,0.0,26890240,22406,1357,23763,0,0.0
2026-05-09T14:34:46.169469+00:00,recovery_scenario,icmp,,9,,ryu_controller,549433,0.0,60657664,39604,976,40580,4,38.2631
2026-05-09T14:34:46.255177+00:00,recovery_scenario,icmp,,9,background_traffic_started,,,,,,,,,
2026-05-09T14:34:46.270718+00:00,recovery_scenario,icmp,,9,,twin_core,549445,0.0,26890240,22409,1357,23766,3,29.7303
2026-05-09T14:34:46.270718+00:00,recovery_scenario,icmp,,9,,ryu_controller,549433,0.0,60657664,39607,976,40583,3,29.7437
2026-05-09T14:34:46.371516+00:00,recovery_scenario,icmp,,9,,twin_core,549445,9.9,26890240,22464,1357,23821,55,546.2437
2026-05-09T14:34:46.371516+00:00,recovery_scenario,icmp,,9,,ryu_controller,549433,9.9,60657664,39610,976,40586,3,29.8668
2026-05-09T14:34:46.395683+00:00,recovery_scenario,icmp,,9,fault_injected,,,,,,,,,
2026-05-09T14:34:46.471947+00:00,recovery_scenario,icmp,,9,,twin_core,549445,0.0,26890240,22523,1357,23880,59,586.9949
2026-05-09T14:34:46.471947+00:00,recovery_scenario,icmp,,9,,ryu_controller,549433,9.9,60657664,39616,978,40594,8,79.5916
2026-05-09T14:34:46.572438+00:00,recovery_scenario,icmp,,9,,twin_core,549445,10.0,26890240,22585,1357,23942,62,617.2548
2026-05-09T14:34:46.572438+00:00,recovery_scenario,icmp,,9,,ryu_controller,549433,0.0,60657664,39643,980,40623,29,288.729
2026-05-09T14:34:46.672903+00:00,recovery_scenario,icmp,,9,,twin_core,549445,0.0,26890240,22624,1357,23981,39,387.925
2026-05-09T14:34:46.672903+00:00,recovery_scenario,icmp,,9,,ryu_controller,549433,0.0,60657664,39646,980,40626,3,29.8309
2026-05-09T14:34:46.774809+00:00,recovery_scenario,icmp,,9,,twin_core,549445,0.0,26890240,22624,1357,23981,0,0.0
2026-05-09T14:34:46.774809+00:00,recovery_scenario,icmp,,9,,ryu_controller,549433,9.8,60657664,39670,980,40650,24,235.581
2026-05-09T14:34:46.875344+00:00,recovery_scenario,icmp,,9,,twin_core,549445,0.0,26890240,22624,1357,23981,0,0.0
2026-05-09T14:34:46.875344+00:00,recovery_scenario,icmp,,9,,ryu_controller,549433,9.9,60657664,39678,980,40658,8,79.5945
2026-05-09T14:34:46.976303+00:00,recovery_scenario,icmp,,9,,twin_core,549445,0.0,26890240,22624,1357,23981,0,0.0
2026-05-09T14:34:46.976303+00:00,recovery_scenario,icmp,,9,,ryu_controller,549433,0.0,60657664,39682,980,40662,4,39.5727
2026-05-09T14:34:47.076971+00:00,recovery_scenario,icmp,,9,,twin_core,549445,0.0,26890240,22624,1357,23981,0,0.0
2026-05-09T14:34:47.076971+00:00,recovery_scenario,icmp,,9,,ryu_controller,549433,9.9,60657664,39686,980,40666,4,39.7614
2026-05-09T14:34:47.177534+00:00,recovery_scenario,icmp,,9,,twin_core,549445,0.0,26890240,22625,1357,23982,1,9.9465
2026-05-09T14:34:47.177534+00:00,recovery_scenario,icmp,,9,,ryu_controller,549433,0.0,60657664,39690,980,40670,4,39.7817
2026-05-09T14:34:47.278808+00:00,recovery_scenario,icmp,,9,,twin_core,549445,0.0,26890240,22625,1357,23982,0,0.0
2026-05-09T14:34:47.278808+00:00,recovery_scenario,icmp,,9,,ryu_controller,549433,0.0,60657664,39693,980,40673,3,29.5832
2026-05-09T14:34:47.379497+00:00,recovery_scenario,icmp,,9,,twin_core,549445,0.0,26890240,22625,1357,23982,0,0.0
2026-05-09T14:34:47.379497+00:00,recovery_scenario,icmp,,9,,ryu_controller,549433,10.0,60657664,39704,980,40684,11,109.532
2026-05-09T14:34:47.480069+00:00,recovery_scenario,icmp,,9,,twin_core,549445,0.0,26890240,22625,1357,23982,0,0.0
2026-05-09T14:34:47.480069+00:00,recovery_scenario,icmp,,9,,ryu_controller,549433,0.0,60657664,39706,980,40686,2,19.8325
2026-05-09T14:34:47.580774+00:00,recovery_scenario,icmp,,9,,twin_core,549445,0.0,26890240,22625,1357,23982,0,0.0
2026-05-09T14:34:47.580774+00:00,recovery_scenario,icmp,,9,,ryu_controller,549433,9.9,60657664,39717,980,40697,11,109.164
2026-05-09T14:34:47.681582+00:00,recovery_scenario,icmp,,9,,twin_core,549445,9.9,26890240,22626,1357,23983,1,9.9204
2026-05-09T14:34:47.681582+00:00,recovery_scenario,icmp,,9,,ryu_controller,549433,49.6,60657664,39763,980,40743,46,457.5354
2026-05-09T14:34:47.782079+00:00,recovery_scenario,icmp,,9,,twin_core,549445,0.0,26890240,22626,1357,23983,0,0.0
2026-05-09T14:34:47.782079+00:00,recovery_scenario,icmp,,9,,ryu_controller,549433,9.9,60657664,39776,980,40756,13,128.189
2026-05-09T14:34:47.883698+00:00,recovery_scenario,icmp,,9,,twin_core,549445,9.9,26890240,22626,1357,23983,0,0.0
2026-05-09T14:34:47.883698+00:00,recovery_scenario,icmp,,9,,ryu_controller,549433,69.3,60657664,39820,980,40800,44,436.957
2026-05-09T14:34:47.988529+00:00,recovery_scenario,icmp,,9,,twin_core,549445,0.0,26890240,22626,1357,23983,0,0.0
2026-05-09T14:34:47.988529+00:00,recovery_scenario,icmp,,9,,ryu_controller,549433,0.0,60657664,39824,980,40804,4,38.1442
2026-05-09T14:34:48.089068+00:00,recovery_scenario,icmp,,9,,twin_core,549445,0.0,26890240,22626,1357,23983,0,0.0
2026-05-09T14:34:48.089068+00:00,recovery_scenario,icmp,,9,,ryu_controller,549433,0.0,60657664,39825,980,40805,1,9.9256
2026-05-09T14:34:48.143161+00:00,recovery_scenario,icmp,,9,recovery_requested,,,,,,,,,
2026-05-09T14:34:48.189801+00:00,recovery_scenario,icmp,,9,,twin_core,549445,0.0,26890240,22647,1357,24004,21,208.2206
2026-05-09T14:34:48.189801+00:00,recovery_scenario,icmp,,9,,ryu_controller,549433,9.9,60657664,39840,980,40820,15,148.7613
2026-05-09T14:34:48.290640+00:00,recovery_scenario,icmp,,9,,twin_core,549445,19.8,26890240,22703,1357,24060,56,557.1481
2026-05-09T14:34:48.290640+00:00,recovery_scenario,icmp,,9,,ryu_controller,549433,29.9,60657664,39871,984,40855,35,348.5188
2026-05-09T14:34:48.391254+00:00,recovery_scenario,icmp,,9,,twin_core,549445,0.0,26890240,22762,1358,24120,60,595.618
2026-05-09T14:34:48.391254+00:00,recovery_scenario,icmp,,9,,ryu_controller,549433,19.8,60657664,39902,985,40887,32,317.5093
2026-05-09T14:34:48.492527+00:00,recovery_scenario,icmp,,9,,twin_core,549445,0.0,26890240,22772,1358,24130,10,98.6209
2026-05-09T14:34:48.492527+00:00,recovery_scenario,icmp,,9,,ryu_controller,549433,0.0,60657664,39935,985,40920,33,325.3958
2026-05-09T14:34:48.593375+00:00,recovery_scenario,icmp,,9,,twin_core,549445,0.0,26890240,22772,1358,24130,0,0.0
2026-05-09T14:34:48.593375+00:00,recovery_scenario,icmp,,9,,ryu_controller,549433,9.9,60657664,39960,985,40945,25,248.4076
2026-05-09T14:34:48.693906+00:00,recovery_scenario,icmp,,9,,twin_core,549445,0.0,26890240,22772,1358,24130,0,0.0
2026-05-09T14:34:48.693906+00:00,recovery_scenario,icmp,,9,,ryu_controller,549433,0.0,60657664,39985,985,40970,25,248.6442
2026-05-09T14:34:48.795834+00:00,recovery_scenario,icmp,,9,,twin_core,549445,0.0,26890240,22772,1358,24130,0,0.0
2026-05-09T14:34:48.795834+00:00,recovery_scenario,icmp,,9,,ryu_controller,549433,0.0,60657664,40018,985,41003,33,323.5276
2026-05-09T14:34:48.896417+00:00,recovery_scenario,icmp,,9,,twin_core,549445,0.0,26890240,22772,1358,24130,0,0.0
2026-05-09T14:34:48.896417+00:00,recovery_scenario,icmp,,9,,ryu_controller,549433,10.0,60657664,40053,985,41038,35,348.5788
2026-05-09T14:34:48.998192+00:00,recovery_scenario,icmp,,9,,twin_core,549445,0.0,26890240,22773,1358,24131,1,9.8205
2026-05-09T14:34:48.998192+00:00,recovery_scenario,icmp,,9,,ryu_controller,549433,9.8,60657664,40061,985,41046,8,78.5507
2026-05-09T14:34:49.101405+00:00,recovery_scenario,icmp,,9,,twin_core,549445,9.7,26890240,22773,1358,24131,0,0.0
2026-05-09T14:34:49.101405+00:00,recovery_scenario,icmp,,9,,ryu_controller,549433,0.0,60657664,40068,985,41053,7,67.7692
2026-05-09T14:34:49.202651+00:00,recovery_scenario,icmp,,9,,twin_core,549445,0.0,26890240,22773,1358,24131,0,0.0
2026-05-09T14:34:49.202651+00:00,recovery_scenario,icmp,,9,,ryu_controller,549433,0.0,60657664,40086,985,41071,18,177.8361
2026-05-09T14:34:49.303206+00:00,recovery_scenario,icmp,,9,,twin_core,549445,0.0,26890240,22773,1358,24131,0,0.0
2026-05-09T14:34:49.303206+00:00,recovery_scenario,icmp,,9,,ryu_controller,549433,0.0,60657664,40105,985,41090,19,188.8362
2026-05-09T14:34:49.403852+00:00,recovery_scenario,icmp,,9,,twin_core,549445,0.0,26890240,22773,1358,24131,0,0.0
2026-05-09T14:34:49.403852+00:00,recovery_scenario,icmp,,9,,ryu_controller,549433,9.9,60657664,40133,985,41118,28,278.2111
2026-05-09T14:34:49.504455+00:00,recovery_scenario,icmp,,9,,twin_core,549445,0.0,26890240,22774,1358,24132,1,9.9432
2026-05-09T14:34:49.504455+00:00,recovery_scenario,icmp,,9,,ryu_controller,549433,10.0,60657664,40140,985,41125,7,69.6839
2026-05-09T14:34:49.608204+00:00,recovery_scenario,icmp,,9,,twin_core,549445,0.0,26890240,22774,1358,24132,0,0.0
2026-05-09T14:34:49.608204+00:00,recovery_scenario,icmp,,9,,ryu_controller,549433,0.0,60657664,40151,985,41136,11,105.9459
2026-05-09T14:34:49.708776+00:00,recovery_scenario,icmp,,9,,twin_core,549445,0.0,26890240,22774,1358,24132,0,0.0
2026-05-09T14:34:49.708776+00:00,recovery_scenario,icmp,,9,,ryu_controller,549433,59.7,60657664,40207,985,41192,56,557.3697
2026-05-09T14:34:49.812317+00:00,recovery_scenario,icmp,,9,,twin_core,549445,0.0,26890240,22774,1358,24132,0,0.0
2026-05-09T14:34:49.812317+00:00,recovery_scenario,icmp,,9,,ryu_controller,549433,0.0,60657664,40236,985,41221,29,275.0477
2026-05-09T14:34:49.912476+00:00,recovery_scenario,icmp,,9,scenario_teardown,,,,,,,,,
2026-05-09T14:34:49.914842+00:00,recovery_scenario,icmp,,9,,twin_core,549445,19.6,26890240,22779,1358,24137,5,49.2941
2026-05-09T14:34:49.914842+00:00,recovery_scenario,icmp,,9,,ryu_controller,549433,39.6,60657664,40271,985,41256,35,346.7222
2026-05-09T14:34:50.015632+00:00,recovery_scenario,icmp,,9,,twin_core,549445,9.9,26890240,22803,1363,24166,29,288.4192
2026-05-09T14:34:50.015632+00:00,recovery_scenario,icmp,,9,,ryu_controller,549433,39.8,60657664,40296,996,41292,36,358.2871
2026-05-09T14:34:50.116234+00:00,recovery_scenario,icmp,,9,,twin_core,549445,0.0,26890240,22827,1363,24190,24,238.5003
2026-05-09T14:34:50.116234+00:00,recovery_scenario,icmp,,9,,ryu_controller,549433,19.9,60657664,40304,1004,41308,16,158.9736
2026-05-09T14:34:50.216751+00:00,recovery_scenario,icmp,,9,,twin_core,549445,9.9,26890240,22837,1363,24200,10,99.4621
2026-05-09T14:34:50.216751+00:00,recovery_scenario,icmp,,9,,ryu_controller,549433,9.9,60657664,40310,1008,41318,10,99.2746
2026-05-09T14:34:50.791288+00:00,recovery_scenario,icmp,,10,,twin_core,549445,0.0,26894336,23244,1420,24664,0,0.0
2026-05-09T14:34:50.791288+00:00,recovery_scenario,icmp,,10,,ryu_controller,549433,0.0,60657664,40420,1011,41431,0,0.0
2026-05-09T14:34:50.892643+00:00,recovery_scenario,icmp,,10,,twin_core,549445,0.0,26894336,23291,1421,24712,48,472.7473
2026-05-09T14:34:50.892643+00:00,recovery_scenario,icmp,,10,,ryu_controller,549433,39.7,60657664,40438,1013,41451,20,198.5205
2026-05-09T14:34:50.993462+00:00,recovery_scenario,icmp,,10,,twin_core,549445,9.9,26894336,23396,1424,24820,108,1071.6019
2026-05-09T14:34:50.993462+00:00,recovery_scenario,icmp,,10,,ryu_controller,549433,19.8,60657664,40473,1013,41486,35,347.5852
2026-05-09T14:34:51.049682+00:00,recovery_scenario,icmp,,10,service_started,,,,,,,,,
2026-05-09T14:34:51.094235+00:00,recovery_scenario,icmp,,10,,twin_core,549445,19.8,26894336,23456,1426,24882,62,615.6497
2026-05-09T14:34:51.094235+00:00,recovery_scenario,icmp,,10,,ryu_controller,549433,39.6,60657664,40515,1014,41529,43,425.4032
2026-05-09T14:34:51.197724+00:00,recovery_scenario,icmp,,10,,twin_core,549445,0.0,26894336,23457,1426,24883,1,9.6593
2026-05-09T14:34:51.197724+00:00,recovery_scenario,icmp,,10,,ryu_controller,549433,19.4,60657664,40544,1014,41558,29,281.323
2026-05-09T14:34:51.298333+00:00,recovery_scenario,icmp,,10,,twin_core,549445,0.0,26894336,23457,1426,24883,0,0.0
2026-05-09T14:34:51.298333+00:00,recovery_scenario,icmp,,10,,ryu_controller,549433,19.9,60657664,40568,1014,41582,24,238.7365
2026-05-09T14:34:51.398762+00:00,recovery_scenario,icmp,,10,,twin_core,549445,0.0,26894336,23457,1426,24883,0,0.0
2026-05-09T14:34:51.398762+00:00,recovery_scenario,icmp,,10,,ryu_controller,549433,19.9,60657664,40610,1014,41624,42,418.2818
2026-05-09T14:34:51.499175+00:00,recovery_scenario,icmp,,10,,twin_core,549445,0.0,26894336,23457,1426,24883,0,0.0
2026-05-09T14:34:51.499175+00:00,recovery_scenario,icmp,,10,,ryu_controller,549433,29.9,60657664,40648,1014,41662,38,378.4394
2026-05-09T14:34:51.601279+00:00,recovery_scenario,icmp,,10,,twin_core,549445,0.0,26894336,23457,1426,24883,0,0.0
2026-05-09T14:34:51.601279+00:00,recovery_scenario,icmp,,10,,ryu_controller,549433,19.6,60657664,40668,1014,41682,20,195.6867
2026-05-09T14:34:51.705628+00:00,recovery_scenario,icmp,,10,,twin_core,549445,0.0,26894336,23457,1426,24883,0,0.0
2026-05-09T14:34:51.705628+00:00,recovery_scenario,icmp,,10,,ryu_controller,549433,0.0,60657664,40680,1014,41694,12,114.9757
2026-05-09T14:34:51.806177+00:00,recovery_scenario,icmp,,10,,twin_core,549445,0.0,26894336,23457,1426,24883,0,0.0
2026-05-09T14:34:51.806177+00:00,recovery_scenario,icmp,,10,,ryu_controller,549433,39.8,60657664,40742,1015,41757,63,627.2883
2026-05-09T14:34:51.906602+00:00,recovery_scenario,icmp,,10,,twin_core,549445,10.0,26894336,23457,1426,24883,0,0.0
2026-05-09T14:34:51.906602+00:00,recovery_scenario,icmp,,10,,ryu_controller,549433,29.9,60657664,40773,1015,41788,31,308.4833
2026-05-09T14:34:52.007227+00:00,recovery_scenario,icmp,,10,,twin_core,549445,0.0,26894336,23457,1426,24883,0,0.0
2026-05-09T14:34:52.007227+00:00,recovery_scenario,icmp,,10,,ryu_controller,549433,9.9,60657664,40783,1015,41798,10,99.4551
2026-05-09T14:34:52.109422+00:00,recovery_scenario,icmp,,10,,twin_core,549445,0.0,26894336,23457,1426,24883,0,0.0
2026-05-09T14:34:52.109422+00:00,recovery_scenario,icmp,,10,,ryu_controller,549433,19.6,60657664,40813,1015,41828,30,293.3103
2026-05-09T14:34:52.209928+00:00,recovery_scenario,icmp,,10,,twin_core,549445,0.0,26894336,23457,1426,24883,0,0.0
2026-05-09T14:34:52.209928+00:00,recovery_scenario,icmp,,10,,ryu_controller,549433,19.9,60657664,40846,1015,41861,33,328.0419
2026-05-09T14:34:52.310581+00:00,recovery_scenario,icmp,,10,,twin_core,549445,0.0,26894336,23457,1426,24883,0,0.0
2026-05-09T14:34:52.310581+00:00,recovery_scenario,icmp,,10,,ryu_controller,549433,19.9,60657664,40872,1015,41887,26,258.6864
2026-05-09T14:34:52.411093+00:00,recovery_scenario,icmp,,10,,twin_core,549445,0.0,26894336,23457,1426,24883,0,0.0
2026-05-09T14:34:52.411093+00:00,recovery_scenario,icmp,,10,,ryu_controller,549433,19.9,60657664,40907,1015,41922,35,347.798
2026-05-09T14:34:52.511650+00:00,recovery_scenario,icmp,,10,,twin_core,549445,0.0,26894336,23457,1426,24883,0,0.0
2026-05-09T14:34:52.511650+00:00,recovery_scenario,icmp,,10,,ryu_controller,549433,29.9,60657664,40946,1015,41961,39,388.3876
2026-05-09T14:34:52.612059+00:00,recovery_scenario,icmp,,10,,twin_core,549445,0.0,26894336,23457,1426,24883,0,0.0
2026-05-09T14:34:52.612059+00:00,recovery_scenario,icmp,,10,,ryu_controller,549433,29.9,60657664,40988,1015,42003,42,418.1117
2026-05-09T14:34:52.715009+00:00,recovery_scenario,icmp,,10,,twin_core,549445,0.0,26894336,23457,1426,24883,0,0.0
2026-05-09T14:34:52.715009+00:00,recovery_scenario,icmp,,10,,ryu_controller,549433,0.0,60657664,41012,1015,42027,24,232.659
2026-05-09T14:34:52.815683+00:00,recovery_scenario,icmp,,10,,twin_core,549445,0.0,26894336,23457,1426,24883,0,0.0
2026-05-09T14:34:52.815683+00:00,recovery_scenario,icmp,,10,,ryu_controller,549433,29.9,60657664,41066,1015,42081,54,537.4719
2026-05-09T14:34:52.916161+00:00,recovery_scenario,icmp,,10,,twin_core,549445,0.0,26894336,23457,1426,24883,0,0.0
2026-05-09T14:34:52.916161+00:00,recovery_scenario,icmp,,10,,ryu_controller,549433,0.0,60657664,41089,1015,42104,23,228.8532
2026-05-09T14:34:53.017218+00:00,recovery_scenario,icmp,,10,,twin_core,549445,0.0,26894336,23457,1426,24883,0,0.0
2026-05-09T14:34:53.017218+00:00,recovery_scenario,icmp,,10,,ryu_controller,549433,9.9,60657664,41098,1015,42113,9,89.0405
2026-05-09T14:34:53.117715+00:00,recovery_scenario,icmp,,10,,twin_core,549445,0.0,26894336,23457,1426,24883,0,0.0
2026-05-09T14:34:53.117715+00:00,recovery_scenario,icmp,,10,,ryu_controller,549433,0.0,60657664,41111,1015,42126,13,129.4507
2026-05-09T14:34:53.218187+00:00,recovery_scenario,icmp,,10,,twin_core,549445,19.9,26894336,23462,1426,24888,5,49.761
2026-05-09T14:34:53.218187+00:00,recovery_scenario,icmp,,10,,ryu_controller,549433,59.7,60657664,41163,1015,42178,52,517.4675
2026-05-09T14:34:53.318627+00:00,recovery_scenario,icmp,,10,,twin_core,549445,0.0,26894336,23468,1426,24894,6,59.7511
2026-05-09T14:34:53.318627+00:00,recovery_scenario,icmp,,10,,ryu_controller,549433,19.9,60657664,41188,1015,42203,25,248.9887
2026-05-09T14:34:53.420323+00:00,recovery_scenario,icmp,,10,,twin_core,549445,0.0,26894336,23468,1426,24894,0,0.0
2026-05-09T14:34:53.420323+00:00,recovery_scenario,icmp,,10,,ryu_controller,549433,0.0,60657664,41196,1015,42211,8,78.5981
2026-05-09T14:34:53.520857+00:00,recovery_scenario,icmp,,10,,twin_core,549445,0.0,26894336,23471,1426,24897,3,29.8432
2026-05-09T14:34:53.520857+00:00,recovery_scenario,icmp,,10,,ryu_controller,549433,19.9,60657664,41215,1015,42230,19,188.9182
2026-05-09T14:34:53.624989+00:00,recovery_scenario,icmp,,10,,twin_core,549445,0.0,26894336,23474,1426,24900,3,28.8023
2026-05-09T14:34:53.624989+00:00,recovery_scenario,icmp,,10,,ryu_controller,549433,9.6,60657664,41226,1015,42241,11,105.6142
2026-05-09T14:34:53.725645+00:00,recovery_scenario,icmp,,10,,twin_core,549445,0.0,26894336,23477,1426,24903,3,29.833
2026-05-09T14:34:53.725645+00:00,recovery_scenario,icmp,,10,,ryu_controller,549433,0.0,60657664,41240,1015,42255,14,139.2362
2026-05-09T14:34:53.826443+00:00,recovery_scenario,icmp,,10,,twin_core,549445,0.0,26894336,23482,1426,24908,5,49.5465
2026-05-09T14:34:53.826443+00:00,recovery_scenario,icmp,,10,,ryu_controller,549433,59.4,60657664,41294,1015,42309,54,535.0968
2026-05-09T14:34:53.927230+00:00,recovery_scenario,icmp,,10,,twin_core,549445,0.0,26894336,23489,1426,24915,7,69.5152
2026-05-09T14:34:53.927230+00:00,recovery_scenario,icmp,,10,,ryu_controller,549433,9.9,60657664,41318,1015,42333,24,238.4324
2026-05-09T14:34:54.028342+00:00,recovery_scenario,icmp,,10,,twin_core,549445,0.0,26894336,23492,1426,24918,3,29.6605
2026-05-09T14:34:54.028342+00:00,recovery_scenario,icmp,,10,,ryu_controller,549433,9.9,60657664,41337,1015,42352,19,187.8318
2026-05-09T14:34:54.128842+00:00,recovery_scenario,icmp,,10,,twin_core,549445,0.0,26894336,23495,1426,24921,3,29.85
2026-05-09T14:34:54.128842+00:00,recovery_scenario,icmp,,10,,ryu_controller,549433,9.9,60657664,41349,1015,42364,12,119.3622
2026-05-09T14:34:54.229376+00:00,recovery_scenario,icmp,,10,,twin_core,549445,9.9,26894336,23498,1426,24924,3,29.8504
2026-05-09T14:34:54.229376+00:00,recovery_scenario,icmp,,10,,ryu_controller,549433,10.0,60657664,41366,1015,42381,17,169.2127
2026-05-09T14:34:54.329834+00:00,recovery_scenario,icmp,,10,,twin_core,549445,0.0,26894336,23507,1426,24933,9,89.5906
2026-05-09T14:34:54.329834+00:00,recovery_scenario,icmp,,10,,ryu_controller,549433,9.9,60657664,41377,1015,42392,11,109.3451
2026-05-09T14:34:54.431476+00:00,recovery_scenario,icmp,,10,,twin_core,549445,0.0,26894336,23511,1426,24937,4,39.2886
2026-05-09T14:34:54.431476+00:00,recovery_scenario,icmp,,10,,ryu_controller,549433,9.8,60657664,41392,1015,42407,15,147.5082
2026-05-09T14:34:54.533281+00:00,recovery_scenario,icmp,,10,,twin_core,549445,0.0,26894336,23513,1426,24939,2,19.6738
2026-05-09T14:34:54.533281+00:00,recovery_scenario,icmp,,10,,ryu_controller,549433,9.8,60657664,41406,1015,42421,14,137.7381
2026-05-09T14:34:54.635788+00:00,recovery_scenario,icmp,,10,,twin_core,549445,0.0,26894336,23516,1426,24942,3,29.2608
2026-05-09T14:34:54.635788+00:00,recovery_scenario,icmp,,10,,ryu_controller,549433,9.7,60657664,41419,1015,42434,13,126.3213
2026-05-09T14:34:54.736714+00:00,recovery_scenario,icmp,,10,,twin_core,549445,0.0,26894336,23520,1426,24946,4,39.6345
2026-05-09T14:34:54.736714+00:00,recovery_scenario,icmp,,10,,ryu_controller,549433,9.9,60657664,41432,1015,42447,13,129.298
2026-05-09T14:34:54.837213+00:00,recovery_scenario,icmp,,10,,twin_core,549445,0.0,26894336,23532,1426,24958,12,119.4736
2026-05-09T14:34:54.837213+00:00,recovery_scenario,icmp,,10,,ryu_controller,549433,0.0,60657664,41459,1015,42474,27,268.8294
2026-05-09T14:34:54.937778+00:00,recovery_scenario,icmp,,10,,twin_core,549445,0.0,26894336,23538,1426,24964,6,59.5885
2026-05-09T14:34:54.937778+00:00,recovery_scenario,icmp,,10,,ryu_controller,549433,9.9,60657664,41480,1015,42495,21,208.3242
2026-05-09T14:34:55.038475+00:00,recovery_scenario,icmp,,10,,twin_core,549445,0.0,26894336,23541,1426,24967,3,29.8069
2026-05-09T14:34:55.038475+00:00,recovery_scenario,icmp,,10,,ryu_controller,549433,19.9,60657664,41497,1015,42512,17,169.0285
2026-05-09T14:34:55.140198+00:00,recovery_scenario,icmp,,10,,twin_core,549445,0.0,26894336,23544,1426,24970,3,29.4898
2026-05-09T14:34:55.140198+00:00,recovery_scenario,icmp,,10,,ryu_controller,549433,0.0,60657664,41502,1015,42517,5,49.1583
2026-05-09T14:34:55.248146+00:00,recovery_scenario,icmp,,10,,twin_core,549445,18.5,26894336,23562,1426,24988,18,163.3273
2026-05-09T14:34:55.248146+00:00,recovery_scenario,icmp,,10,,ryu_controller,549433,63.5,60661760,41555,1017,42572,55,496.9749
2026-05-09T14:34:55.351457+00:00,recovery_scenario,icmp,,10,,twin_core,549445,9.7,26894336,23569,1426,24995,7,69.3337
2026-05-09T14:34:55.351457+00:00,recovery_scenario,icmp,,10,,ryu_controller,549433,9.9,60661760,41577,1017,42594,22,219.0101
2026-05-09T14:34:55.451848+00:00,recovery_scenario,icmp,,10,,twin_core,549445,0.0,26894336,23572,1426,24998,3,29.883
2026-05-09T14:34:55.451848+00:00,recovery_scenario,icmp,,10,,ryu_controller,549433,10.0,60661760,41591,1017,42608,14,139.4044
2026-05-09T14:34:55.556350+00:00,recovery_scenario,icmp,,10,,twin_core,549445,0.0,26894336,23575,1426,25001,3,28.6897
2026-05-09T14:34:55.556350+00:00,recovery_scenario,icmp,,10,,ryu_controller,549433,9.6,60661760,41603,1017,42620,12,114.7644
2026-05-09T14:34:55.659621+00:00,recovery_scenario,icmp,,10,,twin_core,549445,0.0,26894336,23581,1426,25007,6,58.0992
2026-05-09T14:34:55.659621+00:00,recovery_scenario,icmp,,10,,ryu_controller,549433,0.0,60661760,41607,1017,42624,4,38.7357
2026-05-09T14:34:55.760221+00:00,recovery_scenario,icmp,,10,,twin_core,549445,0.0,26894336,23590,1426,25016,9,89.4447
2026-05-09T14:34:55.760221+00:00,recovery_scenario,icmp,,10,,ryu_controller,549433,9.9,60661760,41620,1017,42637,13,129.1958
2026-05-09T14:34:55.860787+00:00,recovery_scenario,icmp,,10,,twin_core,549445,0.0,26894336,23593,1426,25019,3,29.8537
2026-05-09T14:34:55.860787+00:00,recovery_scenario,icmp,,10,,ryu_controller,549433,49.8,60661760,41674,1017,42691,54,537.3796
2026-05-09T14:34:55.965173+00:00,recovery_scenario,icmp,,10,,twin_core,549445,0.0,26894336,23596,1426,25022,3,28.7275
2026-05-09T14:34:55.965173+00:00,recovery_scenario,icmp,,10,,ryu_controller,549433,38.3,60669952,41700,1017,42717,26,248.9074
2026-05-09T14:34:56.066270+00:00,recovery_scenario,icmp,,10,,twin_core,549445,9.9,26894336,23602,1426,25028,6,59.3788
2026-05-09T14:34:56.066270+00:00,recovery_scenario,icmp,,10,,ryu_controller,549433,9.9,60669952,41716,1017,42733,16,158.4036
2026-05-09T14:34:56.167896+00:00,recovery_scenario,icmp,,10,,twin_core,549445,0.0,26894336,23611,1426,25037,9,88.5255
2026-05-09T14:34:56.167896+00:00,recovery_scenario,icmp,,10,,ryu_controller,549433,9.8,60669952,41727,1017,42744,11,108.1507
2026-05-09T14:34:56.268401+00:00,recovery_scenario,icmp,,10,,twin_core,549445,0.0,26894336,23614,1426,25040,3,29.8563
2026-05-09T14:34:56.268401+00:00,recovery_scenario,icmp,,10,,ryu_controller,549433,19.9,60669952,41760,1017,42777,33,328.5386
2026-05-09T14:34:56.368847+00:00,recovery_scenario,icmp,,10,,twin_core,549445,10.0,26894336,23617,1426,25043,3,29.8725
2026-05-09T14:34:56.368847+00:00,recovery_scenario,icmp,,10,,ryu_controller,549433,0.0,60669952,41768,1017,42785,8,79.5646
2026-05-09T14:34:56.469410+00:00,recovery_scenario,icmp,,10,,twin_core,549445,0.0,26894336,23623,1426,25049,6,59.6279
2026-05-09T14:34:56.469410+00:00,recovery_scenario,icmp,,10,,ryu_controller,549433,9.9,60669952,41775,1017,42792,7,69.6337
2026-05-09T14:34:56.569917+00:00,recovery_scenario,icmp,,10,,twin_core,549445,0.0,26894336,23629,1426,25055,6,59.7204
2026-05-09T14:34:56.569917+00:00,recovery_scenario,icmp,,10,,ryu_controller,549433,19.9,60669952,41799,1018,42817,25,248.3851
2026-05-09T14:34:56.670723+00:00,recovery_scenario,icmp,,10,,twin_core,549445,0.0,26894336,23632,1426,25058,3,29.7488
2026-05-09T14:34:56.670723+00:00,recovery_scenario,icmp,,10,,ryu_controller,549433,0.0,60669952,41808,1018,42826,9,89.2018
2026-05-09T14:34:56.773096+00:00,recovery_scenario,icmp,,10,,twin_core,549445,0.0,26894336,23635,1426,25061,3,29.2925
2026-05-09T14:34:56.773096+00:00,recovery_scenario,icmp,,10,,ryu_controller,549433,0.0,60669952,41811,1018,42829,3,29.3613
2026-05-09T14:34:56.815886+00:00,recovery_scenario,icmp,,10,pingall_completed,,,,,,,,,
2026-05-09T14:34:56.873642+00:00,recovery_scenario,icmp,,10,,twin_core,549445,0.0,26898432,23645,1426,25071,10,99.4845
2026-05-09T14:34:56.873642+00:00,recovery_scenario,icmp,,10,,ryu_controller,549433,9.9,60669952,41832,1018,42850,21,208.8528
2026-05-09T14:34:56.976172+00:00,recovery_scenario,icmp,,10,,twin_core,549445,0.0,26898432,23645,1426,25071,0,0.0
2026-05-09T14:34:56.976172+00:00,recovery_scenario,icmp,,10,,ryu_controller,549433,0.0,60669952,41840,1018,42858,8,78.0383
2026-05-09T14:34:57.076758+00:00,recovery_scenario,icmp,,10,,twin_core,549445,0.0,26898432,23645,1426,25071,0,0.0
2026-05-09T14:34:57.076758+00:00,recovery_scenario,icmp,,10,,ryu_controller,549433,9.9,60669952,41857,1018,42875,17,169.0536
2026-05-09T14:34:57.177307+00:00,recovery_scenario,icmp,,10,,twin_core,549445,0.0,26898432,23645,1426,25071,0,0.0
2026-05-09T14:34:57.177307+00:00,recovery_scenario,icmp,,10,,ryu_controller,549433,9.9,60669952,41867,1018,42885,10,99.5157
2026-05-09T14:34:57.277749+00:00,recovery_scenario,icmp,,10,,twin_core,549445,10.0,26898432,23645,1426,25071,0,0.0
2026-05-09T14:34:57.277749+00:00,recovery_scenario,icmp,,10,,ryu_controller,549433,19.9,60669952,41890,1018,42908,23,228.9926
2026-05-09T14:34:57.378215+00:00,recovery_scenario,icmp,,10,,twin_core,549445,10.0,26898432,23645,1426,25071,0,0.0
2026-05-09T14:34:57.378215+00:00,recovery_scenario,icmp,,10,,ryu_controller,549433,49.7,60768256,41921,1018,42939,31,308.3649
2026-05-09T14:34:57.478737+00:00,recovery_scenario,icmp,,10,,twin_core,549445,0.0,26898432,23645,1426,25071,0,0.0
2026-05-09T14:34:57.478737+00:00,recovery_scenario,icmp,,10,,ryu_controller,549433,9.9,60768256,41925,1018,42943,4,39.771
2026-05-09T14:34:57.584016+00:00,recovery_scenario,icmp,,10,,twin_core,549445,0.0,26898432,23645,1426,25071,0,0.0
2026-05-09T14:34:57.584016+00:00,recovery_scenario,icmp,,10,,ryu_controller,549433,0.0,60768256,41929,1018,42947,4,37.9961
2026-05-09T14:34:57.685151+00:00,recovery_scenario,icmp,,10,,twin_core,549445,0.0,26898432,23645,1426,25071,0,0.0
2026-05-09T14:34:57.685151+00:00,recovery_scenario,icmp,,10,,ryu_controller,549433,0.0,60768256,41931,1018,42949,2,19.7619
2026-05-09T14:34:57.789791+00:00,recovery_scenario,icmp,,10,,twin_core,549445,0.0,26898432,23645,1426,25071,0,0.0
2026-05-09T14:34:57.789791+00:00,recovery_scenario,icmp,,10,,ryu_controller,549433,0.0,60768256,41934,1018,42952,3,28.6771
2026-05-09T14:34:57.823289+00:00,recovery_scenario,icmp,,10,background_traffic_started,,,,,,,,,
2026-05-09T14:34:57.890453+00:00,recovery_scenario,icmp,,10,,twin_core,549445,0.0,26898432,23680,1426,25106,35,348.0308
2026-05-09T14:34:57.890453+00:00,recovery_scenario,icmp,,10,,ryu_controller,549433,0.0,60768256,41936,1018,42954,2,19.9054
2026-05-09T14:34:57.954654+00:00,recovery_scenario,icmp,,10,fault_injected,,,,,,,,,
2026-05-09T14:34:57.990846+00:00,recovery_scenario,icmp,,10,,twin_core,549445,10.0,26898432,23733,1427,25160,54,537.8194
2026-05-09T14:34:57.990846+00:00,recovery_scenario,icmp,,10,,ryu_controller,549433,59.8,60768256,41986,1024,43010,56,557.2163
2026-05-09T14:34:58.091375+00:00,recovery_scenario,icmp,,10,,twin_core,549445,0.0,26898432,23789,1428,25217,57,567.0034
2026-05-09T14:34:58.091375+00:00,recovery_scenario,icmp,,10,,ryu_controller,549433,9.9,60768256,41995,1026,43021,11,109.4314
2026-05-09T14:34:58.191904+00:00,recovery_scenario,icmp,,10,,twin_core,549445,9.9,26898432,23852,1428,25280,63,626.6662
2026-05-09T14:34:58.191904+00:00,recovery_scenario,icmp,,10,,ryu_controller,549433,0.0,60768256,42024,1027,43051,30,298.4767
2026-05-09T14:34:58.294672+00:00,recovery_scenario,icmp,,10,,twin_core,549445,0.0,26898432,23862,1428,25290,10,97.2289
2026-05-09T14:34:58.294672+00:00,recovery_scenario,icmp,,10,,ryu_controller,549433,9.7,60768256,42059,1027,43086,35,339.8353
2026-05-09T14:34:58.397195+00:00,recovery_scenario,icmp,,10,,twin_core,549445,0.0,26898432,23862,1428,25290,0,0.0
2026-05-09T14:34:58.397195+00:00,recovery_scenario,icmp,,10,,ryu_controller,549433,0.0,60768256,42080,1027,43107,21,205.0642
2026-05-09T14:34:58.502508+00:00,recovery_scenario,icmp,,10,,twin_core,549445,0.0,26898432,23862,1428,25290,0,0.0
2026-05-09T14:34:58.502508+00:00,recovery_scenario,icmp,,10,,ryu_controller,549433,0.0,60768256,42097,1027,43124,17,161.4975
2026-05-09T14:34:58.603072+00:00,recovery_scenario,icmp,,10,,twin_core,549445,0.0,26898432,23862,1428,25290,0,0.0
2026-05-09T14:34:58.603072+00:00,recovery_scenario,icmp,,10,,ryu_controller,549433,19.9,60768256,42113,1027,43140,16,159.1642
2026-05-09T14:34:58.704861+00:00,recovery_scenario,icmp,,10,,twin_core,549445,0.0,26898432,23864,1428,25292,2,19.5865
2026-05-09T14:34:58.704861+00:00,recovery_scenario,icmp,,10,,ryu_controller,549433,0.0,60768256,42124,1027,43151,11,107.6199
2026-05-09T14:34:58.809410+00:00,recovery_scenario,icmp,,10,,twin_core,549445,0.0,26898432,23864,1428,25292,0,0.0
2026-05-09T14:34:58.809410+00:00,recovery_scenario,icmp,,10,,ryu_controller,549433,0.0,60768256,42152,1027,43179,28,268.2315
2026-05-09T14:34:58.914794+00:00,recovery_scenario,icmp,,10,,twin_core,549445,0.0,26898432,23864,1428,25292,0,0.0
2026-05-09T14:34:58.914794+00:00,recovery_scenario,icmp,,10,,ryu_controller,549433,9.5,60768256,42177,1027,43204,25,237.6666
2026-05-09T14:34:59.019978+00:00,recovery_scenario,icmp,,10,,twin_core,549445,0.0,26898432,23864,1428,25292,0,0.0
2026-05-09T14:34:59.019978+00:00,recovery_scenario,icmp,,10,,ryu_controller,549433,0.0,60768256,42211,1027,43238,34,322.631
2026-05-09T14:34:59.120790+00:00,recovery_scenario,icmp,,10,,twin_core,549445,0.0,26898432,23864,1428,25292,0,0.0
2026-05-09T14:34:59.120790+00:00,recovery_scenario,icmp,,10,,ryu_controller,549433,9.9,60768256,42224,1027,43251,13,129.1869
2026-05-09T14:34:59.221467+00:00,recovery_scenario,icmp,,10,,twin_core,549445,0.0,26898432,23865,1428,25293,1,9.9279
2026-05-09T14:34:59.221467+00:00,recovery_scenario,icmp,,10,,ryu_controller,549433,9.9,60768256,42243,1027,43270,19,188.4525
2026-05-09T14:34:59.323748+00:00,recovery_scenario,icmp,,10,,twin_core,549445,9.8,26898432,23865,1428,25293,0,0.0
2026-05-09T14:34:59.323748+00:00,recovery_scenario,icmp,,10,,ryu_controller,549433,0.0,60768256,42253,1027,43280,10,97.8778
2026-05-09T14:34:59.426152+00:00,recovery_scenario,icmp,,10,,twin_core,549445,9.8,26898432,23865,1428,25293,0,0.0
2026-05-09T14:34:59.426152+00:00,recovery_scenario,icmp,,10,,ryu_controller,549433,48.9,60768256,42309,1027,43336,56,547.9477
2026-05-09T14:34:59.531232+00:00,recovery_scenario,icmp,,10,,twin_core,549445,0.0,26898432,23865,1428,25293,0,0.0
2026-05-09T14:34:59.531232+00:00,recovery_scenario,icmp,,10,,ryu_controller,549433,9.5,60768256,42325,1027,43352,16,152.0914
2026-05-09T14:34:59.631789+00:00,recovery_scenario,icmp,,10,,twin_core,549445,0.0,26898432,23865,1428,25293,0,0.0
2026-05-09T14:34:59.631789+00:00,recovery_scenario,icmp,,10,,ryu_controller,549433,0.0,60768256,42341,1027,43368,16,159.0705
2026-05-09T14:34:59.709029+00:00,recovery_scenario,icmp,,10,recovery_requested,,,,,,,,,
2026-05-09T14:34:59.732374+00:00,recovery_scenario,icmp,,10,,twin_core,549445,9.9,26898432,23878,1429,25307,14,139.2564
2026-05-09T14:34:59.732374+00:00,recovery_scenario,icmp,,10,,ryu_controller,549433,9.9,60768256,42356,1027,43383,15,149.3695
2026-05-09T14:34:59.832756+00:00,recovery_scenario,icmp,,10,,twin_core,549445,0.0,26898432,23935,1430,25365,58,577.8444
2026-05-09T14:34:59.832756+00:00,recovery_scenario,icmp,,10,,ryu_controller,549433,19.9,60768256,42386,1029,43415,32,318.8238
2026-05-09T14:34:59.933320+00:00,recovery_scenario,icmp,,10,,twin_core,549445,0.0,26898432,23992,1430,25422,57,566.5969
2026-05-09T14:34:59.933320+00:00,recovery_scenario,icmp,,10,,ryu_controller,549433,19.9,60768256,42413,1032,43445,30,296.858
2026-05-09T14:35:00.034399+00:00,recovery_scenario,icmp,,10,,twin_core,549445,9.9,26898432,24010,1430,25440,18,178.0994
2026-05-09T14:35:00.034399+00:00,recovery_scenario,icmp,,10,,ryu_controller,549433,39.6,60768256,42475,1032,43507,62,616.0264
2026-05-09T14:35:00.134883+00:00,recovery_scenario,icmp,,10,,twin_core,549445,0.0,26898432,24010,1430,25440,0,0.0
2026-05-09T14:35:00.134883+00:00,recovery_scenario,icmp,,10,,ryu_controller,549433,0.0,60768256,42485,1032,43517,10,99.4122
2026-05-09T14:35:00.235451+00:00,recovery_scenario,icmp,,10,,twin_core,549445,0.0,26898432,24010,1430,25440,0,0.0
2026-05-09T14:35:00.235451+00:00,recovery_scenario,icmp,,10,,ryu_controller,549433,9.9,60768256,42515,1032,43547,30,298.5076
2026-05-09T14:35:00.335940+00:00,recovery_scenario,icmp,,10,,twin_core,549445,0.0,26898432,24010,1430,25440,0,0.0
2026-05-09T14:35:00.335940+00:00,recovery_scenario,icmp,,10,,ryu_controller,549433,10.0,60768256,42538,1032,43570,23,228.8998
2026-05-09T14:35:00.436427+00:00,recovery_scenario,icmp,,10,,twin_core,549445,0.0,26898432,24010,1430,25440,0,0.0
2026-05-09T14:35:00.436427+00:00,recovery_scenario,icmp,,10,,ryu_controller,549433,0.0,60768256,42572,1032,43604,34,338.312
2026-05-09T14:35:00.541632+00:00,recovery_scenario,icmp,,10,,twin_core,549445,0.0,26898432,24011,1430,25441,1,9.4998
2026-05-09T14:35:00.541632+00:00,recovery_scenario,icmp,,10,,ryu_controller,549433,0.0,60768256,42586,1032,43618,14,132.9418
2026-05-09T14:35:00.642291+00:00,recovery_scenario,icmp,,10,,twin_core,549445,0.0,26898432,24011,1430,25441,0,0.0
2026-05-09T14:35:00.642291+00:00,recovery_scenario,icmp,,10,,ryu_controller,549433,9.9,60768256,42593,1032,43625,7,69.4573
2026-05-09T14:35:00.746013+00:00,recovery_scenario,icmp,,10,,twin_core,549445,0.0,26898432,24011,1430,25441,0,0.0
2026-05-09T14:35:00.746013+00:00,recovery_scenario,icmp,,10,,ryu_controller,549433,9.7,60768256,42610,1032,43642,17,164.039
2026-05-09T14:35:00.848163+00:00,recovery_scenario,icmp,,10,,twin_core,549445,0.0,26898432,24011,1430,25441,0,0.0
2026-05-09T14:35:00.848163+00:00,recovery_scenario,icmp,,10,,ryu_controller,549433,0.0,60768256,42644,1032,43676,34,333.2971
2026-05-09T14:35:00.951453+00:00,recovery_scenario,icmp,,10,,twin_core,549445,0.0,26898432,24011,1430,25441,0,0.0
2026-05-09T14:35:00.951453+00:00,recovery_scenario,icmp,,10,,ryu_controller,549433,0.0,60768256,42669,1032,43701,25,241.9949
2026-05-09T14:35:01.051980+00:00,recovery_scenario,icmp,,10,,twin_core,549445,0.0,26898432,24012,1430,25442,1,9.9388
2026-05-09T14:35:01.051980+00:00,recovery_scenario,icmp,,10,,ryu_controller,549433,9.9,60768256,42702,1032,43734,33,327.9846
2026-05-09T14:35:01.152584+00:00,recovery_scenario,icmp,,10,,twin_core,549445,0.0,26898432,24012,1430,25442,0,0.0
2026-05-09T14:35:01.152584+00:00,recovery_scenario,icmp,,10,,ryu_controller,549433,10.0,60768256,42718,1033,43751,17,169.2315
2026-05-09T14:35:01.253180+00:00,recovery_scenario,icmp,,10,,twin_core,549445,0.0,26898432,24012,1430,25442,0,0.0
2026-05-09T14:35:01.253180+00:00,recovery_scenario,icmp,,10,,ryu_controller,549433,9.9,60768256,42738,1033,43771,20,198.5724
2026-05-09T14:35:01.354366+00:00,recovery_scenario,icmp,,10,,twin_core,549445,0.0,26898432,24012,1430,25442,0,0.0
2026-05-09T14:35:01.354366+00:00,recovery_scenario,icmp,,10,,ryu_controller,549433,0.0,60768256,42748,1033,43781,10,98.9282
2026-05-09T14:35:01.454876+00:00,recovery_scenario,icmp,,10,,twin_core,549445,10.0,26898432,24012,1430,25442,0,0.0
2026-05-09T14:35:01.454876+00:00,recovery_scenario,icmp,,10,,ryu_controller,549433,39.8,60768256,42794,1033,43827,46,457.2641
2026-05-09T14:35:01.558558+00:00,recovery_scenario,icmp,,10,,twin_core,549445,9.6,26898432,24013,1430,25443,1,9.6373
2026-05-09T14:35:01.558558+00:00,recovery_scenario,icmp,,10,,ryu_controller,549433,9.6,60768256,42829,1033,43862,35,337.7576
2026-05-09T14:35:01.659072+00:00,recovery_scenario,icmp,,10,,twin_core,549445,0.0,26898432,24013,1430,25443,0,0.0
2026-05-09T14:35:01.659072+00:00,recovery_scenario,icmp,,10,,ryu_controller,549433,9.9,60768256,42849,1033,43882,20,198.7024
2026-05-09T14:35:01.762071+00:00,recovery_scenario,icmp,,10,,twin_core,549445,0.0,26898432,24013,1430,25443,0,0.0
2026-05-09T14:35:01.762071+00:00,recovery_scenario,icmp,,10,,ryu_controller,549433,9.7,60768256,42861,1033,43894,12,116.6424
2026-05-09T14:35:01.863620+00:00,recovery_scenario,icmp,,10,,twin_core,549445,0.0,26898432,24013,1430,25443,0,0.0
2026-05-09T14:35:01.863620+00:00,recovery_scenario,icmp,,10,,ryu_controller,549433,0.0,60768256,42865,1033,43898,4,39.3849
2026-05-09T14:35:01.964949+00:00,recovery_scenario,icmp,,10,scenario_teardown,,,,,,,,,
2026-05-09T14:35:01.965485+00:00,recovery_scenario,icmp,,10,,twin_core,549445,0.0,26898432,24014,1430,25444,1,9.8226
2026-05-09T14:35:01.965485+00:00,recovery_scenario,icmp,,10,,ryu_controller,549433,0.0,60768256,42870,1033,43903,5,49.1255
2026-05-09T14:35:02.066026+00:00,recovery_scenario,icmp,,10,,twin_core,549445,9.9,26898432,24031,1431,25462,18,178.8481
2026-05-09T14:35:02.066026+00:00,recovery_scenario,icmp,,10,,ryu_controller,549433,9.9,60768256,42892,1040,43932,29,288.1667
2026-05-09T14:35:02.167029+00:00,recovery_scenario,icmp,,10,,twin_core,549445,0.0,26898432,24057,1431,25488,26,257.5485
2026-05-09T14:35:02.167029+00:00,recovery_scenario,icmp,,10,,ryu_controller,549433,29.7,60768256,42908,1047,43955,23,227.8291
2026-05-09T14:35:02.267535+00:00,recovery_scenario,icmp,,10,,twin_core,549445,0.0,26898432,24070,1431,25501,13,129.4347
2026-05-09T14:35:02.267535+00:00,recovery_scenario,icmp,,10,,ryu_controller,549433,10.0,60768256,42916,1055,43971,16,159.3144
2026-05-09T14:35:02.367946+00:00,recovery_scenario,icmp,,10,,twin_core,549445,0.0,26898432,24070,1431,25501,0,0.0
2026-05-09T14:35:02.367946+00:00,recovery_scenario,icmp,,10,,ryu_controller,549433,9.9,60768256,42943,1057,44000,29,288.2842
