timestamp,scenario_name,background_traffic,background_load_percent,repeat_index,event_name,process_name,pid,cpu_percent,rss_bytes
2026-04-24T21:32:43.072111+00:00,recovery_scenario,iperf_tcp,30,1,,twin_core,361501,0.0,67604480
2026-04-24T21:32:43.072111+00:00,recovery_scenario,iperf_tcp,30,1,,ryu_controller,361493,0.0,60608512
2026-04-24T21:32:43.178342+00:00,recovery_scenario,iperf_tcp,30,1,,twin_core,361501,0.0,67604480
2026-04-24T21:32:43.178342+00:00,recovery_scenario,iperf_tcp,30,1,,ryu_controller,361493,0.0,60608512
2026-04-24T21:32:43.278971+00:00,recovery_scenario,iperf_tcp,30,1,,twin_core,361501,9.9,67604480
2026-04-24T21:32:43.278971+00:00,recovery_scenario,iperf_tcp,30,1,,ryu_controller,361493,19.9,60608512
2026-04-24T21:32:43.379843+00:00,recovery_scenario,iperf_tcp,30,1,,twin_core,361501,0.0,67604480
2026-04-24T21:32:43.379843+00:00,recovery_scenario,iperf_tcp,30,1,,ryu_controller,361493,79.4,60608512
2026-04-24T21:32:43.475931+00:00,recovery_scenario,iperf_tcp,30,1,service_started,,,,
2026-04-24T21:32:43.480331+00:00,recovery_scenario,iperf_tcp,30,1,,twin_core,361501,19.9,67604480
2026-04-24T21:32:43.480331+00:00,recovery_scenario,iperf_tcp,30,1,,ryu_controller,361493,19.9,60608512
2026-04-24T21:32:43.581664+00:00,recovery_scenario,iperf_tcp,30,1,,twin_core,361501,9.9,67604480
2026-04-24T21:32:43.581664+00:00,recovery_scenario,iperf_tcp,30,1,,ryu_controller,361493,59.2,60608512
2026-04-24T21:32:43.682177+00:00,recovery_scenario,iperf_tcp,30,1,,twin_core,361501,0.0,67604480
2026-04-24T21:32:43.682177+00:00,recovery_scenario,iperf_tcp,30,1,,ryu_controller,361493,10.0,60608512
2026-04-24T21:32:43.782591+00:00,recovery_scenario,iperf_tcp,30,1,,twin_core,361501,0.0,67604480
2026-04-24T21:32:43.782591+00:00,recovery_scenario,iperf_tcp,30,1,,ryu_controller,361493,49.7,60608512
2026-04-24T21:32:43.883603+00:00,recovery_scenario,iperf_tcp,30,1,,twin_core,361501,0.0,67604480
2026-04-24T21:32:43.883603+00:00,recovery_scenario,iperf_tcp,30,1,,ryu_controller,361493,9.9,60608512
2026-04-24T21:32:43.985842+00:00,recovery_scenario,iperf_tcp,30,1,,twin_core,361501,0.0,67604480
2026-04-24T21:32:43.985842+00:00,recovery_scenario,iperf_tcp,30,1,,ryu_controller,361493,9.8,60608512
2026-04-24T21:32:44.086564+00:00,recovery_scenario,iperf_tcp,30,1,,twin_core,361501,0.0,67604480
2026-04-24T21:32:44.086564+00:00,recovery_scenario,iperf_tcp,30,1,,ryu_controller,361493,19.9,60608512
2026-04-24T21:32:44.187091+00:00,recovery_scenario,iperf_tcp,30,1,,twin_core,361501,0.0,67604480
2026-04-24T21:32:44.187091+00:00,recovery_scenario,iperf_tcp,30,1,,ryu_controller,361493,19.9,60608512
2026-04-24T21:32:44.289169+00:00,recovery_scenario,iperf_tcp,30,1,,twin_core,361501,0.0,67604480
2026-04-24T21:32:44.289169+00:00,recovery_scenario,iperf_tcp,30,1,,ryu_controller,361493,19.6,60608512
2026-04-24T21:32:44.389611+00:00,recovery_scenario,iperf_tcp,30,1,,twin_core,361501,0.0,67604480
2026-04-24T21:32:44.389611+00:00,recovery_scenario,iperf_tcp,30,1,,ryu_controller,361493,19.9,60608512
2026-04-24T21:32:44.492980+00:00,recovery_scenario,iperf_tcp,30,1,,twin_core,361501,0.0,67604480
2026-04-24T21:32:44.492980+00:00,recovery_scenario,iperf_tcp,30,1,,ryu_controller,361493,38.7,60608512
2026-04-24T21:32:44.594011+00:00,recovery_scenario,iperf_tcp,30,1,,twin_core,361501,9.9,67604480
2026-04-24T21:32:44.594011+00:00,recovery_scenario,iperf_tcp,30,1,,ryu_controller,361493,9.9,60608512
2026-04-24T21:32:44.694569+00:00,recovery_scenario,iperf_tcp,30,1,,twin_core,361501,0.0,67604480
2026-04-24T21:32:44.694569+00:00,recovery_scenario,iperf_tcp,30,1,,ryu_controller,361493,9.9,60608512
2026-04-24T21:32:44.795418+00:00,recovery_scenario,iperf_tcp,30,1,,twin_core,361501,0.0,67604480
2026-04-24T21:32:44.795418+00:00,recovery_scenario,iperf_tcp,30,1,,ryu_controller,361493,29.7,60608512
2026-04-24T21:32:44.900130+00:00,recovery_scenario,iperf_tcp,30,1,,twin_core,361501,0.0,67604480
2026-04-24T21:32:44.900130+00:00,recovery_scenario,iperf_tcp,30,1,,ryu_controller,361493,38.1,60608512
2026-04-24T21:32:45.003112+00:00,recovery_scenario,iperf_tcp,30,1,,twin_core,361501,0.0,67604480
2026-04-24T21:32:45.003112+00:00,recovery_scenario,iperf_tcp,30,1,,ryu_controller,361493,19.5,60608512
2026-04-24T21:32:45.105671+00:00,recovery_scenario,iperf_tcp,30,1,,twin_core,361501,0.0,67604480
2026-04-24T21:32:45.105671+00:00,recovery_scenario,iperf_tcp,30,1,,ryu_controller,361493,9.7,60608512
2026-04-24T21:32:45.206740+00:00,recovery_scenario,iperf_tcp,30,1,,twin_core,361501,0.0,67604480
2026-04-24T21:32:45.206740+00:00,recovery_scenario,iperf_tcp,30,1,,ryu_controller,361493,9.9,60608512
2026-04-24T21:32:45.308026+00:00,recovery_scenario,iperf_tcp,30,1,,twin_core,361501,0.0,67604480
2026-04-24T21:32:45.308026+00:00,recovery_scenario,iperf_tcp,30,1,,ryu_controller,361493,9.9,60608512
2026-04-24T21:32:45.411674+00:00,recovery_scenario,iperf_tcp,30,1,,twin_core,361501,0.0,67604480
2026-04-24T21:32:45.411674+00:00,recovery_scenario,iperf_tcp,30,1,,ryu_controller,361493,0.0,60608512
2026-04-24T21:32:45.515396+00:00,recovery_scenario,iperf_tcp,30,1,,twin_core,361501,0.0,67604480
2026-04-24T21:32:45.515396+00:00,recovery_scenario,iperf_tcp,30,1,,ryu_controller,361493,9.6,60608512
2026-04-24T21:32:45.616008+00:00,recovery_scenario,iperf_tcp,30,1,,twin_core,361501,9.9,67604480
2026-04-24T21:32:45.616008+00:00,recovery_scenario,iperf_tcp,30,1,,ryu_controller,361493,39.8,60608512
2026-04-24T21:32:45.717034+00:00,recovery_scenario,iperf_tcp,30,1,,twin_core,361501,0.0,67604480
2026-04-24T21:32:45.717034+00:00,recovery_scenario,iperf_tcp,30,1,,ryu_controller,361493,9.9,60608512
2026-04-24T21:32:45.817476+00:00,recovery_scenario,iperf_tcp,30,1,,twin_core,361501,0.0,67604480
2026-04-24T21:32:45.817476+00:00,recovery_scenario,iperf_tcp,30,1,,ryu_controller,361493,59.8,60608512
2026-04-24T21:32:45.919486+00:00,recovery_scenario,iperf_tcp,30,1,,twin_core,361501,0.0,67604480
2026-04-24T21:32:45.919486+00:00,recovery_scenario,iperf_tcp,30,1,,ryu_controller,361493,9.8,60608512
2026-04-24T21:32:46.020061+00:00,recovery_scenario,iperf_tcp,30,1,,twin_core,361501,0.0,67604480
2026-04-24T21:32:46.020061+00:00,recovery_scenario,iperf_tcp,30,1,,ryu_controller,361493,0.0,60608512
2026-04-24T21:32:46.120530+00:00,recovery_scenario,iperf_tcp,30,1,,twin_core,361501,0.0,67604480
2026-04-24T21:32:46.120530+00:00,recovery_scenario,iperf_tcp,30,1,,ryu_controller,361493,9.9,60608512
2026-04-24T21:32:46.222729+00:00,recovery_scenario,iperf_tcp,30,1,,twin_core,361501,0.0,67604480
2026-04-24T21:32:46.222729+00:00,recovery_scenario,iperf_tcp,30,1,,ryu_controller,361493,9.8,60608512
2026-04-24T21:32:46.323721+00:00,recovery_scenario,iperf_tcp,30,1,,twin_core,361501,0.0,67604480
2026-04-24T21:32:46.323721+00:00,recovery_scenario,iperf_tcp,30,1,,ryu_controller,361493,9.9,60608512
2026-04-24T21:32:46.424250+00:00,recovery_scenario,iperf_tcp,30,1,,twin_core,361501,10.0,67604480
2026-04-24T21:32:46.424250+00:00,recovery_scenario,iperf_tcp,30,1,,ryu_controller,361493,19.9,60608512
2026-04-24T21:32:46.524752+00:00,recovery_scenario,iperf_tcp,30,1,,twin_core,361501,0.0,67604480
2026-04-24T21:32:46.524752+00:00,recovery_scenario,iperf_tcp,30,1,,ryu_controller,361493,9.9,60608512
2026-04-24T21:32:46.626038+00:00,recovery_scenario,iperf_tcp,30,1,,twin_core,361501,0.0,67604480
2026-04-24T21:32:46.626038+00:00,recovery_scenario,iperf_tcp,30,1,,ryu_controller,361493,9.9,60608512
2026-04-24T21:32:46.726592+00:00,recovery_scenario,iperf_tcp,30,1,,twin_core,361501,0.0,67604480
2026-04-24T21:32:46.726592+00:00,recovery_scenario,iperf_tcp,30,1,,ryu_controller,361493,19.9,60608512
2026-04-24T21:32:46.827027+00:00,recovery_scenario,iperf_tcp,30,1,,twin_core,361501,0.0,67604480
2026-04-24T21:32:46.827027+00:00,recovery_scenario,iperf_tcp,30,1,,ryu_controller,361493,10.0,60608512
2026-04-24T21:32:46.927405+00:00,recovery_scenario,iperf_tcp,30,1,,twin_core,361501,0.0,67604480
2026-04-24T21:32:46.927405+00:00,recovery_scenario,iperf_tcp,30,1,,ryu_controller,361493,10.0,60608512
2026-04-24T21:32:47.027753+00:00,recovery_scenario,iperf_tcp,30,1,,twin_core,361501,0.0,67604480
2026-04-24T21:32:47.027753+00:00,recovery_scenario,iperf_tcp,30,1,,ryu_controller,361493,10.0,60608512
2026-04-24T21:32:47.128157+00:00,recovery_scenario,iperf_tcp,30,1,,twin_core,361501,0.0,67604480
2026-04-24T21:32:47.128157+00:00,recovery_scenario,iperf_tcp,30,1,,ryu_controller,361493,9.9,60608512
2026-04-24T21:32:47.230689+00:00,recovery_scenario,iperf_tcp,30,1,,twin_core,361501,0.0,67604480
2026-04-24T21:32:47.230689+00:00,recovery_scenario,iperf_tcp,30,1,,ryu_controller,361493,0.0,60608512
2026-04-24T21:32:47.331232+00:00,recovery_scenario,iperf_tcp,30,1,,twin_core,361501,0.0,67604480
2026-04-24T21:32:47.331232+00:00,recovery_scenario,iperf_tcp,30,1,,ryu_controller,361493,10.0,60608512
2026-04-24T21:32:47.431681+00:00,recovery_scenario,iperf_tcp,30,1,,twin_core,361501,10.0,67604480
2026-04-24T21:32:47.431681+00:00,recovery_scenario,iperf_tcp,30,1,,ryu_controller,361493,10.0,60608512
2026-04-24T21:32:47.533069+00:00,recovery_scenario,iperf_tcp,30,1,,twin_core,361501,0.0,67604480
2026-04-24T21:32:47.533069+00:00,recovery_scenario,iperf_tcp,30,1,,ryu_controller,361493,9.9,60608512
2026-04-24T21:32:47.633504+00:00,recovery_scenario,iperf_tcp,30,1,,twin_core,361501,10.0,67604480
2026-04-24T21:32:47.633504+00:00,recovery_scenario,iperf_tcp,30,1,,ryu_controller,361493,39.9,60608512
2026-04-24T21:32:47.734847+00:00,recovery_scenario,iperf_tcp,30,1,,twin_core,361501,9.9,67604480
2026-04-24T21:32:47.734847+00:00,recovery_scenario,iperf_tcp,30,1,,ryu_controller,361493,39.3,60608512
2026-04-24T21:32:47.835678+00:00,recovery_scenario,iperf_tcp,30,1,,twin_core,361501,0.0,67604480
2026-04-24T21:32:47.835678+00:00,recovery_scenario,iperf_tcp,30,1,,ryu_controller,361493,19.9,60608512
2026-04-24T21:32:47.936089+00:00,recovery_scenario,iperf_tcp,30,1,,twin_core,361501,0.0,67604480
2026-04-24T21:32:47.936089+00:00,recovery_scenario,iperf_tcp,30,1,,ryu_controller,361493,69.7,60608512
2026-04-24T21:32:48.036460+00:00,recovery_scenario,iperf_tcp,30,1,,twin_core,361501,0.0,67604480
2026-04-24T21:32:48.036460+00:00,recovery_scenario,iperf_tcp,30,1,,ryu_controller,361493,0.0,60608512
2026-04-24T21:32:48.137015+00:00,recovery_scenario,iperf_tcp,30,1,,twin_core,361501,0.0,67604480
2026-04-24T21:32:48.137015+00:00,recovery_scenario,iperf_tcp,30,1,,ryu_controller,361493,19.9,60608512
2026-04-24T21:32:48.237526+00:00,recovery_scenario,iperf_tcp,30,1,,twin_core,361501,0.0,67604480
2026-04-24T21:32:48.237526+00:00,recovery_scenario,iperf_tcp,30,1,,ryu_controller,361493,19.9,60608512
2026-04-24T21:32:48.339443+00:00,recovery_scenario,iperf_tcp,30,1,,twin_core,361501,9.8,67604480
2026-04-24T21:32:48.339443+00:00,recovery_scenario,iperf_tcp,30,1,,ryu_controller,361493,19.6,60608512
2026-04-24T21:32:48.441662+00:00,recovery_scenario,iperf_tcp,30,1,,twin_core,361501,0.0,67604480
2026-04-24T21:32:48.441662+00:00,recovery_scenario,iperf_tcp,30,1,,ryu_controller,361493,9.8,60608512
2026-04-24T21:32:48.543198+00:00,recovery_scenario,iperf_tcp,30,1,,twin_core,361501,0.0,67604480
2026-04-24T21:32:48.543198+00:00,recovery_scenario,iperf_tcp,30,1,,ryu_controller,361493,0.0,60608512
2026-04-24T21:32:48.643647+00:00,recovery_scenario,iperf_tcp,30,1,,twin_core,361501,0.0,67604480
2026-04-24T21:32:48.643647+00:00,recovery_scenario,iperf_tcp,30,1,,ryu_controller,361493,19.9,60608512
2026-04-24T21:32:48.745059+00:00,recovery_scenario,iperf_tcp,30,1,,twin_core,361501,0.0,67604480
2026-04-24T21:32:48.745059+00:00,recovery_scenario,iperf_tcp,30,1,,ryu_controller,361493,0.0,60608512
2026-04-24T21:32:48.846624+00:00,recovery_scenario,iperf_tcp,30,1,,twin_core,361501,0.0,67604480
2026-04-24T21:32:48.846624+00:00,recovery_scenario,iperf_tcp,30,1,,ryu_controller,361493,9.9,60608512
2026-04-24T21:32:48.949101+00:00,recovery_scenario,iperf_tcp,30,1,,twin_core,361501,0.0,67604480
2026-04-24T21:32:48.949101+00:00,recovery_scenario,iperf_tcp,30,1,,ryu_controller,361493,0.0,60608512
2026-04-24T21:32:49.050803+00:00,recovery_scenario,iperf_tcp,30,1,,twin_core,361501,0.0,67604480
2026-04-24T21:32:49.050803+00:00,recovery_scenario,iperf_tcp,30,1,,ryu_controller,361493,0.0,60608512
2026-04-24T21:32:49.151253+00:00,recovery_scenario,iperf_tcp,30,1,,twin_core,361501,0.0,67604480
2026-04-24T21:32:49.151253+00:00,recovery_scenario,iperf_tcp,30,1,,ryu_controller,361493,19.9,60608512
2026-04-24T21:32:49.252835+00:00,recovery_scenario,iperf_tcp,30,1,,twin_core,361501,0.0,67604480
2026-04-24T21:32:49.252835+00:00,recovery_scenario,iperf_tcp,30,1,,ryu_controller,361493,0.0,60608512
2026-04-24T21:32:49.276859+00:00,recovery_scenario,iperf_tcp,30,1,pingall_completed,,,,
2026-04-24T21:32:49.357282+00:00,recovery_scenario,iperf_tcp,30,1,,twin_core,361501,9.6,67604480
2026-04-24T21:32:49.357282+00:00,recovery_scenario,iperf_tcp,30,1,,ryu_controller,361493,9.6,60608512
2026-04-24T21:32:49.462024+00:00,recovery_scenario,iperf_tcp,30,1,,twin_core,361501,0.0,67604480
2026-04-24T21:32:49.462024+00:00,recovery_scenario,iperf_tcp,30,1,,ryu_controller,361493,0.0,60608512
2026-04-24T21:32:49.562522+00:00,recovery_scenario,iperf_tcp,30,1,,twin_core,361501,0.0,67604480
2026-04-24T21:32:49.562522+00:00,recovery_scenario,iperf_tcp,30,1,,ryu_controller,361493,0.0,60608512
2026-04-24T21:32:49.663879+00:00,recovery_scenario,iperf_tcp,30,1,,twin_core,361501,0.0,67604480
2026-04-24T21:32:49.663879+00:00,recovery_scenario,iperf_tcp,30,1,,ryu_controller,361493,0.0,60608512
2026-04-24T21:32:49.764320+00:00,recovery_scenario,iperf_tcp,30,1,,twin_core,361501,10.0,67645440
2026-04-24T21:32:49.764320+00:00,recovery_scenario,iperf_tcp,30,1,,ryu_controller,361493,89.6,60608512
2026-04-24T21:32:49.868551+00:00,recovery_scenario,iperf_tcp,30,1,,twin_core,361501,0.0,67645440
2026-04-24T21:32:49.868551+00:00,recovery_scenario,iperf_tcp,30,1,,ryu_controller,361493,0.0,60608512
2026-04-24T21:32:49.970020+00:00,recovery_scenario,iperf_tcp,30,1,,twin_core,361501,0.0,67645440
2026-04-24T21:32:49.970020+00:00,recovery_scenario,iperf_tcp,30,1,,ryu_controller,361493,39.5,60608512
2026-04-24T21:32:50.070383+00:00,recovery_scenario,iperf_tcp,30,1,,twin_core,361501,0.0,67645440
2026-04-24T21:32:50.070383+00:00,recovery_scenario,iperf_tcp,30,1,,ryu_controller,361493,29.9,60608512
2026-04-24T21:32:50.171856+00:00,recovery_scenario,iperf_tcp,30,1,,twin_core,361501,0.0,67645440
2026-04-24T21:32:50.171856+00:00,recovery_scenario,iperf_tcp,30,1,,ryu_controller,361493,0.0,60608512
2026-04-24T21:32:50.273965+00:00,recovery_scenario,iperf_tcp,30,1,,twin_core,361501,0.0,67645440
2026-04-24T21:32:50.273965+00:00,recovery_scenario,iperf_tcp,30,1,,ryu_controller,361493,0.0,60608512
2026-04-24T21:32:50.375671+00:00,recovery_scenario,iperf_tcp,30,1,,twin_core,361501,0.0,67645440
2026-04-24T21:32:50.375671+00:00,recovery_scenario,iperf_tcp,30,1,,ryu_controller,361493,9.8,60608512
2026-04-24T21:32:50.476223+00:00,recovery_scenario,iperf_tcp,30,1,,twin_core,361501,0.0,67645440
2026-04-24T21:32:50.476223+00:00,recovery_scenario,iperf_tcp,30,1,,ryu_controller,361493,0.0,60608512
2026-04-24T21:32:50.576636+00:00,recovery_scenario,iperf_tcp,30,1,,twin_core,361501,0.0,67645440
2026-04-24T21:32:50.576636+00:00,recovery_scenario,iperf_tcp,30,1,,ryu_controller,361493,0.0,60608512
2026-04-24T21:32:50.679839+00:00,recovery_scenario,iperf_tcp,30,1,,twin_core,361501,0.0,67645440
2026-04-24T21:32:50.679839+00:00,recovery_scenario,iperf_tcp,30,1,,ryu_controller,361493,0.0,60608512
2026-04-24T21:32:50.780252+00:00,recovery_scenario,iperf_tcp,30,1,,twin_core,361501,0.0,67645440
2026-04-24T21:32:50.780252+00:00,recovery_scenario,iperf_tcp,30,1,,ryu_controller,361493,9.9,60608512
2026-04-24T21:32:50.881170+00:00,recovery_scenario,iperf_tcp,30,1,,twin_core,361501,9.9,67645440
2026-04-24T21:32:50.881170+00:00,recovery_scenario,iperf_tcp,30,1,,ryu_controller,361493,0.0,60608512
2026-04-24T21:32:50.982641+00:00,recovery_scenario,iperf_tcp,30,1,,twin_core,361501,0.0,67645440
2026-04-24T21:32:50.982641+00:00,recovery_scenario,iperf_tcp,30,1,,ryu_controller,361493,0.0,60608512
2026-04-24T21:32:51.084927+00:00,recovery_scenario,iperf_tcp,30,1,,twin_core,361501,0.0,67645440
2026-04-24T21:32:51.084927+00:00,recovery_scenario,iperf_tcp,30,1,,ryu_controller,361493,9.8,60608512
2026-04-24T21:32:51.189370+00:00,recovery_scenario,iperf_tcp,30,1,,twin_core,361501,0.0,67645440
2026-04-24T21:32:51.189370+00:00,recovery_scenario,iperf_tcp,30,1,,ryu_controller,361493,0.0,60608512
2026-04-24T21:32:51.290211+00:00,recovery_scenario,iperf_tcp,30,1,,twin_core,361501,0.0,67645440
2026-04-24T21:32:51.290211+00:00,recovery_scenario,iperf_tcp,30,1,,ryu_controller,361493,0.0,60608512
2026-04-24T21:32:51.296514+00:00,recovery_scenario,iperf_tcp,30,1,background_traffic_started,,,,
2026-04-24T21:32:51.391918+00:00,recovery_scenario,iperf_tcp,30,1,,twin_core,361501,9.8,67645440
2026-04-24T21:32:51.391918+00:00,recovery_scenario,iperf_tcp,30,1,,ryu_controller,361493,39.1,60608512
2026-04-24T21:32:51.494218+00:00,recovery_scenario,iperf_tcp,30,1,,twin_core,361501,9.8,67645440
2026-04-24T21:32:51.494218+00:00,recovery_scenario,iperf_tcp,30,1,,ryu_controller,361493,39.4,60608512
2026-04-24T21:32:51.586274+00:00,recovery_scenario,iperf_tcp,30,1,fault_injected,,,,
2026-04-24T21:32:51.598530+00:00,recovery_scenario,iperf_tcp,30,1,,twin_core,361501,0.0,67674112
2026-04-24T21:32:51.598530+00:00,recovery_scenario,iperf_tcp,30,1,,ryu_controller,361493,28.8,60608512
2026-04-24T21:32:51.700158+00:00,recovery_scenario,iperf_tcp,30,1,,twin_core,361501,0.0,67674112
2026-04-24T21:32:51.700158+00:00,recovery_scenario,iperf_tcp,30,1,,ryu_controller,361493,39.2,60608512
2026-04-24T21:32:51.802483+00:00,recovery_scenario,iperf_tcp,30,1,,twin_core,361501,0.0,67674112
2026-04-24T21:32:51.802483+00:00,recovery_scenario,iperf_tcp,30,1,,ryu_controller,361493,48.9,60608512
2026-04-24T21:32:51.904636+00:00,recovery_scenario,iperf_tcp,30,1,,twin_core,361501,0.0,67674112
2026-04-24T21:32:51.904636+00:00,recovery_scenario,iperf_tcp,30,1,,ryu_controller,361493,59.0,60608512
2026-04-24T21:32:52.005621+00:00,recovery_scenario,iperf_tcp,30,1,,twin_core,361501,0.0,67674112
2026-04-24T21:32:52.005621+00:00,recovery_scenario,iperf_tcp,30,1,,ryu_controller,361493,69.4,60608512
2026-04-24T21:32:52.106359+00:00,recovery_scenario,iperf_tcp,30,1,,twin_core,361501,0.0,67674112
2026-04-24T21:32:52.106359+00:00,recovery_scenario,iperf_tcp,30,1,,ryu_controller,361493,69.5,60608512
2026-04-24T21:32:52.208624+00:00,recovery_scenario,iperf_tcp,30,1,,twin_core,361501,9.8,67674112
2026-04-24T21:32:52.208624+00:00,recovery_scenario,iperf_tcp,30,1,,ryu_controller,361493,58.5,60608512
2026-04-24T21:32:52.313404+00:00,recovery_scenario,iperf_tcp,30,1,,twin_core,361501,0.0,67674112
2026-04-24T21:32:52.313404+00:00,recovery_scenario,iperf_tcp,30,1,,ryu_controller,361493,86.0,60608512
2026-04-24T21:32:52.414008+00:00,recovery_scenario,iperf_tcp,30,1,,twin_core,361501,0.0,67674112
2026-04-24T21:32:52.414008+00:00,recovery_scenario,iperf_tcp,30,1,,ryu_controller,361493,59.7,60608512
2026-04-24T21:32:52.514380+00:00,recovery_scenario,iperf_tcp,30,1,,twin_core,361501,0.0,67674112
2026-04-24T21:32:52.514380+00:00,recovery_scenario,iperf_tcp,30,1,,ryu_controller,361493,69.8,60608512
2026-04-24T21:32:52.615226+00:00,recovery_scenario,iperf_tcp,30,1,,twin_core,361501,0.0,67674112
2026-04-24T21:32:52.615226+00:00,recovery_scenario,iperf_tcp,30,1,,ryu_controller,361493,79.3,60608512
2026-04-24T21:32:52.716845+00:00,recovery_scenario,iperf_tcp,30,1,,twin_core,361501,0.0,67674112
2026-04-24T21:32:52.716845+00:00,recovery_scenario,iperf_tcp,30,1,,ryu_controller,361493,49.2,60608512
2026-04-24T21:32:52.817207+00:00,recovery_scenario,iperf_tcp,30,1,,twin_core,361501,0.0,67674112
2026-04-24T21:32:52.817207+00:00,recovery_scenario,iperf_tcp,30,1,,ryu_controller,361493,79.7,60608512
2026-04-24T21:32:52.917562+00:00,recovery_scenario,iperf_tcp,30,1,,twin_core,361501,0.0,67674112
2026-04-24T21:32:52.917562+00:00,recovery_scenario,iperf_tcp,30,1,,ryu_controller,361493,69.7,60608512
2026-04-24T21:32:53.020497+00:00,recovery_scenario,iperf_tcp,30,1,,twin_core,361501,0.0,67674112
2026-04-24T21:32:53.020497+00:00,recovery_scenario,iperf_tcp,30,1,,ryu_controller,361493,77.8,60608512
2026-04-24T21:32:53.121017+00:00,recovery_scenario,iperf_tcp,30,1,,twin_core,361501,0.0,67674112
2026-04-24T21:32:53.121017+00:00,recovery_scenario,iperf_tcp,30,1,,ryu_controller,361493,79.5,60608512
2026-04-24T21:32:53.221422+00:00,recovery_scenario,iperf_tcp,30,1,,twin_core,361501,0.0,67674112
2026-04-24T21:32:53.221422+00:00,recovery_scenario,iperf_tcp,30,1,,ryu_controller,361493,69.7,60608512
2026-04-24T21:32:53.326793+00:00,recovery_scenario,iperf_tcp,30,1,,twin_core,361501,0.0,67674112
2026-04-24T21:32:53.326793+00:00,recovery_scenario,iperf_tcp,30,1,,ryu_controller,361493,94.9,60608512
2026-04-24T21:32:53.427143+00:00,recovery_scenario,iperf_tcp,30,1,,twin_core,361501,0.0,67674112
2026-04-24T21:32:53.427143+00:00,recovery_scenario,iperf_tcp,30,1,,ryu_controller,361493,69.7,60608512
2026-04-24T21:32:53.527512+00:00,recovery_scenario,iperf_tcp,30,1,,twin_core,361501,0.0,67674112
2026-04-24T21:32:53.527512+00:00,recovery_scenario,iperf_tcp,30,1,,ryu_controller,361493,79.7,60608512
2026-04-24T21:32:53.629741+00:00,recovery_scenario,iperf_tcp,30,1,,twin_core,361501,9.8,67674112
2026-04-24T21:32:53.629741+00:00,recovery_scenario,iperf_tcp,30,1,,ryu_controller,361493,68.5,60608512
2026-04-24T21:32:53.730129+00:00,recovery_scenario,iperf_tcp,30,1,,twin_core,361501,0.0,67674112
2026-04-24T21:32:53.730129+00:00,recovery_scenario,iperf_tcp,30,1,,ryu_controller,361493,79.7,60608512
2026-04-24T21:32:53.830996+00:00,recovery_scenario,iperf_tcp,30,1,,twin_core,361501,0.0,67674112
2026-04-24T21:32:53.830996+00:00,recovery_scenario,iperf_tcp,30,1,,ryu_controller,361493,69.4,60608512
2026-04-24T21:32:53.931383+00:00,recovery_scenario,iperf_tcp,30,1,,twin_core,361501,0.0,67674112
2026-04-24T21:32:53.931383+00:00,recovery_scenario,iperf_tcp,30,1,,ryu_controller,361493,79.7,60608512
2026-04-24T21:32:54.031744+00:00,recovery_scenario,iperf_tcp,30,1,,twin_core,361501,0.0,67674112
2026-04-24T21:32:54.031744+00:00,recovery_scenario,iperf_tcp,30,1,,ryu_controller,361493,69.7,60608512
2026-04-24T21:32:54.132093+00:00,recovery_scenario,iperf_tcp,30,1,,twin_core,361501,0.0,67674112
2026-04-24T21:32:54.132093+00:00,recovery_scenario,iperf_tcp,30,1,,ryu_controller,361493,79.7,60608512
2026-04-24T21:32:54.232454+00:00,recovery_scenario,iperf_tcp,30,1,,twin_core,361501,0.0,67674112
2026-04-24T21:32:54.232454+00:00,recovery_scenario,iperf_tcp,30,1,,ryu_controller,361493,79.7,60608512
2026-04-24T21:32:54.333229+00:00,recovery_scenario,iperf_tcp,30,1,,twin_core,361501,0.0,67674112
2026-04-24T21:32:54.333229+00:00,recovery_scenario,iperf_tcp,30,1,,ryu_controller,361493,59.5,60608512
2026-04-24T21:32:54.434216+00:00,recovery_scenario,iperf_tcp,30,1,,twin_core,361501,0.0,67674112
2026-04-24T21:32:54.434216+00:00,recovery_scenario,iperf_tcp,30,1,,ryu_controller,361493,69.3,60608512
2026-04-24T21:32:54.535774+00:00,recovery_scenario,iperf_tcp,30,1,,twin_core,361501,0.0,67674112
2026-04-24T21:32:54.535774+00:00,recovery_scenario,iperf_tcp,30,1,,ryu_controller,361493,48.9,60608512
2026-04-24T21:32:54.636968+00:00,recovery_scenario,iperf_tcp,30,1,,twin_core,361501,0.0,67674112
2026-04-24T21:32:54.636968+00:00,recovery_scenario,iperf_tcp,30,1,,ryu_controller,361493,69.6,60608512
2026-04-24T21:32:54.737348+00:00,recovery_scenario,iperf_tcp,30,1,,twin_core,361501,10.0,67674112
2026-04-24T21:32:54.737348+00:00,recovery_scenario,iperf_tcp,30,1,,ryu_controller,361493,59.8,60608512
2026-04-24T21:32:54.837806+00:00,recovery_scenario,iperf_tcp,30,1,,twin_core,361501,0.0,67674112
2026-04-24T21:32:54.837806+00:00,recovery_scenario,iperf_tcp,30,1,,ryu_controller,361493,69.5,60608512
2026-04-24T21:32:54.938796+00:00,recovery_scenario,iperf_tcp,30,1,,twin_core,361501,0.0,67674112
2026-04-24T21:32:54.938796+00:00,recovery_scenario,iperf_tcp,30,1,,ryu_controller,361493,78.7,60608512
2026-04-24T21:32:55.041361+00:00,recovery_scenario,iperf_tcp,30,1,,twin_core,361501,0.0,67674112
2026-04-24T21:32:55.041361+00:00,recovery_scenario,iperf_tcp,30,1,,ryu_controller,361493,78.5,60608512
2026-04-24T21:32:55.142382+00:00,recovery_scenario,iperf_tcp,30,1,,twin_core,361501,0.0,67674112
2026-04-24T21:32:55.142382+00:00,recovery_scenario,iperf_tcp,30,1,,ryu_controller,361493,69.2,60608512
2026-04-24T21:32:55.243636+00:00,recovery_scenario,iperf_tcp,30,1,,twin_core,361501,0.0,67674112
2026-04-24T21:32:55.243636+00:00,recovery_scenario,iperf_tcp,30,1,,ryu_controller,361493,69.1,60608512
2026-04-24T21:32:55.344954+00:00,recovery_scenario,iperf_tcp,30,1,,twin_core,361501,0.0,67674112
2026-04-24T21:32:55.344954+00:00,recovery_scenario,iperf_tcp,30,1,,ryu_controller,361493,79.2,60608512
2026-04-24T21:32:55.447906+00:00,recovery_scenario,iperf_tcp,30,1,,twin_core,361501,9.7,67674112
2026-04-24T21:32:55.447906+00:00,recovery_scenario,iperf_tcp,30,1,,ryu_controller,361493,58.5,60608512
2026-04-24T21:32:55.553381+00:00,recovery_scenario,iperf_tcp,30,1,,twin_core,361501,0.0,67674112
2026-04-24T21:32:55.553381+00:00,recovery_scenario,iperf_tcp,30,1,,ryu_controller,361493,47.4,60608512
2026-04-24T21:32:55.653801+00:00,recovery_scenario,iperf_tcp,30,1,,twin_core,361501,0.0,67674112
2026-04-24T21:32:55.653801+00:00,recovery_scenario,iperf_tcp,30,1,,ryu_controller,361493,29.9,60608512
2026-04-24T21:32:55.754186+00:00,recovery_scenario,iperf_tcp,30,1,,twin_core,361501,10.0,67674112
2026-04-24T21:32:55.754186+00:00,recovery_scenario,iperf_tcp,30,1,,ryu_controller,361493,39.8,60608512
2026-04-24T21:32:55.831691+00:00,recovery_scenario,iperf_tcp,30,1,recovery_requested,,,,
2026-04-24T21:32:55.854561+00:00,recovery_scenario,iperf_tcp,30,1,,twin_core,361501,0.0,67674112
2026-04-24T21:32:55.854561+00:00,recovery_scenario,iperf_tcp,30,1,,ryu_controller,361493,29.9,60608512
2026-04-24T21:32:55.955373+00:00,recovery_scenario,iperf_tcp,30,1,,twin_core,361501,0.0,67674112
2026-04-24T21:32:55.955373+00:00,recovery_scenario,iperf_tcp,30,1,,ryu_controller,361493,19.8,60608512
2026-04-24T21:32:56.057365+00:00,recovery_scenario,iperf_tcp,30,1,,twin_core,361501,0.0,67674112
2026-04-24T21:32:56.057365+00:00,recovery_scenario,iperf_tcp,30,1,,ryu_controller,361493,39.3,60608512
2026-04-24T21:32:56.158257+00:00,recovery_scenario,iperf_tcp,30,1,,twin_core,361501,0.0,67674112
2026-04-24T21:32:56.158257+00:00,recovery_scenario,iperf_tcp,30,1,,ryu_controller,361493,49.5,60608512
2026-04-24T21:32:56.258620+00:00,recovery_scenario,iperf_tcp,30,1,,twin_core,361501,0.0,67674112
2026-04-24T21:32:56.258620+00:00,recovery_scenario,iperf_tcp,30,1,,ryu_controller,361493,29.9,60608512
2026-04-24T21:32:56.359271+00:00,recovery_scenario,iperf_tcp,30,1,,twin_core,361501,0.0,67674112
2026-04-24T21:32:56.359271+00:00,recovery_scenario,iperf_tcp,30,1,,ryu_controller,361493,39.6,60608512
2026-04-24T21:32:56.460123+00:00,recovery_scenario,iperf_tcp,30,1,,twin_core,361501,0.0,67674112
2026-04-24T21:32:56.460123+00:00,recovery_scenario,iperf_tcp,30,1,,ryu_controller,361493,59.7,60608512
2026-04-24T21:32:56.560618+00:00,recovery_scenario,iperf_tcp,30,1,,twin_core,361501,0.0,67674112
2026-04-24T21:32:56.560618+00:00,recovery_scenario,iperf_tcp,30,1,,ryu_controller,361493,59.7,60608512
2026-04-24T21:32:56.661694+00:00,recovery_scenario,iperf_tcp,30,1,,twin_core,361501,0.0,67674112
2026-04-24T21:32:56.661694+00:00,recovery_scenario,iperf_tcp,30,1,,ryu_controller,361493,97.6,60608512
2026-04-24T21:32:56.763633+00:00,recovery_scenario,iperf_tcp,30,1,,twin_core,361501,9.8,67674112
2026-04-24T21:32:56.763633+00:00,recovery_scenario,iperf_tcp,30,1,,ryu_controller,361493,99.5,60608512
2026-04-24T21:32:56.864636+00:00,recovery_scenario,iperf_tcp,30,1,,twin_core,361501,0.0,67674112
2026-04-24T21:32:56.864636+00:00,recovery_scenario,iperf_tcp,30,1,,ryu_controller,361493,108.9,60608512
2026-04-24T21:32:56.965831+00:00,recovery_scenario,iperf_tcp,30,1,,twin_core,361501,0.0,67674112
2026-04-24T21:32:56.965831+00:00,recovery_scenario,iperf_tcp,30,1,,ryu_controller,361493,88.8,60608512
2026-04-24T21:32:57.066565+00:00,recovery_scenario,iperf_tcp,30,1,,twin_core,361501,0.0,67674112
2026-04-24T21:32:57.066565+00:00,recovery_scenario,iperf_tcp,30,1,,ryu_controller,361493,99.4,60608512
2026-04-24T21:32:57.167183+00:00,recovery_scenario,iperf_tcp,30,1,,twin_core,361501,0.0,67674112
2026-04-24T21:32:57.167183+00:00,recovery_scenario,iperf_tcp,30,1,,ryu_controller,361493,109.5,60608512
2026-04-24T21:32:57.267641+00:00,recovery_scenario,iperf_tcp,30,1,,twin_core,361501,0.0,67674112
2026-04-24T21:32:57.267641+00:00,recovery_scenario,iperf_tcp,30,1,,ryu_controller,361493,99.5,60608512
2026-04-24T21:32:57.368071+00:00,recovery_scenario,iperf_tcp,30,1,,twin_core,361501,0.0,67674112
2026-04-24T21:32:57.368071+00:00,recovery_scenario,iperf_tcp,30,1,,ryu_controller,361493,89.7,60608512
2026-04-24T21:32:57.468572+00:00,recovery_scenario,iperf_tcp,30,1,,twin_core,361501,0.0,67674112
2026-04-24T21:32:57.468572+00:00,recovery_scenario,iperf_tcp,30,1,,ryu_controller,361493,98.7,60608512
2026-04-24T21:32:57.569843+00:00,recovery_scenario,iperf_tcp,30,1,,twin_core,361501,0.0,67674112
2026-04-24T21:32:57.569843+00:00,recovery_scenario,iperf_tcp,30,1,,ryu_controller,361493,109.3,60608512
2026-04-24T21:32:57.670554+00:00,recovery_scenario,iperf_tcp,30,1,,twin_core,361501,0.0,67674112
2026-04-24T21:32:57.670554+00:00,recovery_scenario,iperf_tcp,30,1,,ryu_controller,361493,98.2,60608512
2026-04-24T21:32:57.772419+00:00,recovery_scenario,iperf_tcp,30,1,,twin_core,361501,0.0,67674112
2026-04-24T21:32:57.772419+00:00,recovery_scenario,iperf_tcp,30,1,,ryu_controller,361493,89.3,60608512
2026-04-24T21:32:57.873797+00:00,recovery_scenario,iperf_tcp,30,1,,twin_core,361501,0.0,67674112
2026-04-24T21:32:57.873797+00:00,recovery_scenario,iperf_tcp,30,1,,ryu_controller,361493,108.7,60608512
2026-04-24T21:32:57.975416+00:00,recovery_scenario,iperf_tcp,30,1,,twin_core,361501,9.8,67674112
2026-04-24T21:32:57.975416+00:00,recovery_scenario,iperf_tcp,30,1,,ryu_controller,361493,88.4,60608512
2026-04-24T21:32:58.076014+00:00,recovery_scenario,iperf_tcp,30,1,,twin_core,361501,9.9,67674112
2026-04-24T21:32:58.076014+00:00,recovery_scenario,iperf_tcp,30,1,,ryu_controller,361493,109.5,60608512
2026-04-24T21:32:58.176686+00:00,recovery_scenario,iperf_tcp,30,1,,twin_core,361501,0.0,67674112
2026-04-24T21:32:58.176686+00:00,recovery_scenario,iperf_tcp,30,1,,ryu_controller,361493,99.2,60608512
2026-04-24T21:32:58.277239+00:00,recovery_scenario,iperf_tcp,30,1,,twin_core,361501,0.0,67674112
2026-04-24T21:32:58.277239+00:00,recovery_scenario,iperf_tcp,30,1,,ryu_controller,361493,89.5,60608512
2026-04-24T21:32:58.377778+00:00,recovery_scenario,iperf_tcp,30,1,,twin_core,361501,0.0,67674112
2026-04-24T21:32:58.377778+00:00,recovery_scenario,iperf_tcp,30,1,,ryu_controller,361493,109.5,60608512
2026-04-24T21:32:58.478184+00:00,recovery_scenario,iperf_tcp,30,1,,twin_core,361501,0.0,67674112
2026-04-24T21:32:58.478184+00:00,recovery_scenario,iperf_tcp,30,1,,ryu_controller,361493,89.6,60608512
2026-04-24T21:32:58.578514+00:00,recovery_scenario,iperf_tcp,30,1,,twin_core,361501,0.0,67674112
2026-04-24T21:32:58.578514+00:00,recovery_scenario,iperf_tcp,30,1,,ryu_controller,361493,108.6,60608512
2026-04-24T21:32:58.680000+00:00,recovery_scenario,iperf_tcp,30,1,,twin_core,361501,0.0,67674112
2026-04-24T21:32:58.680000+00:00,recovery_scenario,iperf_tcp,30,1,,ryu_controller,361493,89.5,60608512
2026-04-24T21:32:58.781150+00:00,recovery_scenario,iperf_tcp,30,1,,twin_core,361501,0.0,67674112
2026-04-24T21:32:58.781150+00:00,recovery_scenario,iperf_tcp,30,1,,ryu_controller,361493,108.0,60608512
2026-04-24T21:32:58.882316+00:00,recovery_scenario,iperf_tcp,30,1,,twin_core,361501,0.0,67674112
2026-04-24T21:32:58.882316+00:00,recovery_scenario,iperf_tcp,30,1,,ryu_controller,361493,98.9,60608512
2026-04-24T21:32:58.983605+00:00,recovery_scenario,iperf_tcp,30,1,,twin_core,361501,9.9,67674112
2026-04-24T21:32:58.983605+00:00,recovery_scenario,iperf_tcp,30,1,,ryu_controller,361493,89.1,60608512
2026-04-24T21:32:59.084779+00:00,recovery_scenario,iperf_tcp,30,1,,twin_core,361501,0.0,67674112
2026-04-24T21:32:59.084779+00:00,recovery_scenario,iperf_tcp,30,1,,ryu_controller,361493,9.9,60608512
2026-04-24T21:32:59.185376+00:00,recovery_scenario,iperf_tcp,30,1,,twin_core,361501,0.0,67674112
2026-04-24T21:32:59.185376+00:00,recovery_scenario,iperf_tcp,30,1,,ryu_controller,361493,0.0,60608512
2026-04-24T21:32:59.286139+00:00,recovery_scenario,iperf_tcp,30,1,,twin_core,361501,0.0,67674112
2026-04-24T21:32:59.286139+00:00,recovery_scenario,iperf_tcp,30,1,,ryu_controller,361493,0.0,60608512
2026-04-24T21:32:59.386587+00:00,recovery_scenario,iperf_tcp,30,1,,twin_core,361501,0.0,67674112
2026-04-24T21:32:59.386587+00:00,recovery_scenario,iperf_tcp,30,1,,ryu_controller,361493,39.8,60608512
2026-04-24T21:32:59.431606+00:00,recovery_scenario,iperf_tcp,30,1,scenario_teardown,,,,
2026-04-24T21:32:59.487197+00:00,recovery_scenario,iperf_tcp,30,1,,twin_core,361501,9.9,67678208
2026-04-24T21:32:59.487197+00:00,recovery_scenario,iperf_tcp,30,1,,ryu_controller,361493,29.9,60608512
2026-04-24T21:32:59.587641+00:00,recovery_scenario,iperf_tcp,30,1,,twin_core,361501,10.0,67678208
2026-04-24T21:32:59.587641+00:00,recovery_scenario,iperf_tcp,30,1,,ryu_controller,361493,19.9,60608512
2026-04-24T21:32:59.688221+00:00,recovery_scenario,iperf_tcp,30,1,,twin_core,361501,0.0,67678208
2026-04-24T21:32:59.688221+00:00,recovery_scenario,iperf_tcp,30,1,,ryu_controller,361493,29.9,60608512
2026-04-24T21:32:59.788623+00:00,recovery_scenario,iperf_tcp,30,1,,twin_core,361501,10.0,67678208
2026-04-24T21:32:59.788623+00:00,recovery_scenario,iperf_tcp,30,1,,ryu_controller,361493,9.9,60608512
2026-04-24T21:33:00.263200+00:00,recovery_scenario,iperf_tcp,30,2,,twin_core,361501,0.0,67678208
2026-04-24T21:33:00.263200+00:00,recovery_scenario,iperf_tcp,30,2,,ryu_controller,361493,0.0,60608512
2026-04-24T21:33:00.364867+00:00,recovery_scenario,iperf_tcp,30,2,,twin_core,361501,0.0,67682304
2026-04-24T21:33:00.364867+00:00,recovery_scenario,iperf_tcp,30,2,,ryu_controller,361493,49.8,60608512
2026-04-24T21:33:00.465248+00:00,recovery_scenario,iperf_tcp,30,2,,twin_core,361501,10.0,67682304
2026-04-24T21:33:00.465248+00:00,recovery_scenario,iperf_tcp,30,2,,ryu_controller,361493,9.9,60608512
2026-04-24T21:33:00.518244+00:00,recovery_scenario,iperf_tcp,30,2,service_started,,,,
2026-04-24T21:33:00.566327+00:00,recovery_scenario,iperf_tcp,30,2,,twin_core,361501,9.9,67682304
2026-04-24T21:33:00.566327+00:00,recovery_scenario,iperf_tcp,30,2,,ryu_controller,361493,59.8,60608512
2026-04-24T21:33:00.666735+00:00,recovery_scenario,iperf_tcp,30,2,,twin_core,361501,0.0,67682304
2026-04-24T21:33:00.666735+00:00,recovery_scenario,iperf_tcp,30,2,,ryu_controller,361493,19.9,60608512
2026-04-24T21:33:00.767160+00:00,recovery_scenario,iperf_tcp,30,2,,twin_core,361501,10.0,67682304
2026-04-24T21:33:00.767160+00:00,recovery_scenario,iperf_tcp,30,2,,ryu_controller,361493,19.9,60608512
2026-04-24T21:33:00.867565+00:00,recovery_scenario,iperf_tcp,30,2,,twin_core,361501,0.0,67682304
2026-04-24T21:33:00.867565+00:00,recovery_scenario,iperf_tcp,30,2,,ryu_controller,361493,19.9,60608512
2026-04-24T21:33:00.968514+00:00,recovery_scenario,iperf_tcp,30,2,,twin_core,361501,0.0,67682304
2026-04-24T21:33:00.968514+00:00,recovery_scenario,iperf_tcp,30,2,,ryu_controller,361493,19.8,60608512
2026-04-24T21:33:01.069857+00:00,recovery_scenario,iperf_tcp,30,2,,twin_core,361501,0.0,67682304
2026-04-24T21:33:01.069857+00:00,recovery_scenario,iperf_tcp,30,2,,ryu_controller,361493,39.5,60608512
2026-04-24T21:33:01.170236+00:00,recovery_scenario,iperf_tcp,30,2,,twin_core,361501,0.0,67682304
2026-04-24T21:33:01.170236+00:00,recovery_scenario,iperf_tcp,30,2,,ryu_controller,361493,19.9,60608512
2026-04-24T21:33:01.270651+00:00,recovery_scenario,iperf_tcp,30,2,,twin_core,361501,0.0,67682304
2026-04-24T21:33:01.270651+00:00,recovery_scenario,iperf_tcp,30,2,,ryu_controller,361493,19.9,60608512
2026-04-24T21:33:01.371140+00:00,recovery_scenario,iperf_tcp,30,2,,twin_core,361501,0.0,67682304
2026-04-24T21:33:01.371140+00:00,recovery_scenario,iperf_tcp,30,2,,ryu_controller,361493,0.0,60608512
2026-04-24T21:33:01.471637+00:00,recovery_scenario,iperf_tcp,30,2,,twin_core,361501,0.0,67682304
2026-04-24T21:33:01.471637+00:00,recovery_scenario,iperf_tcp,30,2,,ryu_controller,361493,10.0,60608512
2026-04-24T21:33:01.572104+00:00,recovery_scenario,iperf_tcp,30,2,,twin_core,361501,0.0,67682304
2026-04-24T21:33:01.572104+00:00,recovery_scenario,iperf_tcp,30,2,,ryu_controller,361493,19.9,60608512
2026-04-24T21:33:01.672567+00:00,recovery_scenario,iperf_tcp,30,2,,twin_core,361501,0.0,67682304
2026-04-24T21:33:01.672567+00:00,recovery_scenario,iperf_tcp,30,2,,ryu_controller,361493,29.8,60608512
2026-04-24T21:33:01.773139+00:00,recovery_scenario,iperf_tcp,30,2,,twin_core,361501,0.0,67682304
2026-04-24T21:33:01.773139+00:00,recovery_scenario,iperf_tcp,30,2,,ryu_controller,361493,49.8,60608512
2026-04-24T21:33:01.873564+00:00,recovery_scenario,iperf_tcp,30,2,,twin_core,361501,0.0,67682304
2026-04-24T21:33:01.873564+00:00,recovery_scenario,iperf_tcp,30,2,,ryu_controller,361493,9.9,60608512
2026-04-24T21:33:01.974170+00:00,recovery_scenario,iperf_tcp,30,2,,twin_core,361501,9.9,67682304
2026-04-24T21:33:01.974170+00:00,recovery_scenario,iperf_tcp,30,2,,ryu_controller,361493,10.0,60608512
2026-04-24T21:33:02.074561+00:00,recovery_scenario,iperf_tcp,30,2,,twin_core,361501,0.0,67682304
2026-04-24T21:33:02.074561+00:00,recovery_scenario,iperf_tcp,30,2,,ryu_controller,361493,19.9,60608512
2026-04-24T21:33:02.174976+00:00,recovery_scenario,iperf_tcp,30,2,,twin_core,361501,0.0,67682304
2026-04-24T21:33:02.174976+00:00,recovery_scenario,iperf_tcp,30,2,,ryu_controller,361493,10.0,60608512
2026-04-24T21:33:02.275341+00:00,recovery_scenario,iperf_tcp,30,2,,twin_core,361501,0.0,67682304
2026-04-24T21:33:02.275341+00:00,recovery_scenario,iperf_tcp,30,2,,ryu_controller,361493,19.9,60608512
2026-04-24T21:33:02.375726+00:00,recovery_scenario,iperf_tcp,30,2,,twin_core,361501,0.0,67682304
2026-04-24T21:33:02.375726+00:00,recovery_scenario,iperf_tcp,30,2,,ryu_controller,361493,10.0,60608512
2026-04-24T21:33:02.476101+00:00,recovery_scenario,iperf_tcp,30,2,,twin_core,361501,0.0,67682304
2026-04-24T21:33:02.476101+00:00,recovery_scenario,iperf_tcp,30,2,,ryu_controller,361493,10.0,60608512
2026-04-24T21:33:02.576575+00:00,recovery_scenario,iperf_tcp,30,2,,twin_core,361501,0.0,67682304
2026-04-24T21:33:02.576575+00:00,recovery_scenario,iperf_tcp,30,2,,ryu_controller,361493,10.0,60608512
2026-04-24T21:33:02.677029+00:00,recovery_scenario,iperf_tcp,30,2,,twin_core,361501,10.0,67682304
2026-04-24T21:33:02.677029+00:00,recovery_scenario,iperf_tcp,30,2,,ryu_controller,361493,49.8,60608512
2026-04-24T21:33:02.778977+00:00,recovery_scenario,iperf_tcp,30,2,,twin_core,361501,0.0,67682304
2026-04-24T21:33:02.778977+00:00,recovery_scenario,iperf_tcp,30,2,,ryu_controller,361493,9.8,60608512
2026-04-24T21:33:02.879623+00:00,recovery_scenario,iperf_tcp,30,2,,twin_core,361501,0.0,67682304
2026-04-24T21:33:02.879623+00:00,recovery_scenario,iperf_tcp,30,2,,ryu_controller,361493,9.9,60608512
2026-04-24T21:33:02.980233+00:00,recovery_scenario,iperf_tcp,30,2,,twin_core,361501,0.0,67682304
2026-04-24T21:33:02.980233+00:00,recovery_scenario,iperf_tcp,30,2,,ryu_controller,361493,19.9,60608512
2026-04-24T21:33:03.080656+00:00,recovery_scenario,iperf_tcp,30,2,,twin_core,361501,0.0,67682304
2026-04-24T21:33:03.080656+00:00,recovery_scenario,iperf_tcp,30,2,,ryu_controller,361493,29.9,60608512
2026-04-24T21:33:03.181120+00:00,recovery_scenario,iperf_tcp,30,2,,twin_core,361501,0.0,67682304
2026-04-24T21:33:03.181120+00:00,recovery_scenario,iperf_tcp,30,2,,ryu_controller,361493,19.9,60608512
2026-04-24T21:33:03.281773+00:00,recovery_scenario,iperf_tcp,30,2,,twin_core,361501,0.0,67682304
2026-04-24T21:33:03.281773+00:00,recovery_scenario,iperf_tcp,30,2,,ryu_controller,361493,10.0,60608512
2026-04-24T21:33:03.382360+00:00,recovery_scenario,iperf_tcp,30,2,,twin_core,361501,0.0,67682304
2026-04-24T21:33:03.382360+00:00,recovery_scenario,iperf_tcp,30,2,,ryu_controller,361493,9.9,60608512
2026-04-24T21:33:03.482760+00:00,recovery_scenario,iperf_tcp,30,2,,twin_core,361501,0.0,67682304
2026-04-24T21:33:03.482760+00:00,recovery_scenario,iperf_tcp,30,2,,ryu_controller,361493,10.0,60608512
2026-04-24T21:33:03.583210+00:00,recovery_scenario,iperf_tcp,30,2,,twin_core,361501,0.0,67682304
2026-04-24T21:33:03.583210+00:00,recovery_scenario,iperf_tcp,30,2,,ryu_controller,361493,19.9,60608512
2026-04-24T21:33:03.684401+00:00,recovery_scenario,iperf_tcp,30,2,,twin_core,361501,0.0,67682304
2026-04-24T21:33:03.684401+00:00,recovery_scenario,iperf_tcp,30,2,,ryu_controller,361493,9.9,60608512
2026-04-24T21:33:03.785517+00:00,recovery_scenario,iperf_tcp,30,2,,twin_core,361501,9.9,67682304
2026-04-24T21:33:03.785517+00:00,recovery_scenario,iperf_tcp,30,2,,ryu_controller,361493,9.9,60608512
2026-04-24T21:33:03.886236+00:00,recovery_scenario,iperf_tcp,30,2,,twin_core,361501,0.0,67682304
2026-04-24T21:33:03.886236+00:00,recovery_scenario,iperf_tcp,30,2,,ryu_controller,361493,10.0,60608512
2026-04-24T21:33:03.986823+00:00,recovery_scenario,iperf_tcp,30,2,,twin_core,361501,0.0,67682304
2026-04-24T21:33:03.986823+00:00,recovery_scenario,iperf_tcp,30,2,,ryu_controller,361493,9.9,60608512
2026-04-24T21:33:04.087191+00:00,recovery_scenario,iperf_tcp,30,2,,twin_core,361501,0.0,67682304
2026-04-24T21:33:04.087191+00:00,recovery_scenario,iperf_tcp,30,2,,ryu_controller,361493,10.0,60608512
2026-04-24T21:33:04.187932+00:00,recovery_scenario,iperf_tcp,30,2,,twin_core,361501,0.0,67682304
2026-04-24T21:33:04.187932+00:00,recovery_scenario,iperf_tcp,30,2,,ryu_controller,361493,0.0,60608512
2026-04-24T21:33:04.289902+00:00,recovery_scenario,iperf_tcp,30,2,,twin_core,361501,0.0,67682304
2026-04-24T21:33:04.289902+00:00,recovery_scenario,iperf_tcp,30,2,,ryu_controller,361493,9.8,60608512
2026-04-24T21:33:04.390311+00:00,recovery_scenario,iperf_tcp,30,2,,twin_core,361501,0.0,67682304
2026-04-24T21:33:04.390311+00:00,recovery_scenario,iperf_tcp,30,2,,ryu_controller,361493,10.0,60608512
2026-04-24T21:33:04.490866+00:00,recovery_scenario,iperf_tcp,30,2,,twin_core,361501,0.0,67682304
2026-04-24T21:33:04.490866+00:00,recovery_scenario,iperf_tcp,30,2,,ryu_controller,361493,9.9,60608512
2026-04-24T21:33:04.591356+00:00,recovery_scenario,iperf_tcp,30,2,,twin_core,361501,0.0,67682304
2026-04-24T21:33:04.591356+00:00,recovery_scenario,iperf_tcp,30,2,,ryu_controller,361493,10.0,60608512
2026-04-24T21:33:04.692120+00:00,recovery_scenario,iperf_tcp,30,2,,twin_core,361501,19.9,67682304
2026-04-24T21:33:04.692120+00:00,recovery_scenario,iperf_tcp,30,2,,ryu_controller,361493,69.3,60624896
2026-04-24T21:33:04.792954+00:00,recovery_scenario,iperf_tcp,30,2,,twin_core,361501,0.0,67698688
2026-04-24T21:33:04.792954+00:00,recovery_scenario,iperf_tcp,30,2,,ryu_controller,361493,19.9,60624896
2026-04-24T21:33:04.899670+00:00,recovery_scenario,iperf_tcp,30,2,,twin_core,361501,9.4,67698688
2026-04-24T21:33:04.899670+00:00,recovery_scenario,iperf_tcp,30,2,,ryu_controller,361493,9.3,60624896
2026-04-24T21:33:05.001493+00:00,recovery_scenario,iperf_tcp,30,2,,twin_core,361501,0.0,67698688
2026-04-24T21:33:05.001493+00:00,recovery_scenario,iperf_tcp,30,2,,ryu_controller,361493,9.8,60624896
2026-04-24T21:33:05.102978+00:00,recovery_scenario,iperf_tcp,30,2,,twin_core,361501,0.0,67698688
2026-04-24T21:33:05.102978+00:00,recovery_scenario,iperf_tcp,30,2,,ryu_controller,361493,9.9,60624896
2026-04-24T21:33:05.203491+00:00,recovery_scenario,iperf_tcp,30,2,,twin_core,361501,0.0,67698688
2026-04-24T21:33:05.203491+00:00,recovery_scenario,iperf_tcp,30,2,,ryu_controller,361493,69.6,60624896
2026-04-24T21:33:05.304119+00:00,recovery_scenario,iperf_tcp,30,2,,twin_core,361501,0.0,67698688
2026-04-24T21:33:05.304119+00:00,recovery_scenario,iperf_tcp,30,2,,ryu_controller,361493,19.9,60624896
2026-04-24T21:33:05.404468+00:00,recovery_scenario,iperf_tcp,30,2,,twin_core,361501,0.0,67698688
2026-04-24T21:33:05.404468+00:00,recovery_scenario,iperf_tcp,30,2,,ryu_controller,361493,19.9,60624896
2026-04-24T21:33:05.504971+00:00,recovery_scenario,iperf_tcp,30,2,,twin_core,361501,0.0,67698688
2026-04-24T21:33:05.504971+00:00,recovery_scenario,iperf_tcp,30,2,,ryu_controller,361493,9.9,60624896
2026-04-24T21:33:05.608840+00:00,recovery_scenario,iperf_tcp,30,2,,twin_core,361501,0.0,67698688
2026-04-24T21:33:05.608840+00:00,recovery_scenario,iperf_tcp,30,2,,ryu_controller,361493,9.6,60624896
2026-04-24T21:33:05.709903+00:00,recovery_scenario,iperf_tcp,30,2,,twin_core,361501,0.0,67698688
2026-04-24T21:33:05.709903+00:00,recovery_scenario,iperf_tcp,30,2,,ryu_controller,361493,0.0,60624896
2026-04-24T21:33:05.810915+00:00,recovery_scenario,iperf_tcp,30,2,,twin_core,361501,0.0,67698688
2026-04-24T21:33:05.810915+00:00,recovery_scenario,iperf_tcp,30,2,,ryu_controller,361493,19.8,60624896
2026-04-24T21:33:05.914342+00:00,recovery_scenario,iperf_tcp,30,2,,twin_core,361501,0.0,67698688
2026-04-24T21:33:05.914342+00:00,recovery_scenario,iperf_tcp,30,2,,ryu_controller,361493,9.7,60624896
2026-04-24T21:33:06.014817+00:00,recovery_scenario,iperf_tcp,30,2,,twin_core,361501,10.0,67698688
2026-04-24T21:33:06.014817+00:00,recovery_scenario,iperf_tcp,30,2,,ryu_controller,361493,0.0,60624896
2026-04-24T21:33:06.115875+00:00,recovery_scenario,iperf_tcp,30,2,,twin_core,361501,0.0,67698688
2026-04-24T21:33:06.115875+00:00,recovery_scenario,iperf_tcp,30,2,,ryu_controller,361493,29.7,60624896
2026-04-24T21:33:06.216940+00:00,recovery_scenario,iperf_tcp,30,2,,twin_core,361501,0.0,67698688
2026-04-24T21:33:06.216940+00:00,recovery_scenario,iperf_tcp,30,2,,ryu_controller,361493,0.0,60624896
2026-04-24T21:33:06.317440+00:00,recovery_scenario,iperf_tcp,30,2,,twin_core,361501,0.0,67698688
2026-04-24T21:33:06.317440+00:00,recovery_scenario,iperf_tcp,30,2,,ryu_controller,361493,0.0,60624896
2026-04-24T21:33:06.337110+00:00,recovery_scenario,iperf_tcp,30,2,pingall_completed,,,,
2026-04-24T21:33:06.421454+00:00,recovery_scenario,iperf_tcp,30,2,,twin_core,361501,0.0,67698688
2026-04-24T21:33:06.421454+00:00,recovery_scenario,iperf_tcp,30,2,,ryu_controller,361493,0.0,60624896
2026-04-24T21:33:06.522753+00:00,recovery_scenario,iperf_tcp,30,2,,twin_core,361501,0.0,67698688
2026-04-24T21:33:06.522753+00:00,recovery_scenario,iperf_tcp,30,2,,ryu_controller,361493,0.0,60624896
2026-04-24T21:33:06.624686+00:00,recovery_scenario,iperf_tcp,30,2,,twin_core,361501,0.0,67698688
2026-04-24T21:33:06.624686+00:00,recovery_scenario,iperf_tcp,30,2,,ryu_controller,361493,9.8,60624896
2026-04-24T21:33:06.726265+00:00,recovery_scenario,iperf_tcp,30,2,,twin_core,361501,0.0,67698688
2026-04-24T21:33:06.726265+00:00,recovery_scenario,iperf_tcp,30,2,,ryu_controller,361493,19.7,60624896
2026-04-24T21:33:06.827308+00:00,recovery_scenario,iperf_tcp,30,2,,twin_core,361501,9.9,67743744
2026-04-24T21:33:06.827308+00:00,recovery_scenario,iperf_tcp,30,2,,ryu_controller,361493,59.5,60715008
2026-04-24T21:33:06.927750+00:00,recovery_scenario,iperf_tcp,30,2,,twin_core,361501,0.0,67743744
2026-04-24T21:33:06.927750+00:00,recovery_scenario,iperf_tcp,30,2,,ryu_controller,361493,0.0,60715008
2026-04-24T21:33:07.028821+00:00,recovery_scenario,iperf_tcp,30,2,,twin_core,361501,0.0,67743744
2026-04-24T21:33:07.028821+00:00,recovery_scenario,iperf_tcp,30,2,,ryu_controller,361493,0.0,60715008
2026-04-24T21:33:07.129774+00:00,recovery_scenario,iperf_tcp,30,2,,twin_core,361501,0.0,67743744
2026-04-24T21:33:07.129774+00:00,recovery_scenario,iperf_tcp,30,2,,ryu_controller,361493,9.9,60715008
2026-04-24T21:33:07.230290+00:00,recovery_scenario,iperf_tcp,30,2,,twin_core,361501,0.0,67743744
2026-04-24T21:33:07.230290+00:00,recovery_scenario,iperf_tcp,30,2,,ryu_controller,361493,29.9,60715008
2026-04-24T21:33:07.335103+00:00,recovery_scenario,iperf_tcp,30,2,,twin_core,361501,0.0,67743744
2026-04-24T21:33:07.335103+00:00,recovery_scenario,iperf_tcp,30,2,,ryu_controller,361493,38.1,60723200
2026-04-24T21:33:07.435561+00:00,recovery_scenario,iperf_tcp,30,2,,twin_core,361501,0.0,67743744
2026-04-24T21:33:07.435561+00:00,recovery_scenario,iperf_tcp,30,2,,ryu_controller,361493,0.0,60723200
2026-04-24T21:33:07.536062+00:00,recovery_scenario,iperf_tcp,30,2,,twin_core,361501,0.0,67743744
2026-04-24T21:33:07.536062+00:00,recovery_scenario,iperf_tcp,30,2,,ryu_controller,361493,0.0,60723200
2026-04-24T21:33:07.636523+00:00,recovery_scenario,iperf_tcp,30,2,,twin_core,361501,0.0,67743744
2026-04-24T21:33:07.636523+00:00,recovery_scenario,iperf_tcp,30,2,,ryu_controller,361493,9.9,60723200
2026-04-24T21:33:07.737379+00:00,recovery_scenario,iperf_tcp,30,2,,twin_core,361501,0.0,67743744
2026-04-24T21:33:07.737379+00:00,recovery_scenario,iperf_tcp,30,2,,ryu_controller,361493,0.0,60723200
2026-04-24T21:33:07.839863+00:00,recovery_scenario,iperf_tcp,30,2,,twin_core,361501,9.8,67743744
2026-04-24T21:33:07.839863+00:00,recovery_scenario,iperf_tcp,30,2,,ryu_controller,361493,0.0,60723200
2026-04-24T21:33:07.940926+00:00,recovery_scenario,iperf_tcp,30,2,,twin_core,361501,0.0,67743744
2026-04-24T21:33:07.940926+00:00,recovery_scenario,iperf_tcp,30,2,,ryu_controller,361493,0.0,60723200
2026-04-24T21:33:08.042411+00:00,recovery_scenario,iperf_tcp,30,2,,twin_core,361501,0.0,67743744
2026-04-24T21:33:08.042411+00:00,recovery_scenario,iperf_tcp,30,2,,ryu_controller,361493,0.0,60723200
2026-04-24T21:33:08.143690+00:00,recovery_scenario,iperf_tcp,30,2,,twin_core,361501,0.0,67743744
2026-04-24T21:33:08.143690+00:00,recovery_scenario,iperf_tcp,30,2,,ryu_controller,361493,0.0,60723200
2026-04-24T21:33:08.247799+00:00,recovery_scenario,iperf_tcp,30,2,,twin_core,361501,9.6,67743744
2026-04-24T21:33:08.247799+00:00,recovery_scenario,iperf_tcp,30,2,,ryu_controller,361493,9.7,60723200
2026-04-24T21:33:08.348324+00:00,recovery_scenario,iperf_tcp,30,2,,twin_core,361501,0.0,67743744
2026-04-24T21:33:08.348324+00:00,recovery_scenario,iperf_tcp,30,2,,ryu_controller,361493,0.0,60723200
2026-04-24T21:33:08.354780+00:00,recovery_scenario,iperf_tcp,30,2,background_traffic_started,,,,
2026-04-24T21:33:08.451367+00:00,recovery_scenario,iperf_tcp,30,2,,twin_core,361501,0.0,67743744
2026-04-24T21:33:08.451367+00:00,recovery_scenario,iperf_tcp,30,2,,ryu_controller,361493,39.0,60723200
2026-04-24T21:33:08.554843+00:00,recovery_scenario,iperf_tcp,30,2,,twin_core,361501,9.7,67743744
2026-04-24T21:33:08.554843+00:00,recovery_scenario,iperf_tcp,30,2,,ryu_controller,361493,38.7,60723200
2026-04-24T21:33:08.618104+00:00,recovery_scenario,iperf_tcp,30,2,fault_injected,,,,
2026-04-24T21:33:08.656805+00:00,recovery_scenario,iperf_tcp,30,2,,twin_core,361501,0.0,67747840
2026-04-24T21:33:08.656805+00:00,recovery_scenario,iperf_tcp,30,2,,ryu_controller,361493,39.2,60768256
2026-04-24T21:33:08.757234+00:00,recovery_scenario,iperf_tcp,30,2,,twin_core,361501,0.0,67747840
2026-04-24T21:33:08.757234+00:00,recovery_scenario,iperf_tcp,30,2,,ryu_controller,361493,39.8,60768256
2026-04-24T21:33:08.857681+00:00,recovery_scenario,iperf_tcp,30,2,,twin_core,361501,0.0,67747840
2026-04-24T21:33:08.857681+00:00,recovery_scenario,iperf_tcp,30,2,,ryu_controller,361493,59.7,60768256
2026-04-24T21:33:08.958249+00:00,recovery_scenario,iperf_tcp,30,2,,twin_core,361501,0.0,67747840
2026-04-24T21:33:08.958249+00:00,recovery_scenario,iperf_tcp,30,2,,ryu_controller,361493,79.6,60768256
2026-04-24T21:33:09.058828+00:00,recovery_scenario,iperf_tcp,30,2,,twin_core,361501,0.0,67747840
2026-04-24T21:33:09.058828+00:00,recovery_scenario,iperf_tcp,30,2,,ryu_controller,361493,69.6,60768256
2026-04-24T21:33:09.161758+00:00,recovery_scenario,iperf_tcp,30,2,,twin_core,361501,0.0,67747840
2026-04-24T21:33:09.161758+00:00,recovery_scenario,iperf_tcp,30,2,,ryu_controller,361493,58.2,60768256
2026-04-24T21:33:09.264843+00:00,recovery_scenario,iperf_tcp,30,2,,twin_core,361501,0.0,67747840
2026-04-24T21:33:09.264843+00:00,recovery_scenario,iperf_tcp,30,2,,ryu_controller,361493,68.1,60768256
2026-04-24T21:33:09.367041+00:00,recovery_scenario,iperf_tcp,30,2,,twin_core,361501,0.0,67747840
2026-04-24T21:33:09.367041+00:00,recovery_scenario,iperf_tcp,30,2,,ryu_controller,361493,78.3,60768256
2026-04-24T21:33:09.468045+00:00,recovery_scenario,iperf_tcp,30,2,,twin_core,361501,9.8,67747840
2026-04-24T21:33:09.468045+00:00,recovery_scenario,iperf_tcp,30,2,,ryu_controller,361493,58.2,60768256
2026-04-24T21:33:09.571025+00:00,recovery_scenario,iperf_tcp,30,2,,twin_core,361501,0.0,67747840
2026-04-24T21:33:09.571025+00:00,recovery_scenario,iperf_tcp,30,2,,ryu_controller,361493,68.9,60768256
2026-04-24T21:33:09.674781+00:00,recovery_scenario,iperf_tcp,30,2,,twin_core,361501,0.0,67747840
2026-04-24T21:33:09.674781+00:00,recovery_scenario,iperf_tcp,30,2,,ryu_controller,361493,77.7,60768256
2026-04-24T21:33:09.775165+00:00,recovery_scenario,iperf_tcp,30,2,,twin_core,361501,0.0,67747840
2026-04-24T21:33:09.775165+00:00,recovery_scenario,iperf_tcp,30,2,,ryu_controller,361493,69.7,60768256
2026-04-24T21:33:09.875514+00:00,recovery_scenario,iperf_tcp,30,2,,twin_core,361501,0.0,67747840
2026-04-24T21:33:09.875514+00:00,recovery_scenario,iperf_tcp,30,2,,ryu_controller,361493,79.6,60768256
2026-04-24T21:33:09.976673+00:00,recovery_scenario,iperf_tcp,30,2,,twin_core,361501,0.0,67747840
2026-04-24T21:33:09.976673+00:00,recovery_scenario,iperf_tcp,30,2,,ryu_controller,361493,79.1,60768256
2026-04-24T21:33:10.077127+00:00,recovery_scenario,iperf_tcp,30,2,,twin_core,361501,0.0,67747840
2026-04-24T21:33:10.077127+00:00,recovery_scenario,iperf_tcp,30,2,,ryu_controller,361493,79.7,60768256
2026-04-24T21:33:10.177661+00:00,recovery_scenario,iperf_tcp,30,2,,twin_core,361501,0.0,67747840
2026-04-24T21:33:10.177661+00:00,recovery_scenario,iperf_tcp,30,2,,ryu_controller,361493,68.1,60768256
2026-04-24T21:33:10.280209+00:00,recovery_scenario,iperf_tcp,30,2,,twin_core,361501,10.0,67747840
2026-04-24T21:33:10.280209+00:00,recovery_scenario,iperf_tcp,30,2,,ryu_controller,361493,79.7,60768256
2026-04-24T21:33:10.380614+00:00,recovery_scenario,iperf_tcp,30,2,,twin_core,361501,0.0,67747840
2026-04-24T21:33:10.380614+00:00,recovery_scenario,iperf_tcp,30,2,,ryu_controller,361493,78.8,60768256
2026-04-24T21:33:10.482097+00:00,recovery_scenario,iperf_tcp,30,2,,twin_core,361501,0.0,67747840
2026-04-24T21:33:10.482097+00:00,recovery_scenario,iperf_tcp,30,2,,ryu_controller,361493,59.7,60768256
2026-04-24T21:33:10.582841+00:00,recovery_scenario,iperf_tcp,30,2,,twin_core,361501,9.9,67747840
2026-04-24T21:33:10.582841+00:00,recovery_scenario,iperf_tcp,30,2,,ryu_controller,361493,59.5,60768256
2026-04-24T21:33:10.684672+00:00,recovery_scenario,iperf_tcp,30,2,,twin_core,361501,0.0,67747840
2026-04-24T21:33:10.684672+00:00,recovery_scenario,iperf_tcp,30,2,,ryu_controller,361493,88.5,60768256
2026-04-24T21:33:10.785111+00:00,recovery_scenario,iperf_tcp,30,2,,twin_core,361501,0.0,67747840
2026-04-24T21:33:10.785111+00:00,recovery_scenario,iperf_tcp,30,2,,ryu_controller,361493,79.7,60768256
2026-04-24T21:33:10.885886+00:00,recovery_scenario,iperf_tcp,30,2,,twin_core,361501,0.0,67747840
2026-04-24T21:33:10.885886+00:00,recovery_scenario,iperf_tcp,30,2,,ryu_controller,361493,67.8,60768256
2026-04-24T21:33:10.988659+00:00,recovery_scenario,iperf_tcp,30,2,,twin_core,361501,0.0,67747840
2026-04-24T21:33:10.988659+00:00,recovery_scenario,iperf_tcp,30,2,,ryu_controller,361493,89.6,60768256
2026-04-24T21:33:11.091192+00:00,recovery_scenario,iperf_tcp,30,2,,twin_core,361501,0.0,67747840
2026-04-24T21:33:11.091192+00:00,recovery_scenario,iperf_tcp,30,2,,ryu_controller,361493,58.6,60768256
2026-04-24T21:33:11.194485+00:00,recovery_scenario,iperf_tcp,30,2,,twin_core,361501,0.0,67747840
2026-04-24T21:33:11.194485+00:00,recovery_scenario,iperf_tcp,30,2,,ryu_controller,361493,67.6,60768256
2026-04-24T21:33:11.295614+00:00,recovery_scenario,iperf_tcp,30,2,,twin_core,361501,0.0,67747840
2026-04-24T21:33:11.295614+00:00,recovery_scenario,iperf_tcp,30,2,,ryu_controller,361493,69.1,60768256
2026-04-24T21:33:11.396542+00:00,recovery_scenario,iperf_tcp,30,2,,twin_core,361501,0.0,67747840
2026-04-24T21:33:11.396542+00:00,recovery_scenario,iperf_tcp,30,2,,ryu_controller,361493,78.6,60768256
2026-04-24T21:33:11.499796+00:00,recovery_scenario,iperf_tcp,30,2,,twin_core,361501,9.7,67747840
2026-04-24T21:33:11.499796+00:00,recovery_scenario,iperf_tcp,30,2,,ryu_controller,361493,39.2,60768256
2026-04-24T21:33:11.600183+00:00,recovery_scenario,iperf_tcp,30,2,,twin_core,361501,0.0,67747840
2026-04-24T21:33:11.600183+00:00,recovery_scenario,iperf_tcp,30,2,,ryu_controller,361493,10.0,60768256
2026-04-24T21:33:11.700592+00:00,recovery_scenario,iperf_tcp,30,2,,twin_core,361501,0.0,67747840
2026-04-24T21:33:11.700592+00:00,recovery_scenario,iperf_tcp,30,2,,ryu_controller,361493,39.8,60768256
2026-04-24T21:33:11.801170+00:00,recovery_scenario,iperf_tcp,30,2,,twin_core,361501,9.9,67747840
2026-04-24T21:33:11.801170+00:00,recovery_scenario,iperf_tcp,30,2,,ryu_controller,361493,79.6,60768256
2026-04-24T21:33:11.871443+00:00,recovery_scenario,iperf_tcp,30,2,recovery_requested,,,,
2026-04-24T21:33:11.902054+00:00,recovery_scenario,iperf_tcp,30,2,,twin_core,361501,9.9,67751936
2026-04-24T21:33:11.902054+00:00,recovery_scenario,iperf_tcp,30,2,,ryu_controller,361493,49.6,60768256
2026-04-24T21:33:12.002591+00:00,recovery_scenario,iperf_tcp,30,2,,twin_core,361501,0.0,67751936
2026-04-24T21:33:12.002591+00:00,recovery_scenario,iperf_tcp,30,2,,ryu_controller,361493,19.8,60768256
2026-04-24T21:33:12.103296+00:00,recovery_scenario,iperf_tcp,30,2,,twin_core,361501,0.0,67751936
2026-04-24T21:33:12.103296+00:00,recovery_scenario,iperf_tcp,30,2,,ryu_controller,361493,29.8,60768256
2026-04-24T21:33:12.204660+00:00,recovery_scenario,iperf_tcp,30,2,,twin_core,361501,0.0,67751936
2026-04-24T21:33:12.204660+00:00,recovery_scenario,iperf_tcp,30,2,,ryu_controller,361493,29.1,60768256
2026-04-24T21:33:12.306836+00:00,recovery_scenario,iperf_tcp,30,2,,twin_core,361501,0.0,67751936
2026-04-24T21:33:12.306836+00:00,recovery_scenario,iperf_tcp,30,2,,ryu_controller,361493,69.7,60768256
2026-04-24T21:33:12.407515+00:00,recovery_scenario,iperf_tcp,30,2,,twin_core,361501,0.0,67751936
2026-04-24T21:33:12.407515+00:00,recovery_scenario,iperf_tcp,30,2,,ryu_controller,361493,58.3,60768256
2026-04-24T21:33:12.511006+00:00,recovery_scenario,iperf_tcp,30,2,,twin_core,361501,0.0,67751936
2026-04-24T21:33:12.511006+00:00,recovery_scenario,iperf_tcp,30,2,,ryu_controller,361493,69.0,60768256
2026-04-24T21:33:12.612166+00:00,recovery_scenario,iperf_tcp,30,2,,twin_core,361501,0.0,67751936
2026-04-24T21:33:12.612166+00:00,recovery_scenario,iperf_tcp,30,2,,ryu_controller,361493,98.1,60768256
2026-04-24T21:33:12.714182+00:00,recovery_scenario,iperf_tcp,30,2,,twin_core,361501,0.0,67751936
2026-04-24T21:33:12.714182+00:00,recovery_scenario,iperf_tcp,30,2,,ryu_controller,361493,78.5,60768256
2026-04-24T21:33:12.815520+00:00,recovery_scenario,iperf_tcp,30,2,,twin_core,361501,0.0,67751936
2026-04-24T21:33:12.815520+00:00,recovery_scenario,iperf_tcp,30,2,,ryu_controller,361493,67.9,60768256
2026-04-24T21:33:12.918628+00:00,recovery_scenario,iperf_tcp,30,2,,twin_core,361501,0.0,67751936
2026-04-24T21:33:12.918628+00:00,recovery_scenario,iperf_tcp,30,2,,ryu_controller,361493,78.3,60768256
2026-04-24T21:33:13.021429+00:00,recovery_scenario,iperf_tcp,30,2,,twin_core,361501,0.0,67751936
2026-04-24T21:33:13.021429+00:00,recovery_scenario,iperf_tcp,30,2,,ryu_controller,361493,78.6,60768256
2026-04-24T21:33:13.122618+00:00,recovery_scenario,iperf_tcp,30,2,,twin_core,361501,0.0,67751936
2026-04-24T21:33:13.122618+00:00,recovery_scenario,iperf_tcp,30,2,,ryu_controller,361493,68.7,60768256
2026-04-24T21:33:13.224508+00:00,recovery_scenario,iperf_tcp,30,2,,twin_core,361501,0.0,67751936
2026-04-24T21:33:13.224508+00:00,recovery_scenario,iperf_tcp,30,2,,ryu_controller,361493,79.2,60768256
2026-04-24T21:33:13.325908+00:00,recovery_scenario,iperf_tcp,30,2,,twin_core,361501,0.0,67751936
2026-04-24T21:33:13.325908+00:00,recovery_scenario,iperf_tcp,30,2,,ryu_controller,361493,77.8,60768256
2026-04-24T21:33:13.432989+00:00,recovery_scenario,iperf_tcp,30,2,,twin_core,361501,9.4,67751936
2026-04-24T21:33:13.432989+00:00,recovery_scenario,iperf_tcp,30,2,,ryu_controller,361493,74.7,60768256
2026-04-24T21:33:13.535450+00:00,recovery_scenario,iperf_tcp,30,2,,twin_core,361501,0.0,67751936
2026-04-24T21:33:13.535450+00:00,recovery_scenario,iperf_tcp,30,2,,ryu_controller,361493,69.5,60768256
2026-04-24T21:33:13.636908+00:00,recovery_scenario,iperf_tcp,30,2,,twin_core,361501,9.9,67751936
2026-04-24T21:33:13.636908+00:00,recovery_scenario,iperf_tcp,30,2,,ryu_controller,361493,69.1,60768256
2026-04-24T21:33:13.737317+00:00,recovery_scenario,iperf_tcp,30,2,,twin_core,361501,0.0,67751936
2026-04-24T21:33:13.737317+00:00,recovery_scenario,iperf_tcp,30,2,,ryu_controller,361493,89.6,60768256
2026-04-24T21:33:13.840352+00:00,recovery_scenario,iperf_tcp,30,2,,twin_core,361501,0.0,67751936
2026-04-24T21:33:13.840352+00:00,recovery_scenario,iperf_tcp,30,2,,ryu_controller,361493,58.3,60768256
2026-04-24T21:33:13.940813+00:00,recovery_scenario,iperf_tcp,30,2,,twin_core,361501,0.0,67751936
2026-04-24T21:33:13.940813+00:00,recovery_scenario,iperf_tcp,30,2,,ryu_controller,361493,69.7,60768256
2026-04-24T21:33:14.041215+00:00,recovery_scenario,iperf_tcp,30,2,,twin_core,361501,0.0,67751936
2026-04-24T21:33:14.041215+00:00,recovery_scenario,iperf_tcp,30,2,,ryu_controller,361493,79.6,60768256
2026-04-24T21:33:14.141640+00:00,recovery_scenario,iperf_tcp,30,2,,twin_core,361501,0.0,67751936
2026-04-24T21:33:14.141640+00:00,recovery_scenario,iperf_tcp,30,2,,ryu_controller,361493,79.6,60768256
2026-04-24T21:33:14.242915+00:00,recovery_scenario,iperf_tcp,30,2,,twin_core,361501,0.0,67751936
2026-04-24T21:33:14.242915+00:00,recovery_scenario,iperf_tcp,30,2,,ryu_controller,361493,69.2,60768256
2026-04-24T21:33:14.343253+00:00,recovery_scenario,iperf_tcp,30,2,,twin_core,361501,0.0,67751936
2026-04-24T21:33:14.343253+00:00,recovery_scenario,iperf_tcp,30,2,,ryu_controller,361493,79.7,60768256
2026-04-24T21:33:14.443604+00:00,recovery_scenario,iperf_tcp,30,2,,twin_core,361501,0.0,67751936
2026-04-24T21:33:14.443604+00:00,recovery_scenario,iperf_tcp,30,2,,ryu_controller,361493,77.3,60768256
2026-04-24T21:33:14.547194+00:00,recovery_scenario,iperf_tcp,30,2,,twin_core,361501,0.0,67751936
2026-04-24T21:33:14.547194+00:00,recovery_scenario,iperf_tcp,30,2,,ryu_controller,361493,69.7,60768256
2026-04-24T21:33:14.647601+00:00,recovery_scenario,iperf_tcp,30,2,,twin_core,361501,0.0,67751936
2026-04-24T21:33:14.647601+00:00,recovery_scenario,iperf_tcp,30,2,,ryu_controller,361493,86.8,60768256
2026-04-24T21:33:14.751517+00:00,recovery_scenario,iperf_tcp,30,2,,twin_core,361501,9.6,67751936
2026-04-24T21:33:14.751517+00:00,recovery_scenario,iperf_tcp,30,2,,ryu_controller,361493,78.9,60768256
2026-04-24T21:33:14.853305+00:00,recovery_scenario,iperf_tcp,30,2,,twin_core,361501,0.0,67751936
2026-04-24T21:33:14.853305+00:00,recovery_scenario,iperf_tcp,30,2,,ryu_controller,361493,78.6,60768256
2026-04-24T21:33:14.955287+00:00,recovery_scenario,iperf_tcp,30,2,,twin_core,361501,0.0,67751936
2026-04-24T21:33:14.955287+00:00,recovery_scenario,iperf_tcp,30,2,,ryu_controller,361493,68.7,60768256
2026-04-24T21:33:15.056406+00:00,recovery_scenario,iperf_tcp,30,2,,twin_core,361501,0.0,67751936
2026-04-24T21:33:15.056406+00:00,recovery_scenario,iperf_tcp,30,2,,ryu_controller,361493,69.4,60768256
2026-04-24T21:33:15.157952+00:00,recovery_scenario,iperf_tcp,30,2,,twin_core,361501,0.0,67751936
2026-04-24T21:33:15.157952+00:00,recovery_scenario,iperf_tcp,30,2,,ryu_controller,361493,68.9,60768256
2026-04-24T21:33:15.259391+00:00,recovery_scenario,iperf_tcp,30,2,,twin_core,361501,0.0,67751936
2026-04-24T21:33:15.259391+00:00,recovery_scenario,iperf_tcp,30,2,,ryu_controller,361493,49.5,60768256
2026-04-24T21:33:15.362364+00:00,recovery_scenario,iperf_tcp,30,2,,twin_core,361501,0.0,67751936
2026-04-24T21:33:15.362364+00:00,recovery_scenario,iperf_tcp,30,2,,ryu_controller,361493,48.4,60768256
2026-04-24T21:33:15.463933+00:00,recovery_scenario,iperf_tcp,30,2,,twin_core,361501,9.8,67751936
2026-04-24T21:33:15.463933+00:00,recovery_scenario,iperf_tcp,30,2,,ryu_controller,361493,29.6,60768256
2026-04-24T21:33:15.521274+00:00,recovery_scenario,iperf_tcp,30,2,scenario_teardown,,,,
2026-04-24T21:33:15.565055+00:00,recovery_scenario,iperf_tcp,30,2,,twin_core,361501,19.8,67751936
2026-04-24T21:33:15.565055+00:00,recovery_scenario,iperf_tcp,30,2,,ryu_controller,361493,19.8,60768256
2026-04-24T21:33:15.665562+00:00,recovery_scenario,iperf_tcp,30,2,,twin_core,361501,0.0,67751936
2026-04-24T21:33:15.665562+00:00,recovery_scenario,iperf_tcp,30,2,,ryu_controller,361493,19.4,60768256
2026-04-24T21:33:15.768432+00:00,recovery_scenario,iperf_tcp,30,2,,twin_core,361501,0.0,67751936
2026-04-24T21:33:15.768432+00:00,recovery_scenario,iperf_tcp,30,2,,ryu_controller,361493,9.9,60768256
2026-04-24T21:33:15.869118+00:00,recovery_scenario,iperf_tcp,30,2,,twin_core,361501,0.0,67751936
2026-04-24T21:33:15.869118+00:00,recovery_scenario,iperf_tcp,30,2,,ryu_controller,361493,9.9,60768256
2026-04-24T21:33:16.428453+00:00,recovery_scenario,iperf_tcp,30,3,,twin_core,361501,0.0,67751936
2026-04-24T21:33:16.428453+00:00,recovery_scenario,iperf_tcp,30,3,,ryu_controller,361493,0.0,60768256
2026-04-24T21:33:16.529037+00:00,recovery_scenario,iperf_tcp,30,3,,twin_core,361501,9.9,67751936
2026-04-24T21:33:16.529037+00:00,recovery_scenario,iperf_tcp,30,3,,ryu_controller,361493,29.8,60768256
2026-04-24T21:33:16.629666+00:00,recovery_scenario,iperf_tcp,30,3,,twin_core,361501,0.0,67751936
2026-04-24T21:33:16.629666+00:00,recovery_scenario,iperf_tcp,30,3,,ryu_controller,361493,29.8,60768256
2026-04-24T21:33:16.686348+00:00,recovery_scenario,iperf_tcp,30,3,service_started,,,,
2026-04-24T21:33:16.730467+00:00,recovery_scenario,iperf_tcp,30,3,,twin_core,361501,19.8,67756032
2026-04-24T21:33:16.730467+00:00,recovery_scenario,iperf_tcp,30,3,,ryu_controller,361493,59.4,60768256
2026-04-24T21:33:16.831176+00:00,recovery_scenario,iperf_tcp,30,3,,twin_core,361501,0.0,67756032
2026-04-24T21:33:16.831176+00:00,recovery_scenario,iperf_tcp,30,3,,ryu_controller,361493,19.9,60768256
2026-04-24T21:33:16.931655+00:00,recovery_scenario,iperf_tcp,30,3,,twin_core,361501,0.0,67756032
2026-04-24T21:33:16.931655+00:00,recovery_scenario,iperf_tcp,30,3,,ryu_controller,361493,0.0,60768256
2026-04-24T21:33:17.032162+00:00,recovery_scenario,iperf_tcp,30,3,,twin_core,361501,0.0,67756032
2026-04-24T21:33:17.032162+00:00,recovery_scenario,iperf_tcp,30,3,,ryu_controller,361493,29.9,60768256
2026-04-24T21:33:17.132563+00:00,recovery_scenario,iperf_tcp,30,3,,twin_core,361501,0.0,67756032
2026-04-24T21:33:17.132563+00:00,recovery_scenario,iperf_tcp,30,3,,ryu_controller,361493,9.9,60768256
2026-04-24T21:33:17.233632+00:00,recovery_scenario,iperf_tcp,30,3,,twin_core,361501,0.0,67756032
2026-04-24T21:33:17.233632+00:00,recovery_scenario,iperf_tcp,30,3,,ryu_controller,361493,29.7,60768256
2026-04-24T21:33:17.334097+00:00,recovery_scenario,iperf_tcp,30,3,,twin_core,361501,0.0,67756032
2026-04-24T21:33:17.334097+00:00,recovery_scenario,iperf_tcp,30,3,,ryu_controller,361493,29.9,60768256
2026-04-24T21:33:17.434531+00:00,recovery_scenario,iperf_tcp,30,3,,twin_core,361501,0.0,67756032
2026-04-24T21:33:17.434531+00:00,recovery_scenario,iperf_tcp,30,3,,ryu_controller,361493,39.8,60768256
2026-04-24T21:33:17.535061+00:00,recovery_scenario,iperf_tcp,30,3,,twin_core,361501,0.0,67756032
2026-04-24T21:33:17.535061+00:00,recovery_scenario,iperf_tcp,30,3,,ryu_controller,361493,10.0,60768256
2026-04-24T21:33:17.635498+00:00,recovery_scenario,iperf_tcp,30,3,,twin_core,361501,0.0,67756032
2026-04-24T21:33:17.635498+00:00,recovery_scenario,iperf_tcp,30,3,,ryu_controller,361493,29.9,60768256
2026-04-24T21:33:17.735924+00:00,recovery_scenario,iperf_tcp,30,3,,twin_core,361501,0.0,67756032
2026-04-24T21:33:17.735924+00:00,recovery_scenario,iperf_tcp,30,3,,ryu_controller,361493,10.0,60768256
2026-04-24T21:33:17.838192+00:00,recovery_scenario,iperf_tcp,30,3,,twin_core,361501,0.0,67756032
2026-04-24T21:33:17.838192+00:00,recovery_scenario,iperf_tcp,30,3,,ryu_controller,361493,9.8,60768256
2026-04-24T21:33:17.939342+00:00,recovery_scenario,iperf_tcp,30,3,,twin_core,361501,0.0,67756032
2026-04-24T21:33:17.939342+00:00,recovery_scenario,iperf_tcp,30,3,,ryu_controller,361493,9.9,60768256
2026-04-24T21:33:18.040039+00:00,recovery_scenario,iperf_tcp,30,3,,twin_core,361501,0.0,67756032
2026-04-24T21:33:18.040039+00:00,recovery_scenario,iperf_tcp,30,3,,ryu_controller,361493,19.9,60768256
2026-04-24T21:33:18.140460+00:00,recovery_scenario,iperf_tcp,30,3,,twin_core,361501,10.0,67756032
2026-04-24T21:33:18.140460+00:00,recovery_scenario,iperf_tcp,30,3,,ryu_controller,361493,29.9,60768256
2026-04-24T21:33:18.240916+00:00,recovery_scenario,iperf_tcp,30,3,,twin_core,361501,0.0,67756032
2026-04-24T21:33:18.240916+00:00,recovery_scenario,iperf_tcp,30,3,,ryu_controller,361493,29.9,60768256
2026-04-24T21:33:18.341288+00:00,recovery_scenario,iperf_tcp,30,3,,twin_core,361501,0.0,67756032
2026-04-24T21:33:18.341288+00:00,recovery_scenario,iperf_tcp,30,3,,ryu_controller,361493,19.9,60768256
2026-04-24T21:33:18.443300+00:00,recovery_scenario,iperf_tcp,30,3,,twin_core,361501,0.0,67756032
2026-04-24T21:33:18.443300+00:00,recovery_scenario,iperf_tcp,30,3,,ryu_controller,361493,19.6,60768256
2026-04-24T21:33:18.543770+00:00,recovery_scenario,iperf_tcp,30,3,,twin_core,361501,0.0,67756032
2026-04-24T21:33:18.543770+00:00,recovery_scenario,iperf_tcp,30,3,,ryu_controller,361493,10.0,60768256
2026-04-24T21:33:18.644817+00:00,recovery_scenario,iperf_tcp,30,3,,twin_core,361501,0.0,67756032
2026-04-24T21:33:18.644817+00:00,recovery_scenario,iperf_tcp,30,3,,ryu_controller,361493,9.9,60768256
2026-04-24T21:33:18.745399+00:00,recovery_scenario,iperf_tcp,30,3,,twin_core,361501,9.9,67756032
2026-04-24T21:33:18.745399+00:00,recovery_scenario,iperf_tcp,30,3,,ryu_controller,361493,0.0,60768256
2026-04-24T21:33:18.845974+00:00,recovery_scenario,iperf_tcp,30,3,,twin_core,361501,9.9,67756032
2026-04-24T21:33:18.845974+00:00,recovery_scenario,iperf_tcp,30,3,,ryu_controller,361493,49.5,60768256
2026-04-24T21:33:18.946983+00:00,recovery_scenario,iperf_tcp,30,3,,twin_core,361501,0.0,67756032
2026-04-24T21:33:18.946983+00:00,recovery_scenario,iperf_tcp,30,3,,ryu_controller,361493,19.9,60768256
2026-04-24T21:33:19.047503+00:00,recovery_scenario,iperf_tcp,30,3,,twin_core,361501,0.0,67756032
2026-04-24T21:33:19.047503+00:00,recovery_scenario,iperf_tcp,30,3,,ryu_controller,361493,19.9,60768256
2026-04-24T21:33:19.151149+00:00,recovery_scenario,iperf_tcp,30,3,,twin_core,361501,0.0,67756032
2026-04-24T21:33:19.151149+00:00,recovery_scenario,iperf_tcp,30,3,,ryu_controller,361493,9.6,60768256
2026-04-24T21:33:19.251650+00:00,recovery_scenario,iperf_tcp,30,3,,twin_core,361501,0.0,67756032
2026-04-24T21:33:19.251650+00:00,recovery_scenario,iperf_tcp,30,3,,ryu_controller,361493,19.9,60768256
2026-04-24T21:33:19.352081+00:00,recovery_scenario,iperf_tcp,30,3,,twin_core,361501,0.0,67756032
2026-04-24T21:33:19.352081+00:00,recovery_scenario,iperf_tcp,30,3,,ryu_controller,361493,0.0,60768256
2026-04-24T21:33:19.452670+00:00,recovery_scenario,iperf_tcp,30,3,,twin_core,361501,0.0,67756032
2026-04-24T21:33:19.452670+00:00,recovery_scenario,iperf_tcp,30,3,,ryu_controller,361493,49.7,60768256
2026-04-24T21:33:19.553246+00:00,recovery_scenario,iperf_tcp,30,3,,twin_core,361501,0.0,67756032
2026-04-24T21:33:19.553246+00:00,recovery_scenario,iperf_tcp,30,3,,ryu_controller,361493,19.9,60768256
2026-04-24T21:33:19.653763+00:00,recovery_scenario,iperf_tcp,30,3,,twin_core,361501,0.0,67756032
2026-04-24T21:33:19.653763+00:00,recovery_scenario,iperf_tcp,30,3,,ryu_controller,361493,10.0,60768256
2026-04-24T21:33:19.755197+00:00,recovery_scenario,iperf_tcp,30,3,,twin_core,361501,0.0,67756032
2026-04-24T21:33:19.755197+00:00,recovery_scenario,iperf_tcp,30,3,,ryu_controller,361493,9.9,60768256
2026-04-24T21:33:19.855584+00:00,recovery_scenario,iperf_tcp,30,3,,twin_core,361501,0.0,67756032
2026-04-24T21:33:19.855584+00:00,recovery_scenario,iperf_tcp,30,3,,ryu_controller,361493,9.9,60768256
2026-04-24T21:33:19.957166+00:00,recovery_scenario,iperf_tcp,30,3,,twin_core,361501,0.0,67756032
2026-04-24T21:33:19.957166+00:00,recovery_scenario,iperf_tcp,30,3,,ryu_controller,361493,0.0,60768256
2026-04-24T21:33:20.057828+00:00,recovery_scenario,iperf_tcp,30,3,,twin_core,361501,9.9,67756032
2026-04-24T21:33:20.057828+00:00,recovery_scenario,iperf_tcp,30,3,,ryu_controller,361493,19.9,60768256
2026-04-24T21:33:20.158284+00:00,recovery_scenario,iperf_tcp,30,3,,twin_core,361501,0.0,67756032
2026-04-24T21:33:20.158284+00:00,recovery_scenario,iperf_tcp,30,3,,ryu_controller,361493,9.9,60768256
2026-04-24T21:33:20.258893+00:00,recovery_scenario,iperf_tcp,30,3,,twin_core,361501,0.0,67756032
2026-04-24T21:33:20.258893+00:00,recovery_scenario,iperf_tcp,30,3,,ryu_controller,361493,9.9,60768256
2026-04-24T21:33:20.362012+00:00,recovery_scenario,iperf_tcp,30,3,,twin_core,361501,0.0,67756032
2026-04-24T21:33:20.362012+00:00,recovery_scenario,iperf_tcp,30,3,,ryu_controller,361493,0.0,60768256
2026-04-24T21:33:20.464559+00:00,recovery_scenario,iperf_tcp,30,3,,twin_core,361501,0.0,67756032
2026-04-24T21:33:20.464559+00:00,recovery_scenario,iperf_tcp,30,3,,ryu_controller,361493,9.8,60768256
2026-04-24T21:33:20.565130+00:00,recovery_scenario,iperf_tcp,30,3,,twin_core,361501,0.0,67756032
2026-04-24T21:33:20.565130+00:00,recovery_scenario,iperf_tcp,30,3,,ryu_controller,361493,9.9,60768256
2026-04-24T21:33:20.665590+00:00,recovery_scenario,iperf_tcp,30,3,,twin_core,361501,0.0,67756032
2026-04-24T21:33:20.665590+00:00,recovery_scenario,iperf_tcp,30,3,,ryu_controller,361493,9.9,60768256
2026-04-24T21:33:20.766995+00:00,recovery_scenario,iperf_tcp,30,3,,twin_core,361501,0.0,67756032
2026-04-24T21:33:20.766995+00:00,recovery_scenario,iperf_tcp,30,3,,ryu_controller,361493,9.9,60768256
2026-04-24T21:33:20.868481+00:00,recovery_scenario,iperf_tcp,30,3,,twin_core,361501,19.7,67805184
2026-04-24T21:33:20.868481+00:00,recovery_scenario,iperf_tcp,30,3,,ryu_controller,361493,78.9,60768256
2026-04-24T21:33:20.969171+00:00,recovery_scenario,iperf_tcp,30,3,,twin_core,361501,0.0,67805184
2026-04-24T21:33:20.969171+00:00,recovery_scenario,iperf_tcp,30,3,,ryu_controller,361493,9.9,60768256
2026-04-24T21:33:21.069543+00:00,recovery_scenario,iperf_tcp,30,3,,twin_core,361501,0.0,67805184
2026-04-24T21:33:21.069543+00:00,recovery_scenario,iperf_tcp,30,3,,ryu_controller,361493,10.0,60768256
2026-04-24T21:33:21.170475+00:00,recovery_scenario,iperf_tcp,30,3,,twin_core,361501,9.9,67805184
2026-04-24T21:33:21.170475+00:00,recovery_scenario,iperf_tcp,30,3,,ryu_controller,361493,0.0,60768256
2026-04-24T21:33:21.271327+00:00,recovery_scenario,iperf_tcp,30,3,,twin_core,361501,0.0,67805184
2026-04-24T21:33:21.271327+00:00,recovery_scenario,iperf_tcp,30,3,,ryu_controller,361493,9.9,60768256
2026-04-24T21:33:21.371759+00:00,recovery_scenario,iperf_tcp,30,3,,twin_core,361501,0.0,67805184
2026-04-24T21:33:21.371759+00:00,recovery_scenario,iperf_tcp,30,3,,ryu_controller,361493,0.0,60768256
2026-04-24T21:33:21.472254+00:00,recovery_scenario,iperf_tcp,30,3,,twin_core,361501,0.0,67805184
2026-04-24T21:33:21.472254+00:00,recovery_scenario,iperf_tcp,30,3,,ryu_controller,361493,39.8,60768256
2026-04-24T21:33:21.573208+00:00,recovery_scenario,iperf_tcp,30,3,,twin_core,361501,0.0,67805184
2026-04-24T21:33:21.573208+00:00,recovery_scenario,iperf_tcp,30,3,,ryu_controller,361493,49.5,60768256
2026-04-24T21:33:21.673639+00:00,recovery_scenario,iperf_tcp,30,3,,twin_core,361501,0.0,67805184
2026-04-24T21:33:21.673639+00:00,recovery_scenario,iperf_tcp,30,3,,ryu_controller,361493,10.0,60768256
2026-04-24T21:33:21.774102+00:00,recovery_scenario,iperf_tcp,30,3,,twin_core,361501,0.0,67805184
2026-04-24T21:33:21.774102+00:00,recovery_scenario,iperf_tcp,30,3,,ryu_controller,361493,0.0,60768256
2026-04-24T21:33:21.874605+00:00,recovery_scenario,iperf_tcp,30,3,,twin_core,361501,0.0,67805184
2026-04-24T21:33:21.874605+00:00,recovery_scenario,iperf_tcp,30,3,,ryu_controller,361493,19.9,60768256
2026-04-24T21:33:21.975009+00:00,recovery_scenario,iperf_tcp,30,3,,twin_core,361501,0.0,67805184
2026-04-24T21:33:21.975009+00:00,recovery_scenario,iperf_tcp,30,3,,ryu_controller,361493,19.9,60768256
2026-04-24T21:33:22.075972+00:00,recovery_scenario,iperf_tcp,30,3,,twin_core,361501,0.0,67805184
2026-04-24T21:33:22.075972+00:00,recovery_scenario,iperf_tcp,30,3,,ryu_controller,361493,0.0,60768256
2026-04-24T21:33:22.176524+00:00,recovery_scenario,iperf_tcp,30,3,,twin_core,361501,0.0,67805184
2026-04-24T21:33:22.176524+00:00,recovery_scenario,iperf_tcp,30,3,,ryu_controller,361493,9.9,60768256
2026-04-24T21:33:22.277804+00:00,recovery_scenario,iperf_tcp,30,3,,twin_core,361501,0.0,67805184
2026-04-24T21:33:22.277804+00:00,recovery_scenario,iperf_tcp,30,3,,ryu_controller,361493,0.0,60768256
2026-04-24T21:33:22.379027+00:00,recovery_scenario,iperf_tcp,30,3,,twin_core,361501,0.0,67805184
2026-04-24T21:33:22.379027+00:00,recovery_scenario,iperf_tcp,30,3,,ryu_controller,361493,9.9,60768256
2026-04-24T21:33:22.452598+00:00,recovery_scenario,iperf_tcp,30,3,pingall_completed,,,,
2026-04-24T21:33:22.479561+00:00,recovery_scenario,iperf_tcp,30,3,,twin_core,361501,9.9,67805184
2026-04-24T21:33:22.479561+00:00,recovery_scenario,iperf_tcp,30,3,,ryu_controller,361493,19.9,60768256
2026-04-24T21:33:22.580141+00:00,recovery_scenario,iperf_tcp,30,3,,twin_core,361501,0.0,67805184
2026-04-24T21:33:22.580141+00:00,recovery_scenario,iperf_tcp,30,3,,ryu_controller,361493,0.0,60768256
2026-04-24T21:33:22.680643+00:00,recovery_scenario,iperf_tcp,30,3,,twin_core,361501,0.0,67805184
2026-04-24T21:33:22.680643+00:00,recovery_scenario,iperf_tcp,30,3,,ryu_controller,361493,9.9,60768256
2026-04-24T21:33:22.785859+00:00,recovery_scenario,iperf_tcp,30,3,,twin_core,361501,0.0,67805184
2026-04-24T21:33:22.785859+00:00,recovery_scenario,iperf_tcp,30,3,,ryu_controller,361493,0.0,60768256
2026-04-24T21:33:22.886462+00:00,recovery_scenario,iperf_tcp,30,3,,twin_core,361501,0.0,67805184
2026-04-24T21:33:22.886462+00:00,recovery_scenario,iperf_tcp,30,3,,ryu_controller,361493,9.9,60768256
2026-04-24T21:33:22.987780+00:00,recovery_scenario,iperf_tcp,30,3,,twin_core,361501,19.7,67846144
2026-04-24T21:33:22.987780+00:00,recovery_scenario,iperf_tcp,30,3,,ryu_controller,361493,79.1,60768256
2026-04-24T21:33:23.092787+00:00,recovery_scenario,iperf_tcp,30,3,,twin_core,361501,0.0,67846144
2026-04-24T21:33:23.092787+00:00,recovery_scenario,iperf_tcp,30,3,,ryu_controller,361493,0.0,60768256
2026-04-24T21:33:23.194625+00:00,recovery_scenario,iperf_tcp,30,3,,twin_core,361501,0.0,67846144
2026-04-24T21:33:23.194625+00:00,recovery_scenario,iperf_tcp,30,3,,ryu_controller,361493,9.8,60768256
2026-04-24T21:33:23.298383+00:00,recovery_scenario,iperf_tcp,30,3,,twin_core,361501,0.0,67846144
2026-04-24T21:33:23.298383+00:00,recovery_scenario,iperf_tcp,30,3,,ryu_controller,361493,0.0,60768256
2026-04-24T21:33:23.402969+00:00,recovery_scenario,iperf_tcp,30,3,,twin_core,361501,0.0,67846144
2026-04-24T21:33:23.402969+00:00,recovery_scenario,iperf_tcp,30,3,,ryu_controller,361493,0.0,60768256
2026-04-24T21:33:23.504004+00:00,recovery_scenario,iperf_tcp,30,3,,twin_core,361501,0.0,67846144
2026-04-24T21:33:23.504004+00:00,recovery_scenario,iperf_tcp,30,3,,ryu_controller,361493,9.9,60768256
2026-04-24T21:33:23.604482+00:00,recovery_scenario,iperf_tcp,30,3,,twin_core,361501,10.0,67846144
2026-04-24T21:33:23.604482+00:00,recovery_scenario,iperf_tcp,30,3,,ryu_controller,361493,69.7,60768256
2026-04-24T21:33:23.705028+00:00,recovery_scenario,iperf_tcp,30,3,,twin_core,361501,0.0,67846144
2026-04-24T21:33:23.705028+00:00,recovery_scenario,iperf_tcp,30,3,,ryu_controller,361493,19.9,60768256
2026-04-24T21:33:23.805534+00:00,recovery_scenario,iperf_tcp,30,3,,twin_core,361501,0.0,67846144
2026-04-24T21:33:23.805534+00:00,recovery_scenario,iperf_tcp,30,3,,ryu_controller,361493,0.0,60768256
2026-04-24T21:33:23.906955+00:00,recovery_scenario,iperf_tcp,30,3,,twin_core,361501,0.0,67846144
2026-04-24T21:33:23.906955+00:00,recovery_scenario,iperf_tcp,30,3,,ryu_controller,361493,0.0,60768256
2026-04-24T21:33:24.008077+00:00,recovery_scenario,iperf_tcp,30,3,,twin_core,361501,0.0,67846144
2026-04-24T21:33:24.008077+00:00,recovery_scenario,iperf_tcp,30,3,,ryu_controller,361493,9.9,60768256
2026-04-24T21:33:24.109591+00:00,recovery_scenario,iperf_tcp,30,3,,twin_core,361501,0.0,67846144
2026-04-24T21:33:24.109591+00:00,recovery_scenario,iperf_tcp,30,3,,ryu_controller,361493,0.0,60768256
2026-04-24T21:33:24.214823+00:00,recovery_scenario,iperf_tcp,30,3,,twin_core,361501,0.0,67846144
2026-04-24T21:33:24.214823+00:00,recovery_scenario,iperf_tcp,30,3,,ryu_controller,361493,0.0,60768256
2026-04-24T21:33:24.315273+00:00,recovery_scenario,iperf_tcp,30,3,,twin_core,361501,0.0,67846144
2026-04-24T21:33:24.315273+00:00,recovery_scenario,iperf_tcp,30,3,,ryu_controller,361493,0.0,60768256
2026-04-24T21:33:24.416686+00:00,recovery_scenario,iperf_tcp,30,3,,twin_core,361501,0.0,67846144
2026-04-24T21:33:24.416686+00:00,recovery_scenario,iperf_tcp,30,3,,ryu_controller,361493,9.8,60768256
2026-04-24T21:33:24.480758+00:00,recovery_scenario,iperf_tcp,30,3,background_traffic_started,,,,
2026-04-24T21:33:24.518785+00:00,recovery_scenario,iperf_tcp,30,3,,twin_core,361501,9.9,67846144
2026-04-24T21:33:24.518785+00:00,recovery_scenario,iperf_tcp,30,3,,ryu_controller,361493,0.0,60768256
2026-04-24T21:33:24.619194+00:00,recovery_scenario,iperf_tcp,30,3,,twin_core,361501,0.0,67846144
2026-04-24T21:33:24.619194+00:00,recovery_scenario,iperf_tcp,30,3,,ryu_controller,361493,49.6,60768256
2026-04-24T21:33:24.720915+00:00,recovery_scenario,iperf_tcp,30,3,,twin_core,361501,9.9,67846144
2026-04-24T21:33:24.720915+00:00,recovery_scenario,iperf_tcp,30,3,,ryu_controller,361493,39.4,60768256
2026-04-24T21:33:24.747949+00:00,recovery_scenario,iperf_tcp,30,3,fault_injected,,,,
2026-04-24T21:33:24.823016+00:00,recovery_scenario,iperf_tcp,30,3,,twin_core,361501,0.0,67854336
2026-04-24T21:33:24.823016+00:00,recovery_scenario,iperf_tcp,30,3,,ryu_controller,361493,39.0,60768256
2026-04-24T21:33:24.924114+00:00,recovery_scenario,iperf_tcp,30,3,,twin_core,361501,0.0,67854336
2026-04-24T21:33:24.924114+00:00,recovery_scenario,iperf_tcp,30,3,,ryu_controller,361493,39.8,60768256
2026-04-24T21:33:25.025553+00:00,recovery_scenario,iperf_tcp,30,3,,twin_core,361501,0.0,67854336
2026-04-24T21:33:25.025553+00:00,recovery_scenario,iperf_tcp,30,3,,ryu_controller,361493,68.7,60768256
2026-04-24T21:33:25.126482+00:00,recovery_scenario,iperf_tcp,30,3,,twin_core,361501,0.0,67854336
2026-04-24T21:33:25.126482+00:00,recovery_scenario,iperf_tcp,30,3,,ryu_controller,361493,69.7,60768256
2026-04-24T21:33:25.229465+00:00,recovery_scenario,iperf_tcp,30,3,,twin_core,361501,9.7,67854336
2026-04-24T21:33:25.229465+00:00,recovery_scenario,iperf_tcp,30,3,,ryu_controller,361493,97.1,60768256
2026-04-24T21:33:25.330515+00:00,recovery_scenario,iperf_tcp,30,3,,twin_core,361501,0.0,67854336
2026-04-24T21:33:25.330515+00:00,recovery_scenario,iperf_tcp,30,3,,ryu_controller,361493,79.1,60768256
2026-04-24T21:33:25.431528+00:00,recovery_scenario,iperf_tcp,30,3,,twin_core,361501,0.0,67854336
2026-04-24T21:33:25.431528+00:00,recovery_scenario,iperf_tcp,30,3,,ryu_controller,361493,59.3,60768256
2026-04-24T21:33:25.533530+00:00,recovery_scenario,iperf_tcp,30,3,,twin_core,361501,0.0,67854336
2026-04-24T21:33:25.533530+00:00,recovery_scenario,iperf_tcp,30,3,,ryu_controller,361493,58.9,60768256
2026-04-24T21:33:25.634050+00:00,recovery_scenario,iperf_tcp,30,3,,twin_core,361501,0.0,67854336
2026-04-24T21:33:25.634050+00:00,recovery_scenario,iperf_tcp,30,3,,ryu_controller,361493,99.6,60768256
2026-04-24T21:33:25.734863+00:00,recovery_scenario,iperf_tcp,30,3,,twin_core,361501,0.0,67854336
2026-04-24T21:33:25.734863+00:00,recovery_scenario,iperf_tcp,30,3,,ryu_controller,361493,89.3,60768256
2026-04-24T21:33:25.835516+00:00,recovery_scenario,iperf_tcp,30,3,,twin_core,361501,0.0,67854336
2026-04-24T21:33:25.835516+00:00,recovery_scenario,iperf_tcp,30,3,,ryu_controller,361493,79.0,60768256
2026-04-24T21:33:25.936516+00:00,recovery_scenario,iperf_tcp,30,3,,twin_core,361501,0.0,67854336
2026-04-24T21:33:25.936516+00:00,recovery_scenario,iperf_tcp,30,3,,ryu_controller,361493,59.7,60768256
2026-04-24T21:33:26.037518+00:00,recovery_scenario,iperf_tcp,30,3,,twin_core,361501,0.0,67854336
2026-04-24T21:33:26.037518+00:00,recovery_scenario,iperf_tcp,30,3,,ryu_controller,361493,69.3,60768256
2026-04-24T21:33:26.138614+00:00,recovery_scenario,iperf_tcp,30,3,,twin_core,361501,0.0,67854336
2026-04-24T21:33:26.138614+00:00,recovery_scenario,iperf_tcp,30,3,,ryu_controller,361493,59.3,60768256
2026-04-24T21:33:26.240524+00:00,recovery_scenario,iperf_tcp,30,3,,twin_core,361501,0.0,67854336
2026-04-24T21:33:26.240524+00:00,recovery_scenario,iperf_tcp,30,3,,ryu_controller,361493,58.9,60768256
2026-04-24T21:33:26.341279+00:00,recovery_scenario,iperf_tcp,30,3,,twin_core,361501,0.0,67854336
2026-04-24T21:33:26.341279+00:00,recovery_scenario,iperf_tcp,30,3,,ryu_controller,361493,59.1,60768256
2026-04-24T21:33:26.443273+00:00,recovery_scenario,iperf_tcp,30,3,,twin_core,361501,0.0,67854336
2026-04-24T21:33:26.443273+00:00,recovery_scenario,iperf_tcp,30,3,,ryu_controller,361493,59.3,60768256
2026-04-24T21:33:26.544277+00:00,recovery_scenario,iperf_tcp,30,3,,twin_core,361501,0.0,67854336
2026-04-24T21:33:26.544277+00:00,recovery_scenario,iperf_tcp,30,3,,ryu_controller,361493,59.4,60768256
2026-04-24T21:33:26.644848+00:00,recovery_scenario,iperf_tcp,30,3,,twin_core,361501,0.0,67854336
2026-04-24T21:33:26.644848+00:00,recovery_scenario,iperf_tcp,30,3,,ryu_controller,361493,77.4,60768256
2026-04-24T21:33:26.748049+00:00,recovery_scenario,iperf_tcp,30,3,,twin_core,361501,0.0,67854336
2026-04-24T21:33:26.748049+00:00,recovery_scenario,iperf_tcp,30,3,,ryu_controller,361493,59.8,60768256
2026-04-24T21:33:26.848861+00:00,recovery_scenario,iperf_tcp,30,3,,twin_core,361501,0.0,67854336
2026-04-24T21:33:26.848861+00:00,recovery_scenario,iperf_tcp,30,3,,ryu_controller,361493,69.5,60768256
2026-04-24T21:33:26.949535+00:00,recovery_scenario,iperf_tcp,30,3,,twin_core,361501,0.0,67854336
2026-04-24T21:33:26.949535+00:00,recovery_scenario,iperf_tcp,30,3,,ryu_controller,361493,59.4,60768256
2026-04-24T21:33:27.050273+00:00,recovery_scenario,iperf_tcp,30,3,,twin_core,361501,0.0,67854336
2026-04-24T21:33:27.050273+00:00,recovery_scenario,iperf_tcp,30,3,,ryu_controller,361493,49.8,60768256
2026-04-24T21:33:27.150810+00:00,recovery_scenario,iperf_tcp,30,3,,twin_core,361501,0.0,67854336
2026-04-24T21:33:27.150810+00:00,recovery_scenario,iperf_tcp,30,3,,ryu_controller,361493,49.7,60768256
2026-04-24T21:33:27.251656+00:00,recovery_scenario,iperf_tcp,30,3,,twin_core,361501,9.9,67854336
2026-04-24T21:33:27.251656+00:00,recovery_scenario,iperf_tcp,30,3,,ryu_controller,361493,59.4,60768256
2026-04-24T21:33:27.353273+00:00,recovery_scenario,iperf_tcp,30,3,,twin_core,361501,0.0,67854336
2026-04-24T21:33:27.353273+00:00,recovery_scenario,iperf_tcp,30,3,,ryu_controller,361493,59.1,60768256
2026-04-24T21:33:27.453689+00:00,recovery_scenario,iperf_tcp,30,3,,twin_core,361501,0.0,67854336
2026-04-24T21:33:27.453689+00:00,recovery_scenario,iperf_tcp,30,3,,ryu_controller,361493,69.6,60768256
2026-04-24T21:33:27.554942+00:00,recovery_scenario,iperf_tcp,30,3,,twin_core,361501,9.9,67854336
2026-04-24T21:33:27.554942+00:00,recovery_scenario,iperf_tcp,30,3,,ryu_controller,361493,59.4,60768256
2026-04-24T21:33:27.655515+00:00,recovery_scenario,iperf_tcp,30,3,,twin_core,361501,0.0,67854336
2026-04-24T21:33:27.655515+00:00,recovery_scenario,iperf_tcp,30,3,,ryu_controller,361493,69.5,60768256
2026-04-24T21:33:27.756330+00:00,recovery_scenario,iperf_tcp,30,3,,twin_core,361501,0.0,67854336
2026-04-24T21:33:27.756330+00:00,recovery_scenario,iperf_tcp,30,3,,ryu_controller,361493,59.5,60768256
2026-04-24T21:33:27.857273+00:00,recovery_scenario,iperf_tcp,30,3,,twin_core,361501,9.9,67854336
2026-04-24T21:33:27.857273+00:00,recovery_scenario,iperf_tcp,30,3,,ryu_controller,361493,29.7,60768256
2026-04-24T21:33:27.957905+00:00,recovery_scenario,iperf_tcp,30,3,,twin_core,361501,0.0,67854336
2026-04-24T21:33:27.957905+00:00,recovery_scenario,iperf_tcp,30,3,,ryu_controller,361493,0.0,60768256
2026-04-24T21:33:28.058341+00:00,recovery_scenario,iperf_tcp,30,3,,twin_core,361501,0.0,67854336
2026-04-24T21:33:28.058341+00:00,recovery_scenario,iperf_tcp,30,3,,ryu_controller,361493,0.0,60768256
2026-04-24T21:33:28.158948+00:00,recovery_scenario,iperf_tcp,30,3,,twin_core,361501,0.0,67854336
2026-04-24T21:33:28.158948+00:00,recovery_scenario,iperf_tcp,30,3,,ryu_controller,361493,9.9,60768256
2026-04-24T21:33:28.259351+00:00,recovery_scenario,iperf_tcp,30,3,,twin_core,361501,0.0,67854336
2026-04-24T21:33:28.259351+00:00,recovery_scenario,iperf_tcp,30,3,,ryu_controller,361493,0.0,60768256
2026-04-24T21:33:28.360009+00:00,recovery_scenario,iperf_tcp,30,3,,twin_core,361501,9.9,67854336
2026-04-24T21:33:28.360009+00:00,recovery_scenario,iperf_tcp,30,3,,ryu_controller,361493,59.2,60768256
2026-04-24T21:33:28.443144+00:00,recovery_scenario,iperf_tcp,30,3,recovery_requested,,,,
2026-04-24T21:33:28.462311+00:00,recovery_scenario,iperf_tcp,30,3,,twin_core,361501,19.6,67858432
2026-04-24T21:33:28.462311+00:00,recovery_scenario,iperf_tcp,30,3,,ryu_controller,361493,58.5,60768256
2026-04-24T21:33:28.570907+00:00,recovery_scenario,iperf_tcp,30,3,,twin_core,361501,0.0,67858432
2026-04-24T21:33:28.570907+00:00,recovery_scenario,iperf_tcp,30,3,,ryu_controller,361493,36.5,60768256
2026-04-24T21:33:28.673815+00:00,recovery_scenario,iperf_tcp,30,3,,twin_core,361501,0.0,67858432
2026-04-24T21:33:28.673815+00:00,recovery_scenario,iperf_tcp,30,3,,ryu_controller,361493,59.5,60768256
2026-04-24T21:33:28.774182+00:00,recovery_scenario,iperf_tcp,30,3,,twin_core,361501,0.0,67858432
2026-04-24T21:33:28.774182+00:00,recovery_scenario,iperf_tcp,30,3,,ryu_controller,361493,89.7,60768256
2026-04-24T21:33:28.875802+00:00,recovery_scenario,iperf_tcp,30,3,,twin_core,361501,0.0,67858432
2026-04-24T21:33:28.875802+00:00,recovery_scenario,iperf_tcp,30,3,,ryu_controller,361493,68.8,60768256
2026-04-24T21:33:28.976558+00:00,recovery_scenario,iperf_tcp,30,3,,twin_core,361501,0.0,67858432
2026-04-24T21:33:28.976558+00:00,recovery_scenario,iperf_tcp,30,3,,ryu_controller,361493,79.4,60768256
2026-04-24T21:33:29.080385+00:00,recovery_scenario,iperf_tcp,30,3,,twin_core,361501,0.0,67858432
2026-04-24T21:33:29.080385+00:00,recovery_scenario,iperf_tcp,30,3,,ryu_controller,361493,77.1,60768256
2026-04-24T21:33:29.183820+00:00,recovery_scenario,iperf_tcp,30,3,,twin_core,361501,0.0,67858432
2026-04-24T21:33:29.183820+00:00,recovery_scenario,iperf_tcp,30,3,,ryu_controller,361493,96.5,60768256
2026-04-24T21:33:29.284561+00:00,recovery_scenario,iperf_tcp,30,3,,twin_core,361501,0.0,67858432
2026-04-24T21:33:29.284561+00:00,recovery_scenario,iperf_tcp,30,3,,ryu_controller,361493,89.4,60768256
2026-04-24T21:33:29.385124+00:00,recovery_scenario,iperf_tcp,30,3,,twin_core,361501,0.0,67858432
2026-04-24T21:33:29.385124+00:00,recovery_scenario,iperf_tcp,30,3,,ryu_controller,361493,99.1,60768256
2026-04-24T21:33:29.486231+00:00,recovery_scenario,iperf_tcp,30,3,,twin_core,361501,0.0,67858432
2026-04-24T21:33:29.486231+00:00,recovery_scenario,iperf_tcp,30,3,,ryu_controller,361493,99.2,60768256
2026-04-24T21:33:29.588758+00:00,recovery_scenario,iperf_tcp,30,3,,twin_core,361501,0.0,67858432
2026-04-24T21:33:29.588758+00:00,recovery_scenario,iperf_tcp,30,3,,ryu_controller,361493,97.7,60768256
2026-04-24T21:33:29.689158+00:00,recovery_scenario,iperf_tcp,30,3,,twin_core,361501,0.0,67858432
2026-04-24T21:33:29.689158+00:00,recovery_scenario,iperf_tcp,30,3,,ryu_controller,361493,99.6,60768256
2026-04-24T21:33:29.789529+00:00,recovery_scenario,iperf_tcp,30,3,,twin_core,361501,0.0,67858432
2026-04-24T21:33:29.789529+00:00,recovery_scenario,iperf_tcp,30,3,,ryu_controller,361493,99.5,60768256
2026-04-24T21:33:29.891657+00:00,recovery_scenario,iperf_tcp,30,3,,twin_core,361501,9.8,67858432
2026-04-24T21:33:29.891657+00:00,recovery_scenario,iperf_tcp,30,3,,ryu_controller,361493,88.2,60768256
2026-04-24T21:33:29.992121+00:00,recovery_scenario,iperf_tcp,30,3,,twin_core,361501,0.0,67858432
2026-04-24T21:33:29.992121+00:00,recovery_scenario,iperf_tcp,30,3,,ryu_controller,361493,89.6,60768256
2026-04-24T21:33:30.092521+00:00,recovery_scenario,iperf_tcp,30,3,,twin_core,361501,0.0,67858432
2026-04-24T21:33:30.092521+00:00,recovery_scenario,iperf_tcp,30,3,,ryu_controller,361493,89.6,60768256
2026-04-24T21:33:30.193822+00:00,recovery_scenario,iperf_tcp,30,3,,twin_core,361501,0.0,67858432
2026-04-24T21:33:30.193822+00:00,recovery_scenario,iperf_tcp,30,3,,ryu_controller,361493,86.4,60768256
2026-04-24T21:33:30.297308+00:00,recovery_scenario,iperf_tcp,30,3,,twin_core,361501,0.0,67858432
2026-04-24T21:33:30.297308+00:00,recovery_scenario,iperf_tcp,30,3,,ryu_controller,361493,79.5,60768256
2026-04-24T21:33:30.398040+00:00,recovery_scenario,iperf_tcp,30,3,,twin_core,361501,9.9,67858432
2026-04-24T21:33:30.398040+00:00,recovery_scenario,iperf_tcp,30,3,,ryu_controller,361493,89.5,60768256
2026-04-24T21:33:30.498488+00:00,recovery_scenario,iperf_tcp,30,3,,twin_core,361501,0.0,67858432
2026-04-24T21:33:30.498488+00:00,recovery_scenario,iperf_tcp,30,3,,ryu_controller,361493,99.4,60768256
2026-04-24T21:33:30.600679+00:00,recovery_scenario,iperf_tcp,30,3,,twin_core,361501,0.0,67858432
2026-04-24T21:33:30.600679+00:00,recovery_scenario,iperf_tcp,30,3,,ryu_controller,361493,88.1,60768256
2026-04-24T21:33:30.701186+00:00,recovery_scenario,iperf_tcp,30,3,,twin_core,361501,0.0,67858432
2026-04-24T21:33:30.701186+00:00,recovery_scenario,iperf_tcp,30,3,,ryu_controller,361493,99.5,60768256
2026-04-24T21:33:30.802353+00:00,recovery_scenario,iperf_tcp,30,3,,twin_core,361501,0.0,67858432
2026-04-24T21:33:30.802353+00:00,recovery_scenario,iperf_tcp,30,3,,ryu_controller,361493,89.1,60768256
2026-04-24T21:33:30.902994+00:00,recovery_scenario,iperf_tcp,30,3,,twin_core,361501,0.0,67858432
2026-04-24T21:33:30.902994+00:00,recovery_scenario,iperf_tcp,30,3,,ryu_controller,361493,99.3,60768256
2026-04-24T21:33:31.004319+00:00,recovery_scenario,iperf_tcp,30,3,,twin_core,361501,0.0,67858432
2026-04-24T21:33:31.004319+00:00,recovery_scenario,iperf_tcp,30,3,,ryu_controller,361493,98.6,60768256
2026-04-24T21:33:31.105315+00:00,recovery_scenario,iperf_tcp,30,3,,twin_core,361501,0.0,67858432
2026-04-24T21:33:31.105315+00:00,recovery_scenario,iperf_tcp,30,3,,ryu_controller,361493,88.6,60768256
2026-04-24T21:33:31.206677+00:00,recovery_scenario,iperf_tcp,30,3,,twin_core,361501,0.0,67858432
2026-04-24T21:33:31.206677+00:00,recovery_scenario,iperf_tcp,30,3,,ryu_controller,361493,99.2,60768256
2026-04-24T21:33:31.308102+00:00,recovery_scenario,iperf_tcp,30,3,,twin_core,361501,0.0,67858432
2026-04-24T21:33:31.308102+00:00,recovery_scenario,iperf_tcp,30,3,,ryu_controller,361493,98.3,60768256
2026-04-24T21:33:31.409453+00:00,recovery_scenario,iperf_tcp,30,3,,twin_core,361501,0.0,67858432
2026-04-24T21:33:31.409453+00:00,recovery_scenario,iperf_tcp,30,3,,ryu_controller,361493,88.9,60768256
2026-04-24T21:33:31.510255+00:00,recovery_scenario,iperf_tcp,30,3,,twin_core,361501,9.9,67858432
2026-04-24T21:33:31.510255+00:00,recovery_scenario,iperf_tcp,30,3,,ryu_controller,361493,99.4,60768256
2026-04-24T21:33:31.610836+00:00,recovery_scenario,iperf_tcp,30,3,,twin_core,361501,9.8,67858432
2026-04-24T21:33:31.610836+00:00,recovery_scenario,iperf_tcp,30,3,,ryu_controller,361493,78.6,60768256
2026-04-24T21:33:31.714964+00:00,recovery_scenario,iperf_tcp,30,3,,twin_core,361501,0.0,67858432
2026-04-24T21:33:31.714964+00:00,recovery_scenario,iperf_tcp,30,3,,ryu_controller,361493,77.7,60768256
2026-04-24T21:33:31.815524+00:00,recovery_scenario,iperf_tcp,30,3,,twin_core,361501,0.0,67858432
2026-04-24T21:33:31.815524+00:00,recovery_scenario,iperf_tcp,30,3,,ryu_controller,361493,97.2,60768256
2026-04-24T21:33:31.918421+00:00,recovery_scenario,iperf_tcp,30,3,,twin_core,361501,0.0,67858432
2026-04-24T21:33:31.918421+00:00,recovery_scenario,iperf_tcp,30,3,,ryu_controller,361493,29.9,60768256
2026-04-24T21:33:32.018901+00:00,recovery_scenario,iperf_tcp,30,3,,twin_core,361501,0.0,67858432
2026-04-24T21:33:32.018901+00:00,recovery_scenario,iperf_tcp,30,3,,ryu_controller,361493,39.8,60768256
2026-04-24T21:33:32.056327+00:00,recovery_scenario,iperf_tcp,30,3,scenario_teardown,,,,
2026-04-24T21:33:32.119434+00:00,recovery_scenario,iperf_tcp,30,3,,twin_core,361501,19.9,67858432
2026-04-24T21:33:32.119434+00:00,recovery_scenario,iperf_tcp,30,3,,ryu_controller,361493,39.6,60768256
2026-04-24T21:33:32.220256+00:00,recovery_scenario,iperf_tcp,30,3,,twin_core,361501,0.0,67858432
2026-04-24T21:33:32.220256+00:00,recovery_scenario,iperf_tcp,30,3,,ryu_controller,361493,9.9,60768256
2026-04-24T21:33:32.320881+00:00,recovery_scenario,iperf_tcp,30,3,,twin_core,361501,0.0,67858432
2026-04-24T21:33:32.320881+00:00,recovery_scenario,iperf_tcp,30,3,,ryu_controller,361493,19.9,60768256
2026-04-24T21:33:32.421289+00:00,recovery_scenario,iperf_tcp,30,3,,twin_core,361501,0.0,67858432
2026-04-24T21:33:32.421289+00:00,recovery_scenario,iperf_tcp,30,3,,ryu_controller,361493,10.0,60768256
2026-04-24T21:33:32.890811+00:00,recovery_scenario,iperf_tcp,30,4,,twin_core,361501,0.0,67858432
2026-04-24T21:33:32.890811+00:00,recovery_scenario,iperf_tcp,30,4,,ryu_controller,361493,0.0,60768256
2026-04-24T21:33:32.991883+00:00,recovery_scenario,iperf_tcp,30,4,,twin_core,361501,0.0,67858432
2026-04-24T21:33:32.991883+00:00,recovery_scenario,iperf_tcp,30,4,,ryu_controller,361493,29.7,60768256
2026-04-24T21:33:33.092386+00:00,recovery_scenario,iperf_tcp,30,4,,twin_core,361501,10.0,67858432
2026-04-24T21:33:33.092386+00:00,recovery_scenario,iperf_tcp,30,4,,ryu_controller,361493,19.8,60768256
2026-04-24T21:33:33.135622+00:00,recovery_scenario,iperf_tcp,30,4,service_started,,,,
2026-04-24T21:33:33.193236+00:00,recovery_scenario,iperf_tcp,30,4,,twin_core,361501,19.8,67858432
2026-04-24T21:33:33.193236+00:00,recovery_scenario,iperf_tcp,30,4,,ryu_controller,361493,39.8,60768256
2026-04-24T21:33:33.293546+00:00,recovery_scenario,iperf_tcp,30,4,,twin_core,361501,0.0,67858432
2026-04-24T21:33:33.293546+00:00,recovery_scenario,iperf_tcp,30,4,,ryu_controller,361493,29.9,60768256
2026-04-24T21:33:33.393995+00:00,recovery_scenario,iperf_tcp,30,4,,twin_core,361501,0.0,67858432
2026-04-24T21:33:33.393995+00:00,recovery_scenario,iperf_tcp,30,4,,ryu_controller,361493,0.0,60768256
2026-04-24T21:33:33.494855+00:00,recovery_scenario,iperf_tcp,30,4,,twin_core,361501,0.0,67858432
2026-04-24T21:33:33.494855+00:00,recovery_scenario,iperf_tcp,30,4,,ryu_controller,361493,19.9,60768256
2026-04-24T21:33:33.595502+00:00,recovery_scenario,iperf_tcp,30,4,,twin_core,361501,0.0,67858432
2026-04-24T21:33:33.595502+00:00,recovery_scenario,iperf_tcp,30,4,,ryu_controller,361493,49.6,60768256
2026-04-24T21:33:33.696424+00:00,recovery_scenario,iperf_tcp,30,4,,twin_core,361501,0.0,67858432
2026-04-24T21:33:33.696424+00:00,recovery_scenario,iperf_tcp,30,4,,ryu_controller,361493,29.8,60768256
2026-04-24T21:33:33.796948+00:00,recovery_scenario,iperf_tcp,30,4,,twin_core,361501,0.0,67858432
2026-04-24T21:33:33.796948+00:00,recovery_scenario,iperf_tcp,30,4,,ryu_controller,361493,19.9,60768256
2026-04-24T21:33:33.897445+00:00,recovery_scenario,iperf_tcp,30,4,,twin_core,361501,0.0,67858432
2026-04-24T21:33:33.897445+00:00,recovery_scenario,iperf_tcp,30,4,,ryu_controller,361493,19.9,60768256
2026-04-24T21:33:33.998474+00:00,recovery_scenario,iperf_tcp,30,4,,twin_core,361501,0.0,67858432
2026-04-24T21:33:33.998474+00:00,recovery_scenario,iperf_tcp,30,4,,ryu_controller,361493,9.9,60768256
2026-04-24T21:33:34.099017+00:00,recovery_scenario,iperf_tcp,30,4,,twin_core,361501,0.0,67858432
2026-04-24T21:33:34.099017+00:00,recovery_scenario,iperf_tcp,30,4,,ryu_controller,361493,0.0,60768256
2026-04-24T21:33:34.204087+00:00,recovery_scenario,iperf_tcp,30,4,,twin_core,361501,0.0,67858432
2026-04-24T21:33:34.204087+00:00,recovery_scenario,iperf_tcp,30,4,,ryu_controller,361493,19.0,60768256
2026-04-24T21:33:34.306035+00:00,recovery_scenario,iperf_tcp,30,4,,twin_core,361501,0.0,67858432
2026-04-24T21:33:34.306035+00:00,recovery_scenario,iperf_tcp,30,4,,ryu_controller,361493,9.8,60768256
2026-04-24T21:33:34.406547+00:00,recovery_scenario,iperf_tcp,30,4,,twin_core,361501,0.0,67858432
2026-04-24T21:33:34.406547+00:00,recovery_scenario,iperf_tcp,30,4,,ryu_controller,361493,9.9,60768256
2026-04-24T21:33:34.507207+00:00,recovery_scenario,iperf_tcp,30,4,,twin_core,361501,0.0,67858432
2026-04-24T21:33:34.507207+00:00,recovery_scenario,iperf_tcp,30,4,,ryu_controller,361493,29.9,60768256
2026-04-24T21:33:34.608957+00:00,recovery_scenario,iperf_tcp,30,4,,twin_core,361501,0.0,67858432
2026-04-24T21:33:34.608957+00:00,recovery_scenario,iperf_tcp,30,4,,ryu_controller,361493,19.6,60768256
2026-04-24T21:33:34.709385+00:00,recovery_scenario,iperf_tcp,30,4,,twin_core,361501,0.0,67858432
2026-04-24T21:33:34.709385+00:00,recovery_scenario,iperf_tcp,30,4,,ryu_controller,361493,39.8,60768256
2026-04-24T21:33:34.809957+00:00,recovery_scenario,iperf_tcp,30,4,,twin_core,361501,0.0,67858432
2026-04-24T21:33:34.809957+00:00,recovery_scenario,iperf_tcp,30,4,,ryu_controller,361493,19.9,60768256
2026-04-24T21:33:34.911409+00:00,recovery_scenario,iperf_tcp,30,4,,twin_core,361501,0.0,67858432
2026-04-24T21:33:34.911409+00:00,recovery_scenario,iperf_tcp,30,4,,ryu_controller,361493,19.7,60768256
2026-04-24T21:33:35.012511+00:00,recovery_scenario,iperf_tcp,30,4,,twin_core,361501,0.0,67858432
2026-04-24T21:33:35.012511+00:00,recovery_scenario,iperf_tcp,30,4,,ryu_controller,361493,9.9,60768256
2026-04-24T21:33:35.117832+00:00,recovery_scenario,iperf_tcp,30,4,,twin_core,361501,0.0,67858432
2026-04-24T21:33:35.117832+00:00,recovery_scenario,iperf_tcp,30,4,,ryu_controller,361493,9.5,60768256
2026-04-24T21:33:35.218273+00:00,recovery_scenario,iperf_tcp,30,4,,twin_core,361501,10.0,67858432
2026-04-24T21:33:35.218273+00:00,recovery_scenario,iperf_tcp,30,4,,ryu_controller,361493,29.9,60768256
2026-04-24T21:33:35.318613+00:00,recovery_scenario,iperf_tcp,30,4,,twin_core,361501,0.0,67858432
2026-04-24T21:33:35.318613+00:00,recovery_scenario,iperf_tcp,30,4,,ryu_controller,361493,29.9,60768256
2026-04-24T21:33:35.419345+00:00,recovery_scenario,iperf_tcp,30,4,,twin_core,361501,0.0,67858432
2026-04-24T21:33:35.419345+00:00,recovery_scenario,iperf_tcp,30,4,,ryu_controller,361493,9.9,60768256
2026-04-24T21:33:35.519753+00:00,recovery_scenario,iperf_tcp,30,4,,twin_core,361501,0.0,67858432
2026-04-24T21:33:35.519753+00:00,recovery_scenario,iperf_tcp,30,4,,ryu_controller,361493,19.9,60768256
2026-04-24T21:33:35.620166+00:00,recovery_scenario,iperf_tcp,30,4,,twin_core,361501,0.0,67858432
2026-04-24T21:33:35.620166+00:00,recovery_scenario,iperf_tcp,30,4,,ryu_controller,361493,29.9,60768256
2026-04-24T21:33:35.720546+00:00,recovery_scenario,iperf_tcp,30,4,,twin_core,361501,10.0,67858432
2026-04-24T21:33:35.720546+00:00,recovery_scenario,iperf_tcp,30,4,,ryu_controller,361493,39.8,60768256
2026-04-24T21:33:35.822256+00:00,recovery_scenario,iperf_tcp,30,4,,twin_core,361501,0.0,67858432
2026-04-24T21:33:35.822256+00:00,recovery_scenario,iperf_tcp,30,4,,ryu_controller,361493,9.8,60768256
2026-04-24T21:33:35.922782+00:00,recovery_scenario,iperf_tcp,30,4,,twin_core,361501,0.0,67858432
2026-04-24T21:33:35.922782+00:00,recovery_scenario,iperf_tcp,30,4,,ryu_controller,361493,10.0,60768256
2026-04-24T21:33:36.024420+00:00,recovery_scenario,iperf_tcp,30,4,,twin_core,361501,9.8,67858432
2026-04-24T21:33:36.024420+00:00,recovery_scenario,iperf_tcp,30,4,,ryu_controller,361493,9.8,60768256
2026-04-24T21:33:36.125094+00:00,recovery_scenario,iperf_tcp,30,4,,twin_core,361501,0.0,67858432
2026-04-24T21:33:36.125094+00:00,recovery_scenario,iperf_tcp,30,4,,ryu_controller,361493,9.9,60768256
2026-04-24T21:33:36.225503+00:00,recovery_scenario,iperf_tcp,30,4,,twin_core,361501,0.0,67858432
2026-04-24T21:33:36.225503+00:00,recovery_scenario,iperf_tcp,30,4,,ryu_controller,361493,10.0,60768256
2026-04-24T21:33:36.327452+00:00,recovery_scenario,iperf_tcp,30,4,,twin_core,361501,0.0,67858432
2026-04-24T21:33:36.327452+00:00,recovery_scenario,iperf_tcp,30,4,,ryu_controller,361493,19.6,60768256
2026-04-24T21:33:36.428250+00:00,recovery_scenario,iperf_tcp,30,4,,twin_core,361501,0.0,67858432
2026-04-24T21:33:36.428250+00:00,recovery_scenario,iperf_tcp,30,4,,ryu_controller,361493,0.0,60768256
2026-04-24T21:33:36.528785+00:00,recovery_scenario,iperf_tcp,30,4,,twin_core,361501,0.0,67858432
2026-04-24T21:33:36.528785+00:00,recovery_scenario,iperf_tcp,30,4,,ryu_controller,361493,9.9,60768256
2026-04-24T21:33:36.629305+00:00,recovery_scenario,iperf_tcp,30,4,,twin_core,361501,0.0,67858432
2026-04-24T21:33:36.629305+00:00,recovery_scenario,iperf_tcp,30,4,,ryu_controller,361493,9.9,60768256
2026-04-24T21:33:36.730459+00:00,recovery_scenario,iperf_tcp,30,4,,twin_core,361501,0.0,67858432
2026-04-24T21:33:36.730459+00:00,recovery_scenario,iperf_tcp,30,4,,ryu_controller,361493,9.9,60768256
2026-04-24T21:33:36.830985+00:00,recovery_scenario,iperf_tcp,30,4,,twin_core,361501,0.0,67858432
2026-04-24T21:33:36.830985+00:00,recovery_scenario,iperf_tcp,30,4,,ryu_controller,361493,10.0,60768256
2026-04-24T21:33:36.931446+00:00,recovery_scenario,iperf_tcp,30,4,,twin_core,361501,10.0,67858432
2026-04-24T21:33:36.931446+00:00,recovery_scenario,iperf_tcp,30,4,,ryu_controller,361493,0.0,60768256
2026-04-24T21:33:37.031906+00:00,recovery_scenario,iperf_tcp,30,4,,twin_core,361501,0.0,67858432
2026-04-24T21:33:37.031906+00:00,recovery_scenario,iperf_tcp,30,4,,ryu_controller,361493,19.9,60768256
2026-04-24T21:33:37.133369+00:00,recovery_scenario,iperf_tcp,30,4,,twin_core,361501,0.0,67858432
2026-04-24T21:33:37.133369+00:00,recovery_scenario,iperf_tcp,30,4,,ryu_controller,361493,9.9,60768256
2026-04-24T21:33:37.233931+00:00,recovery_scenario,iperf_tcp,30,4,,twin_core,361501,0.0,67858432
2026-04-24T21:33:37.233931+00:00,recovery_scenario,iperf_tcp,30,4,,ryu_controller,361493,0.0,60768256
2026-04-24T21:33:37.334433+00:00,recovery_scenario,iperf_tcp,30,4,,twin_core,361501,10.0,67874816
2026-04-24T21:33:37.334433+00:00,recovery_scenario,iperf_tcp,30,4,,ryu_controller,361493,69.7,60821504
2026-04-24T21:33:37.435957+00:00,recovery_scenario,iperf_tcp,30,4,,twin_core,361501,0.0,67874816
2026-04-24T21:33:37.435957+00:00,recovery_scenario,iperf_tcp,30,4,,ryu_controller,361493,19.7,60821504
2026-04-24T21:33:37.537296+00:00,recovery_scenario,iperf_tcp,30,4,,twin_core,361501,0.0,67874816
2026-04-24T21:33:37.537296+00:00,recovery_scenario,iperf_tcp,30,4,,ryu_controller,361493,9.9,60821504
2026-04-24T21:33:37.637838+00:00,recovery_scenario,iperf_tcp,30,4,,twin_core,361501,0.0,67874816
2026-04-24T21:33:37.637838+00:00,recovery_scenario,iperf_tcp,30,4,,ryu_controller,361493,10.0,60821504
2026-04-24T21:33:37.738467+00:00,recovery_scenario,iperf_tcp,30,4,,twin_core,361501,0.0,67874816
2026-04-24T21:33:37.738467+00:00,recovery_scenario,iperf_tcp,30,4,,ryu_controller,361493,69.6,60821504
2026-04-24T21:33:37.839132+00:00,recovery_scenario,iperf_tcp,30,4,,twin_core,361501,0.0,67874816
2026-04-24T21:33:37.839132+00:00,recovery_scenario,iperf_tcp,30,4,,ryu_controller,361493,0.0,60821504
2026-04-24T21:33:37.941310+00:00,recovery_scenario,iperf_tcp,30,4,,twin_core,361501,0.0,67874816
2026-04-24T21:33:37.941310+00:00,recovery_scenario,iperf_tcp,30,4,,ryu_controller,361493,9.8,60821504
2026-04-24T21:33:38.041763+00:00,recovery_scenario,iperf_tcp,30,4,,twin_core,361501,0.0,67874816
2026-04-24T21:33:38.041763+00:00,recovery_scenario,iperf_tcp,30,4,,ryu_controller,361493,10.0,60821504
2026-04-24T21:33:38.142244+00:00,recovery_scenario,iperf_tcp,30,4,,twin_core,361501,10.0,67874816
2026-04-24T21:33:38.142244+00:00,recovery_scenario,iperf_tcp,30,4,,ryu_controller,361493,0.0,60821504
2026-04-24T21:33:38.242592+00:00,recovery_scenario,iperf_tcp,30,4,,twin_core,361501,0.0,67874816
2026-04-24T21:33:38.242592+00:00,recovery_scenario,iperf_tcp,30,4,,ryu_controller,361493,10.0,60821504
2026-04-24T21:33:38.343009+00:00,recovery_scenario,iperf_tcp,30,4,,twin_core,361501,0.0,67874816
2026-04-24T21:33:38.343009+00:00,recovery_scenario,iperf_tcp,30,4,,ryu_controller,361493,19.9,60821504
2026-04-24T21:33:38.443399+00:00,recovery_scenario,iperf_tcp,30,4,,twin_core,361501,0.0,67874816
2026-04-24T21:33:38.443399+00:00,recovery_scenario,iperf_tcp,30,4,,ryu_controller,361493,10.0,60821504
2026-04-24T21:33:38.545170+00:00,recovery_scenario,iperf_tcp,30,4,,twin_core,361501,0.0,67874816
2026-04-24T21:33:38.545170+00:00,recovery_scenario,iperf_tcp,30,4,,ryu_controller,361493,19.6,60821504
2026-04-24T21:33:38.646694+00:00,recovery_scenario,iperf_tcp,30,4,,twin_core,361501,0.0,67874816
2026-04-24T21:33:38.646694+00:00,recovery_scenario,iperf_tcp,30,4,,ryu_controller,361493,9.8,60821504
2026-04-24T21:33:38.747276+00:00,recovery_scenario,iperf_tcp,30,4,,twin_core,361501,0.0,67874816
2026-04-24T21:33:38.747276+00:00,recovery_scenario,iperf_tcp,30,4,,ryu_controller,361493,10.0,60821504
2026-04-24T21:33:38.849229+00:00,recovery_scenario,iperf_tcp,30,4,,twin_core,361501,0.0,67874816
2026-04-24T21:33:38.849229+00:00,recovery_scenario,iperf_tcp,30,4,,ryu_controller,361493,19.6,60821504
2026-04-24T21:33:38.864040+00:00,recovery_scenario,iperf_tcp,30,4,pingall_completed,,,,
2026-04-24T21:33:38.950808+00:00,recovery_scenario,iperf_tcp,30,4,,twin_core,361501,0.0,67874816
2026-04-24T21:33:38.950808+00:00,recovery_scenario,iperf_tcp,30,4,,ryu_controller,361493,0.0,60821504
2026-04-24T21:33:39.054905+00:00,recovery_scenario,iperf_tcp,30,4,,twin_core,361501,0.0,67874816
2026-04-24T21:33:39.054905+00:00,recovery_scenario,iperf_tcp,30,4,,ryu_controller,361493,0.0,60821504
2026-04-24T21:33:39.155415+00:00,recovery_scenario,iperf_tcp,30,4,,twin_core,361501,0.0,67874816
2026-04-24T21:33:39.155415+00:00,recovery_scenario,iperf_tcp,30,4,,ryu_controller,361493,0.0,60821504
2026-04-24T21:33:39.256321+00:00,recovery_scenario,iperf_tcp,30,4,,twin_core,361501,0.0,67874816
2026-04-24T21:33:39.256321+00:00,recovery_scenario,iperf_tcp,30,4,,ryu_controller,361493,0.0,60821504
2026-04-24T21:33:39.356999+00:00,recovery_scenario,iperf_tcp,30,4,,twin_core,361501,19.9,67874816
2026-04-24T21:33:39.356999+00:00,recovery_scenario,iperf_tcp,30,4,,ryu_controller,361493,49.8,60821504
2026-04-24T21:33:39.462046+00:00,recovery_scenario,iperf_tcp,30,4,,twin_core,361501,0.0,67911680
2026-04-24T21:33:39.462046+00:00,recovery_scenario,iperf_tcp,30,4,,ryu_controller,361493,47.6,60915712
2026-04-24T21:33:39.563174+00:00,recovery_scenario,iperf_tcp,30,4,,twin_core,361501,9.9,67911680
2026-04-24T21:33:39.563174+00:00,recovery_scenario,iperf_tcp,30,4,,ryu_controller,361493,0.0,60915712
2026-04-24T21:33:39.666399+00:00,recovery_scenario,iperf_tcp,30,4,,twin_core,361501,0.0,67911680
2026-04-24T21:33:39.666399+00:00,recovery_scenario,iperf_tcp,30,4,,ryu_controller,361493,0.0,60915712
2026-04-24T21:33:39.766851+00:00,recovery_scenario,iperf_tcp,30,4,,twin_core,361501,0.0,67911680
2026-04-24T21:33:39.766851+00:00,recovery_scenario,iperf_tcp,30,4,,ryu_controller,361493,29.9,60915712
2026-04-24T21:33:39.869465+00:00,recovery_scenario,iperf_tcp,30,4,,twin_core,361501,0.0,67911680
2026-04-24T21:33:39.869465+00:00,recovery_scenario,iperf_tcp,30,4,,ryu_controller,361493,48.7,60919808
2026-04-24T21:33:39.970768+00:00,recovery_scenario,iperf_tcp,30,4,,twin_core,361501,0.0,67911680
2026-04-24T21:33:39.970768+00:00,recovery_scenario,iperf_tcp,30,4,,ryu_controller,361493,0.0,60919808
2026-04-24T21:33:40.071202+00:00,recovery_scenario,iperf_tcp,30,4,,twin_core,361501,0.0,67911680
2026-04-24T21:33:40.071202+00:00,recovery_scenario,iperf_tcp,30,4,,ryu_controller,361493,0.0,60919808
2026-04-24T21:33:40.171652+00:00,recovery_scenario,iperf_tcp,30,4,,twin_core,361501,0.0,67911680
2026-04-24T21:33:40.171652+00:00,recovery_scenario,iperf_tcp,30,4,,ryu_controller,361493,0.0,60919808
2026-04-24T21:33:40.272436+00:00,recovery_scenario,iperf_tcp,30,4,,twin_core,361501,0.0,67911680
2026-04-24T21:33:40.272436+00:00,recovery_scenario,iperf_tcp,30,4,,ryu_controller,361493,0.0,60919808
2026-04-24T21:33:40.373978+00:00,recovery_scenario,iperf_tcp,30,4,,twin_core,361501,0.0,67911680
2026-04-24T21:33:40.373978+00:00,recovery_scenario,iperf_tcp,30,4,,ryu_controller,361493,0.0,60919808
2026-04-24T21:33:40.475242+00:00,recovery_scenario,iperf_tcp,30,4,,twin_core,361501,0.0,67911680
2026-04-24T21:33:40.475242+00:00,recovery_scenario,iperf_tcp,30,4,,ryu_controller,361493,0.0,60919808
2026-04-24T21:33:40.580254+00:00,recovery_scenario,iperf_tcp,30,4,,twin_core,361501,0.0,67911680
2026-04-24T21:33:40.580254+00:00,recovery_scenario,iperf_tcp,30,4,,ryu_controller,361493,9.5,60919808
2026-04-24T21:33:40.681264+00:00,recovery_scenario,iperf_tcp,30,4,,twin_core,361501,0.0,67911680
2026-04-24T21:33:40.681264+00:00,recovery_scenario,iperf_tcp,30,4,,ryu_controller,361493,0.0,60919808
2026-04-24T21:33:40.781976+00:00,recovery_scenario,iperf_tcp,30,4,,twin_core,361501,0.0,67911680
2026-04-24T21:33:40.781976+00:00,recovery_scenario,iperf_tcp,30,4,,ryu_controller,361493,0.0,60919808
2026-04-24T21:33:40.877651+00:00,recovery_scenario,iperf_tcp,30,4,background_traffic_started,,,,
2026-04-24T21:33:40.889741+00:00,recovery_scenario,iperf_tcp,30,4,,twin_core,361501,9.3,67911680
2026-04-24T21:33:40.889741+00:00,recovery_scenario,iperf_tcp,30,4,,ryu_controller,361493,0.0,60919808
2026-04-24T21:33:40.991987+00:00,recovery_scenario,iperf_tcp,30,4,,twin_core,361501,9.8,67911680
2026-04-24T21:33:40.991987+00:00,recovery_scenario,iperf_tcp,30,4,,ryu_controller,361493,48.9,60919808
2026-04-24T21:33:41.092332+00:00,recovery_scenario,iperf_tcp,30,4,,twin_core,361501,0.0,67911680
2026-04-24T21:33:41.092332+00:00,recovery_scenario,iperf_tcp,30,4,,ryu_controller,361493,39.8,60919808
2026-04-24T21:33:41.129886+00:00,recovery_scenario,iperf_tcp,30,4,fault_injected,,,,
2026-04-24T21:33:41.196806+00:00,recovery_scenario,iperf_tcp,30,4,,twin_core,361501,9.6,67911680
2026-04-24T21:33:41.196806+00:00,recovery_scenario,iperf_tcp,30,4,,ryu_controller,361493,28.7,60919808
2026-04-24T21:33:41.297218+00:00,recovery_scenario,iperf_tcp,30,4,,twin_core,361501,0.0,67911680
2026-04-24T21:33:41.297218+00:00,recovery_scenario,iperf_tcp,30,4,,ryu_controller,361493,59.7,60919808
2026-04-24T21:33:41.397858+00:00,recovery_scenario,iperf_tcp,30,4,,twin_core,361501,0.0,67911680
2026-04-24T21:33:41.397858+00:00,recovery_scenario,iperf_tcp,30,4,,ryu_controller,361493,49.7,60919808
2026-04-24T21:33:41.498242+00:00,recovery_scenario,iperf_tcp,30,4,,twin_core,361501,0.0,67911680
2026-04-24T21:33:41.498242+00:00,recovery_scenario,iperf_tcp,30,4,,ryu_controller,361493,79.6,60919808
2026-04-24T21:33:41.599315+00:00,recovery_scenario,iperf_tcp,30,4,,twin_core,361501,0.0,67911680
2026-04-24T21:33:41.599315+00:00,recovery_scenario,iperf_tcp,30,4,,ryu_controller,361493,69.3,60919808
2026-04-24T21:33:41.700310+00:00,recovery_scenario,iperf_tcp,30,4,,twin_core,361501,0.0,67911680
2026-04-24T21:33:41.700310+00:00,recovery_scenario,iperf_tcp,30,4,,ryu_controller,361493,69.2,60919808
2026-04-24T21:33:41.801340+00:00,recovery_scenario,iperf_tcp,30,4,,twin_core,361501,0.0,67911680
2026-04-24T21:33:41.801340+00:00,recovery_scenario,iperf_tcp,30,4,,ryu_controller,361493,59.5,60919808
2026-04-24T21:33:41.902290+00:00,recovery_scenario,iperf_tcp,30,4,,twin_core,361501,0.0,67911680
2026-04-24T21:33:41.902290+00:00,recovery_scenario,iperf_tcp,30,4,,ryu_controller,361493,79.3,60919808
2026-04-24T21:33:42.002766+00:00,recovery_scenario,iperf_tcp,30,4,,twin_core,361501,0.0,67911680
2026-04-24T21:33:42.002766+00:00,recovery_scenario,iperf_tcp,30,4,,ryu_controller,361493,89.5,60919808
2026-04-24T21:33:42.103290+00:00,recovery_scenario,iperf_tcp,30,4,,twin_core,361501,0.0,67911680
2026-04-24T21:33:42.103290+00:00,recovery_scenario,iperf_tcp,30,4,,ryu_controller,361493,89.6,60919808
2026-04-24T21:33:42.203684+00:00,recovery_scenario,iperf_tcp,30,4,,twin_core,361501,0.0,67911680
2026-04-24T21:33:42.203684+00:00,recovery_scenario,iperf_tcp,30,4,,ryu_controller,361493,109.4,60919808
2026-04-24T21:33:42.304201+00:00,recovery_scenario,iperf_tcp,30,4,,twin_core,361501,0.0,67911680
2026-04-24T21:33:42.304201+00:00,recovery_scenario,iperf_tcp,30,4,,ryu_controller,361493,99.6,60919808
2026-04-24T21:33:42.404646+00:00,recovery_scenario,iperf_tcp,30,4,,twin_core,361501,0.0,67911680
2026-04-24T21:33:42.404646+00:00,recovery_scenario,iperf_tcp,30,4,,ryu_controller,361493,89.2,60919808
2026-04-24T21:33:42.506678+00:00,recovery_scenario,iperf_tcp,30,4,,twin_core,361501,0.0,67911680
2026-04-24T21:33:42.506678+00:00,recovery_scenario,iperf_tcp,30,4,,ryu_controller,361493,98.4,60919808
2026-04-24T21:33:42.607233+00:00,recovery_scenario,iperf_tcp,30,4,,twin_core,361501,0.0,67911680
2026-04-24T21:33:42.607233+00:00,recovery_scenario,iperf_tcp,30,4,,ryu_controller,361493,99.5,60919808
2026-04-24T21:33:42.707744+00:00,recovery_scenario,iperf_tcp,30,4,,twin_core,361501,0.0,67911680
2026-04-24T21:33:42.707744+00:00,recovery_scenario,iperf_tcp,30,4,,ryu_controller,361493,79.7,60919808
2026-04-24T21:33:42.808829+00:00,recovery_scenario,iperf_tcp,30,4,,twin_core,361501,9.9,67911680
2026-04-24T21:33:42.808829+00:00,recovery_scenario,iperf_tcp,30,4,,ryu_controller,361493,98.8,60919808
2026-04-24T21:33:42.909341+00:00,recovery_scenario,iperf_tcp,30,4,,twin_core,361501,0.0,67911680
2026-04-24T21:33:42.909341+00:00,recovery_scenario,iperf_tcp,30,4,,ryu_controller,361493,99.6,60919808
2026-04-24T21:33:43.009867+00:00,recovery_scenario,iperf_tcp,30,4,,twin_core,361501,0.0,67911680
2026-04-24T21:33:43.009867+00:00,recovery_scenario,iperf_tcp,30,4,,ryu_controller,361493,89.1,60919808
2026-04-24T21:33:43.110772+00:00,recovery_scenario,iperf_tcp,30,4,,twin_core,361501,0.0,67911680
2026-04-24T21:33:43.110772+00:00,recovery_scenario,iperf_tcp,30,4,,ryu_controller,361493,89.6,60919808
2026-04-24T21:33:43.211146+00:00,recovery_scenario,iperf_tcp,30,4,,twin_core,361501,0.0,67911680
2026-04-24T21:33:43.211146+00:00,recovery_scenario,iperf_tcp,30,4,,ryu_controller,361493,99.6,60919808
2026-04-24T21:33:43.311513+00:00,recovery_scenario,iperf_tcp,30,4,,twin_core,361501,0.0,67911680
2026-04-24T21:33:43.311513+00:00,recovery_scenario,iperf_tcp,30,4,,ryu_controller,361493,89.5,60919808
2026-04-24T21:33:43.412271+00:00,recovery_scenario,iperf_tcp,30,4,,twin_core,361501,0.0,67911680
2026-04-24T21:33:43.412271+00:00,recovery_scenario,iperf_tcp,30,4,,ryu_controller,361493,89.4,60919808
2026-04-24T21:33:43.513128+00:00,recovery_scenario,iperf_tcp,30,4,,twin_core,361501,0.0,67911680
2026-04-24T21:33:43.513128+00:00,recovery_scenario,iperf_tcp,30,4,,ryu_controller,361493,88.2,60919808
2026-04-24T21:33:43.615921+00:00,recovery_scenario,iperf_tcp,30,4,,twin_core,361501,0.0,67911680
2026-04-24T21:33:43.615921+00:00,recovery_scenario,iperf_tcp,30,4,,ryu_controller,361493,98.4,60919808
2026-04-24T21:33:43.716270+00:00,recovery_scenario,iperf_tcp,30,4,,twin_core,361501,0.0,67911680
2026-04-24T21:33:43.716270+00:00,recovery_scenario,iperf_tcp,30,4,,ryu_controller,361493,89.7,60919808
2026-04-24T21:33:43.816665+00:00,recovery_scenario,iperf_tcp,30,4,,twin_core,361501,0.0,67911680
2026-04-24T21:33:43.816665+00:00,recovery_scenario,iperf_tcp,30,4,,ryu_controller,361493,99.4,60919808
2026-04-24T21:33:43.917444+00:00,recovery_scenario,iperf_tcp,30,4,,twin_core,361501,0.0,67911680
2026-04-24T21:33:43.917444+00:00,recovery_scenario,iperf_tcp,30,4,,ryu_controller,361493,79.4,60919808
2026-04-24T21:33:44.018452+00:00,recovery_scenario,iperf_tcp,30,4,,twin_core,361501,0.0,67911680
2026-04-24T21:33:44.018452+00:00,recovery_scenario,iperf_tcp,30,4,,ryu_controller,361493,79.1,60919808
2026-04-24T21:33:44.119334+00:00,recovery_scenario,iperf_tcp,30,4,,twin_core,361501,0.0,67911680
2026-04-24T21:33:44.119334+00:00,recovery_scenario,iperf_tcp,30,4,,ryu_controller,361493,79.5,60919808
2026-04-24T21:33:44.219738+00:00,recovery_scenario,iperf_tcp,30,4,,twin_core,361501,0.0,67911680
2026-04-24T21:33:44.219738+00:00,recovery_scenario,iperf_tcp,30,4,,ryu_controller,361493,79.7,60919808
2026-04-24T21:33:44.321295+00:00,recovery_scenario,iperf_tcp,30,4,,twin_core,361501,0.0,67911680
2026-04-24T21:33:44.321295+00:00,recovery_scenario,iperf_tcp,30,4,,ryu_controller,361493,78.8,60919808
2026-04-24T21:33:44.421688+00:00,recovery_scenario,iperf_tcp,30,4,,twin_core,361501,0.0,67911680
2026-04-24T21:33:44.421688+00:00,recovery_scenario,iperf_tcp,30,4,,ryu_controller,361493,89.6,60919808
2026-04-24T21:33:44.522663+00:00,recovery_scenario,iperf_tcp,30,4,,twin_core,361501,9.8,67911680
2026-04-24T21:33:44.522663+00:00,recovery_scenario,iperf_tcp,30,4,,ryu_controller,361493,87.6,60919808
2026-04-24T21:33:44.625059+00:00,recovery_scenario,iperf_tcp,30,4,,twin_core,361501,9.8,67911680
2026-04-24T21:33:44.625059+00:00,recovery_scenario,iperf_tcp,30,4,,ryu_controller,361493,89.2,60919808
2026-04-24T21:33:44.725735+00:00,recovery_scenario,iperf_tcp,30,4,,twin_core,361501,9.9,67915776
2026-04-24T21:33:44.725735+00:00,recovery_scenario,iperf_tcp,30,4,,ryu_controller,361493,49.7,60919808
2026-04-24T21:33:44.826384+00:00,recovery_scenario,iperf_tcp,30,4,,twin_core,361501,0.0,67915776
2026-04-24T21:33:44.826384+00:00,recovery_scenario,iperf_tcp,30,4,,ryu_controller,361493,0.0,60919808
2026-04-24T21:33:44.927150+00:00,recovery_scenario,iperf_tcp,30,4,,twin_core,361501,0.0,67915776
2026-04-24T21:33:44.927150+00:00,recovery_scenario,iperf_tcp,30,4,,ryu_controller,361493,0.0,60919808
2026-04-24T21:33:45.027910+00:00,recovery_scenario,iperf_tcp,30,4,,twin_core,361501,0.0,67915776
2026-04-24T21:33:45.027910+00:00,recovery_scenario,iperf_tcp,30,4,,ryu_controller,361493,9.9,60919808
2026-04-24T21:33:45.129275+00:00,recovery_scenario,iperf_tcp,30,4,,twin_core,361501,0.0,67915776
2026-04-24T21:33:45.129275+00:00,recovery_scenario,iperf_tcp,30,4,,ryu_controller,361493,0.0,60919808
2026-04-24T21:33:45.232000+00:00,recovery_scenario,iperf_tcp,30,4,,twin_core,361501,0.0,67915776
2026-04-24T21:33:45.232000+00:00,recovery_scenario,iperf_tcp,30,4,,ryu_controller,361493,49.0,60919808
2026-04-24T21:33:45.333285+00:00,recovery_scenario,iperf_tcp,30,4,,twin_core,361501,9.9,67915776
2026-04-24T21:33:45.333285+00:00,recovery_scenario,iperf_tcp,30,4,,ryu_controller,361493,78.6,60919808
2026-04-24T21:33:45.353898+00:00,recovery_scenario,iperf_tcp,30,4,recovery_requested,,,,
2026-04-24T21:33:45.434438+00:00,recovery_scenario,iperf_tcp,30,4,,twin_core,361501,0.0,67915776
2026-04-24T21:33:45.434438+00:00,recovery_scenario,iperf_tcp,30,4,,ryu_controller,361493,19.8,60919808
2026-04-24T21:33:45.535289+00:00,recovery_scenario,iperf_tcp,30,4,,twin_core,361501,9.9,67915776
2026-04-24T21:33:45.535289+00:00,recovery_scenario,iperf_tcp,30,4,,ryu_controller,361493,29.8,60919808
2026-04-24T21:33:45.635954+00:00,recovery_scenario,iperf_tcp,30,4,,twin_core,361501,0.0,67915776
2026-04-24T21:33:45.635954+00:00,recovery_scenario,iperf_tcp,30,4,,ryu_controller,361493,19.9,60919808
2026-04-24T21:33:45.736498+00:00,recovery_scenario,iperf_tcp,30,4,,twin_core,361501,0.0,67915776
2026-04-24T21:33:45.736498+00:00,recovery_scenario,iperf_tcp,30,4,,ryu_controller,361493,19.8,60919808
2026-04-24T21:33:45.837471+00:00,recovery_scenario,iperf_tcp,30,4,,twin_core,361501,0.0,67915776
2026-04-24T21:33:45.837471+00:00,recovery_scenario,iperf_tcp,30,4,,ryu_controller,361493,29.5,60919808
2026-04-24T21:33:45.940645+00:00,recovery_scenario,iperf_tcp,30,4,,twin_core,361501,0.0,67915776
2026-04-24T21:33:45.940645+00:00,recovery_scenario,iperf_tcp,30,4,,ryu_controller,361493,29.1,60919808
2026-04-24T21:33:46.042646+00:00,recovery_scenario,iperf_tcp,30,4,,twin_core,361501,0.0,67915776
2026-04-24T21:33:46.042646+00:00,recovery_scenario,iperf_tcp,30,4,,ryu_controller,361493,49.0,60919808
2026-04-24T21:33:46.144674+00:00,recovery_scenario,iperf_tcp,30,4,,twin_core,361501,0.0,67915776
2026-04-24T21:33:46.144674+00:00,recovery_scenario,iperf_tcp,30,4,,ryu_controller,361493,68.7,60919808
2026-04-24T21:33:46.246581+00:00,recovery_scenario,iperf_tcp,30,4,,twin_core,361501,0.0,67915776
2026-04-24T21:33:46.246581+00:00,recovery_scenario,iperf_tcp,30,4,,ryu_controller,361493,79.0,60919808
2026-04-24T21:33:46.349757+00:00,recovery_scenario,iperf_tcp,30,4,,twin_core,361501,0.0,67915776
2026-04-24T21:33:46.349757+00:00,recovery_scenario,iperf_tcp,30,4,,ryu_controller,361493,77.8,60919808
2026-04-24T21:33:46.450276+00:00,recovery_scenario,iperf_tcp,30,4,,twin_core,361501,0.0,67915776
2026-04-24T21:33:46.450276+00:00,recovery_scenario,iperf_tcp,30,4,,ryu_controller,361493,69.6,60919808
2026-04-24T21:33:46.551135+00:00,recovery_scenario,iperf_tcp,30,4,,twin_core,361501,0.0,67915776
2026-04-24T21:33:46.551135+00:00,recovery_scenario,iperf_tcp,30,4,,ryu_controller,361493,89.1,60919808
2026-04-24T21:33:46.651940+00:00,recovery_scenario,iperf_tcp,30,4,,twin_core,361501,0.0,67915776
2026-04-24T21:33:46.651940+00:00,recovery_scenario,iperf_tcp,30,4,,ryu_controller,361493,59.4,60919808
2026-04-24T21:33:46.754752+00:00,recovery_scenario,iperf_tcp,30,4,,twin_core,361501,0.0,67915776
2026-04-24T21:33:46.754752+00:00,recovery_scenario,iperf_tcp,30,4,,ryu_controller,361493,77.9,60919808
2026-04-24T21:33:46.855981+00:00,recovery_scenario,iperf_tcp,30,4,,twin_core,361501,9.9,67915776
2026-04-24T21:33:46.855981+00:00,recovery_scenario,iperf_tcp,30,4,,ryu_controller,361493,59.0,60919808
2026-04-24T21:33:46.957201+00:00,recovery_scenario,iperf_tcp,30,4,,twin_core,361501,9.9,67915776
2026-04-24T21:33:46.957201+00:00,recovery_scenario,iperf_tcp,30,4,,ryu_controller,361493,89.3,60919808
2026-04-24T21:33:47.059075+00:00,recovery_scenario,iperf_tcp,30,4,,twin_core,361501,0.0,67915776
2026-04-24T21:33:47.059075+00:00,recovery_scenario,iperf_tcp,30,4,,ryu_controller,361493,68.8,60919808
2026-04-24T21:33:47.159612+00:00,recovery_scenario,iperf_tcp,30,4,,twin_core,361501,0.0,67915776
2026-04-24T21:33:47.159612+00:00,recovery_scenario,iperf_tcp,30,4,,ryu_controller,361493,79.5,60919808
2026-04-24T21:33:47.261121+00:00,recovery_scenario,iperf_tcp,30,4,,twin_core,361501,0.0,67915776
2026-04-24T21:33:47.261121+00:00,recovery_scenario,iperf_tcp,30,4,,ryu_controller,361493,84.8,60919808
2026-04-24T21:33:47.367931+00:00,recovery_scenario,iperf_tcp,30,4,,twin_core,361501,0.0,67915776
2026-04-24T21:33:47.367931+00:00,recovery_scenario,iperf_tcp,30,4,,ryu_controller,361493,57.1,60919808
2026-04-24T21:33:47.471931+00:00,recovery_scenario,iperf_tcp,30,4,,twin_core,361501,0.0,67915776
2026-04-24T21:33:47.471931+00:00,recovery_scenario,iperf_tcp,30,4,,ryu_controller,361493,68.6,60919808
2026-04-24T21:33:47.576482+00:00,recovery_scenario,iperf_tcp,30,4,,twin_core,361501,0.0,67915776
2026-04-24T21:33:47.576482+00:00,recovery_scenario,iperf_tcp,30,4,,ryu_controller,361493,57.8,60919808
2026-04-24T21:33:47.677618+00:00,recovery_scenario,iperf_tcp,30,4,,twin_core,361501,0.0,67915776
2026-04-24T21:33:47.677618+00:00,recovery_scenario,iperf_tcp,30,4,,ryu_controller,361493,78.5,60919808
2026-04-24T21:33:47.779383+00:00,recovery_scenario,iperf_tcp,30,4,,twin_core,361501,0.0,67915776
2026-04-24T21:33:47.779383+00:00,recovery_scenario,iperf_tcp,30,4,,ryu_controller,361493,68.7,60919808
2026-04-24T21:33:47.881270+00:00,recovery_scenario,iperf_tcp,30,4,,twin_core,361501,0.0,67915776
2026-04-24T21:33:47.881270+00:00,recovery_scenario,iperf_tcp,30,4,,ryu_controller,361493,79.5,60919808
2026-04-24T21:33:47.983038+00:00,recovery_scenario,iperf_tcp,30,4,,twin_core,361501,0.0,67915776
2026-04-24T21:33:47.983038+00:00,recovery_scenario,iperf_tcp,30,4,,ryu_controller,361493,68.6,60919808
2026-04-24T21:33:48.084456+00:00,recovery_scenario,iperf_tcp,30,4,,twin_core,361501,0.0,67915776
2026-04-24T21:33:48.084456+00:00,recovery_scenario,iperf_tcp,30,4,,ryu_controller,361493,68.9,60919808
2026-04-24T21:33:48.186097+00:00,recovery_scenario,iperf_tcp,30,4,,twin_core,361501,0.0,67915776
2026-04-24T21:33:48.186097+00:00,recovery_scenario,iperf_tcp,30,4,,ryu_controller,361493,68.5,60919808
2026-04-24T21:33:48.289890+00:00,recovery_scenario,iperf_tcp,30,4,,twin_core,361501,9.6,67915776
2026-04-24T21:33:48.289890+00:00,recovery_scenario,iperf_tcp,30,4,,ryu_controller,361493,77.9,60919808
2026-04-24T21:33:48.390223+00:00,recovery_scenario,iperf_tcp,30,4,,twin_core,361501,0.0,67915776
2026-04-24T21:33:48.390223+00:00,recovery_scenario,iperf_tcp,30,4,,ryu_controller,361493,79.3,60919808
2026-04-24T21:33:48.491585+00:00,recovery_scenario,iperf_tcp,30,4,,twin_core,361501,0.0,67915776
2026-04-24T21:33:48.491585+00:00,recovery_scenario,iperf_tcp,30,4,,ryu_controller,361493,69.3,60919808
2026-04-24T21:33:48.592605+00:00,recovery_scenario,iperf_tcp,30,4,,twin_core,361501,0.0,67915776
2026-04-24T21:33:48.592605+00:00,recovery_scenario,iperf_tcp,30,4,,ryu_controller,361493,78.6,60919808
2026-04-24T21:33:48.694987+00:00,recovery_scenario,iperf_tcp,30,4,,twin_core,361501,0.0,67915776
2026-04-24T21:33:48.694987+00:00,recovery_scenario,iperf_tcp,30,4,,ryu_controller,361493,68.4,60919808
2026-04-24T21:33:48.796566+00:00,recovery_scenario,iperf_tcp,30,4,,twin_core,361501,0.0,67915776
2026-04-24T21:33:48.796566+00:00,recovery_scenario,iperf_tcp,30,4,,ryu_controller,361493,79.2,60919808
2026-04-24T21:33:48.897663+00:00,recovery_scenario,iperf_tcp,30,4,,twin_core,361501,0.0,67915776
2026-04-24T21:33:48.897663+00:00,recovery_scenario,iperf_tcp,30,4,,ryu_controller,361493,59.5,60919808
2026-04-24T21:33:49.000840+00:00,recovery_scenario,iperf_tcp,30,4,,twin_core,361501,0.0,67915776
2026-04-24T21:33:49.000840+00:00,recovery_scenario,iperf_tcp,30,4,,ryu_controller,361493,77.6,60919808
2026-04-24T21:33:49.102932+00:00,recovery_scenario,iperf_tcp,30,4,,twin_core,361501,0.0,67915776
2026-04-24T21:33:49.102932+00:00,recovery_scenario,iperf_tcp,30,4,,ryu_controller,361493,58.8,60919808
2026-04-24T21:33:49.203402+00:00,recovery_scenario,iperf_tcp,30,4,,twin_core,361501,0.0,67915776
2026-04-24T21:33:49.203402+00:00,recovery_scenario,iperf_tcp,30,4,,ryu_controller,361493,59.7,60919808
2026-04-24T21:33:49.304328+00:00,recovery_scenario,iperf_tcp,30,4,,twin_core,361501,0.0,67915776
2026-04-24T21:33:49.304328+00:00,recovery_scenario,iperf_tcp,30,4,,ryu_controller,361493,59.5,60919808
2026-04-24T21:33:49.405654+00:00,recovery_scenario,iperf_tcp,30,4,,twin_core,361501,9.8,67915776
2026-04-24T21:33:49.405654+00:00,recovery_scenario,iperf_tcp,30,4,,ryu_controller,361493,49.1,60919808
2026-04-24T21:33:49.509418+00:00,recovery_scenario,iperf_tcp,30,4,,twin_core,361501,0.0,67915776
2026-04-24T21:33:49.509418+00:00,recovery_scenario,iperf_tcp,30,4,,ryu_controller,361493,67.8,60919808
2026-04-24T21:33:49.614459+00:00,recovery_scenario,iperf_tcp,30,4,,twin_core,361501,0.0,67915776
2026-04-24T21:33:49.614459+00:00,recovery_scenario,iperf_tcp,30,4,,ryu_controller,361493,56.9,60919808
2026-04-24T21:33:49.715205+00:00,recovery_scenario,iperf_tcp,30,4,,twin_core,361501,0.0,67915776
2026-04-24T21:33:49.715205+00:00,recovery_scenario,iperf_tcp,30,4,,ryu_controller,361493,49.8,60919808
2026-04-24T21:33:49.815623+00:00,recovery_scenario,iperf_tcp,30,4,,twin_core,361501,0.0,67915776
2026-04-24T21:33:49.815623+00:00,recovery_scenario,iperf_tcp,30,4,,ryu_controller,361493,59.6,60919808
2026-04-24T21:33:49.916188+00:00,recovery_scenario,iperf_tcp,30,4,,twin_core,361501,0.0,67915776
2026-04-24T21:33:49.916188+00:00,recovery_scenario,iperf_tcp,30,4,,ryu_controller,361493,59.7,60919808
2026-04-24T21:33:50.031404+00:00,recovery_scenario,iperf_tcp,30,4,,twin_core,361501,0.0,67915776
2026-04-24T21:33:50.031404+00:00,recovery_scenario,iperf_tcp,30,4,,ryu_controller,361493,26.0,60919808
2026-04-24T21:33:50.148669+00:00,recovery_scenario,iperf_tcp,30,4,,twin_core,361501,8.5,67915776
2026-04-24T21:33:50.148669+00:00,recovery_scenario,iperf_tcp,30,4,,ryu_controller,361493,42.7,60919808
2026-04-24T21:33:50.249291+00:00,recovery_scenario,iperf_tcp,30,4,,twin_core,361501,0.0,67915776
2026-04-24T21:33:50.249291+00:00,recovery_scenario,iperf_tcp,30,4,,ryu_controller,361493,49.7,60919808
2026-04-24T21:33:50.350317+00:00,recovery_scenario,iperf_tcp,30,4,,twin_core,361501,0.0,67915776
2026-04-24T21:33:50.350317+00:00,recovery_scenario,iperf_tcp,30,4,,ryu_controller,361493,49.5,60919808
2026-04-24T21:33:50.450898+00:00,recovery_scenario,iperf_tcp,30,4,,twin_core,361501,0.0,67915776
2026-04-24T21:33:50.450898+00:00,recovery_scenario,iperf_tcp,30,4,,ryu_controller,361493,69.6,60919808
2026-04-24T21:33:50.551913+00:00,recovery_scenario,iperf_tcp,30,4,,twin_core,361501,0.0,67915776
2026-04-24T21:33:50.551913+00:00,recovery_scenario,iperf_tcp,30,4,,ryu_controller,361493,69.3,60919808
2026-04-24T21:33:50.652297+00:00,recovery_scenario,iperf_tcp,30,4,,twin_core,361501,0.0,67915776
2026-04-24T21:33:50.652297+00:00,recovery_scenario,iperf_tcp,30,4,,ryu_controller,361493,69.7,60919808
2026-04-24T21:33:50.752625+00:00,recovery_scenario,iperf_tcp,30,4,,twin_core,361501,0.0,67915776
2026-04-24T21:33:50.752625+00:00,recovery_scenario,iperf_tcp,30,4,,ryu_controller,361493,69.7,60919808
2026-04-24T21:33:50.853979+00:00,recovery_scenario,iperf_tcp,30,4,,twin_core,361501,0.0,67915776
2026-04-24T21:33:50.853979+00:00,recovery_scenario,iperf_tcp,30,4,,ryu_controller,361493,9.9,60919808
2026-04-24T21:33:50.955119+00:00,recovery_scenario,iperf_tcp,30,4,,twin_core,361501,9.9,67915776
2026-04-24T21:33:50.955119+00:00,recovery_scenario,iperf_tcp,30,4,,ryu_controller,361493,29.5,60919808
2026-04-24T21:33:50.972221+00:00,recovery_scenario,iperf_tcp,30,4,scenario_teardown,,,,
2026-04-24T21:33:51.056476+00:00,recovery_scenario,iperf_tcp,30,4,,twin_core,361501,19.7,67915776
2026-04-24T21:33:51.056476+00:00,recovery_scenario,iperf_tcp,30,4,,ryu_controller,361493,19.8,60919808
2026-04-24T21:33:51.157007+00:00,recovery_scenario,iperf_tcp,30,4,,twin_core,361501,0.0,67915776
2026-04-24T21:33:51.157007+00:00,recovery_scenario,iperf_tcp,30,4,,ryu_controller,361493,19.9,60919808
2026-04-24T21:33:51.257394+00:00,recovery_scenario,iperf_tcp,30,4,,twin_core,361501,0.0,67915776
2026-04-24T21:33:51.257394+00:00,recovery_scenario,iperf_tcp,30,4,,ryu_controller,361493,39.8,60919808
2026-04-24T21:33:51.358021+00:00,recovery_scenario,iperf_tcp,30,4,,twin_core,361501,0.0,67915776
2026-04-24T21:33:51.358021+00:00,recovery_scenario,iperf_tcp,30,4,,ryu_controller,361493,9.9,60919808
2026-04-24T21:33:51.823614+00:00,recovery_scenario,iperf_tcp,30,5,,twin_core,361501,0.0,67915776
2026-04-24T21:33:51.823614+00:00,recovery_scenario,iperf_tcp,30,5,,ryu_controller,361493,0.0,60919808
2026-04-24T21:33:51.925114+00:00,recovery_scenario,iperf_tcp,30,5,,twin_core,361501,0.0,67915776
2026-04-24T21:33:51.925114+00:00,recovery_scenario,iperf_tcp,30,5,,ryu_controller,361493,39.9,60919808
2026-04-24T21:33:52.025443+00:00,recovery_scenario,iperf_tcp,30,5,,twin_core,361501,10.0,67915776
2026-04-24T21:33:52.025443+00:00,recovery_scenario,iperf_tcp,30,5,,ryu_controller,361493,29.9,60919808
2026-04-24T21:33:52.113200+00:00,recovery_scenario,iperf_tcp,30,5,service_started,,,,
2026-04-24T21:33:52.125981+00:00,recovery_scenario,iperf_tcp,30,5,,twin_core,361501,19.9,67915776
2026-04-24T21:33:52.125981+00:00,recovery_scenario,iperf_tcp,30,5,,ryu_controller,361493,39.8,60919808
2026-04-24T21:33:52.226332+00:00,recovery_scenario,iperf_tcp,30,5,,twin_core,361501,0.0,67915776
2026-04-24T21:33:52.226332+00:00,recovery_scenario,iperf_tcp,30,5,,ryu_controller,361493,39.9,60919808
2026-04-24T21:33:52.327300+00:00,recovery_scenario,iperf_tcp,30,5,,twin_core,361501,0.0,67915776
2026-04-24T21:33:52.327300+00:00,recovery_scenario,iperf_tcp,30,5,,ryu_controller,361493,19.8,60919808
2026-04-24T21:33:52.427667+00:00,recovery_scenario,iperf_tcp,30,5,,twin_core,361501,0.0,67915776
2026-04-24T21:33:52.427667+00:00,recovery_scenario,iperf_tcp,30,5,,ryu_controller,361493,19.9,60919808
2026-04-24T21:33:52.528229+00:00,recovery_scenario,iperf_tcp,30,5,,twin_core,361501,0.0,67915776
2026-04-24T21:33:52.528229+00:00,recovery_scenario,iperf_tcp,30,5,,ryu_controller,361493,9.9,60919808
2026-04-24T21:33:52.628638+00:00,recovery_scenario,iperf_tcp,30,5,,twin_core,361501,0.0,67915776
2026-04-24T21:33:52.628638+00:00,recovery_scenario,iperf_tcp,30,5,,ryu_controller,361493,19.9,60919808
2026-04-24T21:33:52.729089+00:00,recovery_scenario,iperf_tcp,30,5,,twin_core,361501,0.0,67915776
2026-04-24T21:33:52.729089+00:00,recovery_scenario,iperf_tcp,30,5,,ryu_controller,361493,10.0,60919808
2026-04-24T21:33:52.829542+00:00,recovery_scenario,iperf_tcp,30,5,,twin_core,361501,0.0,67915776
2026-04-24T21:33:52.829542+00:00,recovery_scenario,iperf_tcp,30,5,,ryu_controller,361493,49.7,60919808
2026-04-24T21:33:52.932134+00:00,recovery_scenario,iperf_tcp,30,5,,twin_core,361501,0.0,67915776
2026-04-24T21:33:52.932134+00:00,recovery_scenario,iperf_tcp,30,5,,ryu_controller,361493,9.8,60919808
2026-04-24T21:33:53.032610+00:00,recovery_scenario,iperf_tcp,30,5,,twin_core,361501,0.0,67915776
2026-04-24T21:33:53.032610+00:00,recovery_scenario,iperf_tcp,30,5,,ryu_controller,361493,19.9,60919808
2026-04-24T21:33:53.133358+00:00,recovery_scenario,iperf_tcp,30,5,,twin_core,361501,0.0,67915776
2026-04-24T21:33:53.133358+00:00,recovery_scenario,iperf_tcp,30,5,,ryu_controller,361493,9.9,60919808
2026-04-24T21:33:53.233986+00:00,recovery_scenario,iperf_tcp,30,5,,twin_core,361501,9.9,67915776
2026-04-24T21:33:53.233986+00:00,recovery_scenario,iperf_tcp,30,5,,ryu_controller,361493,29.8,60919808
2026-04-24T21:33:53.334568+00:00,recovery_scenario,iperf_tcp,30,5,,twin_core,361501,0.0,67915776
2026-04-24T21:33:53.334568+00:00,recovery_scenario,iperf_tcp,30,5,,ryu_controller,361493,9.9,60919808
2026-04-24T21:33:53.435150+00:00,recovery_scenario,iperf_tcp,30,5,,twin_core,361501,0.0,67915776
2026-04-24T21:33:53.435150+00:00,recovery_scenario,iperf_tcp,30,5,,ryu_controller,361493,29.9,60919808
2026-04-24T21:33:53.540054+00:00,recovery_scenario,iperf_tcp,30,5,,twin_core,361501,0.0,67915776
2026-04-24T21:33:53.540054+00:00,recovery_scenario,iperf_tcp,30,5,,ryu_controller,361493,19.1,60919808
2026-04-24T21:33:53.644034+00:00,recovery_scenario,iperf_tcp,30,5,,twin_core,361501,0.0,67915776
2026-04-24T21:33:53.644034+00:00,recovery_scenario,iperf_tcp,30,5,,ryu_controller,361493,19.2,60919808
2026-04-24T21:33:53.744870+00:00,recovery_scenario,iperf_tcp,30,5,,twin_core,361501,0.0,67915776
2026-04-24T21:33:53.744870+00:00,recovery_scenario,iperf_tcp,30,5,,ryu_controller,361493,19.8,60919808
2026-04-24T21:33:53.847206+00:00,recovery_scenario,iperf_tcp,30,5,,twin_core,361501,0.0,67915776
2026-04-24T21:33:53.847206+00:00,recovery_scenario,iperf_tcp,30,5,,ryu_controller,361493,19.6,60919808
2026-04-24T21:33:53.947551+00:00,recovery_scenario,iperf_tcp,30,5,,twin_core,361501,0.0,67915776
2026-04-24T21:33:53.947551+00:00,recovery_scenario,iperf_tcp,30,5,,ryu_controller,361493,19.9,60919808
2026-04-24T21:33:54.052661+00:00,recovery_scenario,iperf_tcp,30,5,,twin_core,361501,0.0,67915776
2026-04-24T21:33:54.052661+00:00,recovery_scenario,iperf_tcp,30,5,,ryu_controller,361493,9.5,60919808
2026-04-24T21:33:54.155612+00:00,recovery_scenario,iperf_tcp,30,5,,twin_core,361501,0.0,67915776
2026-04-24T21:33:54.155612+00:00,recovery_scenario,iperf_tcp,30,5,,ryu_controller,361493,0.0,60919808
2026-04-24T21:33:54.256150+00:00,recovery_scenario,iperf_tcp,30,5,,twin_core,361501,19.9,67915776
2026-04-24T21:33:54.256150+00:00,recovery_scenario,iperf_tcp,30,5,,ryu_controller,361493,39.9,60919808
2026-04-24T21:33:54.357537+00:00,recovery_scenario,iperf_tcp,30,5,,twin_core,361501,0.0,67915776
2026-04-24T21:33:54.357537+00:00,recovery_scenario,iperf_tcp,30,5,,ryu_controller,361493,19.7,60919808
2026-04-24T21:33:54.457999+00:00,recovery_scenario,iperf_tcp,30,5,,twin_core,361501,0.0,67915776
2026-04-24T21:33:54.457999+00:00,recovery_scenario,iperf_tcp,30,5,,ryu_controller,361493,10.0,60919808
2026-04-24T21:33:54.558441+00:00,recovery_scenario,iperf_tcp,30,5,,twin_core,361501,0.0,67915776
2026-04-24T21:33:54.558441+00:00,recovery_scenario,iperf_tcp,30,5,,ryu_controller,361493,39.7,60919808
2026-04-24T21:33:54.659172+00:00,recovery_scenario,iperf_tcp,30,5,,twin_core,361501,0.0,67915776
2026-04-24T21:33:54.659172+00:00,recovery_scenario,iperf_tcp,30,5,,ryu_controller,361493,9.9,60919808
2026-04-24T21:33:54.759789+00:00,recovery_scenario,iperf_tcp,30,5,,twin_core,361501,0.0,67915776
2026-04-24T21:33:54.759789+00:00,recovery_scenario,iperf_tcp,30,5,,ryu_controller,361493,9.9,60919808
2026-04-24T21:33:54.860287+00:00,recovery_scenario,iperf_tcp,30,5,,twin_core,361501,0.0,67915776
2026-04-24T21:33:54.860287+00:00,recovery_scenario,iperf_tcp,30,5,,ryu_controller,361493,49.8,60919808
2026-04-24T21:33:54.961680+00:00,recovery_scenario,iperf_tcp,30,5,,twin_core,361501,0.0,67915776
2026-04-24T21:33:54.961680+00:00,recovery_scenario,iperf_tcp,30,5,,ryu_controller,361493,9.8,60919808
2026-04-24T21:33:55.062440+00:00,recovery_scenario,iperf_tcp,30,5,,twin_core,361501,0.0,67915776
2026-04-24T21:33:55.062440+00:00,recovery_scenario,iperf_tcp,30,5,,ryu_controller,361493,9.9,60919808
2026-04-24T21:33:55.163054+00:00,recovery_scenario,iperf_tcp,30,5,,twin_core,361501,0.0,67915776
2026-04-24T21:33:55.163054+00:00,recovery_scenario,iperf_tcp,30,5,,ryu_controller,361493,9.9,60919808
2026-04-24T21:33:55.263673+00:00,recovery_scenario,iperf_tcp,30,5,,twin_core,361501,9.9,67915776
2026-04-24T21:33:55.263673+00:00,recovery_scenario,iperf_tcp,30,5,,ryu_controller,361493,9.9,60919808
2026-04-24T21:33:55.364327+00:00,recovery_scenario,iperf_tcp,30,5,,twin_core,361501,0.0,67915776
2026-04-24T21:33:55.364327+00:00,recovery_scenario,iperf_tcp,30,5,,ryu_controller,361493,9.9,60919808
2026-04-24T21:33:55.465239+00:00,recovery_scenario,iperf_tcp,30,5,,twin_core,361501,0.0,67915776
2026-04-24T21:33:55.465239+00:00,recovery_scenario,iperf_tcp,30,5,,ryu_controller,361493,29.8,60919808
2026-04-24T21:33:55.565778+00:00,recovery_scenario,iperf_tcp,30,5,,twin_core,361501,0.0,67915776
2026-04-24T21:33:55.565778+00:00,recovery_scenario,iperf_tcp,30,5,,ryu_controller,361493,9.9,60919808
2026-04-24T21:33:55.666325+00:00,recovery_scenario,iperf_tcp,30,5,,twin_core,361501,0.0,67915776
2026-04-24T21:33:55.666325+00:00,recovery_scenario,iperf_tcp,30,5,,ryu_controller,361493,0.0,60919808
2026-04-24T21:33:55.770108+00:00,recovery_scenario,iperf_tcp,30,5,,twin_core,361501,0.0,67915776
2026-04-24T21:33:55.770108+00:00,recovery_scenario,iperf_tcp,30,5,,ryu_controller,361493,9.7,60919808
2026-04-24T21:33:55.870590+00:00,recovery_scenario,iperf_tcp,30,5,,twin_core,361501,0.0,67915776
2026-04-24T21:33:55.870590+00:00,recovery_scenario,iperf_tcp,30,5,,ryu_controller,361493,9.9,60919808
2026-04-24T21:33:55.971144+00:00,recovery_scenario,iperf_tcp,30,5,,twin_core,361501,0.0,67915776
2026-04-24T21:33:55.971144+00:00,recovery_scenario,iperf_tcp,30,5,,ryu_controller,361493,0.0,60919808
2026-04-24T21:33:56.071539+00:00,recovery_scenario,iperf_tcp,30,5,,twin_core,361501,0.0,67915776
2026-04-24T21:33:56.071539+00:00,recovery_scenario,iperf_tcp,30,5,,ryu_controller,361493,19.9,60919808
2026-04-24T21:33:56.172017+00:00,recovery_scenario,iperf_tcp,30,5,,twin_core,361501,0.0,67915776
2026-04-24T21:33:56.172017+00:00,recovery_scenario,iperf_tcp,30,5,,ryu_controller,361493,10.0,60919808
2026-04-24T21:33:56.272483+00:00,recovery_scenario,iperf_tcp,30,5,,twin_core,361501,10.0,67915776
2026-04-24T21:33:56.272483+00:00,recovery_scenario,iperf_tcp,30,5,,ryu_controller,361493,49.6,60919808
2026-04-24T21:33:56.373306+00:00,recovery_scenario,iperf_tcp,30,5,,twin_core,361501,9.9,67956736
2026-04-24T21:33:56.373306+00:00,recovery_scenario,iperf_tcp,30,5,,ryu_controller,361493,29.8,60919808
2026-04-24T21:33:56.473818+00:00,recovery_scenario,iperf_tcp,30,5,,twin_core,361501,0.0,67956736
2026-04-24T21:33:56.473818+00:00,recovery_scenario,iperf_tcp,30,5,,ryu_controller,361493,9.9,60919808
2026-04-24T21:33:56.574292+00:00,recovery_scenario,iperf_tcp,30,5,,twin_core,361501,0.0,67956736
2026-04-24T21:33:56.574292+00:00,recovery_scenario,iperf_tcp,30,5,,ryu_controller,361493,10.0,60919808
2026-04-24T21:33:56.675128+00:00,recovery_scenario,iperf_tcp,30,5,,twin_core,361501,0.0,67956736
2026-04-24T21:33:56.675128+00:00,recovery_scenario,iperf_tcp,30,5,,ryu_controller,361493,0.0,60919808
2026-04-24T21:33:56.778150+00:00,recovery_scenario,iperf_tcp,30,5,,twin_core,361501,0.0,67956736
2026-04-24T21:33:56.778150+00:00,recovery_scenario,iperf_tcp,30,5,,ryu_controller,361493,9.7,60919808
2026-04-24T21:33:56.878906+00:00,recovery_scenario,iperf_tcp,30,5,,twin_core,361501,0.0,67956736
2026-04-24T21:33:56.878906+00:00,recovery_scenario,iperf_tcp,30,5,,ryu_controller,361493,9.9,60919808
2026-04-24T21:33:56.979519+00:00,recovery_scenario,iperf_tcp,30,5,,twin_core,361501,0.0,67956736
2026-04-24T21:33:56.979519+00:00,recovery_scenario,iperf_tcp,30,5,,ryu_controller,361493,79.5,60919808
2026-04-24T21:33:57.080102+00:00,recovery_scenario,iperf_tcp,30,5,,twin_core,361501,0.0,67956736
2026-04-24T21:33:57.080102+00:00,recovery_scenario,iperf_tcp,30,5,,ryu_controller,361493,9.9,60919808
2026-04-24T21:33:57.180559+00:00,recovery_scenario,iperf_tcp,30,5,,twin_core,361501,0.0,67956736
2026-04-24T21:33:57.180559+00:00,recovery_scenario,iperf_tcp,30,5,,ryu_controller,361493,0.0,60919808
2026-04-24T21:33:57.280980+00:00,recovery_scenario,iperf_tcp,30,5,,twin_core,361501,10.0,67956736
2026-04-24T21:33:57.280980+00:00,recovery_scenario,iperf_tcp,30,5,,ryu_controller,361493,29.9,60919808
2026-04-24T21:33:57.381440+00:00,recovery_scenario,iperf_tcp,30,5,,twin_core,361501,0.0,67956736
2026-04-24T21:33:57.381440+00:00,recovery_scenario,iperf_tcp,30,5,,ryu_controller,361493,10.0,60919808
2026-04-24T21:33:57.482009+00:00,recovery_scenario,iperf_tcp,30,5,,twin_core,361501,0.0,67956736
2026-04-24T21:33:57.482009+00:00,recovery_scenario,iperf_tcp,30,5,,ryu_controller,361493,9.9,60919808
2026-04-24T21:33:57.584002+00:00,recovery_scenario,iperf_tcp,30,5,,twin_core,361501,9.8,67956736
2026-04-24T21:33:57.584002+00:00,recovery_scenario,iperf_tcp,30,5,,ryu_controller,361493,0.0,60919808
2026-04-24T21:33:57.685378+00:00,recovery_scenario,iperf_tcp,30,5,,twin_core,361501,0.0,67956736
2026-04-24T21:33:57.685378+00:00,recovery_scenario,iperf_tcp,30,5,,ryu_controller,361493,0.0,60919808
2026-04-24T21:33:57.785806+00:00,recovery_scenario,iperf_tcp,30,5,,twin_core,361501,0.0,67956736
2026-04-24T21:33:57.785806+00:00,recovery_scenario,iperf_tcp,30,5,,ryu_controller,361493,19.9,60919808
2026-04-24T21:33:57.888443+00:00,recovery_scenario,iperf_tcp,30,5,,twin_core,361501,0.0,67956736
2026-04-24T21:33:57.888443+00:00,recovery_scenario,iperf_tcp,30,5,,ryu_controller,361493,0.0,60919808
2026-04-24T21:33:57.983046+00:00,recovery_scenario,iperf_tcp,30,5,pingall_completed,,,,
2026-04-24T21:33:57.990603+00:00,recovery_scenario,iperf_tcp,30,5,,twin_core,361501,0.0,67956736
2026-04-24T21:33:57.990603+00:00,recovery_scenario,iperf_tcp,30,5,,ryu_controller,361493,0.0,60919808
2026-04-24T21:33:58.092496+00:00,recovery_scenario,iperf_tcp,30,5,,twin_core,361501,0.0,67956736
2026-04-24T21:33:58.092496+00:00,recovery_scenario,iperf_tcp,30,5,,ryu_controller,361493,0.0,60919808
2026-04-24T21:33:58.193535+00:00,recovery_scenario,iperf_tcp,30,5,,twin_core,361501,0.0,67956736
2026-04-24T21:33:58.193535+00:00,recovery_scenario,iperf_tcp,30,5,,ryu_controller,361493,9.9,60919808
2026-04-24T21:33:58.294108+00:00,recovery_scenario,iperf_tcp,30,5,,twin_core,361501,0.0,67956736
2026-04-24T21:33:58.294108+00:00,recovery_scenario,iperf_tcp,30,5,,ryu_controller,361493,19.9,60919808
2026-04-24T21:33:58.394678+00:00,recovery_scenario,iperf_tcp,30,5,,twin_core,361501,9.9,67989504
2026-04-24T21:33:58.394678+00:00,recovery_scenario,iperf_tcp,30,5,,ryu_controller,361493,79.5,60919808
2026-04-24T21:33:58.495194+00:00,recovery_scenario,iperf_tcp,30,5,,twin_core,361501,0.0,67989504
2026-04-24T21:33:58.495194+00:00,recovery_scenario,iperf_tcp,30,5,,ryu_controller,361493,0.0,60919808
2026-04-24T21:33:58.595859+00:00,recovery_scenario,iperf_tcp,30,5,,twin_core,361501,0.0,67989504
2026-04-24T21:33:58.595859+00:00,recovery_scenario,iperf_tcp,30,5,,ryu_controller,361493,0.0,60919808
2026-04-24T21:33:58.699838+00:00,recovery_scenario,iperf_tcp,30,5,,twin_core,361501,0.0,67989504
2026-04-24T21:33:58.699838+00:00,recovery_scenario,iperf_tcp,30,5,,ryu_controller,361493,9.6,60919808
2026-04-24T21:33:58.803263+00:00,recovery_scenario,iperf_tcp,30,5,,twin_core,361501,0.0,67989504
2026-04-24T21:33:58.803263+00:00,recovery_scenario,iperf_tcp,30,5,,ryu_controller,361493,0.0,60919808
2026-04-24T21:33:58.907830+00:00,recovery_scenario,iperf_tcp,30,5,,twin_core,361501,9.6,67989504
2026-04-24T21:33:58.907830+00:00,recovery_scenario,iperf_tcp,30,5,,ryu_controller,361493,0.0,60919808
2026-04-24T21:33:59.020069+00:00,recovery_scenario,iperf_tcp,30,5,,twin_core,361501,0.0,67989504
2026-04-24T21:33:59.020069+00:00,recovery_scenario,iperf_tcp,30,5,,ryu_controller,361493,44.7,60919808
2026-04-24T21:33:59.120768+00:00,recovery_scenario,iperf_tcp,30,5,,twin_core,361501,0.0,67989504
2026-04-24T21:33:59.120768+00:00,recovery_scenario,iperf_tcp,30,5,,ryu_controller,361493,59.7,60940288
2026-04-24T21:33:59.221200+00:00,recovery_scenario,iperf_tcp,30,5,,twin_core,361501,10.0,67989504
2026-04-24T21:33:59.221200+00:00,recovery_scenario,iperf_tcp,30,5,,ryu_controller,361493,0.0,60940288
2026-04-24T21:33:59.321649+00:00,recovery_scenario,iperf_tcp,30,5,,twin_core,361501,0.0,67989504
2026-04-24T21:33:59.321649+00:00,recovery_scenario,iperf_tcp,30,5,,ryu_controller,361493,0.0,60940288
2026-04-24T21:33:59.422407+00:00,recovery_scenario,iperf_tcp,30,5,,twin_core,361501,0.0,67989504
2026-04-24T21:33:59.422407+00:00,recovery_scenario,iperf_tcp,30,5,,ryu_controller,361493,9.9,60940288
2026-04-24T21:33:59.523411+00:00,recovery_scenario,iperf_tcp,30,5,,twin_core,361501,0.0,67989504
2026-04-24T21:33:59.523411+00:00,recovery_scenario,iperf_tcp,30,5,,ryu_controller,361493,0.0,60940288
2026-04-24T21:33:59.625096+00:00,recovery_scenario,iperf_tcp,30,5,,twin_core,361501,0.0,67989504
2026-04-24T21:33:59.625096+00:00,recovery_scenario,iperf_tcp,30,5,,ryu_controller,361493,0.0,60940288
2026-04-24T21:33:59.725670+00:00,recovery_scenario,iperf_tcp,30,5,,twin_core,361501,0.0,67989504
2026-04-24T21:33:59.725670+00:00,recovery_scenario,iperf_tcp,30,5,,ryu_controller,361493,0.0,60940288
2026-04-24T21:33:59.826194+00:00,recovery_scenario,iperf_tcp,30,5,,twin_core,361501,0.0,67989504
2026-04-24T21:33:59.826194+00:00,recovery_scenario,iperf_tcp,30,5,,ryu_controller,361493,0.0,60940288
2026-04-24T21:33:59.930487+00:00,recovery_scenario,iperf_tcp,30,5,,twin_core,361501,0.0,67989504
2026-04-24T21:33:59.930487+00:00,recovery_scenario,iperf_tcp,30,5,,ryu_controller,361493,9.9,60940288
2026-04-24T21:34:00.020446+00:00,recovery_scenario,iperf_tcp,30,5,background_traffic_started,,,,
2026-04-24T21:34:00.031014+00:00,recovery_scenario,iperf_tcp,30,5,,twin_core,361501,10.0,67989504
2026-04-24T21:34:00.031014+00:00,recovery_scenario,iperf_tcp,30,5,,ryu_controller,361493,10.0,60940288
2026-04-24T21:34:00.131335+00:00,recovery_scenario,iperf_tcp,30,5,,twin_core,361501,0.0,67989504
2026-04-24T21:34:00.131335+00:00,recovery_scenario,iperf_tcp,30,5,,ryu_controller,361493,19.9,60940288
2026-04-24T21:34:00.233377+00:00,recovery_scenario,iperf_tcp,30,5,,twin_core,361501,9.8,67989504
2026-04-24T21:34:00.233377+00:00,recovery_scenario,iperf_tcp,30,5,,ryu_controller,361493,39.1,60940288
2026-04-24T21:34:00.268542+00:00,recovery_scenario,iperf_tcp,30,5,fault_injected,,,,
2026-04-24T21:34:00.334849+00:00,recovery_scenario,iperf_tcp,30,5,,twin_core,361501,0.0,68005888
2026-04-24T21:34:00.334849+00:00,recovery_scenario,iperf_tcp,30,5,,ryu_controller,361493,29.6,60940288
2026-04-24T21:34:00.435629+00:00,recovery_scenario,iperf_tcp,30,5,,twin_core,361501,0.0,68005888
2026-04-24T21:34:00.435629+00:00,recovery_scenario,iperf_tcp,30,5,,ryu_controller,361493,39.8,60940288
2026-04-24T21:34:00.536075+00:00,recovery_scenario,iperf_tcp,30,5,,twin_core,361501,10.0,68005888
2026-04-24T21:34:00.536075+00:00,recovery_scenario,iperf_tcp,30,5,,ryu_controller,361493,69.7,60940288
2026-04-24T21:34:00.636514+00:00,recovery_scenario,iperf_tcp,30,5,,twin_core,361501,0.0,68005888
2026-04-24T21:34:00.636514+00:00,recovery_scenario,iperf_tcp,30,5,,ryu_controller,361493,89.5,60940288
2026-04-24T21:34:00.739682+00:00,recovery_scenario,iperf_tcp,30,5,,twin_core,361501,0.0,68005888
2026-04-24T21:34:00.739682+00:00,recovery_scenario,iperf_tcp,30,5,,ryu_controller,361493,87.2,60940288
2026-04-24T21:34:00.840532+00:00,recovery_scenario,iperf_tcp,30,5,,twin_core,361501,0.0,68005888
2026-04-24T21:34:00.840532+00:00,recovery_scenario,iperf_tcp,30,5,,ryu_controller,361493,69.4,60940288
2026-04-24T21:34:00.941106+00:00,recovery_scenario,iperf_tcp,30,5,,twin_core,361501,0.0,68005888
2026-04-24T21:34:00.941106+00:00,recovery_scenario,iperf_tcp,30,5,,ryu_controller,361493,89.6,60940288
2026-04-24T21:34:01.041545+00:00,recovery_scenario,iperf_tcp,30,5,,twin_core,361501,0.0,68005888
2026-04-24T21:34:01.041545+00:00,recovery_scenario,iperf_tcp,30,5,,ryu_controller,361493,78.8,60940288
2026-04-24T21:34:01.143225+00:00,recovery_scenario,iperf_tcp,30,5,,twin_core,361501,0.0,68005888
2026-04-24T21:34:01.143225+00:00,recovery_scenario,iperf_tcp,30,5,,ryu_controller,361493,79.6,60940288
2026-04-24T21:34:01.243551+00:00,recovery_scenario,iperf_tcp,30,5,,twin_core,361501,0.0,68005888
2026-04-24T21:34:01.243551+00:00,recovery_scenario,iperf_tcp,30,5,,ryu_controller,361493,68.0,60940288
2026-04-24T21:34:01.346893+00:00,recovery_scenario,iperf_tcp,30,5,,twin_core,361501,0.0,68005888
2026-04-24T21:34:01.346893+00:00,recovery_scenario,iperf_tcp,30,5,,ryu_controller,361493,69.4,60940288
2026-04-24T21:34:01.447496+00:00,recovery_scenario,iperf_tcp,30,5,,twin_core,361501,0.0,68005888
2026-04-24T21:34:01.447496+00:00,recovery_scenario,iperf_tcp,30,5,,ryu_controller,361493,79.7,60940288
2026-04-24T21:34:01.548261+00:00,recovery_scenario,iperf_tcp,30,5,,twin_core,361501,0.0,68005888
2026-04-24T21:34:01.548261+00:00,recovery_scenario,iperf_tcp,30,5,,ryu_controller,361493,69.5,60940288
2026-04-24T21:34:01.650236+00:00,recovery_scenario,iperf_tcp,30,5,,twin_core,361501,0.0,68005888
2026-04-24T21:34:01.650236+00:00,recovery_scenario,iperf_tcp,30,5,,ryu_controller,361493,68.6,60940288
2026-04-24T21:34:01.751194+00:00,recovery_scenario,iperf_tcp,30,5,,twin_core,361501,0.0,68005888
2026-04-24T21:34:01.751194+00:00,recovery_scenario,iperf_tcp,30,5,,ryu_controller,361493,59.4,60940288
2026-04-24T21:34:01.851596+00:00,recovery_scenario,iperf_tcp,30,5,,twin_core,361501,0.0,68005888
2026-04-24T21:34:01.851596+00:00,recovery_scenario,iperf_tcp,30,5,,ryu_controller,361493,67.6,60940288
2026-04-24T21:34:01.956762+00:00,recovery_scenario,iperf_tcp,30,5,,twin_core,361501,0.0,68005888
2026-04-24T21:34:01.956762+00:00,recovery_scenario,iperf_tcp,30,5,,ryu_controller,361493,78.4,60940288
2026-04-24T21:34:02.057123+00:00,recovery_scenario,iperf_tcp,30,5,,twin_core,361501,0.0,68005888
2026-04-24T21:34:02.057123+00:00,recovery_scenario,iperf_tcp,30,5,,ryu_controller,361493,69.8,60940288
2026-04-24T21:34:02.158431+00:00,recovery_scenario,iperf_tcp,30,5,,twin_core,361501,0.0,68005888
2026-04-24T21:34:02.158431+00:00,recovery_scenario,iperf_tcp,30,5,,ryu_controller,361493,49.3,60940288
2026-04-24T21:34:02.259000+00:00,recovery_scenario,iperf_tcp,30,5,,twin_core,361501,0.0,68005888
2026-04-24T21:34:02.259000+00:00,recovery_scenario,iperf_tcp,30,5,,ryu_controller,361493,69.6,60940288
2026-04-24T21:34:02.360063+00:00,recovery_scenario,iperf_tcp,30,5,,twin_core,361501,0.0,68005888
2026-04-24T21:34:02.360063+00:00,recovery_scenario,iperf_tcp,30,5,,ryu_controller,361493,69.3,60940288
2026-04-24T21:34:02.460487+00:00,recovery_scenario,iperf_tcp,30,5,,twin_core,361501,0.0,68005888
2026-04-24T21:34:02.460487+00:00,recovery_scenario,iperf_tcp,30,5,,ryu_controller,361493,59.1,60940288
2026-04-24T21:34:02.564631+00:00,recovery_scenario,iperf_tcp,30,5,,twin_core,361501,0.0,68005888
2026-04-24T21:34:02.564631+00:00,recovery_scenario,iperf_tcp,30,5,,ryu_controller,361493,57.4,60940288
2026-04-24T21:34:02.667402+00:00,recovery_scenario,iperf_tcp,30,5,,twin_core,361501,9.7,68005888
2026-04-24T21:34:02.667402+00:00,recovery_scenario,iperf_tcp,30,5,,ryu_controller,361493,58.6,60940288
2026-04-24T21:34:02.769265+00:00,recovery_scenario,iperf_tcp,30,5,,twin_core,361501,0.0,68005888
2026-04-24T21:34:02.769265+00:00,recovery_scenario,iperf_tcp,30,5,,ryu_controller,361493,69.1,60940288
2026-04-24T21:34:02.871472+00:00,recovery_scenario,iperf_tcp,30,5,,twin_core,361501,0.0,68005888
2026-04-24T21:34:02.871472+00:00,recovery_scenario,iperf_tcp,30,5,,ryu_controller,361493,48.9,60940288
2026-04-24T21:34:02.973024+00:00,recovery_scenario,iperf_tcp,30,5,,twin_core,361501,0.0,68005888
2026-04-24T21:34:02.973024+00:00,recovery_scenario,iperf_tcp,30,5,,ryu_controller,361493,69.3,60940288
2026-04-24T21:34:03.073546+00:00,recovery_scenario,iperf_tcp,30,5,,twin_core,361501,0.0,68005888
2026-04-24T21:34:03.073546+00:00,recovery_scenario,iperf_tcp,30,5,,ryu_controller,361493,79.7,60940288
2026-04-24T21:34:03.174880+00:00,recovery_scenario,iperf_tcp,30,5,,twin_core,361501,19.7,68005888
2026-04-24T21:34:03.174880+00:00,recovery_scenario,iperf_tcp,30,5,,ryu_controller,361493,78.8,60940288
2026-04-24T21:34:03.275462+00:00,recovery_scenario,iperf_tcp,30,5,,twin_core,361501,0.0,68005888
2026-04-24T21:34:03.275462+00:00,recovery_scenario,iperf_tcp,30,5,,ryu_controller,361493,39.8,60940288
2026-04-24T21:34:03.376195+00:00,recovery_scenario,iperf_tcp,30,5,,twin_core,361501,9.9,68005888
2026-04-24T21:34:03.376195+00:00,recovery_scenario,iperf_tcp,30,5,,ryu_controller,361493,39.8,60940288
2026-04-24T21:34:03.414060+00:00,recovery_scenario,iperf_tcp,30,5,recovery_requested,,,,
2026-04-24T21:34:03.476812+00:00,recovery_scenario,iperf_tcp,30,5,,twin_core,361501,9.9,68009984
2026-04-24T21:34:03.476812+00:00,recovery_scenario,iperf_tcp,30,5,,ryu_controller,361493,39.7,60940288
2026-04-24T21:34:03.577921+00:00,recovery_scenario,iperf_tcp,30,5,,twin_core,361501,9.9,68009984
2026-04-24T21:34:03.577921+00:00,recovery_scenario,iperf_tcp,30,5,,ryu_controller,361493,29.4,60940288
2026-04-24T21:34:03.679622+00:00,recovery_scenario,iperf_tcp,30,5,,twin_core,361501,0.0,68009984
2026-04-24T21:34:03.679622+00:00,recovery_scenario,iperf_tcp,30,5,,ryu_controller,361493,19.8,60940288
2026-04-24T21:34:03.781770+00:00,recovery_scenario,iperf_tcp,30,5,,twin_core,361501,0.0,68009984
2026-04-24T21:34:03.781770+00:00,recovery_scenario,iperf_tcp,30,5,,ryu_controller,361493,58.9,60940288
2026-04-24T21:34:03.882138+00:00,recovery_scenario,iperf_tcp,30,5,,twin_core,361501,0.0,68009984
2026-04-24T21:34:03.882138+00:00,recovery_scenario,iperf_tcp,30,5,,ryu_controller,361493,79.7,60940288
2026-04-24T21:34:03.982519+00:00,recovery_scenario,iperf_tcp,30,5,,twin_core,361501,0.0,68009984
2026-04-24T21:34:03.982519+00:00,recovery_scenario,iperf_tcp,30,5,,ryu_controller,361493,97.7,60940288
2026-04-24T21:34:04.085150+00:00,recovery_scenario,iperf_tcp,30,5,,twin_core,361501,0.0,68009984
2026-04-24T21:34:04.085150+00:00,recovery_scenario,iperf_tcp,30,5,,ryu_controller,361493,89.3,60940288
2026-04-24T21:34:04.185673+00:00,recovery_scenario,iperf_tcp,30,5,,twin_core,361501,0.0,68009984
2026-04-24T21:34:04.185673+00:00,recovery_scenario,iperf_tcp,30,5,,ryu_controller,361493,89.4,60940288
2026-04-24T21:34:04.286248+00:00,recovery_scenario,iperf_tcp,30,5,,twin_core,361501,0.0,68009984
2026-04-24T21:34:04.286248+00:00,recovery_scenario,iperf_tcp,30,5,,ryu_controller,361493,88.7,60940288
2026-04-24T21:34:04.387682+00:00,recovery_scenario,iperf_tcp,30,5,,twin_core,361501,0.0,68009984
2026-04-24T21:34:04.387682+00:00,recovery_scenario,iperf_tcp,30,5,,ryu_controller,361493,99.3,60940288
2026-04-24T21:34:04.488377+00:00,recovery_scenario,iperf_tcp,30,5,,twin_core,361501,0.0,68009984
2026-04-24T21:34:04.488377+00:00,recovery_scenario,iperf_tcp,30,5,,ryu_controller,361493,89.3,60940288
2026-04-24T21:34:04.590150+00:00,recovery_scenario,iperf_tcp,30,5,,twin_core,361501,0.0,68009984
2026-04-24T21:34:04.590150+00:00,recovery_scenario,iperf_tcp,30,5,,ryu_controller,361493,98.6,60940288
2026-04-24T21:34:04.690668+00:00,recovery_scenario,iperf_tcp,30,5,,twin_core,361501,0.0,68009984
2026-04-24T21:34:04.690668+00:00,recovery_scenario,iperf_tcp,30,5,,ryu_controller,361493,99.1,60940288
2026-04-24T21:34:04.791551+00:00,recovery_scenario,iperf_tcp,30,5,,twin_core,361501,0.0,68009984
2026-04-24T21:34:04.791551+00:00,recovery_scenario,iperf_tcp,30,5,,ryu_controller,361493,89.2,60940288
2026-04-24T21:34:04.892820+00:00,recovery_scenario,iperf_tcp,30,5,,twin_core,361501,0.0,68009984
2026-04-24T21:34:04.892820+00:00,recovery_scenario,iperf_tcp,30,5,,ryu_controller,361493,99.1,60940288
2026-04-24T21:34:04.993310+00:00,recovery_scenario,iperf_tcp,30,5,,twin_core,361501,0.0,68009984
2026-04-24T21:34:04.993310+00:00,recovery_scenario,iperf_tcp,30,5,,ryu_controller,361493,89.6,60940288
2026-04-24T21:34:05.093833+00:00,recovery_scenario,iperf_tcp,30,5,,twin_core,361501,0.0,68009984
2026-04-24T21:34:05.093833+00:00,recovery_scenario,iperf_tcp,30,5,,ryu_controller,361493,99.5,60940288
2026-04-24T21:34:05.194273+00:00,recovery_scenario,iperf_tcp,30,5,,twin_core,361501,0.0,68009984
2026-04-24T21:34:05.194273+00:00,recovery_scenario,iperf_tcp,30,5,,ryu_controller,361493,89.6,60940288
2026-04-24T21:34:05.295205+00:00,recovery_scenario,iperf_tcp,30,5,,twin_core,361501,0.0,68009984
2026-04-24T21:34:05.295205+00:00,recovery_scenario,iperf_tcp,30,5,,ryu_controller,361493,99.0,60940288
2026-04-24T21:34:05.395912+00:00,recovery_scenario,iperf_tcp,30,5,,twin_core,361501,9.9,68009984
2026-04-24T21:34:05.395912+00:00,recovery_scenario,iperf_tcp,30,5,,ryu_controller,361493,79.5,60940288
2026-04-24T21:34:05.496553+00:00,recovery_scenario,iperf_tcp,30,5,,twin_core,361501,0.0,68009984
2026-04-24T21:34:05.496553+00:00,recovery_scenario,iperf_tcp,30,5,,ryu_controller,361493,79.2,60940288
2026-04-24T21:34:05.597532+00:00,recovery_scenario,iperf_tcp,30,5,,twin_core,361501,9.9,68009984
2026-04-24T21:34:05.597532+00:00,recovery_scenario,iperf_tcp,30,5,,ryu_controller,361493,19.9,60940288
2026-04-24T21:34:05.698204+00:00,recovery_scenario,iperf_tcp,30,5,,twin_core,361501,0.0,68009984
2026-04-24T21:34:05.698204+00:00,recovery_scenario,iperf_tcp,30,5,,ryu_controller,361493,0.0,60940288
2026-04-24T21:34:05.799577+00:00,recovery_scenario,iperf_tcp,30,5,,twin_core,361501,0.0,68009984
2026-04-24T21:34:05.799577+00:00,recovery_scenario,iperf_tcp,30,5,,ryu_controller,361493,9.9,60940288
2026-04-24T21:34:05.900389+00:00,recovery_scenario,iperf_tcp,30,5,,twin_core,361501,0.0,68009984
2026-04-24T21:34:05.900389+00:00,recovery_scenario,iperf_tcp,30,5,,ryu_controller,361493,9.9,60940288
2026-04-24T21:34:06.001489+00:00,recovery_scenario,iperf_tcp,30,5,,twin_core,361501,19.8,68009984
2026-04-24T21:34:06.001489+00:00,recovery_scenario,iperf_tcp,30,5,,ryu_controller,361493,49.0,60940288
2026-04-24T21:34:06.035573+00:00,recovery_scenario,iperf_tcp,30,5,scenario_teardown,,,,
2026-04-24T21:34:06.103085+00:00,recovery_scenario,iperf_tcp,30,5,,twin_core,361501,0.0,68018176
2026-04-24T21:34:06.103085+00:00,recovery_scenario,iperf_tcp,30,5,,ryu_controller,361493,39.8,60940288
2026-04-24T21:34:06.203499+00:00,recovery_scenario,iperf_tcp,30,5,,twin_core,361501,0.0,68018176
2026-04-24T21:34:06.203499+00:00,recovery_scenario,iperf_tcp,30,5,,ryu_controller,361493,29.8,60940288
2026-04-24T21:34:06.304126+00:00,recovery_scenario,iperf_tcp,30,5,,twin_core,361501,19.9,68018176
2026-04-24T21:34:06.304126+00:00,recovery_scenario,iperf_tcp,30,5,,ryu_controller,361493,19.9,60940288
2026-04-24T21:34:06.404596+00:00,recovery_scenario,iperf_tcp,30,5,,twin_core,361501,0.0,68018176
2026-04-24T21:34:06.404596+00:00,recovery_scenario,iperf_tcp,30,5,,ryu_controller,361493,10.0,60940288
2026-04-24T21:34:06.935732+00:00,recovery_scenario,iperf_tcp,30,6,,twin_core,361501,0.0,68018176
2026-04-24T21:34:06.935732+00:00,recovery_scenario,iperf_tcp,30,6,,ryu_controller,361493,0.0,60940288
2026-04-24T21:34:07.037479+00:00,recovery_scenario,iperf_tcp,30,6,,twin_core,361501,9.8,68018176
2026-04-24T21:34:07.037479+00:00,recovery_scenario,iperf_tcp,30,6,,ryu_controller,361493,39.5,60940288
2026-04-24T21:34:07.138166+00:00,recovery_scenario,iperf_tcp,30,6,,twin_core,361501,0.0,68018176
2026-04-24T21:34:07.138166+00:00,recovery_scenario,iperf_tcp,30,6,,ryu_controller,361493,39.7,60940288
2026-04-24T21:34:07.193348+00:00,recovery_scenario,iperf_tcp,30,6,service_started,,,,
2026-04-24T21:34:07.238821+00:00,recovery_scenario,iperf_tcp,30,6,,twin_core,361501,59.6,68018176
2026-04-24T21:34:07.238821+00:00,recovery_scenario,iperf_tcp,30,6,,ryu_controller,361493,19.9,60940288
2026-04-24T21:34:07.339274+00:00,recovery_scenario,iperf_tcp,30,6,,twin_core,361501,10.0,68018176
2026-04-24T21:34:07.339274+00:00,recovery_scenario,iperf_tcp,30,6,,ryu_controller,361493,49.8,60940288
2026-04-24T21:34:07.442752+00:00,recovery_scenario,iperf_tcp,30,6,,twin_core,361501,0.0,68018176
2026-04-24T21:34:07.442752+00:00,recovery_scenario,iperf_tcp,30,6,,ryu_controller,361493,19.3,60940288
2026-04-24T21:34:07.543337+00:00,recovery_scenario,iperf_tcp,30,6,,twin_core,361501,0.0,68018176
2026-04-24T21:34:07.543337+00:00,recovery_scenario,iperf_tcp,30,6,,ryu_controller,361493,19.9,60940288
2026-04-24T21:34:07.643754+00:00,recovery_scenario,iperf_tcp,30,6,,twin_core,361501,0.0,68018176
2026-04-24T21:34:07.643754+00:00,recovery_scenario,iperf_tcp,30,6,,ryu_controller,361493,49.8,60940288
2026-04-24T21:34:07.744139+00:00,recovery_scenario,iperf_tcp,30,6,,twin_core,361501,0.0,68018176
2026-04-24T21:34:07.744139+00:00,recovery_scenario,iperf_tcp,30,6,,ryu_controller,361493,9.9,60940288
2026-04-24T21:34:07.847560+00:00,recovery_scenario,iperf_tcp,30,6,,twin_core,361501,0.0,68018176
2026-04-24T21:34:07.847560+00:00,recovery_scenario,iperf_tcp,30,6,,ryu_controller,361493,9.7,60940288
2026-04-24T21:34:07.950209+00:00,recovery_scenario,iperf_tcp,30,6,,twin_core,361501,0.0,68018176
2026-04-24T21:34:07.950209+00:00,recovery_scenario,iperf_tcp,30,6,,ryu_controller,361493,0.0,60940288
2026-04-24T21:34:08.050654+00:00,recovery_scenario,iperf_tcp,30,6,,twin_core,361501,0.0,68018176
2026-04-24T21:34:08.050654+00:00,recovery_scenario,iperf_tcp,30,6,,ryu_controller,361493,19.9,60940288
2026-04-24T21:34:08.151147+00:00,recovery_scenario,iperf_tcp,30,6,,twin_core,361501,0.0,68018176
2026-04-24T21:34:08.151147+00:00,recovery_scenario,iperf_tcp,30,6,,ryu_controller,361493,19.9,60940288
2026-04-24T21:34:08.251520+00:00,recovery_scenario,iperf_tcp,30,6,,twin_core,361501,0.0,68018176
2026-04-24T21:34:08.251520+00:00,recovery_scenario,iperf_tcp,30,6,,ryu_controller,361493,19.9,60940288
2026-04-24T21:34:08.352241+00:00,recovery_scenario,iperf_tcp,30,6,,twin_core,361501,0.0,68018176
2026-04-24T21:34:08.352241+00:00,recovery_scenario,iperf_tcp,30,6,,ryu_controller,361493,10.0,60940288
2026-04-24T21:34:08.452612+00:00,recovery_scenario,iperf_tcp,30,6,,twin_core,361501,0.0,68018176
2026-04-24T21:34:08.452612+00:00,recovery_scenario,iperf_tcp,30,6,,ryu_controller,361493,29.9,60940288
2026-04-24T21:34:08.553084+00:00,recovery_scenario,iperf_tcp,30,6,,twin_core,361501,0.0,68018176
2026-04-24T21:34:08.553084+00:00,recovery_scenario,iperf_tcp,30,6,,ryu_controller,361493,19.9,60940288
2026-04-24T21:34:08.654053+00:00,recovery_scenario,iperf_tcp,30,6,,twin_core,361501,0.0,68018176
2026-04-24T21:34:08.654053+00:00,recovery_scenario,iperf_tcp,30,6,,ryu_controller,361493,19.8,60940288
2026-04-24T21:34:08.754460+00:00,recovery_scenario,iperf_tcp,30,6,,twin_core,361501,0.0,68018176
2026-04-24T21:34:08.754460+00:00,recovery_scenario,iperf_tcp,30,6,,ryu_controller,361493,39.9,60940288
2026-04-24T21:34:08.855339+00:00,recovery_scenario,iperf_tcp,30,6,,twin_core,361501,0.0,68018176
2026-04-24T21:34:08.855339+00:00,recovery_scenario,iperf_tcp,30,6,,ryu_controller,361493,9.9,60940288
2026-04-24T21:34:08.957159+00:00,recovery_scenario,iperf_tcp,30,6,,twin_core,361501,0.0,68018176
2026-04-24T21:34:08.957159+00:00,recovery_scenario,iperf_tcp,30,6,,ryu_controller,361493,9.8,60940288
2026-04-24T21:34:09.058444+00:00,recovery_scenario,iperf_tcp,30,6,,twin_core,361501,0.0,68018176
2026-04-24T21:34:09.058444+00:00,recovery_scenario,iperf_tcp,30,6,,ryu_controller,361493,0.0,60940288
2026-04-24T21:34:09.158841+00:00,recovery_scenario,iperf_tcp,30,6,,twin_core,361501,0.0,68018176
2026-04-24T21:34:09.158841+00:00,recovery_scenario,iperf_tcp,30,6,,ryu_controller,361493,19.9,60940288
2026-04-24T21:34:09.259213+00:00,recovery_scenario,iperf_tcp,30,6,,twin_core,361501,0.0,68018176
2026-04-24T21:34:09.259213+00:00,recovery_scenario,iperf_tcp,30,6,,ryu_controller,361493,10.0,60940288
2026-04-24T21:34:09.359653+00:00,recovery_scenario,iperf_tcp,30,6,,twin_core,361501,10.0,68018176
2026-04-24T21:34:09.359653+00:00,recovery_scenario,iperf_tcp,30,6,,ryu_controller,361493,39.8,60940288
2026-04-24T21:34:09.460086+00:00,recovery_scenario,iperf_tcp,30,6,,twin_core,361501,0.0,68018176
2026-04-24T21:34:09.460086+00:00,recovery_scenario,iperf_tcp,30,6,,ryu_controller,361493,29.9,60940288
2026-04-24T21:34:09.560550+00:00,recovery_scenario,iperf_tcp,30,6,,twin_core,361501,0.0,68018176
2026-04-24T21:34:09.560550+00:00,recovery_scenario,iperf_tcp,30,6,,ryu_controller,361493,9.9,60940288
2026-04-24T21:34:09.661354+00:00,recovery_scenario,iperf_tcp,30,6,,twin_core,361501,9.9,68018176
2026-04-24T21:34:09.661354+00:00,recovery_scenario,iperf_tcp,30,6,,ryu_controller,361493,49.5,60940288
2026-04-24T21:34:09.762195+00:00,recovery_scenario,iperf_tcp,30,6,,twin_core,361501,0.0,68018176
2026-04-24T21:34:09.762195+00:00,recovery_scenario,iperf_tcp,30,6,,ryu_controller,361493,19.9,60940288
2026-04-24T21:34:09.862601+00:00,recovery_scenario,iperf_tcp,30,6,,twin_core,361501,0.0,68018176
2026-04-24T21:34:09.862601+00:00,recovery_scenario,iperf_tcp,30,6,,ryu_controller,361493,0.0,60940288
2026-04-24T21:34:09.964682+00:00,recovery_scenario,iperf_tcp,30,6,,twin_core,361501,0.0,68018176
2026-04-24T21:34:09.964682+00:00,recovery_scenario,iperf_tcp,30,6,,ryu_controller,361493,9.8,60940288
2026-04-24T21:34:10.065285+00:00,recovery_scenario,iperf_tcp,30,6,,twin_core,361501,0.0,68018176
2026-04-24T21:34:10.065285+00:00,recovery_scenario,iperf_tcp,30,6,,ryu_controller,361493,10.0,60940288
2026-04-24T21:34:10.166406+00:00,recovery_scenario,iperf_tcp,30,6,,twin_core,361501,9.9,68018176
2026-04-24T21:34:10.166406+00:00,recovery_scenario,iperf_tcp,30,6,,ryu_controller,361493,9.9,60940288
2026-04-24T21:34:10.266914+00:00,recovery_scenario,iperf_tcp,30,6,,twin_core,361501,0.0,68018176
2026-04-24T21:34:10.266914+00:00,recovery_scenario,iperf_tcp,30,6,,ryu_controller,361493,9.9,60940288
2026-04-24T21:34:10.368137+00:00,recovery_scenario,iperf_tcp,30,6,,twin_core,361501,0.0,68018176
2026-04-24T21:34:10.368137+00:00,recovery_scenario,iperf_tcp,30,6,,ryu_controller,361493,9.9,60940288
2026-04-24T21:34:10.468512+00:00,recovery_scenario,iperf_tcp,30,6,,twin_core,361501,0.0,68018176
2026-04-24T21:34:10.468512+00:00,recovery_scenario,iperf_tcp,30,6,,ryu_controller,361493,10.0,60940288
2026-04-24T21:34:10.568965+00:00,recovery_scenario,iperf_tcp,30,6,,twin_core,361501,0.0,68018176
2026-04-24T21:34:10.568965+00:00,recovery_scenario,iperf_tcp,30,6,,ryu_controller,361493,10.0,60940288
2026-04-24T21:34:10.672448+00:00,recovery_scenario,iperf_tcp,30,6,,twin_core,361501,0.0,68018176
2026-04-24T21:34:10.672448+00:00,recovery_scenario,iperf_tcp,30,6,,ryu_controller,361493,19.3,60940288
2026-04-24T21:34:10.773189+00:00,recovery_scenario,iperf_tcp,30,6,,twin_core,361501,0.0,68018176
2026-04-24T21:34:10.773189+00:00,recovery_scenario,iperf_tcp,30,6,,ryu_controller,361493,9.9,60940288
2026-04-24T21:34:10.873727+00:00,recovery_scenario,iperf_tcp,30,6,,twin_core,361501,0.0,68018176
2026-04-24T21:34:10.873727+00:00,recovery_scenario,iperf_tcp,30,6,,ryu_controller,361493,0.0,60940288
2026-04-24T21:34:10.975313+00:00,recovery_scenario,iperf_tcp,30,6,,twin_core,361501,9.8,68018176
2026-04-24T21:34:10.975313+00:00,recovery_scenario,iperf_tcp,30,6,,ryu_controller,361493,9.8,60940288
2026-04-24T21:34:11.076184+00:00,recovery_scenario,iperf_tcp,30,6,,twin_core,361501,0.0,68018176
2026-04-24T21:34:11.076184+00:00,recovery_scenario,iperf_tcp,30,6,,ryu_controller,361493,10.0,60940288
2026-04-24T21:34:11.176583+00:00,recovery_scenario,iperf_tcp,30,6,,twin_core,361501,0.0,68018176
2026-04-24T21:34:11.176583+00:00,recovery_scenario,iperf_tcp,30,6,,ryu_controller,361493,19.9,60940288
2026-04-24T21:34:11.278232+00:00,recovery_scenario,iperf_tcp,30,6,,twin_core,361501,0.0,68018176
2026-04-24T21:34:11.278232+00:00,recovery_scenario,iperf_tcp,30,6,,ryu_controller,361493,9.8,60940288
2026-04-24T21:34:11.379287+00:00,recovery_scenario,iperf_tcp,30,6,,twin_core,361501,0.0,68018176
2026-04-24T21:34:11.379287+00:00,recovery_scenario,iperf_tcp,30,6,,ryu_controller,361493,29.8,60940288
2026-04-24T21:34:11.480012+00:00,recovery_scenario,iperf_tcp,30,6,,twin_core,361501,9.9,68018176
2026-04-24T21:34:11.480012+00:00,recovery_scenario,iperf_tcp,30,6,,ryu_controller,361493,49.7,60940288
2026-04-24T21:34:11.580567+00:00,recovery_scenario,iperf_tcp,30,6,,twin_core,361501,0.0,68018176
2026-04-24T21:34:11.580567+00:00,recovery_scenario,iperf_tcp,30,6,,ryu_controller,361493,9.9,60940288
2026-04-24T21:34:11.681254+00:00,recovery_scenario,iperf_tcp,30,6,,twin_core,361501,0.0,68018176
2026-04-24T21:34:11.681254+00:00,recovery_scenario,iperf_tcp,30,6,,ryu_controller,361493,29.9,60940288
2026-04-24T21:34:11.782802+00:00,recovery_scenario,iperf_tcp,30,6,,twin_core,361501,0.0,68018176
2026-04-24T21:34:11.782802+00:00,recovery_scenario,iperf_tcp,30,6,,ryu_controller,361493,49.2,60940288
2026-04-24T21:34:11.883292+00:00,recovery_scenario,iperf_tcp,30,6,,twin_core,361501,10.0,68018176
2026-04-24T21:34:11.883292+00:00,recovery_scenario,iperf_tcp,30,6,,ryu_controller,361493,10.0,60940288
2026-04-24T21:34:11.983793+00:00,recovery_scenario,iperf_tcp,30,6,,twin_core,361501,0.0,68018176
2026-04-24T21:34:11.983793+00:00,recovery_scenario,iperf_tcp,30,6,,ryu_controller,361493,19.9,60940288
2026-04-24T21:34:12.084223+00:00,recovery_scenario,iperf_tcp,30,6,,twin_core,361501,0.0,68018176
2026-04-24T21:34:12.084223+00:00,recovery_scenario,iperf_tcp,30,6,,ryu_controller,361493,10.0,60940288
2026-04-24T21:34:12.184603+00:00,recovery_scenario,iperf_tcp,30,6,,twin_core,361501,10.0,68018176
2026-04-24T21:34:12.184603+00:00,recovery_scenario,iperf_tcp,30,6,,ryu_controller,361493,10.0,60940288
2026-04-24T21:34:12.285070+00:00,recovery_scenario,iperf_tcp,30,6,,twin_core,361501,0.0,68018176
2026-04-24T21:34:12.285070+00:00,recovery_scenario,iperf_tcp,30,6,,ryu_controller,361493,10.0,60940288
2026-04-24T21:34:12.385491+00:00,recovery_scenario,iperf_tcp,30,6,,twin_core,361501,0.0,68018176
2026-04-24T21:34:12.385491+00:00,recovery_scenario,iperf_tcp,30,6,,ryu_controller,361493,10.0,60940288
2026-04-24T21:34:12.486022+00:00,recovery_scenario,iperf_tcp,30,6,,twin_core,361501,0.0,68018176
2026-04-24T21:34:12.486022+00:00,recovery_scenario,iperf_tcp,30,6,,ryu_controller,361493,10.0,60940288
2026-04-24T21:34:12.586392+00:00,recovery_scenario,iperf_tcp,30,6,,twin_core,361501,0.0,68018176
2026-04-24T21:34:12.586392+00:00,recovery_scenario,iperf_tcp,30,6,,ryu_controller,361493,29.9,60940288
2026-04-24T21:34:12.686757+00:00,recovery_scenario,iperf_tcp,30,6,,twin_core,361501,0.0,68018176
2026-04-24T21:34:12.686757+00:00,recovery_scenario,iperf_tcp,30,6,,ryu_controller,361493,10.0,60940288
2026-04-24T21:34:12.787179+00:00,recovery_scenario,iperf_tcp,30,6,,twin_core,361501,0.0,68018176
2026-04-24T21:34:12.787179+00:00,recovery_scenario,iperf_tcp,30,6,,ryu_controller,361493,10.0,60940288
2026-04-24T21:34:12.890386+00:00,recovery_scenario,iperf_tcp,30,6,,twin_core,361501,0.0,68018176
2026-04-24T21:34:12.890386+00:00,recovery_scenario,iperf_tcp,30,6,,ryu_controller,361493,0.0,60940288
2026-04-24T21:34:12.953313+00:00,recovery_scenario,iperf_tcp,30,6,pingall_completed,,,,
2026-04-24T21:34:12.991633+00:00,recovery_scenario,iperf_tcp,30,6,,twin_core,361501,0.0,68018176
2026-04-24T21:34:12.991633+00:00,recovery_scenario,iperf_tcp,30,6,,ryu_controller,361493,0.0,60940288
2026-04-24T21:34:13.092148+00:00,recovery_scenario,iperf_tcp,30,6,,twin_core,361501,0.0,68018176
2026-04-24T21:34:13.092148+00:00,recovery_scenario,iperf_tcp,30,6,,ryu_controller,361493,0.0,60940288
2026-04-24T21:34:13.192578+00:00,recovery_scenario,iperf_tcp,30,6,,twin_core,361501,0.0,68018176
2026-04-24T21:34:13.192578+00:00,recovery_scenario,iperf_tcp,30,6,,ryu_controller,361493,9.9,60940288
2026-04-24T21:34:13.293077+00:00,recovery_scenario,iperf_tcp,30,6,,twin_core,361501,0.0,68018176
2026-04-24T21:34:13.293077+00:00,recovery_scenario,iperf_tcp,30,6,,ryu_controller,361493,0.0,60940288
2026-04-24T21:34:13.393565+00:00,recovery_scenario,iperf_tcp,30,6,,twin_core,361501,0.0,68018176
2026-04-24T21:34:13.393565+00:00,recovery_scenario,iperf_tcp,30,6,,ryu_controller,361493,0.0,60940288
2026-04-24T21:34:13.494157+00:00,recovery_scenario,iperf_tcp,30,6,,twin_core,361501,9.9,68018176
2026-04-24T21:34:13.494157+00:00,recovery_scenario,iperf_tcp,30,6,,ryu_controller,361493,49.8,60940288
2026-04-24T21:34:13.594555+00:00,recovery_scenario,iperf_tcp,30,6,,twin_core,361501,10.0,68018176
2026-04-24T21:34:13.594555+00:00,recovery_scenario,iperf_tcp,30,6,,ryu_controller,361493,29.8,61059072
2026-04-24T21:34:13.695183+00:00,recovery_scenario,iperf_tcp,30,6,,twin_core,361501,0.0,68018176
2026-04-24T21:34:13.695183+00:00,recovery_scenario,iperf_tcp,30,6,,ryu_controller,361493,0.0,61059072
2026-04-24T21:34:13.795770+00:00,recovery_scenario,iperf_tcp,30,6,,twin_core,361501,0.0,68018176
2026-04-24T21:34:13.795770+00:00,recovery_scenario,iperf_tcp,30,6,,ryu_controller,361493,59.7,61063168
2026-04-24T21:34:13.896798+00:00,recovery_scenario,iperf_tcp,30,6,,twin_core,361501,0.0,68018176
2026-04-24T21:34:13.896798+00:00,recovery_scenario,iperf_tcp,30,6,,ryu_controller,361493,89.1,61063168
2026-04-24T21:34:13.998528+00:00,recovery_scenario,iperf_tcp,30,6,,twin_core,361501,0.0,68018176
2026-04-24T21:34:13.998528+00:00,recovery_scenario,iperf_tcp,30,6,,ryu_controller,361493,0.0,61063168
2026-04-24T21:34:14.099118+00:00,recovery_scenario,iperf_tcp,30,6,,twin_core,361501,0.0,68018176
2026-04-24T21:34:14.099118+00:00,recovery_scenario,iperf_tcp,30,6,,ryu_controller,361493,0.0,61063168
2026-04-24T21:34:14.199606+00:00,recovery_scenario,iperf_tcp,30,6,,twin_core,361501,0.0,68018176
2026-04-24T21:34:14.199606+00:00,recovery_scenario,iperf_tcp,30,6,,ryu_controller,361493,0.0,61063168
2026-04-24T21:34:14.300096+00:00,recovery_scenario,iperf_tcp,30,6,,twin_core,361501,10.0,68018176
2026-04-24T21:34:14.300096+00:00,recovery_scenario,iperf_tcp,30,6,,ryu_controller,361493,0.0,61063168
2026-04-24T21:34:14.401055+00:00,recovery_scenario,iperf_tcp,30,6,,twin_core,361501,0.0,68018176
2026-04-24T21:34:14.401055+00:00,recovery_scenario,iperf_tcp,30,6,,ryu_controller,361493,0.0,61063168
2026-04-24T21:34:14.504889+00:00,recovery_scenario,iperf_tcp,30,6,,twin_core,361501,0.0,68018176
2026-04-24T21:34:14.504889+00:00,recovery_scenario,iperf_tcp,30,6,,ryu_controller,361493,0.0,61063168
2026-04-24T21:34:14.609464+00:00,recovery_scenario,iperf_tcp,30,6,,twin_core,361501,0.0,68018176
2026-04-24T21:34:14.609464+00:00,recovery_scenario,iperf_tcp,30,6,,ryu_controller,361493,9.5,61063168
2026-04-24T21:34:14.710406+00:00,recovery_scenario,iperf_tcp,30,6,,twin_core,361501,0.0,68018176
2026-04-24T21:34:14.710406+00:00,recovery_scenario,iperf_tcp,30,6,,ryu_controller,361493,0.0,61063168
2026-04-24T21:34:14.813953+00:00,recovery_scenario,iperf_tcp,30,6,,twin_core,361501,0.0,68018176
2026-04-24T21:34:14.813953+00:00,recovery_scenario,iperf_tcp,30,6,,ryu_controller,361493,0.0,61063168
2026-04-24T21:34:14.915880+00:00,recovery_scenario,iperf_tcp,30,6,,twin_core,361501,0.0,68018176
2026-04-24T21:34:14.915880+00:00,recovery_scenario,iperf_tcp,30,6,,ryu_controller,361493,0.0,61063168
2026-04-24T21:34:14.970252+00:00,recovery_scenario,iperf_tcp,30,6,background_traffic_started,,,,
2026-04-24T21:34:15.016987+00:00,recovery_scenario,iperf_tcp,30,6,,twin_core,361501,9.9,68018176
2026-04-24T21:34:15.016987+00:00,recovery_scenario,iperf_tcp,30,6,,ryu_controller,361493,19.5,61063168
2026-04-24T21:34:15.119202+00:00,recovery_scenario,iperf_tcp,30,6,,twin_core,361501,0.0,68018176
2026-04-24T21:34:15.119202+00:00,recovery_scenario,iperf_tcp,30,6,,ryu_controller,361493,39.5,61063168
2026-04-24T21:34:15.172441+00:00,recovery_scenario,iperf_tcp,30,6,fault_injected,,,,
2026-04-24T21:34:15.221515+00:00,recovery_scenario,iperf_tcp,30,6,,twin_core,361501,0.0,68022272
2026-04-24T21:34:15.221515+00:00,recovery_scenario,iperf_tcp,30,6,,ryu_controller,361493,39.1,61067264
2026-04-24T21:34:15.323859+00:00,recovery_scenario,iperf_tcp,30,6,,twin_core,361501,0.0,68022272
2026-04-24T21:34:15.323859+00:00,recovery_scenario,iperf_tcp,30,6,,ryu_controller,361493,49.2,61067264
2026-04-24T21:34:15.424568+00:00,recovery_scenario,iperf_tcp,30,6,,twin_core,361501,0.0,68022272
2026-04-24T21:34:15.424568+00:00,recovery_scenario,iperf_tcp,30,6,,ryu_controller,361493,39.7,61067264
2026-04-24T21:34:15.526862+00:00,recovery_scenario,iperf_tcp,30,6,,twin_core,361501,0.0,68022272
2026-04-24T21:34:15.526862+00:00,recovery_scenario,iperf_tcp,30,6,,ryu_controller,361493,39.1,61067264
2026-04-24T21:34:15.627236+00:00,recovery_scenario,iperf_tcp,30,6,,twin_core,361501,10.0,68022272
2026-04-24T21:34:15.627236+00:00,recovery_scenario,iperf_tcp,30,6,,ryu_controller,361493,79.7,61067264
2026-04-24T21:34:15.727622+00:00,recovery_scenario,iperf_tcp,30,6,,twin_core,361501,0.0,68022272
2026-04-24T21:34:15.727622+00:00,recovery_scenario,iperf_tcp,30,6,,ryu_controller,361493,79.6,61067264
2026-04-24T21:34:15.828432+00:00,recovery_scenario,iperf_tcp,30,6,,twin_core,361501,0.0,68022272
2026-04-24T21:34:15.828432+00:00,recovery_scenario,iperf_tcp,30,6,,ryu_controller,361493,79.4,61067264
2026-04-24T21:34:15.929641+00:00,recovery_scenario,iperf_tcp,30,6,,twin_core,361501,0.0,68022272
2026-04-24T21:34:15.929641+00:00,recovery_scenario,iperf_tcp,30,6,,ryu_controller,361493,59.1,61067264
2026-04-24T21:34:16.033780+00:00,recovery_scenario,iperf_tcp,30,6,,twin_core,361501,0.0,68022272
2026-04-24T21:34:16.033780+00:00,recovery_scenario,iperf_tcp,30,6,,ryu_controller,361493,67.4,61067264
2026-04-24T21:34:16.134151+00:00,recovery_scenario,iperf_tcp,30,6,,twin_core,361501,0.0,68022272
2026-04-24T21:34:16.134151+00:00,recovery_scenario,iperf_tcp,30,6,,ryu_controller,361493,69.6,61067264
2026-04-24T21:34:16.234750+00:00,recovery_scenario,iperf_tcp,30,6,,twin_core,361501,0.0,68022272
2026-04-24T21:34:16.234750+00:00,recovery_scenario,iperf_tcp,30,6,,ryu_controller,361493,69.7,61067264
2026-04-24T21:34:16.335239+00:00,recovery_scenario,iperf_tcp,30,6,,twin_core,361501,0.0,68022272
2026-04-24T21:34:16.335239+00:00,recovery_scenario,iperf_tcp,30,6,,ryu_controller,361493,39.8,61067264
2026-04-24T21:34:16.437007+00:00,recovery_scenario,iperf_tcp,30,6,,twin_core,361501,0.0,68022272
2026-04-24T21:34:16.437007+00:00,recovery_scenario,iperf_tcp,30,6,,ryu_controller,361493,78.6,61067264
2026-04-24T21:34:16.539021+00:00,recovery_scenario,iperf_tcp,30,6,,twin_core,361501,0.0,68022272
2026-04-24T21:34:16.539021+00:00,recovery_scenario,iperf_tcp,30,6,,ryu_controller,361493,58.8,61067264
2026-04-24T21:34:16.639397+00:00,recovery_scenario,iperf_tcp,30,6,,twin_core,361501,0.0,68022272
2026-04-24T21:34:16.639397+00:00,recovery_scenario,iperf_tcp,30,6,,ryu_controller,361493,59.8,61067264
2026-04-24T21:34:16.739838+00:00,recovery_scenario,iperf_tcp,30,6,,twin_core,361501,0.0,68022272
2026-04-24T21:34:16.739838+00:00,recovery_scenario,iperf_tcp,30,6,,ryu_controller,361493,69.7,61067264
2026-04-24T21:34:16.840229+00:00,recovery_scenario,iperf_tcp,30,6,,twin_core,361501,0.0,68022272
2026-04-24T21:34:16.840229+00:00,recovery_scenario,iperf_tcp,30,6,,ryu_controller,361493,59.8,61067264
2026-04-24T21:34:16.942019+00:00,recovery_scenario,iperf_tcp,30,6,,twin_core,361501,9.8,68022272
2026-04-24T21:34:16.942019+00:00,recovery_scenario,iperf_tcp,30,6,,ryu_controller,361493,68.8,61067264
2026-04-24T21:34:17.042382+00:00,recovery_scenario,iperf_tcp,30,6,,twin_core,361501,0.0,68022272
2026-04-24T21:34:17.042382+00:00,recovery_scenario,iperf_tcp,30,6,,ryu_controller,361493,69.7,61067264
2026-04-24T21:34:17.143771+00:00,recovery_scenario,iperf_tcp,30,6,,twin_core,361501,0.0,68022272
2026-04-24T21:34:17.143771+00:00,recovery_scenario,iperf_tcp,30,6,,ryu_controller,361493,49.3,61067264
2026-04-24T21:34:17.244160+00:00,recovery_scenario,iperf_tcp,30,6,,twin_core,361501,0.0,68022272
2026-04-24T21:34:17.244160+00:00,recovery_scenario,iperf_tcp,30,6,,ryu_controller,361493,39.8,61067264
2026-04-24T21:34:17.345987+00:00,recovery_scenario,iperf_tcp,30,6,,twin_core,361501,0.0,68022272
2026-04-24T21:34:17.345987+00:00,recovery_scenario,iperf_tcp,30,6,,ryu_controller,361493,58.9,61067264
2026-04-24T21:34:17.446779+00:00,recovery_scenario,iperf_tcp,30,6,,twin_core,361501,9.9,68022272
2026-04-24T21:34:17.446779+00:00,recovery_scenario,iperf_tcp,30,6,,ryu_controller,361493,58.8,61067264
2026-04-24T21:34:17.548344+00:00,recovery_scenario,iperf_tcp,30,6,,twin_core,361501,0.0,68022272
2026-04-24T21:34:17.548344+00:00,recovery_scenario,iperf_tcp,30,6,,ryu_controller,361493,77.9,61067264
2026-04-24T21:34:17.651094+00:00,recovery_scenario,iperf_tcp,30,6,,twin_core,361501,0.0,68022272
2026-04-24T21:34:17.651094+00:00,recovery_scenario,iperf_tcp,30,6,,ryu_controller,361493,69.5,61067264
2026-04-24T21:34:17.752927+00:00,recovery_scenario,iperf_tcp,30,6,,twin_core,361501,0.0,68022272
2026-04-24T21:34:17.752927+00:00,recovery_scenario,iperf_tcp,30,6,,ryu_controller,361493,68.4,61067264
2026-04-24T21:34:17.855221+00:00,recovery_scenario,iperf_tcp,30,6,,twin_core,361501,0.0,68022272
2026-04-24T21:34:17.855221+00:00,recovery_scenario,iperf_tcp,30,6,,ryu_controller,361493,78.5,61067264
2026-04-24T21:34:17.956879+00:00,recovery_scenario,iperf_tcp,30,6,,twin_core,361501,0.0,68022272
2026-04-24T21:34:17.956879+00:00,recovery_scenario,iperf_tcp,30,6,,ryu_controller,361493,79.0,61067264
2026-04-24T21:34:18.057951+00:00,recovery_scenario,iperf_tcp,30,6,,twin_core,361501,0.0,68022272
2026-04-24T21:34:18.057951+00:00,recovery_scenario,iperf_tcp,30,6,,ryu_controller,361493,59.4,61067264
2026-04-24T21:34:18.158876+00:00,recovery_scenario,iperf_tcp,30,6,,twin_core,361501,0.0,68022272
2026-04-24T21:34:18.158876+00:00,recovery_scenario,iperf_tcp,30,6,,ryu_controller,361493,59.4,61067264
2026-04-24T21:34:18.261186+00:00,recovery_scenario,iperf_tcp,30,6,,twin_core,361501,0.0,68022272
2026-04-24T21:34:18.261186+00:00,recovery_scenario,iperf_tcp,30,6,,ryu_controller,361493,68.5,61067264
2026-04-24T21:34:18.361599+00:00,recovery_scenario,iperf_tcp,30,6,,twin_core,361501,10.0,68022272
2026-04-24T21:34:18.361599+00:00,recovery_scenario,iperf_tcp,30,6,,ryu_controller,361493,29.8,61067264
2026-04-24T21:34:18.463838+00:00,recovery_scenario,iperf_tcp,30,6,,twin_core,361501,0.0,68022272
2026-04-24T21:34:18.463838+00:00,recovery_scenario,iperf_tcp,30,6,,ryu_controller,361493,0.0,61067264
2026-04-24T21:34:18.564593+00:00,recovery_scenario,iperf_tcp,30,6,,twin_core,361501,0.0,68022272
2026-04-24T21:34:18.564593+00:00,recovery_scenario,iperf_tcp,30,6,,ryu_controller,361493,0.0,61067264
2026-04-24T21:34:18.666063+00:00,recovery_scenario,iperf_tcp,30,6,,twin_core,361501,0.0,68022272
2026-04-24T21:34:18.666063+00:00,recovery_scenario,iperf_tcp,30,6,,ryu_controller,361493,9.9,61067264
2026-04-24T21:34:18.766792+00:00,recovery_scenario,iperf_tcp,30,6,,twin_core,361501,0.0,68022272
2026-04-24T21:34:18.766792+00:00,recovery_scenario,iperf_tcp,30,6,,ryu_controller,361493,19.9,61067264
2026-04-24T21:34:18.867871+00:00,recovery_scenario,iperf_tcp,30,6,,twin_core,361501,9.9,68022272
2026-04-24T21:34:18.867871+00:00,recovery_scenario,iperf_tcp,30,6,,ryu_controller,361493,39.6,61067264
2026-04-24T21:34:18.909283+00:00,recovery_scenario,iperf_tcp,30,6,recovery_requested,,,,
2026-04-24T21:34:18.969110+00:00,recovery_scenario,iperf_tcp,30,6,,twin_core,361501,0.0,68022272
2026-04-24T21:34:18.969110+00:00,recovery_scenario,iperf_tcp,30,6,,ryu_controller,361493,29.6,61067264
2026-04-24T21:34:19.070375+00:00,recovery_scenario,iperf_tcp,30,6,,twin_core,361501,9.9,68022272
2026-04-24T21:34:19.070375+00:00,recovery_scenario,iperf_tcp,30,6,,ryu_controller,361493,9.8,61067264
2026-04-24T21:34:19.173810+00:00,recovery_scenario,iperf_tcp,30,6,,twin_core,361501,0.0,68022272
2026-04-24T21:34:19.173810+00:00,recovery_scenario,iperf_tcp,30,6,,ryu_controller,361493,19.4,61071360
2026-04-24T21:34:19.274274+00:00,recovery_scenario,iperf_tcp,30,6,,twin_core,361501,0.0,68022272
2026-04-24T21:34:19.274274+00:00,recovery_scenario,iperf_tcp,30,6,,ryu_controller,361493,59.7,61071360
2026-04-24T21:34:19.374675+00:00,recovery_scenario,iperf_tcp,30,6,,twin_core,361501,0.0,68022272
2026-04-24T21:34:19.374675+00:00,recovery_scenario,iperf_tcp,30,6,,ryu_controller,361493,59.7,61071360
2026-04-24T21:34:19.476852+00:00,recovery_scenario,iperf_tcp,30,6,,twin_core,361501,0.0,68022272
2026-04-24T21:34:19.476852+00:00,recovery_scenario,iperf_tcp,30,6,,ryu_controller,361493,78.4,61071360
2026-04-24T21:34:19.578870+00:00,recovery_scenario,iperf_tcp,30,6,,twin_core,361501,0.0,68022272
2026-04-24T21:34:19.578870+00:00,recovery_scenario,iperf_tcp,30,6,,ryu_controller,361493,78.4,61071360
2026-04-24T21:34:19.679271+00:00,recovery_scenario,iperf_tcp,30,6,,twin_core,361501,0.0,68022272
2026-04-24T21:34:19.679271+00:00,recovery_scenario,iperf_tcp,30,6,,ryu_controller,361493,89.6,61071360
2026-04-24T21:34:19.779826+00:00,recovery_scenario,iperf_tcp,30,6,,twin_core,361501,0.0,68022272
2026-04-24T21:34:19.779826+00:00,recovery_scenario,iperf_tcp,30,6,,ryu_controller,361493,99.5,61071360
2026-04-24T21:34:19.880243+00:00,recovery_scenario,iperf_tcp,30,6,,twin_core,361501,0.0,68022272
2026-04-24T21:34:19.880243+00:00,recovery_scenario,iperf_tcp,30,6,,ryu_controller,361493,79.7,61071360
2026-04-24T21:34:19.980633+00:00,recovery_scenario,iperf_tcp,30,6,,twin_core,361501,0.0,68022272
2026-04-24T21:34:19.980633+00:00,recovery_scenario,iperf_tcp,30,6,,ryu_controller,361493,99.5,61071360
2026-04-24T21:34:20.081167+00:00,recovery_scenario,iperf_tcp,30,6,,twin_core,361501,0.0,68022272
2026-04-24T21:34:20.081167+00:00,recovery_scenario,iperf_tcp,30,6,,ryu_controller,361493,99.6,61071360
2026-04-24T21:34:20.181595+00:00,recovery_scenario,iperf_tcp,30,6,,twin_core,361501,0.0,68022272
2026-04-24T21:34:20.181595+00:00,recovery_scenario,iperf_tcp,30,6,,ryu_controller,361493,99.5,61071360
2026-04-24T21:34:20.282005+00:00,recovery_scenario,iperf_tcp,30,6,,twin_core,361501,0.0,68022272
2026-04-24T21:34:20.282005+00:00,recovery_scenario,iperf_tcp,30,6,,ryu_controller,361493,99.7,61071360
2026-04-24T21:34:20.382351+00:00,recovery_scenario,iperf_tcp,30,6,,twin_core,361501,10.0,68022272
2026-04-24T21:34:20.382351+00:00,recovery_scenario,iperf_tcp,30,6,,ryu_controller,361493,99.5,61071360
2026-04-24T21:34:20.483018+00:00,recovery_scenario,iperf_tcp,30,6,,twin_core,361501,0.0,68022272
2026-04-24T21:34:20.483018+00:00,recovery_scenario,iperf_tcp,30,6,,ryu_controller,361493,99.4,61071360
2026-04-24T21:34:20.583685+00:00,recovery_scenario,iperf_tcp,30,6,,twin_core,361501,0.0,68022272
2026-04-24T21:34:20.583685+00:00,recovery_scenario,iperf_tcp,30,6,,ryu_controller,361493,99.0,61071360
2026-04-24T21:34:20.684387+00:00,recovery_scenario,iperf_tcp,30,6,,twin_core,361501,9.9,68022272
2026-04-24T21:34:20.684387+00:00,recovery_scenario,iperf_tcp,30,6,,ryu_controller,361493,99.6,61071360
2026-04-24T21:34:20.785337+00:00,recovery_scenario,iperf_tcp,30,6,,twin_core,361501,0.0,68022272
2026-04-24T21:34:20.785337+00:00,recovery_scenario,iperf_tcp,30,6,,ryu_controller,361493,99.0,61071360
2026-04-24T21:34:20.887961+00:00,recovery_scenario,iperf_tcp,30,6,,twin_core,361501,0.0,68022272
2026-04-24T21:34:20.887961+00:00,recovery_scenario,iperf_tcp,30,6,,ryu_controller,361493,107.0,61071360
2026-04-24T21:34:20.989141+00:00,recovery_scenario,iperf_tcp,30,6,,twin_core,361501,0.0,68022272
2026-04-24T21:34:20.989141+00:00,recovery_scenario,iperf_tcp,30,6,,ryu_controller,361493,89.2,61071360
2026-04-24T21:34:21.091800+00:00,recovery_scenario,iperf_tcp,30,6,,twin_core,361501,0.0,68022272
2026-04-24T21:34:21.091800+00:00,recovery_scenario,iperf_tcp,30,6,,ryu_controller,361493,107.2,61071360
2026-04-24T21:34:21.192189+00:00,recovery_scenario,iperf_tcp,30,6,,twin_core,361501,0.0,68022272
2026-04-24T21:34:21.192189+00:00,recovery_scenario,iperf_tcp,30,6,,ryu_controller,361493,89.7,61071360
2026-04-24T21:34:21.292536+00:00,recovery_scenario,iperf_tcp,30,6,,twin_core,361501,0.0,68022272
2026-04-24T21:34:21.292536+00:00,recovery_scenario,iperf_tcp,30,6,,ryu_controller,361493,89.6,61071360
2026-04-24T21:34:21.392974+00:00,recovery_scenario,iperf_tcp,30,6,,twin_core,361501,0.0,68022272
2026-04-24T21:34:21.392974+00:00,recovery_scenario,iperf_tcp,30,6,,ryu_controller,361493,99.6,61071360
2026-04-24T21:34:21.493322+00:00,recovery_scenario,iperf_tcp,30,6,,twin_core,361501,0.0,68022272
2026-04-24T21:34:21.493322+00:00,recovery_scenario,iperf_tcp,30,6,,ryu_controller,361493,89.7,61071360
2026-04-24T21:34:21.593692+00:00,recovery_scenario,iperf_tcp,30,6,,twin_core,361501,0.0,68022272
2026-04-24T21:34:21.593692+00:00,recovery_scenario,iperf_tcp,30,6,,ryu_controller,361493,79.7,61071360
2026-04-24T21:34:21.694067+00:00,recovery_scenario,iperf_tcp,30,6,,twin_core,361501,10.0,68022272
2026-04-24T21:34:21.694067+00:00,recovery_scenario,iperf_tcp,30,6,,ryu_controller,361493,29.9,61071360
2026-04-24T21:34:21.794444+00:00,recovery_scenario,iperf_tcp,30,6,,twin_core,361501,0.0,68022272
2026-04-24T21:34:21.794444+00:00,recovery_scenario,iperf_tcp,30,6,,ryu_controller,361493,10.0,61071360
2026-04-24T21:34:21.895313+00:00,recovery_scenario,iperf_tcp,30,6,,twin_core,361501,0.0,68022272
2026-04-24T21:34:21.895313+00:00,recovery_scenario,iperf_tcp,30,6,,ryu_controller,361493,0.0,61071360
2026-04-24T21:34:21.996685+00:00,recovery_scenario,iperf_tcp,30,6,,twin_core,361501,9.8,68022272
2026-04-24T21:34:21.996685+00:00,recovery_scenario,iperf_tcp,30,6,,ryu_controller,361493,49.4,61071360
2026-04-24T21:34:22.022635+00:00,recovery_scenario,iperf_tcp,30,6,scenario_teardown,,,,
2026-04-24T21:34:22.097873+00:00,recovery_scenario,iperf_tcp,30,6,,twin_core,361501,19.9,68022272
2026-04-24T21:34:22.097873+00:00,recovery_scenario,iperf_tcp,30,6,,ryu_controller,361493,29.9,61071360
2026-04-24T21:34:22.198477+00:00,recovery_scenario,iperf_tcp,30,6,,twin_core,361501,0.0,68022272
2026-04-24T21:34:22.198477+00:00,recovery_scenario,iperf_tcp,30,6,,ryu_controller,361493,9.9,61071360
2026-04-24T21:34:22.299065+00:00,recovery_scenario,iperf_tcp,30,6,,twin_core,361501,0.0,68022272
2026-04-24T21:34:22.299065+00:00,recovery_scenario,iperf_tcp,30,6,,ryu_controller,361493,10.0,61071360
2026-04-24T21:34:22.399434+00:00,recovery_scenario,iperf_tcp,30,6,,twin_core,361501,0.0,68022272
2026-04-24T21:34:22.399434+00:00,recovery_scenario,iperf_tcp,30,6,,ryu_controller,361493,10.0,61071360
2026-04-24T21:34:22.879327+00:00,recovery_scenario,iperf_tcp,30,7,,twin_core,361501,0.0,68022272
2026-04-24T21:34:22.879327+00:00,recovery_scenario,iperf_tcp,30,7,,ryu_controller,361493,0.0,61071360
2026-04-24T21:34:22.981032+00:00,recovery_scenario,iperf_tcp,30,7,,twin_core,361501,9.8,68022272
2026-04-24T21:34:22.981032+00:00,recovery_scenario,iperf_tcp,30,7,,ryu_controller,361493,39.9,61071360
2026-04-24T21:34:23.081508+00:00,recovery_scenario,iperf_tcp,30,7,,twin_core,361501,10.0,68022272
2026-04-24T21:34:23.081508+00:00,recovery_scenario,iperf_tcp,30,7,,ryu_controller,361493,9.9,61071360
2026-04-24T21:34:23.130106+00:00,recovery_scenario,iperf_tcp,30,7,service_started,,,,
2026-04-24T21:34:23.182165+00:00,recovery_scenario,iperf_tcp,30,7,,twin_core,361501,19.9,68022272
2026-04-24T21:34:23.182165+00:00,recovery_scenario,iperf_tcp,30,7,,ryu_controller,361493,49.8,61071360
2026-04-24T21:34:23.284943+00:00,recovery_scenario,iperf_tcp,30,7,,twin_core,361501,0.0,68022272
2026-04-24T21:34:23.284943+00:00,recovery_scenario,iperf_tcp,30,7,,ryu_controller,361493,19.4,61071360
2026-04-24T21:34:23.385530+00:00,recovery_scenario,iperf_tcp,30,7,,twin_core,361501,0.0,68022272
2026-04-24T21:34:23.385530+00:00,recovery_scenario,iperf_tcp,30,7,,ryu_controller,361493,9.9,61071360
2026-04-24T21:34:23.486466+00:00,recovery_scenario,iperf_tcp,30,7,,twin_core,361501,0.0,68022272
2026-04-24T21:34:23.486466+00:00,recovery_scenario,iperf_tcp,30,7,,ryu_controller,361493,9.9,61071360
2026-04-24T21:34:23.586970+00:00,recovery_scenario,iperf_tcp,30,7,,twin_core,361501,10.0,68022272
2026-04-24T21:34:23.586970+00:00,recovery_scenario,iperf_tcp,30,7,,ryu_controller,361493,10.0,61071360
2026-04-24T21:34:23.687381+00:00,recovery_scenario,iperf_tcp,30,7,,twin_core,361501,0.0,68022272
2026-04-24T21:34:23.687381+00:00,recovery_scenario,iperf_tcp,30,7,,ryu_controller,361493,59.8,61071360
2026-04-24T21:34:23.788192+00:00,recovery_scenario,iperf_tcp,30,7,,twin_core,361501,0.0,68022272
2026-04-24T21:34:23.788192+00:00,recovery_scenario,iperf_tcp,30,7,,ryu_controller,361493,29.7,61071360
2026-04-24T21:34:23.888986+00:00,recovery_scenario,iperf_tcp,30,7,,twin_core,361501,0.0,68022272
2026-04-24T21:34:23.888986+00:00,recovery_scenario,iperf_tcp,30,7,,ryu_controller,361493,9.9,61071360
2026-04-24T21:34:23.989675+00:00,recovery_scenario,iperf_tcp,30,7,,twin_core,361501,0.0,68022272
2026-04-24T21:34:23.989675+00:00,recovery_scenario,iperf_tcp,30,7,,ryu_controller,361493,19.9,61071360
2026-04-24T21:34:24.091664+00:00,recovery_scenario,iperf_tcp,30,7,,twin_core,361501,0.0,68022272
2026-04-24T21:34:24.091664+00:00,recovery_scenario,iperf_tcp,30,7,,ryu_controller,361493,19.6,61071360
2026-04-24T21:34:24.192151+00:00,recovery_scenario,iperf_tcp,30,7,,twin_core,361501,0.0,68022272
2026-04-24T21:34:24.192151+00:00,recovery_scenario,iperf_tcp,30,7,,ryu_controller,361493,10.0,61071360
2026-04-24T21:34:24.292610+00:00,recovery_scenario,iperf_tcp,30,7,,twin_core,361501,0.0,68022272
2026-04-24T21:34:24.292610+00:00,recovery_scenario,iperf_tcp,30,7,,ryu_controller,361493,29.8,61071360
2026-04-24T21:34:24.393097+00:00,recovery_scenario,iperf_tcp,30,7,,twin_core,361501,0.0,68022272
2026-04-24T21:34:24.393097+00:00,recovery_scenario,iperf_tcp,30,7,,ryu_controller,361493,19.9,61071360
2026-04-24T21:34:24.494397+00:00,recovery_scenario,iperf_tcp,30,7,,twin_core,361501,0.0,68022272
2026-04-24T21:34:24.494397+00:00,recovery_scenario,iperf_tcp,30,7,,ryu_controller,361493,19.7,61071360
2026-04-24T21:34:24.595287+00:00,recovery_scenario,iperf_tcp,30,7,,twin_core,361501,0.0,68022272
2026-04-24T21:34:24.595287+00:00,recovery_scenario,iperf_tcp,30,7,,ryu_controller,361493,0.0,61071360
2026-04-24T21:34:24.696022+00:00,recovery_scenario,iperf_tcp,30,7,,twin_core,361501,0.0,68022272
2026-04-24T21:34:24.696022+00:00,recovery_scenario,iperf_tcp,30,7,,ryu_controller,361493,29.9,61071360
2026-04-24T21:34:24.796437+00:00,recovery_scenario,iperf_tcp,30,7,,twin_core,361501,0.0,68022272
2026-04-24T21:34:24.796437+00:00,recovery_scenario,iperf_tcp,30,7,,ryu_controller,361493,19.9,61071360
2026-04-24T21:34:24.896917+00:00,recovery_scenario,iperf_tcp,30,7,,twin_core,361501,0.0,68022272
2026-04-24T21:34:24.896917+00:00,recovery_scenario,iperf_tcp,30,7,,ryu_controller,361493,19.9,61071360
2026-04-24T21:34:24.998032+00:00,recovery_scenario,iperf_tcp,30,7,,twin_core,361501,0.0,68022272
2026-04-24T21:34:24.998032+00:00,recovery_scenario,iperf_tcp,30,7,,ryu_controller,361493,0.0,61071360
2026-04-24T21:34:25.103251+00:00,recovery_scenario,iperf_tcp,30,7,,twin_core,361501,0.0,68022272
2026-04-24T21:34:25.103251+00:00,recovery_scenario,iperf_tcp,30,7,,ryu_controller,361493,9.5,61071360
2026-04-24T21:34:25.203771+00:00,recovery_scenario,iperf_tcp,30,7,,twin_core,361501,10.0,68022272
2026-04-24T21:34:25.203771+00:00,recovery_scenario,iperf_tcp,30,7,,ryu_controller,361493,10.0,61071360
2026-04-24T21:34:25.304151+00:00,recovery_scenario,iperf_tcp,30,7,,twin_core,361501,0.0,68022272
2026-04-24T21:34:25.304151+00:00,recovery_scenario,iperf_tcp,30,7,,ryu_controller,361493,49.8,61071360
2026-04-24T21:34:25.404599+00:00,recovery_scenario,iperf_tcp,30,7,,twin_core,361501,0.0,68022272
2026-04-24T21:34:25.404599+00:00,recovery_scenario,iperf_tcp,30,7,,ryu_controller,361493,19.9,61071360
2026-04-24T21:34:25.505742+00:00,recovery_scenario,iperf_tcp,30,7,,twin_core,361501,0.0,68022272
2026-04-24T21:34:25.505742+00:00,recovery_scenario,iperf_tcp,30,7,,ryu_controller,361493,9.9,61071360
2026-04-24T21:34:25.606156+00:00,recovery_scenario,iperf_tcp,30,7,,twin_core,361501,0.0,68022272
2026-04-24T21:34:25.606156+00:00,recovery_scenario,iperf_tcp,30,7,,ryu_controller,361493,19.9,61071360
2026-04-24T21:34:25.706612+00:00,recovery_scenario,iperf_tcp,30,7,,twin_core,361501,0.0,68022272
2026-04-24T21:34:25.706612+00:00,recovery_scenario,iperf_tcp,30,7,,ryu_controller,361493,19.9,61071360
2026-04-24T21:34:25.807120+00:00,recovery_scenario,iperf_tcp,30,7,,twin_core,361501,9.9,68022272
2026-04-24T21:34:25.807120+00:00,recovery_scenario,iperf_tcp,30,7,,ryu_controller,361493,39.8,61071360
2026-04-24T21:34:25.907603+00:00,recovery_scenario,iperf_tcp,30,7,,twin_core,361501,0.0,68022272
2026-04-24T21:34:25.907603+00:00,recovery_scenario,iperf_tcp,30,7,,ryu_controller,361493,9.9,61071360
2026-04-24T21:34:26.008136+00:00,recovery_scenario,iperf_tcp,30,7,,twin_core,361501,0.0,68022272
2026-04-24T21:34:26.008136+00:00,recovery_scenario,iperf_tcp,30,7,,ryu_controller,361493,10.0,61071360
2026-04-24T21:34:26.108555+00:00,recovery_scenario,iperf_tcp,30,7,,twin_core,361501,0.0,68022272
2026-04-24T21:34:26.108555+00:00,recovery_scenario,iperf_tcp,30,7,,ryu_controller,361493,9.9,61071360
2026-04-24T21:34:26.209096+00:00,recovery_scenario,iperf_tcp,30,7,,twin_core,361501,0.0,68022272
2026-04-24T21:34:26.209096+00:00,recovery_scenario,iperf_tcp,30,7,,ryu_controller,361493,19.9,61071360
2026-04-24T21:34:26.311981+00:00,recovery_scenario,iperf_tcp,30,7,,twin_core,361501,0.0,68022272
2026-04-24T21:34:26.311981+00:00,recovery_scenario,iperf_tcp,30,7,,ryu_controller,361493,9.7,61071360
2026-04-24T21:34:26.412571+00:00,recovery_scenario,iperf_tcp,30,7,,twin_core,361501,0.0,68022272
2026-04-24T21:34:26.412571+00:00,recovery_scenario,iperf_tcp,30,7,,ryu_controller,361493,0.0,61071360
2026-04-24T21:34:26.513069+00:00,recovery_scenario,iperf_tcp,30,7,,twin_core,361501,0.0,68022272
2026-04-24T21:34:26.513069+00:00,recovery_scenario,iperf_tcp,30,7,,ryu_controller,361493,19.9,61071360
2026-04-24T21:34:26.613476+00:00,recovery_scenario,iperf_tcp,30,7,,twin_core,361501,0.0,68022272
2026-04-24T21:34:26.613476+00:00,recovery_scenario,iperf_tcp,30,7,,ryu_controller,361493,10.0,61071360
2026-04-24T21:34:26.714088+00:00,recovery_scenario,iperf_tcp,30,7,,twin_core,361501,0.0,68022272
2026-04-24T21:34:26.714088+00:00,recovery_scenario,iperf_tcp,30,7,,ryu_controller,361493,0.0,61071360
2026-04-24T21:34:26.815097+00:00,recovery_scenario,iperf_tcp,30,7,,twin_core,361501,0.0,68022272
2026-04-24T21:34:26.815097+00:00,recovery_scenario,iperf_tcp,30,7,,ryu_controller,361493,9.9,61071360
2026-04-24T21:34:26.915598+00:00,recovery_scenario,iperf_tcp,30,7,,twin_core,361501,10.0,68022272
2026-04-24T21:34:26.915598+00:00,recovery_scenario,iperf_tcp,30,7,,ryu_controller,361493,0.0,61071360
2026-04-24T21:34:27.016052+00:00,recovery_scenario,iperf_tcp,30,7,,twin_core,361501,0.0,68022272
2026-04-24T21:34:27.016052+00:00,recovery_scenario,iperf_tcp,30,7,,ryu_controller,361493,19.9,61071360
2026-04-24T21:34:27.116440+00:00,recovery_scenario,iperf_tcp,30,7,,twin_core,361501,0.0,68022272
2026-04-24T21:34:27.116440+00:00,recovery_scenario,iperf_tcp,30,7,,ryu_controller,361493,9.9,61071360
2026-04-24T21:34:27.219768+00:00,recovery_scenario,iperf_tcp,30,7,,twin_core,361501,0.0,68022272
2026-04-24T21:34:27.219768+00:00,recovery_scenario,iperf_tcp,30,7,,ryu_controller,361493,9.7,61071360
2026-04-24T21:34:27.320211+00:00,recovery_scenario,iperf_tcp,30,7,,twin_core,361501,10.0,68022272
2026-04-24T21:34:27.320211+00:00,recovery_scenario,iperf_tcp,30,7,,ryu_controller,361493,69.8,61071360
2026-04-24T21:34:27.420553+00:00,recovery_scenario,iperf_tcp,30,7,,twin_core,361501,0.0,68022272
2026-04-24T21:34:27.420553+00:00,recovery_scenario,iperf_tcp,30,7,,ryu_controller,361493,10.0,61071360
2026-04-24T21:34:27.521058+00:00,recovery_scenario,iperf_tcp,30,7,,twin_core,361501,0.0,68022272
2026-04-24T21:34:27.521058+00:00,recovery_scenario,iperf_tcp,30,7,,ryu_controller,361493,10.0,61071360
2026-04-24T21:34:27.622114+00:00,recovery_scenario,iperf_tcp,30,7,,twin_core,361501,0.0,68022272
2026-04-24T21:34:27.622114+00:00,recovery_scenario,iperf_tcp,30,7,,ryu_controller,361493,19.8,61071360
2026-04-24T21:34:27.725609+00:00,recovery_scenario,iperf_tcp,30,7,,twin_core,361501,0.0,68022272
2026-04-24T21:34:27.725609+00:00,recovery_scenario,iperf_tcp,30,7,,ryu_controller,361493,0.0,61071360
2026-04-24T21:34:27.826095+00:00,recovery_scenario,iperf_tcp,30,7,,twin_core,361501,0.0,68022272
2026-04-24T21:34:27.826095+00:00,recovery_scenario,iperf_tcp,30,7,,ryu_controller,361493,49.8,61071360
2026-04-24T21:34:27.926468+00:00,recovery_scenario,iperf_tcp,30,7,,twin_core,361501,0.0,68022272
2026-04-24T21:34:27.926468+00:00,recovery_scenario,iperf_tcp,30,7,,ryu_controller,361493,29.9,61071360
2026-04-24T21:34:28.028025+00:00,recovery_scenario,iperf_tcp,30,7,,twin_core,361501,9.8,68022272
2026-04-24T21:34:28.028025+00:00,recovery_scenario,iperf_tcp,30,7,,ryu_controller,361493,9.8,61071360
2026-04-24T21:34:28.129514+00:00,recovery_scenario,iperf_tcp,30,7,,twin_core,361501,0.0,68022272
2026-04-24T21:34:28.129514+00:00,recovery_scenario,iperf_tcp,30,7,,ryu_controller,361493,9.9,61071360
2026-04-24T21:34:28.230688+00:00,recovery_scenario,iperf_tcp,30,7,,twin_core,361501,0.0,68022272
2026-04-24T21:34:28.230688+00:00,recovery_scenario,iperf_tcp,30,7,,ryu_controller,361493,0.0,61071360
2026-04-24T21:34:28.331199+00:00,recovery_scenario,iperf_tcp,30,7,,twin_core,361501,0.0,68022272
2026-04-24T21:34:28.331199+00:00,recovery_scenario,iperf_tcp,30,7,,ryu_controller,361493,10.0,61071360
2026-04-24T21:34:28.433172+00:00,recovery_scenario,iperf_tcp,30,7,,twin_core,361501,0.0,68022272
2026-04-24T21:34:28.433172+00:00,recovery_scenario,iperf_tcp,30,7,,ryu_controller,361493,9.8,61071360
2026-04-24T21:34:28.533605+00:00,recovery_scenario,iperf_tcp,30,7,,twin_core,361501,0.0,68022272
2026-04-24T21:34:28.533605+00:00,recovery_scenario,iperf_tcp,30,7,,ryu_controller,361493,39.8,61071360
2026-04-24T21:34:28.635361+00:00,recovery_scenario,iperf_tcp,30,7,,twin_core,361501,0.0,68022272
2026-04-24T21:34:28.635361+00:00,recovery_scenario,iperf_tcp,30,7,,ryu_controller,361493,0.0,61071360
2026-04-24T21:34:28.735881+00:00,recovery_scenario,iperf_tcp,30,7,,twin_core,361501,0.0,68022272
2026-04-24T21:34:28.735881+00:00,recovery_scenario,iperf_tcp,30,7,,ryu_controller,361493,0.0,61071360
2026-04-24T21:34:28.836319+00:00,recovery_scenario,iperf_tcp,30,7,,twin_core,361501,0.0,68022272
2026-04-24T21:34:28.836319+00:00,recovery_scenario,iperf_tcp,30,7,,ryu_controller,361493,10.0,61071360
2026-04-24T21:34:28.904229+00:00,recovery_scenario,iperf_tcp,30,7,pingall_completed,,,,
2026-04-24T21:34:28.936730+00:00,recovery_scenario,iperf_tcp,30,7,,twin_core,361501,10.0,68022272
2026-04-24T21:34:28.936730+00:00,recovery_scenario,iperf_tcp,30,7,,ryu_controller,361493,0.0,61071360
2026-04-24T21:34:29.041392+00:00,recovery_scenario,iperf_tcp,30,7,,twin_core,361501,0.0,68022272
2026-04-24T21:34:29.041392+00:00,recovery_scenario,iperf_tcp,30,7,,ryu_controller,361493,19.1,61071360
2026-04-24T21:34:29.141907+00:00,recovery_scenario,iperf_tcp,30,7,,twin_core,361501,9.9,68022272
2026-04-24T21:34:29.141907+00:00,recovery_scenario,iperf_tcp,30,7,,ryu_controller,361493,0.0,61071360
2026-04-24T21:34:29.242406+00:00,recovery_scenario,iperf_tcp,30,7,,twin_core,361501,0.0,68022272
2026-04-24T21:34:29.242406+00:00,recovery_scenario,iperf_tcp,30,7,,ryu_controller,361493,0.0,61071360
2026-04-24T21:34:29.342984+00:00,recovery_scenario,iperf_tcp,30,7,,twin_core,361501,0.0,68022272
2026-04-24T21:34:29.342984+00:00,recovery_scenario,iperf_tcp,30,7,,ryu_controller,361493,19.9,61071360
2026-04-24T21:34:29.443358+00:00,recovery_scenario,iperf_tcp,30,7,,twin_core,361501,10.0,68022272
2026-04-24T21:34:29.443358+00:00,recovery_scenario,iperf_tcp,30,7,,ryu_controller,361493,49.8,61071360
2026-04-24T21:34:29.544753+00:00,recovery_scenario,iperf_tcp,30,7,,twin_core,361501,0.0,68022272
2026-04-24T21:34:29.544753+00:00,recovery_scenario,iperf_tcp,30,7,,ryu_controller,361493,9.9,61071360
2026-04-24T21:34:29.649921+00:00,recovery_scenario,iperf_tcp,30,7,,twin_core,361501,0.0,68022272
2026-04-24T21:34:29.649921+00:00,recovery_scenario,iperf_tcp,30,7,,ryu_controller,361493,0.0,61071360
2026-04-24T21:34:29.755039+00:00,recovery_scenario,iperf_tcp,30,7,,twin_core,361501,0.0,68022272
2026-04-24T21:34:29.755039+00:00,recovery_scenario,iperf_tcp,30,7,,ryu_controller,361493,0.0,61071360
2026-04-24T21:34:29.855564+00:00,recovery_scenario,iperf_tcp,30,7,,twin_core,361501,0.0,68022272
2026-04-24T21:34:29.855564+00:00,recovery_scenario,iperf_tcp,30,7,,ryu_controller,361493,9.9,61071360
2026-04-24T21:34:29.956312+00:00,recovery_scenario,iperf_tcp,30,7,,twin_core,361501,0.0,68022272
2026-04-24T21:34:29.956312+00:00,recovery_scenario,iperf_tcp,30,7,,ryu_controller,361493,79.6,61100032
2026-04-24T21:34:30.056859+00:00,recovery_scenario,iperf_tcp,30,7,,twin_core,361501,0.0,68022272
2026-04-24T21:34:30.056859+00:00,recovery_scenario,iperf_tcp,30,7,,ryu_controller,361493,0.0,61100032
2026-04-24T21:34:30.157333+00:00,recovery_scenario,iperf_tcp,30,7,,twin_core,361501,0.0,68022272
2026-04-24T21:34:30.157333+00:00,recovery_scenario,iperf_tcp,30,7,,ryu_controller,361493,10.0,61100032
2026-04-24T21:34:30.257801+00:00,recovery_scenario,iperf_tcp,30,7,,twin_core,361501,0.0,68022272
2026-04-24T21:34:30.257801+00:00,recovery_scenario,iperf_tcp,30,7,,ryu_controller,361493,0.0,61100032
2026-04-24T21:34:30.359149+00:00,recovery_scenario,iperf_tcp,30,7,,twin_core,361501,0.0,68022272
2026-04-24T21:34:30.359149+00:00,recovery_scenario,iperf_tcp,30,7,,ryu_controller,361493,0.0,61100032
2026-04-24T21:34:30.460246+00:00,recovery_scenario,iperf_tcp,30,7,,twin_core,361501,0.0,68022272
2026-04-24T21:34:30.460246+00:00,recovery_scenario,iperf_tcp,30,7,,ryu_controller,361493,0.0,61100032
2026-04-24T21:34:30.560793+00:00,recovery_scenario,iperf_tcp,30,7,,twin_core,361501,0.0,68022272
2026-04-24T21:34:30.560793+00:00,recovery_scenario,iperf_tcp,30,7,,ryu_controller,361493,0.0,61100032
2026-04-24T21:34:30.663523+00:00,recovery_scenario,iperf_tcp,30,7,,twin_core,361501,0.0,68022272
2026-04-24T21:34:30.663523+00:00,recovery_scenario,iperf_tcp,30,7,,ryu_controller,361493,9.7,61100032
2026-04-24T21:34:30.766534+00:00,recovery_scenario,iperf_tcp,30,7,,twin_core,361501,0.0,68022272
2026-04-24T21:34:30.766534+00:00,recovery_scenario,iperf_tcp,30,7,,ryu_controller,361493,0.0,61100032
2026-04-24T21:34:30.868520+00:00,recovery_scenario,iperf_tcp,30,7,,twin_core,361501,0.0,68022272
2026-04-24T21:34:30.868520+00:00,recovery_scenario,iperf_tcp,30,7,,ryu_controller,361493,0.0,61100032
2026-04-24T21:34:30.916195+00:00,recovery_scenario,iperf_tcp,30,7,background_traffic_started,,,,
2026-04-24T21:34:30.971188+00:00,recovery_scenario,iperf_tcp,30,7,,twin_core,361501,9.7,68022272
2026-04-24T21:34:30.971188+00:00,recovery_scenario,iperf_tcp,30,7,,ryu_controller,361493,19.5,61100032
2026-04-24T21:34:31.071515+00:00,recovery_scenario,iperf_tcp,30,7,,twin_core,361501,0.0,68022272
2026-04-24T21:34:31.071515+00:00,recovery_scenario,iperf_tcp,30,7,,ryu_controller,361493,49.8,61100032
2026-04-24T21:34:31.149953+00:00,recovery_scenario,iperf_tcp,30,7,fault_injected,,,,
2026-04-24T21:34:31.172575+00:00,recovery_scenario,iperf_tcp,30,7,,twin_core,361501,9.9,68022272
2026-04-24T21:34:31.172575+00:00,recovery_scenario,iperf_tcp,30,7,,ryu_controller,361493,29.7,61100032
2026-04-24T21:34:31.273524+00:00,recovery_scenario,iperf_tcp,30,7,,twin_core,361501,0.0,68022272
2026-04-24T21:34:31.273524+00:00,recovery_scenario,iperf_tcp,30,7,,ryu_controller,361493,39.7,61100032
2026-04-24T21:34:31.374183+00:00,recovery_scenario,iperf_tcp,30,7,,twin_core,361501,0.0,68022272
2026-04-24T21:34:31.374183+00:00,recovery_scenario,iperf_tcp,30,7,,ryu_controller,361493,39.8,61100032
2026-04-24T21:34:31.474517+00:00,recovery_scenario,iperf_tcp,30,7,,twin_core,361501,0.0,68022272
2026-04-24T21:34:31.474517+00:00,recovery_scenario,iperf_tcp,30,7,,ryu_controller,361493,89.4,61100032
2026-04-24T21:34:31.575180+00:00,recovery_scenario,iperf_tcp,30,7,,twin_core,361501,0.0,68022272
2026-04-24T21:34:31.575180+00:00,recovery_scenario,iperf_tcp,30,7,,ryu_controller,361493,79.7,61100032
2026-04-24T21:34:31.676783+00:00,recovery_scenario,iperf_tcp,30,7,,twin_core,361501,0.0,68022272
2026-04-24T21:34:31.676783+00:00,recovery_scenario,iperf_tcp,30,7,,ryu_controller,361493,88.5,61100032
2026-04-24T21:34:31.778761+00:00,recovery_scenario,iperf_tcp,30,7,,twin_core,361501,19.6,68022272
2026-04-24T21:34:31.778761+00:00,recovery_scenario,iperf_tcp,30,7,,ryu_controller,361493,78.6,61100032
2026-04-24T21:34:31.879167+00:00,recovery_scenario,iperf_tcp,30,7,,twin_core,361501,0.0,68022272
2026-04-24T21:34:31.879167+00:00,recovery_scenario,iperf_tcp,30,7,,ryu_controller,361493,89.6,61100032
2026-04-24T21:34:31.980228+00:00,recovery_scenario,iperf_tcp,30,7,,twin_core,361501,0.0,68022272
2026-04-24T21:34:31.980228+00:00,recovery_scenario,iperf_tcp,30,7,,ryu_controller,361493,69.3,61104128
2026-04-24T21:34:32.080622+00:00,recovery_scenario,iperf_tcp,30,7,,twin_core,361501,0.0,68022272
2026-04-24T21:34:32.080622+00:00,recovery_scenario,iperf_tcp,30,7,,ryu_controller,361493,79.7,61108224
2026-04-24T21:34:32.181202+00:00,recovery_scenario,iperf_tcp,30,7,,twin_core,361501,0.0,68022272
2026-04-24T21:34:32.181202+00:00,recovery_scenario,iperf_tcp,30,7,,ryu_controller,361493,79.6,61108224
2026-04-24T21:34:32.282182+00:00,recovery_scenario,iperf_tcp,30,7,,twin_core,361501,0.0,68022272
2026-04-24T21:34:32.282182+00:00,recovery_scenario,iperf_tcp,30,7,,ryu_controller,361493,79.3,61108224
2026-04-24T21:34:32.384786+00:00,recovery_scenario,iperf_tcp,30,7,,twin_core,361501,0.0,68022272
2026-04-24T21:34:32.384786+00:00,recovery_scenario,iperf_tcp,30,7,,ryu_controller,361493,77.9,61108224
2026-04-24T21:34:32.485210+00:00,recovery_scenario,iperf_tcp,30,7,,twin_core,361501,0.0,68022272
2026-04-24T21:34:32.485210+00:00,recovery_scenario,iperf_tcp,30,7,,ryu_controller,361493,59.7,61108224
2026-04-24T21:34:32.585639+00:00,recovery_scenario,iperf_tcp,30,7,,twin_core,361501,0.0,68022272
2026-04-24T21:34:32.585639+00:00,recovery_scenario,iperf_tcp,30,7,,ryu_controller,361493,79.7,61108224
2026-04-24T21:34:32.686882+00:00,recovery_scenario,iperf_tcp,30,7,,twin_core,361501,0.0,68022272
2026-04-24T21:34:32.686882+00:00,recovery_scenario,iperf_tcp,30,7,,ryu_controller,361493,59.2,61108224
2026-04-24T21:34:32.787469+00:00,recovery_scenario,iperf_tcp,30,7,,twin_core,361501,0.0,68022272
2026-04-24T21:34:32.787469+00:00,recovery_scenario,iperf_tcp,30,7,,ryu_controller,361493,59.6,61108224
2026-04-24T21:34:32.888577+00:00,recovery_scenario,iperf_tcp,30,7,,twin_core,361501,0.0,68022272
2026-04-24T21:34:32.888577+00:00,recovery_scenario,iperf_tcp,30,7,,ryu_controller,361493,59.3,61108224
2026-04-24T21:34:32.990908+00:00,recovery_scenario,iperf_tcp,30,7,,twin_core,361501,0.0,68022272
2026-04-24T21:34:32.990908+00:00,recovery_scenario,iperf_tcp,30,7,,ryu_controller,361493,78.3,61108224
2026-04-24T21:34:33.091293+00:00,recovery_scenario,iperf_tcp,30,7,,twin_core,361501,0.0,68022272
2026-04-24T21:34:33.091293+00:00,recovery_scenario,iperf_tcp,30,7,,ryu_controller,361493,59.8,61108224
2026-04-24T21:34:33.191670+00:00,recovery_scenario,iperf_tcp,30,7,,twin_core,361501,0.0,68022272
2026-04-24T21:34:33.191670+00:00,recovery_scenario,iperf_tcp,30,7,,ryu_controller,361493,59.6,61108224
2026-04-24T21:34:33.293952+00:00,recovery_scenario,iperf_tcp,30,7,,twin_core,361501,0.0,68022272
2026-04-24T21:34:33.293952+00:00,recovery_scenario,iperf_tcp,30,7,,ryu_controller,361493,58.9,61108224
2026-04-24T21:34:33.394325+00:00,recovery_scenario,iperf_tcp,30,7,,twin_core,361501,0.0,68022272
2026-04-24T21:34:33.394325+00:00,recovery_scenario,iperf_tcp,30,7,,ryu_controller,361493,69.7,61108224
2026-04-24T21:34:33.496801+00:00,recovery_scenario,iperf_tcp,30,7,,twin_core,361501,0.0,68022272
2026-04-24T21:34:33.496801+00:00,recovery_scenario,iperf_tcp,30,7,,ryu_controller,361493,78.1,61108224
2026-04-24T21:34:33.597166+00:00,recovery_scenario,iperf_tcp,30,7,,twin_core,361501,0.0,68022272
2026-04-24T21:34:33.597166+00:00,recovery_scenario,iperf_tcp,30,7,,ryu_controller,361493,69.7,61108224
2026-04-24T21:34:33.697521+00:00,recovery_scenario,iperf_tcp,30,7,,twin_core,361501,10.0,68022272
2026-04-24T21:34:33.697521+00:00,recovery_scenario,iperf_tcp,30,7,,ryu_controller,361493,69.7,61108224
2026-04-24T21:34:33.798081+00:00,recovery_scenario,iperf_tcp,30,7,,twin_core,361501,0.0,68022272
2026-04-24T21:34:33.798081+00:00,recovery_scenario,iperf_tcp,30,7,,ryu_controller,361493,59.7,61108224
2026-04-24T21:34:33.898552+00:00,recovery_scenario,iperf_tcp,30,7,,twin_core,361501,0.0,68022272
2026-04-24T21:34:33.898552+00:00,recovery_scenario,iperf_tcp,30,7,,ryu_controller,361493,69.4,61108224
2026-04-24T21:34:34.001037+00:00,recovery_scenario,iperf_tcp,30,7,,twin_core,361501,0.0,68022272
2026-04-24T21:34:34.001037+00:00,recovery_scenario,iperf_tcp,30,7,,ryu_controller,361493,68.5,61108224
2026-04-24T21:34:34.101514+00:00,recovery_scenario,iperf_tcp,30,7,,twin_core,361501,0.0,68022272
2026-04-24T21:34:34.101514+00:00,recovery_scenario,iperf_tcp,30,7,,ryu_controller,361493,69.2,61108224
2026-04-24T21:34:34.203024+00:00,recovery_scenario,iperf_tcp,30,7,,twin_core,361501,0.0,68022272
2026-04-24T21:34:34.203024+00:00,recovery_scenario,iperf_tcp,30,7,,ryu_controller,361493,78.0,61108224
2026-04-24T21:34:34.305241+00:00,recovery_scenario,iperf_tcp,30,7,,twin_core,361501,0.0,68022272
2026-04-24T21:34:34.305241+00:00,recovery_scenario,iperf_tcp,30,7,,ryu_controller,361493,69.2,61108224
2026-04-24T21:34:34.406651+00:00,recovery_scenario,iperf_tcp,30,7,,twin_core,361501,0.0,68022272
2026-04-24T21:34:34.406651+00:00,recovery_scenario,iperf_tcp,30,7,,ryu_controller,361493,77.8,61108224
2026-04-24T21:34:34.509336+00:00,recovery_scenario,iperf_tcp,30,7,,twin_core,361501,0.0,68022272
2026-04-24T21:34:34.509336+00:00,recovery_scenario,iperf_tcp,30,7,,ryu_controller,361493,69.7,61108224
2026-04-24T21:34:34.610561+00:00,recovery_scenario,iperf_tcp,30,7,,twin_core,361501,0.0,68022272
2026-04-24T21:34:34.610561+00:00,recovery_scenario,iperf_tcp,30,7,,ryu_controller,361493,79.0,61108224
2026-04-24T21:34:34.711346+00:00,recovery_scenario,iperf_tcp,30,7,,twin_core,361501,0.0,68022272
2026-04-24T21:34:34.711346+00:00,recovery_scenario,iperf_tcp,30,7,,ryu_controller,361493,67.8,61108224
2026-04-24T21:34:34.816851+00:00,recovery_scenario,iperf_tcp,30,7,,twin_core,361501,0.0,68022272
2026-04-24T21:34:34.816851+00:00,recovery_scenario,iperf_tcp,30,7,,ryu_controller,361493,77.6,61108224
2026-04-24T21:34:34.917299+00:00,recovery_scenario,iperf_tcp,30,7,,twin_core,361501,10.0,68022272
2026-04-24T21:34:34.917299+00:00,recovery_scenario,iperf_tcp,30,7,,ryu_controller,361493,69.6,61108224
2026-04-24T21:34:35.017962+00:00,recovery_scenario,iperf_tcp,30,7,,twin_core,361501,0.0,68022272
2026-04-24T21:34:35.017962+00:00,recovery_scenario,iperf_tcp,30,7,,ryu_controller,361493,0.0,61108224
2026-04-24T21:34:35.118405+00:00,recovery_scenario,iperf_tcp,30,7,,twin_core,361501,0.0,68022272
2026-04-24T21:34:35.118405+00:00,recovery_scenario,iperf_tcp,30,7,,ryu_controller,361493,10.0,61108224
2026-04-24T21:34:35.218928+00:00,recovery_scenario,iperf_tcp,30,7,,twin_core,361501,0.0,68022272
2026-04-24T21:34:35.218928+00:00,recovery_scenario,iperf_tcp,30,7,,ryu_controller,361493,29.9,61108224
2026-04-24T21:34:35.324218+00:00,recovery_scenario,iperf_tcp,30,7,,twin_core,361501,9.5,68022272
2026-04-24T21:34:35.324218+00:00,recovery_scenario,iperf_tcp,30,7,,ryu_controller,361493,28.5,61108224
2026-04-24T21:34:35.424799+00:00,recovery_scenario,iperf_tcp,30,7,,twin_core,361501,0.0,68022272
2026-04-24T21:34:35.424799+00:00,recovery_scenario,iperf_tcp,30,7,,ryu_controller,361493,49.7,61108224
2026-04-24T21:34:35.472998+00:00,recovery_scenario,iperf_tcp,30,7,recovery_requested,,,,
2026-04-24T21:34:35.525245+00:00,recovery_scenario,iperf_tcp,30,7,,twin_core,361501,0.0,68022272
2026-04-24T21:34:35.525245+00:00,recovery_scenario,iperf_tcp,30,7,,ryu_controller,361493,29.8,61108224
2026-04-24T21:34:35.625898+00:00,recovery_scenario,iperf_tcp,30,7,,twin_core,361501,0.0,68022272
2026-04-24T21:34:35.625898+00:00,recovery_scenario,iperf_tcp,30,7,,ryu_controller,361493,19.9,61108224
2026-04-24T21:34:35.726317+00:00,recovery_scenario,iperf_tcp,30,7,,twin_core,361501,0.0,68022272
2026-04-24T21:34:35.726317+00:00,recovery_scenario,iperf_tcp,30,7,,ryu_controller,361493,29.9,61108224
2026-04-24T21:34:35.827571+00:00,recovery_scenario,iperf_tcp,30,7,,twin_core,361501,0.0,68022272
2026-04-24T21:34:35.827571+00:00,recovery_scenario,iperf_tcp,30,7,,ryu_controller,361493,49.3,61108224
2026-04-24T21:34:35.930524+00:00,recovery_scenario,iperf_tcp,30,7,,twin_core,361501,9.7,68022272
2026-04-24T21:34:35.930524+00:00,recovery_scenario,iperf_tcp,30,7,,ryu_controller,361493,38.6,61108224
2026-04-24T21:34:36.031753+00:00,recovery_scenario,iperf_tcp,30,7,,twin_core,361501,0.0,68022272
2026-04-24T21:34:36.031753+00:00,recovery_scenario,iperf_tcp,30,7,,ryu_controller,361493,59.7,61108224
2026-04-24T21:34:36.132130+00:00,recovery_scenario,iperf_tcp,30,7,,twin_core,361501,0.0,68022272
2026-04-24T21:34:36.132130+00:00,recovery_scenario,iperf_tcp,30,7,,ryu_controller,361493,69.6,61108224
2026-04-24T21:34:36.233103+00:00,recovery_scenario,iperf_tcp,30,7,,twin_core,361501,0.0,68022272
2026-04-24T21:34:36.233103+00:00,recovery_scenario,iperf_tcp,30,7,,ryu_controller,361493,78.9,61108224
2026-04-24T21:34:36.335768+00:00,recovery_scenario,iperf_tcp,30,7,,twin_core,361501,0.0,68022272
2026-04-24T21:34:36.335768+00:00,recovery_scenario,iperf_tcp,30,7,,ryu_controller,361493,78.4,61108224
2026-04-24T21:34:36.436230+00:00,recovery_scenario,iperf_tcp,30,7,,twin_core,361501,0.0,68022272
2026-04-24T21:34:36.436230+00:00,recovery_scenario,iperf_tcp,30,7,,ryu_controller,361493,79.7,61108224
2026-04-24T21:34:36.537942+00:00,recovery_scenario,iperf_tcp,30,7,,twin_core,361501,0.0,68022272
2026-04-24T21:34:36.537942+00:00,recovery_scenario,iperf_tcp,30,7,,ryu_controller,361493,68.8,61108224
2026-04-24T21:34:36.638355+00:00,recovery_scenario,iperf_tcp,30,7,,twin_core,361501,0.0,68022272
2026-04-24T21:34:36.638355+00:00,recovery_scenario,iperf_tcp,30,7,,ryu_controller,361493,67.3,61108224
2026-04-24T21:34:36.742439+00:00,recovery_scenario,iperf_tcp,30,7,,twin_core,361501,0.0,68022272
2026-04-24T21:34:36.742439+00:00,recovery_scenario,iperf_tcp,30,7,,ryu_controller,361493,59.7,61108224
2026-04-24T21:34:36.844868+00:00,recovery_scenario,iperf_tcp,30,7,,twin_core,361501,0.0,68022272
2026-04-24T21:34:36.844868+00:00,recovery_scenario,iperf_tcp,30,7,,ryu_controller,361493,58.5,61108224
2026-04-24T21:34:36.947802+00:00,recovery_scenario,iperf_tcp,30,7,,twin_core,361501,9.7,68022272
2026-04-24T21:34:36.947802+00:00,recovery_scenario,iperf_tcp,30,7,,ryu_controller,361493,68.0,61108224
2026-04-24T21:34:37.048350+00:00,recovery_scenario,iperf_tcp,30,7,,twin_core,361501,0.0,68022272
2026-04-24T21:34:37.048350+00:00,recovery_scenario,iperf_tcp,30,7,,ryu_controller,361493,59.8,61108224
2026-04-24T21:34:37.149247+00:00,recovery_scenario,iperf_tcp,30,7,,twin_core,361501,9.9,68022272
2026-04-24T21:34:37.149247+00:00,recovery_scenario,iperf_tcp,30,7,,ryu_controller,361493,59.4,61108224
2026-04-24T21:34:37.249784+00:00,recovery_scenario,iperf_tcp,30,7,,twin_core,361501,0.0,68022272
2026-04-24T21:34:37.249784+00:00,recovery_scenario,iperf_tcp,30,7,,ryu_controller,361493,69.7,61108224
2026-04-24T21:34:37.350928+00:00,recovery_scenario,iperf_tcp,30,7,,twin_core,361501,0.0,68022272
2026-04-24T21:34:37.350928+00:00,recovery_scenario,iperf_tcp,30,7,,ryu_controller,361493,59.3,61108224
2026-04-24T21:34:37.451480+00:00,recovery_scenario,iperf_tcp,30,7,,twin_core,361501,0.0,68022272
2026-04-24T21:34:37.451480+00:00,recovery_scenario,iperf_tcp,30,7,,ryu_controller,361493,79.2,61108224
2026-04-24T21:34:37.552807+00:00,recovery_scenario,iperf_tcp,30,7,,twin_core,361501,0.0,68022272
2026-04-24T21:34:37.552807+00:00,recovery_scenario,iperf_tcp,30,7,,ryu_controller,361493,99.3,61108224
2026-04-24T21:34:37.653194+00:00,recovery_scenario,iperf_tcp,30,7,,twin_core,361501,0.0,68022272
2026-04-24T21:34:37.653194+00:00,recovery_scenario,iperf_tcp,30,7,,ryu_controller,361493,99.6,61108224
2026-04-24T21:34:37.753646+00:00,recovery_scenario,iperf_tcp,30,7,,twin_core,361501,9.9,68022272
2026-04-24T21:34:37.753646+00:00,recovery_scenario,iperf_tcp,30,7,,ryu_controller,361493,99.3,61108224
2026-04-24T21:34:37.854273+00:00,recovery_scenario,iperf_tcp,30,7,,twin_core,361501,0.0,68022272
2026-04-24T21:34:37.854273+00:00,recovery_scenario,iperf_tcp,30,7,,ryu_controller,361493,89.6,61108224
2026-04-24T21:34:37.954785+00:00,recovery_scenario,iperf_tcp,30,7,,twin_core,361501,0.0,68022272
2026-04-24T21:34:37.954785+00:00,recovery_scenario,iperf_tcp,30,7,,ryu_controller,361493,99.5,61108224
2026-04-24T21:34:38.055363+00:00,recovery_scenario,iperf_tcp,30,7,,twin_core,361501,0.0,68022272
2026-04-24T21:34:38.055363+00:00,recovery_scenario,iperf_tcp,30,7,,ryu_controller,361493,89.4,61108224
2026-04-24T21:34:38.155782+00:00,recovery_scenario,iperf_tcp,30,7,,twin_core,361501,0.0,68022272
2026-04-24T21:34:38.155782+00:00,recovery_scenario,iperf_tcp,30,7,,ryu_controller,361493,99.5,61108224
2026-04-24T21:34:38.256321+00:00,recovery_scenario,iperf_tcp,30,7,,twin_core,361501,0.0,68022272
2026-04-24T21:34:38.256321+00:00,recovery_scenario,iperf_tcp,30,7,,ryu_controller,361493,79.6,61108224
2026-04-24T21:34:38.356870+00:00,recovery_scenario,iperf_tcp,30,7,,twin_core,361501,0.0,68022272
2026-04-24T21:34:38.356870+00:00,recovery_scenario,iperf_tcp,30,7,,ryu_controller,361493,109.4,61108224
2026-04-24T21:34:38.457330+00:00,recovery_scenario,iperf_tcp,30,7,,twin_core,361501,0.0,68022272
2026-04-24T21:34:38.457330+00:00,recovery_scenario,iperf_tcp,30,7,,ryu_controller,361493,79.6,61108224
2026-04-24T21:34:38.557993+00:00,recovery_scenario,iperf_tcp,30,7,,twin_core,361501,0.0,68022272
2026-04-24T21:34:38.557993+00:00,recovery_scenario,iperf_tcp,30,7,,ryu_controller,361493,109.2,61108224
2026-04-24T21:34:38.658477+00:00,recovery_scenario,iperf_tcp,30,7,,twin_core,361501,9.9,68022272
2026-04-24T21:34:38.658477+00:00,recovery_scenario,iperf_tcp,30,7,,ryu_controller,361493,59.5,61108224
2026-04-24T21:34:38.759336+00:00,recovery_scenario,iperf_tcp,30,7,,twin_core,361501,0.0,68022272
2026-04-24T21:34:38.759336+00:00,recovery_scenario,iperf_tcp,30,7,,ryu_controller,361493,0.0,61108224
2026-04-24T21:34:38.860142+00:00,recovery_scenario,iperf_tcp,30,7,,twin_core,361501,0.0,68022272
2026-04-24T21:34:38.860142+00:00,recovery_scenario,iperf_tcp,30,7,,ryu_controller,361493,0.0,61108224
2026-04-24T21:34:38.961827+00:00,recovery_scenario,iperf_tcp,30,7,,twin_core,361501,0.0,68022272
2026-04-24T21:34:38.961827+00:00,recovery_scenario,iperf_tcp,30,7,,ryu_controller,361493,0.0,61108224
2026-04-24T21:34:39.064323+00:00,recovery_scenario,iperf_tcp,30,7,scenario_teardown,,,,
2026-04-24T21:34:39.064567+00:00,recovery_scenario,iperf_tcp,30,7,,twin_core,361501,19.5,68022272
2026-04-24T21:34:39.064567+00:00,recovery_scenario,iperf_tcp,30,7,,ryu_controller,361493,48.3,61108224
2026-04-24T21:34:39.166129+00:00,recovery_scenario,iperf_tcp,30,7,,twin_core,361501,9.8,68022272
2026-04-24T21:34:39.166129+00:00,recovery_scenario,iperf_tcp,30,7,,ryu_controller,361493,9.9,61108224
2026-04-24T21:34:39.266768+00:00,recovery_scenario,iperf_tcp,30,7,,twin_core,361501,0.0,68022272
2026-04-24T21:34:39.266768+00:00,recovery_scenario,iperf_tcp,30,7,,ryu_controller,361493,19.9,61108224
2026-04-24T21:34:39.367230+00:00,recovery_scenario,iperf_tcp,30,7,,twin_core,361501,0.0,68022272
2026-04-24T21:34:39.367230+00:00,recovery_scenario,iperf_tcp,30,7,,ryu_controller,361493,10.0,61108224
2026-04-24T21:34:39.467588+00:00,recovery_scenario,iperf_tcp,30,7,,twin_core,361501,0.0,68022272
2026-04-24T21:34:39.467588+00:00,recovery_scenario,iperf_tcp,30,7,,ryu_controller,361493,0.0,61108224
2026-04-24T21:34:40.208081+00:00,recovery_scenario,iperf_tcp,30,8,,twin_core,361501,0.0,68022272
2026-04-24T21:34:40.208081+00:00,recovery_scenario,iperf_tcp,30,8,,ryu_controller,361493,0.0,61108224
2026-04-24T21:34:40.311075+00:00,recovery_scenario,iperf_tcp,30,8,,twin_core,361501,9.7,68022272
2026-04-24T21:34:40.311075+00:00,recovery_scenario,iperf_tcp,30,8,,ryu_controller,361493,29.7,61108224
2026-04-24T21:34:40.412385+00:00,recovery_scenario,iperf_tcp,30,8,,twin_core,361501,0.0,68022272
2026-04-24T21:34:40.412385+00:00,recovery_scenario,iperf_tcp,30,8,,ryu_controller,361493,39.4,61108224
2026-04-24T21:34:40.482880+00:00,recovery_scenario,iperf_tcp,30,8,service_started,,,,
2026-04-24T21:34:40.513406+00:00,recovery_scenario,iperf_tcp,30,8,,twin_core,361501,19.8,68022272
2026-04-24T21:34:40.513406+00:00,recovery_scenario,iperf_tcp,30,8,,ryu_controller,361493,39.7,61108224
2026-04-24T21:34:40.614621+00:00,recovery_scenario,iperf_tcp,30,8,,twin_core,361501,9.9,68022272
2026-04-24T21:34:40.614621+00:00,recovery_scenario,iperf_tcp,30,8,,ryu_controller,361493,29.6,61108224
2026-04-24T21:34:40.715767+00:00,recovery_scenario,iperf_tcp,30,8,,twin_core,361501,0.0,68022272
2026-04-24T21:34:40.715767+00:00,recovery_scenario,iperf_tcp,30,8,,ryu_controller,361493,49.4,61108224
2026-04-24T21:34:40.816453+00:00,recovery_scenario,iperf_tcp,30,8,,twin_core,361501,0.0,68022272
2026-04-24T21:34:40.816453+00:00,recovery_scenario,iperf_tcp,30,8,,ryu_controller,361493,19.9,61108224
2026-04-24T21:34:40.917226+00:00,recovery_scenario,iperf_tcp,30,8,,twin_core,361501,0.0,68022272
2026-04-24T21:34:40.917226+00:00,recovery_scenario,iperf_tcp,30,8,,ryu_controller,361493,19.9,61108224
2026-04-24T21:34:41.018866+00:00,recovery_scenario,iperf_tcp,30,8,,twin_core,361501,0.0,68022272
2026-04-24T21:34:41.018866+00:00,recovery_scenario,iperf_tcp,30,8,,ryu_controller,361493,19.6,61108224
2026-04-24T21:34:41.119753+00:00,recovery_scenario,iperf_tcp,30,8,,twin_core,361501,0.0,68022272
2026-04-24T21:34:41.119753+00:00,recovery_scenario,iperf_tcp,30,8,,ryu_controller,361493,19.9,61108224
2026-04-24T21:34:41.220244+00:00,recovery_scenario,iperf_tcp,30,8,,twin_core,361501,0.0,68022272
2026-04-24T21:34:41.220244+00:00,recovery_scenario,iperf_tcp,30,8,,ryu_controller,361493,29.9,61108224
2026-04-24T21:34:41.320771+00:00,recovery_scenario,iperf_tcp,30,8,,twin_core,361501,0.0,68022272
2026-04-24T21:34:41.320771+00:00,recovery_scenario,iperf_tcp,30,8,,ryu_controller,361493,9.9,61108224
2026-04-24T21:34:41.421281+00:00,recovery_scenario,iperf_tcp,30,8,,twin_core,361501,0.0,68022272
2026-04-24T21:34:41.421281+00:00,recovery_scenario,iperf_tcp,30,8,,ryu_controller,361493,9.9,61108224
2026-04-24T21:34:41.522157+00:00,recovery_scenario,iperf_tcp,30,8,,twin_core,361501,0.0,68022272
2026-04-24T21:34:41.522157+00:00,recovery_scenario,iperf_tcp,30,8,,ryu_controller,361493,9.9,61108224
2026-04-24T21:34:41.623134+00:00,recovery_scenario,iperf_tcp,30,8,,twin_core,361501,0.0,68022272
2026-04-24T21:34:41.623134+00:00,recovery_scenario,iperf_tcp,30,8,,ryu_controller,361493,19.8,61108224
2026-04-24T21:34:41.723568+00:00,recovery_scenario,iperf_tcp,30,8,,twin_core,361501,0.0,68022272
2026-04-24T21:34:41.723568+00:00,recovery_scenario,iperf_tcp,30,8,,ryu_controller,361493,19.9,61108224
2026-04-24T21:34:41.824662+00:00,recovery_scenario,iperf_tcp,30,8,,twin_core,361501,0.0,68022272
2026-04-24T21:34:41.824662+00:00,recovery_scenario,iperf_tcp,30,8,,ryu_controller,361493,9.9,61108224
2026-04-24T21:34:41.925140+00:00,recovery_scenario,iperf_tcp,30,8,,twin_core,361501,0.0,68022272
2026-04-24T21:34:41.925140+00:00,recovery_scenario,iperf_tcp,30,8,,ryu_controller,361493,19.9,61108224
2026-04-24T21:34:42.025520+00:00,recovery_scenario,iperf_tcp,30,8,,twin_core,361501,0.0,68022272
2026-04-24T21:34:42.025520+00:00,recovery_scenario,iperf_tcp,30,8,,ryu_controller,361493,19.9,61108224
2026-04-24T21:34:42.125987+00:00,recovery_scenario,iperf_tcp,30,8,,twin_core,361501,0.0,68022272
2026-04-24T21:34:42.125987+00:00,recovery_scenario,iperf_tcp,30,8,,ryu_controller,361493,19.9,61108224
2026-04-24T21:34:42.226377+00:00,recovery_scenario,iperf_tcp,30,8,,twin_core,361501,0.0,68022272
2026-04-24T21:34:42.226377+00:00,recovery_scenario,iperf_tcp,30,8,,ryu_controller,361493,29.9,61108224
2026-04-24T21:34:42.327835+00:00,recovery_scenario,iperf_tcp,30,8,,twin_core,361501,0.0,68022272
2026-04-24T21:34:42.327835+00:00,recovery_scenario,iperf_tcp,30,8,,ryu_controller,361493,19.7,61108224
2026-04-24T21:34:42.429410+00:00,recovery_scenario,iperf_tcp,30,8,,twin_core,361501,0.0,68022272
2026-04-24T21:34:42.429410+00:00,recovery_scenario,iperf_tcp,30,8,,ryu_controller,361493,9.8,61108224
2026-04-24T21:34:42.530114+00:00,recovery_scenario,iperf_tcp,30,8,,twin_core,361501,0.0,68022272
2026-04-24T21:34:42.530114+00:00,recovery_scenario,iperf_tcp,30,8,,ryu_controller,361493,10.0,61108224
2026-04-24T21:34:42.630449+00:00,recovery_scenario,iperf_tcp,30,8,,twin_core,361501,19.9,68022272
2026-04-24T21:34:42.630449+00:00,recovery_scenario,iperf_tcp,30,8,,ryu_controller,361493,39.9,61108224
2026-04-24T21:34:42.730813+00:00,recovery_scenario,iperf_tcp,30,8,,twin_core,361501,0.0,68022272
2026-04-24T21:34:42.730813+00:00,recovery_scenario,iperf_tcp,30,8,,ryu_controller,361493,49.8,61108224
2026-04-24T21:34:42.831214+00:00,recovery_scenario,iperf_tcp,30,8,,twin_core,361501,0.0,68022272
2026-04-24T21:34:42.831214+00:00,recovery_scenario,iperf_tcp,30,8,,ryu_controller,361493,10.0,61108224
2026-04-24T21:34:42.931633+00:00,recovery_scenario,iperf_tcp,30,8,,twin_core,361501,0.0,68022272
2026-04-24T21:34:42.931633+00:00,recovery_scenario,iperf_tcp,30,8,,ryu_controller,361493,19.9,61108224
2026-04-24T21:34:43.032356+00:00,recovery_scenario,iperf_tcp,30,8,,twin_core,361501,0.0,68022272
2026-04-24T21:34:43.032356+00:00,recovery_scenario,iperf_tcp,30,8,,ryu_controller,361493,19.9,61108224
2026-04-24T21:34:43.132939+00:00,recovery_scenario,iperf_tcp,30,8,,twin_core,361501,0.0,68022272
2026-04-24T21:34:43.132939+00:00,recovery_scenario,iperf_tcp,30,8,,ryu_controller,361493,0.0,61108224
2026-04-24T21:34:43.233444+00:00,recovery_scenario,iperf_tcp,30,8,,twin_core,361501,0.0,68022272
2026-04-24T21:34:43.233444+00:00,recovery_scenario,iperf_tcp,30,8,,ryu_controller,361493,9.9,61108224
2026-04-24T21:34:43.334174+00:00,recovery_scenario,iperf_tcp,30,8,,twin_core,361501,0.0,68022272
2026-04-24T21:34:43.334174+00:00,recovery_scenario,iperf_tcp,30,8,,ryu_controller,361493,9.9,61108224
2026-04-24T21:34:43.434681+00:00,recovery_scenario,iperf_tcp,30,8,,twin_core,361501,9.9,68022272
2026-04-24T21:34:43.434681+00:00,recovery_scenario,iperf_tcp,30,8,,ryu_controller,361493,9.9,61108224
2026-04-24T21:34:43.535168+00:00,recovery_scenario,iperf_tcp,30,8,,twin_core,361501,0.0,68022272
2026-04-24T21:34:43.535168+00:00,recovery_scenario,iperf_tcp,30,8,,ryu_controller,361493,10.0,61108224
2026-04-24T21:34:43.635626+00:00,recovery_scenario,iperf_tcp,30,8,,twin_core,361501,0.0,68022272
2026-04-24T21:34:43.635626+00:00,recovery_scenario,iperf_tcp,30,8,,ryu_controller,361493,0.0,61108224
2026-04-24T21:34:43.736140+00:00,recovery_scenario,iperf_tcp,30,8,,twin_core,361501,0.0,68022272
2026-04-24T21:34:43.736140+00:00,recovery_scenario,iperf_tcp,30,8,,ryu_controller,361493,10.0,61108224
2026-04-24T21:34:43.836657+00:00,recovery_scenario,iperf_tcp,30,8,,twin_core,361501,0.0,68022272
2026-04-24T21:34:43.836657+00:00,recovery_scenario,iperf_tcp,30,8,,ryu_controller,361493,19.9,61108224
2026-04-24T21:34:43.937191+00:00,recovery_scenario,iperf_tcp,30,8,,twin_core,361501,0.0,68022272
2026-04-24T21:34:43.937191+00:00,recovery_scenario,iperf_tcp,30,8,,ryu_controller,361493,10.0,61108224
2026-04-24T21:34:44.037572+00:00,recovery_scenario,iperf_tcp,30,8,,twin_core,361501,0.0,68022272
2026-04-24T21:34:44.037572+00:00,recovery_scenario,iperf_tcp,30,8,,ryu_controller,361493,10.0,61108224
2026-04-24T21:34:44.138062+00:00,recovery_scenario,iperf_tcp,30,8,,twin_core,361501,0.0,68022272
2026-04-24T21:34:44.138062+00:00,recovery_scenario,iperf_tcp,30,8,,ryu_controller,361493,10.0,61108224
2026-04-24T21:34:44.241901+00:00,recovery_scenario,iperf_tcp,30,8,,twin_core,361501,0.0,68022272
2026-04-24T21:34:44.241901+00:00,recovery_scenario,iperf_tcp,30,8,,ryu_controller,361493,0.0,61108224
2026-04-24T21:34:44.342907+00:00,recovery_scenario,iperf_tcp,30,8,,twin_core,361501,0.0,68022272
2026-04-24T21:34:44.342907+00:00,recovery_scenario,iperf_tcp,30,8,,ryu_controller,361493,9.9,61108224
2026-04-24T21:34:44.443282+00:00,recovery_scenario,iperf_tcp,30,8,,twin_core,361501,0.0,68022272
2026-04-24T21:34:44.443282+00:00,recovery_scenario,iperf_tcp,30,8,,ryu_controller,361493,10.0,61108224
2026-04-24T21:34:44.545327+00:00,recovery_scenario,iperf_tcp,30,8,,twin_core,361501,0.0,68022272
2026-04-24T21:34:44.545327+00:00,recovery_scenario,iperf_tcp,30,8,,ryu_controller,361493,9.8,61108224
2026-04-24T21:34:44.645972+00:00,recovery_scenario,iperf_tcp,30,8,,twin_core,361501,9.9,68022272
2026-04-24T21:34:44.645972+00:00,recovery_scenario,iperf_tcp,30,8,,ryu_controller,361493,49.7,61108224
2026-04-24T21:34:44.746458+00:00,recovery_scenario,iperf_tcp,30,8,,twin_core,361501,10.0,68022272
2026-04-24T21:34:44.746458+00:00,recovery_scenario,iperf_tcp,30,8,,ryu_controller,361493,49.8,61108224
2026-04-24T21:34:44.846987+00:00,recovery_scenario,iperf_tcp,30,8,,twin_core,361501,9.9,68022272
2026-04-24T21:34:44.846987+00:00,recovery_scenario,iperf_tcp,30,8,,ryu_controller,361493,69.6,61108224
2026-04-24T21:34:44.948536+00:00,recovery_scenario,iperf_tcp,30,8,,twin_core,361501,0.0,68022272
2026-04-24T21:34:44.948536+00:00,recovery_scenario,iperf_tcp,30,8,,ryu_controller,361493,19.7,61108224
2026-04-24T21:34:45.050548+00:00,recovery_scenario,iperf_tcp,30,8,,twin_core,361501,0.0,68022272
2026-04-24T21:34:45.050548+00:00,recovery_scenario,iperf_tcp,30,8,,ryu_controller,361493,0.0,61108224
2026-04-24T21:34:45.151046+00:00,recovery_scenario,iperf_tcp,30,8,,twin_core,361501,0.0,68022272
2026-04-24T21:34:45.151046+00:00,recovery_scenario,iperf_tcp,30,8,,ryu_controller,361493,0.0,61108224
2026-04-24T21:34:45.251476+00:00,recovery_scenario,iperf_tcp,30,8,,twin_core,361501,0.0,68022272
2026-04-24T21:34:45.251476+00:00,recovery_scenario,iperf_tcp,30,8,,ryu_controller,361493,19.9,61108224
2026-04-24T21:34:45.354363+00:00,recovery_scenario,iperf_tcp,30,8,,twin_core,361501,0.0,68022272
2026-04-24T21:34:45.354363+00:00,recovery_scenario,iperf_tcp,30,8,,ryu_controller,361493,19.4,61108224
2026-04-24T21:34:45.456033+00:00,recovery_scenario,iperf_tcp,30,8,,twin_core,361501,0.0,68022272
2026-04-24T21:34:45.456033+00:00,recovery_scenario,iperf_tcp,30,8,,ryu_controller,361493,0.0,61108224
2026-04-24T21:34:45.556465+00:00,recovery_scenario,iperf_tcp,30,8,,twin_core,361501,0.0,68022272
2026-04-24T21:34:45.556465+00:00,recovery_scenario,iperf_tcp,30,8,,ryu_controller,361493,0.0,61108224
2026-04-24T21:34:45.656916+00:00,recovery_scenario,iperf_tcp,30,8,,twin_core,361501,10.0,68022272
2026-04-24T21:34:45.656916+00:00,recovery_scenario,iperf_tcp,30,8,,ryu_controller,361493,0.0,61108224
2026-04-24T21:34:45.757317+00:00,recovery_scenario,iperf_tcp,30,8,,twin_core,361501,0.0,68022272
2026-04-24T21:34:45.757317+00:00,recovery_scenario,iperf_tcp,30,8,,ryu_controller,361493,19.9,61108224
2026-04-24T21:34:45.857694+00:00,recovery_scenario,iperf_tcp,30,8,,twin_core,361501,0.0,68022272
2026-04-24T21:34:45.857694+00:00,recovery_scenario,iperf_tcp,30,8,,ryu_controller,361493,10.0,61108224
2026-04-24T21:34:45.958153+00:00,recovery_scenario,iperf_tcp,30,8,,twin_core,361501,0.0,68022272
2026-04-24T21:34:45.958153+00:00,recovery_scenario,iperf_tcp,30,8,,ryu_controller,361493,10.0,61108224
2026-04-24T21:34:46.058611+00:00,recovery_scenario,iperf_tcp,30,8,,twin_core,361501,0.0,68022272
2026-04-24T21:34:46.058611+00:00,recovery_scenario,iperf_tcp,30,8,,ryu_controller,361493,10.0,61108224
2026-04-24T21:34:46.161446+00:00,recovery_scenario,iperf_tcp,30,8,,twin_core,361501,0.0,68022272
2026-04-24T21:34:46.161446+00:00,recovery_scenario,iperf_tcp,30,8,,ryu_controller,361493,9.7,61108224
2026-04-24T21:34:46.253475+00:00,recovery_scenario,iperf_tcp,30,8,pingall_completed,,,,
2026-04-24T21:34:46.268870+00:00,recovery_scenario,iperf_tcp,30,8,,twin_core,361501,0.0,68022272
2026-04-24T21:34:46.268870+00:00,recovery_scenario,iperf_tcp,30,8,,ryu_controller,361493,0.0,61108224
2026-04-24T21:34:46.370069+00:00,recovery_scenario,iperf_tcp,30,8,,twin_core,361501,0.0,68022272
2026-04-24T21:34:46.370069+00:00,recovery_scenario,iperf_tcp,30,8,,ryu_controller,361493,9.9,61108224
2026-04-24T21:34:46.472186+00:00,recovery_scenario,iperf_tcp,30,8,,twin_core,361501,0.0,68022272
2026-04-24T21:34:46.472186+00:00,recovery_scenario,iperf_tcp,30,8,,ryu_controller,361493,19.6,61108224
2026-04-24T21:34:46.572674+00:00,recovery_scenario,iperf_tcp,30,8,,twin_core,361501,0.0,68022272
2026-04-24T21:34:46.572674+00:00,recovery_scenario,iperf_tcp,30,8,,ryu_controller,361493,0.0,61108224
2026-04-24T21:34:46.675180+00:00,recovery_scenario,iperf_tcp,30,8,,twin_core,361501,9.8,68022272
2026-04-24T21:34:46.675180+00:00,recovery_scenario,iperf_tcp,30,8,,ryu_controller,361493,0.0,61108224
2026-04-24T21:34:46.775969+00:00,recovery_scenario,iperf_tcp,30,8,,twin_core,361501,9.9,68022272
2026-04-24T21:34:46.775969+00:00,recovery_scenario,iperf_tcp,30,8,,ryu_controller,361493,79.5,61128704
2026-04-24T21:34:46.876407+00:00,recovery_scenario,iperf_tcp,30,8,,twin_core,361501,10.0,68026368
2026-04-24T21:34:46.876407+00:00,recovery_scenario,iperf_tcp,30,8,,ryu_controller,361493,39.8,61165568
2026-04-24T21:34:46.977956+00:00,recovery_scenario,iperf_tcp,30,8,,twin_core,361501,0.0,68026368
2026-04-24T21:34:46.977956+00:00,recovery_scenario,iperf_tcp,30,8,,ryu_controller,361493,39.4,61165568
2026-04-24T21:34:47.082831+00:00,recovery_scenario,iperf_tcp,30,8,,twin_core,361501,0.0,68026368
2026-04-24T21:34:47.082831+00:00,recovery_scenario,iperf_tcp,30,8,,ryu_controller,361493,0.0,61165568
2026-04-24T21:34:47.186772+00:00,recovery_scenario,iperf_tcp,30,8,,twin_core,361501,0.0,68026368
2026-04-24T21:34:47.186772+00:00,recovery_scenario,iperf_tcp,30,8,,ryu_controller,361493,0.0,61165568
2026-04-24T21:34:47.287432+00:00,recovery_scenario,iperf_tcp,30,8,,twin_core,361501,0.0,68026368
2026-04-24T21:34:47.287432+00:00,recovery_scenario,iperf_tcp,30,8,,ryu_controller,361493,9.9,61165568
2026-04-24T21:34:47.388590+00:00,recovery_scenario,iperf_tcp,30,8,,twin_core,361501,0.0,68026368
2026-04-24T21:34:47.388590+00:00,recovery_scenario,iperf_tcp,30,8,,ryu_controller,361493,9.9,61165568
2026-04-24T21:34:47.490121+00:00,recovery_scenario,iperf_tcp,30,8,,twin_core,361501,0.0,68026368
2026-04-24T21:34:47.490121+00:00,recovery_scenario,iperf_tcp,30,8,,ryu_controller,361493,0.0,61165568
2026-04-24T21:34:47.590523+00:00,recovery_scenario,iperf_tcp,30,8,,twin_core,361501,0.0,68026368
2026-04-24T21:34:47.590523+00:00,recovery_scenario,iperf_tcp,30,8,,ryu_controller,361493,0.0,61165568
2026-04-24T21:34:47.690979+00:00,recovery_scenario,iperf_tcp,30,8,,twin_core,361501,0.0,68026368
2026-04-24T21:34:47.690979+00:00,recovery_scenario,iperf_tcp,30,8,,ryu_controller,361493,0.0,61165568
2026-04-24T21:34:47.792665+00:00,recovery_scenario,iperf_tcp,30,8,,twin_core,361501,0.0,68026368
2026-04-24T21:34:47.792665+00:00,recovery_scenario,iperf_tcp,30,8,,ryu_controller,361493,0.0,61165568
2026-04-24T21:34:47.898165+00:00,recovery_scenario,iperf_tcp,30,8,,twin_core,361501,0.0,68026368
2026-04-24T21:34:47.898165+00:00,recovery_scenario,iperf_tcp,30,8,,ryu_controller,361493,0.0,61165568
2026-04-24T21:34:48.002567+00:00,recovery_scenario,iperf_tcp,30,8,,twin_core,361501,0.0,68026368
2026-04-24T21:34:48.002567+00:00,recovery_scenario,iperf_tcp,30,8,,ryu_controller,361493,9.9,61165568
2026-04-24T21:34:48.105833+00:00,recovery_scenario,iperf_tcp,30,8,,twin_core,361501,0.0,68026368
2026-04-24T21:34:48.105833+00:00,recovery_scenario,iperf_tcp,30,8,,ryu_controller,361493,0.0,61165568
2026-04-24T21:34:48.206508+00:00,recovery_scenario,iperf_tcp,30,8,,twin_core,361501,0.0,68026368
2026-04-24T21:34:48.206508+00:00,recovery_scenario,iperf_tcp,30,8,,ryu_controller,361493,0.0,61165568
2026-04-24T21:34:48.281315+00:00,recovery_scenario,iperf_tcp,30,8,background_traffic_started,,,,
2026-04-24T21:34:48.309418+00:00,recovery_scenario,iperf_tcp,30,8,,twin_core,361501,9.7,68026368
2026-04-24T21:34:48.309418+00:00,recovery_scenario,iperf_tcp,30,8,,ryu_controller,361493,9.7,61165568
2026-04-24T21:34:48.410610+00:00,recovery_scenario,iperf_tcp,30,8,,twin_core,361501,9.9,68026368
2026-04-24T21:34:48.410610+00:00,recovery_scenario,iperf_tcp,30,8,,ryu_controller,361493,38.9,61165568
2026-04-24T21:34:48.514032+00:00,recovery_scenario,iperf_tcp,30,8,,twin_core,361501,9.7,68026368
2026-04-24T21:34:48.514032+00:00,recovery_scenario,iperf_tcp,30,8,,ryu_controller,361493,39.3,61165568
2026-04-24T21:34:48.614637+00:00,recovery_scenario,iperf_tcp,30,8,,twin_core,361501,0.0,68026368
2026-04-24T21:34:48.614637+00:00,recovery_scenario,iperf_tcp,30,8,,ryu_controller,361493,39.7,61165568
2026-04-24T21:34:48.718211+00:00,recovery_scenario,iperf_tcp,30,8,fault_injected,,,,
2026-04-24T21:34:48.718482+00:00,recovery_scenario,iperf_tcp,30,8,,twin_core,361501,9.6,68026368
2026-04-24T21:34:48.718482+00:00,recovery_scenario,iperf_tcp,30,8,,ryu_controller,361493,38.0,61165568
2026-04-24T21:34:48.820967+00:00,recovery_scenario,iperf_tcp,30,8,,twin_core,361501,0.0,68030464
2026-04-24T21:34:48.820967+00:00,recovery_scenario,iperf_tcp,30,8,,ryu_controller,361493,39.8,61169664
2026-04-24T21:34:48.921314+00:00,recovery_scenario,iperf_tcp,30,8,,twin_core,361501,0.0,68030464
2026-04-24T21:34:48.921314+00:00,recovery_scenario,iperf_tcp,30,8,,ryu_controller,361493,49.8,61169664
2026-04-24T21:34:49.021652+00:00,recovery_scenario,iperf_tcp,30,8,,twin_core,361501,0.0,68030464
2026-04-24T21:34:49.021652+00:00,recovery_scenario,iperf_tcp,30,8,,ryu_controller,361493,89.5,61169664
2026-04-24T21:34:49.122265+00:00,recovery_scenario,iperf_tcp,30,8,,twin_core,361501,0.0,68030464
2026-04-24T21:34:49.122265+00:00,recovery_scenario,iperf_tcp,30,8,,ryu_controller,361493,109.5,61169664
2026-04-24T21:34:49.222775+00:00,recovery_scenario,iperf_tcp,30,8,,twin_core,361501,0.0,68030464
2026-04-24T21:34:49.222775+00:00,recovery_scenario,iperf_tcp,30,8,,ryu_controller,361493,99.5,61173760
2026-04-24T21:34:49.323193+00:00,recovery_scenario,iperf_tcp,30,8,,twin_core,361501,0.0,68030464
2026-04-24T21:34:49.323193+00:00,recovery_scenario,iperf_tcp,30,8,,ryu_controller,361493,89.6,61173760
2026-04-24T21:34:49.423605+00:00,recovery_scenario,iperf_tcp,30,8,,twin_core,361501,0.0,68030464
2026-04-24T21:34:49.423605+00:00,recovery_scenario,iperf_tcp,30,8,,ryu_controller,361493,99.5,61173760
2026-04-24T21:34:49.524144+00:00,recovery_scenario,iperf_tcp,30,8,,twin_core,361501,0.0,68030464
2026-04-24T21:34:49.524144+00:00,recovery_scenario,iperf_tcp,30,8,,ryu_controller,361493,89.7,61173760
2026-04-24T21:34:49.624490+00:00,recovery_scenario,iperf_tcp,30,8,,twin_core,361501,0.0,68030464
2026-04-24T21:34:49.624490+00:00,recovery_scenario,iperf_tcp,30,8,,ryu_controller,361493,109.6,61173760
2026-04-24T21:34:49.725044+00:00,recovery_scenario,iperf_tcp,30,8,,twin_core,361501,0.0,68030464
2026-04-24T21:34:49.725044+00:00,recovery_scenario,iperf_tcp,30,8,,ryu_controller,361493,99.4,61173760
2026-04-24T21:34:49.825564+00:00,recovery_scenario,iperf_tcp,30,8,,twin_core,361501,0.0,68030464
2026-04-24T21:34:49.825564+00:00,recovery_scenario,iperf_tcp,30,8,,ryu_controller,361493,98.2,61173760
2026-04-24T21:34:49.927393+00:00,recovery_scenario,iperf_tcp,30,8,,twin_core,361501,0.0,68030464
2026-04-24T21:34:49.927393+00:00,recovery_scenario,iperf_tcp,30,8,,ryu_controller,361493,89.0,61173760
2026-04-24T21:34:50.028486+00:00,recovery_scenario,iperf_tcp,30,8,,twin_core,361501,0.0,68030464
2026-04-24T21:34:50.028486+00:00,recovery_scenario,iperf_tcp,30,8,,ryu_controller,361493,109.0,61173760
2026-04-24T21:34:50.129281+00:00,recovery_scenario,iperf_tcp,30,8,,twin_core,361501,0.0,68030464
2026-04-24T21:34:50.129281+00:00,recovery_scenario,iperf_tcp,30,8,,ryu_controller,361493,89.7,61173760
2026-04-24T21:34:50.229764+00:00,recovery_scenario,iperf_tcp,30,8,,twin_core,361501,0.0,68030464
2026-04-24T21:34:50.229764+00:00,recovery_scenario,iperf_tcp,30,8,,ryu_controller,361493,99.5,61173760
2026-04-24T21:34:50.330326+00:00,recovery_scenario,iperf_tcp,30,8,,twin_core,361501,0.0,68030464
2026-04-24T21:34:50.330326+00:00,recovery_scenario,iperf_tcp,30,8,,ryu_controller,361493,89.3,61173760
2026-04-24T21:34:50.431150+00:00,recovery_scenario,iperf_tcp,30,8,,twin_core,361501,0.0,68030464
2026-04-24T21:34:50.431150+00:00,recovery_scenario,iperf_tcp,30,8,,ryu_controller,361493,99.3,61173760
2026-04-24T21:34:50.532278+00:00,recovery_scenario,iperf_tcp,30,8,,twin_core,361501,9.9,68030464
2026-04-24T21:34:50.532278+00:00,recovery_scenario,iperf_tcp,30,8,,ryu_controller,361493,99.0,61173760
2026-04-24T21:34:50.632854+00:00,recovery_scenario,iperf_tcp,30,8,,twin_core,361501,0.0,68030464
2026-04-24T21:34:50.632854+00:00,recovery_scenario,iperf_tcp,30,8,,ryu_controller,361493,98.8,61173760
2026-04-24T21:34:50.734159+00:00,recovery_scenario,iperf_tcp,30,8,,twin_core,361501,9.8,68030464
2026-04-24T21:34:50.734159+00:00,recovery_scenario,iperf_tcp,30,8,,ryu_controller,361493,88.8,61173760
2026-04-24T21:34:50.835345+00:00,recovery_scenario,iperf_tcp,30,8,,twin_core,361501,0.0,68030464
2026-04-24T21:34:50.835345+00:00,recovery_scenario,iperf_tcp,30,8,,ryu_controller,361493,89.3,61173760
2026-04-24T21:34:50.936185+00:00,recovery_scenario,iperf_tcp,30,8,,twin_core,361501,0.0,68030464
2026-04-24T21:34:50.936185+00:00,recovery_scenario,iperf_tcp,30,8,,ryu_controller,361493,99.4,61173760
2026-04-24T21:34:51.036582+00:00,recovery_scenario,iperf_tcp,30,8,,twin_core,361501,0.0,68030464
2026-04-24T21:34:51.036582+00:00,recovery_scenario,iperf_tcp,30,8,,ryu_controller,361493,79.6,61173760
2026-04-24T21:34:51.138813+00:00,recovery_scenario,iperf_tcp,30,8,,twin_core,361501,0.0,68030464
2026-04-24T21:34:51.138813+00:00,recovery_scenario,iperf_tcp,30,8,,ryu_controller,361493,88.1,61173760
2026-04-24T21:34:51.239430+00:00,recovery_scenario,iperf_tcp,30,8,,twin_core,361501,9.9,68030464
2026-04-24T21:34:51.239430+00:00,recovery_scenario,iperf_tcp,30,8,,ryu_controller,361493,79.6,61173760
2026-04-24T21:34:51.330855+00:00,recovery_scenario,iperf_tcp,30,8,recovery_requested,,,,
2026-04-24T21:34:51.339912+00:00,recovery_scenario,iperf_tcp,30,8,,twin_core,361501,10.0,68030464
2026-04-24T21:34:51.339912+00:00,recovery_scenario,iperf_tcp,30,8,,ryu_controller,361493,79.6,61173760
2026-04-24T21:34:51.440575+00:00,recovery_scenario,iperf_tcp,30,8,,twin_core,361501,0.0,68030464
2026-04-24T21:34:51.440575+00:00,recovery_scenario,iperf_tcp,30,8,,ryu_controller,361493,19.9,61173760
2026-04-24T21:34:51.541045+00:00,recovery_scenario,iperf_tcp,30,8,,twin_core,361501,0.0,68030464
2026-04-24T21:34:51.541045+00:00,recovery_scenario,iperf_tcp,30,8,,ryu_controller,361493,39.8,61173760
2026-04-24T21:34:51.641556+00:00,recovery_scenario,iperf_tcp,30,8,,twin_core,361501,0.0,68030464
2026-04-24T21:34:51.641556+00:00,recovery_scenario,iperf_tcp,30,8,,ryu_controller,361493,29.7,61173760
2026-04-24T21:34:51.742684+00:00,recovery_scenario,iperf_tcp,30,8,,twin_core,361501,0.0,68030464
2026-04-24T21:34:51.742684+00:00,recovery_scenario,iperf_tcp,30,8,,ryu_controller,361493,49.1,61173760
2026-04-24T21:34:51.844235+00:00,recovery_scenario,iperf_tcp,30,8,,twin_core,361501,0.0,68030464
2026-04-24T21:34:51.844235+00:00,recovery_scenario,iperf_tcp,30,8,,ryu_controller,361493,87.6,61173760
2026-04-24T21:34:51.949190+00:00,recovery_scenario,iperf_tcp,30,8,,twin_core,361501,9.5,68030464
2026-04-24T21:34:51.949190+00:00,recovery_scenario,iperf_tcp,30,8,,ryu_controller,361493,97.0,61173760
2026-04-24T21:34:52.050272+00:00,recovery_scenario,iperf_tcp,30,8,,twin_core,361501,0.0,68030464
2026-04-24T21:34:52.050272+00:00,recovery_scenario,iperf_tcp,30,8,,ryu_controller,361493,89.4,61173760
2026-04-24T21:34:52.150859+00:00,recovery_scenario,iperf_tcp,30,8,,twin_core,361501,0.0,68030464
2026-04-24T21:34:52.150859+00:00,recovery_scenario,iperf_tcp,30,8,,ryu_controller,361493,89.4,61173760
2026-04-24T21:34:52.251572+00:00,recovery_scenario,iperf_tcp,30,8,,twin_core,361501,0.0,68030464
2026-04-24T21:34:52.251572+00:00,recovery_scenario,iperf_tcp,30,8,,ryu_controller,361493,109.1,61173760
2026-04-24T21:34:52.352476+00:00,recovery_scenario,iperf_tcp,30,8,,twin_core,361501,0.0,68030464
2026-04-24T21:34:52.352476+00:00,recovery_scenario,iperf_tcp,30,8,,ryu_controller,361493,89.3,61173760
2026-04-24T21:34:52.453130+00:00,recovery_scenario,iperf_tcp,30,8,,twin_core,361501,0.0,68030464
2026-04-24T21:34:52.453130+00:00,recovery_scenario,iperf_tcp,30,8,,ryu_controller,361493,89.5,61173760
2026-04-24T21:34:52.553633+00:00,recovery_scenario,iperf_tcp,30,8,,twin_core,361501,0.0,68030464
2026-04-24T21:34:52.553633+00:00,recovery_scenario,iperf_tcp,30,8,,ryu_controller,361493,89.2,61173760
2026-04-24T21:34:52.654588+00:00,recovery_scenario,iperf_tcp,30,8,,twin_core,361501,0.0,68030464
2026-04-24T21:34:52.654588+00:00,recovery_scenario,iperf_tcp,30,8,,ryu_controller,361493,88.9,61173760
2026-04-24T21:34:52.755983+00:00,recovery_scenario,iperf_tcp,30,8,,twin_core,361501,0.0,68030464
2026-04-24T21:34:52.755983+00:00,recovery_scenario,iperf_tcp,30,8,,ryu_controller,361493,89.3,61173760
2026-04-24T21:34:52.856599+00:00,recovery_scenario,iperf_tcp,30,8,,twin_core,361501,9.9,68030464
2026-04-24T21:34:52.856599+00:00,recovery_scenario,iperf_tcp,30,8,,ryu_controller,361493,89.4,61173760
2026-04-24T21:34:52.957475+00:00,recovery_scenario,iperf_tcp,30,8,,twin_core,361501,0.0,68030464
2026-04-24T21:34:52.957475+00:00,recovery_scenario,iperf_tcp,30,8,,ryu_controller,361493,79.4,61173760
2026-04-24T21:34:53.058353+00:00,recovery_scenario,iperf_tcp,30,8,,twin_core,361501,0.0,68030464
2026-04-24T21:34:53.058353+00:00,recovery_scenario,iperf_tcp,30,8,,ryu_controller,361493,89.2,61173760
2026-04-24T21:34:53.158962+00:00,recovery_scenario,iperf_tcp,30,8,,twin_core,361501,0.0,68030464
2026-04-24T21:34:53.158962+00:00,recovery_scenario,iperf_tcp,30,8,,ryu_controller,361493,69.6,61173760
2026-04-24T21:34:53.259665+00:00,recovery_scenario,iperf_tcp,30,8,,twin_core,361501,0.0,68030464
2026-04-24T21:34:53.259665+00:00,recovery_scenario,iperf_tcp,30,8,,ryu_controller,361493,79.2,61173760
2026-04-24T21:34:53.360906+00:00,recovery_scenario,iperf_tcp,30,8,,twin_core,361501,0.0,68030464
2026-04-24T21:34:53.360906+00:00,recovery_scenario,iperf_tcp,30,8,,ryu_controller,361493,59.3,61173760
2026-04-24T21:34:53.462140+00:00,recovery_scenario,iperf_tcp,30,8,,twin_core,361501,0.0,68030464
2026-04-24T21:34:53.462140+00:00,recovery_scenario,iperf_tcp,30,8,,ryu_controller,361493,79.0,61173760
2026-04-24T21:34:53.563919+00:00,recovery_scenario,iperf_tcp,30,8,,twin_core,361501,0.0,68030464
2026-04-24T21:34:53.563919+00:00,recovery_scenario,iperf_tcp,30,8,,ryu_controller,361493,78.7,61173760
2026-04-24T21:34:53.665141+00:00,recovery_scenario,iperf_tcp,30,8,,twin_core,361501,0.0,68030464
2026-04-24T21:34:53.665141+00:00,recovery_scenario,iperf_tcp,30,8,,ryu_controller,361493,69.3,61173760
2026-04-24T21:34:53.765903+00:00,recovery_scenario,iperf_tcp,30,8,,twin_core,361501,9.9,68030464
2026-04-24T21:34:53.765903+00:00,recovery_scenario,iperf_tcp,30,8,,ryu_controller,361493,89.2,61173760
2026-04-24T21:34:53.867375+00:00,recovery_scenario,iperf_tcp,30,8,,twin_core,361501,0.0,68030464
2026-04-24T21:34:53.867375+00:00,recovery_scenario,iperf_tcp,30,8,,ryu_controller,361493,49.3,61173760
2026-04-24T21:34:53.967966+00:00,recovery_scenario,iperf_tcp,30,8,,twin_core,361501,0.0,68030464
2026-04-24T21:34:53.967966+00:00,recovery_scenario,iperf_tcp,30,8,,ryu_controller,361493,49.3,61173760
2026-04-24T21:34:54.069196+00:00,recovery_scenario,iperf_tcp,30,8,,twin_core,361501,0.0,68030464
2026-04-24T21:34:54.069196+00:00,recovery_scenario,iperf_tcp,30,8,,ryu_controller,361493,10.0,61173760
2026-04-24T21:34:54.169606+00:00,recovery_scenario,iperf_tcp,30,8,,twin_core,361501,0.0,68030464
2026-04-24T21:34:54.169606+00:00,recovery_scenario,iperf_tcp,30,8,,ryu_controller,361493,19.9,61173760
2026-04-24T21:34:54.270368+00:00,recovery_scenario,iperf_tcp,30,8,,twin_core,361501,0.0,68030464
2026-04-24T21:34:54.270368+00:00,recovery_scenario,iperf_tcp,30,8,,ryu_controller,361493,10.0,61173760
2026-04-24T21:34:54.372774+00:00,recovery_scenario,iperf_tcp,30,8,,twin_core,361501,9.8,68030464
2026-04-24T21:34:54.372774+00:00,recovery_scenario,iperf_tcp,30,8,,ryu_controller,361493,9.8,61173760
2026-04-24T21:34:54.473178+00:00,recovery_scenario,iperf_tcp,30,8,,twin_core,361501,10.0,68030464
2026-04-24T21:34:54.473178+00:00,recovery_scenario,iperf_tcp,30,8,,ryu_controller,361493,69.8,61173760
2026-04-24T21:34:54.489265+00:00,recovery_scenario,iperf_tcp,30,8,scenario_teardown,,,,
2026-04-24T21:34:54.573540+00:00,recovery_scenario,iperf_tcp,30,8,,twin_core,361501,19.9,68030464
2026-04-24T21:34:54.573540+00:00,recovery_scenario,iperf_tcp,30,8,,ryu_controller,361493,9.9,61173760
2026-04-24T21:34:54.674035+00:00,recovery_scenario,iperf_tcp,30,8,,twin_core,361501,0.0,68030464
2026-04-24T21:34:54.674035+00:00,recovery_scenario,iperf_tcp,30,8,,ryu_controller,361493,19.9,61173760
2026-04-24T21:34:54.774449+00:00,recovery_scenario,iperf_tcp,30,8,,twin_core,361501,0.0,68030464
2026-04-24T21:34:54.774449+00:00,recovery_scenario,iperf_tcp,30,8,,ryu_controller,361493,19.9,61173760
2026-04-24T21:34:54.875025+00:00,recovery_scenario,iperf_tcp,30,8,,twin_core,361501,0.0,68030464
2026-04-24T21:34:54.875025+00:00,recovery_scenario,iperf_tcp,30,8,,ryu_controller,361493,0.0,61173760
2026-04-24T21:34:55.448066+00:00,recovery_scenario,iperf_tcp,30,9,,twin_core,361501,0.0,68030464
2026-04-24T21:34:55.448066+00:00,recovery_scenario,iperf_tcp,30,9,,ryu_controller,361493,0.0,61173760
2026-04-24T21:34:55.549587+00:00,recovery_scenario,iperf_tcp,30,9,,twin_core,361501,9.8,68030464
2026-04-24T21:34:55.549587+00:00,recovery_scenario,iperf_tcp,30,9,,ryu_controller,361493,49.7,61173760
2026-04-24T21:34:55.650099+00:00,recovery_scenario,iperf_tcp,30,9,,twin_core,361501,9.9,68030464
2026-04-24T21:34:55.650099+00:00,recovery_scenario,iperf_tcp,30,9,,ryu_controller,361493,19.9,61173760
2026-04-24T21:34:55.697200+00:00,recovery_scenario,iperf_tcp,30,9,service_started,,,,
2026-04-24T21:34:55.750499+00:00,recovery_scenario,iperf_tcp,30,9,,twin_core,361501,19.9,68030464
2026-04-24T21:34:55.750499+00:00,recovery_scenario,iperf_tcp,30,9,,ryu_controller,361493,39.8,61173760
2026-04-24T21:34:55.850944+00:00,recovery_scenario,iperf_tcp,30,9,,twin_core,361501,0.0,68030464
2026-04-24T21:34:55.850944+00:00,recovery_scenario,iperf_tcp,30,9,,ryu_controller,361493,19.9,61173760
2026-04-24T21:34:55.951393+00:00,recovery_scenario,iperf_tcp,30,9,,twin_core,361501,0.0,68030464
2026-04-24T21:34:55.951393+00:00,recovery_scenario,iperf_tcp,30,9,,ryu_controller,361493,39.8,61173760
2026-04-24T21:34:56.053305+00:00,recovery_scenario,iperf_tcp,30,9,,twin_core,361501,0.0,68030464
2026-04-24T21:34:56.053305+00:00,recovery_scenario,iperf_tcp,30,9,,ryu_controller,361493,19.6,61173760
2026-04-24T21:34:56.153794+00:00,recovery_scenario,iperf_tcp,30,9,,twin_core,361501,0.0,68030464
2026-04-24T21:34:56.153794+00:00,recovery_scenario,iperf_tcp,30,9,,ryu_controller,361493,19.9,61173760
2026-04-24T21:34:56.254876+00:00,recovery_scenario,iperf_tcp,30,9,,twin_core,361501,0.0,68030464
2026-04-24T21:34:56.254876+00:00,recovery_scenario,iperf_tcp,30,9,,ryu_controller,361493,19.8,61173760
2026-04-24T21:34:56.355253+00:00,recovery_scenario,iperf_tcp,30,9,,twin_core,361501,0.0,68030464
2026-04-24T21:34:56.355253+00:00,recovery_scenario,iperf_tcp,30,9,,ryu_controller,361493,19.9,61173760
2026-04-24T21:34:56.457251+00:00,recovery_scenario,iperf_tcp,30,9,,twin_core,361501,0.0,68030464
2026-04-24T21:34:56.457251+00:00,recovery_scenario,iperf_tcp,30,9,,ryu_controller,361493,19.6,61173760
2026-04-24T21:34:56.557764+00:00,recovery_scenario,iperf_tcp,30,9,,twin_core,361501,0.0,68030464
2026-04-24T21:34:56.557764+00:00,recovery_scenario,iperf_tcp,30,9,,ryu_controller,361493,10.0,61173760
2026-04-24T21:34:56.658526+00:00,recovery_scenario,iperf_tcp,30,9,,twin_core,361501,0.0,68030464
2026-04-24T21:34:56.658526+00:00,recovery_scenario,iperf_tcp,30,9,,ryu_controller,361493,9.9,61173760
2026-04-24T21:34:56.760575+00:00,recovery_scenario,iperf_tcp,30,9,,twin_core,361501,0.0,68030464
2026-04-24T21:34:56.760575+00:00,recovery_scenario,iperf_tcp,30,9,,ryu_controller,361493,19.6,61173760
2026-04-24T21:34:56.861608+00:00,recovery_scenario,iperf_tcp,30,9,,twin_core,361501,0.0,68030464
2026-04-24T21:34:56.861608+00:00,recovery_scenario,iperf_tcp,30,9,,ryu_controller,361493,9.9,61173760
2026-04-24T21:34:56.962993+00:00,recovery_scenario,iperf_tcp,30,9,,twin_core,361501,0.0,68030464
2026-04-24T21:34:56.962993+00:00,recovery_scenario,iperf_tcp,30,9,,ryu_controller,361493,39.5,61173760
2026-04-24T21:34:57.066784+00:00,recovery_scenario,iperf_tcp,30,9,,twin_core,361501,0.0,68030464
2026-04-24T21:34:57.066784+00:00,recovery_scenario,iperf_tcp,30,9,,ryu_controller,361493,19.3,61173760
2026-04-24T21:34:57.167245+00:00,recovery_scenario,iperf_tcp,30,9,,twin_core,361501,0.0,68030464
2026-04-24T21:34:57.167245+00:00,recovery_scenario,iperf_tcp,30,9,,ryu_controller,361493,10.0,61173760
2026-04-24T21:34:57.267725+00:00,recovery_scenario,iperf_tcp,30,9,,twin_core,361501,0.0,68030464
2026-04-24T21:34:57.267725+00:00,recovery_scenario,iperf_tcp,30,9,,ryu_controller,361493,19.9,61173760
2026-04-24T21:34:57.368167+00:00,recovery_scenario,iperf_tcp,30,9,,twin_core,361501,0.0,68030464
2026-04-24T21:34:57.368167+00:00,recovery_scenario,iperf_tcp,30,9,,ryu_controller,361493,19.9,61173760
2026-04-24T21:34:57.473266+00:00,recovery_scenario,iperf_tcp,30,9,,twin_core,361501,0.0,68030464
2026-04-24T21:34:57.473266+00:00,recovery_scenario,iperf_tcp,30,9,,ryu_controller,361493,19.0,61173760
2026-04-24T21:34:57.574153+00:00,recovery_scenario,iperf_tcp,30,9,,twin_core,361501,0.0,68030464
2026-04-24T21:34:57.574153+00:00,recovery_scenario,iperf_tcp,30,9,,ryu_controller,361493,9.9,61173760
2026-04-24T21:34:57.674578+00:00,recovery_scenario,iperf_tcp,30,9,,twin_core,361501,0.0,68030464
2026-04-24T21:34:57.674578+00:00,recovery_scenario,iperf_tcp,30,9,,ryu_controller,361493,19.9,61173760
2026-04-24T21:34:57.774988+00:00,recovery_scenario,iperf_tcp,30,9,,twin_core,361501,10.0,68030464
2026-04-24T21:34:57.774988+00:00,recovery_scenario,iperf_tcp,30,9,,ryu_controller,361493,19.9,61173760
2026-04-24T21:34:57.875362+00:00,recovery_scenario,iperf_tcp,30,9,,twin_core,361501,10.0,68030464
2026-04-24T21:34:57.875362+00:00,recovery_scenario,iperf_tcp,30,9,,ryu_controller,361493,29.9,61173760
2026-04-24T21:34:57.975744+00:00,recovery_scenario,iperf_tcp,30,9,,twin_core,361501,0.0,68030464
2026-04-24T21:34:57.975744+00:00,recovery_scenario,iperf_tcp,30,9,,ryu_controller,361493,39.9,61173760
2026-04-24T21:34:58.076095+00:00,recovery_scenario,iperf_tcp,30,9,,twin_core,361501,0.0,68030464
2026-04-24T21:34:58.076095+00:00,recovery_scenario,iperf_tcp,30,9,,ryu_controller,361493,29.9,61173760
2026-04-24T21:34:58.176465+00:00,recovery_scenario,iperf_tcp,30,9,,twin_core,361501,0.0,68030464
2026-04-24T21:34:58.176465+00:00,recovery_scenario,iperf_tcp,30,9,,ryu_controller,361493,0.0,61173760
2026-04-24T21:34:58.277028+00:00,recovery_scenario,iperf_tcp,30,9,,twin_core,361501,0.0,68030464
2026-04-24T21:34:58.277028+00:00,recovery_scenario,iperf_tcp,30,9,,ryu_controller,361493,9.9,61173760
2026-04-24T21:34:58.377460+00:00,recovery_scenario,iperf_tcp,30,9,,twin_core,361501,0.0,68030464
2026-04-24T21:34:58.377460+00:00,recovery_scenario,iperf_tcp,30,9,,ryu_controller,361493,19.9,61173760
2026-04-24T21:34:58.479442+00:00,recovery_scenario,iperf_tcp,30,9,,twin_core,361501,0.0,68030464
2026-04-24T21:34:58.479442+00:00,recovery_scenario,iperf_tcp,30,9,,ryu_controller,361493,0.0,61173760
2026-04-24T21:34:58.580081+00:00,recovery_scenario,iperf_tcp,30,9,,twin_core,361501,0.0,68030464
2026-04-24T21:34:58.580081+00:00,recovery_scenario,iperf_tcp,30,9,,ryu_controller,361493,10.0,61173760
2026-04-24T21:34:58.681696+00:00,recovery_scenario,iperf_tcp,30,9,,twin_core,361501,0.0,68030464
2026-04-24T21:34:58.681696+00:00,recovery_scenario,iperf_tcp,30,9,,ryu_controller,361493,9.8,61173760
2026-04-24T21:34:58.782206+00:00,recovery_scenario,iperf_tcp,30,9,,twin_core,361501,0.0,68030464
2026-04-24T21:34:58.782206+00:00,recovery_scenario,iperf_tcp,30,9,,ryu_controller,361493,10.0,61173760
2026-04-24T21:34:58.883614+00:00,recovery_scenario,iperf_tcp,30,9,,twin_core,361501,0.0,68030464
2026-04-24T21:34:58.883614+00:00,recovery_scenario,iperf_tcp,30,9,,ryu_controller,361493,9.9,61173760
2026-04-24T21:34:58.984127+00:00,recovery_scenario,iperf_tcp,30,9,,twin_core,361501,10.0,68030464
2026-04-24T21:34:58.984127+00:00,recovery_scenario,iperf_tcp,30,9,,ryu_controller,361493,0.0,61173760
2026-04-24T21:34:59.084565+00:00,recovery_scenario,iperf_tcp,30,9,,twin_core,361501,0.0,68030464
2026-04-24T21:34:59.084565+00:00,recovery_scenario,iperf_tcp,30,9,,ryu_controller,361493,19.9,61173760
2026-04-24T21:34:59.186196+00:00,recovery_scenario,iperf_tcp,30,9,,twin_core,361501,0.0,68030464
2026-04-24T21:34:59.186196+00:00,recovery_scenario,iperf_tcp,30,9,,ryu_controller,361493,9.9,61173760
2026-04-24T21:34:59.287486+00:00,recovery_scenario,iperf_tcp,30,9,,twin_core,361501,0.0,68030464
2026-04-24T21:34:59.287486+00:00,recovery_scenario,iperf_tcp,30,9,,ryu_controller,361493,9.9,61173760
2026-04-24T21:34:59.387984+00:00,recovery_scenario,iperf_tcp,30,9,,twin_core,361501,0.0,68030464
2026-04-24T21:34:59.387984+00:00,recovery_scenario,iperf_tcp,30,9,,ryu_controller,361493,10.0,61173760
2026-04-24T21:34:59.488451+00:00,recovery_scenario,iperf_tcp,30,9,,twin_core,361501,0.0,68030464
2026-04-24T21:34:59.488451+00:00,recovery_scenario,iperf_tcp,30,9,,ryu_controller,361493,0.0,61173760
2026-04-24T21:34:59.588919+00:00,recovery_scenario,iperf_tcp,30,9,,twin_core,361501,0.0,68030464
2026-04-24T21:34:59.588919+00:00,recovery_scenario,iperf_tcp,30,9,,ryu_controller,361493,10.0,61173760
2026-04-24T21:34:59.689328+00:00,recovery_scenario,iperf_tcp,30,9,,twin_core,361501,0.0,68030464
2026-04-24T21:34:59.689328+00:00,recovery_scenario,iperf_tcp,30,9,,ryu_controller,361493,29.9,61173760
2026-04-24T21:34:59.790760+00:00,recovery_scenario,iperf_tcp,30,9,,twin_core,361501,0.0,68030464
2026-04-24T21:34:59.790760+00:00,recovery_scenario,iperf_tcp,30,9,,ryu_controller,361493,0.0,61173760
2026-04-24T21:34:59.891217+00:00,recovery_scenario,iperf_tcp,30,9,,twin_core,361501,19.9,68030464
2026-04-24T21:34:59.891217+00:00,recovery_scenario,iperf_tcp,30,9,,ryu_controller,361493,59.8,61177856
2026-04-24T21:34:59.991630+00:00,recovery_scenario,iperf_tcp,30,9,,twin_core,361501,9.9,68030464
2026-04-24T21:34:59.991630+00:00,recovery_scenario,iperf_tcp,30,9,,ryu_controller,361493,19.9,61177856
2026-04-24T21:35:00.092364+00:00,recovery_scenario,iperf_tcp,30,9,,twin_core,361501,0.0,68030464
2026-04-24T21:35:00.092364+00:00,recovery_scenario,iperf_tcp,30,9,,ryu_controller,361493,69.4,61177856
2026-04-24T21:35:00.196033+00:00,recovery_scenario,iperf_tcp,30,9,,twin_core,361501,0.0,68030464
2026-04-24T21:35:00.196033+00:00,recovery_scenario,iperf_tcp,30,9,,ryu_controller,361493,19.3,61177856
2026-04-24T21:35:00.297508+00:00,recovery_scenario,iperf_tcp,30,9,,twin_core,361501,0.0,68030464
2026-04-24T21:35:00.297508+00:00,recovery_scenario,iperf_tcp,30,9,,ryu_controller,361493,9.8,61177856
2026-04-24T21:35:00.398172+00:00,recovery_scenario,iperf_tcp,30,9,,twin_core,361501,0.0,68030464
2026-04-24T21:35:00.398172+00:00,recovery_scenario,iperf_tcp,30,9,,ryu_controller,361493,10.0,61177856
2026-04-24T21:35:00.498571+00:00,recovery_scenario,iperf_tcp,30,9,,twin_core,361501,0.0,68030464
2026-04-24T21:35:00.498571+00:00,recovery_scenario,iperf_tcp,30,9,,ryu_controller,361493,10.0,61177856
2026-04-24T21:35:00.599020+00:00,recovery_scenario,iperf_tcp,30,9,,twin_core,361501,0.0,68030464
2026-04-24T21:35:00.599020+00:00,recovery_scenario,iperf_tcp,30,9,,ryu_controller,361493,10.0,61177856
2026-04-24T21:35:00.699429+00:00,recovery_scenario,iperf_tcp,30,9,,twin_core,361501,0.0,68030464
2026-04-24T21:35:00.699429+00:00,recovery_scenario,iperf_tcp,30,9,,ryu_controller,361493,10.0,61177856
2026-04-24T21:35:00.799882+00:00,recovery_scenario,iperf_tcp,30,9,,twin_core,361501,0.0,68030464
2026-04-24T21:35:00.799882+00:00,recovery_scenario,iperf_tcp,30,9,,ryu_controller,361493,10.0,61177856
2026-04-24T21:35:00.900267+00:00,recovery_scenario,iperf_tcp,30,9,,twin_core,361501,0.0,68030464
2026-04-24T21:35:00.900267+00:00,recovery_scenario,iperf_tcp,30,9,,ryu_controller,361493,10.0,61177856
2026-04-24T21:35:01.006465+00:00,recovery_scenario,iperf_tcp,30,9,,twin_core,361501,0.0,68030464
2026-04-24T21:35:01.006465+00:00,recovery_scenario,iperf_tcp,30,9,,ryu_controller,361493,9.4,61177856
2026-04-24T21:35:01.106976+00:00,recovery_scenario,iperf_tcp,30,9,,twin_core,361501,10.0,68030464
2026-04-24T21:35:01.106976+00:00,recovery_scenario,iperf_tcp,30,9,,ryu_controller,361493,10.0,61177856
2026-04-24T21:35:01.207463+00:00,recovery_scenario,iperf_tcp,30,9,,twin_core,361501,0.0,68030464
2026-04-24T21:35:01.207463+00:00,recovery_scenario,iperf_tcp,30,9,,ryu_controller,361493,9.9,61177856
2026-04-24T21:35:01.312108+00:00,recovery_scenario,iperf_tcp,30,9,,twin_core,361501,0.0,68030464
2026-04-24T21:35:01.312108+00:00,recovery_scenario,iperf_tcp,30,9,,ryu_controller,361493,9.5,61177856
2026-04-24T21:35:01.414101+00:00,recovery_scenario,iperf_tcp,30,9,,twin_core,361501,0.0,68030464
2026-04-24T21:35:01.414101+00:00,recovery_scenario,iperf_tcp,30,9,,ryu_controller,361493,0.0,61177856
2026-04-24T21:35:01.516407+00:00,recovery_scenario,iperf_tcp,30,9,,twin_core,361501,0.0,68030464
2026-04-24T21:35:01.516407+00:00,recovery_scenario,iperf_tcp,30,9,,ryu_controller,361493,0.0,61177856
2026-04-24T21:35:01.532357+00:00,recovery_scenario,iperf_tcp,30,9,pingall_completed,,,,
2026-04-24T21:35:01.622190+00:00,recovery_scenario,iperf_tcp,30,9,,twin_core,361501,0.0,68030464
2026-04-24T21:35:01.622190+00:00,recovery_scenario,iperf_tcp,30,9,,ryu_controller,361493,9.4,61177856
2026-04-24T21:35:01.722906+00:00,recovery_scenario,iperf_tcp,30,9,,twin_core,361501,0.0,68030464
2026-04-24T21:35:01.722906+00:00,recovery_scenario,iperf_tcp,30,9,,ryu_controller,361493,0.0,61177856
2026-04-24T21:35:01.833030+00:00,recovery_scenario,iperf_tcp,30,9,,twin_core,361501,0.0,68030464
2026-04-24T21:35:01.833030+00:00,recovery_scenario,iperf_tcp,30,9,,ryu_controller,361493,18.2,61177856
2026-04-24T21:35:01.933425+00:00,recovery_scenario,iperf_tcp,30,9,,twin_core,361501,10.0,68030464
2026-04-24T21:35:01.933425+00:00,recovery_scenario,iperf_tcp,30,9,,ryu_controller,361493,29.9,61177856
2026-04-24T21:35:02.039626+00:00,recovery_scenario,iperf_tcp,30,9,,twin_core,361501,0.0,68030464
2026-04-24T21:35:02.039626+00:00,recovery_scenario,iperf_tcp,30,9,,ryu_controller,361493,47.0,61198336
2026-04-24T21:35:02.140168+00:00,recovery_scenario,iperf_tcp,30,9,,twin_core,361501,0.0,68030464
2026-04-24T21:35:02.140168+00:00,recovery_scenario,iperf_tcp,30,9,,ryu_controller,361493,19.9,61198336
2026-04-24T21:35:02.245570+00:00,recovery_scenario,iperf_tcp,30,9,,twin_core,361501,0.0,68030464
2026-04-24T21:35:02.245570+00:00,recovery_scenario,iperf_tcp,30,9,,ryu_controller,361493,47.2,61267968
2026-04-24T21:35:02.359854+00:00,recovery_scenario,iperf_tcp,30,9,,twin_core,361501,0.0,68030464
2026-04-24T21:35:02.359854+00:00,recovery_scenario,iperf_tcp,30,9,,ryu_controller,361493,7.4,61267968
2026-04-24T21:35:02.491885+00:00,recovery_scenario,iperf_tcp,30,9,,twin_core,361501,22.7,68030464
2026-04-24T21:35:02.491885+00:00,recovery_scenario,iperf_tcp,30,9,,ryu_controller,361493,0.0,61267968
2026-04-24T21:35:02.595544+00:00,recovery_scenario,iperf_tcp,30,9,,twin_core,361501,0.0,68030464
2026-04-24T21:35:02.595544+00:00,recovery_scenario,iperf_tcp,30,9,,ryu_controller,361493,0.0,61267968
2026-04-24T21:35:02.696201+00:00,recovery_scenario,iperf_tcp,30,9,,twin_core,361501,0.0,68030464
2026-04-24T21:35:02.696201+00:00,recovery_scenario,iperf_tcp,30,9,,ryu_controller,361493,0.0,61267968
2026-04-24T21:35:02.796691+00:00,recovery_scenario,iperf_tcp,30,9,,twin_core,361501,0.0,68030464
2026-04-24T21:35:02.796691+00:00,recovery_scenario,iperf_tcp,30,9,,ryu_controller,361493,9.9,61267968
2026-04-24T21:35:02.897319+00:00,recovery_scenario,iperf_tcp,30,9,,twin_core,361501,0.0,68030464
2026-04-24T21:35:02.897319+00:00,recovery_scenario,iperf_tcp,30,9,,ryu_controller,361493,0.0,61267968
2026-04-24T21:35:02.998137+00:00,recovery_scenario,iperf_tcp,30,9,,twin_core,361501,0.0,68030464
2026-04-24T21:35:02.998137+00:00,recovery_scenario,iperf_tcp,30,9,,ryu_controller,361493,0.0,61267968
2026-04-24T21:35:03.099270+00:00,recovery_scenario,iperf_tcp,30,9,,twin_core,361501,0.0,68030464
2026-04-24T21:35:03.099270+00:00,recovery_scenario,iperf_tcp,30,9,,ryu_controller,361493,0.0,61267968
2026-04-24T21:35:03.205005+00:00,recovery_scenario,iperf_tcp,30,9,,twin_core,361501,9.4,68030464
2026-04-24T21:35:03.205005+00:00,recovery_scenario,iperf_tcp,30,9,,ryu_controller,361493,9.4,61267968
2026-04-24T21:35:03.308860+00:00,recovery_scenario,iperf_tcp,30,9,,twin_core,361501,0.0,68030464
2026-04-24T21:35:03.308860+00:00,recovery_scenario,iperf_tcp,30,9,,ryu_controller,361493,9.7,61267968
2026-04-24T21:35:03.411832+00:00,recovery_scenario,iperf_tcp,30,9,,twin_core,361501,0.0,68030464
2026-04-24T21:35:03.411832+00:00,recovery_scenario,iperf_tcp,30,9,,ryu_controller,361493,0.0,61267968
2026-04-24T21:35:03.515314+00:00,recovery_scenario,iperf_tcp,30,9,,twin_core,361501,0.0,68030464
2026-04-24T21:35:03.515314+00:00,recovery_scenario,iperf_tcp,30,9,,ryu_controller,361493,0.0,61267968
2026-04-24T21:35:03.548937+00:00,recovery_scenario,iperf_tcp,30,9,background_traffic_started,,,,
2026-04-24T21:35:03.620077+00:00,recovery_scenario,iperf_tcp,30,9,,twin_core,361501,9.5,68030464
2026-04-24T21:35:03.620077+00:00,recovery_scenario,iperf_tcp,30,9,,ryu_controller,361493,19.1,61267968
2026-04-24T21:35:03.722974+00:00,recovery_scenario,iperf_tcp,30,9,,twin_core,361501,0.0,68030464
2026-04-24T21:35:03.722974+00:00,recovery_scenario,iperf_tcp,30,9,,ryu_controller,361493,49.3,61267968
2026-04-24T21:35:03.815012+00:00,recovery_scenario,iperf_tcp,30,9,fault_injected,,,,
2026-04-24T21:35:03.834269+00:00,recovery_scenario,iperf_tcp,30,9,,twin_core,361501,9.0,68030464
2026-04-24T21:35:03.834269+00:00,recovery_scenario,iperf_tcp,30,9,,ryu_controller,361493,27.0,61267968
2026-04-24T21:35:03.937027+00:00,recovery_scenario,iperf_tcp,30,9,,twin_core,361501,0.0,68030464
2026-04-24T21:35:03.937027+00:00,recovery_scenario,iperf_tcp,30,9,,ryu_controller,361493,28.9,61267968
2026-04-24T21:35:04.039269+00:00,recovery_scenario,iperf_tcp,30,9,,twin_core,361501,0.0,68030464
2026-04-24T21:35:04.039269+00:00,recovery_scenario,iperf_tcp,30,9,,ryu_controller,361493,69.0,61267968
2026-04-24T21:35:04.140847+00:00,recovery_scenario,iperf_tcp,30,9,,twin_core,361501,0.0,68030464
2026-04-24T21:35:04.140847+00:00,recovery_scenario,iperf_tcp,30,9,,ryu_controller,361493,96.9,61267968
2026-04-24T21:35:04.243298+00:00,recovery_scenario,iperf_tcp,30,9,,twin_core,361501,9.8,68030464
2026-04-24T21:35:04.243298+00:00,recovery_scenario,iperf_tcp,30,9,,ryu_controller,361493,99.5,61267968
2026-04-24T21:35:04.346964+00:00,recovery_scenario,iperf_tcp,30,9,,twin_core,361501,0.0,68030464
2026-04-24T21:35:04.346964+00:00,recovery_scenario,iperf_tcp,30,9,,ryu_controller,361493,106.0,61267968
2026-04-24T21:35:04.447605+00:00,recovery_scenario,iperf_tcp,30,9,,twin_core,361501,0.0,68030464
2026-04-24T21:35:04.447605+00:00,recovery_scenario,iperf_tcp,30,9,,ryu_controller,361493,79.4,61267968
2026-04-24T21:35:04.548306+00:00,recovery_scenario,iperf_tcp,30,9,,twin_core,361501,0.0,68030464
2026-04-24T21:35:04.548306+00:00,recovery_scenario,iperf_tcp,30,9,,ryu_controller,361493,79.7,61267968
2026-04-24T21:35:04.648746+00:00,recovery_scenario,iperf_tcp,30,9,,twin_core,361501,0.0,68030464
2026-04-24T21:35:04.648746+00:00,recovery_scenario,iperf_tcp,30,9,,ryu_controller,361493,69.6,61267968
2026-04-24T21:35:04.749321+00:00,recovery_scenario,iperf_tcp,30,9,,twin_core,361501,0.0,68030464
2026-04-24T21:35:04.749321+00:00,recovery_scenario,iperf_tcp,30,9,,ryu_controller,361493,69.6,61267968
2026-04-24T21:35:04.849930+00:00,recovery_scenario,iperf_tcp,30,9,,twin_core,361501,0.0,68030464
2026-04-24T21:35:04.849930+00:00,recovery_scenario,iperf_tcp,30,9,,ryu_controller,361493,79.6,61267968
2026-04-24T21:35:04.950601+00:00,recovery_scenario,iperf_tcp,30,9,,twin_core,361501,0.0,68030464
2026-04-24T21:35:04.950601+00:00,recovery_scenario,iperf_tcp,30,9,,ryu_controller,361493,69.1,61267968
2026-04-24T21:35:05.052373+00:00,recovery_scenario,iperf_tcp,30,9,,twin_core,361501,0.0,68030464
2026-04-24T21:35:05.052373+00:00,recovery_scenario,iperf_tcp,30,9,,ryu_controller,361493,78.7,61267968
2026-04-24T21:35:05.153960+00:00,recovery_scenario,iperf_tcp,30,9,,twin_core,361501,0.0,68030464
2026-04-24T21:35:05.153960+00:00,recovery_scenario,iperf_tcp,30,9,,ryu_controller,361493,79.1,61267968
2026-04-24T21:35:05.255918+00:00,recovery_scenario,iperf_tcp,30,9,,twin_core,361501,0.0,68030464
2026-04-24T21:35:05.255918+00:00,recovery_scenario,iperf_tcp,30,9,,ryu_controller,361493,88.0,61267968
2026-04-24T21:35:05.357018+00:00,recovery_scenario,iperf_tcp,30,9,,twin_core,361501,9.9,68030464
2026-04-24T21:35:05.357018+00:00,recovery_scenario,iperf_tcp,30,9,,ryu_controller,361493,99.4,61267968
2026-04-24T21:35:05.457426+00:00,recovery_scenario,iperf_tcp,30,9,,twin_core,361501,0.0,68030464
2026-04-24T21:35:05.457426+00:00,recovery_scenario,iperf_tcp,30,9,,ryu_controller,361493,79.5,61267968
2026-04-24T21:35:05.558226+00:00,recovery_scenario,iperf_tcp,30,9,,twin_core,361501,0.0,68030464
2026-04-24T21:35:05.558226+00:00,recovery_scenario,iperf_tcp,30,9,,ryu_controller,361493,109.4,61267968
2026-04-24T21:35:05.658766+00:00,recovery_scenario,iperf_tcp,30,9,,twin_core,361501,0.0,68030464
2026-04-24T21:35:05.658766+00:00,recovery_scenario,iperf_tcp,30,9,,ryu_controller,361493,88.8,61267968
2026-04-24T21:35:05.760036+00:00,recovery_scenario,iperf_tcp,30,9,,twin_core,361501,0.0,68030464
2026-04-24T21:35:05.760036+00:00,recovery_scenario,iperf_tcp,30,9,,ryu_controller,361493,89.5,61267968
2026-04-24T21:35:05.861272+00:00,recovery_scenario,iperf_tcp,30,9,,twin_core,361501,0.0,68030464
2026-04-24T21:35:05.861272+00:00,recovery_scenario,iperf_tcp,30,9,,ryu_controller,361493,108.7,61267968
2026-04-24T21:35:05.961798+00:00,recovery_scenario,iperf_tcp,30,9,,twin_core,361501,0.0,68030464
2026-04-24T21:35:05.961798+00:00,recovery_scenario,iperf_tcp,30,9,,ryu_controller,361493,69.7,61267968
2026-04-24T21:35:06.062416+00:00,recovery_scenario,iperf_tcp,30,9,,twin_core,361501,0.0,68030464
2026-04-24T21:35:06.062416+00:00,recovery_scenario,iperf_tcp,30,9,,ryu_controller,361493,89.2,61267968
2026-04-24T21:35:06.163857+00:00,recovery_scenario,iperf_tcp,30,9,,twin_core,361501,9.9,68030464
2026-04-24T21:35:06.163857+00:00,recovery_scenario,iperf_tcp,30,9,,ryu_controller,361493,86.4,61267968
2026-04-24T21:35:06.267874+00:00,recovery_scenario,iperf_tcp,30,9,,twin_core,361501,9.6,68030464
2026-04-24T21:35:06.267874+00:00,recovery_scenario,iperf_tcp,30,9,,ryu_controller,361493,79.1,61267968
2026-04-24T21:35:06.368456+00:00,recovery_scenario,iperf_tcp,30,9,,twin_core,361501,9.9,68030464
2026-04-24T21:35:06.368456+00:00,recovery_scenario,iperf_tcp,30,9,,ryu_controller,361493,39.7,61267968
2026-04-24T21:35:06.455051+00:00,recovery_scenario,iperf_tcp,30,9,recovery_requested,,,,
2026-04-24T21:35:06.469505+00:00,recovery_scenario,iperf_tcp,30,9,,twin_core,361501,19.8,68030464
2026-04-24T21:35:06.469505+00:00,recovery_scenario,iperf_tcp,30,9,,ryu_controller,361493,59.2,61267968
2026-04-24T21:35:06.570690+00:00,recovery_scenario,iperf_tcp,30,9,,twin_core,361501,0.0,68030464
2026-04-24T21:35:06.570690+00:00,recovery_scenario,iperf_tcp,30,9,,ryu_controller,361493,49.4,61267968
2026-04-24T21:35:06.671747+00:00,recovery_scenario,iperf_tcp,30,9,,twin_core,361501,0.0,68030464
2026-04-24T21:35:06.671747+00:00,recovery_scenario,iperf_tcp,30,9,,ryu_controller,361493,99.3,61267968
2026-04-24T21:35:06.772397+00:00,recovery_scenario,iperf_tcp,30,9,,twin_core,361501,0.0,68030464
2026-04-24T21:35:06.772397+00:00,recovery_scenario,iperf_tcp,30,9,,ryu_controller,361493,99.1,61267968
2026-04-24T21:35:06.873398+00:00,recovery_scenario,iperf_tcp,30,9,,twin_core,361501,0.0,68030464
2026-04-24T21:35:06.873398+00:00,recovery_scenario,iperf_tcp,30,9,,ryu_controller,361493,89.3,61267968
2026-04-24T21:35:06.975058+00:00,recovery_scenario,iperf_tcp,30,9,,twin_core,361501,0.0,68030464
2026-04-24T21:35:06.975058+00:00,recovery_scenario,iperf_tcp,30,9,,ryu_controller,361493,88.6,61267968
2026-04-24T21:35:07.075807+00:00,recovery_scenario,iperf_tcp,30,9,,twin_core,361501,0.0,68030464
2026-04-24T21:35:07.075807+00:00,recovery_scenario,iperf_tcp,30,9,,ryu_controller,361493,96.6,61267968
2026-04-24T21:35:07.183868+00:00,recovery_scenario,iperf_tcp,30,9,,twin_core,361501,0.0,68030464
2026-04-24T21:35:07.183868+00:00,recovery_scenario,iperf_tcp,30,9,,ryu_controller,361493,75.9,61267968
2026-04-24T21:35:07.285003+00:00,recovery_scenario,iperf_tcp,30,9,,twin_core,361501,9.9,68030464
2026-04-24T21:35:07.285003+00:00,recovery_scenario,iperf_tcp,30,9,,ryu_controller,361493,98.5,61267968
2026-04-24T21:35:07.387125+00:00,recovery_scenario,iperf_tcp,30,9,,twin_core,361501,0.0,68030464
2026-04-24T21:35:07.387125+00:00,recovery_scenario,iperf_tcp,30,9,,ryu_controller,361493,97.7,61267968
2026-04-24T21:35:07.488441+00:00,recovery_scenario,iperf_tcp,30,9,,twin_core,361501,0.0,68030464
2026-04-24T21:35:07.488441+00:00,recovery_scenario,iperf_tcp,30,9,,ryu_controller,361493,99.5,61267968
2026-04-24T21:35:07.589243+00:00,recovery_scenario,iperf_tcp,30,9,,twin_core,361501,0.0,68030464
2026-04-24T21:35:07.589243+00:00,recovery_scenario,iperf_tcp,30,9,,ryu_controller,361493,79.5,61267968
2026-04-24T21:35:07.691768+00:00,recovery_scenario,iperf_tcp,30,9,,twin_core,361501,0.0,68030464
2026-04-24T21:35:07.691768+00:00,recovery_scenario,iperf_tcp,30,9,,ryu_controller,361493,87.8,61267968
2026-04-24T21:35:07.792264+00:00,recovery_scenario,iperf_tcp,30,9,,twin_core,361501,0.0,68030464
2026-04-24T21:35:07.792264+00:00,recovery_scenario,iperf_tcp,30,9,,ryu_controller,361493,89.6,61267968
2026-04-24T21:35:07.892801+00:00,recovery_scenario,iperf_tcp,30,9,,twin_core,361501,0.0,68030464
2026-04-24T21:35:07.892801+00:00,recovery_scenario,iperf_tcp,30,9,,ryu_controller,361493,39.8,61267968
2026-04-24T21:35:07.993165+00:00,recovery_scenario,iperf_tcp,30,9,,twin_core,361501,0.0,68030464
2026-04-24T21:35:07.993165+00:00,recovery_scenario,iperf_tcp,30,9,,ryu_controller,361493,0.0,61267968
2026-04-24T21:35:08.093786+00:00,recovery_scenario,iperf_tcp,30,9,,twin_core,361501,0.0,68030464
2026-04-24T21:35:08.093786+00:00,recovery_scenario,iperf_tcp,30,9,,ryu_controller,361493,9.9,61267968
2026-04-24T21:35:08.194267+00:00,recovery_scenario,iperf_tcp,30,9,,twin_core,361501,0.0,68030464
2026-04-24T21:35:08.194267+00:00,recovery_scenario,iperf_tcp,30,9,,ryu_controller,361493,0.0,61267968
2026-04-24T21:35:08.296194+00:00,recovery_scenario,iperf_tcp,30,9,,twin_core,361501,0.0,68030464
2026-04-24T21:35:08.296194+00:00,recovery_scenario,iperf_tcp,30,9,,ryu_controller,361493,19.6,61267968
2026-04-24T21:35:08.396880+00:00,recovery_scenario,iperf_tcp,30,9,,twin_core,361501,19.9,68030464
2026-04-24T21:35:08.396880+00:00,recovery_scenario,iperf_tcp,30,9,,ryu_controller,361493,89.1,61267968
2026-04-24T21:35:08.498792+00:00,recovery_scenario,iperf_tcp,30,9,,twin_core,361501,0.0,68030464
2026-04-24T21:35:08.498792+00:00,recovery_scenario,iperf_tcp,30,9,,ryu_controller,361493,69.0,61267968
2026-04-24T21:35:08.533101+00:00,recovery_scenario,iperf_tcp,30,9,scenario_teardown,,,,
2026-04-24T21:35:08.599174+00:00,recovery_scenario,iperf_tcp,30,9,,twin_core,361501,10.0,68030464
2026-04-24T21:35:08.599174+00:00,recovery_scenario,iperf_tcp,30,9,,ryu_controller,361493,29.9,61267968
2026-04-24T21:35:08.699588+00:00,recovery_scenario,iperf_tcp,30,9,,twin_core,361501,0.0,68030464
2026-04-24T21:35:08.699588+00:00,recovery_scenario,iperf_tcp,30,9,,ryu_controller,361493,9.9,61267968
2026-04-24T21:35:08.800132+00:00,recovery_scenario,iperf_tcp,30,9,,twin_core,361501,0.0,68030464
2026-04-24T21:35:08.800132+00:00,recovery_scenario,iperf_tcp,30,9,,ryu_controller,361493,10.0,61267968
2026-04-24T21:35:08.900517+00:00,recovery_scenario,iperf_tcp,30,9,,twin_core,361501,0.0,68030464
2026-04-24T21:35:08.900517+00:00,recovery_scenario,iperf_tcp,30,9,,ryu_controller,361493,9.9,61267968
2026-04-24T21:35:09.397318+00:00,recovery_scenario,iperf_tcp,30,10,,twin_core,361501,0.0,68030464
2026-04-24T21:35:09.397318+00:00,recovery_scenario,iperf_tcp,30,10,,ryu_controller,361493,0.0,61267968
2026-04-24T21:35:09.499215+00:00,recovery_scenario,iperf_tcp,30,10,,twin_core,361501,0.0,68030464
2026-04-24T21:35:09.499215+00:00,recovery_scenario,iperf_tcp,30,10,,ryu_controller,361493,39.7,61267968
2026-04-24T21:35:09.599905+00:00,recovery_scenario,iperf_tcp,30,10,,twin_core,361501,9.9,68030464
2026-04-24T21:35:09.599905+00:00,recovery_scenario,iperf_tcp,30,10,,ryu_controller,361493,19.9,61267968
2026-04-24T21:35:09.661287+00:00,recovery_scenario,iperf_tcp,30,10,service_started,,,,
2026-04-24T21:35:09.700411+00:00,recovery_scenario,iperf_tcp,30,10,,twin_core,361501,9.9,68030464
2026-04-24T21:35:09.700411+00:00,recovery_scenario,iperf_tcp,30,10,,ryu_controller,361493,39.8,61267968
2026-04-24T21:35:09.800842+00:00,recovery_scenario,iperf_tcp,30,10,,twin_core,361501,0.0,68030464
2026-04-24T21:35:09.800842+00:00,recovery_scenario,iperf_tcp,30,10,,ryu_controller,361493,39.8,61267968
2026-04-24T21:35:09.902213+00:00,recovery_scenario,iperf_tcp,30,10,,twin_core,361501,0.0,68030464
2026-04-24T21:35:09.902213+00:00,recovery_scenario,iperf_tcp,30,10,,ryu_controller,361493,9.9,61267968
2026-04-24T21:35:10.003221+00:00,recovery_scenario,iperf_tcp,30,10,,twin_core,361501,0.0,68030464
2026-04-24T21:35:10.003221+00:00,recovery_scenario,iperf_tcp,30,10,,ryu_controller,361493,9.9,61267968
2026-04-24T21:35:10.103787+00:00,recovery_scenario,iperf_tcp,30,10,,twin_core,361501,0.0,68030464
2026-04-24T21:35:10.103787+00:00,recovery_scenario,iperf_tcp,30,10,,ryu_controller,361493,39.8,61267968
2026-04-24T21:35:10.207900+00:00,recovery_scenario,iperf_tcp,30,10,,twin_core,361501,9.6,68030464
2026-04-24T21:35:10.207900+00:00,recovery_scenario,iperf_tcp,30,10,,ryu_controller,361493,9.6,61267968
2026-04-24T21:35:10.308396+00:00,recovery_scenario,iperf_tcp,30,10,,twin_core,361501,0.0,68030464
2026-04-24T21:35:10.308396+00:00,recovery_scenario,iperf_tcp,30,10,,ryu_controller,361493,19.9,61267968
2026-04-24T21:35:10.415167+00:00,recovery_scenario,iperf_tcp,30,10,,twin_core,361501,0.0,68030464
2026-04-24T21:35:10.415167+00:00,recovery_scenario,iperf_tcp,30,10,,ryu_controller,361493,9.4,61267968
2026-04-24T21:35:10.515696+00:00,recovery_scenario,iperf_tcp,30,10,,twin_core,361501,0.0,68030464
2026-04-24T21:35:10.515696+00:00,recovery_scenario,iperf_tcp,30,10,,ryu_controller,361493,49.7,61267968
2026-04-24T21:35:10.616359+00:00,recovery_scenario,iperf_tcp,30,10,,twin_core,361501,0.0,68030464
2026-04-24T21:35:10.616359+00:00,recovery_scenario,iperf_tcp,30,10,,ryu_controller,361493,10.0,61267968
2026-04-24T21:35:10.716744+00:00,recovery_scenario,iperf_tcp,30,10,,twin_core,361501,0.0,68030464
2026-04-24T21:35:10.716744+00:00,recovery_scenario,iperf_tcp,30,10,,ryu_controller,361493,19.9,61267968
2026-04-24T21:35:10.818294+00:00,recovery_scenario,iperf_tcp,30,10,,twin_core,361501,0.0,68030464
2026-04-24T21:35:10.818294+00:00,recovery_scenario,iperf_tcp,30,10,,ryu_controller,361493,39.4,61267968
2026-04-24T21:35:10.923768+00:00,recovery_scenario,iperf_tcp,30,10,,twin_core,361501,0.0,68030464
2026-04-24T21:35:10.923768+00:00,recovery_scenario,iperf_tcp,30,10,,ryu_controller,361493,9.5,61267968
2026-04-24T21:35:11.024226+00:00,recovery_scenario,iperf_tcp,30,10,,twin_core,361501,0.0,68030464
2026-04-24T21:35:11.024226+00:00,recovery_scenario,iperf_tcp,30,10,,ryu_controller,361493,19.9,61267968
2026-04-24T21:35:11.124608+00:00,recovery_scenario,iperf_tcp,30,10,,twin_core,361501,0.0,68030464
2026-04-24T21:35:11.124608+00:00,recovery_scenario,iperf_tcp,30,10,,ryu_controller,361493,29.9,61267968
2026-04-24T21:35:11.226423+00:00,recovery_scenario,iperf_tcp,30,10,,twin_core,361501,0.0,68030464
2026-04-24T21:35:11.226423+00:00,recovery_scenario,iperf_tcp,30,10,,ryu_controller,361493,9.8,61267968
2026-04-24T21:35:11.327054+00:00,recovery_scenario,iperf_tcp,30,10,,twin_core,361501,0.0,68030464
2026-04-24T21:35:11.327054+00:00,recovery_scenario,iperf_tcp,30,10,,ryu_controller,361493,19.9,61267968
2026-04-24T21:35:11.427434+00:00,recovery_scenario,iperf_tcp,30,10,,twin_core,361501,0.0,68030464
2026-04-24T21:35:11.427434+00:00,recovery_scenario,iperf_tcp,30,10,,ryu_controller,361493,19.9,61267968
2026-04-24T21:35:11.527873+00:00,recovery_scenario,iperf_tcp,30,10,,twin_core,361501,0.0,68030464
2026-04-24T21:35:11.527873+00:00,recovery_scenario,iperf_tcp,30,10,,ryu_controller,361493,10.0,61267968
2026-04-24T21:35:11.636834+00:00,recovery_scenario,iperf_tcp,30,10,,twin_core,361501,0.0,68030464
2026-04-24T21:35:11.636834+00:00,recovery_scenario,iperf_tcp,30,10,,ryu_controller,361493,9.2,61267968
2026-04-24T21:35:11.737298+00:00,recovery_scenario,iperf_tcp,30,10,,twin_core,361501,10.0,68030464
2026-04-24T21:35:11.737298+00:00,recovery_scenario,iperf_tcp,30,10,,ryu_controller,361493,29.9,61267968
2026-04-24T21:35:11.837676+00:00,recovery_scenario,iperf_tcp,30,10,,twin_core,361501,10.0,68030464
2026-04-24T21:35:11.837676+00:00,recovery_scenario,iperf_tcp,30,10,,ryu_controller,361493,39.8,61267968
2026-04-24T21:35:11.938091+00:00,recovery_scenario,iperf_tcp,30,10,,twin_core,361501,0.0,68030464
2026-04-24T21:35:11.938091+00:00,recovery_scenario,iperf_tcp,30,10,,ryu_controller,361493,10.0,61267968
2026-04-24T21:35:12.038929+00:00,recovery_scenario,iperf_tcp,30,10,,twin_core,361501,0.0,68030464
2026-04-24T21:35:12.038929+00:00,recovery_scenario,iperf_tcp,30,10,,ryu_controller,361493,19.8,61267968
2026-04-24T21:35:12.141278+00:00,recovery_scenario,iperf_tcp,30,10,,twin_core,361501,0.0,68030464
2026-04-24T21:35:12.141278+00:00,recovery_scenario,iperf_tcp,30,10,,ryu_controller,361493,9.8,61267968
2026-04-24T21:35:12.241769+00:00,recovery_scenario,iperf_tcp,30,10,,twin_core,361501,0.0,68030464
2026-04-24T21:35:12.241769+00:00,recovery_scenario,iperf_tcp,30,10,,ryu_controller,361493,10.0,61267968
2026-04-24T21:35:12.342235+00:00,recovery_scenario,iperf_tcp,30,10,,twin_core,361501,0.0,68030464
2026-04-24T21:35:12.342235+00:00,recovery_scenario,iperf_tcp,30,10,,ryu_controller,361493,0.0,61267968
2026-04-24T21:35:12.442676+00:00,recovery_scenario,iperf_tcp,30,10,,twin_core,361501,0.0,68030464
2026-04-24T21:35:12.442676+00:00,recovery_scenario,iperf_tcp,30,10,,ryu_controller,361493,10.0,61267968
2026-04-24T21:35:12.543272+00:00,recovery_scenario,iperf_tcp,30,10,,twin_core,361501,0.0,68030464
2026-04-24T21:35:12.543272+00:00,recovery_scenario,iperf_tcp,30,10,,ryu_controller,361493,49.8,61267968
2026-04-24T21:35:12.644637+00:00,recovery_scenario,iperf_tcp,30,10,,twin_core,361501,0.0,68030464
2026-04-24T21:35:12.644637+00:00,recovery_scenario,iperf_tcp,30,10,,ryu_controller,361493,19.7,61267968
2026-04-24T21:35:12.745383+00:00,recovery_scenario,iperf_tcp,30,10,,twin_core,361501,0.0,68030464
2026-04-24T21:35:12.745383+00:00,recovery_scenario,iperf_tcp,30,10,,ryu_controller,361493,0.0,61267968
2026-04-24T21:35:12.847858+00:00,recovery_scenario,iperf_tcp,30,10,,twin_core,361501,0.0,68030464
2026-04-24T21:35:12.847858+00:00,recovery_scenario,iperf_tcp,30,10,,ryu_controller,361493,9.8,61267968
2026-04-24T21:35:12.948478+00:00,recovery_scenario,iperf_tcp,30,10,,twin_core,361501,9.9,68030464
2026-04-24T21:35:12.948478+00:00,recovery_scenario,iperf_tcp,30,10,,ryu_controller,361493,9.9,61267968
2026-04-24T21:35:13.049133+00:00,recovery_scenario,iperf_tcp,30,10,,twin_core,361501,0.0,68030464
2026-04-24T21:35:13.049133+00:00,recovery_scenario,iperf_tcp,30,10,,ryu_controller,361493,10.0,61267968
2026-04-24T21:35:13.149509+00:00,recovery_scenario,iperf_tcp,30,10,,twin_core,361501,0.0,68030464
2026-04-24T21:35:13.149509+00:00,recovery_scenario,iperf_tcp,30,10,,ryu_controller,361493,9.9,61267968
2026-04-24T21:35:13.250083+00:00,recovery_scenario,iperf_tcp,30,10,,twin_core,361501,0.0,68030464
2026-04-24T21:35:13.250083+00:00,recovery_scenario,iperf_tcp,30,10,,ryu_controller,361493,10.0,61267968
2026-04-24T21:35:13.352204+00:00,recovery_scenario,iperf_tcp,30,10,,twin_core,361501,0.0,68030464
2026-04-24T21:35:13.352204+00:00,recovery_scenario,iperf_tcp,30,10,,ryu_controller,361493,9.8,61267968
2026-04-24T21:35:13.452859+00:00,recovery_scenario,iperf_tcp,30,10,,twin_core,361501,0.0,68030464
2026-04-24T21:35:13.452859+00:00,recovery_scenario,iperf_tcp,30,10,,ryu_controller,361493,10.0,61267968
2026-04-24T21:35:13.553290+00:00,recovery_scenario,iperf_tcp,30,10,,twin_core,361501,0.0,68030464
2026-04-24T21:35:13.553290+00:00,recovery_scenario,iperf_tcp,30,10,,ryu_controller,361493,0.0,61267968
2026-04-24T21:35:13.653773+00:00,recovery_scenario,iperf_tcp,30,10,,twin_core,361501,0.0,68030464
2026-04-24T21:35:13.653773+00:00,recovery_scenario,iperf_tcp,30,10,,ryu_controller,361493,10.0,61267968
2026-04-24T21:35:13.755324+00:00,recovery_scenario,iperf_tcp,30,10,,twin_core,361501,0.0,68030464
2026-04-24T21:35:13.755324+00:00,recovery_scenario,iperf_tcp,30,10,,ryu_controller,361493,19.7,61267968
2026-04-24T21:35:13.857094+00:00,recovery_scenario,iperf_tcp,30,10,,twin_core,361501,19.6,68030464
2026-04-24T21:35:13.857094+00:00,recovery_scenario,iperf_tcp,30,10,,ryu_controller,361493,68.7,61267968
2026-04-24T21:35:13.957574+00:00,recovery_scenario,iperf_tcp,30,10,,twin_core,361501,10.0,68030464
2026-04-24T21:35:13.957574+00:00,recovery_scenario,iperf_tcp,30,10,,ryu_controller,361493,0.0,61267968
2026-04-24T21:35:14.058192+00:00,recovery_scenario,iperf_tcp,30,10,,twin_core,361501,0.0,68030464
2026-04-24T21:35:14.058192+00:00,recovery_scenario,iperf_tcp,30,10,,ryu_controller,361493,10.0,61267968
2026-04-24T21:35:14.158572+00:00,recovery_scenario,iperf_tcp,30,10,,twin_core,361501,0.0,68030464
2026-04-24T21:35:14.158572+00:00,recovery_scenario,iperf_tcp,30,10,,ryu_controller,361493,10.0,61267968
2026-04-24T21:35:14.260074+00:00,recovery_scenario,iperf_tcp,30,10,,twin_core,361501,0.0,68030464
2026-04-24T21:35:14.260074+00:00,recovery_scenario,iperf_tcp,30,10,,ryu_controller,361493,0.0,61267968
2026-04-24T21:35:14.360522+00:00,recovery_scenario,iperf_tcp,30,10,,twin_core,361501,0.0,68030464
2026-04-24T21:35:14.360522+00:00,recovery_scenario,iperf_tcp,30,10,,ryu_controller,361493,19.9,61267968
2026-04-24T21:35:14.460930+00:00,recovery_scenario,iperf_tcp,30,10,,twin_core,361501,0.0,68030464
2026-04-24T21:35:14.460930+00:00,recovery_scenario,iperf_tcp,30,10,,ryu_controller,361493,0.0,61267968
2026-04-24T21:35:14.561276+00:00,recovery_scenario,iperf_tcp,30,10,,twin_core,361501,0.0,68030464
2026-04-24T21:35:14.561276+00:00,recovery_scenario,iperf_tcp,30,10,,ryu_controller,361493,19.9,61267968
2026-04-24T21:35:14.661636+00:00,recovery_scenario,iperf_tcp,30,10,,twin_core,361501,0.0,68030464
2026-04-24T21:35:14.661636+00:00,recovery_scenario,iperf_tcp,30,10,,ryu_controller,361493,79.6,61267968
2026-04-24T21:35:14.762240+00:00,recovery_scenario,iperf_tcp,30,10,,twin_core,361501,0.0,68030464
2026-04-24T21:35:14.762240+00:00,recovery_scenario,iperf_tcp,30,10,,ryu_controller,361493,19.9,61267968
2026-04-24T21:35:14.862695+00:00,recovery_scenario,iperf_tcp,30,10,,twin_core,361501,0.0,68030464
2026-04-24T21:35:14.862695+00:00,recovery_scenario,iperf_tcp,30,10,,ryu_controller,361493,9.9,61267968
2026-04-24T21:35:14.965353+00:00,recovery_scenario,iperf_tcp,30,10,,twin_core,361501,0.0,68030464
2026-04-24T21:35:14.965353+00:00,recovery_scenario,iperf_tcp,30,10,,ryu_controller,361493,9.8,61267968
2026-04-24T21:35:15.065745+00:00,recovery_scenario,iperf_tcp,30,10,,twin_core,361501,0.0,68030464
2026-04-24T21:35:15.065745+00:00,recovery_scenario,iperf_tcp,30,10,,ryu_controller,361493,10.0,61267968
2026-04-24T21:35:15.166116+00:00,recovery_scenario,iperf_tcp,30,10,,twin_core,361501,0.0,68030464
2026-04-24T21:35:15.166116+00:00,recovery_scenario,iperf_tcp,30,10,,ryu_controller,361493,9.9,61267968
2026-04-24T21:35:15.273214+00:00,recovery_scenario,iperf_tcp,30,10,,twin_core,361501,9.3,68030464
2026-04-24T21:35:15.273214+00:00,recovery_scenario,iperf_tcp,30,10,,ryu_controller,361493,0.0,61267968
2026-04-24T21:35:15.373984+00:00,recovery_scenario,iperf_tcp,30,10,,twin_core,361501,0.0,68030464
2026-04-24T21:35:15.373984+00:00,recovery_scenario,iperf_tcp,30,10,,ryu_controller,361493,0.0,61267968
2026-04-24T21:35:15.478869+00:00,recovery_scenario,iperf_tcp,30,10,,twin_core,361501,0.0,68030464
2026-04-24T21:35:15.478869+00:00,recovery_scenario,iperf_tcp,30,10,,ryu_controller,361493,0.0,61267968
2026-04-24T21:35:15.575414+00:00,recovery_scenario,iperf_tcp,30,10,pingall_completed,,,,
2026-04-24T21:35:15.580823+00:00,recovery_scenario,iperf_tcp,30,10,,twin_core,361501,0.0,68030464
2026-04-24T21:35:15.580823+00:00,recovery_scenario,iperf_tcp,30,10,,ryu_controller,361493,9.8,61267968
2026-04-24T21:35:15.686765+00:00,recovery_scenario,iperf_tcp,30,10,,twin_core,361501,0.0,68030464
2026-04-24T21:35:15.686765+00:00,recovery_scenario,iperf_tcp,30,10,,ryu_controller,361493,9.4,61267968
2026-04-24T21:35:15.791125+00:00,recovery_scenario,iperf_tcp,30,10,,twin_core,361501,0.0,68030464
2026-04-24T21:35:15.791125+00:00,recovery_scenario,iperf_tcp,30,10,,ryu_controller,361493,0.0,61267968
2026-04-24T21:35:15.891597+00:00,recovery_scenario,iperf_tcp,30,10,,twin_core,361501,10.0,68030464
2026-04-24T21:35:15.891597+00:00,recovery_scenario,iperf_tcp,30,10,,ryu_controller,361493,49.8,61267968
2026-04-24T21:35:15.992071+00:00,recovery_scenario,iperf_tcp,30,10,,twin_core,361501,0.0,68030464
2026-04-24T21:35:15.992071+00:00,recovery_scenario,iperf_tcp,30,10,,ryu_controller,361493,39.8,61349888
2026-04-24T21:35:16.092492+00:00,recovery_scenario,iperf_tcp,30,10,,twin_core,361501,0.0,68030464
2026-04-24T21:35:16.092492+00:00,recovery_scenario,iperf_tcp,30,10,,ryu_controller,361493,0.0,61349888
2026-04-24T21:35:16.195540+00:00,recovery_scenario,iperf_tcp,30,10,,twin_core,361501,0.0,68030464
2026-04-24T21:35:16.195540+00:00,recovery_scenario,iperf_tcp,30,10,,ryu_controller,361493,0.0,61349888
2026-04-24T21:35:16.297908+00:00,recovery_scenario,iperf_tcp,30,10,,twin_core,361501,0.0,68030464
2026-04-24T21:35:16.297908+00:00,recovery_scenario,iperf_tcp,30,10,,ryu_controller,361493,9.8,61349888
2026-04-24T21:35:16.405213+00:00,recovery_scenario,iperf_tcp,30,10,,twin_core,361501,0.0,68030464
2026-04-24T21:35:16.405213+00:00,recovery_scenario,iperf_tcp,30,10,,ryu_controller,361493,0.0,61349888
2026-04-24T21:35:16.516419+00:00,recovery_scenario,iperf_tcp,30,10,,twin_core,361501,9.0,68030464
2026-04-24T21:35:16.516419+00:00,recovery_scenario,iperf_tcp,30,10,,ryu_controller,361493,0.0,61349888
2026-04-24T21:35:16.622245+00:00,recovery_scenario,iperf_tcp,30,10,,twin_core,361501,0.0,68030464
2026-04-24T21:35:16.622245+00:00,recovery_scenario,iperf_tcp,30,10,,ryu_controller,361493,9.6,61349888
2026-04-24T21:35:16.722778+00:00,recovery_scenario,iperf_tcp,30,10,,twin_core,361501,0.0,68030464
2026-04-24T21:35:16.722778+00:00,recovery_scenario,iperf_tcp,30,10,,ryu_controller,361493,59.8,61349888
2026-04-24T21:35:16.823154+00:00,recovery_scenario,iperf_tcp,30,10,,twin_core,361501,10.0,68030464
2026-04-24T21:35:16.823154+00:00,recovery_scenario,iperf_tcp,30,10,,ryu_controller,361493,99.6,61358080
2026-04-24T21:35:16.923618+00:00,recovery_scenario,iperf_tcp,30,10,,twin_core,361501,0.0,68030464
2026-04-24T21:35:16.923618+00:00,recovery_scenario,iperf_tcp,30,10,,ryu_controller,361493,9.9,61358080
2026-04-24T21:35:17.025405+00:00,recovery_scenario,iperf_tcp,30,10,,twin_core,361501,0.0,68030464
2026-04-24T21:35:17.025405+00:00,recovery_scenario,iperf_tcp,30,10,,ryu_controller,361493,0.0,61358080
2026-04-24T21:35:17.127781+00:00,recovery_scenario,iperf_tcp,30,10,,twin_core,361501,0.0,68030464
2026-04-24T21:35:17.127781+00:00,recovery_scenario,iperf_tcp,30,10,,ryu_controller,361493,0.0,61358080
2026-04-24T21:35:17.229810+00:00,recovery_scenario,iperf_tcp,30,10,,twin_core,361501,0.0,68030464
2026-04-24T21:35:17.229810+00:00,recovery_scenario,iperf_tcp,30,10,,ryu_controller,361493,0.0,61358080
2026-04-24T21:35:17.331060+00:00,recovery_scenario,iperf_tcp,30,10,,twin_core,361501,0.0,68030464
2026-04-24T21:35:17.331060+00:00,recovery_scenario,iperf_tcp,30,10,,ryu_controller,361493,9.8,61358080
2026-04-24T21:35:17.434083+00:00,recovery_scenario,iperf_tcp,30,10,,twin_core,361501,0.0,68030464
2026-04-24T21:35:17.434083+00:00,recovery_scenario,iperf_tcp,30,10,,ryu_controller,361493,0.0,61358080
2026-04-24T21:35:17.538037+00:00,recovery_scenario,iperf_tcp,30,10,,twin_core,361501,0.0,68030464
2026-04-24T21:35:17.538037+00:00,recovery_scenario,iperf_tcp,30,10,,ryu_controller,361493,0.0,61358080
2026-04-24T21:35:17.605055+00:00,recovery_scenario,iperf_tcp,30,10,background_traffic_started,,,,
2026-04-24T21:35:17.638393+00:00,recovery_scenario,iperf_tcp,30,10,,twin_core,361501,0.0,68030464
2026-04-24T21:35:17.638393+00:00,recovery_scenario,iperf_tcp,30,10,,ryu_controller,361493,10.0,61358080
2026-04-24T21:35:17.738991+00:00,recovery_scenario,iperf_tcp,30,10,,twin_core,361501,9.9,68030464
2026-04-24T21:35:17.738991+00:00,recovery_scenario,iperf_tcp,30,10,,ryu_controller,361493,19.9,61358080
2026-04-24T21:35:17.839769+00:00,recovery_scenario,iperf_tcp,30,10,,twin_core,361501,9.9,68030464
2026-04-24T21:35:17.839769+00:00,recovery_scenario,iperf_tcp,30,10,,ryu_controller,361493,39.7,61358080
2026-04-24T21:35:17.862978+00:00,recovery_scenario,iperf_tcp,30,10,fault_injected,,,,
2026-04-24T21:35:17.941902+00:00,recovery_scenario,iperf_tcp,30,10,,twin_core,361501,0.0,68034560
2026-04-24T21:35:17.941902+00:00,recovery_scenario,iperf_tcp,30,10,,ryu_controller,361493,39.1,61358080
2026-04-24T21:35:18.044389+00:00,recovery_scenario,iperf_tcp,30,10,,twin_core,361501,0.0,68034560
2026-04-24T21:35:18.044389+00:00,recovery_scenario,iperf_tcp,30,10,,ryu_controller,361493,29.3,61358080
2026-04-24T21:35:18.145109+00:00,recovery_scenario,iperf_tcp,30,10,,twin_core,361501,0.0,68034560
2026-04-24T21:35:18.145109+00:00,recovery_scenario,iperf_tcp,30,10,,ryu_controller,361493,39.7,61358080
2026-04-24T21:35:18.245836+00:00,recovery_scenario,iperf_tcp,30,10,,twin_core,361501,0.0,68034560
2026-04-24T21:35:18.245836+00:00,recovery_scenario,iperf_tcp,30,10,,ryu_controller,361493,79.3,61358080
2026-04-24T21:35:18.349148+00:00,recovery_scenario,iperf_tcp,30,10,,twin_core,361501,0.0,68034560
2026-04-24T21:35:18.349148+00:00,recovery_scenario,iperf_tcp,30,10,,ryu_controller,361493,67.7,61358080
2026-04-24T21:35:18.450504+00:00,recovery_scenario,iperf_tcp,30,10,,twin_core,361501,0.0,68034560
2026-04-24T21:35:18.450504+00:00,recovery_scenario,iperf_tcp,30,10,,ryu_controller,361493,78.5,61358080
2026-04-24T21:35:18.552394+00:00,recovery_scenario,iperf_tcp,30,10,,twin_core,361501,0.0,68034560
2026-04-24T21:35:18.552394+00:00,recovery_scenario,iperf_tcp,30,10,,ryu_controller,361493,78.4,61358080
2026-04-24T21:35:18.654813+00:00,recovery_scenario,iperf_tcp,30,10,,twin_core,361501,0.0,68034560
2026-04-24T21:35:18.654813+00:00,recovery_scenario,iperf_tcp,30,10,,ryu_controller,361493,77.7,61358080
2026-04-24T21:35:18.758103+00:00,recovery_scenario,iperf_tcp,30,10,,twin_core,361501,9.7,68034560
2026-04-24T21:35:18.758103+00:00,recovery_scenario,iperf_tcp,30,10,,ryu_controller,361493,77.6,61358080
2026-04-24T21:35:18.922046+00:00,recovery_scenario,iperf_tcp,30,10,,twin_core,361501,0.0,68034560
2026-04-24T21:35:18.922046+00:00,recovery_scenario,iperf_tcp,30,10,,ryu_controller,361493,24.5,61358080
2026-04-24T21:35:19.024009+00:00,recovery_scenario,iperf_tcp,30,10,,twin_core,361501,0.0,68034560
2026-04-24T21:35:19.024009+00:00,recovery_scenario,iperf_tcp,30,10,,ryu_controller,361493,88.0,61358080
2026-04-24T21:35:19.125396+00:00,recovery_scenario,iperf_tcp,30,10,,twin_core,361501,0.0,68034560
2026-04-24T21:35:19.125396+00:00,recovery_scenario,iperf_tcp,30,10,,ryu_controller,361493,69.3,61358080
2026-04-24T21:35:19.226695+00:00,recovery_scenario,iperf_tcp,30,10,,twin_core,361501,0.0,68034560
2026-04-24T21:35:19.226695+00:00,recovery_scenario,iperf_tcp,30,10,,ryu_controller,361493,69.3,61358080
2026-04-24T21:35:19.327392+00:00,recovery_scenario,iperf_tcp,30,10,,twin_core,361501,0.0,68034560
2026-04-24T21:35:19.327392+00:00,recovery_scenario,iperf_tcp,30,10,,ryu_controller,361493,78.9,61358080
2026-04-24T21:35:19.428585+00:00,recovery_scenario,iperf_tcp,30,10,,twin_core,361501,0.0,68034560
2026-04-24T21:35:19.428585+00:00,recovery_scenario,iperf_tcp,30,10,,ryu_controller,361493,69.6,61358080
2026-04-24T21:35:19.529639+00:00,recovery_scenario,iperf_tcp,30,10,,twin_core,361501,0.0,68034560
2026-04-24T21:35:19.529639+00:00,recovery_scenario,iperf_tcp,30,10,,ryu_controller,361493,59.4,61358080
2026-04-24T21:35:19.631403+00:00,recovery_scenario,iperf_tcp,30,10,,twin_core,361501,0.0,68034560
2026-04-24T21:35:19.631403+00:00,recovery_scenario,iperf_tcp,30,10,,ryu_controller,361493,78.7,61358080
2026-04-24T21:35:19.731945+00:00,recovery_scenario,iperf_tcp,30,10,,twin_core,361501,0.0,68034560
2026-04-24T21:35:19.731945+00:00,recovery_scenario,iperf_tcp,30,10,,ryu_controller,361493,79.7,61358080
2026-04-24T21:35:19.832925+00:00,recovery_scenario,iperf_tcp,30,10,,twin_core,361501,0.0,68034560
2026-04-24T21:35:19.832925+00:00,recovery_scenario,iperf_tcp,30,10,,ryu_controller,361493,79.3,61358080
2026-04-24T21:35:19.934005+00:00,recovery_scenario,iperf_tcp,30,10,,twin_core,361501,0.0,68034560
2026-04-24T21:35:19.934005+00:00,recovery_scenario,iperf_tcp,30,10,,ryu_controller,361493,69.0,61358080
2026-04-24T21:35:20.035636+00:00,recovery_scenario,iperf_tcp,30,10,,twin_core,361501,9.8,68034560
2026-04-24T21:35:20.035636+00:00,recovery_scenario,iperf_tcp,30,10,,ryu_controller,361493,68.2,61358080
2026-04-24T21:35:20.137243+00:00,recovery_scenario,iperf_tcp,30,10,,twin_core,361501,0.0,68034560
2026-04-24T21:35:20.137243+00:00,recovery_scenario,iperf_tcp,30,10,,ryu_controller,361493,59.7,61358080
2026-04-24T21:35:20.238631+00:00,recovery_scenario,iperf_tcp,30,10,,twin_core,361501,0.0,68034560
2026-04-24T21:35:20.238631+00:00,recovery_scenario,iperf_tcp,30,10,,ryu_controller,361493,49.3,61358080
2026-04-24T21:35:20.340824+00:00,recovery_scenario,iperf_tcp,30,10,,twin_core,361501,0.0,68034560
2026-04-24T21:35:20.340824+00:00,recovery_scenario,iperf_tcp,30,10,,ryu_controller,361493,78.4,61358080
2026-04-24T21:35:20.441276+00:00,recovery_scenario,iperf_tcp,30,10,,twin_core,361501,0.0,68034560
2026-04-24T21:35:20.441276+00:00,recovery_scenario,iperf_tcp,30,10,,ryu_controller,361493,49.8,61358080
2026-04-24T21:35:20.542228+00:00,recovery_scenario,iperf_tcp,30,10,,twin_core,361501,0.0,68034560
2026-04-24T21:35:20.542228+00:00,recovery_scenario,iperf_tcp,30,10,,ryu_controller,361493,69.3,61358080
2026-04-24T21:35:20.642995+00:00,recovery_scenario,iperf_tcp,30,10,,twin_core,361501,0.0,68034560
2026-04-24T21:35:20.642995+00:00,recovery_scenario,iperf_tcp,30,10,,ryu_controller,361493,69.5,61358080
2026-04-24T21:35:20.744568+00:00,recovery_scenario,iperf_tcp,30,10,,twin_core,361501,9.8,68034560
2026-04-24T21:35:20.744568+00:00,recovery_scenario,iperf_tcp,30,10,,ryu_controller,361493,48.9,61358080
2026-04-24T21:35:20.845874+00:00,recovery_scenario,iperf_tcp,30,10,,twin_core,361501,0.0,68034560
2026-04-24T21:35:20.845874+00:00,recovery_scenario,iperf_tcp,30,10,,ryu_controller,361493,59.5,61358080
2026-04-24T21:35:20.946766+00:00,recovery_scenario,iperf_tcp,30,10,,twin_core,361501,0.0,68034560
2026-04-24T21:35:20.946766+00:00,recovery_scenario,iperf_tcp,30,10,,ryu_controller,361493,49.6,61358080
2026-04-24T21:35:21.047514+00:00,recovery_scenario,iperf_tcp,30,10,,twin_core,361501,0.0,68034560
2026-04-24T21:35:21.047514+00:00,recovery_scenario,iperf_tcp,30,10,,ryu_controller,361493,69.5,61358080
2026-04-24T21:35:21.149913+00:00,recovery_scenario,iperf_tcp,30,10,,twin_core,361501,0.0,68034560
2026-04-24T21:35:21.149913+00:00,recovery_scenario,iperf_tcp,30,10,,ryu_controller,361493,58.7,61358080
2026-04-24T21:35:21.250330+00:00,recovery_scenario,iperf_tcp,30,10,,twin_core,361501,0.0,68034560
2026-04-24T21:35:21.250330+00:00,recovery_scenario,iperf_tcp,30,10,,ryu_controller,361493,59.4,61358080
2026-04-24T21:35:21.351507+00:00,recovery_scenario,iperf_tcp,30,10,,twin_core,361501,0.0,68034560
2026-04-24T21:35:21.351507+00:00,recovery_scenario,iperf_tcp,30,10,,ryu_controller,361493,69.2,61358080
2026-04-24T21:35:21.452642+00:00,recovery_scenario,iperf_tcp,30,10,,twin_core,361501,0.0,68034560
2026-04-24T21:35:21.452642+00:00,recovery_scenario,iperf_tcp,30,10,,ryu_controller,361493,78.9,61358080
2026-04-24T21:35:21.554796+00:00,recovery_scenario,iperf_tcp,30,10,,twin_core,361501,0.0,68034560
2026-04-24T21:35:21.554796+00:00,recovery_scenario,iperf_tcp,30,10,,ryu_controller,361493,78.6,61358080
2026-04-24T21:35:21.656066+00:00,recovery_scenario,iperf_tcp,30,10,,twin_core,361501,0.0,68034560
2026-04-24T21:35:21.656066+00:00,recovery_scenario,iperf_tcp,30,10,,ryu_controller,361493,79.1,61358080
2026-04-24T21:35:21.758599+00:00,recovery_scenario,iperf_tcp,30,10,,twin_core,361501,0.0,68034560
2026-04-24T21:35:21.758599+00:00,recovery_scenario,iperf_tcp,30,10,,ryu_controller,361493,67.5,61358080
2026-04-24T21:35:21.861367+00:00,recovery_scenario,iperf_tcp,30,10,,twin_core,361501,0.0,68034560
2026-04-24T21:35:21.861367+00:00,recovery_scenario,iperf_tcp,30,10,,ryu_controller,361493,57.8,61358080
2026-04-24T21:35:21.964344+00:00,recovery_scenario,iperf_tcp,30,10,,twin_core,361501,0.0,68034560
2026-04-24T21:35:21.964344+00:00,recovery_scenario,iperf_tcp,30,10,,ryu_controller,361493,69.3,61358080
2026-04-24T21:35:22.065861+00:00,recovery_scenario,iperf_tcp,30,10,,twin_core,361501,19.6,68034560
2026-04-24T21:35:22.065861+00:00,recovery_scenario,iperf_tcp,30,10,,ryu_controller,361493,78.8,61358080
2026-04-24T21:35:22.167184+00:00,recovery_scenario,iperf_tcp,30,10,,twin_core,361501,0.0,68034560
2026-04-24T21:35:22.167184+00:00,recovery_scenario,iperf_tcp,30,10,,ryu_controller,361493,29.6,61358080
2026-04-24T21:35:22.268958+00:00,recovery_scenario,iperf_tcp,30,10,,twin_core,361501,0.0,68034560
2026-04-24T21:35:22.268958+00:00,recovery_scenario,iperf_tcp,30,10,,ryu_controller,361493,9.9,61358080
2026-04-24T21:35:22.370997+00:00,recovery_scenario,iperf_tcp,30,10,,twin_core,361501,0.0,68034560
2026-04-24T21:35:22.370997+00:00,recovery_scenario,iperf_tcp,30,10,,ryu_controller,361493,9.8,61358080
2026-04-24T21:35:22.472395+00:00,recovery_scenario,iperf_tcp,30,10,,twin_core,361501,0.0,68034560
2026-04-24T21:35:22.472395+00:00,recovery_scenario,iperf_tcp,30,10,,ryu_controller,361493,19.8,61358080
2026-04-24T21:35:22.573441+00:00,recovery_scenario,iperf_tcp,30,10,,twin_core,361501,19.8,68034560
2026-04-24T21:35:22.573441+00:00,recovery_scenario,iperf_tcp,30,10,,ryu_controller,361493,79.0,61358080
2026-04-24T21:35:22.605179+00:00,recovery_scenario,iperf_tcp,30,10,recovery_requested,,,,
2026-04-24T21:35:22.674864+00:00,recovery_scenario,iperf_tcp,30,10,,twin_core,361501,9.9,68038656
2026-04-24T21:35:22.674864+00:00,recovery_scenario,iperf_tcp,30,10,,ryu_controller,361493,39.5,61358080
2026-04-24T21:35:22.775488+00:00,recovery_scenario,iperf_tcp,30,10,,twin_core,361501,0.0,68038656
2026-04-24T21:35:22.775488+00:00,recovery_scenario,iperf_tcp,30,10,,ryu_controller,361493,48.6,61358080
2026-04-24T21:35:22.879368+00:00,recovery_scenario,iperf_tcp,30,10,,twin_core,361501,0.0,68038656
2026-04-24T21:35:22.879368+00:00,recovery_scenario,iperf_tcp,30,10,,ryu_controller,361493,59.2,61358080
2026-04-24T21:35:22.983667+00:00,recovery_scenario,iperf_tcp,30,10,,twin_core,361501,0.0,68038656
2026-04-24T21:35:22.983667+00:00,recovery_scenario,iperf_tcp,30,10,,ryu_controller,361493,47.9,61358080
2026-04-24T21:35:23.084997+00:00,recovery_scenario,iperf_tcp,30,10,,twin_core,361501,0.0,68038656
2026-04-24T21:35:23.084997+00:00,recovery_scenario,iperf_tcp,30,10,,ryu_controller,361493,69.2,61358080
2026-04-24T21:35:23.185826+00:00,recovery_scenario,iperf_tcp,30,10,,twin_core,361501,0.0,68038656
2026-04-24T21:35:23.185826+00:00,recovery_scenario,iperf_tcp,30,10,,ryu_controller,361493,69.0,61358080
2026-04-24T21:35:23.287180+00:00,recovery_scenario,iperf_tcp,30,10,,twin_core,361501,0.0,68038656
2026-04-24T21:35:23.287180+00:00,recovery_scenario,iperf_tcp,30,10,,ryu_controller,361493,78.7,61358080
2026-04-24T21:35:23.388581+00:00,recovery_scenario,iperf_tcp,30,10,,twin_core,361501,0.0,68038656
2026-04-24T21:35:23.388581+00:00,recovery_scenario,iperf_tcp,30,10,,ryu_controller,361493,59.2,61358080
2026-04-24T21:35:23.490523+00:00,recovery_scenario,iperf_tcp,30,10,,twin_core,361501,0.0,68038656
2026-04-24T21:35:23.490523+00:00,recovery_scenario,iperf_tcp,30,10,,ryu_controller,361493,69.2,61358080
2026-04-24T21:35:23.591052+00:00,recovery_scenario,iperf_tcp,30,10,,twin_core,361501,0.0,68038656
2026-04-24T21:35:23.591052+00:00,recovery_scenario,iperf_tcp,30,10,,ryu_controller,361493,89.7,61358080
2026-04-24T21:35:23.691434+00:00,recovery_scenario,iperf_tcp,30,10,,twin_core,361501,0.0,68038656
2026-04-24T21:35:23.691434+00:00,recovery_scenario,iperf_tcp,30,10,,ryu_controller,361493,99.6,61358080
2026-04-24T21:35:23.791760+00:00,recovery_scenario,iperf_tcp,30,10,,twin_core,361501,0.0,68038656
2026-04-24T21:35:23.791760+00:00,recovery_scenario,iperf_tcp,30,10,,ryu_controller,361493,99.7,61358080
2026-04-24T21:35:23.892132+00:00,recovery_scenario,iperf_tcp,30,10,,twin_core,361501,0.0,68038656
2026-04-24T21:35:23.892132+00:00,recovery_scenario,iperf_tcp,30,10,,ryu_controller,361493,89.7,61358080
2026-04-24T21:35:23.993067+00:00,recovery_scenario,iperf_tcp,30,10,,twin_core,361501,0.0,68038656
2026-04-24T21:35:23.993067+00:00,recovery_scenario,iperf_tcp,30,10,,ryu_controller,361493,89.1,61358080
2026-04-24T21:35:24.093550+00:00,recovery_scenario,iperf_tcp,30,10,,twin_core,361501,0.0,68038656
2026-04-24T21:35:24.093550+00:00,recovery_scenario,iperf_tcp,30,10,,ryu_controller,361493,79.6,61358080
2026-04-24T21:35:24.195286+00:00,recovery_scenario,iperf_tcp,30,10,,twin_core,361501,0.0,68038656
2026-04-24T21:35:24.195286+00:00,recovery_scenario,iperf_tcp,30,10,,ryu_controller,361493,78.7,61358080
2026-04-24T21:35:24.296224+00:00,recovery_scenario,iperf_tcp,30,10,,twin_core,361501,0.0,68038656
2026-04-24T21:35:24.296224+00:00,recovery_scenario,iperf_tcp,30,10,,ryu_controller,361493,79.1,61358080
2026-04-24T21:35:24.398054+00:00,recovery_scenario,iperf_tcp,30,10,,twin_core,361501,0.0,68038656
2026-04-24T21:35:24.398054+00:00,recovery_scenario,iperf_tcp,30,10,,ryu_controller,361493,68.9,61358080
2026-04-24T21:35:24.498585+00:00,recovery_scenario,iperf_tcp,30,10,,twin_core,361501,9.9,68038656
2026-04-24T21:35:24.498585+00:00,recovery_scenario,iperf_tcp,30,10,,ryu_controller,361493,79.5,61358080
2026-04-24T21:35:24.599803+00:00,recovery_scenario,iperf_tcp,30,10,,twin_core,361501,0.0,68038656
2026-04-24T21:35:24.599803+00:00,recovery_scenario,iperf_tcp,30,10,,ryu_controller,361493,98.9,61358080
2026-04-24T21:35:24.700824+00:00,recovery_scenario,iperf_tcp,30,10,,twin_core,361501,0.0,68038656
2026-04-24T21:35:24.700824+00:00,recovery_scenario,iperf_tcp,30,10,,ryu_controller,361493,88.9,61358080
2026-04-24T21:35:24.804299+00:00,recovery_scenario,iperf_tcp,30,10,,twin_core,361501,0.0,68038656
2026-04-24T21:35:24.804299+00:00,recovery_scenario,iperf_tcp,30,10,,ryu_controller,361493,100.0,61358080
2026-04-24T21:35:24.917090+00:00,recovery_scenario,iperf_tcp,30,10,,twin_core,361501,9.0,68038656
2026-04-24T21:35:24.917090+00:00,recovery_scenario,iperf_tcp,30,10,,ryu_controller,361493,93.8,61358080
2026-04-24T21:35:25.018310+00:00,recovery_scenario,iperf_tcp,30,10,,twin_core,361501,0.0,68038656
2026-04-24T21:35:25.018310+00:00,recovery_scenario,iperf_tcp,30,10,,ryu_controller,361493,99.1,61358080
2026-04-24T21:35:25.120622+00:00,recovery_scenario,iperf_tcp,30,10,,twin_core,361501,0.0,68038656
2026-04-24T21:35:25.120622+00:00,recovery_scenario,iperf_tcp,30,10,,ryu_controller,361493,97.6,61358080
2026-04-24T21:35:25.221503+00:00,recovery_scenario,iperf_tcp,30,10,,twin_core,361501,0.0,68038656
2026-04-24T21:35:25.221503+00:00,recovery_scenario,iperf_tcp,30,10,,ryu_controller,361493,99.4,61358080
2026-04-24T21:35:25.322188+00:00,recovery_scenario,iperf_tcp,30,10,,twin_core,361501,0.0,68038656
2026-04-24T21:35:25.322188+00:00,recovery_scenario,iperf_tcp,30,10,,ryu_controller,361493,109.4,61358080
2026-04-24T21:35:25.422583+00:00,recovery_scenario,iperf_tcp,30,10,,twin_core,361501,0.0,68038656
2026-04-24T21:35:25.422583+00:00,recovery_scenario,iperf_tcp,30,10,,ryu_controller,361493,89.5,61358080
2026-04-24T21:35:25.523200+00:00,recovery_scenario,iperf_tcp,30,10,,twin_core,361501,19.9,68038656
2026-04-24T21:35:25.523200+00:00,recovery_scenario,iperf_tcp,30,10,,ryu_controller,361493,79.5,61358080
2026-04-24T21:35:25.624214+00:00,recovery_scenario,iperf_tcp,30,10,,twin_core,361501,0.0,68038656
2026-04-24T21:35:25.624214+00:00,recovery_scenario,iperf_tcp,30,10,,ryu_controller,361493,0.0,61358080
2026-04-24T21:35:25.706017+00:00,recovery_scenario,iperf_tcp,30,10,scenario_teardown,,,,
2026-04-24T21:35:25.726357+00:00,recovery_scenario,iperf_tcp,30,10,,twin_core,361501,19.6,68042752
2026-04-24T21:35:25.726357+00:00,recovery_scenario,iperf_tcp,30,10,,ryu_controller,361493,58.6,61358080
2026-04-24T21:35:25.827375+00:00,recovery_scenario,iperf_tcp,30,10,,twin_core,361501,0.0,68042752
2026-04-24T21:35:25.827375+00:00,recovery_scenario,iperf_tcp,30,10,,ryu_controller,361493,9.9,61358080
2026-04-24T21:35:25.928081+00:00,recovery_scenario,iperf_tcp,30,10,,twin_core,361501,0.0,68042752
2026-04-24T21:35:25.928081+00:00,recovery_scenario,iperf_tcp,30,10,,ryu_controller,361493,29.9,61358080
2026-04-24T21:35:26.028451+00:00,recovery_scenario,iperf_tcp,30,10,,twin_core,361501,10.0,68042752
2026-04-24T21:35:26.028451+00:00,recovery_scenario,iperf_tcp,30,10,,ryu_controller,361493,10.0,61358080
2026-04-24T21:35:26.129401+00:00,recovery_scenario,iperf_tcp,30,10,,twin_core,361501,0.0,68042752
2026-04-24T21:35:26.129401+00:00,recovery_scenario,iperf_tcp,30,10,,ryu_controller,361493,0.0,61358080
