timestamp,scenario_name,background_traffic,background_load_percent,repeat_index,event_name,process_name,pid,cpu_percent,rss_bytes
2026-04-24T21:42:54.756181+00:00,recovery_scenario,iperf_tcp,80,1,,twin_core,395196,0.0,65163264
2026-04-24T21:42:54.756181+00:00,recovery_scenario,iperf_tcp,80,1,,ryu_controller,395188,0.0,57626624
2026-04-24T21:42:54.858441+00:00,recovery_scenario,iperf_tcp,80,1,,twin_core,395196,0.0,65187840
2026-04-24T21:42:54.858441+00:00,recovery_scenario,iperf_tcp,80,1,,ryu_controller,395188,0.0,57638912
2026-04-24T21:42:54.959154+00:00,recovery_scenario,iperf_tcp,80,1,,twin_core,395196,9.9,65187840
2026-04-24T21:42:54.959154+00:00,recovery_scenario,iperf_tcp,80,1,,ryu_controller,395188,39.8,57987072
2026-04-24T21:42:55.059618+00:00,recovery_scenario,iperf_tcp,80,1,,twin_core,395196,10.0,65191936
2026-04-24T21:42:55.059618+00:00,recovery_scenario,iperf_tcp,80,1,,ryu_controller,395188,29.8,57995264
2026-04-24T21:42:55.079882+00:00,recovery_scenario,iperf_tcp,80,1,service_started,,,,
2026-04-24T21:42:55.160302+00:00,recovery_scenario,iperf_tcp,80,1,,twin_core,395196,19.9,65974272
2026-04-24T21:42:55.160302+00:00,recovery_scenario,iperf_tcp,80,1,,ryu_controller,395188,49.7,58093568
2026-04-24T21:42:55.261137+00:00,recovery_scenario,iperf_tcp,80,1,,twin_core,395196,0.0,65986560
2026-04-24T21:42:55.261137+00:00,recovery_scenario,iperf_tcp,80,1,,ryu_controller,395188,19.8,58101760
2026-04-24T21:42:55.361631+00:00,recovery_scenario,iperf_tcp,80,1,,twin_core,395196,0.0,65986560
2026-04-24T21:42:55.361631+00:00,recovery_scenario,iperf_tcp,80,1,,ryu_controller,395188,49.8,58155008
2026-04-24T21:42:55.462104+00:00,recovery_scenario,iperf_tcp,80,1,,twin_core,395196,0.0,65986560
2026-04-24T21:42:55.462104+00:00,recovery_scenario,iperf_tcp,80,1,,ryu_controller,395188,10.0,58163200
2026-04-24T21:42:55.564393+00:00,recovery_scenario,iperf_tcp,80,1,,twin_core,395196,0.0,65986560
2026-04-24T21:42:55.564393+00:00,recovery_scenario,iperf_tcp,80,1,,ryu_controller,395188,39.0,58167296
2026-04-24T21:42:55.665611+00:00,recovery_scenario,iperf_tcp,80,1,,twin_core,395196,0.0,65986560
2026-04-24T21:42:55.665611+00:00,recovery_scenario,iperf_tcp,80,1,,ryu_controller,395188,9.9,58167296
2026-04-24T21:42:55.766161+00:00,recovery_scenario,iperf_tcp,80,1,,twin_core,395196,0.0,65986560
2026-04-24T21:42:55.766161+00:00,recovery_scenario,iperf_tcp,80,1,,ryu_controller,395188,10.0,58171392
2026-04-24T21:42:55.866886+00:00,recovery_scenario,iperf_tcp,80,1,,twin_core,395196,0.0,65986560
2026-04-24T21:42:55.866886+00:00,recovery_scenario,iperf_tcp,80,1,,ryu_controller,395188,9.9,58171392
2026-04-24T21:42:55.973030+00:00,recovery_scenario,iperf_tcp,80,1,,twin_core,395196,9.3,65986560
2026-04-24T21:42:55.973030+00:00,recovery_scenario,iperf_tcp,80,1,,ryu_controller,395188,28.0,58179584
2026-04-24T21:42:56.074758+00:00,recovery_scenario,iperf_tcp,80,1,,twin_core,395196,0.0,65986560
2026-04-24T21:42:56.074758+00:00,recovery_scenario,iperf_tcp,80,1,,ryu_controller,395188,19.9,58183680
2026-04-24T21:42:56.175231+00:00,recovery_scenario,iperf_tcp,80,1,,twin_core,395196,0.0,65986560
2026-04-24T21:42:56.175231+00:00,recovery_scenario,iperf_tcp,80,1,,ryu_controller,395188,10.0,58183680
2026-04-24T21:42:56.277389+00:00,recovery_scenario,iperf_tcp,80,1,,twin_core,395196,0.0,65986560
2026-04-24T21:42:56.277389+00:00,recovery_scenario,iperf_tcp,80,1,,ryu_controller,395188,29.3,58204160
2026-04-24T21:42:56.378073+00:00,recovery_scenario,iperf_tcp,80,1,,twin_core,395196,0.0,65986560
2026-04-24T21:42:56.378073+00:00,recovery_scenario,iperf_tcp,80,1,,ryu_controller,395188,39.8,58208256
2026-04-24T21:42:56.478472+00:00,recovery_scenario,iperf_tcp,80,1,,twin_core,395196,0.0,65986560
2026-04-24T21:42:56.478472+00:00,recovery_scenario,iperf_tcp,80,1,,ryu_controller,395188,10.0,58208256
2026-04-24T21:42:56.578931+00:00,recovery_scenario,iperf_tcp,80,1,,twin_core,395196,0.0,65986560
2026-04-24T21:42:56.578931+00:00,recovery_scenario,iperf_tcp,80,1,,ryu_controller,395188,29.9,58220544
2026-04-24T21:42:56.679452+00:00,recovery_scenario,iperf_tcp,80,1,,twin_core,395196,0.0,65986560
2026-04-24T21:42:56.679452+00:00,recovery_scenario,iperf_tcp,80,1,,ryu_controller,395188,9.9,58224640
2026-04-24T21:42:56.779970+00:00,recovery_scenario,iperf_tcp,80,1,,twin_core,395196,0.0,65986560
2026-04-24T21:42:56.779970+00:00,recovery_scenario,iperf_tcp,80,1,,ryu_controller,395188,19.9,58236928
2026-04-24T21:42:56.884528+00:00,recovery_scenario,iperf_tcp,80,1,,twin_core,395196,0.0,65986560
2026-04-24T21:42:56.884528+00:00,recovery_scenario,iperf_tcp,80,1,,ryu_controller,395188,9.6,58236928
2026-04-24T21:42:56.985028+00:00,recovery_scenario,iperf_tcp,80,1,,twin_core,395196,0.0,65986560
2026-04-24T21:42:56.985028+00:00,recovery_scenario,iperf_tcp,80,1,,ryu_controller,395188,10.0,58241024
2026-04-24T21:42:57.085413+00:00,recovery_scenario,iperf_tcp,80,1,,twin_core,395196,0.0,65986560
2026-04-24T21:42:57.085413+00:00,recovery_scenario,iperf_tcp,80,1,,ryu_controller,395188,19.9,58249216
2026-04-24T21:42:57.186061+00:00,recovery_scenario,iperf_tcp,80,1,,twin_core,395196,19.9,66043904
2026-04-24T21:42:57.186061+00:00,recovery_scenario,iperf_tcp,80,1,,ryu_controller,395188,29.9,58343424
2026-04-24T21:42:57.286495+00:00,recovery_scenario,iperf_tcp,80,1,,twin_core,395196,0.0,66043904
2026-04-24T21:42:57.286495+00:00,recovery_scenario,iperf_tcp,80,1,,ryu_controller,395188,19.9,58343424
2026-04-24T21:42:57.387074+00:00,recovery_scenario,iperf_tcp,80,1,,twin_core,395196,0.0,66043904
2026-04-24T21:42:57.387074+00:00,recovery_scenario,iperf_tcp,80,1,,ryu_controller,395188,49.8,58388480
2026-04-24T21:42:57.487435+00:00,recovery_scenario,iperf_tcp,80,1,,twin_core,395196,0.0,66043904
2026-04-24T21:42:57.487435+00:00,recovery_scenario,iperf_tcp,80,1,,ryu_controller,395188,19.9,58425344
2026-04-24T21:42:57.591337+00:00,recovery_scenario,iperf_tcp,80,1,,twin_core,395196,0.0,66043904
2026-04-24T21:42:57.591337+00:00,recovery_scenario,iperf_tcp,80,1,,ryu_controller,395188,19.2,58425344
2026-04-24T21:42:57.693825+00:00,recovery_scenario,iperf_tcp,80,1,,twin_core,395196,0.0,66043904
2026-04-24T21:42:57.693825+00:00,recovery_scenario,iperf_tcp,80,1,,ryu_controller,395188,9.7,58425344
2026-04-24T21:42:57.795349+00:00,recovery_scenario,iperf_tcp,80,1,,twin_core,395196,0.0,66043904
2026-04-24T21:42:57.795349+00:00,recovery_scenario,iperf_tcp,80,1,,ryu_controller,395188,0.0,58425344
2026-04-24T21:42:57.895803+00:00,recovery_scenario,iperf_tcp,80,1,,twin_core,395196,0.0,66043904
2026-04-24T21:42:57.895803+00:00,recovery_scenario,iperf_tcp,80,1,,ryu_controller,395188,10.0,58425344
2026-04-24T21:42:57.996183+00:00,recovery_scenario,iperf_tcp,80,1,,twin_core,395196,0.0,66043904
2026-04-24T21:42:57.996183+00:00,recovery_scenario,iperf_tcp,80,1,,ryu_controller,395188,10.0,58429440
2026-04-24T21:42:58.096604+00:00,recovery_scenario,iperf_tcp,80,1,,twin_core,395196,0.0,66043904
2026-04-24T21:42:58.096604+00:00,recovery_scenario,iperf_tcp,80,1,,ryu_controller,395188,9.9,58433536
2026-04-24T21:42:58.197812+00:00,recovery_scenario,iperf_tcp,80,1,,twin_core,395196,0.0,66043904
2026-04-24T21:42:58.197812+00:00,recovery_scenario,iperf_tcp,80,1,,ryu_controller,395188,9.9,58433536
2026-04-24T21:42:58.298292+00:00,recovery_scenario,iperf_tcp,80,1,,twin_core,395196,10.0,66043904
2026-04-24T21:42:58.298292+00:00,recovery_scenario,iperf_tcp,80,1,,ryu_controller,395188,10.0,58433536
2026-04-24T21:42:58.398735+00:00,recovery_scenario,iperf_tcp,80,1,,twin_core,395196,0.0,66043904
2026-04-24T21:42:58.398735+00:00,recovery_scenario,iperf_tcp,80,1,,ryu_controller,395188,10.0,58433536
2026-04-24T21:42:58.499922+00:00,recovery_scenario,iperf_tcp,80,1,,twin_core,395196,0.0,66043904
2026-04-24T21:42:58.499922+00:00,recovery_scenario,iperf_tcp,80,1,,ryu_controller,395188,9.9,58433536
2026-04-24T21:42:58.600316+00:00,recovery_scenario,iperf_tcp,80,1,,twin_core,395196,0.0,66043904
2026-04-24T21:42:58.600316+00:00,recovery_scenario,iperf_tcp,80,1,,ryu_controller,395188,19.9,58433536
2026-04-24T21:42:58.700678+00:00,recovery_scenario,iperf_tcp,80,1,,twin_core,395196,0.0,66043904
2026-04-24T21:42:58.700678+00:00,recovery_scenario,iperf_tcp,80,1,,ryu_controller,395188,0.0,58437632
2026-04-24T21:42:58.802320+00:00,recovery_scenario,iperf_tcp,80,1,,twin_core,395196,0.0,66043904
2026-04-24T21:42:58.802320+00:00,recovery_scenario,iperf_tcp,80,1,,ryu_controller,395188,9.8,58437632
2026-04-24T21:42:58.902783+00:00,recovery_scenario,iperf_tcp,80,1,,twin_core,395196,0.0,66043904
2026-04-24T21:42:58.902783+00:00,recovery_scenario,iperf_tcp,80,1,,ryu_controller,395188,0.0,58437632
2026-04-24T21:42:59.003141+00:00,recovery_scenario,iperf_tcp,80,1,,twin_core,395196,0.0,66043904
2026-04-24T21:42:59.003141+00:00,recovery_scenario,iperf_tcp,80,1,,ryu_controller,395188,19.9,58437632
2026-04-24T21:42:59.103497+00:00,recovery_scenario,iperf_tcp,80,1,,twin_core,395196,0.0,66043904
2026-04-24T21:42:59.103497+00:00,recovery_scenario,iperf_tcp,80,1,,ryu_controller,395188,9.9,58437632
2026-04-24T21:42:59.204136+00:00,recovery_scenario,iperf_tcp,80,1,,twin_core,395196,9.9,66043904
2026-04-24T21:42:59.204136+00:00,recovery_scenario,iperf_tcp,80,1,,ryu_controller,395188,19.9,58445824
2026-04-24T21:42:59.304472+00:00,recovery_scenario,iperf_tcp,80,1,,twin_core,395196,0.0,66154496
2026-04-24T21:42:59.304472+00:00,recovery_scenario,iperf_tcp,80,1,,ryu_controller,395188,39.9,58597376
2026-04-24T21:42:59.405502+00:00,recovery_scenario,iperf_tcp,80,1,,twin_core,395196,0.0,66154496
2026-04-24T21:42:59.405502+00:00,recovery_scenario,iperf_tcp,80,1,,ryu_controller,395188,19.8,58597376
2026-04-24T21:42:59.505985+00:00,recovery_scenario,iperf_tcp,80,1,,twin_core,395196,0.0,66154496
2026-04-24T21:42:59.505985+00:00,recovery_scenario,iperf_tcp,80,1,,ryu_controller,395188,89.6,58621952
2026-04-24T21:42:59.606383+00:00,recovery_scenario,iperf_tcp,80,1,,twin_core,395196,0.0,66154496
2026-04-24T21:42:59.606383+00:00,recovery_scenario,iperf_tcp,80,1,,ryu_controller,395188,19.9,58630144
2026-04-24T21:42:59.706777+00:00,recovery_scenario,iperf_tcp,80,1,,twin_core,395196,0.0,66154496
2026-04-24T21:42:59.706777+00:00,recovery_scenario,iperf_tcp,80,1,,ryu_controller,395188,0.0,58630144
2026-04-24T21:42:59.807206+00:00,recovery_scenario,iperf_tcp,80,1,,twin_core,395196,10.0,66154496
2026-04-24T21:42:59.807206+00:00,recovery_scenario,iperf_tcp,80,1,,ryu_controller,395188,0.0,58630144
2026-04-24T21:42:59.907579+00:00,recovery_scenario,iperf_tcp,80,1,,twin_core,395196,0.0,66154496
2026-04-24T21:42:59.907579+00:00,recovery_scenario,iperf_tcp,80,1,,ryu_controller,395188,19.9,58630144
2026-04-24T21:43:00.008079+00:00,recovery_scenario,iperf_tcp,80,1,,twin_core,395196,0.0,66154496
2026-04-24T21:43:00.008079+00:00,recovery_scenario,iperf_tcp,80,1,,ryu_controller,395188,0.0,58630144
2026-04-24T21:43:00.113212+00:00,recovery_scenario,iperf_tcp,80,1,,twin_core,395196,0.0,66154496
2026-04-24T21:43:00.113212+00:00,recovery_scenario,iperf_tcp,80,1,,ryu_controller,395188,0.0,58630144
2026-04-24T21:43:00.213748+00:00,recovery_scenario,iperf_tcp,80,1,,twin_core,395196,0.0,66154496
2026-04-24T21:43:00.213748+00:00,recovery_scenario,iperf_tcp,80,1,,ryu_controller,395188,19.9,58630144
2026-04-24T21:43:00.314189+00:00,recovery_scenario,iperf_tcp,80,1,,twin_core,395196,0.0,66154496
2026-04-24T21:43:00.314189+00:00,recovery_scenario,iperf_tcp,80,1,,ryu_controller,395188,19.9,58630144
2026-04-24T21:43:00.414583+00:00,recovery_scenario,iperf_tcp,80,1,,twin_core,395196,0.0,66154496
2026-04-24T21:43:00.414583+00:00,recovery_scenario,iperf_tcp,80,1,,ryu_controller,395188,9.9,58630144
2026-04-24T21:43:00.515727+00:00,recovery_scenario,iperf_tcp,80,1,,twin_core,395196,0.0,66154496
2026-04-24T21:43:00.515727+00:00,recovery_scenario,iperf_tcp,80,1,,ryu_controller,395188,29.7,58634240
2026-04-24T21:43:00.616160+00:00,recovery_scenario,iperf_tcp,80,1,,twin_core,395196,10.0,66154496
2026-04-24T21:43:00.616160+00:00,recovery_scenario,iperf_tcp,80,1,,ryu_controller,395188,0.0,58634240
2026-04-24T21:43:00.720052+00:00,recovery_scenario,iperf_tcp,80,1,,twin_core,395196,0.0,66154496
2026-04-24T21:43:00.720052+00:00,recovery_scenario,iperf_tcp,80,1,,ryu_controller,395188,0.0,58634240
2026-04-24T21:43:00.820806+00:00,recovery_scenario,iperf_tcp,80,1,,twin_core,395196,0.0,66154496
2026-04-24T21:43:00.820806+00:00,recovery_scenario,iperf_tcp,80,1,,ryu_controller,395188,9.9,58634240
2026-04-24T21:43:00.882256+00:00,recovery_scenario,iperf_tcp,80,1,pingall_completed,,,,
2026-04-24T21:43:00.923068+00:00,recovery_scenario,iperf_tcp,80,1,,twin_core,395196,0.0,66158592
2026-04-24T21:43:00.923068+00:00,recovery_scenario,iperf_tcp,80,1,,ryu_controller,395188,0.0,58634240
2026-04-24T21:43:01.024598+00:00,recovery_scenario,iperf_tcp,80,1,,twin_core,395196,0.0,66158592
2026-04-24T21:43:01.024598+00:00,recovery_scenario,iperf_tcp,80,1,,ryu_controller,395188,9.8,58634240
2026-04-24T21:43:01.126265+00:00,recovery_scenario,iperf_tcp,80,1,,twin_core,395196,0.0,66158592
2026-04-24T21:43:01.126265+00:00,recovery_scenario,iperf_tcp,80,1,,ryu_controller,395188,9.8,58634240
2026-04-24T21:43:01.227261+00:00,recovery_scenario,iperf_tcp,80,1,,twin_core,395196,0.0,66158592
2026-04-24T21:43:01.227261+00:00,recovery_scenario,iperf_tcp,80,1,,ryu_controller,395188,0.0,58634240
2026-04-24T21:43:01.327935+00:00,recovery_scenario,iperf_tcp,80,1,,twin_core,395196,19.9,66158592
2026-04-24T21:43:01.327935+00:00,recovery_scenario,iperf_tcp,80,1,,ryu_controller,395188,59.6,58654720
2026-04-24T21:43:01.430905+00:00,recovery_scenario,iperf_tcp,80,1,,twin_core,395196,0.0,66244608
2026-04-24T21:43:01.430905+00:00,recovery_scenario,iperf_tcp,80,1,,ryu_controller,395188,19.4,58806272
2026-04-24T21:43:01.531399+00:00,recovery_scenario,iperf_tcp,80,1,,twin_core,395196,0.0,66244608
2026-04-24T21:43:01.531399+00:00,recovery_scenario,iperf_tcp,80,1,,ryu_controller,395188,0.0,58806272
2026-04-24T21:43:01.633876+00:00,recovery_scenario,iperf_tcp,80,1,,twin_core,395196,0.0,66244608
2026-04-24T21:43:01.633876+00:00,recovery_scenario,iperf_tcp,80,1,,ryu_controller,395188,68.3,58896384
2026-04-24T21:43:01.736576+00:00,recovery_scenario,iperf_tcp,80,1,,twin_core,395196,0.0,66244608
2026-04-24T21:43:01.736576+00:00,recovery_scenario,iperf_tcp,80,1,,ryu_controller,395188,0.0,58896384
2026-04-24T21:43:01.838172+00:00,recovery_scenario,iperf_tcp,80,1,,twin_core,395196,0.0,66244608
2026-04-24T21:43:01.838172+00:00,recovery_scenario,iperf_tcp,80,1,,ryu_controller,395188,0.0,58896384
2026-04-24T21:43:01.940549+00:00,recovery_scenario,iperf_tcp,80,1,,twin_core,395196,9.8,66248704
2026-04-24T21:43:01.940549+00:00,recovery_scenario,iperf_tcp,80,1,,ryu_controller,395188,0.0,58896384
2026-04-24T21:43:02.041202+00:00,recovery_scenario,iperf_tcp,80,1,,twin_core,395196,0.0,66248704
2026-04-24T21:43:02.041202+00:00,recovery_scenario,iperf_tcp,80,1,,ryu_controller,395188,0.0,58896384
2026-04-24T21:43:02.141789+00:00,recovery_scenario,iperf_tcp,80,1,,twin_core,395196,0.0,66248704
2026-04-24T21:43:02.141789+00:00,recovery_scenario,iperf_tcp,80,1,,ryu_controller,395188,0.0,58896384
2026-04-24T21:43:02.242250+00:00,recovery_scenario,iperf_tcp,80,1,,twin_core,395196,0.0,66248704
2026-04-24T21:43:02.242250+00:00,recovery_scenario,iperf_tcp,80,1,,ryu_controller,395188,0.0,58896384
2026-04-24T21:43:02.342783+00:00,recovery_scenario,iperf_tcp,80,1,,twin_core,395196,0.0,66248704
2026-04-24T21:43:02.342783+00:00,recovery_scenario,iperf_tcp,80,1,,ryu_controller,395188,9.9,58896384
2026-04-24T21:43:02.443913+00:00,recovery_scenario,iperf_tcp,80,1,,twin_core,395196,0.0,66248704
2026-04-24T21:43:02.443913+00:00,recovery_scenario,iperf_tcp,80,1,,ryu_controller,395188,0.0,58896384
2026-04-24T21:43:02.544458+00:00,recovery_scenario,iperf_tcp,80,1,,twin_core,395196,0.0,66248704
2026-04-24T21:43:02.544458+00:00,recovery_scenario,iperf_tcp,80,1,,ryu_controller,395188,0.0,58896384
2026-04-24T21:43:02.645054+00:00,recovery_scenario,iperf_tcp,80,1,,twin_core,395196,0.0,66248704
2026-04-24T21:43:02.645054+00:00,recovery_scenario,iperf_tcp,80,1,,ryu_controller,395188,0.0,58896384
2026-04-24T21:43:02.745531+00:00,recovery_scenario,iperf_tcp,80,1,,twin_core,395196,0.0,66248704
2026-04-24T21:43:02.745531+00:00,recovery_scenario,iperf_tcp,80,1,,ryu_controller,395188,9.9,58896384
2026-04-24T21:43:02.846163+00:00,recovery_scenario,iperf_tcp,80,1,,twin_core,395196,0.0,66248704
2026-04-24T21:43:02.846163+00:00,recovery_scenario,iperf_tcp,80,1,,ryu_controller,395188,0.0,58896384
2026-04-24T21:43:02.896853+00:00,recovery_scenario,iperf_tcp,80,1,background_traffic_started,,,,
2026-04-24T21:43:02.946586+00:00,recovery_scenario,iperf_tcp,80,1,,twin_core,395196,10.0,66281472
2026-04-24T21:43:02.946586+00:00,recovery_scenario,iperf_tcp,80,1,,ryu_controller,395188,39.8,58896384
2026-04-24T21:43:03.036427+00:00,recovery_scenario,iperf_tcp,80,1,fault_injected,,,,
2026-04-24T21:43:03.047225+00:00,recovery_scenario,iperf_tcp,80,1,,twin_core,395196,9.9,66404352
2026-04-24T21:43:03.047225+00:00,recovery_scenario,iperf_tcp,80,1,,ryu_controller,395188,79.6,58900480
2026-04-24T21:43:03.147827+00:00,recovery_scenario,iperf_tcp,80,1,,twin_core,395196,0.0,66412544
2026-04-24T21:43:03.147827+00:00,recovery_scenario,iperf_tcp,80,1,,ryu_controller,395188,79.5,59224064
2026-04-24T21:43:03.248299+00:00,recovery_scenario,iperf_tcp,80,1,,twin_core,395196,0.0,66412544
2026-04-24T21:43:03.248299+00:00,recovery_scenario,iperf_tcp,80,1,,ryu_controller,395188,89.6,59232256
2026-04-24T21:43:03.348679+00:00,recovery_scenario,iperf_tcp,80,1,,twin_core,395196,0.0,66412544
2026-04-24T21:43:03.348679+00:00,recovery_scenario,iperf_tcp,80,1,,ryu_controller,395188,99.1,59240448
2026-04-24T21:43:03.449883+00:00,recovery_scenario,iperf_tcp,80,1,,twin_core,395196,0.0,66412544
2026-04-24T21:43:03.449883+00:00,recovery_scenario,iperf_tcp,80,1,,ryu_controller,395188,109.2,59301888
2026-04-24T21:43:03.550326+00:00,recovery_scenario,iperf_tcp,80,1,,twin_core,395196,19.9,66416640
2026-04-24T21:43:03.550326+00:00,recovery_scenario,iperf_tcp,80,1,,ryu_controller,395188,79.7,59326464
2026-04-24T21:43:03.650828+00:00,recovery_scenario,iperf_tcp,80,1,,twin_core,395196,0.0,66437120
2026-04-24T21:43:03.650828+00:00,recovery_scenario,iperf_tcp,80,1,,ryu_controller,395188,39.8,59326464
2026-04-24T21:43:03.751396+00:00,recovery_scenario,iperf_tcp,80,1,,twin_core,395196,0.0,66437120
2026-04-24T21:43:03.751396+00:00,recovery_scenario,iperf_tcp,80,1,,ryu_controller,395188,39.7,59326464
2026-04-24T21:43:03.852028+00:00,recovery_scenario,iperf_tcp,80,1,,twin_core,395196,0.0,66437120
2026-04-24T21:43:03.852028+00:00,recovery_scenario,iperf_tcp,80,1,,ryu_controller,395188,9.9,59326464
2026-04-24T21:43:03.952610+00:00,recovery_scenario,iperf_tcp,80,1,,twin_core,395196,0.0,66437120
2026-04-24T21:43:03.952610+00:00,recovery_scenario,iperf_tcp,80,1,,ryu_controller,395188,0.0,59326464
2026-04-24T21:43:04.053465+00:00,recovery_scenario,iperf_tcp,80,1,,twin_core,395196,0.0,66437120
2026-04-24T21:43:04.053465+00:00,recovery_scenario,iperf_tcp,80,1,,ryu_controller,395188,9.9,59326464
2026-04-24T21:43:04.154144+00:00,recovery_scenario,iperf_tcp,80,1,,twin_core,395196,19.9,66437120
2026-04-24T21:43:04.154144+00:00,recovery_scenario,iperf_tcp,80,1,,ryu_controller,395188,99.3,59326464
2026-04-24T21:43:04.179555+00:00,recovery_scenario,iperf_tcp,80,1,recovery_requested,,,,
2026-04-24T21:43:04.254660+00:00,recovery_scenario,iperf_tcp,80,1,,twin_core,395196,9.9,66441216
2026-04-24T21:43:04.254660+00:00,recovery_scenario,iperf_tcp,80,1,,ryu_controller,395188,19.8,59326464
2026-04-24T21:43:04.355609+00:00,recovery_scenario,iperf_tcp,80,1,,twin_core,395196,0.0,66441216
2026-04-24T21:43:04.355609+00:00,recovery_scenario,iperf_tcp,80,1,,ryu_controller,395188,39.8,59326464
2026-04-24T21:43:04.456352+00:00,recovery_scenario,iperf_tcp,80,1,,twin_core,395196,0.0,66441216
2026-04-24T21:43:04.456352+00:00,recovery_scenario,iperf_tcp,80,1,,ryu_controller,395188,39.8,59326464
2026-04-24T21:43:04.556893+00:00,recovery_scenario,iperf_tcp,80,1,,twin_core,395196,0.0,66441216
2026-04-24T21:43:04.556893+00:00,recovery_scenario,iperf_tcp,80,1,,ryu_controller,395188,29.8,59326464
2026-04-24T21:43:04.657486+00:00,recovery_scenario,iperf_tcp,80,1,,twin_core,395196,0.0,66441216
2026-04-24T21:43:04.657486+00:00,recovery_scenario,iperf_tcp,80,1,,ryu_controller,395188,89.6,59326464
2026-04-24T21:43:04.757920+00:00,recovery_scenario,iperf_tcp,80,1,,twin_core,395196,0.0,66441216
2026-04-24T21:43:04.757920+00:00,recovery_scenario,iperf_tcp,80,1,,ryu_controller,395188,99.6,59346944
2026-04-24T21:43:04.858337+00:00,recovery_scenario,iperf_tcp,80,1,,twin_core,395196,0.0,66441216
2026-04-24T21:43:04.858337+00:00,recovery_scenario,iperf_tcp,80,1,,ryu_controller,395188,89.6,59379712
2026-04-24T21:43:04.958762+00:00,recovery_scenario,iperf_tcp,80,1,,twin_core,395196,0.0,66441216
2026-04-24T21:43:04.958762+00:00,recovery_scenario,iperf_tcp,80,1,,ryu_controller,395188,109.5,59387904
2026-04-24T21:43:05.059156+00:00,recovery_scenario,iperf_tcp,80,1,,twin_core,395196,0.0,66441216
2026-04-24T21:43:05.059156+00:00,recovery_scenario,iperf_tcp,80,1,,ryu_controller,395188,89.6,59392000
2026-04-24T21:43:05.159588+00:00,recovery_scenario,iperf_tcp,80,1,,twin_core,395196,0.0,66441216
2026-04-24T21:43:05.159588+00:00,recovery_scenario,iperf_tcp,80,1,,ryu_controller,395188,109.3,59392000
2026-04-24T21:43:05.261016+00:00,recovery_scenario,iperf_tcp,80,1,,twin_core,395196,0.0,66441216
2026-04-24T21:43:05.261016+00:00,recovery_scenario,iperf_tcp,80,1,,ryu_controller,395188,98.5,59392000
2026-04-24T21:43:05.361958+00:00,recovery_scenario,iperf_tcp,80,1,,twin_core,395196,9.9,66441216
2026-04-24T21:43:05.361958+00:00,recovery_scenario,iperf_tcp,80,1,,ryu_controller,395188,99.3,59392000
2026-04-24T21:43:05.462696+00:00,recovery_scenario,iperf_tcp,80,1,,twin_core,395196,0.0,66441216
2026-04-24T21:43:05.462696+00:00,recovery_scenario,iperf_tcp,80,1,,ryu_controller,395188,99.1,59392000
2026-04-24T21:43:05.563480+00:00,recovery_scenario,iperf_tcp,80,1,,twin_core,395196,0.0,66441216
2026-04-24T21:43:05.563480+00:00,recovery_scenario,iperf_tcp,80,1,,ryu_controller,395188,99.2,59396096
2026-04-24T21:43:05.664309+00:00,recovery_scenario,iperf_tcp,80,1,,twin_core,395196,9.9,66441216
2026-04-24T21:43:05.664309+00:00,recovery_scenario,iperf_tcp,80,1,,ryu_controller,395188,79.4,59396096
2026-04-24T21:43:05.764977+00:00,recovery_scenario,iperf_tcp,80,1,,twin_core,395196,19.9,66457600
2026-04-24T21:43:05.764977+00:00,recovery_scenario,iperf_tcp,80,1,,ryu_controller,395188,59.7,59396096
2026-04-24T21:43:05.866301+00:00,recovery_scenario,iperf_tcp,80,1,,twin_core,395196,0.0,66457600
2026-04-24T21:43:05.866301+00:00,recovery_scenario,iperf_tcp,80,1,,ryu_controller,395188,39.4,59396096
2026-04-24T21:43:05.967072+00:00,recovery_scenario,iperf_tcp,80,1,,twin_core,395196,0.0,66457600
2026-04-24T21:43:05.967072+00:00,recovery_scenario,iperf_tcp,80,1,,ryu_controller,395188,9.9,59396096
2026-04-24T21:43:06.067917+00:00,recovery_scenario,iperf_tcp,80,1,,twin_core,395196,0.0,66457600
2026-04-24T21:43:06.067917+00:00,recovery_scenario,iperf_tcp,80,1,,ryu_controller,395188,0.0,59396096
2026-04-24T21:43:06.168402+00:00,recovery_scenario,iperf_tcp,80,1,,twin_core,395196,0.0,66457600
2026-04-24T21:43:06.168402+00:00,recovery_scenario,iperf_tcp,80,1,,ryu_controller,395188,9.9,59396096
2026-04-24T21:43:06.270118+00:00,recovery_scenario,iperf_tcp,80,1,,twin_core,395196,9.8,66461696
2026-04-24T21:43:06.270118+00:00,recovery_scenario,iperf_tcp,80,1,,ryu_controller,395188,59.6,59396096
2026-04-24T21:43:06.300364+00:00,recovery_scenario,iperf_tcp,80,1,scenario_teardown,,,,
2026-04-24T21:43:06.370486+00:00,recovery_scenario,iperf_tcp,80,1,,twin_core,395196,19.9,66461696
2026-04-24T21:43:06.370486+00:00,recovery_scenario,iperf_tcp,80,1,,ryu_controller,395188,39.7,59396096
2026-04-24T21:43:06.471297+00:00,recovery_scenario,iperf_tcp,80,1,,twin_core,395196,0.0,66461696
2026-04-24T21:43:06.471297+00:00,recovery_scenario,iperf_tcp,80,1,,ryu_controller,395188,9.9,59396096
2026-04-24T21:43:06.572400+00:00,recovery_scenario,iperf_tcp,80,1,,twin_core,395196,0.0,66461696
2026-04-24T21:43:06.572400+00:00,recovery_scenario,iperf_tcp,80,1,,ryu_controller,395188,9.9,59396096
2026-04-24T21:43:06.673064+00:00,recovery_scenario,iperf_tcp,80,1,,twin_core,395196,0.0,66461696
2026-04-24T21:43:06.673064+00:00,recovery_scenario,iperf_tcp,80,1,,ryu_controller,395188,9.9,59396096
2026-04-24T21:43:07.170064+00:00,recovery_scenario,iperf_tcp,80,2,,twin_core,395196,0.0,66490368
2026-04-24T21:43:07.170064+00:00,recovery_scenario,iperf_tcp,80,2,,ryu_controller,395188,0.0,59396096
2026-04-24T21:43:07.271567+00:00,recovery_scenario,iperf_tcp,80,2,,twin_core,395196,0.0,66494464
2026-04-24T21:43:07.271567+00:00,recovery_scenario,iperf_tcp,80,2,,ryu_controller,395188,49.2,59400192
2026-04-24T21:43:07.372060+00:00,recovery_scenario,iperf_tcp,80,2,,twin_core,395196,10.0,66494464
2026-04-24T21:43:07.372060+00:00,recovery_scenario,iperf_tcp,80,2,,ryu_controller,395188,19.9,59400192
2026-04-24T21:43:07.455531+00:00,recovery_scenario,iperf_tcp,80,2,service_started,,,,
2026-04-24T21:43:07.473944+00:00,recovery_scenario,iperf_tcp,80,2,,twin_core,395196,19.6,66494464
2026-04-24T21:43:07.473944+00:00,recovery_scenario,iperf_tcp,80,2,,ryu_controller,395188,29.4,59400192
2026-04-24T21:43:07.574300+00:00,recovery_scenario,iperf_tcp,80,2,,twin_core,395196,10.0,66506752
2026-04-24T21:43:07.574300+00:00,recovery_scenario,iperf_tcp,80,2,,ryu_controller,395188,19.9,59400192
2026-04-24T21:43:07.674916+00:00,recovery_scenario,iperf_tcp,80,2,,twin_core,395196,0.0,66506752
2026-04-24T21:43:07.674916+00:00,recovery_scenario,iperf_tcp,80,2,,ryu_controller,395188,19.9,59400192
2026-04-24T21:43:07.776343+00:00,recovery_scenario,iperf_tcp,80,2,,twin_core,395196,0.0,66506752
2026-04-24T21:43:07.776343+00:00,recovery_scenario,iperf_tcp,80,2,,ryu_controller,395188,19.7,59400192
2026-04-24T21:43:07.877446+00:00,recovery_scenario,iperf_tcp,80,2,,twin_core,395196,0.0,66506752
2026-04-24T21:43:07.877446+00:00,recovery_scenario,iperf_tcp,80,2,,ryu_controller,395188,59.2,59400192
2026-04-24T21:43:07.979812+00:00,recovery_scenario,iperf_tcp,80,2,,twin_core,395196,0.0,66506752
2026-04-24T21:43:07.979812+00:00,recovery_scenario,iperf_tcp,80,2,,ryu_controller,395188,19.6,59400192
2026-04-24T21:43:08.080281+00:00,recovery_scenario,iperf_tcp,80,2,,twin_core,395196,0.0,66506752
2026-04-24T21:43:08.080281+00:00,recovery_scenario,iperf_tcp,80,2,,ryu_controller,395188,19.9,59400192
2026-04-24T21:43:08.180845+00:00,recovery_scenario,iperf_tcp,80,2,,twin_core,395196,0.0,66506752
2026-04-24T21:43:08.180845+00:00,recovery_scenario,iperf_tcp,80,2,,ryu_controller,395188,9.9,59400192
2026-04-24T21:43:08.281241+00:00,recovery_scenario,iperf_tcp,80,2,,twin_core,395196,0.0,66506752
2026-04-24T21:43:08.281241+00:00,recovery_scenario,iperf_tcp,80,2,,ryu_controller,395188,19.9,59400192
2026-04-24T21:43:08.381607+00:00,recovery_scenario,iperf_tcp,80,2,,twin_core,395196,0.0,66506752
2026-04-24T21:43:08.381607+00:00,recovery_scenario,iperf_tcp,80,2,,ryu_controller,395188,10.0,59400192
2026-04-24T21:43:08.482081+00:00,recovery_scenario,iperf_tcp,80,2,,twin_core,395196,0.0,66506752
2026-04-24T21:43:08.482081+00:00,recovery_scenario,iperf_tcp,80,2,,ryu_controller,395188,19.9,59400192
2026-04-24T21:43:08.582519+00:00,recovery_scenario,iperf_tcp,80,2,,twin_core,395196,0.0,66506752
2026-04-24T21:43:08.582519+00:00,recovery_scenario,iperf_tcp,80,2,,ryu_controller,395188,10.0,59400192
2026-04-24T21:43:08.682983+00:00,recovery_scenario,iperf_tcp,80,2,,twin_core,395196,0.0,66506752
2026-04-24T21:43:08.682983+00:00,recovery_scenario,iperf_tcp,80,2,,ryu_controller,395188,10.0,59400192
2026-04-24T21:43:08.785406+00:00,recovery_scenario,iperf_tcp,80,2,,twin_core,395196,0.0,66506752
2026-04-24T21:43:08.785406+00:00,recovery_scenario,iperf_tcp,80,2,,ryu_controller,395188,9.8,59400192
2026-04-24T21:43:08.885900+00:00,recovery_scenario,iperf_tcp,80,2,,twin_core,395196,0.0,66506752
2026-04-24T21:43:08.885900+00:00,recovery_scenario,iperf_tcp,80,2,,ryu_controller,395188,29.9,59400192
2026-04-24T21:43:08.986359+00:00,recovery_scenario,iperf_tcp,80,2,,twin_core,395196,0.0,66506752
2026-04-24T21:43:08.986359+00:00,recovery_scenario,iperf_tcp,80,2,,ryu_controller,395188,29.9,59400192
2026-04-24T21:43:09.087053+00:00,recovery_scenario,iperf_tcp,80,2,,twin_core,395196,0.0,66506752
2026-04-24T21:43:09.087053+00:00,recovery_scenario,iperf_tcp,80,2,,ryu_controller,395188,19.9,59408384
2026-04-24T21:43:09.188173+00:00,recovery_scenario,iperf_tcp,80,2,,twin_core,395196,0.0,66506752
2026-04-24T21:43:09.188173+00:00,recovery_scenario,iperf_tcp,80,2,,ryu_controller,395188,19.8,59408384
2026-04-24T21:43:09.288601+00:00,recovery_scenario,iperf_tcp,80,2,,twin_core,395196,0.0,66506752
2026-04-24T21:43:09.288601+00:00,recovery_scenario,iperf_tcp,80,2,,ryu_controller,395188,19.9,59408384
2026-04-24T21:43:09.391050+00:00,recovery_scenario,iperf_tcp,80,2,,twin_core,395196,0.0,66506752
2026-04-24T21:43:09.391050+00:00,recovery_scenario,iperf_tcp,80,2,,ryu_controller,395188,0.0,59408384
2026-04-24T21:43:09.492860+00:00,recovery_scenario,iperf_tcp,80,2,,twin_core,395196,0.0,66506752
2026-04-24T21:43:09.492860+00:00,recovery_scenario,iperf_tcp,80,2,,ryu_controller,395188,19.7,59408384
2026-04-24T21:43:09.593537+00:00,recovery_scenario,iperf_tcp,80,2,,twin_core,395196,9.9,66527232
2026-04-24T21:43:09.593537+00:00,recovery_scenario,iperf_tcp,80,2,,ryu_controller,395188,39.7,59416576
2026-04-24T21:43:09.694155+00:00,recovery_scenario,iperf_tcp,80,2,,twin_core,395196,0.0,66527232
2026-04-24T21:43:09.694155+00:00,recovery_scenario,iperf_tcp,80,2,,ryu_controller,395188,19.8,59416576
2026-04-24T21:43:09.795194+00:00,recovery_scenario,iperf_tcp,80,2,,twin_core,395196,0.0,66527232
2026-04-24T21:43:09.795194+00:00,recovery_scenario,iperf_tcp,80,2,,ryu_controller,395188,10.0,59416576
2026-04-24T21:43:09.895835+00:00,recovery_scenario,iperf_tcp,80,2,,twin_core,395196,0.0,66527232
2026-04-24T21:43:09.895835+00:00,recovery_scenario,iperf_tcp,80,2,,ryu_controller,395188,49.7,59424768
2026-04-24T21:43:09.996366+00:00,recovery_scenario,iperf_tcp,80,2,,twin_core,395196,10.0,66527232
2026-04-24T21:43:09.996366+00:00,recovery_scenario,iperf_tcp,80,2,,ryu_controller,395188,19.9,59432960
2026-04-24T21:43:10.096754+00:00,recovery_scenario,iperf_tcp,80,2,,twin_core,395196,0.0,66527232
2026-04-24T21:43:10.096754+00:00,recovery_scenario,iperf_tcp,80,2,,ryu_controller,395188,0.0,59432960
2026-04-24T21:43:10.197891+00:00,recovery_scenario,iperf_tcp,80,2,,twin_core,395196,0.0,66527232
2026-04-24T21:43:10.197891+00:00,recovery_scenario,iperf_tcp,80,2,,ryu_controller,395188,19.8,59432960
2026-04-24T21:43:10.298518+00:00,recovery_scenario,iperf_tcp,80,2,,twin_core,395196,0.0,66527232
2026-04-24T21:43:10.298518+00:00,recovery_scenario,iperf_tcp,80,2,,ryu_controller,395188,9.9,59432960
2026-04-24T21:43:10.399220+00:00,recovery_scenario,iperf_tcp,80,2,,twin_core,395196,0.0,66527232
2026-04-24T21:43:10.399220+00:00,recovery_scenario,iperf_tcp,80,2,,ryu_controller,395188,29.8,59432960
2026-04-24T21:43:10.500505+00:00,recovery_scenario,iperf_tcp,80,2,,twin_core,395196,0.0,66527232
2026-04-24T21:43:10.500505+00:00,recovery_scenario,iperf_tcp,80,2,,ryu_controller,395188,0.0,59432960
2026-04-24T21:43:10.602829+00:00,recovery_scenario,iperf_tcp,80,2,,twin_core,395196,0.0,66527232
2026-04-24T21:43:10.602829+00:00,recovery_scenario,iperf_tcp,80,2,,ryu_controller,395188,9.8,59432960
2026-04-24T21:43:10.703921+00:00,recovery_scenario,iperf_tcp,80,2,,twin_core,395196,0.0,66527232
2026-04-24T21:43:10.703921+00:00,recovery_scenario,iperf_tcp,80,2,,ryu_controller,395188,9.9,59432960
2026-04-24T21:43:10.804355+00:00,recovery_scenario,iperf_tcp,80,2,,twin_core,395196,0.0,66527232
2026-04-24T21:43:10.804355+00:00,recovery_scenario,iperf_tcp,80,2,,ryu_controller,395188,0.0,59432960
2026-04-24T21:43:10.904826+00:00,recovery_scenario,iperf_tcp,80,2,,twin_core,395196,9.9,66527232
2026-04-24T21:43:10.904826+00:00,recovery_scenario,iperf_tcp,80,2,,ryu_controller,395188,9.9,59432960
2026-04-24T21:43:11.005293+00:00,recovery_scenario,iperf_tcp,80,2,,twin_core,395196,0.0,66527232
2026-04-24T21:43:11.005293+00:00,recovery_scenario,iperf_tcp,80,2,,ryu_controller,395188,10.0,59432960
2026-04-24T21:43:11.106367+00:00,recovery_scenario,iperf_tcp,80,2,,twin_core,395196,0.0,66527232
2026-04-24T21:43:11.106367+00:00,recovery_scenario,iperf_tcp,80,2,,ryu_controller,395188,9.9,59432960
2026-04-24T21:43:11.207566+00:00,recovery_scenario,iperf_tcp,80,2,,twin_core,395196,0.0,66527232
2026-04-24T21:43:11.207566+00:00,recovery_scenario,iperf_tcp,80,2,,ryu_controller,395188,9.9,59432960
2026-04-24T21:43:11.308066+00:00,recovery_scenario,iperf_tcp,80,2,,twin_core,395196,0.0,66527232
2026-04-24T21:43:11.308066+00:00,recovery_scenario,iperf_tcp,80,2,,ryu_controller,395188,10.0,59432960
2026-04-24T21:43:11.408525+00:00,recovery_scenario,iperf_tcp,80,2,,twin_core,395196,0.0,66527232
2026-04-24T21:43:11.408525+00:00,recovery_scenario,iperf_tcp,80,2,,ryu_controller,395188,9.9,59432960
2026-04-24T21:43:11.509072+00:00,recovery_scenario,iperf_tcp,80,2,,twin_core,395196,0.0,66527232
2026-04-24T21:43:11.509072+00:00,recovery_scenario,iperf_tcp,80,2,,ryu_controller,395188,10.0,59432960
2026-04-24T21:43:11.609445+00:00,recovery_scenario,iperf_tcp,80,2,,twin_core,395196,10.0,66527232
2026-04-24T21:43:11.609445+00:00,recovery_scenario,iperf_tcp,80,2,,ryu_controller,395188,49.8,59461632
2026-04-24T21:43:11.709866+00:00,recovery_scenario,iperf_tcp,80,2,,twin_core,395196,0.0,66576384
2026-04-24T21:43:11.709866+00:00,recovery_scenario,iperf_tcp,80,2,,ryu_controller,395188,19.9,59523072
2026-04-24T21:43:11.810229+00:00,recovery_scenario,iperf_tcp,80,2,,twin_core,395196,0.0,66576384
2026-04-24T21:43:11.810229+00:00,recovery_scenario,iperf_tcp,80,2,,ryu_controller,395188,10.0,59523072
2026-04-24T21:43:11.910830+00:00,recovery_scenario,iperf_tcp,80,2,,twin_core,395196,9.9,66576384
2026-04-24T21:43:11.910830+00:00,recovery_scenario,iperf_tcp,80,2,,ryu_controller,395188,9.9,59523072
2026-04-24T21:43:12.011634+00:00,recovery_scenario,iperf_tcp,80,2,,twin_core,395196,0.0,66576384
2026-04-24T21:43:12.011634+00:00,recovery_scenario,iperf_tcp,80,2,,ryu_controller,395188,69.4,59564032
2026-04-24T21:43:12.112346+00:00,recovery_scenario,iperf_tcp,80,2,,twin_core,395196,0.0,66576384
2026-04-24T21:43:12.112346+00:00,recovery_scenario,iperf_tcp,80,2,,ryu_controller,395188,0.0,59564032
2026-04-24T21:43:12.212946+00:00,recovery_scenario,iperf_tcp,80,2,,twin_core,395196,0.0,66576384
2026-04-24T21:43:12.212946+00:00,recovery_scenario,iperf_tcp,80,2,,ryu_controller,395188,19.9,59564032
2026-04-24T21:43:12.313428+00:00,recovery_scenario,iperf_tcp,80,2,,twin_core,395196,0.0,66576384
2026-04-24T21:43:12.313428+00:00,recovery_scenario,iperf_tcp,80,2,,ryu_controller,395188,9.9,59564032
2026-04-24T21:43:12.414778+00:00,recovery_scenario,iperf_tcp,80,2,,twin_core,395196,0.0,66576384
2026-04-24T21:43:12.414778+00:00,recovery_scenario,iperf_tcp,80,2,,ryu_controller,395188,0.0,59564032
2026-04-24T21:43:12.515895+00:00,recovery_scenario,iperf_tcp,80,2,,twin_core,395196,0.0,66576384
2026-04-24T21:43:12.515895+00:00,recovery_scenario,iperf_tcp,80,2,,ryu_controller,395188,19.8,59564032
2026-04-24T21:43:12.616365+00:00,recovery_scenario,iperf_tcp,80,2,,twin_core,395196,10.0,66576384
2026-04-24T21:43:12.616365+00:00,recovery_scenario,iperf_tcp,80,2,,ryu_controller,395188,10.0,59564032
2026-04-24T21:43:12.716745+00:00,recovery_scenario,iperf_tcp,80,2,,twin_core,395196,0.0,66576384
2026-04-24T21:43:12.716745+00:00,recovery_scenario,iperf_tcp,80,2,,ryu_controller,395188,10.0,59564032
2026-04-24T21:43:12.817171+00:00,recovery_scenario,iperf_tcp,80,2,,twin_core,395196,0.0,66576384
2026-04-24T21:43:12.817171+00:00,recovery_scenario,iperf_tcp,80,2,,ryu_controller,395188,29.9,59564032
2026-04-24T21:43:12.922003+00:00,recovery_scenario,iperf_tcp,80,2,,twin_core,395196,0.0,66576384
2026-04-24T21:43:12.922003+00:00,recovery_scenario,iperf_tcp,80,2,,ryu_controller,395188,0.0,59564032
2026-04-24T21:43:13.022807+00:00,recovery_scenario,iperf_tcp,80,2,,twin_core,395196,9.9,66576384
2026-04-24T21:43:13.022807+00:00,recovery_scenario,iperf_tcp,80,2,,ryu_controller,395188,0.0,59564032
2026-04-24T21:43:13.127154+00:00,recovery_scenario,iperf_tcp,80,2,,twin_core,395196,0.0,66576384
2026-04-24T21:43:13.127154+00:00,recovery_scenario,iperf_tcp,80,2,,ryu_controller,395188,0.0,59564032
2026-04-24T21:43:13.232799+00:00,recovery_scenario,iperf_tcp,80,2,,twin_core,395196,0.0,66576384
2026-04-24T21:43:13.232799+00:00,recovery_scenario,iperf_tcp,80,2,,ryu_controller,395188,0.0,59564032
2026-04-24T21:43:13.255230+00:00,recovery_scenario,iperf_tcp,80,2,pingall_completed,,,,
2026-04-24T21:43:13.333282+00:00,recovery_scenario,iperf_tcp,80,2,,twin_core,395196,0.0,66576384
2026-04-24T21:43:13.333282+00:00,recovery_scenario,iperf_tcp,80,2,,ryu_controller,395188,19.9,59564032
2026-04-24T21:43:13.434741+00:00,recovery_scenario,iperf_tcp,80,2,,twin_core,395196,0.0,66576384
2026-04-24T21:43:13.434741+00:00,recovery_scenario,iperf_tcp,80,2,,ryu_controller,395188,0.0,59564032
2026-04-24T21:43:13.537374+00:00,recovery_scenario,iperf_tcp,80,2,,twin_core,395196,0.0,66576384
2026-04-24T21:43:13.537374+00:00,recovery_scenario,iperf_tcp,80,2,,ryu_controller,395188,0.0,59564032
2026-04-24T21:43:13.638938+00:00,recovery_scenario,iperf_tcp,80,2,,twin_core,395196,0.0,66576384
2026-04-24T21:43:13.638938+00:00,recovery_scenario,iperf_tcp,80,2,,ryu_controller,395188,0.0,59564032
2026-04-24T21:43:13.741978+00:00,recovery_scenario,iperf_tcp,80,2,,twin_core,395196,9.7,66629632
2026-04-24T21:43:13.741978+00:00,recovery_scenario,iperf_tcp,80,2,,ryu_controller,395188,77.8,59666432
2026-04-24T21:43:13.844171+00:00,recovery_scenario,iperf_tcp,80,2,,twin_core,395196,0.0,66629632
2026-04-24T21:43:13.844171+00:00,recovery_scenario,iperf_tcp,80,2,,ryu_controller,395188,9.8,59666432
2026-04-24T21:43:13.946314+00:00,recovery_scenario,iperf_tcp,80,2,,twin_core,395196,0.0,66629632
2026-04-24T21:43:13.946314+00:00,recovery_scenario,iperf_tcp,80,2,,ryu_controller,395188,9.8,59666432
2026-04-24T21:43:14.046907+00:00,recovery_scenario,iperf_tcp,80,2,,twin_core,395196,0.0,66629632
2026-04-24T21:43:14.046907+00:00,recovery_scenario,iperf_tcp,80,2,,ryu_controller,395188,29.9,59666432
2026-04-24T21:43:14.149149+00:00,recovery_scenario,iperf_tcp,80,2,,twin_core,395196,0.0,66629632
2026-04-24T21:43:14.149149+00:00,recovery_scenario,iperf_tcp,80,2,,ryu_controller,395188,39.1,59666432
2026-04-24T21:43:14.249632+00:00,recovery_scenario,iperf_tcp,80,2,,twin_core,395196,0.0,66629632
2026-04-24T21:43:14.249632+00:00,recovery_scenario,iperf_tcp,80,2,,ryu_controller,395188,0.0,59666432
2026-04-24T21:43:14.350266+00:00,recovery_scenario,iperf_tcp,80,2,,twin_core,395196,0.0,66629632
2026-04-24T21:43:14.350266+00:00,recovery_scenario,iperf_tcp,80,2,,ryu_controller,395188,0.0,59666432
2026-04-24T21:43:14.450801+00:00,recovery_scenario,iperf_tcp,80,2,,twin_core,395196,0.0,66629632
2026-04-24T21:43:14.450801+00:00,recovery_scenario,iperf_tcp,80,2,,ryu_controller,395188,0.0,59666432
2026-04-24T21:43:14.551252+00:00,recovery_scenario,iperf_tcp,80,2,,twin_core,395196,0.0,66629632
2026-04-24T21:43:14.551252+00:00,recovery_scenario,iperf_tcp,80,2,,ryu_controller,395188,9.9,59666432
2026-04-24T21:43:14.652612+00:00,recovery_scenario,iperf_tcp,80,2,,twin_core,395196,0.0,66629632
2026-04-24T21:43:14.652612+00:00,recovery_scenario,iperf_tcp,80,2,,ryu_controller,395188,0.0,59666432
2026-04-24T21:43:14.753214+00:00,recovery_scenario,iperf_tcp,80,2,,twin_core,395196,0.0,66629632
2026-04-24T21:43:14.753214+00:00,recovery_scenario,iperf_tcp,80,2,,ryu_controller,395188,0.0,59666432
2026-04-24T21:43:14.853938+00:00,recovery_scenario,iperf_tcp,80,2,,twin_core,395196,0.0,66629632
2026-04-24T21:43:14.853938+00:00,recovery_scenario,iperf_tcp,80,2,,ryu_controller,395188,0.0,59666432
2026-04-24T21:43:14.954393+00:00,recovery_scenario,iperf_tcp,80,2,,twin_core,395196,0.0,66629632
2026-04-24T21:43:14.954393+00:00,recovery_scenario,iperf_tcp,80,2,,ryu_controller,395188,0.0,59666432
2026-04-24T21:43:15.055167+00:00,recovery_scenario,iperf_tcp,80,2,,twin_core,395196,9.9,66629632
2026-04-24T21:43:15.055167+00:00,recovery_scenario,iperf_tcp,80,2,,ryu_controller,395188,9.9,59666432
2026-04-24T21:43:15.156224+00:00,recovery_scenario,iperf_tcp,80,2,,twin_core,395196,0.0,66629632
2026-04-24T21:43:15.156224+00:00,recovery_scenario,iperf_tcp,80,2,,ryu_controller,395188,0.0,59666432
2026-04-24T21:43:15.256650+00:00,recovery_scenario,iperf_tcp,80,2,,twin_core,395196,0.0,66629632
2026-04-24T21:43:15.256650+00:00,recovery_scenario,iperf_tcp,80,2,,ryu_controller,395188,0.0,59666432
2026-04-24T21:43:15.268408+00:00,recovery_scenario,iperf_tcp,80,2,background_traffic_started,,,,
2026-04-24T21:43:15.357771+00:00,recovery_scenario,iperf_tcp,80,2,,twin_core,395196,9.9,66629632
2026-04-24T21:43:15.357771+00:00,recovery_scenario,iperf_tcp,80,2,,ryu_controller,395188,69.3,59666432
2026-04-24T21:43:15.402865+00:00,recovery_scenario,iperf_tcp,80,2,fault_injected,,,,
2026-04-24T21:43:15.458160+00:00,recovery_scenario,iperf_tcp,80,2,,twin_core,395196,10.0,66658304
2026-04-24T21:43:15.458160+00:00,recovery_scenario,iperf_tcp,80,2,,ryu_controller,395188,69.7,59674624
2026-04-24T21:43:15.559170+00:00,recovery_scenario,iperf_tcp,80,2,,twin_core,395196,0.0,66658304
2026-04-24T21:43:15.559170+00:00,recovery_scenario,iperf_tcp,80,2,,ryu_controller,395188,59.4,59678720
2026-04-24T21:43:15.660186+00:00,recovery_scenario,iperf_tcp,80,2,,twin_core,395196,0.0,66658304
2026-04-24T21:43:15.660186+00:00,recovery_scenario,iperf_tcp,80,2,,ryu_controller,395188,99.0,59678720
2026-04-24T21:43:15.760568+00:00,recovery_scenario,iperf_tcp,80,2,,twin_core,395196,0.0,66658304
2026-04-24T21:43:15.760568+00:00,recovery_scenario,iperf_tcp,80,2,,ryu_controller,395188,99.5,59682816
2026-04-24T21:43:15.861349+00:00,recovery_scenario,iperf_tcp,80,2,,twin_core,395196,0.0,66658304
2026-04-24T21:43:15.861349+00:00,recovery_scenario,iperf_tcp,80,2,,ryu_controller,395188,109.2,59703296
2026-04-24T21:43:15.961884+00:00,recovery_scenario,iperf_tcp,80,2,,twin_core,395196,9.9,66658304
2026-04-24T21:43:15.961884+00:00,recovery_scenario,iperf_tcp,80,2,,ryu_controller,395188,89.3,59740160
2026-04-24T21:43:16.062593+00:00,recovery_scenario,iperf_tcp,80,2,,twin_core,395196,0.0,66658304
2026-04-24T21:43:16.062593+00:00,recovery_scenario,iperf_tcp,80,2,,ryu_controller,395188,99.2,59744256
2026-04-24T21:43:16.163310+00:00,recovery_scenario,iperf_tcp,80,2,,twin_core,395196,0.0,66658304
2026-04-24T21:43:16.163310+00:00,recovery_scenario,iperf_tcp,80,2,,ryu_controller,395188,99.5,59764736
2026-04-24T21:43:16.264230+00:00,recovery_scenario,iperf_tcp,80,2,,twin_core,395196,0.0,66658304
2026-04-24T21:43:16.264230+00:00,recovery_scenario,iperf_tcp,80,2,,ryu_controller,395188,99.0,59777024
2026-04-24T21:43:16.365033+00:00,recovery_scenario,iperf_tcp,80,2,,twin_core,395196,9.9,66658304
2026-04-24T21:43:16.365033+00:00,recovery_scenario,iperf_tcp,80,2,,ryu_controller,395188,109.2,59777024
2026-04-24T21:43:16.465547+00:00,recovery_scenario,iperf_tcp,80,2,,twin_core,395196,0.0,66658304
2026-04-24T21:43:16.465547+00:00,recovery_scenario,iperf_tcp,80,2,,ryu_controller,395188,89.0,59777024
2026-04-24T21:43:16.566840+00:00,recovery_scenario,iperf_tcp,80,2,,twin_core,395196,9.9,66658304
2026-04-24T21:43:16.566840+00:00,recovery_scenario,iperf_tcp,80,2,,ryu_controller,395188,99.4,59785216
2026-04-24T21:43:16.667365+00:00,recovery_scenario,iperf_tcp,80,2,,twin_core,395196,0.0,66691072
2026-04-24T21:43:16.667365+00:00,recovery_scenario,iperf_tcp,80,2,,ryu_controller,395188,39.7,59785216
2026-04-24T21:43:16.768369+00:00,recovery_scenario,iperf_tcp,80,2,,twin_core,395196,0.0,66691072
2026-04-24T21:43:16.768369+00:00,recovery_scenario,iperf_tcp,80,2,,ryu_controller,395188,0.0,59785216
2026-04-24T21:43:16.869034+00:00,recovery_scenario,iperf_tcp,80,2,,twin_core,395196,0.0,66691072
2026-04-24T21:43:16.869034+00:00,recovery_scenario,iperf_tcp,80,2,,ryu_controller,395188,19.8,59785216
2026-04-24T21:43:16.969770+00:00,recovery_scenario,iperf_tcp,80,2,,twin_core,395196,19.9,66691072
2026-04-24T21:43:16.969770+00:00,recovery_scenario,iperf_tcp,80,2,,ryu_controller,395188,49.8,59785216
2026-04-24T21:43:17.041486+00:00,recovery_scenario,iperf_tcp,80,2,recovery_requested,,,,
2026-04-24T21:43:17.070264+00:00,recovery_scenario,iperf_tcp,80,2,,twin_core,395196,19.9,66691072
2026-04-24T21:43:17.070264+00:00,recovery_scenario,iperf_tcp,80,2,,ryu_controller,395188,49.7,59785216
2026-04-24T21:43:17.170938+00:00,recovery_scenario,iperf_tcp,80,2,,twin_core,395196,0.0,66691072
2026-04-24T21:43:17.170938+00:00,recovery_scenario,iperf_tcp,80,2,,ryu_controller,395188,19.7,59785216
2026-04-24T21:43:17.272557+00:00,recovery_scenario,iperf_tcp,80,2,,twin_core,395196,0.0,66691072
2026-04-24T21:43:17.272557+00:00,recovery_scenario,iperf_tcp,80,2,,ryu_controller,395188,79.5,59785216
2026-04-24T21:43:17.373389+00:00,recovery_scenario,iperf_tcp,80,2,,twin_core,395196,0.0,66691072
2026-04-24T21:43:17.373389+00:00,recovery_scenario,iperf_tcp,80,2,,ryu_controller,395188,99.3,59785216
2026-04-24T21:43:17.473898+00:00,recovery_scenario,iperf_tcp,80,2,,twin_core,395196,0.0,66691072
2026-04-24T21:43:17.473898+00:00,recovery_scenario,iperf_tcp,80,2,,ryu_controller,395188,109.5,59785216
2026-04-24T21:43:17.574355+00:00,recovery_scenario,iperf_tcp,80,2,,twin_core,395196,0.0,66691072
2026-04-24T21:43:17.574355+00:00,recovery_scenario,iperf_tcp,80,2,,ryu_controller,395188,89.5,59785216
2026-04-24T21:43:17.675162+00:00,recovery_scenario,iperf_tcp,80,2,,twin_core,395196,0.0,66691072
2026-04-24T21:43:17.675162+00:00,recovery_scenario,iperf_tcp,80,2,,ryu_controller,395188,99.3,59785216
2026-04-24T21:43:17.775752+00:00,recovery_scenario,iperf_tcp,80,2,,twin_core,395196,0.0,66691072
2026-04-24T21:43:17.775752+00:00,recovery_scenario,iperf_tcp,80,2,,ryu_controller,395188,99.5,59785216
2026-04-24T21:43:17.876146+00:00,recovery_scenario,iperf_tcp,80,2,,twin_core,395196,0.0,66691072
2026-04-24T21:43:17.876146+00:00,recovery_scenario,iperf_tcp,80,2,,ryu_controller,395188,99.6,59785216
2026-04-24T21:43:17.976464+00:00,recovery_scenario,iperf_tcp,80,2,,twin_core,395196,0.0,66691072
2026-04-24T21:43:17.976464+00:00,recovery_scenario,iperf_tcp,80,2,,ryu_controller,395188,109.4,59785216
2026-04-24T21:43:18.077218+00:00,recovery_scenario,iperf_tcp,80,2,,twin_core,395196,0.0,66691072
2026-04-24T21:43:18.077218+00:00,recovery_scenario,iperf_tcp,80,2,,ryu_controller,395188,99.2,59785216
2026-04-24T21:43:18.178265+00:00,recovery_scenario,iperf_tcp,80,2,,twin_core,395196,0.0,66691072
2026-04-24T21:43:18.178265+00:00,recovery_scenario,iperf_tcp,80,2,,ryu_controller,395188,89.2,59785216
2026-04-24T21:43:18.278987+00:00,recovery_scenario,iperf_tcp,80,2,,twin_core,395196,0.0,66691072
2026-04-24T21:43:18.278987+00:00,recovery_scenario,iperf_tcp,80,2,,ryu_controller,395188,109.3,59785216
2026-04-24T21:43:18.379411+00:00,recovery_scenario,iperf_tcp,80,2,,twin_core,395196,0.0,66691072
2026-04-24T21:43:18.379411+00:00,recovery_scenario,iperf_tcp,80,2,,ryu_controller,395188,99.3,59785216
2026-04-24T21:43:18.480134+00:00,recovery_scenario,iperf_tcp,80,2,,twin_core,395196,0.0,66691072
2026-04-24T21:43:18.480134+00:00,recovery_scenario,iperf_tcp,80,2,,ryu_controller,395188,89.6,59785216
2026-04-24T21:43:18.580695+00:00,recovery_scenario,iperf_tcp,80,2,,twin_core,395196,0.0,66691072
2026-04-24T21:43:18.580695+00:00,recovery_scenario,iperf_tcp,80,2,,ryu_controller,395188,99.2,59785216
2026-04-24T21:43:18.683296+00:00,recovery_scenario,iperf_tcp,80,2,,twin_core,395196,0.0,66691072
2026-04-24T21:43:18.683296+00:00,recovery_scenario,iperf_tcp,80,2,,ryu_controller,395188,107.3,59789312
2026-04-24T21:43:18.784074+00:00,recovery_scenario,iperf_tcp,80,2,,twin_core,395196,9.9,66691072
2026-04-24T21:43:18.784074+00:00,recovery_scenario,iperf_tcp,80,2,,ryu_controller,395188,99.4,59789312
2026-04-24T21:43:18.884491+00:00,recovery_scenario,iperf_tcp,80,2,,twin_core,395196,19.9,66707456
2026-04-24T21:43:18.884491+00:00,recovery_scenario,iperf_tcp,80,2,,ryu_controller,395188,69.6,59789312
2026-04-24T21:43:18.985251+00:00,recovery_scenario,iperf_tcp,80,2,,twin_core,395196,0.0,66707456
2026-04-24T21:43:18.985251+00:00,recovery_scenario,iperf_tcp,80,2,,ryu_controller,395188,0.0,59789312
2026-04-24T21:43:19.086442+00:00,recovery_scenario,iperf_tcp,80,2,,twin_core,395196,9.9,66707456
2026-04-24T21:43:19.086442+00:00,recovery_scenario,iperf_tcp,80,2,,ryu_controller,395188,29.5,59789312
2026-04-24T21:43:19.146543+00:00,recovery_scenario,iperf_tcp,80,2,scenario_teardown,,,,
2026-04-24T21:43:19.188081+00:00,recovery_scenario,iperf_tcp,80,2,,twin_core,395196,19.7,66711552
2026-04-24T21:43:19.188081+00:00,recovery_scenario,iperf_tcp,80,2,,ryu_controller,395188,49.5,59789312
2026-04-24T21:43:19.288749+00:00,recovery_scenario,iperf_tcp,80,2,,twin_core,395196,0.0,66711552
2026-04-24T21:43:19.288749+00:00,recovery_scenario,iperf_tcp,80,2,,ryu_controller,395188,0.0,59789312
2026-04-24T21:43:19.389218+00:00,recovery_scenario,iperf_tcp,80,2,,twin_core,395196,0.0,66711552
2026-04-24T21:43:19.389218+00:00,recovery_scenario,iperf_tcp,80,2,,ryu_controller,395188,10.0,59789312
2026-04-24T21:43:19.489641+00:00,recovery_scenario,iperf_tcp,80,2,,twin_core,395196,0.0,66711552
2026-04-24T21:43:19.489641+00:00,recovery_scenario,iperf_tcp,80,2,,ryu_controller,395188,19.9,59789312
2026-04-24T21:43:19.965622+00:00,recovery_scenario,iperf_tcp,80,3,,twin_core,395196,0.0,66715648
2026-04-24T21:43:19.965622+00:00,recovery_scenario,iperf_tcp,80,3,,ryu_controller,395188,0.0,59789312
2026-04-24T21:43:20.067389+00:00,recovery_scenario,iperf_tcp,80,3,,twin_core,395196,0.0,66715648
2026-04-24T21:43:20.067389+00:00,recovery_scenario,iperf_tcp,80,3,,ryu_controller,395188,29.5,59789312
2026-04-24T21:43:20.168420+00:00,recovery_scenario,iperf_tcp,80,3,,twin_core,395196,19.8,66715648
2026-04-24T21:43:20.168420+00:00,recovery_scenario,iperf_tcp,80,3,,ryu_controller,395188,29.7,59789312
2026-04-24T21:43:20.216182+00:00,recovery_scenario,iperf_tcp,80,3,service_started,,,,
2026-04-24T21:43:20.269222+00:00,recovery_scenario,iperf_tcp,80,3,,twin_core,395196,9.9,66736128
2026-04-24T21:43:20.269222+00:00,recovery_scenario,iperf_tcp,80,3,,ryu_controller,395188,49.8,59789312
2026-04-24T21:43:20.369657+00:00,recovery_scenario,iperf_tcp,80,3,,twin_core,395196,0.0,66736128
2026-04-24T21:43:20.369657+00:00,recovery_scenario,iperf_tcp,80,3,,ryu_controller,395188,19.9,59789312
2026-04-24T21:43:20.471268+00:00,recovery_scenario,iperf_tcp,80,3,,twin_core,395196,0.0,66736128
2026-04-24T21:43:20.471268+00:00,recovery_scenario,iperf_tcp,80,3,,ryu_controller,395188,9.8,59789312
2026-04-24T21:43:20.572548+00:00,recovery_scenario,iperf_tcp,80,3,,twin_core,395196,9.9,66736128
2026-04-24T21:43:20.572548+00:00,recovery_scenario,iperf_tcp,80,3,,ryu_controller,395188,9.9,59789312
2026-04-24T21:43:20.673030+00:00,recovery_scenario,iperf_tcp,80,3,,twin_core,395196,0.0,66736128
2026-04-24T21:43:20.673030+00:00,recovery_scenario,iperf_tcp,80,3,,ryu_controller,395188,19.9,59789312
2026-04-24T21:43:20.773409+00:00,recovery_scenario,iperf_tcp,80,3,,twin_core,395196,0.0,66736128
2026-04-24T21:43:20.773409+00:00,recovery_scenario,iperf_tcp,80,3,,ryu_controller,395188,19.9,59789312
2026-04-24T21:43:20.873963+00:00,recovery_scenario,iperf_tcp,80,3,,twin_core,395196,0.0,66736128
2026-04-24T21:43:20.873963+00:00,recovery_scenario,iperf_tcp,80,3,,ryu_controller,395188,19.9,59789312
2026-04-24T21:43:20.977866+00:00,recovery_scenario,iperf_tcp,80,3,,twin_core,395196,0.0,66736128
2026-04-24T21:43:20.977866+00:00,recovery_scenario,iperf_tcp,80,3,,ryu_controller,395188,28.8,59789312
2026-04-24T21:43:21.078307+00:00,recovery_scenario,iperf_tcp,80,3,,twin_core,395196,0.0,66736128
2026-04-24T21:43:21.078307+00:00,recovery_scenario,iperf_tcp,80,3,,ryu_controller,395188,19.9,59789312
2026-04-24T21:43:21.178658+00:00,recovery_scenario,iperf_tcp,80,3,,twin_core,395196,0.0,66736128
2026-04-24T21:43:21.178658+00:00,recovery_scenario,iperf_tcp,80,3,,ryu_controller,395188,19.9,59789312
2026-04-24T21:43:21.279448+00:00,recovery_scenario,iperf_tcp,80,3,,twin_core,395196,0.0,66736128
2026-04-24T21:43:21.279448+00:00,recovery_scenario,iperf_tcp,80,3,,ryu_controller,395188,19.9,59789312
2026-04-24T21:43:21.379816+00:00,recovery_scenario,iperf_tcp,80,3,,twin_core,395196,0.0,66736128
2026-04-24T21:43:21.379816+00:00,recovery_scenario,iperf_tcp,80,3,,ryu_controller,395188,19.9,59789312
2026-04-24T21:43:21.480321+00:00,recovery_scenario,iperf_tcp,80,3,,twin_core,395196,0.0,66736128
2026-04-24T21:43:21.480321+00:00,recovery_scenario,iperf_tcp,80,3,,ryu_controller,395188,19.9,59789312
2026-04-24T21:43:21.580943+00:00,recovery_scenario,iperf_tcp,80,3,,twin_core,395196,0.0,66736128
2026-04-24T21:43:21.580943+00:00,recovery_scenario,iperf_tcp,80,3,,ryu_controller,395188,9.9,59789312
2026-04-24T21:43:21.681475+00:00,recovery_scenario,iperf_tcp,80,3,,twin_core,395196,0.0,66736128
2026-04-24T21:43:21.681475+00:00,recovery_scenario,iperf_tcp,80,3,,ryu_controller,395188,19.9,59789312
2026-04-24T21:43:21.782385+00:00,recovery_scenario,iperf_tcp,80,3,,twin_core,395196,0.0,66736128
2026-04-24T21:43:21.782385+00:00,recovery_scenario,iperf_tcp,80,3,,ryu_controller,395188,29.7,59789312
2026-04-24T21:43:21.882860+00:00,recovery_scenario,iperf_tcp,80,3,,twin_core,395196,0.0,66736128
2026-04-24T21:43:21.882860+00:00,recovery_scenario,iperf_tcp,80,3,,ryu_controller,395188,19.9,59789312
2026-04-24T21:43:21.987817+00:00,recovery_scenario,iperf_tcp,80,3,,twin_core,395196,0.0,66736128
2026-04-24T21:43:21.987817+00:00,recovery_scenario,iperf_tcp,80,3,,ryu_controller,395188,9.5,59789312
2026-04-24T21:43:22.089496+00:00,recovery_scenario,iperf_tcp,80,3,,twin_core,395196,0.0,66736128
2026-04-24T21:43:22.089496+00:00,recovery_scenario,iperf_tcp,80,3,,ryu_controller,395188,9.8,59789312
2026-04-24T21:43:22.190007+00:00,recovery_scenario,iperf_tcp,80,3,,twin_core,395196,0.0,66736128
2026-04-24T21:43:22.190007+00:00,recovery_scenario,iperf_tcp,80,3,,ryu_controller,395188,19.9,59789312
2026-04-24T21:43:22.291300+00:00,recovery_scenario,iperf_tcp,80,3,,twin_core,395196,9.9,66736128
2026-04-24T21:43:22.291300+00:00,recovery_scenario,iperf_tcp,80,3,,ryu_controller,395188,29.6,59789312
2026-04-24T21:43:22.392129+00:00,recovery_scenario,iperf_tcp,80,3,,twin_core,395196,9.9,66756608
2026-04-24T21:43:22.392129+00:00,recovery_scenario,iperf_tcp,80,3,,ryu_controller,395188,29.8,59789312
2026-04-24T21:43:22.493096+00:00,recovery_scenario,iperf_tcp,80,3,,twin_core,395196,0.0,66756608
2026-04-24T21:43:22.493096+00:00,recovery_scenario,iperf_tcp,80,3,,ryu_controller,395188,9.9,59789312
2026-04-24T21:43:22.593571+00:00,recovery_scenario,iperf_tcp,80,3,,twin_core,395196,0.0,66756608
2026-04-24T21:43:22.593571+00:00,recovery_scenario,iperf_tcp,80,3,,ryu_controller,395188,19.9,59789312
2026-04-24T21:43:22.694254+00:00,recovery_scenario,iperf_tcp,80,3,,twin_core,395196,0.0,66756608
2026-04-24T21:43:22.694254+00:00,recovery_scenario,iperf_tcp,80,3,,ryu_controller,395188,10.0,59789312
2026-04-24T21:43:22.795046+00:00,recovery_scenario,iperf_tcp,80,3,,twin_core,395196,0.0,66756608
2026-04-24T21:43:22.795046+00:00,recovery_scenario,iperf_tcp,80,3,,ryu_controller,395188,9.9,59789312
2026-04-24T21:43:22.895468+00:00,recovery_scenario,iperf_tcp,80,3,,twin_core,395196,0.0,66756608
2026-04-24T21:43:22.895468+00:00,recovery_scenario,iperf_tcp,80,3,,ryu_controller,395188,0.0,59789312
2026-04-24T21:43:22.996190+00:00,recovery_scenario,iperf_tcp,80,3,,twin_core,395196,0.0,66756608
2026-04-24T21:43:22.996190+00:00,recovery_scenario,iperf_tcp,80,3,,ryu_controller,395188,49.5,59793408
2026-04-24T21:43:23.096755+00:00,recovery_scenario,iperf_tcp,80,3,,twin_core,395196,0.0,66756608
2026-04-24T21:43:23.096755+00:00,recovery_scenario,iperf_tcp,80,3,,ryu_controller,395188,10.0,59793408
2026-04-24T21:43:23.197167+00:00,recovery_scenario,iperf_tcp,80,3,,twin_core,395196,0.0,66756608
2026-04-24T21:43:23.197167+00:00,recovery_scenario,iperf_tcp,80,3,,ryu_controller,395188,10.0,59793408
2026-04-24T21:43:23.299090+00:00,recovery_scenario,iperf_tcp,80,3,,twin_core,395196,0.0,66756608
2026-04-24T21:43:23.299090+00:00,recovery_scenario,iperf_tcp,80,3,,ryu_controller,395188,9.8,59793408
2026-04-24T21:43:23.400494+00:00,recovery_scenario,iperf_tcp,80,3,,twin_core,395196,9.9,66756608
2026-04-24T21:43:23.400494+00:00,recovery_scenario,iperf_tcp,80,3,,ryu_controller,395188,19.7,59793408
2026-04-24T21:43:23.500975+00:00,recovery_scenario,iperf_tcp,80,3,,twin_core,395196,0.0,66756608
2026-04-24T21:43:23.500975+00:00,recovery_scenario,iperf_tcp,80,3,,ryu_controller,395188,10.0,59793408
2026-04-24T21:43:23.601358+00:00,recovery_scenario,iperf_tcp,80,3,,twin_core,395196,0.0,66756608
2026-04-24T21:43:23.601358+00:00,recovery_scenario,iperf_tcp,80,3,,ryu_controller,395188,10.0,59793408
2026-04-24T21:43:23.702569+00:00,recovery_scenario,iperf_tcp,80,3,,twin_core,395196,0.0,66756608
2026-04-24T21:43:23.702569+00:00,recovery_scenario,iperf_tcp,80,3,,ryu_controller,395188,9.9,59793408
2026-04-24T21:43:23.803086+00:00,recovery_scenario,iperf_tcp,80,3,,twin_core,395196,0.0,66756608
2026-04-24T21:43:23.803086+00:00,recovery_scenario,iperf_tcp,80,3,,ryu_controller,395188,0.0,59793408
2026-04-24T21:43:23.903786+00:00,recovery_scenario,iperf_tcp,80,3,,twin_core,395196,0.0,66756608
2026-04-24T21:43:23.903786+00:00,recovery_scenario,iperf_tcp,80,3,,ryu_controller,395188,9.9,59793408
2026-04-24T21:43:24.004195+00:00,recovery_scenario,iperf_tcp,80,3,,twin_core,395196,0.0,66756608
2026-04-24T21:43:24.004195+00:00,recovery_scenario,iperf_tcp,80,3,,ryu_controller,395188,0.0,59793408
2026-04-24T21:43:24.104669+00:00,recovery_scenario,iperf_tcp,80,3,,twin_core,395196,0.0,66756608
2026-04-24T21:43:24.104669+00:00,recovery_scenario,iperf_tcp,80,3,,ryu_controller,395188,19.9,59793408
2026-04-24T21:43:24.207777+00:00,recovery_scenario,iperf_tcp,80,3,,twin_core,395196,0.0,66756608
2026-04-24T21:43:24.207777+00:00,recovery_scenario,iperf_tcp,80,3,,ryu_controller,395188,9.7,59793408
2026-04-24T21:43:24.309077+00:00,recovery_scenario,iperf_tcp,80,3,,twin_core,395196,0.0,66756608
2026-04-24T21:43:24.309077+00:00,recovery_scenario,iperf_tcp,80,3,,ryu_controller,395188,0.0,59793408
2026-04-24T21:43:24.410095+00:00,recovery_scenario,iperf_tcp,80,3,,twin_core,395196,19.8,66809856
2026-04-24T21:43:24.410095+00:00,recovery_scenario,iperf_tcp,80,3,,ryu_controller,395188,88.8,59793408
2026-04-24T21:43:24.511672+00:00,recovery_scenario,iperf_tcp,80,3,,twin_core,395196,0.0,66809856
2026-04-24T21:43:24.511672+00:00,recovery_scenario,iperf_tcp,80,3,,ryu_controller,395188,9.9,59793408
2026-04-24T21:43:24.612258+00:00,recovery_scenario,iperf_tcp,80,3,,twin_core,395196,0.0,66809856
2026-04-24T21:43:24.612258+00:00,recovery_scenario,iperf_tcp,80,3,,ryu_controller,395188,10.0,59793408
2026-04-24T21:43:24.712660+00:00,recovery_scenario,iperf_tcp,80,3,,twin_core,395196,0.0,66809856
2026-04-24T21:43:24.712660+00:00,recovery_scenario,iperf_tcp,80,3,,ryu_controller,395188,10.0,59793408
2026-04-24T21:43:24.814784+00:00,recovery_scenario,iperf_tcp,80,3,,twin_core,395196,9.8,66809856
2026-04-24T21:43:24.814784+00:00,recovery_scenario,iperf_tcp,80,3,,ryu_controller,395188,9.8,59793408
2026-04-24T21:43:24.915219+00:00,recovery_scenario,iperf_tcp,80,3,,twin_core,395196,0.0,66809856
2026-04-24T21:43:24.915219+00:00,recovery_scenario,iperf_tcp,80,3,,ryu_controller,395188,10.0,59793408
2026-04-24T21:43:25.015594+00:00,recovery_scenario,iperf_tcp,80,3,,twin_core,395196,0.0,66809856
2026-04-24T21:43:25.015594+00:00,recovery_scenario,iperf_tcp,80,3,,ryu_controller,395188,49.7,59793408
2026-04-24T21:43:25.116144+00:00,recovery_scenario,iperf_tcp,80,3,,twin_core,395196,0.0,66809856
2026-04-24T21:43:25.116144+00:00,recovery_scenario,iperf_tcp,80,3,,ryu_controller,395188,39.7,59793408
2026-04-24T21:43:25.216937+00:00,recovery_scenario,iperf_tcp,80,3,,twin_core,395196,0.0,66809856
2026-04-24T21:43:25.216937+00:00,recovery_scenario,iperf_tcp,80,3,,ryu_controller,395188,0.0,59793408
2026-04-24T21:43:25.317429+00:00,recovery_scenario,iperf_tcp,80,3,,twin_core,395196,0.0,66809856
2026-04-24T21:43:25.317429+00:00,recovery_scenario,iperf_tcp,80,3,,ryu_controller,395188,0.0,59793408
2026-04-24T21:43:25.418001+00:00,recovery_scenario,iperf_tcp,80,3,,twin_core,395196,0.0,66809856
2026-04-24T21:43:25.418001+00:00,recovery_scenario,iperf_tcp,80,3,,ryu_controller,395188,19.9,59793408
2026-04-24T21:43:25.520580+00:00,recovery_scenario,iperf_tcp,80,3,,twin_core,395196,0.0,66809856
2026-04-24T21:43:25.520580+00:00,recovery_scenario,iperf_tcp,80,3,,ryu_controller,395188,9.7,59793408
2026-04-24T21:43:25.622035+00:00,recovery_scenario,iperf_tcp,80,3,,twin_core,395196,0.0,66809856
2026-04-24T21:43:25.622035+00:00,recovery_scenario,iperf_tcp,80,3,,ryu_controller,395188,9.9,59793408
2026-04-24T21:43:25.722479+00:00,recovery_scenario,iperf_tcp,80,3,,twin_core,395196,0.0,66809856
2026-04-24T21:43:25.722479+00:00,recovery_scenario,iperf_tcp,80,3,,ryu_controller,395188,10.0,59793408
2026-04-24T21:43:25.822979+00:00,recovery_scenario,iperf_tcp,80,3,,twin_core,395196,0.0,66809856
2026-04-24T21:43:25.822979+00:00,recovery_scenario,iperf_tcp,80,3,,ryu_controller,395188,9.9,59793408
2026-04-24T21:43:25.927609+00:00,recovery_scenario,iperf_tcp,80,3,,twin_core,395196,0.0,66809856
2026-04-24T21:43:25.927609+00:00,recovery_scenario,iperf_tcp,80,3,,ryu_controller,395188,0.0,59793408
2026-04-24T21:43:25.980468+00:00,recovery_scenario,iperf_tcp,80,3,pingall_completed,,,,
2026-04-24T21:43:26.028306+00:00,recovery_scenario,iperf_tcp,80,3,,twin_core,395196,0.0,66809856
2026-04-24T21:43:26.028306+00:00,recovery_scenario,iperf_tcp,80,3,,ryu_controller,395188,0.0,59793408
2026-04-24T21:43:26.130074+00:00,recovery_scenario,iperf_tcp,80,3,,twin_core,395196,0.0,66809856
2026-04-24T21:43:26.130074+00:00,recovery_scenario,iperf_tcp,80,3,,ryu_controller,395188,29.5,59793408
2026-04-24T21:43:26.235237+00:00,recovery_scenario,iperf_tcp,80,3,,twin_core,395196,0.0,66809856
2026-04-24T21:43:26.235237+00:00,recovery_scenario,iperf_tcp,80,3,,ryu_controller,395188,0.0,59793408
2026-04-24T21:43:26.340668+00:00,recovery_scenario,iperf_tcp,80,3,,twin_core,395196,9.5,66809856
2026-04-24T21:43:26.340668+00:00,recovery_scenario,iperf_tcp,80,3,,ryu_controller,395188,0.0,59793408
2026-04-24T21:43:26.441991+00:00,recovery_scenario,iperf_tcp,80,3,,twin_core,395196,9.9,66809856
2026-04-24T21:43:26.441991+00:00,recovery_scenario,iperf_tcp,80,3,,ryu_controller,395188,29.6,59793408
2026-04-24T21:43:26.543381+00:00,recovery_scenario,iperf_tcp,80,3,,twin_core,395196,9.9,66867200
2026-04-24T21:43:26.543381+00:00,recovery_scenario,iperf_tcp,80,3,,ryu_controller,395188,59.3,59805696
2026-04-24T21:43:26.643928+00:00,recovery_scenario,iperf_tcp,80,3,,twin_core,395196,0.0,66867200
2026-04-24T21:43:26.643928+00:00,recovery_scenario,iperf_tcp,80,3,,ryu_controller,395188,0.0,59805696
2026-04-24T21:43:26.748368+00:00,recovery_scenario,iperf_tcp,80,3,,twin_core,395196,0.0,66867200
2026-04-24T21:43:26.748368+00:00,recovery_scenario,iperf_tcp,80,3,,ryu_controller,395188,0.0,59805696
2026-04-24T21:43:26.853808+00:00,recovery_scenario,iperf_tcp,80,3,,twin_core,395196,0.0,66867200
2026-04-24T21:43:26.853808+00:00,recovery_scenario,iperf_tcp,80,3,,ryu_controller,395188,9.5,59805696
2026-04-24T21:43:26.958089+00:00,recovery_scenario,iperf_tcp,80,3,,twin_core,395196,0.0,66867200
2026-04-24T21:43:26.958089+00:00,recovery_scenario,iperf_tcp,80,3,,ryu_controller,395188,0.0,59805696
2026-04-24T21:43:27.059141+00:00,recovery_scenario,iperf_tcp,80,3,,twin_core,395196,9.9,66867200
2026-04-24T21:43:27.059141+00:00,recovery_scenario,iperf_tcp,80,3,,ryu_controller,395188,0.0,59805696
2026-04-24T21:43:27.160121+00:00,recovery_scenario,iperf_tcp,80,3,,twin_core,395196,0.0,66867200
2026-04-24T21:43:27.160121+00:00,recovery_scenario,iperf_tcp,80,3,,ryu_controller,395188,79.6,59822080
2026-04-24T21:43:27.260517+00:00,recovery_scenario,iperf_tcp,80,3,,twin_core,395196,0.0,66867200
2026-04-24T21:43:27.260517+00:00,recovery_scenario,iperf_tcp,80,3,,ryu_controller,395188,9.9,59822080
2026-04-24T21:43:27.361117+00:00,recovery_scenario,iperf_tcp,80,3,,twin_core,395196,0.0,66867200
2026-04-24T21:43:27.361117+00:00,recovery_scenario,iperf_tcp,80,3,,ryu_controller,395188,0.0,59822080
2026-04-24T21:43:27.461874+00:00,recovery_scenario,iperf_tcp,80,3,,twin_core,395196,0.0,66867200
2026-04-24T21:43:27.461874+00:00,recovery_scenario,iperf_tcp,80,3,,ryu_controller,395188,0.0,59822080
2026-04-24T21:43:27.562649+00:00,recovery_scenario,iperf_tcp,80,3,,twin_core,395196,0.0,66867200
2026-04-24T21:43:27.562649+00:00,recovery_scenario,iperf_tcp,80,3,,ryu_controller,395188,0.0,59822080
2026-04-24T21:43:27.663189+00:00,recovery_scenario,iperf_tcp,80,3,,twin_core,395196,0.0,66867200
2026-04-24T21:43:27.663189+00:00,recovery_scenario,iperf_tcp,80,3,,ryu_controller,395188,0.0,59822080
2026-04-24T21:43:27.763682+00:00,recovery_scenario,iperf_tcp,80,3,,twin_core,395196,0.0,66867200
2026-04-24T21:43:27.763682+00:00,recovery_scenario,iperf_tcp,80,3,,ryu_controller,395188,9.9,59822080
2026-04-24T21:43:27.864528+00:00,recovery_scenario,iperf_tcp,80,3,,twin_core,395196,0.0,66867200
2026-04-24T21:43:27.864528+00:00,recovery_scenario,iperf_tcp,80,3,,ryu_controller,395188,0.0,59822080
2026-04-24T21:43:27.965356+00:00,recovery_scenario,iperf_tcp,80,3,,twin_core,395196,0.0,66867200
2026-04-24T21:43:27.965356+00:00,recovery_scenario,iperf_tcp,80,3,,ryu_controller,395188,0.0,59822080
2026-04-24T21:43:28.012793+00:00,recovery_scenario,iperf_tcp,80,3,background_traffic_started,,,,
2026-04-24T21:43:28.068242+00:00,recovery_scenario,iperf_tcp,80,3,,twin_core,395196,9.7,66871296
2026-04-24T21:43:28.068242+00:00,recovery_scenario,iperf_tcp,80,3,,ryu_controller,395188,29.3,59822080
2026-04-24T21:43:28.148195+00:00,recovery_scenario,iperf_tcp,80,3,fault_injected,,,,
2026-04-24T21:43:28.168897+00:00,recovery_scenario,iperf_tcp,80,3,,twin_core,395196,9.9,66883584
2026-04-24T21:43:28.168897+00:00,recovery_scenario,iperf_tcp,80,3,,ryu_controller,395188,79.4,59846656
2026-04-24T21:43:28.271814+00:00,recovery_scenario,iperf_tcp,80,3,,twin_core,395196,9.7,66883584
2026-04-24T21:43:28.271814+00:00,recovery_scenario,iperf_tcp,80,3,,ryu_controller,395188,97.2,59846656
2026-04-24T21:43:28.372156+00:00,recovery_scenario,iperf_tcp,80,3,,twin_core,395196,0.0,66883584
2026-04-24T21:43:28.372156+00:00,recovery_scenario,iperf_tcp,80,3,,ryu_controller,395188,89.6,59854848
2026-04-24T21:43:28.472633+00:00,recovery_scenario,iperf_tcp,80,3,,twin_core,395196,0.0,66883584
2026-04-24T21:43:28.472633+00:00,recovery_scenario,iperf_tcp,80,3,,ryu_controller,395188,109.4,59863040
2026-04-24T21:43:28.573216+00:00,recovery_scenario,iperf_tcp,80,3,,twin_core,395196,0.0,66883584
2026-04-24T21:43:28.573216+00:00,recovery_scenario,iperf_tcp,80,3,,ryu_controller,395188,79.6,59887616
2026-04-24T21:43:28.674257+00:00,recovery_scenario,iperf_tcp,80,3,,twin_core,395196,9.9,66883584
2026-04-24T21:43:28.674257+00:00,recovery_scenario,iperf_tcp,80,3,,ryu_controller,395188,98.7,59891712
2026-04-24T21:43:28.775042+00:00,recovery_scenario,iperf_tcp,80,3,,twin_core,395196,0.0,66883584
2026-04-24T21:43:28.775042+00:00,recovery_scenario,iperf_tcp,80,3,,ryu_controller,395188,98.3,59891712
2026-04-24T21:43:28.883304+00:00,recovery_scenario,iperf_tcp,80,3,,twin_core,395196,0.0,66883584
2026-04-24T21:43:28.883304+00:00,recovery_scenario,iperf_tcp,80,3,,ryu_controller,395188,102.8,59891712
2026-04-24T21:43:28.983947+00:00,recovery_scenario,iperf_tcp,80,3,,twin_core,395196,0.0,66883584
2026-04-24T21:43:28.983947+00:00,recovery_scenario,iperf_tcp,80,3,,ryu_controller,395188,99.3,59891712
2026-04-24T21:43:29.084432+00:00,recovery_scenario,iperf_tcp,80,3,,twin_core,395196,10.0,66883584
2026-04-24T21:43:29.084432+00:00,recovery_scenario,iperf_tcp,80,3,,ryu_controller,395188,79.7,59891712
2026-04-24T21:43:29.185056+00:00,recovery_scenario,iperf_tcp,80,3,,twin_core,395196,9.9,66883584
2026-04-24T21:43:29.185056+00:00,recovery_scenario,iperf_tcp,80,3,,ryu_controller,395188,49.7,59891712
2026-04-24T21:43:29.285397+00:00,recovery_scenario,iperf_tcp,80,3,,twin_core,395196,10.0,66883584
2026-04-24T21:43:29.285397+00:00,recovery_scenario,iperf_tcp,80,3,,ryu_controller,395188,99.3,59891712
2026-04-24T21:43:29.375676+00:00,recovery_scenario,iperf_tcp,80,3,recovery_requested,,,,
2026-04-24T21:43:29.386101+00:00,recovery_scenario,iperf_tcp,80,3,,twin_core,395196,9.9,66887680
2026-04-24T21:43:29.386101+00:00,recovery_scenario,iperf_tcp,80,3,,ryu_controller,395188,89.6,59891712
2026-04-24T21:43:29.486451+00:00,recovery_scenario,iperf_tcp,80,3,,twin_core,395196,0.0,66887680
2026-04-24T21:43:29.486451+00:00,recovery_scenario,iperf_tcp,80,3,,ryu_controller,395188,29.7,59891712
2026-04-24T21:43:29.587560+00:00,recovery_scenario,iperf_tcp,80,3,,twin_core,395196,0.0,66887680
2026-04-24T21:43:29.587560+00:00,recovery_scenario,iperf_tcp,80,3,,ryu_controller,395188,39.8,59891712
2026-04-24T21:43:29.688449+00:00,recovery_scenario,iperf_tcp,80,3,,twin_core,395196,0.0,66887680
2026-04-24T21:43:29.688449+00:00,recovery_scenario,iperf_tcp,80,3,,ryu_controller,395188,39.4,59891712
2026-04-24T21:43:29.789447+00:00,recovery_scenario,iperf_tcp,80,3,,twin_core,395196,0.0,66887680
2026-04-24T21:43:29.789447+00:00,recovery_scenario,iperf_tcp,80,3,,ryu_controller,395188,39.8,59891712
2026-04-24T21:43:29.890102+00:00,recovery_scenario,iperf_tcp,80,3,,twin_core,395196,0.0,66887680
2026-04-24T21:43:29.890102+00:00,recovery_scenario,iperf_tcp,80,3,,ryu_controller,395188,99.3,59891712
2026-04-24T21:43:29.990835+00:00,recovery_scenario,iperf_tcp,80,3,,twin_core,395196,0.0,66887680
2026-04-24T21:43:29.990835+00:00,recovery_scenario,iperf_tcp,80,3,,ryu_controller,395188,109.0,59891712
2026-04-24T21:43:30.091909+00:00,recovery_scenario,iperf_tcp,80,3,,twin_core,395196,0.0,66887680
2026-04-24T21:43:30.091909+00:00,recovery_scenario,iperf_tcp,80,3,,ryu_controller,395188,99.3,59891712
2026-04-24T21:43:30.192291+00:00,recovery_scenario,iperf_tcp,80,3,,twin_core,395196,0.0,66887680
2026-04-24T21:43:30.192291+00:00,recovery_scenario,iperf_tcp,80,3,,ryu_controller,395188,99.6,59891712
2026-04-24T21:43:30.292879+00:00,recovery_scenario,iperf_tcp,80,3,,twin_core,395196,0.0,66887680
2026-04-24T21:43:30.292879+00:00,recovery_scenario,iperf_tcp,80,3,,ryu_controller,395188,89.5,59891712
2026-04-24T21:43:30.393238+00:00,recovery_scenario,iperf_tcp,80,3,,twin_core,395196,0.0,66887680
2026-04-24T21:43:30.393238+00:00,recovery_scenario,iperf_tcp,80,3,,ryu_controller,395188,109.5,59891712
2026-04-24T21:43:30.493679+00:00,recovery_scenario,iperf_tcp,80,3,,twin_core,395196,0.0,66887680
2026-04-24T21:43:30.493679+00:00,recovery_scenario,iperf_tcp,80,3,,ryu_controller,395188,89.6,59891712
2026-04-24T21:43:30.594916+00:00,recovery_scenario,iperf_tcp,80,3,,twin_core,395196,9.9,66887680
2026-04-24T21:43:30.594916+00:00,recovery_scenario,iperf_tcp,80,3,,ryu_controller,395188,39.3,59891712
2026-04-24T21:43:30.696530+00:00,recovery_scenario,iperf_tcp,80,3,,twin_core,395196,0.0,66887680
2026-04-24T21:43:30.696530+00:00,recovery_scenario,iperf_tcp,80,3,,ryu_controller,395188,0.0,59891712
2026-04-24T21:43:30.797438+00:00,recovery_scenario,iperf_tcp,80,3,,twin_core,395196,9.9,66887680
2026-04-24T21:43:30.797438+00:00,recovery_scenario,iperf_tcp,80,3,,ryu_controller,395188,9.9,59891712
2026-04-24T21:43:30.898105+00:00,recovery_scenario,iperf_tcp,80,3,,twin_core,395196,0.0,66887680
2026-04-24T21:43:30.898105+00:00,recovery_scenario,iperf_tcp,80,3,,ryu_controller,395188,0.0,59891712
2026-04-24T21:43:30.998685+00:00,recovery_scenario,iperf_tcp,80,3,,twin_core,395196,0.0,66887680
2026-04-24T21:43:30.998685+00:00,recovery_scenario,iperf_tcp,80,3,,ryu_controller,395188,19.9,59891712
2026-04-24T21:43:31.099352+00:00,recovery_scenario,iperf_tcp,80,3,,twin_core,395196,0.0,66887680
2026-04-24T21:43:31.099352+00:00,recovery_scenario,iperf_tcp,80,3,,ryu_controller,395188,0.0,59891712
2026-04-24T21:43:31.199804+00:00,recovery_scenario,iperf_tcp,80,3,,twin_core,395196,19.9,66895872
2026-04-24T21:43:31.199804+00:00,recovery_scenario,iperf_tcp,80,3,,ryu_controller,395188,59.6,59891712
2026-04-24T21:43:31.300565+00:00,recovery_scenario,iperf_tcp,80,3,,twin_core,395196,0.0,66895872
2026-04-24T21:43:31.300565+00:00,recovery_scenario,iperf_tcp,80,3,,ryu_controller,395188,0.0,59891712
2026-04-24T21:43:31.401296+00:00,recovery_scenario,iperf_tcp,80,3,,twin_core,395196,0.0,66895872
2026-04-24T21:43:31.401296+00:00,recovery_scenario,iperf_tcp,80,3,,ryu_controller,395188,29.8,59891712
2026-04-24T21:43:31.501666+00:00,recovery_scenario,iperf_tcp,80,3,,twin_core,395196,10.0,66895872
2026-04-24T21:43:31.501666+00:00,recovery_scenario,iperf_tcp,80,3,,ryu_controller,395188,99.6,59891712
2026-04-24T21:43:31.510394+00:00,recovery_scenario,iperf_tcp,80,3,scenario_teardown,,,,
2026-04-24T21:43:31.602192+00:00,recovery_scenario,iperf_tcp,80,3,,twin_core,395196,19.9,66899968
2026-04-24T21:43:31.602192+00:00,recovery_scenario,iperf_tcp,80,3,,ryu_controller,395188,9.9,59891712
2026-04-24T21:43:31.702680+00:00,recovery_scenario,iperf_tcp,80,3,,twin_core,395196,0.0,66899968
2026-04-24T21:43:31.702680+00:00,recovery_scenario,iperf_tcp,80,3,,ryu_controller,395188,9.9,59891712
2026-04-24T21:43:31.803268+00:00,recovery_scenario,iperf_tcp,80,3,,twin_core,395196,0.0,66899968
2026-04-24T21:43:31.803268+00:00,recovery_scenario,iperf_tcp,80,3,,ryu_controller,395188,10.0,59891712
2026-04-24T21:43:31.905183+00:00,recovery_scenario,iperf_tcp,80,3,,twin_core,395196,0.0,66899968
2026-04-24T21:43:31.905183+00:00,recovery_scenario,iperf_tcp,80,3,,ryu_controller,395188,0.0,59891712
2026-04-24T21:43:32.402913+00:00,recovery_scenario,iperf_tcp,80,4,,twin_core,395196,0.0,66899968
2026-04-24T21:43:32.402913+00:00,recovery_scenario,iperf_tcp,80,4,,ryu_controller,395188,0.0,59891712
2026-04-24T21:43:32.504462+00:00,recovery_scenario,iperf_tcp,80,4,,twin_core,395196,0.0,66899968
2026-04-24T21:43:32.504462+00:00,recovery_scenario,iperf_tcp,80,4,,ryu_controller,395188,39.8,59891712
2026-04-24T21:43:32.605322+00:00,recovery_scenario,iperf_tcp,80,4,,twin_core,395196,9.9,66899968
2026-04-24T21:43:32.605322+00:00,recovery_scenario,iperf_tcp,80,4,,ryu_controller,395188,29.8,59891712
2026-04-24T21:43:32.660543+00:00,recovery_scenario,iperf_tcp,80,4,service_started,,,,
2026-04-24T21:43:32.705780+00:00,recovery_scenario,iperf_tcp,80,4,,twin_core,395196,10.0,66899968
2026-04-24T21:43:32.705780+00:00,recovery_scenario,iperf_tcp,80,4,,ryu_controller,395188,39.9,59891712
2026-04-24T21:43:32.807005+00:00,recovery_scenario,iperf_tcp,80,4,,twin_core,395196,9.9,66899968
2026-04-24T21:43:32.807005+00:00,recovery_scenario,iperf_tcp,80,4,,ryu_controller,395188,19.7,59891712
2026-04-24T21:43:32.907469+00:00,recovery_scenario,iperf_tcp,80,4,,twin_core,395196,0.0,66899968
2026-04-24T21:43:32.907469+00:00,recovery_scenario,iperf_tcp,80,4,,ryu_controller,395188,19.9,59891712
2026-04-24T21:43:33.008503+00:00,recovery_scenario,iperf_tcp,80,4,,twin_core,395196,0.0,66899968
2026-04-24T21:43:33.008503+00:00,recovery_scenario,iperf_tcp,80,4,,ryu_controller,395188,9.9,59891712
2026-04-24T21:43:33.108954+00:00,recovery_scenario,iperf_tcp,80,4,,twin_core,395196,0.0,66899968
2026-04-24T21:43:33.108954+00:00,recovery_scenario,iperf_tcp,80,4,,ryu_controller,395188,29.9,59891712
2026-04-24T21:43:33.209894+00:00,recovery_scenario,iperf_tcp,80,4,,twin_core,395196,0.0,66899968
2026-04-24T21:43:33.209894+00:00,recovery_scenario,iperf_tcp,80,4,,ryu_controller,395188,9.9,59891712
2026-04-24T21:43:33.310380+00:00,recovery_scenario,iperf_tcp,80,4,,twin_core,395196,0.0,66899968
2026-04-24T21:43:33.310380+00:00,recovery_scenario,iperf_tcp,80,4,,ryu_controller,395188,19.8,59891712
2026-04-24T21:43:33.412682+00:00,recovery_scenario,iperf_tcp,80,4,,twin_core,395196,0.0,66899968
2026-04-24T21:43:33.412682+00:00,recovery_scenario,iperf_tcp,80,4,,ryu_controller,395188,9.8,59891712
2026-04-24T21:43:33.513533+00:00,recovery_scenario,iperf_tcp,80,4,,twin_core,395196,0.0,66899968
2026-04-24T21:43:33.513533+00:00,recovery_scenario,iperf_tcp,80,4,,ryu_controller,395188,19.9,59891712
2026-04-24T21:43:33.614863+00:00,recovery_scenario,iperf_tcp,80,4,,twin_core,395196,0.0,66899968
2026-04-24T21:43:33.614863+00:00,recovery_scenario,iperf_tcp,80,4,,ryu_controller,395188,59.3,59891712
2026-04-24T21:43:33.715263+00:00,recovery_scenario,iperf_tcp,80,4,,twin_core,395196,10.0,66899968
2026-04-24T21:43:33.715263+00:00,recovery_scenario,iperf_tcp,80,4,,ryu_controller,395188,10.0,59891712
2026-04-24T21:43:33.815685+00:00,recovery_scenario,iperf_tcp,80,4,,twin_core,395196,0.0,66899968
2026-04-24T21:43:33.815685+00:00,recovery_scenario,iperf_tcp,80,4,,ryu_controller,395188,10.0,59891712
2026-04-24T21:43:33.916142+00:00,recovery_scenario,iperf_tcp,80,4,,twin_core,395196,0.0,66899968
2026-04-24T21:43:33.916142+00:00,recovery_scenario,iperf_tcp,80,4,,ryu_controller,395188,19.9,59891712
2026-04-24T21:43:34.016510+00:00,recovery_scenario,iperf_tcp,80,4,,twin_core,395196,0.0,66899968
2026-04-24T21:43:34.016510+00:00,recovery_scenario,iperf_tcp,80,4,,ryu_controller,395188,29.9,59891712
2026-04-24T21:43:34.118648+00:00,recovery_scenario,iperf_tcp,80,4,,twin_core,395196,0.0,66899968
2026-04-24T21:43:34.118648+00:00,recovery_scenario,iperf_tcp,80,4,,ryu_controller,395188,9.8,59891712
2026-04-24T21:43:34.219863+00:00,recovery_scenario,iperf_tcp,80,4,,twin_core,395196,0.0,66899968
2026-04-24T21:43:34.219863+00:00,recovery_scenario,iperf_tcp,80,4,,ryu_controller,395188,19.8,59891712
2026-04-24T21:43:34.320298+00:00,recovery_scenario,iperf_tcp,80,4,,twin_core,395196,0.0,66899968
2026-04-24T21:43:34.320298+00:00,recovery_scenario,iperf_tcp,80,4,,ryu_controller,395188,19.9,59891712
2026-04-24T21:43:34.420778+00:00,recovery_scenario,iperf_tcp,80,4,,twin_core,395196,0.0,66899968
2026-04-24T21:43:34.420778+00:00,recovery_scenario,iperf_tcp,80,4,,ryu_controller,395188,29.9,59891712
2026-04-24T21:43:34.521138+00:00,recovery_scenario,iperf_tcp,80,4,,twin_core,395196,0.0,66899968
2026-04-24T21:43:34.521138+00:00,recovery_scenario,iperf_tcp,80,4,,ryu_controller,395188,0.0,59891712
2026-04-24T21:43:34.621622+00:00,recovery_scenario,iperf_tcp,80,4,,twin_core,395196,0.0,66899968
2026-04-24T21:43:34.621622+00:00,recovery_scenario,iperf_tcp,80,4,,ryu_controller,395188,9.9,59891712
2026-04-24T21:43:34.722186+00:00,recovery_scenario,iperf_tcp,80,4,,twin_core,395196,0.0,66899968
2026-04-24T21:43:34.722186+00:00,recovery_scenario,iperf_tcp,80,4,,ryu_controller,395188,19.9,59891712
2026-04-24T21:43:34.822786+00:00,recovery_scenario,iperf_tcp,80,4,,twin_core,395196,9.9,66899968
2026-04-24T21:43:34.822786+00:00,recovery_scenario,iperf_tcp,80,4,,ryu_controller,395188,39.8,59891712
2026-04-24T21:43:34.923220+00:00,recovery_scenario,iperf_tcp,80,4,,twin_core,395196,0.0,66899968
2026-04-24T21:43:34.923220+00:00,recovery_scenario,iperf_tcp,80,4,,ryu_controller,395188,19.9,59891712
2026-04-24T21:43:35.023616+00:00,recovery_scenario,iperf_tcp,80,4,,twin_core,395196,0.0,66899968
2026-04-24T21:43:35.023616+00:00,recovery_scenario,iperf_tcp,80,4,,ryu_controller,395188,19.9,59891712
2026-04-24T21:43:35.124121+00:00,recovery_scenario,iperf_tcp,80,4,,twin_core,395196,0.0,66899968
2026-04-24T21:43:35.124121+00:00,recovery_scenario,iperf_tcp,80,4,,ryu_controller,395188,10.0,59891712
2026-04-24T21:43:35.224598+00:00,recovery_scenario,iperf_tcp,80,4,,twin_core,395196,0.0,66899968
2026-04-24T21:43:35.224598+00:00,recovery_scenario,iperf_tcp,80,4,,ryu_controller,395188,9.9,59891712
2026-04-24T21:43:35.325149+00:00,recovery_scenario,iperf_tcp,80,4,,twin_core,395196,0.0,66899968
2026-04-24T21:43:35.325149+00:00,recovery_scenario,iperf_tcp,80,4,,ryu_controller,395188,10.0,59891712
2026-04-24T21:43:35.425610+00:00,recovery_scenario,iperf_tcp,80,4,,twin_core,395196,0.0,66899968
2026-04-24T21:43:35.425610+00:00,recovery_scenario,iperf_tcp,80,4,,ryu_controller,395188,0.0,59891712
2026-04-24T21:43:35.526036+00:00,recovery_scenario,iperf_tcp,80,4,,twin_core,395196,10.0,66899968
2026-04-24T21:43:35.526036+00:00,recovery_scenario,iperf_tcp,80,4,,ryu_controller,395188,19.9,59891712
2026-04-24T21:43:35.626373+00:00,recovery_scenario,iperf_tcp,80,4,,twin_core,395196,0.0,66899968
2026-04-24T21:43:35.626373+00:00,recovery_scenario,iperf_tcp,80,4,,ryu_controller,395188,49.8,59891712
2026-04-24T21:43:35.726775+00:00,recovery_scenario,iperf_tcp,80,4,,twin_core,395196,0.0,66899968
2026-04-24T21:43:35.726775+00:00,recovery_scenario,iperf_tcp,80,4,,ryu_controller,395188,10.0,59891712
2026-04-24T21:43:35.827159+00:00,recovery_scenario,iperf_tcp,80,4,,twin_core,395196,0.0,66899968
2026-04-24T21:43:35.827159+00:00,recovery_scenario,iperf_tcp,80,4,,ryu_controller,395188,10.0,59891712
2026-04-24T21:43:35.927536+00:00,recovery_scenario,iperf_tcp,80,4,,twin_core,395196,0.0,66899968
2026-04-24T21:43:35.927536+00:00,recovery_scenario,iperf_tcp,80,4,,ryu_controller,395188,9.9,59891712
2026-04-24T21:43:36.028904+00:00,recovery_scenario,iperf_tcp,80,4,,twin_core,395196,0.0,66899968
2026-04-24T21:43:36.028904+00:00,recovery_scenario,iperf_tcp,80,4,,ryu_controller,395188,9.9,59891712
2026-04-24T21:43:36.129361+00:00,recovery_scenario,iperf_tcp,80,4,,twin_core,395196,0.0,66899968
2026-04-24T21:43:36.129361+00:00,recovery_scenario,iperf_tcp,80,4,,ryu_controller,395188,10.0,59891712
2026-04-24T21:43:36.229995+00:00,recovery_scenario,iperf_tcp,80,4,,twin_core,395196,0.0,66899968
2026-04-24T21:43:36.229995+00:00,recovery_scenario,iperf_tcp,80,4,,ryu_controller,395188,9.9,59891712
2026-04-24T21:43:36.330417+00:00,recovery_scenario,iperf_tcp,80,4,,twin_core,395196,0.0,66899968
2026-04-24T21:43:36.330417+00:00,recovery_scenario,iperf_tcp,80,4,,ryu_controller,395188,10.0,59891712
2026-04-24T21:43:36.431425+00:00,recovery_scenario,iperf_tcp,80,4,,twin_core,395196,0.0,66899968
2026-04-24T21:43:36.431425+00:00,recovery_scenario,iperf_tcp,80,4,,ryu_controller,395188,0.0,59891712
2026-04-24T21:43:36.533182+00:00,recovery_scenario,iperf_tcp,80,4,,twin_core,395196,9.8,66899968
2026-04-24T21:43:36.533182+00:00,recovery_scenario,iperf_tcp,80,4,,ryu_controller,395188,9.8,59891712
2026-04-24T21:43:36.634300+00:00,recovery_scenario,iperf_tcp,80,4,,twin_core,395196,0.0,66899968
2026-04-24T21:43:36.634300+00:00,recovery_scenario,iperf_tcp,80,4,,ryu_controller,395188,19.8,59891712
2026-04-24T21:43:36.736303+00:00,recovery_scenario,iperf_tcp,80,4,,twin_core,395196,0.0,66899968
2026-04-24T21:43:36.736303+00:00,recovery_scenario,iperf_tcp,80,4,,ryu_controller,395188,9.8,59891712
2026-04-24T21:43:36.838506+00:00,recovery_scenario,iperf_tcp,80,4,,twin_core,395196,19.6,66899968
2026-04-24T21:43:36.838506+00:00,recovery_scenario,iperf_tcp,80,4,,ryu_controller,395188,48.8,59891712
2026-04-24T21:43:36.939167+00:00,recovery_scenario,iperf_tcp,80,4,,twin_core,395196,0.0,66940928
2026-04-24T21:43:36.939167+00:00,recovery_scenario,iperf_tcp,80,4,,ryu_controller,395188,39.9,59891712
2026-04-24T21:43:37.040117+00:00,recovery_scenario,iperf_tcp,80,4,,twin_core,395196,0.0,66940928
2026-04-24T21:43:37.040117+00:00,recovery_scenario,iperf_tcp,80,4,,ryu_controller,395188,9.9,59891712
2026-04-24T21:43:37.140528+00:00,recovery_scenario,iperf_tcp,80,4,,twin_core,395196,0.0,66940928
2026-04-24T21:43:37.140528+00:00,recovery_scenario,iperf_tcp,80,4,,ryu_controller,395188,9.9,59891712
2026-04-24T21:43:37.241127+00:00,recovery_scenario,iperf_tcp,80,4,,twin_core,395196,0.0,66940928
2026-04-24T21:43:37.241127+00:00,recovery_scenario,iperf_tcp,80,4,,ryu_controller,395188,10.0,59891712
2026-04-24T21:43:37.341575+00:00,recovery_scenario,iperf_tcp,80,4,,twin_core,395196,0.0,66940928
2026-04-24T21:43:37.341575+00:00,recovery_scenario,iperf_tcp,80,4,,ryu_controller,395188,0.0,59891712
2026-04-24T21:43:37.443012+00:00,recovery_scenario,iperf_tcp,80,4,,twin_core,395196,9.9,66940928
2026-04-24T21:43:37.443012+00:00,recovery_scenario,iperf_tcp,80,4,,ryu_controller,395188,29.7,59891712
2026-04-24T21:43:37.543390+00:00,recovery_scenario,iperf_tcp,80,4,,twin_core,395196,0.0,66940928
2026-04-24T21:43:37.543390+00:00,recovery_scenario,iperf_tcp,80,4,,ryu_controller,395188,10.0,59891712
2026-04-24T21:43:37.643956+00:00,recovery_scenario,iperf_tcp,80,4,,twin_core,395196,0.0,66940928
2026-04-24T21:43:37.643956+00:00,recovery_scenario,iperf_tcp,80,4,,ryu_controller,395188,19.8,59891712
2026-04-24T21:43:37.746725+00:00,recovery_scenario,iperf_tcp,80,4,,twin_core,395196,0.0,66940928
2026-04-24T21:43:37.746725+00:00,recovery_scenario,iperf_tcp,80,4,,ryu_controller,395188,48.8,59994112
2026-04-24T21:43:37.847157+00:00,recovery_scenario,iperf_tcp,80,4,,twin_core,395196,0.0,66940928
2026-04-24T21:43:37.847157+00:00,recovery_scenario,iperf_tcp,80,4,,ryu_controller,395188,10.0,59994112
2026-04-24T21:43:37.947527+00:00,recovery_scenario,iperf_tcp,80,4,,twin_core,395196,0.0,66940928
2026-04-24T21:43:37.947527+00:00,recovery_scenario,iperf_tcp,80,4,,ryu_controller,395188,9.9,59994112
2026-04-24T21:43:38.048187+00:00,recovery_scenario,iperf_tcp,80,4,,twin_core,395196,0.0,66940928
2026-04-24T21:43:38.048187+00:00,recovery_scenario,iperf_tcp,80,4,,ryu_controller,395188,10.0,59994112
2026-04-24T21:43:38.149201+00:00,recovery_scenario,iperf_tcp,80,4,,twin_core,395196,0.0,66940928
2026-04-24T21:43:38.149201+00:00,recovery_scenario,iperf_tcp,80,4,,ryu_controller,395188,9.9,59994112
2026-04-24T21:43:38.249637+00:00,recovery_scenario,iperf_tcp,80,4,,twin_core,395196,0.0,66940928
2026-04-24T21:43:38.249637+00:00,recovery_scenario,iperf_tcp,80,4,,ryu_controller,395188,10.0,59994112
2026-04-24T21:43:38.350074+00:00,recovery_scenario,iperf_tcp,80,4,,twin_core,395196,0.0,66940928
2026-04-24T21:43:38.350074+00:00,recovery_scenario,iperf_tcp,80,4,,ryu_controller,395188,19.9,59994112
2026-04-24T21:43:38.420576+00:00,recovery_scenario,iperf_tcp,80,4,pingall_completed,,,,
2026-04-24T21:43:38.450455+00:00,recovery_scenario,iperf_tcp,80,4,,twin_core,395196,0.0,66940928
2026-04-24T21:43:38.450455+00:00,recovery_scenario,iperf_tcp,80,4,,ryu_controller,395188,9.9,59994112
2026-04-24T21:43:38.555495+00:00,recovery_scenario,iperf_tcp,80,4,,twin_core,395196,0.0,66940928
2026-04-24T21:43:38.555495+00:00,recovery_scenario,iperf_tcp,80,4,,ryu_controller,395188,9.5,59994112
2026-04-24T21:43:38.658193+00:00,recovery_scenario,iperf_tcp,80,4,,twin_core,395196,0.0,66940928
2026-04-24T21:43:38.658193+00:00,recovery_scenario,iperf_tcp,80,4,,ryu_controller,395188,0.0,59994112
2026-04-24T21:43:38.759933+00:00,recovery_scenario,iperf_tcp,80,4,,twin_core,395196,0.0,66940928
2026-04-24T21:43:38.759933+00:00,recovery_scenario,iperf_tcp,80,4,,ryu_controller,395188,0.0,59994112
2026-04-24T21:43:38.861933+00:00,recovery_scenario,iperf_tcp,80,4,,twin_core,395196,0.0,66940928
2026-04-24T21:43:38.861933+00:00,recovery_scenario,iperf_tcp,80,4,,ryu_controller,395188,0.0,59994112
2026-04-24T21:43:38.962635+00:00,recovery_scenario,iperf_tcp,80,4,,twin_core,395196,19.9,66940928
2026-04-24T21:43:38.962635+00:00,recovery_scenario,iperf_tcp,80,4,,ryu_controller,395188,89.5,59994112
2026-04-24T21:43:39.065802+00:00,recovery_scenario,iperf_tcp,80,4,,twin_core,395196,9.7,66961408
2026-04-24T21:43:39.065802+00:00,recovery_scenario,iperf_tcp,80,4,,ryu_controller,395188,0.0,59994112
2026-04-24T21:43:39.166478+00:00,recovery_scenario,iperf_tcp,80,4,,twin_core,395196,0.0,66961408
2026-04-24T21:43:39.166478+00:00,recovery_scenario,iperf_tcp,80,4,,ryu_controller,395188,9.9,59994112
2026-04-24T21:43:39.268036+00:00,recovery_scenario,iperf_tcp,80,4,,twin_core,395196,0.0,66961408
2026-04-24T21:43:39.268036+00:00,recovery_scenario,iperf_tcp,80,4,,ryu_controller,395188,0.0,59994112
2026-04-24T21:43:39.369930+00:00,recovery_scenario,iperf_tcp,80,4,,twin_core,395196,0.0,66961408
2026-04-24T21:43:39.369930+00:00,recovery_scenario,iperf_tcp,80,4,,ryu_controller,395188,0.0,59994112
2026-04-24T21:43:39.471280+00:00,recovery_scenario,iperf_tcp,80,4,,twin_core,395196,0.0,66961408
2026-04-24T21:43:39.471280+00:00,recovery_scenario,iperf_tcp,80,4,,ryu_controller,395188,0.0,59994112
2026-04-24T21:43:39.571787+00:00,recovery_scenario,iperf_tcp,80,4,,twin_core,395196,0.0,66961408
2026-04-24T21:43:39.571787+00:00,recovery_scenario,iperf_tcp,80,4,,ryu_controller,395188,0.0,59994112
2026-04-24T21:43:39.672269+00:00,recovery_scenario,iperf_tcp,80,4,,twin_core,395196,0.0,66961408
2026-04-24T21:43:39.672269+00:00,recovery_scenario,iperf_tcp,80,4,,ryu_controller,395188,0.0,59994112
2026-04-24T21:43:39.772797+00:00,recovery_scenario,iperf_tcp,80,4,,twin_core,395196,0.0,66961408
2026-04-24T21:43:39.772797+00:00,recovery_scenario,iperf_tcp,80,4,,ryu_controller,395188,59.7,59994112
2026-04-24T21:43:39.873262+00:00,recovery_scenario,iperf_tcp,80,4,,twin_core,395196,0.0,66961408
2026-04-24T21:43:39.873262+00:00,recovery_scenario,iperf_tcp,80,4,,ryu_controller,395188,19.8,60051456
2026-04-24T21:43:39.974053+00:00,recovery_scenario,iperf_tcp,80,4,,twin_core,395196,0.0,66961408
2026-04-24T21:43:39.974053+00:00,recovery_scenario,iperf_tcp,80,4,,ryu_controller,395188,9.9,60051456
2026-04-24T21:43:40.074747+00:00,recovery_scenario,iperf_tcp,80,4,,twin_core,395196,0.0,66961408
2026-04-24T21:43:40.074747+00:00,recovery_scenario,iperf_tcp,80,4,,ryu_controller,395188,0.0,60051456
2026-04-24T21:43:40.175237+00:00,recovery_scenario,iperf_tcp,80,4,,twin_core,395196,0.0,66961408
2026-04-24T21:43:40.175237+00:00,recovery_scenario,iperf_tcp,80,4,,ryu_controller,395188,0.0,60051456
2026-04-24T21:43:40.275661+00:00,recovery_scenario,iperf_tcp,80,4,,twin_core,395196,0.0,66961408
2026-04-24T21:43:40.275661+00:00,recovery_scenario,iperf_tcp,80,4,,ryu_controller,395188,9.9,60051456
2026-04-24T21:43:40.376309+00:00,recovery_scenario,iperf_tcp,80,4,,twin_core,395196,0.0,66961408
2026-04-24T21:43:40.376309+00:00,recovery_scenario,iperf_tcp,80,4,,ryu_controller,395188,0.0,60051456
2026-04-24T21:43:40.457802+00:00,recovery_scenario,iperf_tcp,80,4,background_traffic_started,,,,
2026-04-24T21:43:40.476783+00:00,recovery_scenario,iperf_tcp,80,4,,twin_core,395196,10.0,66961408
2026-04-24T21:43:40.476783+00:00,recovery_scenario,iperf_tcp,80,4,,ryu_controller,395188,10.0,60051456
2026-04-24T21:43:40.577256+00:00,recovery_scenario,iperf_tcp,80,4,,twin_core,395196,19.9,66965504
2026-04-24T21:43:40.577256+00:00,recovery_scenario,iperf_tcp,80,4,,ryu_controller,395188,69.7,60051456
2026-04-24T21:43:40.586153+00:00,recovery_scenario,iperf_tcp,80,4,fault_injected,,,,
2026-04-24T21:43:40.677608+00:00,recovery_scenario,iperf_tcp,80,4,,twin_core,395196,0.0,66973696
2026-04-24T21:43:40.677608+00:00,recovery_scenario,iperf_tcp,80,4,,ryu_controller,395188,89.2,60051456
2026-04-24T21:43:40.778525+00:00,recovery_scenario,iperf_tcp,80,4,,twin_core,395196,0.0,66973696
2026-04-24T21:43:40.778525+00:00,recovery_scenario,iperf_tcp,80,4,,ryu_controller,395188,99.2,60051456
2026-04-24T21:43:40.879334+00:00,recovery_scenario,iperf_tcp,80,4,,twin_core,395196,0.0,66973696
2026-04-24T21:43:40.879334+00:00,recovery_scenario,iperf_tcp,80,4,,ryu_controller,395188,99.6,60051456
2026-04-24T21:43:40.979761+00:00,recovery_scenario,iperf_tcp,80,4,,twin_core,395196,0.0,66973696
2026-04-24T21:43:40.979761+00:00,recovery_scenario,iperf_tcp,80,4,,ryu_controller,395188,99.3,60051456
2026-04-24T21:43:41.080885+00:00,recovery_scenario,iperf_tcp,80,4,,twin_core,395196,9.9,66973696
2026-04-24T21:43:41.080885+00:00,recovery_scenario,iperf_tcp,80,4,,ryu_controller,395188,96.4,60051456
2026-04-24T21:43:41.184275+00:00,recovery_scenario,iperf_tcp,80,4,,twin_core,395196,9.7,66973696
2026-04-24T21:43:41.184275+00:00,recovery_scenario,iperf_tcp,80,4,,ryu_controller,395188,109.0,60051456
2026-04-24T21:43:41.285081+00:00,recovery_scenario,iperf_tcp,80,4,,twin_core,395196,0.0,66973696
2026-04-24T21:43:41.285081+00:00,recovery_scenario,iperf_tcp,80,4,,ryu_controller,395188,89.5,60063744
2026-04-24T21:43:41.385679+00:00,recovery_scenario,iperf_tcp,80,4,,twin_core,395196,19.9,66973696
2026-04-24T21:43:41.385679+00:00,recovery_scenario,iperf_tcp,80,4,,ryu_controller,395188,99.4,60063744
2026-04-24T21:43:41.486440+00:00,recovery_scenario,iperf_tcp,80,4,,twin_core,395196,0.0,66973696
2026-04-24T21:43:41.486440+00:00,recovery_scenario,iperf_tcp,80,4,,ryu_controller,395188,59.5,60063744
2026-04-24T21:43:41.587284+00:00,recovery_scenario,iperf_tcp,80,4,,twin_core,395196,0.0,66973696
2026-04-24T21:43:41.587284+00:00,recovery_scenario,iperf_tcp,80,4,,ryu_controller,395188,9.9,60063744
2026-04-24T21:43:41.687827+00:00,recovery_scenario,iperf_tcp,80,4,,twin_core,395196,19.9,66973696
2026-04-24T21:43:41.687827+00:00,recovery_scenario,iperf_tcp,80,4,,ryu_controller,395188,59.7,60063744
2026-04-24T21:43:41.709958+00:00,recovery_scenario,iperf_tcp,80,4,recovery_requested,,,,
2026-04-24T21:43:41.788261+00:00,recovery_scenario,iperf_tcp,80,4,,twin_core,395196,10.0,66973696
2026-04-24T21:43:41.788261+00:00,recovery_scenario,iperf_tcp,80,4,,ryu_controller,395188,29.6,60063744
2026-04-24T21:43:41.889841+00:00,recovery_scenario,iperf_tcp,80,4,,twin_core,395196,0.0,66973696
2026-04-24T21:43:41.889841+00:00,recovery_scenario,iperf_tcp,80,4,,ryu_controller,395188,89.0,60063744
2026-04-24T21:43:41.990631+00:00,recovery_scenario,iperf_tcp,80,4,,twin_core,395196,0.0,66973696
2026-04-24T21:43:41.990631+00:00,recovery_scenario,iperf_tcp,80,4,,ryu_controller,395188,59.6,60063744
2026-04-24T21:43:42.091681+00:00,recovery_scenario,iperf_tcp,80,4,,twin_core,395196,0.0,66973696
2026-04-24T21:43:42.091681+00:00,recovery_scenario,iperf_tcp,80,4,,ryu_controller,395188,29.8,60063744
2026-04-24T21:43:42.202199+00:00,recovery_scenario,iperf_tcp,80,4,,twin_core,395196,0.0,66973696
2026-04-24T21:43:42.202199+00:00,recovery_scenario,iperf_tcp,80,4,,ryu_controller,395188,53.9,60063744
2026-04-24T21:43:42.303935+00:00,recovery_scenario,iperf_tcp,80,4,,twin_core,395196,0.0,66973696
2026-04-24T21:43:42.303935+00:00,recovery_scenario,iperf_tcp,80,4,,ryu_controller,395188,79.3,60063744
2026-04-24T21:43:42.404390+00:00,recovery_scenario,iperf_tcp,80,4,,twin_core,395196,0.0,66973696
2026-04-24T21:43:42.404390+00:00,recovery_scenario,iperf_tcp,80,4,,ryu_controller,395188,109.1,60063744
2026-04-24T21:43:42.505281+00:00,recovery_scenario,iperf_tcp,80,4,,twin_core,395196,0.0,66973696
2026-04-24T21:43:42.505281+00:00,recovery_scenario,iperf_tcp,80,4,,ryu_controller,395188,89.5,60076032
2026-04-24T21:43:42.605903+00:00,recovery_scenario,iperf_tcp,80,4,,twin_core,395196,0.0,66973696
2026-04-24T21:43:42.605903+00:00,recovery_scenario,iperf_tcp,80,4,,ryu_controller,395188,99.3,60076032
2026-04-24T21:43:42.706405+00:00,recovery_scenario,iperf_tcp,80,4,,twin_core,395196,0.0,66973696
2026-04-24T21:43:42.706405+00:00,recovery_scenario,iperf_tcp,80,4,,ryu_controller,395188,109.3,60080128
2026-04-24T21:43:42.807274+00:00,recovery_scenario,iperf_tcp,80,4,,twin_core,395196,0.0,66973696
2026-04-24T21:43:42.807274+00:00,recovery_scenario,iperf_tcp,80,4,,ryu_controller,395188,89.4,60080128
2026-04-24T21:43:42.908034+00:00,recovery_scenario,iperf_tcp,80,4,,twin_core,395196,9.9,66973696
2026-04-24T21:43:42.908034+00:00,recovery_scenario,iperf_tcp,80,4,,ryu_controller,395188,109.3,60080128
2026-04-24T21:43:43.008444+00:00,recovery_scenario,iperf_tcp,80,4,,twin_core,395196,0.0,66973696
2026-04-24T21:43:43.008444+00:00,recovery_scenario,iperf_tcp,80,4,,ryu_controller,395188,89.7,60080128
2026-04-24T21:43:43.109326+00:00,recovery_scenario,iperf_tcp,80,4,,twin_core,395196,0.0,66973696
2026-04-24T21:43:43.109326+00:00,recovery_scenario,iperf_tcp,80,4,,ryu_controller,395188,108.4,60080128
2026-04-24T21:43:43.210844+00:00,recovery_scenario,iperf_tcp,80,4,,twin_core,395196,0.0,66973696
2026-04-24T21:43:43.210844+00:00,recovery_scenario,iperf_tcp,80,4,,ryu_controller,395188,88.9,60080128
2026-04-24T21:43:43.311564+00:00,recovery_scenario,iperf_tcp,80,4,,twin_core,395196,0.0,66973696
2026-04-24T21:43:43.311564+00:00,recovery_scenario,iperf_tcp,80,4,,ryu_controller,395188,99.4,60080128
2026-04-24T21:43:43.412141+00:00,recovery_scenario,iperf_tcp,80,4,,twin_core,395196,0.0,66973696
2026-04-24T21:43:43.412141+00:00,recovery_scenario,iperf_tcp,80,4,,ryu_controller,395188,49.2,60080128
2026-04-24T21:43:43.515310+00:00,recovery_scenario,iperf_tcp,80,4,,twin_core,395196,19.4,66973696
2026-04-24T21:43:43.515310+00:00,recovery_scenario,iperf_tcp,80,4,,ryu_controller,395188,58.8,60080128
2026-04-24T21:43:43.615865+00:00,recovery_scenario,iperf_tcp,80,4,,twin_core,395196,9.9,66994176
2026-04-24T21:43:43.615865+00:00,recovery_scenario,iperf_tcp,80,4,,ryu_controller,395188,29.6,60080128
2026-04-24T21:43:43.717077+00:00,recovery_scenario,iperf_tcp,80,4,,twin_core,395196,0.0,66994176
2026-04-24T21:43:43.717077+00:00,recovery_scenario,iperf_tcp,80,4,,ryu_controller,395188,0.0,60080128
2026-04-24T21:43:43.817819+00:00,recovery_scenario,iperf_tcp,80,4,,twin_core,395196,9.9,66994176
2026-04-24T21:43:43.817819+00:00,recovery_scenario,iperf_tcp,80,4,,ryu_controller,395188,69.6,60080128
2026-04-24T21:43:43.833474+00:00,recovery_scenario,iperf_tcp,80,4,scenario_teardown,,,,
2026-04-24T21:43:43.918344+00:00,recovery_scenario,iperf_tcp,80,4,,twin_core,395196,19.9,66994176
2026-04-24T21:43:43.918344+00:00,recovery_scenario,iperf_tcp,80,4,,ryu_controller,395188,29.8,60080128
2026-04-24T21:43:44.018886+00:00,recovery_scenario,iperf_tcp,80,4,,twin_core,395196,0.0,66994176
2026-04-24T21:43:44.018886+00:00,recovery_scenario,iperf_tcp,80,4,,ryu_controller,395188,10.0,60080128
2026-04-24T21:43:44.119297+00:00,recovery_scenario,iperf_tcp,80,4,,twin_core,395196,0.0,66994176
2026-04-24T21:43:44.119297+00:00,recovery_scenario,iperf_tcp,80,4,,ryu_controller,395188,29.9,60080128
2026-04-24T21:43:44.219774+00:00,recovery_scenario,iperf_tcp,80,4,,twin_core,395196,0.0,66994176
2026-04-24T21:43:44.219774+00:00,recovery_scenario,iperf_tcp,80,4,,ryu_controller,395188,0.0,60080128
2026-04-24T21:43:44.704495+00:00,recovery_scenario,iperf_tcp,80,5,,twin_core,395196,0.0,66994176
2026-04-24T21:43:44.704495+00:00,recovery_scenario,iperf_tcp,80,5,,ryu_controller,395188,0.0,60080128
2026-04-24T21:43:44.806026+00:00,recovery_scenario,iperf_tcp,80,5,,twin_core,395196,9.8,66994176
2026-04-24T21:43:44.806026+00:00,recovery_scenario,iperf_tcp,80,5,,ryu_controller,395188,29.9,60080128
2026-04-24T21:43:44.906582+00:00,recovery_scenario,iperf_tcp,80,5,,twin_core,395196,9.9,66994176
2026-04-24T21:43:44.906582+00:00,recovery_scenario,iperf_tcp,80,5,,ryu_controller,395188,19.8,60080128
2026-04-24T21:43:44.999292+00:00,recovery_scenario,iperf_tcp,80,5,service_started,,,,
2026-04-24T21:43:45.007417+00:00,recovery_scenario,iperf_tcp,80,5,,twin_core,395196,9.9,66998272
2026-04-24T21:43:45.007417+00:00,recovery_scenario,iperf_tcp,80,5,,ryu_controller,395188,39.9,60080128
2026-04-24T21:43:45.107895+00:00,recovery_scenario,iperf_tcp,80,5,,twin_core,395196,10.0,66998272
2026-04-24T21:43:45.107895+00:00,recovery_scenario,iperf_tcp,80,5,,ryu_controller,395188,59.7,60080128
2026-04-24T21:43:45.208417+00:00,recovery_scenario,iperf_tcp,80,5,,twin_core,395196,0.0,66998272
2026-04-24T21:43:45.208417+00:00,recovery_scenario,iperf_tcp,80,5,,ryu_controller,395188,29.8,60080128
2026-04-24T21:43:45.309808+00:00,recovery_scenario,iperf_tcp,80,5,,twin_core,395196,0.0,66998272
2026-04-24T21:43:45.309808+00:00,recovery_scenario,iperf_tcp,80,5,,ryu_controller,395188,9.9,60080128
2026-04-24T21:43:45.410257+00:00,recovery_scenario,iperf_tcp,80,5,,twin_core,395196,0.0,66998272
2026-04-24T21:43:45.410257+00:00,recovery_scenario,iperf_tcp,80,5,,ryu_controller,395188,29.9,60080128
2026-04-24T21:43:45.510632+00:00,recovery_scenario,iperf_tcp,80,5,,twin_core,395196,0.0,66998272
2026-04-24T21:43:45.510632+00:00,recovery_scenario,iperf_tcp,80,5,,ryu_controller,395188,19.9,60080128
2026-04-24T21:43:45.611096+00:00,recovery_scenario,iperf_tcp,80,5,,twin_core,395196,0.0,66998272
2026-04-24T21:43:45.611096+00:00,recovery_scenario,iperf_tcp,80,5,,ryu_controller,395188,19.9,60080128
2026-04-24T21:43:45.712278+00:00,recovery_scenario,iperf_tcp,80,5,,twin_core,395196,0.0,66998272
2026-04-24T21:43:45.712278+00:00,recovery_scenario,iperf_tcp,80,5,,ryu_controller,395188,9.9,60080128
2026-04-24T21:43:45.812773+00:00,recovery_scenario,iperf_tcp,80,5,,twin_core,395196,0.0,66998272
2026-04-24T21:43:45.812773+00:00,recovery_scenario,iperf_tcp,80,5,,ryu_controller,395188,0.0,60080128
2026-04-24T21:43:45.913174+00:00,recovery_scenario,iperf_tcp,80,5,,twin_core,395196,0.0,66998272
2026-04-24T21:43:45.913174+00:00,recovery_scenario,iperf_tcp,80,5,,ryu_controller,395188,29.9,60080128
2026-04-24T21:43:46.013644+00:00,recovery_scenario,iperf_tcp,80,5,,twin_core,395196,9.9,66998272
2026-04-24T21:43:46.013644+00:00,recovery_scenario,iperf_tcp,80,5,,ryu_controller,395188,9.9,60080128
2026-04-24T21:43:46.114134+00:00,recovery_scenario,iperf_tcp,80,5,,twin_core,395196,0.0,66998272
2026-04-24T21:43:46.114134+00:00,recovery_scenario,iperf_tcp,80,5,,ryu_controller,395188,29.9,60080128
2026-04-24T21:43:46.214570+00:00,recovery_scenario,iperf_tcp,80,5,,twin_core,395196,0.0,66998272
2026-04-24T21:43:46.214570+00:00,recovery_scenario,iperf_tcp,80,5,,ryu_controller,395188,9.9,60080128
2026-04-24T21:43:46.315332+00:00,recovery_scenario,iperf_tcp,80,5,,twin_core,395196,0.0,66998272
2026-04-24T21:43:46.315332+00:00,recovery_scenario,iperf_tcp,80,5,,ryu_controller,395188,19.9,60080128
2026-04-24T21:43:46.415840+00:00,recovery_scenario,iperf_tcp,80,5,,twin_core,395196,0.0,66998272
2026-04-24T21:43:46.415840+00:00,recovery_scenario,iperf_tcp,80,5,,ryu_controller,395188,29.9,60080128
2026-04-24T21:43:46.516262+00:00,recovery_scenario,iperf_tcp,80,5,,twin_core,395196,0.0,66998272
2026-04-24T21:43:46.516262+00:00,recovery_scenario,iperf_tcp,80,5,,ryu_controller,395188,10.0,60080128
2026-04-24T21:43:46.616764+00:00,recovery_scenario,iperf_tcp,80,5,,twin_core,395196,0.0,66998272
2026-04-24T21:43:46.616764+00:00,recovery_scenario,iperf_tcp,80,5,,ryu_controller,395188,19.9,60080128
2026-04-24T21:43:46.718302+00:00,recovery_scenario,iperf_tcp,80,5,,twin_core,395196,0.0,66998272
2026-04-24T21:43:46.718302+00:00,recovery_scenario,iperf_tcp,80,5,,ryu_controller,395188,9.8,60080128
2026-04-24T21:43:46.818780+00:00,recovery_scenario,iperf_tcp,80,5,,twin_core,395196,0.0,66998272
2026-04-24T21:43:46.818780+00:00,recovery_scenario,iperf_tcp,80,5,,ryu_controller,395188,10.0,60080128
2026-04-24T21:43:46.919237+00:00,recovery_scenario,iperf_tcp,80,5,,twin_core,395196,0.0,66998272
2026-04-24T21:43:46.919237+00:00,recovery_scenario,iperf_tcp,80,5,,ryu_controller,395188,10.0,60080128
2026-04-24T21:43:47.021607+00:00,recovery_scenario,iperf_tcp,80,5,,twin_core,395196,0.0,66998272
2026-04-24T21:43:47.021607+00:00,recovery_scenario,iperf_tcp,80,5,,ryu_controller,395188,9.7,60080128
2026-04-24T21:43:47.123035+00:00,recovery_scenario,iperf_tcp,80,5,,twin_core,395196,9.9,66998272
2026-04-24T21:43:47.123035+00:00,recovery_scenario,iperf_tcp,80,5,,ryu_controller,395188,49.4,60080128
2026-04-24T21:43:47.223401+00:00,recovery_scenario,iperf_tcp,80,5,,twin_core,395196,0.0,66998272
2026-04-24T21:43:47.223401+00:00,recovery_scenario,iperf_tcp,80,5,,ryu_controller,395188,49.8,60080128
2026-04-24T21:43:47.324007+00:00,recovery_scenario,iperf_tcp,80,5,,twin_core,395196,0.0,66998272
2026-04-24T21:43:47.324007+00:00,recovery_scenario,iperf_tcp,80,5,,ryu_controller,395188,9.9,60080128
2026-04-24T21:43:47.424480+00:00,recovery_scenario,iperf_tcp,80,5,,twin_core,395196,10.0,66998272
2026-04-24T21:43:47.424480+00:00,recovery_scenario,iperf_tcp,80,5,,ryu_controller,395188,29.9,60080128
2026-04-24T21:43:47.526518+00:00,recovery_scenario,iperf_tcp,80,5,,twin_core,395196,0.0,66998272
2026-04-24T21:43:47.526518+00:00,recovery_scenario,iperf_tcp,80,5,,ryu_controller,395188,0.0,60080128
2026-04-24T21:43:47.627787+00:00,recovery_scenario,iperf_tcp,80,5,,twin_core,395196,0.0,66998272
2026-04-24T21:43:47.627787+00:00,recovery_scenario,iperf_tcp,80,5,,ryu_controller,395188,9.9,60080128
2026-04-24T21:43:47.728389+00:00,recovery_scenario,iperf_tcp,80,5,,twin_core,395196,0.0,66998272
2026-04-24T21:43:47.728389+00:00,recovery_scenario,iperf_tcp,80,5,,ryu_controller,395188,9.9,60080128
2026-04-24T21:43:47.829115+00:00,recovery_scenario,iperf_tcp,80,5,,twin_core,395196,0.0,66998272
2026-04-24T21:43:47.829115+00:00,recovery_scenario,iperf_tcp,80,5,,ryu_controller,395188,9.9,60080128
2026-04-24T21:43:47.929624+00:00,recovery_scenario,iperf_tcp,80,5,,twin_core,395196,0.0,66998272
2026-04-24T21:43:47.929624+00:00,recovery_scenario,iperf_tcp,80,5,,ryu_controller,395188,0.0,60080128
2026-04-24T21:43:48.031207+00:00,recovery_scenario,iperf_tcp,80,5,,twin_core,395196,0.0,66998272
2026-04-24T21:43:48.031207+00:00,recovery_scenario,iperf_tcp,80,5,,ryu_controller,395188,9.9,60080128
2026-04-24T21:43:48.132788+00:00,recovery_scenario,iperf_tcp,80,5,,twin_core,395196,0.0,66998272
2026-04-24T21:43:48.132788+00:00,recovery_scenario,iperf_tcp,80,5,,ryu_controller,395188,9.8,60080128
2026-04-24T21:43:48.234360+00:00,recovery_scenario,iperf_tcp,80,5,,twin_core,395196,0.0,66998272
2026-04-24T21:43:48.234360+00:00,recovery_scenario,iperf_tcp,80,5,,ryu_controller,395188,9.8,60080128
2026-04-24T21:43:48.335672+00:00,recovery_scenario,iperf_tcp,80,5,,twin_core,395196,0.0,66998272
2026-04-24T21:43:48.335672+00:00,recovery_scenario,iperf_tcp,80,5,,ryu_controller,395188,19.8,60080128
2026-04-24T21:43:48.436466+00:00,recovery_scenario,iperf_tcp,80,5,,twin_core,395196,0.0,66998272
2026-04-24T21:43:48.436466+00:00,recovery_scenario,iperf_tcp,80,5,,ryu_controller,395188,9.9,60080128
2026-04-24T21:43:48.537396+00:00,recovery_scenario,iperf_tcp,80,5,,twin_core,395196,0.0,66998272
2026-04-24T21:43:48.537396+00:00,recovery_scenario,iperf_tcp,80,5,,ryu_controller,395188,9.9,60080128
2026-04-24T21:43:48.637835+00:00,recovery_scenario,iperf_tcp,80,5,,twin_core,395196,0.0,66998272
2026-04-24T21:43:48.637835+00:00,recovery_scenario,iperf_tcp,80,5,,ryu_controller,395188,0.0,60080128
2026-04-24T21:43:48.738218+00:00,recovery_scenario,iperf_tcp,80,5,,twin_core,395196,0.0,66998272
2026-04-24T21:43:48.738218+00:00,recovery_scenario,iperf_tcp,80,5,,ryu_controller,395188,10.0,60080128
2026-04-24T21:43:48.838660+00:00,recovery_scenario,iperf_tcp,80,5,,twin_core,395196,0.0,66998272
2026-04-24T21:43:48.838660+00:00,recovery_scenario,iperf_tcp,80,5,,ryu_controller,395188,10.0,60080128
2026-04-24T21:43:48.939560+00:00,recovery_scenario,iperf_tcp,80,5,,twin_core,395196,0.0,66998272
2026-04-24T21:43:48.939560+00:00,recovery_scenario,iperf_tcp,80,5,,ryu_controller,395188,9.9,60080128
2026-04-24T21:43:49.041667+00:00,recovery_scenario,iperf_tcp,80,5,,twin_core,395196,9.8,66998272
2026-04-24T21:43:49.041667+00:00,recovery_scenario,iperf_tcp,80,5,,ryu_controller,395188,9.8,60080128
2026-04-24T21:43:49.142156+00:00,recovery_scenario,iperf_tcp,80,5,,twin_core,395196,0.0,66998272
2026-04-24T21:43:49.142156+00:00,recovery_scenario,iperf_tcp,80,5,,ryu_controller,395188,29.9,60080128
2026-04-24T21:43:49.242508+00:00,recovery_scenario,iperf_tcp,80,5,,twin_core,395196,19.9,67010560
2026-04-24T21:43:49.242508+00:00,recovery_scenario,iperf_tcp,80,5,,ryu_controller,395188,69.6,60080128
2026-04-24T21:43:49.343572+00:00,recovery_scenario,iperf_tcp,80,5,,twin_core,395196,0.0,67010560
2026-04-24T21:43:49.343572+00:00,recovery_scenario,iperf_tcp,80,5,,ryu_controller,395188,39.6,60080128
2026-04-24T21:43:49.444028+00:00,recovery_scenario,iperf_tcp,80,5,,twin_core,395196,0.0,67010560
2026-04-24T21:43:49.444028+00:00,recovery_scenario,iperf_tcp,80,5,,ryu_controller,395188,19.9,60080128
2026-04-24T21:43:49.544461+00:00,recovery_scenario,iperf_tcp,80,5,,twin_core,395196,0.0,67010560
2026-04-24T21:43:49.544461+00:00,recovery_scenario,iperf_tcp,80,5,,ryu_controller,395188,0.0,60080128
2026-04-24T21:43:49.645092+00:00,recovery_scenario,iperf_tcp,80,5,,twin_core,395196,0.0,67010560
2026-04-24T21:43:49.645092+00:00,recovery_scenario,iperf_tcp,80,5,,ryu_controller,395188,10.0,60080128
2026-04-24T21:43:49.745487+00:00,recovery_scenario,iperf_tcp,80,5,,twin_core,395196,0.0,67010560
2026-04-24T21:43:49.745487+00:00,recovery_scenario,iperf_tcp,80,5,,ryu_controller,395188,19.9,60080128
2026-04-24T21:43:49.848961+00:00,recovery_scenario,iperf_tcp,80,5,,twin_core,395196,0.0,67010560
2026-04-24T21:43:49.848961+00:00,recovery_scenario,iperf_tcp,80,5,,ryu_controller,395188,18.9,60080128
2026-04-24T21:43:49.961190+00:00,recovery_scenario,iperf_tcp,80,5,,twin_core,395196,8.9,67010560
2026-04-24T21:43:49.961190+00:00,recovery_scenario,iperf_tcp,80,5,,ryu_controller,395188,0.0,60080128
2026-04-24T21:43:50.061938+00:00,recovery_scenario,iperf_tcp,80,5,,twin_core,395196,0.0,67010560
2026-04-24T21:43:50.061938+00:00,recovery_scenario,iperf_tcp,80,5,,ryu_controller,395188,29.8,60080128
2026-04-24T21:43:50.162800+00:00,recovery_scenario,iperf_tcp,80,5,,twin_core,395196,0.0,67010560
2026-04-24T21:43:50.162800+00:00,recovery_scenario,iperf_tcp,80,5,,ryu_controller,395188,9.9,60080128
2026-04-24T21:43:50.263300+00:00,recovery_scenario,iperf_tcp,80,5,,twin_core,395196,0.0,67010560
2026-04-24T21:43:50.263300+00:00,recovery_scenario,iperf_tcp,80,5,,ryu_controller,395188,10.0,60080128
2026-04-24T21:43:50.363844+00:00,recovery_scenario,iperf_tcp,80,5,,twin_core,395196,0.0,67010560
2026-04-24T21:43:50.363844+00:00,recovery_scenario,iperf_tcp,80,5,,ryu_controller,395188,0.0,60080128
2026-04-24T21:43:50.464307+00:00,recovery_scenario,iperf_tcp,80,5,,twin_core,395196,0.0,67010560
2026-04-24T21:43:50.464307+00:00,recovery_scenario,iperf_tcp,80,5,,ryu_controller,395188,10.0,60080128
2026-04-24T21:43:50.564798+00:00,recovery_scenario,iperf_tcp,80,5,,twin_core,395196,0.0,67010560
2026-04-24T21:43:50.564798+00:00,recovery_scenario,iperf_tcp,80,5,,ryu_controller,395188,0.0,60080128
2026-04-24T21:43:50.665622+00:00,recovery_scenario,iperf_tcp,80,5,,twin_core,395196,0.0,67010560
2026-04-24T21:43:50.665622+00:00,recovery_scenario,iperf_tcp,80,5,,ryu_controller,395188,19.8,60080128
2026-04-24T21:43:50.767747+00:00,recovery_scenario,iperf_tcp,80,5,,twin_core,395196,0.0,67010560
2026-04-24T21:43:50.767747+00:00,recovery_scenario,iperf_tcp,80,5,,ryu_controller,395188,0.0,60080128
2026-04-24T21:43:50.818250+00:00,recovery_scenario,iperf_tcp,80,5,pingall_completed,,,,
2026-04-24T21:43:50.870807+00:00,recovery_scenario,iperf_tcp,80,5,,twin_core,395196,9.7,67010560
2026-04-24T21:43:50.870807+00:00,recovery_scenario,iperf_tcp,80,5,,ryu_controller,395188,0.0,60080128
2026-04-24T21:43:50.971276+00:00,recovery_scenario,iperf_tcp,80,5,,twin_core,395196,0.0,67010560
2026-04-24T21:43:50.971276+00:00,recovery_scenario,iperf_tcp,80,5,,ryu_controller,395188,0.0,60080128
2026-04-24T21:43:51.074835+00:00,recovery_scenario,iperf_tcp,80,5,,twin_core,395196,9.7,67010560
2026-04-24T21:43:51.074835+00:00,recovery_scenario,iperf_tcp,80,5,,ryu_controller,395188,0.0,60080128
2026-04-24T21:43:51.177240+00:00,recovery_scenario,iperf_tcp,80,5,,twin_core,395196,0.0,67010560
2026-04-24T21:43:51.177240+00:00,recovery_scenario,iperf_tcp,80,5,,ryu_controller,395188,29.3,60080128
2026-04-24T21:43:51.277692+00:00,recovery_scenario,iperf_tcp,80,5,,twin_core,395196,0.0,67010560
2026-04-24T21:43:51.277692+00:00,recovery_scenario,iperf_tcp,80,5,,ryu_controller,395188,79.0,60080128
2026-04-24T21:43:51.378997+00:00,recovery_scenario,iperf_tcp,80,5,,twin_core,395196,9.9,67059712
2026-04-24T21:43:51.378997+00:00,recovery_scenario,iperf_tcp,80,5,,ryu_controller,395188,79.7,60096512
2026-04-24T21:43:51.480471+00:00,recovery_scenario,iperf_tcp,80,5,,twin_core,395196,0.0,67059712
2026-04-24T21:43:51.480471+00:00,recovery_scenario,iperf_tcp,80,5,,ryu_controller,395188,0.0,60096512
2026-04-24T21:43:51.581145+00:00,recovery_scenario,iperf_tcp,80,5,,twin_core,395196,0.0,67059712
2026-04-24T21:43:51.581145+00:00,recovery_scenario,iperf_tcp,80,5,,ryu_controller,395188,0.0,60096512
2026-04-24T21:43:51.681748+00:00,recovery_scenario,iperf_tcp,80,5,,twin_core,395196,0.0,67059712
2026-04-24T21:43:51.681748+00:00,recovery_scenario,iperf_tcp,80,5,,ryu_controller,395188,0.0,60096512
2026-04-24T21:43:51.787037+00:00,recovery_scenario,iperf_tcp,80,5,,twin_core,395196,0.0,67059712
2026-04-24T21:43:51.787037+00:00,recovery_scenario,iperf_tcp,80,5,,ryu_controller,395188,9.5,60096512
2026-04-24T21:43:51.889396+00:00,recovery_scenario,iperf_tcp,80,5,,twin_core,395196,0.0,67059712
2026-04-24T21:43:51.889396+00:00,recovery_scenario,iperf_tcp,80,5,,ryu_controller,395188,0.0,60096512
2026-04-24T21:43:51.990087+00:00,recovery_scenario,iperf_tcp,80,5,,twin_core,395196,0.0,67059712
2026-04-24T21:43:51.990087+00:00,recovery_scenario,iperf_tcp,80,5,,ryu_controller,395188,0.0,60096512
2026-04-24T21:43:52.090565+00:00,recovery_scenario,iperf_tcp,80,5,,twin_core,395196,0.0,67059712
2026-04-24T21:43:52.090565+00:00,recovery_scenario,iperf_tcp,80,5,,ryu_controller,395188,0.0,60096512
2026-04-24T21:43:52.191142+00:00,recovery_scenario,iperf_tcp,80,5,,twin_core,395196,0.0,67059712
2026-04-24T21:43:52.191142+00:00,recovery_scenario,iperf_tcp,80,5,,ryu_controller,395188,0.0,60096512
2026-04-24T21:43:52.291936+00:00,recovery_scenario,iperf_tcp,80,5,,twin_core,395196,0.0,67059712
2026-04-24T21:43:52.291936+00:00,recovery_scenario,iperf_tcp,80,5,,ryu_controller,395188,0.0,60096512
2026-04-24T21:43:52.392371+00:00,recovery_scenario,iperf_tcp,80,5,,twin_core,395196,0.0,67059712
2026-04-24T21:43:52.392371+00:00,recovery_scenario,iperf_tcp,80,5,,ryu_controller,395188,0.0,60096512
2026-04-24T21:43:52.493146+00:00,recovery_scenario,iperf_tcp,80,5,,twin_core,395196,0.0,67059712
2026-04-24T21:43:52.493146+00:00,recovery_scenario,iperf_tcp,80,5,,ryu_controller,395188,9.9,60096512
2026-04-24T21:43:52.593814+00:00,recovery_scenario,iperf_tcp,80,5,,twin_core,395196,0.0,67059712
2026-04-24T21:43:52.593814+00:00,recovery_scenario,iperf_tcp,80,5,,ryu_controller,395188,0.0,60096512
2026-04-24T21:43:52.694298+00:00,recovery_scenario,iperf_tcp,80,5,,twin_core,395196,0.0,67059712
2026-04-24T21:43:52.694298+00:00,recovery_scenario,iperf_tcp,80,5,,ryu_controller,395188,0.0,60096512
2026-04-24T21:43:52.795209+00:00,recovery_scenario,iperf_tcp,80,5,,twin_core,395196,0.0,67059712
2026-04-24T21:43:52.795209+00:00,recovery_scenario,iperf_tcp,80,5,,ryu_controller,395188,0.0,60096512
2026-04-24T21:43:52.834605+00:00,recovery_scenario,iperf_tcp,80,5,background_traffic_started,,,,
2026-04-24T21:43:52.896650+00:00,recovery_scenario,iperf_tcp,80,5,,twin_core,395196,19.7,67059712
2026-04-24T21:43:52.896650+00:00,recovery_scenario,iperf_tcp,80,5,,ryu_controller,395188,49.2,60096512
2026-04-24T21:43:52.965513+00:00,recovery_scenario,iperf_tcp,80,5,fault_injected,,,,
2026-04-24T21:43:52.998691+00:00,recovery_scenario,iperf_tcp,80,5,,twin_core,395196,9.8,67076096
2026-04-24T21:43:52.998691+00:00,recovery_scenario,iperf_tcp,80,5,,ryu_controller,395188,68.4,60096512
2026-04-24T21:43:53.101794+00:00,recovery_scenario,iperf_tcp,80,5,,twin_core,395196,0.0,67076096
2026-04-24T21:43:53.101794+00:00,recovery_scenario,iperf_tcp,80,5,,ryu_controller,395188,87.7,60096512
2026-04-24T21:43:53.202173+00:00,recovery_scenario,iperf_tcp,80,5,,twin_core,395196,0.0,67076096
2026-04-24T21:43:53.202173+00:00,recovery_scenario,iperf_tcp,80,5,,ryu_controller,395188,109.6,60096512
2026-04-24T21:43:53.302608+00:00,recovery_scenario,iperf_tcp,80,5,,twin_core,395196,0.0,67076096
2026-04-24T21:43:53.302608+00:00,recovery_scenario,iperf_tcp,80,5,,ryu_controller,395188,99.4,60096512
2026-04-24T21:43:53.403675+00:00,recovery_scenario,iperf_tcp,80,5,,twin_core,395196,0.0,67076096
2026-04-24T21:43:53.403675+00:00,recovery_scenario,iperf_tcp,80,5,,ryu_controller,395188,89.1,60100608
2026-04-24T21:43:53.504137+00:00,recovery_scenario,iperf_tcp,80,5,,twin_core,395196,0.0,67076096
2026-04-24T21:43:53.504137+00:00,recovery_scenario,iperf_tcp,80,5,,ryu_controller,395188,99.4,60133376
2026-04-24T21:43:53.604664+00:00,recovery_scenario,iperf_tcp,80,5,,twin_core,395196,0.0,67076096
2026-04-24T21:43:53.604664+00:00,recovery_scenario,iperf_tcp,80,5,,ryu_controller,395188,89.6,60133376
2026-04-24T21:43:53.705221+00:00,recovery_scenario,iperf_tcp,80,5,,twin_core,395196,19.9,67076096
2026-04-24T21:43:53.705221+00:00,recovery_scenario,iperf_tcp,80,5,,ryu_controller,395188,99.5,60133376
2026-04-24T21:43:53.805635+00:00,recovery_scenario,iperf_tcp,80,5,,twin_core,395196,0.0,67076096
2026-04-24T21:43:53.805635+00:00,recovery_scenario,iperf_tcp,80,5,,ryu_controller,395188,99.6,60133376
2026-04-24T21:43:53.906229+00:00,recovery_scenario,iperf_tcp,80,5,,twin_core,395196,9.9,67076096
2026-04-24T21:43:53.906229+00:00,recovery_scenario,iperf_tcp,80,5,,ryu_controller,395188,49.7,60133376
2026-04-24T21:43:54.006902+00:00,recovery_scenario,iperf_tcp,80,5,,twin_core,395196,0.0,67076096
2026-04-24T21:43:54.006902+00:00,recovery_scenario,iperf_tcp,80,5,,ryu_controller,395188,29.7,60133376
2026-04-24T21:43:54.074909+00:00,recovery_scenario,iperf_tcp,80,5,recovery_requested,,,,
2026-04-24T21:43:54.108432+00:00,recovery_scenario,iperf_tcp,80,5,,twin_core,395196,9.9,67088384
2026-04-24T21:43:54.108432+00:00,recovery_scenario,iperf_tcp,80,5,,ryu_controller,395188,59.3,60133376
2026-04-24T21:43:54.208968+00:00,recovery_scenario,iperf_tcp,80,5,,twin_core,395196,0.0,67088384
2026-04-24T21:43:54.208968+00:00,recovery_scenario,iperf_tcp,80,5,,ryu_controller,395188,29.8,60133376
2026-04-24T21:43:54.309590+00:00,recovery_scenario,iperf_tcp,80,5,,twin_core,395196,0.0,67088384
2026-04-24T21:43:54.309590+00:00,recovery_scenario,iperf_tcp,80,5,,ryu_controller,395188,29.8,60133376
2026-04-24T21:43:54.410177+00:00,recovery_scenario,iperf_tcp,80,5,,twin_core,395196,0.0,67088384
2026-04-24T21:43:54.410177+00:00,recovery_scenario,iperf_tcp,80,5,,ryu_controller,395188,29.8,60133376
2026-04-24T21:43:54.511308+00:00,recovery_scenario,iperf_tcp,80,5,,twin_core,395196,0.0,67088384
2026-04-24T21:43:54.511308+00:00,recovery_scenario,iperf_tcp,80,5,,ryu_controller,395188,39.6,60133376
2026-04-24T21:43:54.611656+00:00,recovery_scenario,iperf_tcp,80,5,,twin_core,395196,0.0,67088384
2026-04-24T21:43:54.611656+00:00,recovery_scenario,iperf_tcp,80,5,,ryu_controller,395188,89.6,60133376
2026-04-24T21:43:54.712124+00:00,recovery_scenario,iperf_tcp,80,5,,twin_core,395196,0.0,67088384
2026-04-24T21:43:54.712124+00:00,recovery_scenario,iperf_tcp,80,5,,ryu_controller,395188,109.6,60133376
2026-04-24T21:43:54.812635+00:00,recovery_scenario,iperf_tcp,80,5,,twin_core,395196,10.0,67088384
2026-04-24T21:43:54.812635+00:00,recovery_scenario,iperf_tcp,80,5,,ryu_controller,395188,99.2,60133376
2026-04-24T21:43:54.913379+00:00,recovery_scenario,iperf_tcp,80,5,,twin_core,395196,0.0,67088384
2026-04-24T21:43:54.913379+00:00,recovery_scenario,iperf_tcp,80,5,,ryu_controller,395188,99.4,60133376
2026-04-24T21:43:55.013960+00:00,recovery_scenario,iperf_tcp,80,5,,twin_core,395196,0.0,67088384
2026-04-24T21:43:55.013960+00:00,recovery_scenario,iperf_tcp,80,5,,ryu_controller,395188,99.5,60133376
2026-04-24T21:43:55.114586+00:00,recovery_scenario,iperf_tcp,80,5,,twin_core,395196,0.0,67088384
2026-04-24T21:43:55.114586+00:00,recovery_scenario,iperf_tcp,80,5,,ryu_controller,395188,99.3,60133376
2026-04-24T21:43:55.215173+00:00,recovery_scenario,iperf_tcp,80,5,,twin_core,395196,0.0,67088384
2026-04-24T21:43:55.215173+00:00,recovery_scenario,iperf_tcp,80,5,,ryu_controller,395188,99.5,60133376
2026-04-24T21:43:55.316042+00:00,recovery_scenario,iperf_tcp,80,5,,twin_core,395196,0.0,67088384
2026-04-24T21:43:55.316042+00:00,recovery_scenario,iperf_tcp,80,5,,ryu_controller,395188,79.4,60133376
2026-04-24T21:43:55.416455+00:00,recovery_scenario,iperf_tcp,80,5,,twin_core,395196,0.0,67088384
2026-04-24T21:43:55.416455+00:00,recovery_scenario,iperf_tcp,80,5,,ryu_controller,395188,19.9,60133376
2026-04-24T21:43:55.516962+00:00,recovery_scenario,iperf_tcp,80,5,,twin_core,395196,0.0,67088384
2026-04-24T21:43:55.516962+00:00,recovery_scenario,iperf_tcp,80,5,,ryu_controller,395188,10.0,60133376
2026-04-24T21:43:55.617405+00:00,recovery_scenario,iperf_tcp,80,5,,twin_core,395196,0.0,67088384
2026-04-24T21:43:55.617405+00:00,recovery_scenario,iperf_tcp,80,5,,ryu_controller,395188,0.0,60133376
2026-04-24T21:43:55.718135+00:00,recovery_scenario,iperf_tcp,80,5,,twin_core,395196,0.0,67088384
2026-04-24T21:43:55.718135+00:00,recovery_scenario,iperf_tcp,80,5,,ryu_controller,395188,0.0,60133376
2026-04-24T21:43:55.818674+00:00,recovery_scenario,iperf_tcp,80,5,,twin_core,395196,0.0,67088384
2026-04-24T21:43:55.818674+00:00,recovery_scenario,iperf_tcp,80,5,,ryu_controller,395188,0.0,60133376
2026-04-24T21:43:55.919278+00:00,recovery_scenario,iperf_tcp,80,5,,twin_core,395196,19.9,67088384
2026-04-24T21:43:55.919278+00:00,recovery_scenario,iperf_tcp,80,5,,ryu_controller,395188,79.7,60133376
2026-04-24T21:43:56.019762+00:00,recovery_scenario,iperf_tcp,80,5,,twin_core,395196,9.9,67112960
2026-04-24T21:43:56.019762+00:00,recovery_scenario,iperf_tcp,80,5,,ryu_controller,395188,69.3,60133376
2026-04-24T21:43:56.120591+00:00,recovery_scenario,iperf_tcp,80,5,,twin_core,395196,0.0,67112960
2026-04-24T21:43:56.120591+00:00,recovery_scenario,iperf_tcp,80,5,,ryu_controller,395188,19.9,60133376
2026-04-24T21:43:56.189407+00:00,recovery_scenario,iperf_tcp,80,5,scenario_teardown,,,,
2026-04-24T21:43:56.221075+00:00,recovery_scenario,iperf_tcp,80,5,,twin_core,395196,9.9,67112960
2026-04-24T21:43:56.221075+00:00,recovery_scenario,iperf_tcp,80,5,,ryu_controller,395188,59.7,60133376
2026-04-24T21:43:56.321496+00:00,recovery_scenario,iperf_tcp,80,5,,twin_core,395196,0.0,67112960
2026-04-24T21:43:56.321496+00:00,recovery_scenario,iperf_tcp,80,5,,ryu_controller,395188,10.0,60133376
2026-04-24T21:43:56.422163+00:00,recovery_scenario,iperf_tcp,80,5,,twin_core,395196,9.9,67112960
2026-04-24T21:43:56.422163+00:00,recovery_scenario,iperf_tcp,80,5,,ryu_controller,395188,9.9,60133376
2026-04-24T21:43:56.522685+00:00,recovery_scenario,iperf_tcp,80,5,,twin_core,395196,0.0,67112960
2026-04-24T21:43:56.522685+00:00,recovery_scenario,iperf_tcp,80,5,,ryu_controller,395188,19.9,60133376
2026-04-24T21:43:56.992828+00:00,recovery_scenario,iperf_tcp,80,6,,twin_core,395196,0.0,67112960
2026-04-24T21:43:56.992828+00:00,recovery_scenario,iperf_tcp,80,6,,ryu_controller,395188,0.0,60133376
2026-04-24T21:43:57.094161+00:00,recovery_scenario,iperf_tcp,80,6,,twin_core,395196,9.9,67112960
2026-04-24T21:43:57.094161+00:00,recovery_scenario,iperf_tcp,80,6,,ryu_controller,395188,29.9,60133376
2026-04-24T21:43:57.194581+00:00,recovery_scenario,iperf_tcp,80,6,,twin_core,395196,0.0,67112960
2026-04-24T21:43:57.194581+00:00,recovery_scenario,iperf_tcp,80,6,,ryu_controller,395188,19.9,60133376
2026-04-24T21:43:57.239931+00:00,recovery_scenario,iperf_tcp,80,6,service_started,,,,
2026-04-24T21:43:57.295245+00:00,recovery_scenario,iperf_tcp,80,6,,twin_core,395196,29.8,67112960
2026-04-24T21:43:57.295245+00:00,recovery_scenario,iperf_tcp,80,6,,ryu_controller,395188,49.8,60133376
2026-04-24T21:43:57.395597+00:00,recovery_scenario,iperf_tcp,80,6,,twin_core,395196,0.0,67117056
2026-04-24T21:43:57.395597+00:00,recovery_scenario,iperf_tcp,80,6,,ryu_controller,395188,10.0,60133376
2026-04-24T21:43:57.496326+00:00,recovery_scenario,iperf_tcp,80,6,,twin_core,395196,0.0,67117056
2026-04-24T21:43:57.496326+00:00,recovery_scenario,iperf_tcp,80,6,,ryu_controller,395188,19.8,60133376
2026-04-24T21:43:57.596908+00:00,recovery_scenario,iperf_tcp,80,6,,twin_core,395196,0.0,67117056
2026-04-24T21:43:57.596908+00:00,recovery_scenario,iperf_tcp,80,6,,ryu_controller,395188,19.9,60133376
2026-04-24T21:43:57.698358+00:00,recovery_scenario,iperf_tcp,80,6,,twin_core,395196,0.0,67117056
2026-04-24T21:43:57.698358+00:00,recovery_scenario,iperf_tcp,80,6,,ryu_controller,395188,9.9,60133376
2026-04-24T21:43:57.798896+00:00,recovery_scenario,iperf_tcp,80,6,,twin_core,395196,0.0,67117056
2026-04-24T21:43:57.798896+00:00,recovery_scenario,iperf_tcp,80,6,,ryu_controller,395188,29.9,60133376
2026-04-24T21:43:57.899924+00:00,recovery_scenario,iperf_tcp,80,6,,twin_core,395196,0.0,67117056
2026-04-24T21:43:57.899924+00:00,recovery_scenario,iperf_tcp,80,6,,ryu_controller,395188,19.8,60133376
2026-04-24T21:43:58.000290+00:00,recovery_scenario,iperf_tcp,80,6,,twin_core,395196,0.0,67117056
2026-04-24T21:43:58.000290+00:00,recovery_scenario,iperf_tcp,80,6,,ryu_controller,395188,19.9,60133376
2026-04-24T21:43:58.100833+00:00,recovery_scenario,iperf_tcp,80,6,,twin_core,395196,0.0,67117056
2026-04-24T21:43:58.100833+00:00,recovery_scenario,iperf_tcp,80,6,,ryu_controller,395188,39.8,60133376
2026-04-24T21:43:58.201181+00:00,recovery_scenario,iperf_tcp,80,6,,twin_core,395196,0.0,67117056
2026-04-24T21:43:58.201181+00:00,recovery_scenario,iperf_tcp,80,6,,ryu_controller,395188,19.9,60133376
2026-04-24T21:43:58.302286+00:00,recovery_scenario,iperf_tcp,80,6,,twin_core,395196,0.0,67117056
2026-04-24T21:43:58.302286+00:00,recovery_scenario,iperf_tcp,80,6,,ryu_controller,395188,19.8,60133376
2026-04-24T21:43:58.402807+00:00,recovery_scenario,iperf_tcp,80,6,,twin_core,395196,0.0,67117056
2026-04-24T21:43:58.402807+00:00,recovery_scenario,iperf_tcp,80,6,,ryu_controller,395188,19.9,60133376
2026-04-24T21:43:58.503185+00:00,recovery_scenario,iperf_tcp,80,6,,twin_core,395196,0.0,67117056
2026-04-24T21:43:58.503185+00:00,recovery_scenario,iperf_tcp,80,6,,ryu_controller,395188,0.0,60133376
2026-04-24T21:43:58.603615+00:00,recovery_scenario,iperf_tcp,80,6,,twin_core,395196,0.0,67117056
2026-04-24T21:43:58.603615+00:00,recovery_scenario,iperf_tcp,80,6,,ryu_controller,395188,29.8,60133376
2026-04-24T21:43:58.704074+00:00,recovery_scenario,iperf_tcp,80,6,,twin_core,395196,0.0,67117056
2026-04-24T21:43:58.704074+00:00,recovery_scenario,iperf_tcp,80,6,,ryu_controller,395188,29.9,60133376
2026-04-24T21:43:58.804452+00:00,recovery_scenario,iperf_tcp,80,6,,twin_core,395196,0.0,67117056
2026-04-24T21:43:58.804452+00:00,recovery_scenario,iperf_tcp,80,6,,ryu_controller,395188,10.0,60133376
2026-04-24T21:43:58.907556+00:00,recovery_scenario,iperf_tcp,80,6,,twin_core,395196,0.0,67117056
2026-04-24T21:43:58.907556+00:00,recovery_scenario,iperf_tcp,80,6,,ryu_controller,395188,29.1,60133376
2026-04-24T21:43:59.008027+00:00,recovery_scenario,iperf_tcp,80,6,,twin_core,395196,0.0,67117056
2026-04-24T21:43:59.008027+00:00,recovery_scenario,iperf_tcp,80,6,,ryu_controller,395188,10.0,60133376
2026-04-24T21:43:59.111298+00:00,recovery_scenario,iperf_tcp,80,6,,twin_core,395196,0.0,67117056
2026-04-24T21:43:59.111298+00:00,recovery_scenario,iperf_tcp,80,6,,ryu_controller,395188,9.7,60133376
2026-04-24T21:43:59.214263+00:00,recovery_scenario,iperf_tcp,80,6,,twin_core,395196,0.0,67117056
2026-04-24T21:43:59.214263+00:00,recovery_scenario,iperf_tcp,80,6,,ryu_controller,395188,9.7,60133376
2026-04-24T21:43:59.314780+00:00,recovery_scenario,iperf_tcp,80,6,,twin_core,395196,10.0,67117056
2026-04-24T21:43:59.314780+00:00,recovery_scenario,iperf_tcp,80,6,,ryu_controller,395188,19.8,60133376
2026-04-24T21:43:59.415579+00:00,recovery_scenario,iperf_tcp,80,6,,twin_core,395196,0.0,67117056
2026-04-24T21:43:59.415579+00:00,recovery_scenario,iperf_tcp,80,6,,ryu_controller,395188,49.8,60133376
2026-04-24T21:43:59.515982+00:00,recovery_scenario,iperf_tcp,80,6,,twin_core,395196,10.0,67117056
2026-04-24T21:43:59.515982+00:00,recovery_scenario,iperf_tcp,80,6,,ryu_controller,395188,10.0,60133376
2026-04-24T21:43:59.619362+00:00,recovery_scenario,iperf_tcp,80,6,,twin_core,395196,0.0,67117056
2026-04-24T21:43:59.619362+00:00,recovery_scenario,iperf_tcp,80,6,,ryu_controller,395188,9.7,60133376
2026-04-24T21:43:59.720316+00:00,recovery_scenario,iperf_tcp,80,6,,twin_core,395196,0.0,67117056
2026-04-24T21:43:59.720316+00:00,recovery_scenario,iperf_tcp,80,6,,ryu_controller,395188,9.9,60133376
2026-04-24T21:43:59.821670+00:00,recovery_scenario,iperf_tcp,80,6,,twin_core,395196,0.0,67117056
2026-04-24T21:43:59.821670+00:00,recovery_scenario,iperf_tcp,80,6,,ryu_controller,395188,9.9,60133376
2026-04-24T21:43:59.922224+00:00,recovery_scenario,iperf_tcp,80,6,,twin_core,395196,0.0,67117056
2026-04-24T21:43:59.922224+00:00,recovery_scenario,iperf_tcp,80,6,,ryu_controller,395188,10.0,60133376
2026-04-24T21:44:00.022597+00:00,recovery_scenario,iperf_tcp,80,6,,twin_core,395196,0.0,67117056
2026-04-24T21:44:00.022597+00:00,recovery_scenario,iperf_tcp,80,6,,ryu_controller,395188,0.0,60133376
2026-04-24T21:44:00.123158+00:00,recovery_scenario,iperf_tcp,80,6,,twin_core,395196,0.0,67117056
2026-04-24T21:44:00.123158+00:00,recovery_scenario,iperf_tcp,80,6,,ryu_controller,395188,59.7,60133376
2026-04-24T21:44:00.224610+00:00,recovery_scenario,iperf_tcp,80,6,,twin_core,395196,0.0,67117056
2026-04-24T21:44:00.224610+00:00,recovery_scenario,iperf_tcp,80,6,,ryu_controller,395188,9.8,60133376
2026-04-24T21:44:00.325116+00:00,recovery_scenario,iperf_tcp,80,6,,twin_core,395196,0.0,67117056
2026-04-24T21:44:00.325116+00:00,recovery_scenario,iperf_tcp,80,6,,ryu_controller,395188,10.0,60133376
2026-04-24T21:44:00.425508+00:00,recovery_scenario,iperf_tcp,80,6,,twin_core,395196,0.0,67117056
2026-04-24T21:44:00.425508+00:00,recovery_scenario,iperf_tcp,80,6,,ryu_controller,395188,19.9,60133376
2026-04-24T21:44:00.526096+00:00,recovery_scenario,iperf_tcp,80,6,,twin_core,395196,0.0,67117056
2026-04-24T21:44:00.526096+00:00,recovery_scenario,iperf_tcp,80,6,,ryu_controller,395188,0.0,60133376
2026-04-24T21:44:00.626497+00:00,recovery_scenario,iperf_tcp,80,6,,twin_core,395196,0.0,67117056
2026-04-24T21:44:00.626497+00:00,recovery_scenario,iperf_tcp,80,6,,ryu_controller,395188,10.0,60133376
2026-04-24T21:44:00.726919+00:00,recovery_scenario,iperf_tcp,80,6,,twin_core,395196,0.0,67117056
2026-04-24T21:44:00.726919+00:00,recovery_scenario,iperf_tcp,80,6,,ryu_controller,395188,10.0,60133376
2026-04-24T21:44:00.827336+00:00,recovery_scenario,iperf_tcp,80,6,,twin_core,395196,0.0,67117056
2026-04-24T21:44:00.827336+00:00,recovery_scenario,iperf_tcp,80,6,,ryu_controller,395188,10.0,60133376
2026-04-24T21:44:00.927936+00:00,recovery_scenario,iperf_tcp,80,6,,twin_core,395196,0.0,67117056
2026-04-24T21:44:00.927936+00:00,recovery_scenario,iperf_tcp,80,6,,ryu_controller,395188,9.9,60133376
2026-04-24T21:44:01.028548+00:00,recovery_scenario,iperf_tcp,80,6,,twin_core,395196,9.9,67117056
2026-04-24T21:44:01.028548+00:00,recovery_scenario,iperf_tcp,80,6,,ryu_controller,395188,0.0,60133376
2026-04-24T21:44:01.129846+00:00,recovery_scenario,iperf_tcp,80,6,,twin_core,395196,0.0,67117056
2026-04-24T21:44:01.129846+00:00,recovery_scenario,iperf_tcp,80,6,,ryu_controller,395188,9.9,60133376
2026-04-24T21:44:01.231176+00:00,recovery_scenario,iperf_tcp,80,6,,twin_core,395196,0.0,67117056
2026-04-24T21:44:01.231176+00:00,recovery_scenario,iperf_tcp,80,6,,ryu_controller,395188,9.9,60133376
2026-04-24T21:44:01.331670+00:00,recovery_scenario,iperf_tcp,80,6,,twin_core,395196,0.0,67117056
2026-04-24T21:44:01.331670+00:00,recovery_scenario,iperf_tcp,80,6,,ryu_controller,395188,9.9,60133376
2026-04-24T21:44:01.432188+00:00,recovery_scenario,iperf_tcp,80,6,,twin_core,395196,19.9,67121152
2026-04-24T21:44:01.432188+00:00,recovery_scenario,iperf_tcp,80,6,,ryu_controller,395188,69.6,60133376
2026-04-24T21:44:01.532745+00:00,recovery_scenario,iperf_tcp,80,6,,twin_core,395196,0.0,67121152
2026-04-24T21:44:01.532745+00:00,recovery_scenario,iperf_tcp,80,6,,ryu_controller,395188,10.0,60133376
2026-04-24T21:44:01.633187+00:00,recovery_scenario,iperf_tcp,80,6,,twin_core,395196,0.0,67121152
2026-04-24T21:44:01.633187+00:00,recovery_scenario,iperf_tcp,80,6,,ryu_controller,395188,10.0,60133376
2026-04-24T21:44:01.733638+00:00,recovery_scenario,iperf_tcp,80,6,,twin_core,395196,0.0,67121152
2026-04-24T21:44:01.733638+00:00,recovery_scenario,iperf_tcp,80,6,,ryu_controller,395188,0.0,60133376
2026-04-24T21:44:01.834129+00:00,recovery_scenario,iperf_tcp,80,6,,twin_core,395196,0.0,67121152
2026-04-24T21:44:01.834129+00:00,recovery_scenario,iperf_tcp,80,6,,ryu_controller,395188,19.9,60133376
2026-04-24T21:44:01.934575+00:00,recovery_scenario,iperf_tcp,80,6,,twin_core,395196,0.0,67121152
2026-04-24T21:44:01.934575+00:00,recovery_scenario,iperf_tcp,80,6,,ryu_controller,395188,10.0,60133376
2026-04-24T21:44:02.035018+00:00,recovery_scenario,iperf_tcp,80,6,,twin_core,395196,0.0,67121152
2026-04-24T21:44:02.035018+00:00,recovery_scenario,iperf_tcp,80,6,,ryu_controller,395188,10.0,60133376
2026-04-24T21:44:02.135389+00:00,recovery_scenario,iperf_tcp,80,6,,twin_core,395196,0.0,67121152
2026-04-24T21:44:02.135389+00:00,recovery_scenario,iperf_tcp,80,6,,ryu_controller,395188,29.8,60133376
2026-04-24T21:44:02.236073+00:00,recovery_scenario,iperf_tcp,80,6,,twin_core,395196,0.0,67121152
2026-04-24T21:44:02.236073+00:00,recovery_scenario,iperf_tcp,80,6,,ryu_controller,395188,49.7,60149760
2026-04-24T21:44:02.336566+00:00,recovery_scenario,iperf_tcp,80,6,,twin_core,395196,10.0,67121152
2026-04-24T21:44:02.336566+00:00,recovery_scenario,iperf_tcp,80,6,,ryu_controller,395188,9.9,60149760
2026-04-24T21:44:02.437050+00:00,recovery_scenario,iperf_tcp,80,6,,twin_core,395196,0.0,67121152
2026-04-24T21:44:02.437050+00:00,recovery_scenario,iperf_tcp,80,6,,ryu_controller,395188,19.9,60149760
2026-04-24T21:44:02.537420+00:00,recovery_scenario,iperf_tcp,80,6,,twin_core,395196,0.0,67121152
2026-04-24T21:44:02.537420+00:00,recovery_scenario,iperf_tcp,80,6,,ryu_controller,395188,19.9,60149760
2026-04-24T21:44:02.637881+00:00,recovery_scenario,iperf_tcp,80,6,,twin_core,395196,0.0,67121152
2026-04-24T21:44:02.637881+00:00,recovery_scenario,iperf_tcp,80,6,,ryu_controller,395188,0.0,60149760
2026-04-24T21:44:02.738255+00:00,recovery_scenario,iperf_tcp,80,6,,twin_core,395196,0.0,67121152
2026-04-24T21:44:02.738255+00:00,recovery_scenario,iperf_tcp,80,6,,ryu_controller,395188,10.0,60149760
2026-04-24T21:44:02.838637+00:00,recovery_scenario,iperf_tcp,80,6,,twin_core,395196,0.0,67121152
2026-04-24T21:44:02.838637+00:00,recovery_scenario,iperf_tcp,80,6,,ryu_controller,395188,10.0,60149760
2026-04-24T21:44:02.939092+00:00,recovery_scenario,iperf_tcp,80,6,,twin_core,395196,0.0,67121152
2026-04-24T21:44:02.939092+00:00,recovery_scenario,iperf_tcp,80,6,,ryu_controller,395188,9.9,60149760
2026-04-24T21:44:03.025828+00:00,recovery_scenario,iperf_tcp,80,6,pingall_completed,,,,
2026-04-24T21:44:03.039827+00:00,recovery_scenario,iperf_tcp,80,6,,twin_core,395196,0.0,67121152
2026-04-24T21:44:03.039827+00:00,recovery_scenario,iperf_tcp,80,6,,ryu_controller,395188,9.9,60149760
2026-04-24T21:44:03.140329+00:00,recovery_scenario,iperf_tcp,80,6,,twin_core,395196,0.0,67121152
2026-04-24T21:44:03.140329+00:00,recovery_scenario,iperf_tcp,80,6,,ryu_controller,395188,0.0,60149760
2026-04-24T21:44:03.244121+00:00,recovery_scenario,iperf_tcp,80,6,,twin_core,395196,0.0,67121152
2026-04-24T21:44:03.244121+00:00,recovery_scenario,iperf_tcp,80,6,,ryu_controller,395188,0.0,60149760
2026-04-24T21:44:03.347930+00:00,recovery_scenario,iperf_tcp,80,6,,twin_core,395196,9.6,67121152
2026-04-24T21:44:03.347930+00:00,recovery_scenario,iperf_tcp,80,6,,ryu_controller,395188,0.0,60149760
2026-04-24T21:44:03.448596+00:00,recovery_scenario,iperf_tcp,80,6,,twin_core,395196,0.0,67121152
2026-04-24T21:44:03.448596+00:00,recovery_scenario,iperf_tcp,80,6,,ryu_controller,395188,29.8,60149760
2026-04-24T21:44:03.550433+00:00,recovery_scenario,iperf_tcp,80,6,,twin_core,395196,9.8,67129344
2026-04-24T21:44:03.550433+00:00,recovery_scenario,iperf_tcp,80,6,,ryu_controller,395188,58.9,60198912
2026-04-24T21:44:03.655232+00:00,recovery_scenario,iperf_tcp,80,6,,twin_core,395196,0.0,67129344
2026-04-24T21:44:03.655232+00:00,recovery_scenario,iperf_tcp,80,6,,ryu_controller,395188,0.0,60198912
2026-04-24T21:44:03.759263+00:00,recovery_scenario,iperf_tcp,80,6,,twin_core,395196,0.0,67129344
2026-04-24T21:44:03.759263+00:00,recovery_scenario,iperf_tcp,80,6,,ryu_controller,395188,0.0,60198912
2026-04-24T21:44:03.863400+00:00,recovery_scenario,iperf_tcp,80,6,,twin_core,395196,0.0,67129344
2026-04-24T21:44:03.863400+00:00,recovery_scenario,iperf_tcp,80,6,,ryu_controller,395188,0.0,60198912
2026-04-24T21:44:03.967865+00:00,recovery_scenario,iperf_tcp,80,6,,twin_core,395196,0.0,67129344
2026-04-24T21:44:03.967865+00:00,recovery_scenario,iperf_tcp,80,6,,ryu_controller,395188,9.6,60198912
2026-04-24T21:44:04.070302+00:00,recovery_scenario,iperf_tcp,80,6,,twin_core,395196,0.0,67129344
2026-04-24T21:44:04.070302+00:00,recovery_scenario,iperf_tcp,80,6,,ryu_controller,395188,0.0,60198912
2026-04-24T21:44:04.172131+00:00,recovery_scenario,iperf_tcp,80,6,,twin_core,395196,0.0,67129344
2026-04-24T21:44:04.172131+00:00,recovery_scenario,iperf_tcp,80,6,,ryu_controller,395188,0.0,60198912
2026-04-24T21:44:04.272624+00:00,recovery_scenario,iperf_tcp,80,6,,twin_core,395196,0.0,67129344
2026-04-24T21:44:04.272624+00:00,recovery_scenario,iperf_tcp,80,6,,ryu_controller,395188,69.6,60301312
2026-04-24T21:44:04.373122+00:00,recovery_scenario,iperf_tcp,80,6,,twin_core,395196,0.0,67129344
2026-04-24T21:44:04.373122+00:00,recovery_scenario,iperf_tcp,80,6,,ryu_controller,395188,10.0,60317696
2026-04-24T21:44:04.473582+00:00,recovery_scenario,iperf_tcp,80,6,,twin_core,395196,0.0,67129344
2026-04-24T21:44:04.473582+00:00,recovery_scenario,iperf_tcp,80,6,,ryu_controller,395188,0.0,60317696
2026-04-24T21:44:04.574138+00:00,recovery_scenario,iperf_tcp,80,6,,twin_core,395196,0.0,67129344
2026-04-24T21:44:04.574138+00:00,recovery_scenario,iperf_tcp,80,6,,ryu_controller,395188,9.9,60317696
2026-04-24T21:44:04.674770+00:00,recovery_scenario,iperf_tcp,80,6,,twin_core,395196,0.0,67129344
2026-04-24T21:44:04.674770+00:00,recovery_scenario,iperf_tcp,80,6,,ryu_controller,395188,0.0,60317696
2026-04-24T21:44:04.775252+00:00,recovery_scenario,iperf_tcp,80,6,,twin_core,395196,0.0,67129344
2026-04-24T21:44:04.775252+00:00,recovery_scenario,iperf_tcp,80,6,,ryu_controller,395188,0.0,60317696
2026-04-24T21:44:04.875870+00:00,recovery_scenario,iperf_tcp,80,6,,twin_core,395196,9.9,67129344
2026-04-24T21:44:04.875870+00:00,recovery_scenario,iperf_tcp,80,6,,ryu_controller,395188,0.0,60317696
2026-04-24T21:44:04.976461+00:00,recovery_scenario,iperf_tcp,80,6,,twin_core,395196,0.0,67129344
2026-04-24T21:44:04.976461+00:00,recovery_scenario,iperf_tcp,80,6,,ryu_controller,395188,9.9,60317696
2026-04-24T21:44:05.042259+00:00,recovery_scenario,iperf_tcp,80,6,background_traffic_started,,,,
2026-04-24T21:44:05.077341+00:00,recovery_scenario,iperf_tcp,80,6,,twin_core,395196,9.9,67129344
2026-04-24T21:44:05.077341+00:00,recovery_scenario,iperf_tcp,80,6,,ryu_controller,395188,19.9,60317696
2026-04-24T21:44:05.175848+00:00,recovery_scenario,iperf_tcp,80,6,fault_injected,,,,
2026-04-24T21:44:05.177992+00:00,recovery_scenario,iperf_tcp,80,6,,twin_core,395196,9.9,67129344
2026-04-24T21:44:05.177992+00:00,recovery_scenario,iperf_tcp,80,6,,ryu_controller,395188,78.8,60317696
2026-04-24T21:44:05.279288+00:00,recovery_scenario,iperf_tcp,80,6,,twin_core,395196,0.0,67129344
2026-04-24T21:44:05.279288+00:00,recovery_scenario,iperf_tcp,80,6,,ryu_controller,395188,69.6,60321792
2026-04-24T21:44:05.379913+00:00,recovery_scenario,iperf_tcp,80,6,,twin_core,395196,0.0,67129344
2026-04-24T21:44:05.379913+00:00,recovery_scenario,iperf_tcp,80,6,,ryu_controller,395188,109.0,60321792
2026-04-24T21:44:05.480653+00:00,recovery_scenario,iperf_tcp,80,6,,twin_core,395196,0.0,67129344
2026-04-24T21:44:05.480653+00:00,recovery_scenario,iperf_tcp,80,6,,ryu_controller,395188,89.5,60321792
2026-04-24T21:44:05.581694+00:00,recovery_scenario,iperf_tcp,80,6,,twin_core,395196,9.9,67129344
2026-04-24T21:44:05.581694+00:00,recovery_scenario,iperf_tcp,80,6,,ryu_controller,395188,108.4,60321792
2026-04-24T21:44:05.683578+00:00,recovery_scenario,iperf_tcp,80,6,,twin_core,395196,9.8,67129344
2026-04-24T21:44:05.683578+00:00,recovery_scenario,iperf_tcp,80,6,,ryu_controller,395188,78.9,60321792
2026-04-24T21:44:05.787826+00:00,recovery_scenario,iperf_tcp,80,6,,twin_core,395196,9.6,67129344
2026-04-24T21:44:05.787826+00:00,recovery_scenario,iperf_tcp,80,6,,ryu_controller,395188,0.0,60321792
2026-04-24T21:44:05.888240+00:00,recovery_scenario,iperf_tcp,80,6,,twin_core,395196,0.0,67129344
2026-04-24T21:44:05.888240+00:00,recovery_scenario,iperf_tcp,80,6,,ryu_controller,395188,10.0,60321792
2026-04-24T21:44:05.988922+00:00,recovery_scenario,iperf_tcp,80,6,,twin_core,395196,0.0,67129344
2026-04-24T21:44:05.988922+00:00,recovery_scenario,iperf_tcp,80,6,,ryu_controller,395188,9.9,60321792
2026-04-24T21:44:06.090463+00:00,recovery_scenario,iperf_tcp,80,6,,twin_core,395196,0.0,67129344
2026-04-24T21:44:06.090463+00:00,recovery_scenario,iperf_tcp,80,6,,ryu_controller,395188,19.8,60321792
2026-04-24T21:44:06.191107+00:00,recovery_scenario,iperf_tcp,80,6,,twin_core,395196,0.0,67129344
2026-04-24T21:44:06.191107+00:00,recovery_scenario,iperf_tcp,80,6,,ryu_controller,395188,0.0,60321792
2026-04-24T21:44:06.292598+00:00,recovery_scenario,iperf_tcp,80,6,recovery_requested,,,,
2026-04-24T21:44:06.292663+00:00,recovery_scenario,iperf_tcp,80,6,,twin_core,395196,19.7,67129344
2026-04-24T21:44:06.292663+00:00,recovery_scenario,iperf_tcp,80,6,,ryu_controller,395188,78.8,60321792
2026-04-24T21:44:06.393482+00:00,recovery_scenario,iperf_tcp,80,6,,twin_core,395196,0.0,67129344
2026-04-24T21:44:06.393482+00:00,recovery_scenario,iperf_tcp,80,6,,ryu_controller,395188,89.3,60321792
2026-04-24T21:44:06.494363+00:00,recovery_scenario,iperf_tcp,80,6,,twin_core,395196,0.0,67129344
2026-04-24T21:44:06.494363+00:00,recovery_scenario,iperf_tcp,80,6,,ryu_controller,395188,78.7,60321792
2026-04-24T21:44:06.596683+00:00,recovery_scenario,iperf_tcp,80,6,,twin_core,395196,0.0,67129344
2026-04-24T21:44:06.596683+00:00,recovery_scenario,iperf_tcp,80,6,,ryu_controller,395188,29.5,60321792
2026-04-24T21:44:06.697621+00:00,recovery_scenario,iperf_tcp,80,6,,twin_core,395196,0.0,67129344
2026-04-24T21:44:06.697621+00:00,recovery_scenario,iperf_tcp,80,6,,ryu_controller,395188,69.4,60321792
2026-04-24T21:44:06.798471+00:00,recovery_scenario,iperf_tcp,80,6,,twin_core,395196,0.0,67129344
2026-04-24T21:44:06.798471+00:00,recovery_scenario,iperf_tcp,80,6,,ryu_controller,395188,109.0,60321792
2026-04-24T21:44:06.899424+00:00,recovery_scenario,iperf_tcp,80,6,,twin_core,395196,0.0,67129344
2026-04-24T21:44:06.899424+00:00,recovery_scenario,iperf_tcp,80,6,,ryu_controller,395188,89.5,60321792
2026-04-24T21:44:07.000118+00:00,recovery_scenario,iperf_tcp,80,6,,twin_core,395196,9.9,67129344
2026-04-24T21:44:07.000118+00:00,recovery_scenario,iperf_tcp,80,6,,ryu_controller,395188,99.4,60321792
2026-04-24T21:44:07.100495+00:00,recovery_scenario,iperf_tcp,80,6,,twin_core,395196,0.0,67129344
2026-04-24T21:44:07.100495+00:00,recovery_scenario,iperf_tcp,80,6,,ryu_controller,395188,99.5,60321792
2026-04-24T21:44:07.201182+00:00,recovery_scenario,iperf_tcp,80,6,,twin_core,395196,0.0,67129344
2026-04-24T21:44:07.201182+00:00,recovery_scenario,iperf_tcp,80,6,,ryu_controller,395188,109.3,60321792
2026-04-24T21:44:07.301828+00:00,recovery_scenario,iperf_tcp,80,6,,twin_core,395196,0.0,67129344
2026-04-24T21:44:07.301828+00:00,recovery_scenario,iperf_tcp,80,6,,ryu_controller,395188,99.5,60321792
2026-04-24T21:44:07.402419+00:00,recovery_scenario,iperf_tcp,80,6,,twin_core,395196,0.0,67129344
2026-04-24T21:44:07.402419+00:00,recovery_scenario,iperf_tcp,80,6,,ryu_controller,395188,99.5,60321792
2026-04-24T21:44:07.503189+00:00,recovery_scenario,iperf_tcp,80,6,,twin_core,395196,0.0,67129344
2026-04-24T21:44:07.503189+00:00,recovery_scenario,iperf_tcp,80,6,,ryu_controller,395188,59.2,60321792
2026-04-24T21:44:07.604375+00:00,recovery_scenario,iperf_tcp,80,6,,twin_core,395196,0.0,67129344
2026-04-24T21:44:07.604375+00:00,recovery_scenario,iperf_tcp,80,6,,ryu_controller,395188,9.9,60321792
2026-04-24T21:44:07.705839+00:00,recovery_scenario,iperf_tcp,80,6,,twin_core,395196,9.9,67129344
2026-04-24T21:44:07.705839+00:00,recovery_scenario,iperf_tcp,80,6,,ryu_controller,395188,29.7,60321792
2026-04-24T21:44:07.806905+00:00,recovery_scenario,iperf_tcp,80,6,,twin_core,395196,19.8,67145728
2026-04-24T21:44:07.806905+00:00,recovery_scenario,iperf_tcp,80,6,,ryu_controller,395188,69.1,60321792
2026-04-24T21:44:07.907741+00:00,recovery_scenario,iperf_tcp,80,6,,twin_core,395196,9.9,67145728
2026-04-24T21:44:07.907741+00:00,recovery_scenario,iperf_tcp,80,6,,ryu_controller,395188,79.6,60321792
2026-04-24T21:44:07.923491+00:00,recovery_scenario,iperf_tcp,80,6,scenario_teardown,,,,
2026-04-24T21:44:08.008270+00:00,recovery_scenario,iperf_tcp,80,6,,twin_core,395196,9.9,67145728
2026-04-24T21:44:08.008270+00:00,recovery_scenario,iperf_tcp,80,6,,ryu_controller,395188,19.9,60321792
2026-04-24T21:44:08.108824+00:00,recovery_scenario,iperf_tcp,80,6,,twin_core,395196,9.9,67145728
2026-04-24T21:44:08.108824+00:00,recovery_scenario,iperf_tcp,80,6,,ryu_controller,395188,19.9,60321792
2026-04-24T21:44:08.209190+00:00,recovery_scenario,iperf_tcp,80,6,,twin_core,395196,0.0,67145728
2026-04-24T21:44:08.209190+00:00,recovery_scenario,iperf_tcp,80,6,,ryu_controller,395188,10.0,60321792
2026-04-24T21:44:08.309628+00:00,recovery_scenario,iperf_tcp,80,6,,twin_core,395196,0.0,67145728
2026-04-24T21:44:08.309628+00:00,recovery_scenario,iperf_tcp,80,6,,ryu_controller,395188,10.0,60321792
2026-04-24T21:44:08.757986+00:00,recovery_scenario,iperf_tcp,80,7,,twin_core,395196,0.0,67158016
2026-04-24T21:44:08.757986+00:00,recovery_scenario,iperf_tcp,80,7,,ryu_controller,395188,0.0,60321792
2026-04-24T21:44:08.859317+00:00,recovery_scenario,iperf_tcp,80,7,,twin_core,395196,0.0,67162112
2026-04-24T21:44:08.859317+00:00,recovery_scenario,iperf_tcp,80,7,,ryu_controller,395188,39.8,60321792
2026-04-24T21:44:08.959814+00:00,recovery_scenario,iperf_tcp,80,7,,twin_core,395196,9.9,67162112
2026-04-24T21:44:08.959814+00:00,recovery_scenario,iperf_tcp,80,7,,ryu_controller,395188,19.9,60321792
2026-04-24T21:44:09.011247+00:00,recovery_scenario,iperf_tcp,80,7,service_started,,,,
2026-04-24T21:44:09.060258+00:00,recovery_scenario,iperf_tcp,80,7,,twin_core,395196,10.0,67166208
2026-04-24T21:44:09.060258+00:00,recovery_scenario,iperf_tcp,80,7,,ryu_controller,395188,59.7,60321792
2026-04-24T21:44:09.160673+00:00,recovery_scenario,iperf_tcp,80,7,,twin_core,395196,0.0,67166208
2026-04-24T21:44:09.160673+00:00,recovery_scenario,iperf_tcp,80,7,,ryu_controller,395188,19.9,60321792
2026-04-24T21:44:09.261205+00:00,recovery_scenario,iperf_tcp,80,7,,twin_core,395196,0.0,67166208
2026-04-24T21:44:09.261205+00:00,recovery_scenario,iperf_tcp,80,7,,ryu_controller,395188,10.0,60321792
2026-04-24T21:44:09.361609+00:00,recovery_scenario,iperf_tcp,80,7,,twin_core,395196,0.0,67166208
2026-04-24T21:44:09.361609+00:00,recovery_scenario,iperf_tcp,80,7,,ryu_controller,395188,10.0,60321792
2026-04-24T21:44:09.462026+00:00,recovery_scenario,iperf_tcp,80,7,,twin_core,395196,0.0,67166208
2026-04-24T21:44:09.462026+00:00,recovery_scenario,iperf_tcp,80,7,,ryu_controller,395188,19.9,60321792
2026-04-24T21:44:09.562482+00:00,recovery_scenario,iperf_tcp,80,7,,twin_core,395196,0.0,67166208
2026-04-24T21:44:09.562482+00:00,recovery_scenario,iperf_tcp,80,7,,ryu_controller,395188,9.9,60321792
2026-04-24T21:44:09.663685+00:00,recovery_scenario,iperf_tcp,80,7,,twin_core,395196,9.9,67166208
2026-04-24T21:44:09.663685+00:00,recovery_scenario,iperf_tcp,80,7,,ryu_controller,395188,29.7,60321792
2026-04-24T21:44:09.764144+00:00,recovery_scenario,iperf_tcp,80,7,,twin_core,395196,0.0,67166208
2026-04-24T21:44:09.764144+00:00,recovery_scenario,iperf_tcp,80,7,,ryu_controller,395188,0.0,60321792
2026-04-24T21:44:09.865322+00:00,recovery_scenario,iperf_tcp,80,7,,twin_core,395196,0.0,67166208
2026-04-24T21:44:09.865322+00:00,recovery_scenario,iperf_tcp,80,7,,ryu_controller,395188,19.8,60321792
2026-04-24T21:44:09.966648+00:00,recovery_scenario,iperf_tcp,80,7,,twin_core,395196,0.0,67166208
2026-04-24T21:44:09.966648+00:00,recovery_scenario,iperf_tcp,80,7,,ryu_controller,395188,49.3,60321792
2026-04-24T21:44:10.067174+00:00,recovery_scenario,iperf_tcp,80,7,,twin_core,395196,0.0,67166208
2026-04-24T21:44:10.067174+00:00,recovery_scenario,iperf_tcp,80,7,,ryu_controller,395188,10.0,60321792
2026-04-24T21:44:10.167563+00:00,recovery_scenario,iperf_tcp,80,7,,twin_core,395196,0.0,67166208
2026-04-24T21:44:10.167563+00:00,recovery_scenario,iperf_tcp,80,7,,ryu_controller,395188,19.9,60321792
2026-04-24T21:44:10.268113+00:00,recovery_scenario,iperf_tcp,80,7,,twin_core,395196,0.0,67166208
2026-04-24T21:44:10.268113+00:00,recovery_scenario,iperf_tcp,80,7,,ryu_controller,395188,19.9,60321792
2026-04-24T21:44:10.368649+00:00,recovery_scenario,iperf_tcp,80,7,,twin_core,395196,0.0,67166208
2026-04-24T21:44:10.368649+00:00,recovery_scenario,iperf_tcp,80,7,,ryu_controller,395188,9.9,60321792
2026-04-24T21:44:10.469096+00:00,recovery_scenario,iperf_tcp,80,7,,twin_core,395196,0.0,67166208
2026-04-24T21:44:10.469096+00:00,recovery_scenario,iperf_tcp,80,7,,ryu_controller,395188,29.9,60321792
2026-04-24T21:44:10.569468+00:00,recovery_scenario,iperf_tcp,80,7,,twin_core,395196,0.0,67166208
2026-04-24T21:44:10.569468+00:00,recovery_scenario,iperf_tcp,80,7,,ryu_controller,395188,39.8,60321792
2026-04-24T21:44:10.670012+00:00,recovery_scenario,iperf_tcp,80,7,,twin_core,395196,0.0,67166208
2026-04-24T21:44:10.670012+00:00,recovery_scenario,iperf_tcp,80,7,,ryu_controller,395188,29.9,60321792
2026-04-24T21:44:10.775048+00:00,recovery_scenario,iperf_tcp,80,7,,twin_core,395196,0.0,67166208
2026-04-24T21:44:10.775048+00:00,recovery_scenario,iperf_tcp,80,7,,ryu_controller,395188,0.0,60321792
2026-04-24T21:44:10.875655+00:00,recovery_scenario,iperf_tcp,80,7,,twin_core,395196,9.9,67166208
2026-04-24T21:44:10.875655+00:00,recovery_scenario,iperf_tcp,80,7,,ryu_controller,395188,9.9,60321792
2026-04-24T21:44:10.978381+00:00,recovery_scenario,iperf_tcp,80,7,,twin_core,395196,0.0,67166208
2026-04-24T21:44:10.978381+00:00,recovery_scenario,iperf_tcp,80,7,,ryu_controller,395188,9.7,60321792
2026-04-24T21:44:11.078972+00:00,recovery_scenario,iperf_tcp,80,7,,twin_core,395196,0.0,67166208
2026-04-24T21:44:11.078972+00:00,recovery_scenario,iperf_tcp,80,7,,ryu_controller,395188,29.9,60321792
2026-04-24T21:44:11.179332+00:00,recovery_scenario,iperf_tcp,80,7,,twin_core,395196,10.0,67166208
2026-04-24T21:44:11.179332+00:00,recovery_scenario,iperf_tcp,80,7,,ryu_controller,395188,29.8,60321792
2026-04-24T21:44:11.280004+00:00,recovery_scenario,iperf_tcp,80,7,,twin_core,395196,0.0,67166208
2026-04-24T21:44:11.280004+00:00,recovery_scenario,iperf_tcp,80,7,,ryu_controller,395188,10.0,60321792
2026-04-24T21:44:11.382768+00:00,recovery_scenario,iperf_tcp,80,7,,twin_core,395196,0.0,67166208
2026-04-24T21:44:11.382768+00:00,recovery_scenario,iperf_tcp,80,7,,ryu_controller,395188,9.7,60321792
2026-04-24T21:44:11.483214+00:00,recovery_scenario,iperf_tcp,80,7,,twin_core,395196,0.0,67166208
2026-04-24T21:44:11.483214+00:00,recovery_scenario,iperf_tcp,80,7,,ryu_controller,395188,10.0,60321792
2026-04-24T21:44:11.584416+00:00,recovery_scenario,iperf_tcp,80,7,,twin_core,395196,0.0,67166208
2026-04-24T21:44:11.584416+00:00,recovery_scenario,iperf_tcp,80,7,,ryu_controller,395188,9.9,60321792
2026-04-24T21:44:11.684923+00:00,recovery_scenario,iperf_tcp,80,7,,twin_core,395196,0.0,67166208
2026-04-24T21:44:11.684923+00:00,recovery_scenario,iperf_tcp,80,7,,ryu_controller,395188,10.0,60321792
2026-04-24T21:44:11.785313+00:00,recovery_scenario,iperf_tcp,80,7,,twin_core,395196,0.0,67166208
2026-04-24T21:44:11.785313+00:00,recovery_scenario,iperf_tcp,80,7,,ryu_controller,395188,10.0,60321792
2026-04-24T21:44:11.885892+00:00,recovery_scenario,iperf_tcp,80,7,,twin_core,395196,0.0,67166208
2026-04-24T21:44:11.885892+00:00,recovery_scenario,iperf_tcp,80,7,,ryu_controller,395188,9.9,60321792
2026-04-24T21:44:11.986275+00:00,recovery_scenario,iperf_tcp,80,7,,twin_core,395196,0.0,67166208
2026-04-24T21:44:11.986275+00:00,recovery_scenario,iperf_tcp,80,7,,ryu_controller,395188,10.0,60321792
2026-04-24T21:44:12.086875+00:00,recovery_scenario,iperf_tcp,80,7,,twin_core,395196,0.0,67166208
2026-04-24T21:44:12.086875+00:00,recovery_scenario,iperf_tcp,80,7,,ryu_controller,395188,9.9,60321792
2026-04-24T21:44:12.189686+00:00,recovery_scenario,iperf_tcp,80,7,,twin_core,395196,9.7,67166208
2026-04-24T21:44:12.189686+00:00,recovery_scenario,iperf_tcp,80,7,,ryu_controller,395188,9.7,60321792
2026-04-24T21:44:12.290257+00:00,recovery_scenario,iperf_tcp,80,7,,twin_core,395196,0.0,67166208
2026-04-24T21:44:12.290257+00:00,recovery_scenario,iperf_tcp,80,7,,ryu_controller,395188,0.0,60321792
2026-04-24T21:44:12.390772+00:00,recovery_scenario,iperf_tcp,80,7,,twin_core,395196,0.0,67166208
2026-04-24T21:44:12.390772+00:00,recovery_scenario,iperf_tcp,80,7,,ryu_controller,395188,19.9,60321792
2026-04-24T21:44:12.491246+00:00,recovery_scenario,iperf_tcp,80,7,,twin_core,395196,0.0,67166208
2026-04-24T21:44:12.491246+00:00,recovery_scenario,iperf_tcp,80,7,,ryu_controller,395188,10.0,60321792
2026-04-24T21:44:12.591657+00:00,recovery_scenario,iperf_tcp,80,7,,twin_core,395196,0.0,67166208
2026-04-24T21:44:12.591657+00:00,recovery_scenario,iperf_tcp,80,7,,ryu_controller,395188,49.8,60321792
2026-04-24T21:44:12.692220+00:00,recovery_scenario,iperf_tcp,80,7,,twin_core,395196,0.0,67166208
2026-04-24T21:44:12.692220+00:00,recovery_scenario,iperf_tcp,80,7,,ryu_controller,395188,29.8,60321792
2026-04-24T21:44:12.793521+00:00,recovery_scenario,iperf_tcp,80,7,,twin_core,395196,0.0,67166208
2026-04-24T21:44:12.793521+00:00,recovery_scenario,iperf_tcp,80,7,,ryu_controller,395188,0.0,60321792
2026-04-24T21:44:12.893987+00:00,recovery_scenario,iperf_tcp,80,7,,twin_core,395196,0.0,67166208
2026-04-24T21:44:12.893987+00:00,recovery_scenario,iperf_tcp,80,7,,ryu_controller,395188,10.0,60321792
2026-04-24T21:44:12.994414+00:00,recovery_scenario,iperf_tcp,80,7,,twin_core,395196,0.0,67166208
2026-04-24T21:44:12.994414+00:00,recovery_scenario,iperf_tcp,80,7,,ryu_controller,395188,10.0,60321792
2026-04-24T21:44:13.095152+00:00,recovery_scenario,iperf_tcp,80,7,,twin_core,395196,0.0,67166208
2026-04-24T21:44:13.095152+00:00,recovery_scenario,iperf_tcp,80,7,,ryu_controller,395188,0.0,60321792
2026-04-24T21:44:13.196471+00:00,recovery_scenario,iperf_tcp,80,7,,twin_core,395196,9.9,67198976
2026-04-24T21:44:13.196471+00:00,recovery_scenario,iperf_tcp,80,7,,ryu_controller,395188,59.1,60321792
2026-04-24T21:44:13.297094+00:00,recovery_scenario,iperf_tcp,80,7,,twin_core,395196,9.9,67198976
2026-04-24T21:44:13.297094+00:00,recovery_scenario,iperf_tcp,80,7,,ryu_controller,395188,29.8,60321792
2026-04-24T21:44:13.397918+00:00,recovery_scenario,iperf_tcp,80,7,,twin_core,395196,0.0,67198976
2026-04-24T21:44:13.397918+00:00,recovery_scenario,iperf_tcp,80,7,,ryu_controller,395188,9.9,60321792
2026-04-24T21:44:13.498319+00:00,recovery_scenario,iperf_tcp,80,7,,twin_core,395196,0.0,67198976
2026-04-24T21:44:13.498319+00:00,recovery_scenario,iperf_tcp,80,7,,ryu_controller,395188,0.0,60321792
2026-04-24T21:44:13.598752+00:00,recovery_scenario,iperf_tcp,80,7,,twin_core,395196,0.0,67198976
2026-04-24T21:44:13.598752+00:00,recovery_scenario,iperf_tcp,80,7,,ryu_controller,395188,0.0,60321792
2026-04-24T21:44:13.699137+00:00,recovery_scenario,iperf_tcp,80,7,,twin_core,395196,0.0,67198976
2026-04-24T21:44:13.699137+00:00,recovery_scenario,iperf_tcp,80,7,,ryu_controller,395188,10.0,60321792
2026-04-24T21:44:13.799693+00:00,recovery_scenario,iperf_tcp,80,7,,twin_core,395196,0.0,67198976
2026-04-24T21:44:13.799693+00:00,recovery_scenario,iperf_tcp,80,7,,ryu_controller,395188,19.9,60321792
2026-04-24T21:44:13.900123+00:00,recovery_scenario,iperf_tcp,80,7,,twin_core,395196,0.0,67198976
2026-04-24T21:44:13.900123+00:00,recovery_scenario,iperf_tcp,80,7,,ryu_controller,395188,0.0,60321792
2026-04-24T21:44:14.000597+00:00,recovery_scenario,iperf_tcp,80,7,,twin_core,395196,0.0,67198976
2026-04-24T21:44:14.000597+00:00,recovery_scenario,iperf_tcp,80,7,,ryu_controller,395188,9.9,60321792
2026-04-24T21:44:14.101076+00:00,recovery_scenario,iperf_tcp,80,7,,twin_core,395196,0.0,67198976
2026-04-24T21:44:14.101076+00:00,recovery_scenario,iperf_tcp,80,7,,ryu_controller,395188,19.9,60321792
2026-04-24T21:44:14.201463+00:00,recovery_scenario,iperf_tcp,80,7,,twin_core,395196,0.0,67198976
2026-04-24T21:44:14.201463+00:00,recovery_scenario,iperf_tcp,80,7,,ryu_controller,395188,19.9,60321792
2026-04-24T21:44:14.301928+00:00,recovery_scenario,iperf_tcp,80,7,,twin_core,395196,0.0,67198976
2026-04-24T21:44:14.301928+00:00,recovery_scenario,iperf_tcp,80,7,,ryu_controller,395188,10.0,60321792
2026-04-24T21:44:14.402370+00:00,recovery_scenario,iperf_tcp,80,7,,twin_core,395196,10.0,67198976
2026-04-24T21:44:14.402370+00:00,recovery_scenario,iperf_tcp,80,7,,ryu_controller,395188,0.0,60321792
2026-04-24T21:44:14.502859+00:00,recovery_scenario,iperf_tcp,80,7,,twin_core,395196,10.0,67198976
2026-04-24T21:44:14.502859+00:00,recovery_scenario,iperf_tcp,80,7,,ryu_controller,395188,10.0,60321792
2026-04-24T21:44:14.603277+00:00,recovery_scenario,iperf_tcp,80,7,,twin_core,395196,0.0,67198976
2026-04-24T21:44:14.603277+00:00,recovery_scenario,iperf_tcp,80,7,,ryu_controller,395188,0.0,60321792
2026-04-24T21:44:14.704450+00:00,recovery_scenario,iperf_tcp,80,7,,twin_core,395196,0.0,67198976
2026-04-24T21:44:14.704450+00:00,recovery_scenario,iperf_tcp,80,7,,ryu_controller,395188,89.5,60321792
2026-04-24T21:44:14.779247+00:00,recovery_scenario,iperf_tcp,80,7,pingall_completed,,,,
2026-04-24T21:44:14.805510+00:00,recovery_scenario,iperf_tcp,80,7,,twin_core,395196,0.0,67198976
2026-04-24T21:44:14.805510+00:00,recovery_scenario,iperf_tcp,80,7,,ryu_controller,395188,9.9,60321792
2026-04-24T21:44:14.906082+00:00,recovery_scenario,iperf_tcp,80,7,,twin_core,395196,0.0,67198976
2026-04-24T21:44:14.906082+00:00,recovery_scenario,iperf_tcp,80,7,,ryu_controller,395188,0.0,60321792
2026-04-24T21:44:15.008971+00:00,recovery_scenario,iperf_tcp,80,7,,twin_core,395196,0.0,67198976
2026-04-24T21:44:15.008971+00:00,recovery_scenario,iperf_tcp,80,7,,ryu_controller,395188,9.7,60321792
2026-04-24T21:44:15.113433+00:00,recovery_scenario,iperf_tcp,80,7,,twin_core,395196,0.0,67198976
2026-04-24T21:44:15.113433+00:00,recovery_scenario,iperf_tcp,80,7,,ryu_controller,395188,0.0,60321792
2026-04-24T21:44:15.214058+00:00,recovery_scenario,iperf_tcp,80,7,,twin_core,395196,0.0,67198976
2026-04-24T21:44:15.214058+00:00,recovery_scenario,iperf_tcp,80,7,,ryu_controller,395188,39.8,60321792
2026-04-24T21:44:15.319228+00:00,recovery_scenario,iperf_tcp,80,7,,twin_core,395196,9.5,67244032
2026-04-24T21:44:15.319228+00:00,recovery_scenario,iperf_tcp,80,7,,ryu_controller,395188,47.5,60321792
2026-04-24T21:44:15.420884+00:00,recovery_scenario,iperf_tcp,80,7,,twin_core,395196,0.0,67244032
2026-04-24T21:44:15.420884+00:00,recovery_scenario,iperf_tcp,80,7,,ryu_controller,395188,9.8,60321792
2026-04-24T21:44:15.522785+00:00,recovery_scenario,iperf_tcp,80,7,,twin_core,395196,9.8,67244032
2026-04-24T21:44:15.522785+00:00,recovery_scenario,iperf_tcp,80,7,,ryu_controller,395188,0.0,60321792
2026-04-24T21:44:15.625014+00:00,recovery_scenario,iperf_tcp,80,7,,twin_core,395196,0.0,67244032
2026-04-24T21:44:15.625014+00:00,recovery_scenario,iperf_tcp,80,7,,ryu_controller,395188,0.0,60321792
2026-04-24T21:44:15.727217+00:00,recovery_scenario,iperf_tcp,80,7,,twin_core,395196,0.0,67244032
2026-04-24T21:44:15.727217+00:00,recovery_scenario,iperf_tcp,80,7,,ryu_controller,395188,9.8,60321792
2026-04-24T21:44:15.828224+00:00,recovery_scenario,iperf_tcp,80,7,,twin_core,395196,0.0,67244032
2026-04-24T21:44:15.828224+00:00,recovery_scenario,iperf_tcp,80,7,,ryu_controller,395188,0.0,60321792
2026-04-24T21:44:15.928651+00:00,recovery_scenario,iperf_tcp,80,7,,twin_core,395196,0.0,67244032
2026-04-24T21:44:15.928651+00:00,recovery_scenario,iperf_tcp,80,7,,ryu_controller,395188,0.0,60321792
2026-04-24T21:44:16.029178+00:00,recovery_scenario,iperf_tcp,80,7,,twin_core,395196,0.0,67244032
2026-04-24T21:44:16.029178+00:00,recovery_scenario,iperf_tcp,80,7,,ryu_controller,395188,10.0,60321792
2026-04-24T21:44:16.129696+00:00,recovery_scenario,iperf_tcp,80,7,,twin_core,395196,0.0,67244032
2026-04-24T21:44:16.129696+00:00,recovery_scenario,iperf_tcp,80,7,,ryu_controller,395188,0.0,60321792
2026-04-24T21:44:16.230372+00:00,recovery_scenario,iperf_tcp,80,7,,twin_core,395196,0.0,67244032
2026-04-24T21:44:16.230372+00:00,recovery_scenario,iperf_tcp,80,7,,ryu_controller,395188,0.0,60321792
2026-04-24T21:44:16.331285+00:00,recovery_scenario,iperf_tcp,80,7,,twin_core,395196,0.0,67244032
2026-04-24T21:44:16.331285+00:00,recovery_scenario,iperf_tcp,80,7,,ryu_controller,395188,0.0,60321792
2026-04-24T21:44:16.431850+00:00,recovery_scenario,iperf_tcp,80,7,,twin_core,395196,0.0,67244032
2026-04-24T21:44:16.431850+00:00,recovery_scenario,iperf_tcp,80,7,,ryu_controller,395188,0.0,60321792
2026-04-24T21:44:16.532913+00:00,recovery_scenario,iperf_tcp,80,7,,twin_core,395196,0.0,67244032
2026-04-24T21:44:16.532913+00:00,recovery_scenario,iperf_tcp,80,7,,ryu_controller,395188,0.0,60321792
2026-04-24T21:44:16.633307+00:00,recovery_scenario,iperf_tcp,80,7,,twin_core,395196,0.0,67244032
2026-04-24T21:44:16.633307+00:00,recovery_scenario,iperf_tcp,80,7,,ryu_controller,395188,9.9,60321792
2026-04-24T21:44:16.734123+00:00,recovery_scenario,iperf_tcp,80,7,,twin_core,395196,0.0,67244032
2026-04-24T21:44:16.734123+00:00,recovery_scenario,iperf_tcp,80,7,,ryu_controller,395188,9.9,60321792
2026-04-24T21:44:16.791755+00:00,recovery_scenario,iperf_tcp,80,7,background_traffic_started,,,,
2026-04-24T21:44:16.834635+00:00,recovery_scenario,iperf_tcp,80,7,,twin_core,395196,9.9,67244032
2026-04-24T21:44:16.834635+00:00,recovery_scenario,iperf_tcp,80,7,,ryu_controller,395188,89.5,60321792
2026-04-24T21:44:16.935182+00:00,recovery_scenario,iperf_tcp,80,7,,twin_core,395196,10.0,67260416
2026-04-24T21:44:16.935182+00:00,recovery_scenario,iperf_tcp,80,7,,ryu_controller,395188,79.7,60321792
2026-04-24T21:44:16.965841+00:00,recovery_scenario,iperf_tcp,80,7,fault_injected,,,,
2026-04-24T21:44:17.035566+00:00,recovery_scenario,iperf_tcp,80,7,,twin_core,395196,0.0,67305472
2026-04-24T21:44:17.035566+00:00,recovery_scenario,iperf_tcp,80,7,,ryu_controller,395188,79.4,60321792
2026-04-24T21:44:17.136524+00:00,recovery_scenario,iperf_tcp,80,7,,twin_core,395196,0.0,67305472
2026-04-24T21:44:17.136524+00:00,recovery_scenario,iperf_tcp,80,7,,ryu_controller,395188,99.3,60321792
2026-04-24T21:44:17.237312+00:00,recovery_scenario,iperf_tcp,80,7,,twin_core,395196,0.0,67305472
2026-04-24T21:44:17.237312+00:00,recovery_scenario,iperf_tcp,80,7,,ryu_controller,395188,98.9,60321792
2026-04-24T21:44:17.338209+00:00,recovery_scenario,iperf_tcp,80,7,,twin_core,395196,9.9,67305472
2026-04-24T21:44:17.338209+00:00,recovery_scenario,iperf_tcp,80,7,,ryu_controller,395188,99.6,60321792
2026-04-24T21:44:17.439258+00:00,recovery_scenario,iperf_tcp,80,7,,twin_core,395196,0.0,67305472
2026-04-24T21:44:17.439258+00:00,recovery_scenario,iperf_tcp,80,7,,ryu_controller,395188,98.3,60321792
2026-04-24T21:44:17.540446+00:00,recovery_scenario,iperf_tcp,80,7,,twin_core,395196,0.0,67305472
2026-04-24T21:44:17.540446+00:00,recovery_scenario,iperf_tcp,80,7,,ryu_controller,395188,99.3,60321792
2026-04-24T21:44:17.641562+00:00,recovery_scenario,iperf_tcp,80,7,,twin_core,395196,9.9,67305472
2026-04-24T21:44:17.641562+00:00,recovery_scenario,iperf_tcp,80,7,,ryu_controller,395188,87.6,60321792
2026-04-24T21:44:17.744216+00:00,recovery_scenario,iperf_tcp,80,7,,twin_core,395196,9.7,67305472
2026-04-24T21:44:17.744216+00:00,recovery_scenario,iperf_tcp,80,7,,ryu_controller,395188,79.4,60321792
2026-04-24T21:44:17.845104+00:00,recovery_scenario,iperf_tcp,80,7,,twin_core,395196,0.0,67305472
2026-04-24T21:44:17.845104+00:00,recovery_scenario,iperf_tcp,80,7,,ryu_controller,395188,9.9,60321792
2026-04-24T21:44:17.945803+00:00,recovery_scenario,iperf_tcp,80,7,,twin_core,395196,0.0,67305472
2026-04-24T21:44:17.945803+00:00,recovery_scenario,iperf_tcp,80,7,,ryu_controller,395188,9.8,60321792
2026-04-24T21:44:18.047449+00:00,recovery_scenario,iperf_tcp,80,7,,twin_core,395196,19.8,67305472
2026-04-24T21:44:18.047449+00:00,recovery_scenario,iperf_tcp,80,7,,ryu_controller,395188,59.6,60321792
2026-04-24T21:44:18.088001+00:00,recovery_scenario,iperf_tcp,80,7,recovery_requested,,,,
2026-04-24T21:44:18.148080+00:00,recovery_scenario,iperf_tcp,80,7,,twin_core,395196,9.9,67309568
2026-04-24T21:44:18.148080+00:00,recovery_scenario,iperf_tcp,80,7,,ryu_controller,395188,49.8,60321792
2026-04-24T21:44:18.248598+00:00,recovery_scenario,iperf_tcp,80,7,,twin_core,395196,0.0,67309568
2026-04-24T21:44:18.248598+00:00,recovery_scenario,iperf_tcp,80,7,,ryu_controller,395188,9.9,60321792
2026-04-24T21:44:18.349026+00:00,recovery_scenario,iperf_tcp,80,7,,twin_core,395196,0.0,67309568
2026-04-24T21:44:18.349026+00:00,recovery_scenario,iperf_tcp,80,7,,ryu_controller,395188,29.9,60321792
2026-04-24T21:44:18.449444+00:00,recovery_scenario,iperf_tcp,80,7,,twin_core,395196,0.0,67309568
2026-04-24T21:44:18.449444+00:00,recovery_scenario,iperf_tcp,80,7,,ryu_controller,395188,29.9,60321792
2026-04-24T21:44:18.549943+00:00,recovery_scenario,iperf_tcp,80,7,,twin_core,395196,0.0,67309568
2026-04-24T21:44:18.549943+00:00,recovery_scenario,iperf_tcp,80,7,,ryu_controller,395188,69.6,60321792
2026-04-24T21:44:18.650494+00:00,recovery_scenario,iperf_tcp,80,7,,twin_core,395196,0.0,67309568
2026-04-24T21:44:18.650494+00:00,recovery_scenario,iperf_tcp,80,7,,ryu_controller,395188,99.3,60321792
2026-04-24T21:44:18.751156+00:00,recovery_scenario,iperf_tcp,80,7,,twin_core,395196,0.0,67309568
2026-04-24T21:44:18.751156+00:00,recovery_scenario,iperf_tcp,80,7,,ryu_controller,395188,99.2,60321792
2026-04-24T21:44:18.852284+00:00,recovery_scenario,iperf_tcp,80,7,,twin_core,395196,0.0,67309568
2026-04-24T21:44:18.852284+00:00,recovery_scenario,iperf_tcp,80,7,,ryu_controller,395188,98.7,60321792
2026-04-24T21:44:18.953468+00:00,recovery_scenario,iperf_tcp,80,7,,twin_core,395196,0.0,67309568
2026-04-24T21:44:18.953468+00:00,recovery_scenario,iperf_tcp,80,7,,ryu_controller,395188,99.2,60321792
2026-04-24T21:44:19.053980+00:00,recovery_scenario,iperf_tcp,80,7,,twin_core,395196,0.0,67309568
2026-04-24T21:44:19.053980+00:00,recovery_scenario,iperf_tcp,80,7,,ryu_controller,395188,99.3,60321792
2026-04-24T21:44:19.154820+00:00,recovery_scenario,iperf_tcp,80,7,,twin_core,395196,0.0,67309568
2026-04-24T21:44:19.154820+00:00,recovery_scenario,iperf_tcp,80,7,,ryu_controller,395188,99.5,60321792
2026-04-24T21:44:19.255256+00:00,recovery_scenario,iperf_tcp,80,7,,twin_core,395196,0.0,67309568
2026-04-24T21:44:19.255256+00:00,recovery_scenario,iperf_tcp,80,7,,ryu_controller,395188,99.4,60321792
2026-04-24T21:44:19.356192+00:00,recovery_scenario,iperf_tcp,80,7,,twin_core,395196,0.0,67309568
2026-04-24T21:44:19.356192+00:00,recovery_scenario,iperf_tcp,80,7,,ryu_controller,395188,108.0,60321792
2026-04-24T21:44:19.457917+00:00,recovery_scenario,iperf_tcp,80,7,,twin_core,395196,0.0,67309568
2026-04-24T21:44:19.457917+00:00,recovery_scenario,iperf_tcp,80,7,,ryu_controller,395188,89.4,60321792
2026-04-24T21:44:19.558570+00:00,recovery_scenario,iperf_tcp,80,7,,twin_core,395196,0.0,67309568
2026-04-24T21:44:19.558570+00:00,recovery_scenario,iperf_tcp,80,7,,ryu_controller,395188,19.8,60321792
2026-04-24T21:44:19.659322+00:00,recovery_scenario,iperf_tcp,80,7,,twin_core,395196,9.9,67309568
2026-04-24T21:44:19.659322+00:00,recovery_scenario,iperf_tcp,80,7,,ryu_controller,395188,9.9,60321792
2026-04-24T21:44:19.760075+00:00,recovery_scenario,iperf_tcp,80,7,,twin_core,395196,0.0,67309568
2026-04-24T21:44:19.760075+00:00,recovery_scenario,iperf_tcp,80,7,,ryu_controller,395188,19.9,60321792
2026-04-24T21:44:19.860749+00:00,recovery_scenario,iperf_tcp,80,7,,twin_core,395196,19.9,67313664
2026-04-24T21:44:19.860749+00:00,recovery_scenario,iperf_tcp,80,7,,ryu_controller,395188,39.7,60321792
2026-04-24T21:44:19.961388+00:00,recovery_scenario,iperf_tcp,80,7,,twin_core,395196,0.0,67313664
2026-04-24T21:44:19.961388+00:00,recovery_scenario,iperf_tcp,80,7,,ryu_controller,395188,9.8,60321792
2026-04-24T21:44:20.064219+00:00,recovery_scenario,iperf_tcp,80,7,,twin_core,395196,0.0,67313664
2026-04-24T21:44:20.064219+00:00,recovery_scenario,iperf_tcp,80,7,,ryu_controller,395188,0.0,60321792
2026-04-24T21:44:20.165674+00:00,recovery_scenario,iperf_tcp,80,7,,twin_core,395196,9.9,67313664
2026-04-24T21:44:20.165674+00:00,recovery_scenario,iperf_tcp,80,7,,ryu_controller,395188,59.3,60321792
2026-04-24T21:44:20.192200+00:00,recovery_scenario,iperf_tcp,80,7,scenario_teardown,,,,
2026-04-24T21:44:20.266664+00:00,recovery_scenario,iperf_tcp,80,7,,twin_core,395196,19.8,67313664
2026-04-24T21:44:20.266664+00:00,recovery_scenario,iperf_tcp,80,7,,ryu_controller,395188,29.8,60321792
2026-04-24T21:44:20.367176+00:00,recovery_scenario,iperf_tcp,80,7,,twin_core,395196,0.0,67313664
2026-04-24T21:44:20.367176+00:00,recovery_scenario,iperf_tcp,80,7,,ryu_controller,395188,0.0,60321792
2026-04-24T21:44:20.467813+00:00,recovery_scenario,iperf_tcp,80,7,,twin_core,395196,0.0,67313664
2026-04-24T21:44:20.467813+00:00,recovery_scenario,iperf_tcp,80,7,,ryu_controller,395188,19.9,60321792
2026-04-24T21:44:20.568201+00:00,recovery_scenario,iperf_tcp,80,7,,twin_core,395196,0.0,67313664
2026-04-24T21:44:20.568201+00:00,recovery_scenario,iperf_tcp,80,7,,ryu_controller,395188,10.0,60321792
2026-04-24T21:44:21.047415+00:00,recovery_scenario,iperf_tcp,80,8,,twin_core,395196,0.0,67313664
2026-04-24T21:44:21.047415+00:00,recovery_scenario,iperf_tcp,80,8,,ryu_controller,395188,0.0,60321792
2026-04-24T21:44:21.147830+00:00,recovery_scenario,iperf_tcp,80,8,,twin_core,395196,0.0,67317760
2026-04-24T21:44:21.147830+00:00,recovery_scenario,iperf_tcp,80,8,,ryu_controller,395188,39.8,60321792
2026-04-24T21:44:21.248386+00:00,recovery_scenario,iperf_tcp,80,8,,twin_core,395196,9.9,67317760
2026-04-24T21:44:21.248386+00:00,recovery_scenario,iperf_tcp,80,8,,ryu_controller,395188,29.9,60321792
2026-04-24T21:44:21.293514+00:00,recovery_scenario,iperf_tcp,80,8,service_started,,,,
2026-04-24T21:44:21.348788+00:00,recovery_scenario,iperf_tcp,80,8,,twin_core,395196,19.9,67321856
2026-04-24T21:44:21.348788+00:00,recovery_scenario,iperf_tcp,80,8,,ryu_controller,395188,39.8,60321792
2026-04-24T21:44:21.449193+00:00,recovery_scenario,iperf_tcp,80,8,,twin_core,395196,0.0,67321856
2026-04-24T21:44:21.449193+00:00,recovery_scenario,iperf_tcp,80,8,,ryu_controller,395188,0.0,60321792
2026-04-24T21:44:21.549622+00:00,recovery_scenario,iperf_tcp,80,8,,twin_core,395196,0.0,67321856
2026-04-24T21:44:21.549622+00:00,recovery_scenario,iperf_tcp,80,8,,ryu_controller,395188,49.7,60321792
2026-04-24T21:44:21.650161+00:00,recovery_scenario,iperf_tcp,80,8,,twin_core,395196,0.0,67321856
2026-04-24T21:44:21.650161+00:00,recovery_scenario,iperf_tcp,80,8,,ryu_controller,395188,19.9,60321792
2026-04-24T21:44:21.750535+00:00,recovery_scenario,iperf_tcp,80,8,,twin_core,395196,0.0,67321856
2026-04-24T21:44:21.750535+00:00,recovery_scenario,iperf_tcp,80,8,,ryu_controller,395188,29.9,60321792
2026-04-24T21:44:21.850969+00:00,recovery_scenario,iperf_tcp,80,8,,twin_core,395196,0.0,67321856
2026-04-24T21:44:21.850969+00:00,recovery_scenario,iperf_tcp,80,8,,ryu_controller,395188,10.0,60321792
2026-04-24T21:44:21.951325+00:00,recovery_scenario,iperf_tcp,80,8,,twin_core,395196,0.0,67321856
2026-04-24T21:44:21.951325+00:00,recovery_scenario,iperf_tcp,80,8,,ryu_controller,395188,10.0,60321792
2026-04-24T21:44:22.051857+00:00,recovery_scenario,iperf_tcp,80,8,,twin_core,395196,0.0,67321856
2026-04-24T21:44:22.051857+00:00,recovery_scenario,iperf_tcp,80,8,,ryu_controller,395188,10.0,60321792
2026-04-24T21:44:22.152273+00:00,recovery_scenario,iperf_tcp,80,8,,twin_core,395196,0.0,67321856
2026-04-24T21:44:22.152273+00:00,recovery_scenario,iperf_tcp,80,8,,ryu_controller,395188,19.9,60321792
2026-04-24T21:44:22.253660+00:00,recovery_scenario,iperf_tcp,80,8,,twin_core,395196,0.0,67321856
2026-04-24T21:44:22.253660+00:00,recovery_scenario,iperf_tcp,80,8,,ryu_controller,395188,9.9,60321792
2026-04-24T21:44:22.354148+00:00,recovery_scenario,iperf_tcp,80,8,,twin_core,395196,0.0,67321856
2026-04-24T21:44:22.354148+00:00,recovery_scenario,iperf_tcp,80,8,,ryu_controller,395188,10.0,60321792
2026-04-24T21:44:22.454586+00:00,recovery_scenario,iperf_tcp,80,8,,twin_core,395196,0.0,67321856
2026-04-24T21:44:22.454586+00:00,recovery_scenario,iperf_tcp,80,8,,ryu_controller,395188,0.0,60321792
2026-04-24T21:44:22.555687+00:00,recovery_scenario,iperf_tcp,80,8,,twin_core,395196,9.9,67321856
2026-04-24T21:44:22.555687+00:00,recovery_scenario,iperf_tcp,80,8,,ryu_controller,395188,39.5,60321792
2026-04-24T21:44:22.656247+00:00,recovery_scenario,iperf_tcp,80,8,,twin_core,395196,0.0,67321856
2026-04-24T21:44:22.656247+00:00,recovery_scenario,iperf_tcp,80,8,,ryu_controller,395188,29.9,60321792
2026-04-24T21:44:22.756728+00:00,recovery_scenario,iperf_tcp,80,8,,twin_core,395196,0.0,67321856
2026-04-24T21:44:22.756728+00:00,recovery_scenario,iperf_tcp,80,8,,ryu_controller,395188,29.9,60321792
2026-04-24T21:44:22.857125+00:00,recovery_scenario,iperf_tcp,80,8,,twin_core,395196,0.0,67321856
2026-04-24T21:44:22.857125+00:00,recovery_scenario,iperf_tcp,80,8,,ryu_controller,395188,19.9,60321792
2026-04-24T21:44:22.957488+00:00,recovery_scenario,iperf_tcp,80,8,,twin_core,395196,0.0,67321856
2026-04-24T21:44:22.957488+00:00,recovery_scenario,iperf_tcp,80,8,,ryu_controller,395188,19.9,60321792
2026-04-24T21:44:23.057878+00:00,recovery_scenario,iperf_tcp,80,8,,twin_core,395196,0.0,67321856
2026-04-24T21:44:23.057878+00:00,recovery_scenario,iperf_tcp,80,8,,ryu_controller,395188,10.0,60321792
2026-04-24T21:44:23.165633+00:00,recovery_scenario,iperf_tcp,80,8,,twin_core,395196,0.0,67321856
2026-04-24T21:44:23.165633+00:00,recovery_scenario,iperf_tcp,80,8,,ryu_controller,395188,9.3,60321792
2026-04-24T21:44:23.269741+00:00,recovery_scenario,iperf_tcp,80,8,,twin_core,395196,0.0,67321856
2026-04-24T21:44:23.269741+00:00,recovery_scenario,iperf_tcp,80,8,,ryu_controller,395188,9.6,60321792
2026-04-24T21:44:23.370959+00:00,recovery_scenario,iperf_tcp,80,8,,twin_core,395196,0.0,67321856
2026-04-24T21:44:23.370959+00:00,recovery_scenario,iperf_tcp,80,8,,ryu_controller,395188,39.6,60321792
2026-04-24T21:44:23.471495+00:00,recovery_scenario,iperf_tcp,80,8,,twin_core,395196,9.9,67325952
2026-04-24T21:44:23.471495+00:00,recovery_scenario,iperf_tcp,80,8,,ryu_controller,395188,19.9,60321792
2026-04-24T21:44:23.572044+00:00,recovery_scenario,iperf_tcp,80,8,,twin_core,395196,0.0,67325952
2026-04-24T21:44:23.572044+00:00,recovery_scenario,iperf_tcp,80,8,,ryu_controller,395188,59.7,60321792
2026-04-24T21:44:23.672443+00:00,recovery_scenario,iperf_tcp,80,8,,twin_core,395196,0.0,67325952
2026-04-24T21:44:23.672443+00:00,recovery_scenario,iperf_tcp,80,8,,ryu_controller,395188,10.0,60321792
2026-04-24T21:44:23.772998+00:00,recovery_scenario,iperf_tcp,80,8,,twin_core,395196,0.0,67325952
2026-04-24T21:44:23.772998+00:00,recovery_scenario,iperf_tcp,80,8,,ryu_controller,395188,9.9,60321792
2026-04-24T21:44:23.873651+00:00,recovery_scenario,iperf_tcp,80,8,,twin_core,395196,9.9,67325952
2026-04-24T21:44:23.873651+00:00,recovery_scenario,iperf_tcp,80,8,,ryu_controller,395188,19.9,60321792
2026-04-24T21:44:23.974108+00:00,recovery_scenario,iperf_tcp,80,8,,twin_core,395196,0.0,67325952
2026-04-24T21:44:23.974108+00:00,recovery_scenario,iperf_tcp,80,8,,ryu_controller,395188,10.0,60321792
2026-04-24T21:44:24.074543+00:00,recovery_scenario,iperf_tcp,80,8,,twin_core,395196,0.0,67325952
2026-04-24T21:44:24.074543+00:00,recovery_scenario,iperf_tcp,80,8,,ryu_controller,395188,0.0,60321792
2026-04-24T21:44:24.175014+00:00,recovery_scenario,iperf_tcp,80,8,,twin_core,395196,0.0,67325952
2026-04-24T21:44:24.175014+00:00,recovery_scenario,iperf_tcp,80,8,,ryu_controller,395188,19.9,60321792
2026-04-24T21:44:24.275503+00:00,recovery_scenario,iperf_tcp,80,8,,twin_core,395196,0.0,67325952
2026-04-24T21:44:24.275503+00:00,recovery_scenario,iperf_tcp,80,8,,ryu_controller,395188,19.9,60321792
2026-04-24T21:44:24.376070+00:00,recovery_scenario,iperf_tcp,80,8,,twin_core,395196,0.0,67325952
2026-04-24T21:44:24.376070+00:00,recovery_scenario,iperf_tcp,80,8,,ryu_controller,395188,0.0,60321792
2026-04-24T21:44:24.477543+00:00,recovery_scenario,iperf_tcp,80,8,,twin_core,395196,0.0,67325952
2026-04-24T21:44:24.477543+00:00,recovery_scenario,iperf_tcp,80,8,,ryu_controller,395188,9.8,60321792
2026-04-24T21:44:24.578102+00:00,recovery_scenario,iperf_tcp,80,8,,twin_core,395196,0.0,67325952
2026-04-24T21:44:24.578102+00:00,recovery_scenario,iperf_tcp,80,8,,ryu_controller,395188,9.9,60321792
2026-04-24T21:44:24.678722+00:00,recovery_scenario,iperf_tcp,80,8,,twin_core,395196,9.9,67325952
2026-04-24T21:44:24.678722+00:00,recovery_scenario,iperf_tcp,80,8,,ryu_controller,395188,9.9,60321792
2026-04-24T21:44:24.780091+00:00,recovery_scenario,iperf_tcp,80,8,,twin_core,395196,0.0,67325952
2026-04-24T21:44:24.780091+00:00,recovery_scenario,iperf_tcp,80,8,,ryu_controller,395188,9.9,60321792
2026-04-24T21:44:24.881225+00:00,recovery_scenario,iperf_tcp,80,8,,twin_core,395196,0.0,67325952
2026-04-24T21:44:24.881225+00:00,recovery_scenario,iperf_tcp,80,8,,ryu_controller,395188,9.9,60321792
2026-04-24T21:44:24.981693+00:00,recovery_scenario,iperf_tcp,80,8,,twin_core,395196,0.0,67325952
2026-04-24T21:44:24.981693+00:00,recovery_scenario,iperf_tcp,80,8,,ryu_controller,395188,10.0,60321792
2026-04-24T21:44:25.082165+00:00,recovery_scenario,iperf_tcp,80,8,,twin_core,395196,0.0,67325952
2026-04-24T21:44:25.082165+00:00,recovery_scenario,iperf_tcp,80,8,,ryu_controller,395188,0.0,60321792
2026-04-24T21:44:25.182591+00:00,recovery_scenario,iperf_tcp,80,8,,twin_core,395196,0.0,67325952
2026-04-24T21:44:25.182591+00:00,recovery_scenario,iperf_tcp,80,8,,ryu_controller,395188,10.0,60321792
2026-04-24T21:44:25.283032+00:00,recovery_scenario,iperf_tcp,80,8,,twin_core,395196,0.0,67325952
2026-04-24T21:44:25.283032+00:00,recovery_scenario,iperf_tcp,80,8,,ryu_controller,395188,10.0,60321792
2026-04-24T21:44:25.383383+00:00,recovery_scenario,iperf_tcp,80,8,,twin_core,395196,0.0,67325952
2026-04-24T21:44:25.383383+00:00,recovery_scenario,iperf_tcp,80,8,,ryu_controller,395188,10.0,60321792
2026-04-24T21:44:25.488252+00:00,recovery_scenario,iperf_tcp,80,8,,twin_core,395196,9.5,67379200
2026-04-24T21:44:25.488252+00:00,recovery_scenario,iperf_tcp,80,8,,ryu_controller,395188,57.2,60321792
2026-04-24T21:44:25.588812+00:00,recovery_scenario,iperf_tcp,80,8,,twin_core,395196,0.0,67379200
2026-04-24T21:44:25.588812+00:00,recovery_scenario,iperf_tcp,80,8,,ryu_controller,395188,19.9,60321792
2026-04-24T21:44:25.689303+00:00,recovery_scenario,iperf_tcp,80,8,,twin_core,395196,0.0,67379200
2026-04-24T21:44:25.689303+00:00,recovery_scenario,iperf_tcp,80,8,,ryu_controller,395188,59.7,60321792
2026-04-24T21:44:25.793897+00:00,recovery_scenario,iperf_tcp,80,8,,twin_core,395196,0.0,67379200
2026-04-24T21:44:25.793897+00:00,recovery_scenario,iperf_tcp,80,8,,ryu_controller,395188,9.6,60321792
2026-04-24T21:44:25.894405+00:00,recovery_scenario,iperf_tcp,80,8,,twin_core,395196,0.0,67379200
2026-04-24T21:44:25.894405+00:00,recovery_scenario,iperf_tcp,80,8,,ryu_controller,395188,19.9,60321792
2026-04-24T21:44:25.995327+00:00,recovery_scenario,iperf_tcp,80,8,,twin_core,395196,9.9,67379200
2026-04-24T21:44:25.995327+00:00,recovery_scenario,iperf_tcp,80,8,,ryu_controller,395188,0.0,60321792
2026-04-24T21:44:26.096481+00:00,recovery_scenario,iperf_tcp,80,8,,twin_core,395196,0.0,67379200
2026-04-24T21:44:26.096481+00:00,recovery_scenario,iperf_tcp,80,8,,ryu_controller,395188,19.7,60321792
2026-04-24T21:44:26.197860+00:00,recovery_scenario,iperf_tcp,80,8,,twin_core,395196,9.9,67379200
2026-04-24T21:44:26.197860+00:00,recovery_scenario,iperf_tcp,80,8,,ryu_controller,395188,29.3,60321792
2026-04-24T21:44:26.300156+00:00,recovery_scenario,iperf_tcp,80,8,,twin_core,395196,0.0,67379200
2026-04-24T21:44:26.300156+00:00,recovery_scenario,iperf_tcp,80,8,,ryu_controller,395188,9.9,60321792
2026-04-24T21:44:26.400619+00:00,recovery_scenario,iperf_tcp,80,8,,twin_core,395196,0.0,67379200
2026-04-24T21:44:26.400619+00:00,recovery_scenario,iperf_tcp,80,8,,ryu_controller,395188,19.9,60321792
2026-04-24T21:44:26.501447+00:00,recovery_scenario,iperf_tcp,80,8,,twin_core,395196,0.0,67379200
2026-04-24T21:44:26.501447+00:00,recovery_scenario,iperf_tcp,80,8,,ryu_controller,395188,9.9,60321792
2026-04-24T21:44:26.602036+00:00,recovery_scenario,iperf_tcp,80,8,,twin_core,395196,0.0,67379200
2026-04-24T21:44:26.602036+00:00,recovery_scenario,iperf_tcp,80,8,,ryu_controller,395188,19.9,60321792
2026-04-24T21:44:26.702471+00:00,recovery_scenario,iperf_tcp,80,8,,twin_core,395196,0.0,67379200
2026-04-24T21:44:26.702471+00:00,recovery_scenario,iperf_tcp,80,8,,ryu_controller,395188,19.9,60321792
2026-04-24T21:44:26.803474+00:00,recovery_scenario,iperf_tcp,80,8,,twin_core,395196,0.0,67379200
2026-04-24T21:44:26.803474+00:00,recovery_scenario,iperf_tcp,80,8,,ryu_controller,395188,0.0,60321792
2026-04-24T21:44:26.905244+00:00,recovery_scenario,iperf_tcp,80,8,,twin_core,395196,0.0,67379200
2026-04-24T21:44:26.905244+00:00,recovery_scenario,iperf_tcp,80,8,,ryu_controller,395188,9.8,60321792
2026-04-24T21:44:27.005770+00:00,recovery_scenario,iperf_tcp,80,8,,twin_core,395196,0.0,67379200
2026-04-24T21:44:27.005770+00:00,recovery_scenario,iperf_tcp,80,8,,ryu_controller,395188,19.9,60321792
2026-04-24T21:44:27.102662+00:00,recovery_scenario,iperf_tcp,80,8,pingall_completed,,,,
2026-04-24T21:44:27.114208+00:00,recovery_scenario,iperf_tcp,80,8,,twin_core,395196,9.2,67379200
2026-04-24T21:44:27.114208+00:00,recovery_scenario,iperf_tcp,80,8,,ryu_controller,395188,0.0,60321792
2026-04-24T21:44:27.228291+00:00,recovery_scenario,iperf_tcp,80,8,,twin_core,395196,0.0,67379200
2026-04-24T21:44:27.228291+00:00,recovery_scenario,iperf_tcp,80,8,,ryu_controller,395188,0.0,60321792
2026-04-24T21:44:27.330197+00:00,recovery_scenario,iperf_tcp,80,8,,twin_core,395196,0.0,67379200
2026-04-24T21:44:27.330197+00:00,recovery_scenario,iperf_tcp,80,8,,ryu_controller,395188,9.8,60321792
2026-04-24T21:44:27.430740+00:00,recovery_scenario,iperf_tcp,80,8,,twin_core,395196,0.0,67379200
2026-04-24T21:44:27.430740+00:00,recovery_scenario,iperf_tcp,80,8,,ryu_controller,395188,0.0,60321792
2026-04-24T21:44:27.531393+00:00,recovery_scenario,iperf_tcp,80,8,,twin_core,395196,19.9,67379200
2026-04-24T21:44:27.531393+00:00,recovery_scenario,iperf_tcp,80,8,,ryu_controller,395188,49.8,60321792
2026-04-24T21:44:27.632483+00:00,recovery_scenario,iperf_tcp,80,8,,twin_core,395196,9.9,67395584
2026-04-24T21:44:27.632483+00:00,recovery_scenario,iperf_tcp,80,8,,ryu_controller,395188,49.3,60321792
2026-04-24T21:44:27.733147+00:00,recovery_scenario,iperf_tcp,80,8,,twin_core,395196,0.0,67395584
2026-04-24T21:44:27.733147+00:00,recovery_scenario,iperf_tcp,80,8,,ryu_controller,395188,49.8,60321792
2026-04-24T21:44:27.834008+00:00,recovery_scenario,iperf_tcp,80,8,,twin_core,395196,0.0,67395584
2026-04-24T21:44:27.834008+00:00,recovery_scenario,iperf_tcp,80,8,,ryu_controller,395188,19.8,60338176
2026-04-24T21:44:27.937437+00:00,recovery_scenario,iperf_tcp,80,8,,twin_core,395196,0.0,67395584
2026-04-24T21:44:27.937437+00:00,recovery_scenario,iperf_tcp,80,8,,ryu_controller,395188,0.0,60338176
2026-04-24T21:44:28.043104+00:00,recovery_scenario,iperf_tcp,80,8,,twin_core,395196,0.0,67395584
2026-04-24T21:44:28.043104+00:00,recovery_scenario,iperf_tcp,80,8,,ryu_controller,395188,0.0,60338176
2026-04-24T21:44:28.143962+00:00,recovery_scenario,iperf_tcp,80,8,,twin_core,395196,0.0,67395584
2026-04-24T21:44:28.143962+00:00,recovery_scenario,iperf_tcp,80,8,,ryu_controller,395188,0.0,60338176
2026-04-24T21:44:28.244941+00:00,recovery_scenario,iperf_tcp,80,8,,twin_core,395196,9.9,67395584
2026-04-24T21:44:28.244941+00:00,recovery_scenario,iperf_tcp,80,8,,ryu_controller,395188,0.0,60338176
2026-04-24T21:44:28.345677+00:00,recovery_scenario,iperf_tcp,80,8,,twin_core,395196,0.0,67395584
2026-04-24T21:44:28.345677+00:00,recovery_scenario,iperf_tcp,80,8,,ryu_controller,395188,0.0,60338176
2026-04-24T21:44:28.446308+00:00,recovery_scenario,iperf_tcp,80,8,,twin_core,395196,0.0,67395584
2026-04-24T21:44:28.446308+00:00,recovery_scenario,iperf_tcp,80,8,,ryu_controller,395188,9.9,60338176
2026-04-24T21:44:28.546812+00:00,recovery_scenario,iperf_tcp,80,8,,twin_core,395196,0.0,67395584
2026-04-24T21:44:28.546812+00:00,recovery_scenario,iperf_tcp,80,8,,ryu_controller,395188,0.0,60338176
2026-04-24T21:44:28.647250+00:00,recovery_scenario,iperf_tcp,80,8,,twin_core,395196,0.0,67395584
2026-04-24T21:44:28.647250+00:00,recovery_scenario,iperf_tcp,80,8,,ryu_controller,395188,0.0,60338176
2026-04-24T21:44:28.747861+00:00,recovery_scenario,iperf_tcp,80,8,,twin_core,395196,0.0,67395584
2026-04-24T21:44:28.747861+00:00,recovery_scenario,iperf_tcp,80,8,,ryu_controller,395188,9.9,60338176
2026-04-24T21:44:28.848872+00:00,recovery_scenario,iperf_tcp,80,8,,twin_core,395196,0.0,67395584
2026-04-24T21:44:28.848872+00:00,recovery_scenario,iperf_tcp,80,8,,ryu_controller,395188,0.0,60338176
2026-04-24T21:44:28.949582+00:00,recovery_scenario,iperf_tcp,80,8,,twin_core,395196,0.0,67395584
2026-04-24T21:44:28.949582+00:00,recovery_scenario,iperf_tcp,80,8,,ryu_controller,395188,9.9,60338176
2026-04-24T21:44:29.050371+00:00,recovery_scenario,iperf_tcp,80,8,,twin_core,395196,0.0,67395584
2026-04-24T21:44:29.050371+00:00,recovery_scenario,iperf_tcp,80,8,,ryu_controller,395188,0.0,60338176
2026-04-24T21:44:29.137808+00:00,recovery_scenario,iperf_tcp,80,8,background_traffic_started,,,,
2026-04-24T21:44:29.151637+00:00,recovery_scenario,iperf_tcp,80,8,,twin_core,395196,9.9,67395584
2026-04-24T21:44:29.151637+00:00,recovery_scenario,iperf_tcp,80,8,,ryu_controller,395188,9.8,60338176
2026-04-24T21:44:29.253585+00:00,recovery_scenario,iperf_tcp,80,8,,twin_core,395196,0.0,67395584
2026-04-24T21:44:29.253585+00:00,recovery_scenario,iperf_tcp,80,8,,ryu_controller,395188,69.1,60338176
2026-04-24T21:44:29.305097+00:00,recovery_scenario,iperf_tcp,80,8,fault_injected,,,,
2026-04-24T21:44:29.355400+00:00,recovery_scenario,iperf_tcp,80,8,,twin_core,395196,9.9,67399680
2026-04-24T21:44:29.355400+00:00,recovery_scenario,iperf_tcp,80,8,,ryu_controller,395188,39.6,60342272
2026-04-24T21:44:29.455840+00:00,recovery_scenario,iperf_tcp,80,8,,twin_core,395196,0.0,67399680
2026-04-24T21:44:29.455840+00:00,recovery_scenario,iperf_tcp,80,8,,ryu_controller,395188,79.6,60342272
2026-04-24T21:44:29.556316+00:00,recovery_scenario,iperf_tcp,80,8,,twin_core,395196,0.0,67399680
2026-04-24T21:44:29.556316+00:00,recovery_scenario,iperf_tcp,80,8,,ryu_controller,395188,99.5,60342272
2026-04-24T21:44:29.657234+00:00,recovery_scenario,iperf_tcp,80,8,,twin_core,395196,19.8,67399680
2026-04-24T21:44:29.657234+00:00,recovery_scenario,iperf_tcp,80,8,,ryu_controller,395188,99.1,60342272
2026-04-24T21:44:29.757878+00:00,recovery_scenario,iperf_tcp,80,8,,twin_core,395196,0.0,67399680
2026-04-24T21:44:29.757878+00:00,recovery_scenario,iperf_tcp,80,8,,ryu_controller,395188,89.5,60342272
2026-04-24T21:44:29.858206+00:00,recovery_scenario,iperf_tcp,80,8,,twin_core,395196,0.0,67399680
2026-04-24T21:44:29.858206+00:00,recovery_scenario,iperf_tcp,80,8,,ryu_controller,395188,109.6,60342272
2026-04-24T21:44:29.958607+00:00,recovery_scenario,iperf_tcp,80,8,,twin_core,395196,0.0,67399680
2026-04-24T21:44:29.958607+00:00,recovery_scenario,iperf_tcp,80,8,,ryu_controller,395188,89.5,60346368
2026-04-24T21:44:30.059260+00:00,recovery_scenario,iperf_tcp,80,8,,twin_core,395196,0.0,67399680
2026-04-24T21:44:30.059260+00:00,recovery_scenario,iperf_tcp,80,8,,ryu_controller,395188,109.4,60346368
2026-04-24T21:44:30.159773+00:00,recovery_scenario,iperf_tcp,80,8,,twin_core,395196,0.0,67399680
2026-04-24T21:44:30.159773+00:00,recovery_scenario,iperf_tcp,80,8,,ryu_controller,395188,89.5,60346368
2026-04-24T21:44:30.260415+00:00,recovery_scenario,iperf_tcp,80,8,,twin_core,395196,9.9,67399680
2026-04-24T21:44:30.260415+00:00,recovery_scenario,iperf_tcp,80,8,,ryu_controller,395188,79.1,60346368
2026-04-24T21:44:30.361395+00:00,recovery_scenario,iperf_tcp,80,8,,twin_core,395196,9.9,67399680
2026-04-24T21:44:30.361395+00:00,recovery_scenario,iperf_tcp,80,8,,ryu_controller,395188,39.6,60346368
2026-04-24T21:44:30.413481+00:00,recovery_scenario,iperf_tcp,80,8,recovery_requested,,,,
2026-04-24T21:44:30.462555+00:00,recovery_scenario,iperf_tcp,80,8,,twin_core,395196,9.9,67399680
2026-04-24T21:44:30.462555+00:00,recovery_scenario,iperf_tcp,80,8,,ryu_controller,395188,39.5,60346368
2026-04-24T21:44:30.563829+00:00,recovery_scenario,iperf_tcp,80,8,,twin_core,395196,0.0,67399680
2026-04-24T21:44:30.563829+00:00,recovery_scenario,iperf_tcp,80,8,,ryu_controller,395188,39.8,60346368
2026-04-24T21:44:30.664431+00:00,recovery_scenario,iperf_tcp,80,8,,twin_core,395196,0.0,67399680
2026-04-24T21:44:30.664431+00:00,recovery_scenario,iperf_tcp,80,8,,ryu_controller,395188,29.7,60346368
2026-04-24T21:44:30.766290+00:00,recovery_scenario,iperf_tcp,80,8,,twin_core,395196,9.8,67399680
2026-04-24T21:44:30.766290+00:00,recovery_scenario,iperf_tcp,80,8,,ryu_controller,395188,19.7,60346368
2026-04-24T21:44:30.866867+00:00,recovery_scenario,iperf_tcp,80,8,,twin_core,395196,0.0,67399680
2026-04-24T21:44:30.866867+00:00,recovery_scenario,iperf_tcp,80,8,,ryu_controller,395188,49.6,60346368
2026-04-24T21:44:30.967470+00:00,recovery_scenario,iperf_tcp,80,8,,twin_core,395196,0.0,67399680
2026-04-24T21:44:30.967470+00:00,recovery_scenario,iperf_tcp,80,8,,ryu_controller,395188,49.6,60346368
2026-04-24T21:44:31.068109+00:00,recovery_scenario,iperf_tcp,80,8,,twin_core,395196,0.0,67399680
2026-04-24T21:44:31.068109+00:00,recovery_scenario,iperf_tcp,80,8,,ryu_controller,395188,99.6,60346368
2026-04-24T21:44:31.168558+00:00,recovery_scenario,iperf_tcp,80,8,,twin_core,395196,0.0,67399680
2026-04-24T21:44:31.168558+00:00,recovery_scenario,iperf_tcp,80,8,,ryu_controller,395188,99.5,60346368
2026-04-24T21:44:31.269164+00:00,recovery_scenario,iperf_tcp,80,8,,twin_core,395196,0.0,67399680
2026-04-24T21:44:31.269164+00:00,recovery_scenario,iperf_tcp,80,8,,ryu_controller,395188,99.5,60346368
2026-04-24T21:44:31.369651+00:00,recovery_scenario,iperf_tcp,80,8,,twin_core,395196,0.0,67399680
2026-04-24T21:44:31.369651+00:00,recovery_scenario,iperf_tcp,80,8,,ryu_controller,395188,99.4,60346368
2026-04-24T21:44:31.470432+00:00,recovery_scenario,iperf_tcp,80,8,,twin_core,395196,0.0,67399680
2026-04-24T21:44:31.470432+00:00,recovery_scenario,iperf_tcp,80,8,,ryu_controller,395188,89.4,60346368
2026-04-24T21:44:31.571530+00:00,recovery_scenario,iperf_tcp,80,8,,twin_core,395196,0.0,67399680
2026-04-24T21:44:31.571530+00:00,recovery_scenario,iperf_tcp,80,8,,ryu_controller,395188,107.9,60346368
2026-04-24T21:44:31.673332+00:00,recovery_scenario,iperf_tcp,80,8,,twin_core,395196,0.0,67399680
2026-04-24T21:44:31.673332+00:00,recovery_scenario,iperf_tcp,80,8,,ryu_controller,395188,99.0,60346368
2026-04-24T21:44:31.773883+00:00,recovery_scenario,iperf_tcp,80,8,,twin_core,395196,0.0,67399680
2026-04-24T21:44:31.773883+00:00,recovery_scenario,iperf_tcp,80,8,,ryu_controller,395188,99.2,60346368
2026-04-24T21:44:31.874598+00:00,recovery_scenario,iperf_tcp,80,8,,twin_core,395196,0.0,67399680
2026-04-24T21:44:31.874598+00:00,recovery_scenario,iperf_tcp,80,8,,ryu_controller,395188,99.2,60346368
2026-04-24T21:44:31.975359+00:00,recovery_scenario,iperf_tcp,80,8,,twin_core,395196,0.0,67399680
2026-04-24T21:44:31.975359+00:00,recovery_scenario,iperf_tcp,80,8,,ryu_controller,395188,99.5,60346368
2026-04-24T21:44:32.075940+00:00,recovery_scenario,iperf_tcp,80,8,,twin_core,395196,0.0,67399680
2026-04-24T21:44:32.075940+00:00,recovery_scenario,iperf_tcp,80,8,,ryu_controller,395188,29.8,60346368
2026-04-24T21:44:32.176356+00:00,recovery_scenario,iperf_tcp,80,8,,twin_core,395196,10.0,67399680
2026-04-24T21:44:32.176356+00:00,recovery_scenario,iperf_tcp,80,8,,ryu_controller,395188,10.0,60346368
2026-04-24T21:44:32.276871+00:00,recovery_scenario,iperf_tcp,80,8,,twin_core,395196,0.0,67399680
2026-04-24T21:44:32.276871+00:00,recovery_scenario,iperf_tcp,80,8,,ryu_controller,395188,39.4,60346368
2026-04-24T21:44:32.380949+00:00,recovery_scenario,iperf_tcp,80,8,,twin_core,395196,19.2,67411968
2026-04-24T21:44:32.380949+00:00,recovery_scenario,iperf_tcp,80,8,,ryu_controller,395188,86.9,60346368
2026-04-24T21:44:32.481744+00:00,recovery_scenario,iperf_tcp,80,8,,twin_core,395196,19.8,67411968
2026-04-24T21:44:32.481744+00:00,recovery_scenario,iperf_tcp,80,8,,ryu_controller,395188,39.8,60346368
2026-04-24T21:44:32.514110+00:00,recovery_scenario,iperf_tcp,80,8,scenario_teardown,,,,
2026-04-24T21:44:32.583257+00:00,recovery_scenario,iperf_tcp,80,8,,twin_core,395196,9.8,67411968
2026-04-24T21:44:32.583257+00:00,recovery_scenario,iperf_tcp,80,8,,ryu_controller,395188,39.4,60346368
2026-04-24T21:44:32.684114+00:00,recovery_scenario,iperf_tcp,80,8,,twin_core,395196,0.0,67411968
2026-04-24T21:44:32.684114+00:00,recovery_scenario,iperf_tcp,80,8,,ryu_controller,395188,9.9,60346368
2026-04-24T21:44:32.785187+00:00,recovery_scenario,iperf_tcp,80,8,,twin_core,395196,0.0,67411968
2026-04-24T21:44:32.785187+00:00,recovery_scenario,iperf_tcp,80,8,,ryu_controller,395188,10.0,60346368
2026-04-24T21:44:32.885571+00:00,recovery_scenario,iperf_tcp,80,8,,twin_core,395196,0.0,67411968
2026-04-24T21:44:32.885571+00:00,recovery_scenario,iperf_tcp,80,8,,ryu_controller,395188,9.9,60346368
2026-04-24T21:44:33.427828+00:00,recovery_scenario,iperf_tcp,80,9,,twin_core,395196,0.0,67411968
2026-04-24T21:44:33.427828+00:00,recovery_scenario,iperf_tcp,80,9,,ryu_controller,395188,0.0,60346368
2026-04-24T21:44:33.528489+00:00,recovery_scenario,iperf_tcp,80,9,,twin_core,395196,9.9,67411968
2026-04-24T21:44:33.528489+00:00,recovery_scenario,iperf_tcp,80,9,,ryu_controller,395188,39.7,60346368
2026-04-24T21:44:33.629087+00:00,recovery_scenario,iperf_tcp,80,9,,twin_core,395196,9.9,67411968
2026-04-24T21:44:33.629087+00:00,recovery_scenario,iperf_tcp,80,9,,ryu_controller,395188,9.9,60346368
2026-04-24T21:44:33.679024+00:00,recovery_scenario,iperf_tcp,80,9,service_started,,,,
2026-04-24T21:44:33.729620+00:00,recovery_scenario,iperf_tcp,80,9,,twin_core,395196,9.9,67411968
2026-04-24T21:44:33.729620+00:00,recovery_scenario,iperf_tcp,80,9,,ryu_controller,395188,39.8,60346368
2026-04-24T21:44:33.830142+00:00,recovery_scenario,iperf_tcp,80,9,,twin_core,395196,0.0,67411968
2026-04-24T21:44:33.830142+00:00,recovery_scenario,iperf_tcp,80,9,,ryu_controller,395188,19.9,60346368
2026-04-24T21:44:33.930609+00:00,recovery_scenario,iperf_tcp,80,9,,twin_core,395196,0.0,67411968
2026-04-24T21:44:33.930609+00:00,recovery_scenario,iperf_tcp,80,9,,ryu_controller,395188,10.0,60346368
2026-04-24T21:44:34.031107+00:00,recovery_scenario,iperf_tcp,80,9,,twin_core,395196,0.0,67411968
2026-04-24T21:44:34.031107+00:00,recovery_scenario,iperf_tcp,80,9,,ryu_controller,395188,39.8,60346368
2026-04-24T21:44:34.131487+00:00,recovery_scenario,iperf_tcp,80,9,,twin_core,395196,0.0,67411968
2026-04-24T21:44:34.131487+00:00,recovery_scenario,iperf_tcp,80,9,,ryu_controller,395188,19.9,60346368
2026-04-24T21:44:34.233949+00:00,recovery_scenario,iperf_tcp,80,9,,twin_core,395196,0.0,67411968
2026-04-24T21:44:34.233949+00:00,recovery_scenario,iperf_tcp,80,9,,ryu_controller,395188,9.8,60346368
2026-04-24T21:44:34.334314+00:00,recovery_scenario,iperf_tcp,80,9,,twin_core,395196,0.0,67411968
2026-04-24T21:44:34.334314+00:00,recovery_scenario,iperf_tcp,80,9,,ryu_controller,395188,10.0,60346368
2026-04-24T21:44:34.434740+00:00,recovery_scenario,iperf_tcp,80,9,,twin_core,395196,0.0,67411968
2026-04-24T21:44:34.434740+00:00,recovery_scenario,iperf_tcp,80,9,,ryu_controller,395188,49.8,60346368
2026-04-24T21:44:34.535901+00:00,recovery_scenario,iperf_tcp,80,9,,twin_core,395196,0.0,67411968
2026-04-24T21:44:34.535901+00:00,recovery_scenario,iperf_tcp,80,9,,ryu_controller,395188,19.8,60346368
2026-04-24T21:44:34.636340+00:00,recovery_scenario,iperf_tcp,80,9,,twin_core,395196,0.0,67411968
2026-04-24T21:44:34.636340+00:00,recovery_scenario,iperf_tcp,80,9,,ryu_controller,395188,10.0,60346368
2026-04-24T21:44:34.736782+00:00,recovery_scenario,iperf_tcp,80,9,,twin_core,395196,0.0,67411968
2026-04-24T21:44:34.736782+00:00,recovery_scenario,iperf_tcp,80,9,,ryu_controller,395188,29.9,60346368
2026-04-24T21:44:34.837162+00:00,recovery_scenario,iperf_tcp,80,9,,twin_core,395196,0.0,67411968
2026-04-24T21:44:34.837162+00:00,recovery_scenario,iperf_tcp,80,9,,ryu_controller,395188,10.0,60346368
2026-04-24T21:44:34.938546+00:00,recovery_scenario,iperf_tcp,80,9,,twin_core,395196,9.9,67411968
2026-04-24T21:44:34.938546+00:00,recovery_scenario,iperf_tcp,80,9,,ryu_controller,395188,9.8,60346368
2026-04-24T21:44:35.039138+00:00,recovery_scenario,iperf_tcp,80,9,,twin_core,395196,0.0,67411968
2026-04-24T21:44:35.039138+00:00,recovery_scenario,iperf_tcp,80,9,,ryu_controller,395188,19.9,60346368
2026-04-24T21:44:35.143992+00:00,recovery_scenario,iperf_tcp,80,9,,twin_core,395196,0.0,67411968
2026-04-24T21:44:35.143992+00:00,recovery_scenario,iperf_tcp,80,9,,ryu_controller,395188,19.1,60346368
2026-04-24T21:44:35.244406+00:00,recovery_scenario,iperf_tcp,80,9,,twin_core,395196,0.0,67411968
2026-04-24T21:44:35.244406+00:00,recovery_scenario,iperf_tcp,80,9,,ryu_controller,395188,19.9,60346368
2026-04-24T21:44:35.345361+00:00,recovery_scenario,iperf_tcp,80,9,,twin_core,395196,0.0,67411968
2026-04-24T21:44:35.345361+00:00,recovery_scenario,iperf_tcp,80,9,,ryu_controller,395188,9.9,60346368
2026-04-24T21:44:35.446283+00:00,recovery_scenario,iperf_tcp,80,9,,twin_core,395196,0.0,67411968
2026-04-24T21:44:35.446283+00:00,recovery_scenario,iperf_tcp,80,9,,ryu_controller,395188,39.7,60346368
2026-04-24T21:44:35.546677+00:00,recovery_scenario,iperf_tcp,80,9,,twin_core,395196,0.0,67411968
2026-04-24T21:44:35.546677+00:00,recovery_scenario,iperf_tcp,80,9,,ryu_controller,395188,19.9,60346368
2026-04-24T21:44:35.651749+00:00,recovery_scenario,iperf_tcp,80,9,,twin_core,395196,0.0,67411968
2026-04-24T21:44:35.651749+00:00,recovery_scenario,iperf_tcp,80,9,,ryu_controller,395188,9.5,60346368
2026-04-24T21:44:35.754847+00:00,recovery_scenario,iperf_tcp,80,9,,twin_core,395196,0.0,67411968
2026-04-24T21:44:35.754847+00:00,recovery_scenario,iperf_tcp,80,9,,ryu_controller,395188,9.7,60346368
2026-04-24T21:44:35.855187+00:00,recovery_scenario,iperf_tcp,80,9,,twin_core,395196,10.0,67411968
2026-04-24T21:44:35.855187+00:00,recovery_scenario,iperf_tcp,80,9,,ryu_controller,395188,39.8,60346368
2026-04-24T21:44:35.955623+00:00,recovery_scenario,iperf_tcp,80,9,,twin_core,395196,10.0,67411968
2026-04-24T21:44:35.955623+00:00,recovery_scenario,iperf_tcp,80,9,,ryu_controller,395188,9.9,60346368
2026-04-24T21:44:36.056352+00:00,recovery_scenario,iperf_tcp,80,9,,twin_core,395196,0.0,67411968
2026-04-24T21:44:36.056352+00:00,recovery_scenario,iperf_tcp,80,9,,ryu_controller,395188,9.9,60346368
2026-04-24T21:44:36.156811+00:00,recovery_scenario,iperf_tcp,80,9,,twin_core,395196,0.0,67411968
2026-04-24T21:44:36.156811+00:00,recovery_scenario,iperf_tcp,80,9,,ryu_controller,395188,10.0,60346368
2026-04-24T21:44:36.257251+00:00,recovery_scenario,iperf_tcp,80,9,,twin_core,395196,0.0,67411968
2026-04-24T21:44:36.257251+00:00,recovery_scenario,iperf_tcp,80,9,,ryu_controller,395188,10.0,60346368
2026-04-24T21:44:36.357675+00:00,recovery_scenario,iperf_tcp,80,9,,twin_core,395196,0.0,67411968
2026-04-24T21:44:36.357675+00:00,recovery_scenario,iperf_tcp,80,9,,ryu_controller,395188,10.0,60346368
2026-04-24T21:44:36.458081+00:00,recovery_scenario,iperf_tcp,80,9,,twin_core,395196,0.0,67411968
2026-04-24T21:44:36.458081+00:00,recovery_scenario,iperf_tcp,80,9,,ryu_controller,395188,29.9,60354560
2026-04-24T21:44:36.558464+00:00,recovery_scenario,iperf_tcp,80,9,,twin_core,395196,0.0,67411968
2026-04-24T21:44:36.558464+00:00,recovery_scenario,iperf_tcp,80,9,,ryu_controller,395188,49.8,60354560
2026-04-24T21:44:36.658918+00:00,recovery_scenario,iperf_tcp,80,9,,twin_core,395196,0.0,67411968
2026-04-24T21:44:36.658918+00:00,recovery_scenario,iperf_tcp,80,9,,ryu_controller,395188,10.0,60354560
2026-04-24T21:44:36.759354+00:00,recovery_scenario,iperf_tcp,80,9,,twin_core,395196,10.0,67411968
2026-04-24T21:44:36.759354+00:00,recovery_scenario,iperf_tcp,80,9,,ryu_controller,395188,0.0,60354560
2026-04-24T21:44:36.860040+00:00,recovery_scenario,iperf_tcp,80,9,,twin_core,395196,0.0,67411968
2026-04-24T21:44:36.860040+00:00,recovery_scenario,iperf_tcp,80,9,,ryu_controller,395188,9.9,60354560
2026-04-24T21:44:36.960919+00:00,recovery_scenario,iperf_tcp,80,9,,twin_core,395196,0.0,67411968
2026-04-24T21:44:36.960919+00:00,recovery_scenario,iperf_tcp,80,9,,ryu_controller,395188,0.0,60354560
2026-04-24T21:44:37.061477+00:00,recovery_scenario,iperf_tcp,80,9,,twin_core,395196,0.0,67411968
2026-04-24T21:44:37.061477+00:00,recovery_scenario,iperf_tcp,80,9,,ryu_controller,395188,19.9,60354560
2026-04-24T21:44:37.162900+00:00,recovery_scenario,iperf_tcp,80,9,,twin_core,395196,0.0,67411968
2026-04-24T21:44:37.162900+00:00,recovery_scenario,iperf_tcp,80,9,,ryu_controller,395188,0.0,60354560
2026-04-24T21:44:37.263408+00:00,recovery_scenario,iperf_tcp,80,9,,twin_core,395196,0.0,67411968
2026-04-24T21:44:37.263408+00:00,recovery_scenario,iperf_tcp,80,9,,ryu_controller,395188,9.9,60354560
2026-04-24T21:44:37.363996+00:00,recovery_scenario,iperf_tcp,80,9,,twin_core,395196,0.0,67411968
2026-04-24T21:44:37.363996+00:00,recovery_scenario,iperf_tcp,80,9,,ryu_controller,395188,9.9,60354560
2026-04-24T21:44:37.464424+00:00,recovery_scenario,iperf_tcp,80,9,,twin_core,395196,0.0,67411968
2026-04-24T21:44:37.464424+00:00,recovery_scenario,iperf_tcp,80,9,,ryu_controller,395188,0.0,60354560
2026-04-24T21:44:37.564920+00:00,recovery_scenario,iperf_tcp,80,9,,twin_core,395196,0.0,67411968
2026-04-24T21:44:37.564920+00:00,recovery_scenario,iperf_tcp,80,9,,ryu_controller,395188,29.9,60354560
2026-04-24T21:44:37.665337+00:00,recovery_scenario,iperf_tcp,80,9,,twin_core,395196,0.0,67411968
2026-04-24T21:44:37.665337+00:00,recovery_scenario,iperf_tcp,80,9,,ryu_controller,395188,10.0,60354560
2026-04-24T21:44:37.765746+00:00,recovery_scenario,iperf_tcp,80,9,,twin_core,395196,0.0,67411968
2026-04-24T21:44:37.765746+00:00,recovery_scenario,iperf_tcp,80,9,,ryu_controller,395188,9.9,60354560
2026-04-24T21:44:37.866199+00:00,recovery_scenario,iperf_tcp,80,9,,twin_core,395196,10.0,67444736
2026-04-24T21:44:37.866199+00:00,recovery_scenario,iperf_tcp,80,9,,ryu_controller,395188,59.8,60387328
2026-04-24T21:44:37.966582+00:00,recovery_scenario,iperf_tcp,80,9,,twin_core,395196,0.0,67444736
2026-04-24T21:44:37.966582+00:00,recovery_scenario,iperf_tcp,80,9,,ryu_controller,395188,10.0,60387328
2026-04-24T21:44:38.067601+00:00,recovery_scenario,iperf_tcp,80,9,,twin_core,395196,0.0,67444736
2026-04-24T21:44:38.067601+00:00,recovery_scenario,iperf_tcp,80,9,,ryu_controller,395188,19.8,60387328
2026-04-24T21:44:38.169214+00:00,recovery_scenario,iperf_tcp,80,9,,twin_core,395196,0.0,67444736
2026-04-24T21:44:38.169214+00:00,recovery_scenario,iperf_tcp,80,9,,ryu_controller,395188,0.0,60387328
2026-04-24T21:44:38.269670+00:00,recovery_scenario,iperf_tcp,80,9,,twin_core,395196,10.0,67444736
2026-04-24T21:44:38.269670+00:00,recovery_scenario,iperf_tcp,80,9,,ryu_controller,395188,10.0,60387328
2026-04-24T21:44:38.370171+00:00,recovery_scenario,iperf_tcp,80,9,,twin_core,395196,0.0,67444736
2026-04-24T21:44:38.370171+00:00,recovery_scenario,iperf_tcp,80,9,,ryu_controller,395188,0.0,60387328
2026-04-24T21:44:38.470530+00:00,recovery_scenario,iperf_tcp,80,9,,twin_core,395196,0.0,67444736
2026-04-24T21:44:38.470530+00:00,recovery_scenario,iperf_tcp,80,9,,ryu_controller,395188,19.9,60387328
2026-04-24T21:44:38.575471+00:00,recovery_scenario,iperf_tcp,80,9,,twin_core,395196,0.0,67444736
2026-04-24T21:44:38.575471+00:00,recovery_scenario,iperf_tcp,80,9,,ryu_controller,395188,66.7,60387328
2026-04-24T21:44:38.678484+00:00,recovery_scenario,iperf_tcp,80,9,,twin_core,395196,0.0,67444736
2026-04-24T21:44:38.678484+00:00,recovery_scenario,iperf_tcp,80,9,,ryu_controller,395188,38.7,60387328
2026-04-24T21:44:38.779223+00:00,recovery_scenario,iperf_tcp,80,9,,twin_core,395196,0.0,67444736
2026-04-24T21:44:38.779223+00:00,recovery_scenario,iperf_tcp,80,9,,ryu_controller,395188,19.9,60387328
2026-04-24T21:44:38.879767+00:00,recovery_scenario,iperf_tcp,80,9,,twin_core,395196,0.0,67444736
2026-04-24T21:44:38.879767+00:00,recovery_scenario,iperf_tcp,80,9,,ryu_controller,395188,0.0,60387328
2026-04-24T21:44:38.980563+00:00,recovery_scenario,iperf_tcp,80,9,,twin_core,395196,0.0,67444736
2026-04-24T21:44:38.980563+00:00,recovery_scenario,iperf_tcp,80,9,,ryu_controller,395188,9.9,60387328
2026-04-24T21:44:39.081119+00:00,recovery_scenario,iperf_tcp,80,9,,twin_core,395196,0.0,67444736
2026-04-24T21:44:39.081119+00:00,recovery_scenario,iperf_tcp,80,9,,ryu_controller,395188,19.9,60387328
2026-04-24T21:44:39.181503+00:00,recovery_scenario,iperf_tcp,80,9,,twin_core,395196,0.0,67444736
2026-04-24T21:44:39.181503+00:00,recovery_scenario,iperf_tcp,80,9,,ryu_controller,395188,0.0,60387328
2026-04-24T21:44:39.282183+00:00,recovery_scenario,iperf_tcp,80,9,,twin_core,395196,9.9,67444736
2026-04-24T21:44:39.282183+00:00,recovery_scenario,iperf_tcp,80,9,,ryu_controller,395188,29.9,60387328
2026-04-24T21:44:39.385275+00:00,recovery_scenario,iperf_tcp,80,9,,twin_core,395196,0.0,67444736
2026-04-24T21:44:39.385275+00:00,recovery_scenario,iperf_tcp,80,9,,ryu_controller,395188,9.7,60387328
2026-04-24T21:44:39.473389+00:00,recovery_scenario,iperf_tcp,80,9,pingall_completed,,,,
2026-04-24T21:44:39.485794+00:00,recovery_scenario,iperf_tcp,80,9,,twin_core,395196,0.0,67444736
2026-04-24T21:44:39.485794+00:00,recovery_scenario,iperf_tcp,80,9,,ryu_controller,395188,0.0,60387328
2026-04-24T21:44:39.590693+00:00,recovery_scenario,iperf_tcp,80,9,,twin_core,395196,0.0,67444736
2026-04-24T21:44:39.590693+00:00,recovery_scenario,iperf_tcp,80,9,,ryu_controller,395188,0.0,60387328
2026-04-24T21:44:39.694912+00:00,recovery_scenario,iperf_tcp,80,9,,twin_core,395196,0.0,67444736
2026-04-24T21:44:39.694912+00:00,recovery_scenario,iperf_tcp,80,9,,ryu_controller,395188,0.0,60387328
2026-04-24T21:44:39.795765+00:00,recovery_scenario,iperf_tcp,80,9,,twin_core,395196,9.9,67444736
2026-04-24T21:44:39.795765+00:00,recovery_scenario,iperf_tcp,80,9,,ryu_controller,395188,10.0,60387328
2026-04-24T21:44:39.896304+00:00,recovery_scenario,iperf_tcp,80,9,,twin_core,395196,0.0,67444736
2026-04-24T21:44:39.896304+00:00,recovery_scenario,iperf_tcp,80,9,,ryu_controller,395188,29.8,60387328
2026-04-24T21:44:39.999110+00:00,recovery_scenario,iperf_tcp,80,9,,twin_core,395196,9.7,67497984
2026-04-24T21:44:39.999110+00:00,recovery_scenario,iperf_tcp,80,9,,ryu_controller,395188,38.9,60387328
2026-04-24T21:44:40.099561+00:00,recovery_scenario,iperf_tcp,80,9,,twin_core,395196,0.0,67497984
2026-04-24T21:44:40.099561+00:00,recovery_scenario,iperf_tcp,80,9,,ryu_controller,395188,0.0,60387328
2026-04-24T21:44:40.204172+00:00,recovery_scenario,iperf_tcp,80,9,,twin_core,395196,0.0,67497984
2026-04-24T21:44:40.204172+00:00,recovery_scenario,iperf_tcp,80,9,,ryu_controller,395188,0.0,60387328
2026-04-24T21:44:40.308595+00:00,recovery_scenario,iperf_tcp,80,9,,twin_core,395196,0.0,67497984
2026-04-24T21:44:40.308595+00:00,recovery_scenario,iperf_tcp,80,9,,ryu_controller,395188,9.6,60387328
2026-04-24T21:44:40.411623+00:00,recovery_scenario,iperf_tcp,80,9,,twin_core,395196,0.0,67497984
2026-04-24T21:44:40.411623+00:00,recovery_scenario,iperf_tcp,80,9,,ryu_controller,395188,0.0,60387328
2026-04-24T21:44:40.512857+00:00,recovery_scenario,iperf_tcp,80,9,,twin_core,395196,0.0,67497984
2026-04-24T21:44:40.512857+00:00,recovery_scenario,iperf_tcp,80,9,,ryu_controller,395188,0.0,60387328
2026-04-24T21:44:40.613992+00:00,recovery_scenario,iperf_tcp,80,9,,twin_core,395196,0.0,67497984
2026-04-24T21:44:40.613992+00:00,recovery_scenario,iperf_tcp,80,9,,ryu_controller,395188,0.0,60387328
2026-04-24T21:44:40.714533+00:00,recovery_scenario,iperf_tcp,80,9,,twin_core,395196,9.9,67497984
2026-04-24T21:44:40.714533+00:00,recovery_scenario,iperf_tcp,80,9,,ryu_controller,395188,79.5,60387328
2026-04-24T21:44:40.815222+00:00,recovery_scenario,iperf_tcp,80,9,,twin_core,395196,0.0,67497984
2026-04-24T21:44:40.815222+00:00,recovery_scenario,iperf_tcp,80,9,,ryu_controller,395188,0.0,60387328
2026-04-24T21:44:40.916297+00:00,recovery_scenario,iperf_tcp,80,9,,twin_core,395196,0.0,67497984
2026-04-24T21:44:40.916297+00:00,recovery_scenario,iperf_tcp,80,9,,ryu_controller,395188,0.0,60387328
2026-04-24T21:44:41.017571+00:00,recovery_scenario,iperf_tcp,80,9,,twin_core,395196,0.0,67497984
2026-04-24T21:44:41.017571+00:00,recovery_scenario,iperf_tcp,80,9,,ryu_controller,395188,9.9,60387328
2026-04-24T21:44:41.118363+00:00,recovery_scenario,iperf_tcp,80,9,,twin_core,395196,0.0,67497984
2026-04-24T21:44:41.118363+00:00,recovery_scenario,iperf_tcp,80,9,,ryu_controller,395188,0.0,60387328
2026-04-24T21:44:41.218915+00:00,recovery_scenario,iperf_tcp,80,9,,twin_core,395196,0.0,67497984
2026-04-24T21:44:41.218915+00:00,recovery_scenario,iperf_tcp,80,9,,ryu_controller,395188,0.0,60387328
2026-04-24T21:44:41.322688+00:00,recovery_scenario,iperf_tcp,80,9,,twin_core,395196,0.0,67497984
2026-04-24T21:44:41.322688+00:00,recovery_scenario,iperf_tcp,80,9,,ryu_controller,395188,0.0,60387328
2026-04-24T21:44:41.423499+00:00,recovery_scenario,iperf_tcp,80,9,,twin_core,395196,0.0,67497984
2026-04-24T21:44:41.423499+00:00,recovery_scenario,iperf_tcp,80,9,,ryu_controller,395188,0.0,60387328
2026-04-24T21:44:41.512479+00:00,recovery_scenario,iperf_tcp,80,9,background_traffic_started,,,,
2026-04-24T21:44:41.524474+00:00,recovery_scenario,iperf_tcp,80,9,,twin_core,395196,0.0,67497984
2026-04-24T21:44:41.524474+00:00,recovery_scenario,iperf_tcp,80,9,,ryu_controller,395188,9.9,60387328
2026-04-24T21:44:41.625371+00:00,recovery_scenario,iperf_tcp,80,9,,twin_core,395196,9.9,67497984
2026-04-24T21:44:41.625371+00:00,recovery_scenario,iperf_tcp,80,9,,ryu_controller,395188,79.4,60387328
2026-04-24T21:44:41.664493+00:00,recovery_scenario,iperf_tcp,80,9,fault_injected,,,,
2026-04-24T21:44:41.725946+00:00,recovery_scenario,iperf_tcp,80,9,,twin_core,395196,9.9,67522560
2026-04-24T21:44:41.725946+00:00,recovery_scenario,iperf_tcp,80,9,,ryu_controller,395188,39.8,60387328
2026-04-24T21:44:41.827263+00:00,recovery_scenario,iperf_tcp,80,9,,twin_core,395196,0.0,67522560
2026-04-24T21:44:41.827263+00:00,recovery_scenario,iperf_tcp,80,9,,ryu_controller,395188,68.7,60387328
2026-04-24T21:44:41.928310+00:00,recovery_scenario,iperf_tcp,80,9,,twin_core,395196,0.0,67522560
2026-04-24T21:44:41.928310+00:00,recovery_scenario,iperf_tcp,80,9,,ryu_controller,395188,99.1,60387328
2026-04-24T21:44:42.029151+00:00,recovery_scenario,iperf_tcp,80,9,,twin_core,395196,0.0,67522560
2026-04-24T21:44:42.029151+00:00,recovery_scenario,iperf_tcp,80,9,,ryu_controller,395188,109.4,60387328
2026-04-24T21:44:42.129611+00:00,recovery_scenario,iperf_tcp,80,9,,twin_core,395196,10.0,67522560
2026-04-24T21:44:42.129611+00:00,recovery_scenario,iperf_tcp,80,9,,ryu_controller,395188,89.6,60387328
2026-04-24T21:44:42.230220+00:00,recovery_scenario,iperf_tcp,80,9,,twin_core,395196,9.9,67522560
2026-04-24T21:44:42.230220+00:00,recovery_scenario,iperf_tcp,80,9,,ryu_controller,395188,109.1,60387328
2026-04-24T21:44:42.331099+00:00,recovery_scenario,iperf_tcp,80,9,,twin_core,395196,0.0,67522560
2026-04-24T21:44:42.331099+00:00,recovery_scenario,iperf_tcp,80,9,,ryu_controller,395188,89.3,60387328
2026-04-24T21:44:42.431619+00:00,recovery_scenario,iperf_tcp,80,9,,twin_core,395196,0.0,67522560
2026-04-24T21:44:42.431619+00:00,recovery_scenario,iperf_tcp,80,9,,ryu_controller,395188,99.3,60387328
2026-04-24T21:44:42.532238+00:00,recovery_scenario,iperf_tcp,80,9,,twin_core,395196,0.0,67522560
2026-04-24T21:44:42.532238+00:00,recovery_scenario,iperf_tcp,80,9,,ryu_controller,395188,99.6,60387328
2026-04-24T21:44:42.632602+00:00,recovery_scenario,iperf_tcp,80,9,,twin_core,395196,0.0,67522560
2026-04-24T21:44:42.632602+00:00,recovery_scenario,iperf_tcp,80,9,,ryu_controller,395188,99.4,60387328
2026-04-24T21:44:42.733384+00:00,recovery_scenario,iperf_tcp,80,9,,twin_core,395196,9.9,67522560
2026-04-24T21:44:42.733384+00:00,recovery_scenario,iperf_tcp,80,9,,ryu_controller,395188,99.4,60387328
2026-04-24T21:44:42.833832+00:00,recovery_scenario,iperf_tcp,80,9,,twin_core,395196,0.0,67522560
2026-04-24T21:44:42.833832+00:00,recovery_scenario,iperf_tcp,80,9,,ryu_controller,395188,99.4,60387328
2026-04-24T21:44:42.934421+00:00,recovery_scenario,iperf_tcp,80,9,,twin_core,395196,0.0,67522560
2026-04-24T21:44:42.934421+00:00,recovery_scenario,iperf_tcp,80,9,,ryu_controller,395188,89.6,60387328
2026-04-24T21:44:43.034907+00:00,recovery_scenario,iperf_tcp,80,9,,twin_core,395196,0.0,67522560
2026-04-24T21:44:43.034907+00:00,recovery_scenario,iperf_tcp,80,9,,ryu_controller,395188,19.8,60387328
2026-04-24T21:44:43.135774+00:00,recovery_scenario,iperf_tcp,80,9,,twin_core,395196,0.0,67522560
2026-04-24T21:44:43.135774+00:00,recovery_scenario,iperf_tcp,80,9,,ryu_controller,395188,0.0,60387328
2026-04-24T21:44:43.237029+00:00,recovery_scenario,iperf_tcp,80,9,,twin_core,395196,19.8,67522560
2026-04-24T21:44:43.237029+00:00,recovery_scenario,iperf_tcp,80,9,,ryu_controller,395188,39.7,60387328
2026-04-24T21:44:43.301351+00:00,recovery_scenario,iperf_tcp,80,9,recovery_requested,,,,
2026-04-24T21:44:43.337768+00:00,recovery_scenario,iperf_tcp,80,9,,twin_core,395196,0.0,67522560
2026-04-24T21:44:43.337768+00:00,recovery_scenario,iperf_tcp,80,9,,ryu_controller,395188,69.4,60387328
2026-04-24T21:44:43.438367+00:00,recovery_scenario,iperf_tcp,80,9,,twin_core,395196,0.0,67522560
2026-04-24T21:44:43.438367+00:00,recovery_scenario,iperf_tcp,80,9,,ryu_controller,395188,29.7,60387328
2026-04-24T21:44:43.539334+00:00,recovery_scenario,iperf_tcp,80,9,,twin_core,395196,0.0,67522560
2026-04-24T21:44:43.539334+00:00,recovery_scenario,iperf_tcp,80,9,,ryu_controller,395188,29.8,60387328
2026-04-24T21:44:43.640210+00:00,recovery_scenario,iperf_tcp,80,9,,twin_core,395196,0.0,67522560
2026-04-24T21:44:43.640210+00:00,recovery_scenario,iperf_tcp,80,9,,ryu_controller,395188,99.1,60387328
2026-04-24T21:44:43.740857+00:00,recovery_scenario,iperf_tcp,80,9,,twin_core,395196,0.0,67522560
2026-04-24T21:44:43.740857+00:00,recovery_scenario,iperf_tcp,80,9,,ryu_controller,395188,99.4,60387328
2026-04-24T21:44:43.841539+00:00,recovery_scenario,iperf_tcp,80,9,,twin_core,395196,9.9,67522560
2026-04-24T21:44:43.841539+00:00,recovery_scenario,iperf_tcp,80,9,,ryu_controller,395188,98.7,60387328
2026-04-24T21:44:43.942817+00:00,recovery_scenario,iperf_tcp,80,9,,twin_core,395196,0.0,67522560
2026-04-24T21:44:43.942817+00:00,recovery_scenario,iperf_tcp,80,9,,ryu_controller,395188,99.2,60387328
2026-04-24T21:44:44.043825+00:00,recovery_scenario,iperf_tcp,80,9,,twin_core,395196,0.0,67522560
2026-04-24T21:44:44.043825+00:00,recovery_scenario,iperf_tcp,80,9,,ryu_controller,395188,99.2,60387328
2026-04-24T21:44:44.144359+00:00,recovery_scenario,iperf_tcp,80,9,,twin_core,395196,0.0,67522560
2026-04-24T21:44:44.144359+00:00,recovery_scenario,iperf_tcp,80,9,,ryu_controller,395188,99.6,60387328
2026-04-24T21:44:44.245095+00:00,recovery_scenario,iperf_tcp,80,9,,twin_core,395196,0.0,67522560
2026-04-24T21:44:44.245095+00:00,recovery_scenario,iperf_tcp,80,9,,ryu_controller,395188,99.1,60387328
2026-04-24T21:44:44.345654+00:00,recovery_scenario,iperf_tcp,80,9,,twin_core,395196,0.0,67522560
2026-04-24T21:44:44.345654+00:00,recovery_scenario,iperf_tcp,80,9,,ryu_controller,395188,99.6,60387328
2026-04-24T21:44:44.446112+00:00,recovery_scenario,iperf_tcp,80,9,,twin_core,395196,0.0,67522560
2026-04-24T21:44:44.446112+00:00,recovery_scenario,iperf_tcp,80,9,,ryu_controller,395188,99.5,60387328
2026-04-24T21:44:44.546635+00:00,recovery_scenario,iperf_tcp,80,9,,twin_core,395196,0.0,67522560
2026-04-24T21:44:44.546635+00:00,recovery_scenario,iperf_tcp,80,9,,ryu_controller,395188,108.4,60387328
2026-04-24T21:44:44.648121+00:00,recovery_scenario,iperf_tcp,80,9,,twin_core,395196,0.0,67522560
2026-04-24T21:44:44.648121+00:00,recovery_scenario,iperf_tcp,80,9,,ryu_controller,395188,89.5,60387328
2026-04-24T21:44:44.748557+00:00,recovery_scenario,iperf_tcp,80,9,,twin_core,395196,9.9,67522560
2026-04-24T21:44:44.748557+00:00,recovery_scenario,iperf_tcp,80,9,,ryu_controller,395188,109.2,60387328
2026-04-24T21:44:44.849381+00:00,recovery_scenario,iperf_tcp,80,9,,twin_core,395196,0.0,67522560
2026-04-24T21:44:44.849381+00:00,recovery_scenario,iperf_tcp,80,9,,ryu_controller,395188,89.5,60387328
2026-04-24T21:44:44.949953+00:00,recovery_scenario,iperf_tcp,80,9,,twin_core,395196,0.0,67522560
2026-04-24T21:44:44.949953+00:00,recovery_scenario,iperf_tcp,80,9,,ryu_controller,395188,109.4,60387328
2026-04-24T21:44:45.050291+00:00,recovery_scenario,iperf_tcp,80,9,,twin_core,395196,0.0,67522560
2026-04-24T21:44:45.050291+00:00,recovery_scenario,iperf_tcp,80,9,,ryu_controller,395188,99.6,60387328
2026-04-24T21:44:45.150861+00:00,recovery_scenario,iperf_tcp,80,9,,twin_core,395196,0.0,67522560
2026-04-24T21:44:45.150861+00:00,recovery_scenario,iperf_tcp,80,9,,ryu_controller,395188,89.6,60387328
2026-04-24T21:44:45.251300+00:00,recovery_scenario,iperf_tcp,80,9,,twin_core,395196,10.0,67522560
2026-04-24T21:44:45.251300+00:00,recovery_scenario,iperf_tcp,80,9,,ryu_controller,395188,99.5,60387328
2026-04-24T21:44:45.351907+00:00,recovery_scenario,iperf_tcp,80,9,,twin_core,395196,19.9,67534848
2026-04-24T21:44:45.351907+00:00,recovery_scenario,iperf_tcp,80,9,,ryu_controller,395188,49.7,60387328
2026-04-24T21:44:45.401943+00:00,recovery_scenario,iperf_tcp,80,9,scenario_teardown,,,,
2026-04-24T21:44:45.452473+00:00,recovery_scenario,iperf_tcp,80,9,,twin_core,395196,9.9,67534848
2026-04-24T21:44:45.452473+00:00,recovery_scenario,iperf_tcp,80,9,,ryu_controller,395188,49.7,60387328
2026-04-24T21:44:45.553051+00:00,recovery_scenario,iperf_tcp,80,9,,twin_core,395196,0.0,67534848
2026-04-24T21:44:45.553051+00:00,recovery_scenario,iperf_tcp,80,9,,ryu_controller,395188,9.9,60387328
2026-04-24T21:44:45.653540+00:00,recovery_scenario,iperf_tcp,80,9,,twin_core,395196,0.0,67534848
2026-04-24T21:44:45.653540+00:00,recovery_scenario,iperf_tcp,80,9,,ryu_controller,395188,9.9,60387328
2026-04-24T21:44:45.754194+00:00,recovery_scenario,iperf_tcp,80,9,,twin_core,395196,0.0,67534848
2026-04-24T21:44:45.754194+00:00,recovery_scenario,iperf_tcp,80,9,,ryu_controller,395188,10.0,60387328
2026-04-24T21:44:46.269380+00:00,recovery_scenario,iperf_tcp,80,10,,twin_core,395196,0.0,67538944
2026-04-24T21:44:46.269380+00:00,recovery_scenario,iperf_tcp,80,10,,ryu_controller,395188,0.0,60387328
2026-04-24T21:44:46.369692+00:00,recovery_scenario,iperf_tcp,80,10,,twin_core,395196,0.0,67543040
2026-04-24T21:44:46.369692+00:00,recovery_scenario,iperf_tcp,80,10,,ryu_controller,395188,49.8,60387328
2026-04-24T21:44:46.470277+00:00,recovery_scenario,iperf_tcp,80,10,,twin_core,395196,9.9,67543040
2026-04-24T21:44:46.470277+00:00,recovery_scenario,iperf_tcp,80,10,,ryu_controller,395188,29.8,60387328
2026-04-24T21:44:46.525990+00:00,recovery_scenario,iperf_tcp,80,10,service_started,,,,
2026-04-24T21:44:46.570675+00:00,recovery_scenario,iperf_tcp,80,10,,twin_core,395196,10.0,67543040
2026-04-24T21:44:46.570675+00:00,recovery_scenario,iperf_tcp,80,10,,ryu_controller,395188,29.9,60387328
2026-04-24T21:44:46.671495+00:00,recovery_scenario,iperf_tcp,80,10,,twin_core,395196,0.0,67543040
2026-04-24T21:44:46.671495+00:00,recovery_scenario,iperf_tcp,80,10,,ryu_controller,395188,29.8,60387328
2026-04-24T21:44:46.772489+00:00,recovery_scenario,iperf_tcp,80,10,,twin_core,395196,0.0,67543040
2026-04-24T21:44:46.772489+00:00,recovery_scenario,iperf_tcp,80,10,,ryu_controller,395188,9.9,60387328
2026-04-24T21:44:46.873110+00:00,recovery_scenario,iperf_tcp,80,10,,twin_core,395196,0.0,67543040
2026-04-24T21:44:46.873110+00:00,recovery_scenario,iperf_tcp,80,10,,ryu_controller,395188,29.8,60387328
2026-04-24T21:44:46.973551+00:00,recovery_scenario,iperf_tcp,80,10,,twin_core,395196,10.0,67543040
2026-04-24T21:44:46.973551+00:00,recovery_scenario,iperf_tcp,80,10,,ryu_controller,395188,9.9,60387328
2026-04-24T21:44:47.074141+00:00,recovery_scenario,iperf_tcp,80,10,,twin_core,395196,0.0,67543040
2026-04-24T21:44:47.074141+00:00,recovery_scenario,iperf_tcp,80,10,,ryu_controller,395188,10.0,60387328
2026-04-24T21:44:47.178299+00:00,recovery_scenario,iperf_tcp,80,10,,twin_core,395196,0.0,67543040
2026-04-24T21:44:47.178299+00:00,recovery_scenario,iperf_tcp,80,10,,ryu_controller,395188,9.6,60387328
2026-04-24T21:44:47.278993+00:00,recovery_scenario,iperf_tcp,80,10,,twin_core,395196,0.0,67543040
2026-04-24T21:44:47.278993+00:00,recovery_scenario,iperf_tcp,80,10,,ryu_controller,395188,19.9,60387328
2026-04-24T21:44:47.379479+00:00,recovery_scenario,iperf_tcp,80,10,,twin_core,395196,0.0,67543040
2026-04-24T21:44:47.379479+00:00,recovery_scenario,iperf_tcp,80,10,,ryu_controller,395188,39.8,60387328
2026-04-24T21:44:47.480031+00:00,recovery_scenario,iperf_tcp,80,10,,twin_core,395196,9.9,67543040
2026-04-24T21:44:47.480031+00:00,recovery_scenario,iperf_tcp,80,10,,ryu_controller,395188,19.9,60387328
2026-04-24T21:44:47.580432+00:00,recovery_scenario,iperf_tcp,80,10,,twin_core,395196,0.0,67543040
2026-04-24T21:44:47.580432+00:00,recovery_scenario,iperf_tcp,80,10,,ryu_controller,395188,19.9,60387328
2026-04-24T21:44:47.680983+00:00,recovery_scenario,iperf_tcp,80,10,,twin_core,395196,0.0,67543040
2026-04-24T21:44:47.680983+00:00,recovery_scenario,iperf_tcp,80,10,,ryu_controller,395188,29.9,60387328
2026-04-24T21:44:47.781323+00:00,recovery_scenario,iperf_tcp,80,10,,twin_core,395196,0.0,67543040
2026-04-24T21:44:47.781323+00:00,recovery_scenario,iperf_tcp,80,10,,ryu_controller,395188,10.0,60387328
2026-04-24T21:44:47.881762+00:00,recovery_scenario,iperf_tcp,80,10,,twin_core,395196,0.0,67543040
2026-04-24T21:44:47.881762+00:00,recovery_scenario,iperf_tcp,80,10,,ryu_controller,395188,29.9,60387328
2026-04-24T21:44:47.982123+00:00,recovery_scenario,iperf_tcp,80,10,,twin_core,395196,0.0,67543040
2026-04-24T21:44:47.982123+00:00,recovery_scenario,iperf_tcp,80,10,,ryu_controller,395188,39.9,60387328
2026-04-24T21:44:48.082497+00:00,recovery_scenario,iperf_tcp,80,10,,twin_core,395196,0.0,67543040
2026-04-24T21:44:48.082497+00:00,recovery_scenario,iperf_tcp,80,10,,ryu_controller,395188,10.0,60387328
2026-04-24T21:44:48.182963+00:00,recovery_scenario,iperf_tcp,80,10,,twin_core,395196,0.0,67543040
2026-04-24T21:44:48.182963+00:00,recovery_scenario,iperf_tcp,80,10,,ryu_controller,395188,19.9,60387328
2026-04-24T21:44:48.283324+00:00,recovery_scenario,iperf_tcp,80,10,,twin_core,395196,0.0,67543040
2026-04-24T21:44:48.283324+00:00,recovery_scenario,iperf_tcp,80,10,,ryu_controller,395188,10.0,60387328
2026-04-24T21:44:48.385138+00:00,recovery_scenario,iperf_tcp,80,10,,twin_core,395196,0.0,67543040
2026-04-24T21:44:48.385138+00:00,recovery_scenario,iperf_tcp,80,10,,ryu_controller,395188,19.6,60387328
2026-04-24T21:44:48.488760+00:00,recovery_scenario,iperf_tcp,80,10,,twin_core,395196,0.0,67543040
2026-04-24T21:44:48.488760+00:00,recovery_scenario,iperf_tcp,80,10,,ryu_controller,395188,0.0,60387328
2026-04-24T21:44:48.589265+00:00,recovery_scenario,iperf_tcp,80,10,,twin_core,395196,0.0,67543040
2026-04-24T21:44:48.589265+00:00,recovery_scenario,iperf_tcp,80,10,,ryu_controller,395188,19.9,60387328
2026-04-24T21:44:48.689821+00:00,recovery_scenario,iperf_tcp,80,10,,twin_core,395196,9.9,67543040
2026-04-24T21:44:48.689821+00:00,recovery_scenario,iperf_tcp,80,10,,ryu_controller,395188,19.9,60387328
2026-04-24T21:44:48.790190+00:00,recovery_scenario,iperf_tcp,80,10,,twin_core,395196,0.0,67543040
2026-04-24T21:44:48.790190+00:00,recovery_scenario,iperf_tcp,80,10,,ryu_controller,395188,29.9,60387328
2026-04-24T21:44:48.891675+00:00,recovery_scenario,iperf_tcp,80,10,,twin_core,395196,0.0,67543040
2026-04-24T21:44:48.891675+00:00,recovery_scenario,iperf_tcp,80,10,,ryu_controller,395188,9.8,60387328
2026-04-24T21:44:48.995279+00:00,recovery_scenario,iperf_tcp,80,10,,twin_core,395196,0.0,67543040
2026-04-24T21:44:48.995279+00:00,recovery_scenario,iperf_tcp,80,10,,ryu_controller,395188,0.0,60387328
2026-04-24T21:44:49.096802+00:00,recovery_scenario,iperf_tcp,80,10,,twin_core,395196,0.0,67543040
2026-04-24T21:44:49.096802+00:00,recovery_scenario,iperf_tcp,80,10,,ryu_controller,395188,9.9,60387328
2026-04-24T21:44:49.197264+00:00,recovery_scenario,iperf_tcp,80,10,,twin_core,395196,0.0,67543040
2026-04-24T21:44:49.197264+00:00,recovery_scenario,iperf_tcp,80,10,,ryu_controller,395188,10.0,60387328
2026-04-24T21:44:49.297799+00:00,recovery_scenario,iperf_tcp,80,10,,twin_core,395196,0.0,67543040
2026-04-24T21:44:49.297799+00:00,recovery_scenario,iperf_tcp,80,10,,ryu_controller,395188,9.9,60387328
2026-04-24T21:44:49.398195+00:00,recovery_scenario,iperf_tcp,80,10,,twin_core,395196,0.0,67543040
2026-04-24T21:44:49.398195+00:00,recovery_scenario,iperf_tcp,80,10,,ryu_controller,395188,59.8,60387328
2026-04-24T21:44:49.498559+00:00,recovery_scenario,iperf_tcp,80,10,,twin_core,395196,0.0,67543040
2026-04-24T21:44:49.498559+00:00,recovery_scenario,iperf_tcp,80,10,,ryu_controller,395188,10.0,60387328
2026-04-24T21:44:49.599819+00:00,recovery_scenario,iperf_tcp,80,10,,twin_core,395196,0.0,67543040
2026-04-24T21:44:49.599819+00:00,recovery_scenario,iperf_tcp,80,10,,ryu_controller,395188,9.9,60387328
2026-04-24T21:44:49.701878+00:00,recovery_scenario,iperf_tcp,80,10,,twin_core,395196,0.0,67543040
2026-04-24T21:44:49.701878+00:00,recovery_scenario,iperf_tcp,80,10,,ryu_controller,395188,9.8,60387328
2026-04-24T21:44:49.802275+00:00,recovery_scenario,iperf_tcp,80,10,,twin_core,395196,0.0,67543040
2026-04-24T21:44:49.802275+00:00,recovery_scenario,iperf_tcp,80,10,,ryu_controller,395188,10.0,60387328
2026-04-24T21:44:49.902696+00:00,recovery_scenario,iperf_tcp,80,10,,twin_core,395196,0.0,67543040
2026-04-24T21:44:49.902696+00:00,recovery_scenario,iperf_tcp,80,10,,ryu_controller,395188,10.0,60387328
2026-04-24T21:44:50.003104+00:00,recovery_scenario,iperf_tcp,80,10,,twin_core,395196,0.0,67543040
2026-04-24T21:44:50.003104+00:00,recovery_scenario,iperf_tcp,80,10,,ryu_controller,395188,10.0,60387328
2026-04-24T21:44:50.103503+00:00,recovery_scenario,iperf_tcp,80,10,,twin_core,395196,0.0,67543040
2026-04-24T21:44:50.103503+00:00,recovery_scenario,iperf_tcp,80,10,,ryu_controller,395188,10.0,60387328
2026-04-24T21:44:50.204621+00:00,recovery_scenario,iperf_tcp,80,10,,twin_core,395196,0.0,67543040
2026-04-24T21:44:50.204621+00:00,recovery_scenario,iperf_tcp,80,10,,ryu_controller,395188,9.9,60387328
2026-04-24T21:44:50.305022+00:00,recovery_scenario,iperf_tcp,80,10,,twin_core,395196,0.0,67543040
2026-04-24T21:44:50.305022+00:00,recovery_scenario,iperf_tcp,80,10,,ryu_controller,395188,0.0,60387328
2026-04-24T21:44:50.405818+00:00,recovery_scenario,iperf_tcp,80,10,,twin_core,395196,9.9,67543040
2026-04-24T21:44:50.405818+00:00,recovery_scenario,iperf_tcp,80,10,,ryu_controller,395188,9.9,60387328
2026-04-24T21:44:50.506248+00:00,recovery_scenario,iperf_tcp,80,10,,twin_core,395196,10.0,67543040
2026-04-24T21:44:50.506248+00:00,recovery_scenario,iperf_tcp,80,10,,ryu_controller,395188,9.9,60387328
2026-04-24T21:44:50.606752+00:00,recovery_scenario,iperf_tcp,80,10,,twin_core,395196,0.0,67543040
2026-04-24T21:44:50.606752+00:00,recovery_scenario,iperf_tcp,80,10,,ryu_controller,395188,10.0,60387328
2026-04-24T21:44:50.707237+00:00,recovery_scenario,iperf_tcp,80,10,,twin_core,395196,10.0,67563520
2026-04-24T21:44:50.707237+00:00,recovery_scenario,iperf_tcp,80,10,,ryu_controller,395188,69.7,60387328
2026-04-24T21:44:50.807660+00:00,recovery_scenario,iperf_tcp,80,10,,twin_core,395196,0.0,67563520
2026-04-24T21:44:50.807660+00:00,recovery_scenario,iperf_tcp,80,10,,ryu_controller,395188,9.9,60387328
2026-04-24T21:44:50.908202+00:00,recovery_scenario,iperf_tcp,80,10,,twin_core,395196,0.0,67563520
2026-04-24T21:44:50.908202+00:00,recovery_scenario,iperf_tcp,80,10,,ryu_controller,395188,10.0,60387328
2026-04-24T21:44:51.009507+00:00,recovery_scenario,iperf_tcp,80,10,,twin_core,395196,0.0,67563520
2026-04-24T21:44:51.009507+00:00,recovery_scenario,iperf_tcp,80,10,,ryu_controller,395188,9.9,60387328
2026-04-24T21:44:51.110653+00:00,recovery_scenario,iperf_tcp,80,10,,twin_core,395196,0.0,67563520
2026-04-24T21:44:51.110653+00:00,recovery_scenario,iperf_tcp,80,10,,ryu_controller,395188,0.0,60387328
2026-04-24T21:44:51.211090+00:00,recovery_scenario,iperf_tcp,80,10,,twin_core,395196,0.0,67563520
2026-04-24T21:44:51.211090+00:00,recovery_scenario,iperf_tcp,80,10,,ryu_controller,395188,0.0,60387328
2026-04-24T21:44:51.311424+00:00,recovery_scenario,iperf_tcp,80,10,,twin_core,395196,0.0,67563520
2026-04-24T21:44:51.311424+00:00,recovery_scenario,iperf_tcp,80,10,,ryu_controller,395188,19.9,60387328
2026-04-24T21:44:51.412576+00:00,recovery_scenario,iperf_tcp,80,10,,twin_core,395196,0.0,67563520
2026-04-24T21:44:51.412576+00:00,recovery_scenario,iperf_tcp,80,10,,ryu_controller,395188,29.7,60387328
2026-04-24T21:44:51.513017+00:00,recovery_scenario,iperf_tcp,80,10,,twin_core,395196,0.0,67563520
2026-04-24T21:44:51.513017+00:00,recovery_scenario,iperf_tcp,80,10,,ryu_controller,395188,59.6,60387328
2026-04-24T21:44:51.613658+00:00,recovery_scenario,iperf_tcp,80,10,,twin_core,395196,9.9,67563520
2026-04-24T21:44:51.613658+00:00,recovery_scenario,iperf_tcp,80,10,,ryu_controller,395188,9.9,60387328
2026-04-24T21:44:51.716668+00:00,recovery_scenario,iperf_tcp,80,10,,twin_core,395196,0.0,67563520
2026-04-24T21:44:51.716668+00:00,recovery_scenario,iperf_tcp,80,10,,ryu_controller,395188,19.4,60387328
2026-04-24T21:44:51.819751+00:00,recovery_scenario,iperf_tcp,80,10,,twin_core,395196,0.0,67563520
2026-04-24T21:44:51.819751+00:00,recovery_scenario,iperf_tcp,80,10,,ryu_controller,395188,0.0,60387328
2026-04-24T21:44:51.922054+00:00,recovery_scenario,iperf_tcp,80,10,,twin_core,395196,0.0,67563520
2026-04-24T21:44:51.922054+00:00,recovery_scenario,iperf_tcp,80,10,,ryu_controller,395188,9.7,60387328
2026-04-24T21:44:52.023558+00:00,recovery_scenario,iperf_tcp,80,10,,twin_core,395196,0.0,67563520
2026-04-24T21:44:52.023558+00:00,recovery_scenario,iperf_tcp,80,10,,ryu_controller,395188,0.0,60387328
2026-04-24T21:44:52.124094+00:00,recovery_scenario,iperf_tcp,80,10,,twin_core,395196,0.0,67563520
2026-04-24T21:44:52.124094+00:00,recovery_scenario,iperf_tcp,80,10,,ryu_controller,395188,19.9,60387328
2026-04-24T21:44:52.224519+00:00,recovery_scenario,iperf_tcp,80,10,,twin_core,395196,0.0,67563520
2026-04-24T21:44:52.224519+00:00,recovery_scenario,iperf_tcp,80,10,,ryu_controller,395188,0.0,60387328
2026-04-24T21:44:52.291391+00:00,recovery_scenario,iperf_tcp,80,10,pingall_completed,,,,
2026-04-24T21:44:52.325749+00:00,recovery_scenario,iperf_tcp,80,10,,twin_core,395196,0.0,67563520
2026-04-24T21:44:52.325749+00:00,recovery_scenario,iperf_tcp,80,10,,ryu_controller,395188,0.0,60387328
2026-04-24T21:44:52.426416+00:00,recovery_scenario,iperf_tcp,80,10,,twin_core,395196,0.0,67563520
2026-04-24T21:44:52.426416+00:00,recovery_scenario,iperf_tcp,80,10,,ryu_controller,395188,0.0,60387328
2026-04-24T21:44:52.528589+00:00,recovery_scenario,iperf_tcp,80,10,,twin_core,395196,0.0,67563520
2026-04-24T21:44:52.528589+00:00,recovery_scenario,iperf_tcp,80,10,,ryu_controller,395188,9.8,60387328
2026-04-24T21:44:52.630148+00:00,recovery_scenario,iperf_tcp,80,10,,twin_core,395196,0.0,67563520
2026-04-24T21:44:52.630148+00:00,recovery_scenario,iperf_tcp,80,10,,ryu_controller,395188,29.7,60387328
2026-04-24T21:44:52.730771+00:00,recovery_scenario,iperf_tcp,80,10,,twin_core,395196,9.9,67563520
2026-04-24T21:44:52.730771+00:00,recovery_scenario,iperf_tcp,80,10,,ryu_controller,395188,29.8,60387328
2026-04-24T21:44:52.832184+00:00,recovery_scenario,iperf_tcp,80,10,,twin_core,395196,9.9,67608576
2026-04-24T21:44:52.832184+00:00,recovery_scenario,iperf_tcp,80,10,,ryu_controller,395188,39.4,60518400
2026-04-24T21:44:52.933929+00:00,recovery_scenario,iperf_tcp,80,10,,twin_core,395196,0.0,67608576
2026-04-24T21:44:52.933929+00:00,recovery_scenario,iperf_tcp,80,10,,ryu_controller,395188,0.0,60518400
2026-04-24T21:44:53.035539+00:00,recovery_scenario,iperf_tcp,80,10,,twin_core,395196,0.0,67608576
2026-04-24T21:44:53.035539+00:00,recovery_scenario,iperf_tcp,80,10,,ryu_controller,395188,0.0,60518400
2026-04-24T21:44:53.139165+00:00,recovery_scenario,iperf_tcp,80,10,,twin_core,395196,0.0,67608576
2026-04-24T21:44:53.139165+00:00,recovery_scenario,iperf_tcp,80,10,,ryu_controller,395188,9.6,60518400
2026-04-24T21:44:53.242194+00:00,recovery_scenario,iperf_tcp,80,10,,twin_core,395196,0.0,67608576
2026-04-24T21:44:53.242194+00:00,recovery_scenario,iperf_tcp,80,10,,ryu_controller,395188,0.0,60518400
2026-04-24T21:44:53.344169+00:00,recovery_scenario,iperf_tcp,80,10,,twin_core,395196,9.8,67608576
2026-04-24T21:44:53.344169+00:00,recovery_scenario,iperf_tcp,80,10,,ryu_controller,395188,0.0,60518400
2026-04-24T21:44:53.444811+00:00,recovery_scenario,iperf_tcp,80,10,,twin_core,395196,0.0,67608576
2026-04-24T21:44:53.444811+00:00,recovery_scenario,iperf_tcp,80,10,,ryu_controller,395188,0.0,60518400
2026-04-24T21:44:53.545924+00:00,recovery_scenario,iperf_tcp,80,10,,twin_core,395196,0.0,67608576
2026-04-24T21:44:53.545924+00:00,recovery_scenario,iperf_tcp,80,10,,ryu_controller,395188,59.7,60518400
2026-04-24T21:44:53.649025+00:00,recovery_scenario,iperf_tcp,80,10,,twin_core,395196,0.0,67608576
2026-04-24T21:44:53.649025+00:00,recovery_scenario,iperf_tcp,80,10,,ryu_controller,395188,19.4,60518400
2026-04-24T21:44:53.749532+00:00,recovery_scenario,iperf_tcp,80,10,,twin_core,395196,0.0,67608576
2026-04-24T21:44:53.749532+00:00,recovery_scenario,iperf_tcp,80,10,,ryu_controller,395188,9.9,60518400
2026-04-24T21:44:53.850166+00:00,recovery_scenario,iperf_tcp,80,10,,twin_core,395196,0.0,67608576
2026-04-24T21:44:53.850166+00:00,recovery_scenario,iperf_tcp,80,10,,ryu_controller,395188,0.0,60518400
2026-04-24T21:44:53.950671+00:00,recovery_scenario,iperf_tcp,80,10,,twin_core,395196,0.0,67608576
2026-04-24T21:44:53.950671+00:00,recovery_scenario,iperf_tcp,80,10,,ryu_controller,395188,0.0,60518400
2026-04-24T21:44:54.051391+00:00,recovery_scenario,iperf_tcp,80,10,,twin_core,395196,0.0,67608576
2026-04-24T21:44:54.051391+00:00,recovery_scenario,iperf_tcp,80,10,,ryu_controller,395188,0.0,60518400
2026-04-24T21:44:54.152132+00:00,recovery_scenario,iperf_tcp,80,10,,twin_core,395196,0.0,67608576
2026-04-24T21:44:54.152132+00:00,recovery_scenario,iperf_tcp,80,10,,ryu_controller,395188,0.0,60518400
2026-04-24T21:44:54.252823+00:00,recovery_scenario,iperf_tcp,80,10,,twin_core,395196,0.0,67608576
2026-04-24T21:44:54.252823+00:00,recovery_scenario,iperf_tcp,80,10,,ryu_controller,395188,0.0,60518400
2026-04-24T21:44:54.322832+00:00,recovery_scenario,iperf_tcp,80,10,background_traffic_started,,,,
2026-04-24T21:44:54.353451+00:00,recovery_scenario,iperf_tcp,80,10,,twin_core,395196,9.9,67608576
2026-04-24T21:44:54.353451+00:00,recovery_scenario,iperf_tcp,80,10,,ryu_controller,395188,19.9,60518400
2026-04-24T21:44:54.454027+00:00,recovery_scenario,iperf_tcp,80,10,,twin_core,395196,9.9,67608576
2026-04-24T21:44:54.454027+00:00,recovery_scenario,iperf_tcp,80,10,,ryu_controller,395188,79.5,60518400
2026-04-24T21:44:54.493486+00:00,recovery_scenario,iperf_tcp,80,10,fault_injected,,,,
2026-04-24T21:44:54.554543+00:00,recovery_scenario,iperf_tcp,80,10,,twin_core,395196,9.9,67612672
2026-04-24T21:44:54.554543+00:00,recovery_scenario,iperf_tcp,80,10,,ryu_controller,395188,79.0,60534784
2026-04-24T21:44:54.656084+00:00,recovery_scenario,iperf_tcp,80,10,,twin_core,395196,0.0,67612672
2026-04-24T21:44:54.656084+00:00,recovery_scenario,iperf_tcp,80,10,,ryu_controller,395188,99.3,60534784
2026-04-24T21:44:54.756591+00:00,recovery_scenario,iperf_tcp,80,10,,twin_core,395196,0.0,67612672
2026-04-24T21:44:54.756591+00:00,recovery_scenario,iperf_tcp,80,10,,ryu_controller,395188,89.2,60534784
2026-04-24T21:44:54.857539+00:00,recovery_scenario,iperf_tcp,80,10,,twin_core,395196,0.0,67612672
2026-04-24T21:44:54.857539+00:00,recovery_scenario,iperf_tcp,80,10,,ryu_controller,395188,109.2,60551168
2026-04-24T21:44:54.958156+00:00,recovery_scenario,iperf_tcp,80,10,,twin_core,395196,9.9,67612672
2026-04-24T21:44:54.958156+00:00,recovery_scenario,iperf_tcp,80,10,,ryu_controller,395188,89.6,60555264
2026-04-24T21:44:55.058550+00:00,recovery_scenario,iperf_tcp,80,10,,twin_core,395196,0.0,67612672
2026-04-24T21:44:55.058550+00:00,recovery_scenario,iperf_tcp,80,10,,ryu_controller,395188,108.9,60555264
2026-04-24T21:44:55.159909+00:00,recovery_scenario,iperf_tcp,80,10,,twin_core,395196,9.9,67612672
2026-04-24T21:44:55.159909+00:00,recovery_scenario,iperf_tcp,80,10,,ryu_controller,395188,89.3,60555264
2026-04-24T21:44:55.260286+00:00,recovery_scenario,iperf_tcp,80,10,,twin_core,395196,0.0,67612672
2026-04-24T21:44:55.260286+00:00,recovery_scenario,iperf_tcp,80,10,,ryu_controller,395188,9.9,60555264
2026-04-24T21:44:55.361274+00:00,recovery_scenario,iperf_tcp,80,10,,twin_core,395196,0.0,67612672
2026-04-24T21:44:55.361274+00:00,recovery_scenario,iperf_tcp,80,10,,ryu_controller,395188,0.0,60555264
2026-04-24T21:44:55.462632+00:00,recovery_scenario,iperf_tcp,80,10,,twin_core,395196,0.0,67612672
2026-04-24T21:44:55.462632+00:00,recovery_scenario,iperf_tcp,80,10,,ryu_controller,395188,0.0,60555264
2026-04-24T21:44:55.563962+00:00,recovery_scenario,iperf_tcp,80,10,,twin_core,395196,19.8,67612672
2026-04-24T21:44:55.563962+00:00,recovery_scenario,iperf_tcp,80,10,,ryu_controller,395188,49.6,60555264
2026-04-24T21:44:55.622127+00:00,recovery_scenario,iperf_tcp,80,10,recovery_requested,,,,
2026-04-24T21:44:55.664923+00:00,recovery_scenario,iperf_tcp,80,10,,twin_core,395196,9.9,67612672
2026-04-24T21:44:55.664923+00:00,recovery_scenario,iperf_tcp,80,10,,ryu_controller,395188,89.3,60555264
2026-04-24T21:44:55.765531+00:00,recovery_scenario,iperf_tcp,80,10,,twin_core,395196,0.0,67612672
2026-04-24T21:44:55.765531+00:00,recovery_scenario,iperf_tcp,80,10,,ryu_controller,395188,49.5,60555264
2026-04-24T21:44:55.866559+00:00,recovery_scenario,iperf_tcp,80,10,,twin_core,395196,0.0,67612672
2026-04-24T21:44:55.866559+00:00,recovery_scenario,iperf_tcp,80,10,,ryu_controller,395188,39.7,60555264
2026-04-24T21:44:55.967175+00:00,recovery_scenario,iperf_tcp,80,10,,twin_core,395196,0.0,67612672
2026-04-24T21:44:55.967175+00:00,recovery_scenario,iperf_tcp,80,10,,ryu_controller,395188,69.6,60555264
2026-04-24T21:44:56.067785+00:00,recovery_scenario,iperf_tcp,80,10,,twin_core,395196,0.0,67612672
2026-04-24T21:44:56.067785+00:00,recovery_scenario,iperf_tcp,80,10,,ryu_controller,395188,99.5,60555264
2026-04-24T21:44:56.168227+00:00,recovery_scenario,iperf_tcp,80,10,,twin_core,395196,0.0,67612672
2026-04-24T21:44:56.168227+00:00,recovery_scenario,iperf_tcp,80,10,,ryu_controller,395188,99.4,60555264
2026-04-24T21:44:56.268738+00:00,recovery_scenario,iperf_tcp,80,10,,twin_core,395196,0.0,67612672
2026-04-24T21:44:56.268738+00:00,recovery_scenario,iperf_tcp,80,10,,ryu_controller,395188,99.6,60555264
2026-04-24T21:44:56.369477+00:00,recovery_scenario,iperf_tcp,80,10,,twin_core,395196,0.0,67612672
2026-04-24T21:44:56.369477+00:00,recovery_scenario,iperf_tcp,80,10,,ryu_controller,395188,99.2,60555264
2026-04-24T21:44:56.469992+00:00,recovery_scenario,iperf_tcp,80,10,,twin_core,395196,0.0,67612672
2026-04-24T21:44:56.469992+00:00,recovery_scenario,iperf_tcp,80,10,,ryu_controller,395188,108.8,60555264
2026-04-24T21:44:56.571291+00:00,recovery_scenario,iperf_tcp,80,10,,twin_core,395196,0.0,67612672
2026-04-24T21:44:56.571291+00:00,recovery_scenario,iperf_tcp,80,10,,ryu_controller,395188,98.4,60555264
2026-04-24T21:44:56.672958+00:00,recovery_scenario,iperf_tcp,80,10,,twin_core,395196,0.0,67612672
2026-04-24T21:44:56.672958+00:00,recovery_scenario,iperf_tcp,80,10,,ryu_controller,395188,99.0,60555264
2026-04-24T21:44:56.773873+00:00,recovery_scenario,iperf_tcp,80,10,,twin_core,395196,0.0,67612672
2026-04-24T21:44:56.773873+00:00,recovery_scenario,iperf_tcp,80,10,,ryu_controller,395188,89.5,60555264
2026-04-24T21:44:56.874449+00:00,recovery_scenario,iperf_tcp,80,10,,twin_core,395196,9.9,67612672
2026-04-24T21:44:56.874449+00:00,recovery_scenario,iperf_tcp,80,10,,ryu_controller,395188,109.0,60555264
2026-04-24T21:44:56.975196+00:00,recovery_scenario,iperf_tcp,80,10,,twin_core,395196,0.0,67612672
2026-04-24T21:44:56.975196+00:00,recovery_scenario,iperf_tcp,80,10,,ryu_controller,395188,19.9,60555264
2026-04-24T21:44:57.075758+00:00,recovery_scenario,iperf_tcp,80,10,,twin_core,395196,0.0,67612672
2026-04-24T21:44:57.075758+00:00,recovery_scenario,iperf_tcp,80,10,,ryu_controller,395188,9.9,60555264
2026-04-24T21:44:57.176433+00:00,recovery_scenario,iperf_tcp,80,10,,twin_core,395196,0.0,67612672
2026-04-24T21:44:57.176433+00:00,recovery_scenario,iperf_tcp,80,10,,ryu_controller,395188,9.9,60555264
2026-04-24T21:44:57.277824+00:00,recovery_scenario,iperf_tcp,80,10,,twin_core,395196,19.7,67612672
2026-04-24T21:44:57.277824+00:00,recovery_scenario,iperf_tcp,80,10,,ryu_controller,395188,79.3,60555264
2026-04-24T21:44:57.379009+00:00,recovery_scenario,iperf_tcp,80,10,,twin_core,395196,0.0,67612672
2026-04-24T21:44:57.379009+00:00,recovery_scenario,iperf_tcp,80,10,,ryu_controller,395188,9.9,60555264
2026-04-24T21:44:57.479866+00:00,recovery_scenario,iperf_tcp,80,10,,twin_core,395196,0.0,67612672
2026-04-24T21:44:57.479866+00:00,recovery_scenario,iperf_tcp,80,10,,ryu_controller,395188,9.9,60555264
2026-04-24T21:44:57.580434+00:00,recovery_scenario,iperf_tcp,80,10,,twin_core,395196,9.9,67612672
2026-04-24T21:44:57.580434+00:00,recovery_scenario,iperf_tcp,80,10,,ryu_controller,395188,10.0,60555264
2026-04-24T21:44:57.681368+00:00,recovery_scenario,iperf_tcp,80,10,,twin_core,395196,9.8,67612672
2026-04-24T21:44:57.681368+00:00,recovery_scenario,iperf_tcp,80,10,,ryu_controller,395188,39.3,60555264
2026-04-24T21:44:57.737057+00:00,recovery_scenario,iperf_tcp,80,10,scenario_teardown,,,,
2026-04-24T21:44:57.783169+00:00,recovery_scenario,iperf_tcp,80,10,,twin_core,395196,0.0,67612672
2026-04-24T21:44:57.783169+00:00,recovery_scenario,iperf_tcp,80,10,,ryu_controller,395188,79.2,60555264
2026-04-24T21:44:57.883622+00:00,recovery_scenario,iperf_tcp,80,10,,twin_core,395196,0.0,67612672
2026-04-24T21:44:57.883622+00:00,recovery_scenario,iperf_tcp,80,10,,ryu_controller,395188,19.8,60555264
2026-04-24T21:44:57.984636+00:00,recovery_scenario,iperf_tcp,80,10,,twin_core,395196,19.8,67616768
2026-04-24T21:44:57.984636+00:00,recovery_scenario,iperf_tcp,80,10,,ryu_controller,395188,19.9,60555264
2026-04-24T21:44:58.085841+00:00,recovery_scenario,iperf_tcp,80,10,,twin_core,395196,0.0,67616768
2026-04-24T21:44:58.085841+00:00,recovery_scenario,iperf_tcp,80,10,,ryu_controller,395188,9.9,60555264
