timestamp,scenario_name,background_traffic,background_load_percent,repeat_index,event_name,process_name,pid,cpu_percent,rss_bytes,ctx_switches_voluntary,ctx_switches_involuntary,ctx_switches_total,ctx_switches_delta,ctx_switches_per_second
2026-04-24T22:10:35.771017+00:00,recovery_scenario,iperf_tcp,10,1,,twin_core,405717,0.0,65146880,411,62,473,0,0.0
2026-04-24T22:10:35.771017+00:00,recovery_scenario,iperf_tcp,10,1,,ryu_controller,405707,0.0,57643008,9,3,12,0,0.0
2026-04-24T22:10:35.871814+00:00,recovery_scenario,iperf_tcp,10,1,,twin_core,405717,0.0,65196032,425,63,488,15,148.8276
2026-04-24T22:10:35.871814+00:00,recovery_scenario,iperf_tcp,10,1,,ryu_controller,405707,9.9,57909248,14,9,23,11,109.4503
2026-04-24T22:10:35.973052+00:00,recovery_scenario,iperf_tcp,10,1,,twin_core,405717,19.8,65196032,502,69,571,83,819.518
2026-04-24T22:10:35.973052+00:00,recovery_scenario,iperf_tcp,10,1,,ryu_controller,405707,49.4,57999360,28,14,42,19,187.58
2026-04-24T22:10:36.073618+00:00,recovery_scenario,iperf_tcp,10,1,,twin_core,405717,9.9,65200128,590,70,660,89,883.7636
2026-04-24T22:10:36.073618+00:00,recovery_scenario,iperf_tcp,10,1,,ryu_controller,405707,29.8,58003456,51,18,69,27,268.1443
2026-04-24T22:10:36.103457+00:00,recovery_scenario,iperf_tcp,10,1,service_started,,,,,,,,,
2026-04-24T22:10:36.175048+00:00,recovery_scenario,iperf_tcp,10,1,,twin_core,405717,9.8,65994752,618,71,689,29,286.0699
2026-04-24T22:10:36.175048+00:00,recovery_scenario,iperf_tcp,10,1,,ryu_controller,405707,49.3,58105856,103,18,121,52,512.955
2026-04-24T22:10:36.275592+00:00,recovery_scenario,iperf_tcp,10,1,,twin_core,405717,0.0,65998848,619,71,690,1,9.9562
2026-04-24T22:10:36.275592+00:00,recovery_scenario,iperf_tcp,10,1,,ryu_controller,405707,19.9,58109952,127,18,145,24,238.9523
2026-04-24T22:10:36.379049+00:00,recovery_scenario,iperf_tcp,10,1,,twin_core,405717,0.0,65998848,619,71,690,0,0.0
2026-04-24T22:10:36.379049+00:00,recovery_scenario,iperf_tcp,10,1,,ryu_controller,405707,0.0,58109952,133,18,151,6,57.8731
2026-04-24T22:10:36.480548+00:00,recovery_scenario,iperf_tcp,10,1,,twin_core,405717,0.0,65998848,619,71,690,0,0.0
2026-04-24T22:10:36.480548+00:00,recovery_scenario,iperf_tcp,10,1,,ryu_controller,405707,9.8,58109952,147,18,165,14,137.6633
2026-04-24T22:10:36.581442+00:00,recovery_scenario,iperf_tcp,10,1,,twin_core,405717,0.0,65998848,619,71,690,0,0.0
2026-04-24T22:10:36.581442+00:00,recovery_scenario,iperf_tcp,10,1,,ryu_controller,405707,29.8,58175488,189,18,207,42,417.855
2026-04-24T22:10:36.682002+00:00,recovery_scenario,iperf_tcp,10,1,,twin_core,405717,0.0,65998848,619,71,690,0,0.0
2026-04-24T22:10:36.682002+00:00,recovery_scenario,iperf_tcp,10,1,,ryu_controller,405707,49.7,58208256,235,20,255,48,477.2362
2026-04-24T22:10:36.782508+00:00,recovery_scenario,iperf_tcp,10,1,,twin_core,405717,0.0,65998848,619,71,690,0,0.0
2026-04-24T22:10:36.782508+00:00,recovery_scenario,iperf_tcp,10,1,,ryu_controller,405707,29.8,58216448,263,20,283,28,278.2583
2026-04-24T22:10:36.883136+00:00,recovery_scenario,iperf_tcp,10,1,,twin_core,405717,0.0,65998848,619,71,690,0,0.0
2026-04-24T22:10:36.883136+00:00,recovery_scenario,iperf_tcp,10,1,,ryu_controller,405707,9.9,58216448,273,20,293,10,99.5198
2026-04-24T22:10:36.983620+00:00,recovery_scenario,iperf_tcp,10,1,,twin_core,405717,0.0,65998848,619,71,690,0,0.0
2026-04-24T22:10:36.983620+00:00,recovery_scenario,iperf_tcp,10,1,,ryu_controller,405707,0.0,58224640,282,20,302,9,89.539
2026-04-24T22:10:37.084240+00:00,recovery_scenario,iperf_tcp,10,1,,twin_core,405717,0.0,65998848,619,71,690,0,0.0
2026-04-24T22:10:37.084240+00:00,recovery_scenario,iperf_tcp,10,1,,ryu_controller,405707,29.8,58224640,304,20,324,22,218.1594
2026-04-24T22:10:37.184993+00:00,recovery_scenario,iperf_tcp,10,1,,twin_core,405717,9.9,65998848,619,71,690,0,0.0
2026-04-24T22:10:37.184993+00:00,recovery_scenario,iperf_tcp,10,1,,ryu_controller,405707,19.9,58232832,351,22,373,49,487.4221
2026-04-24T22:10:37.286610+00:00,recovery_scenario,iperf_tcp,10,1,,twin_core,405717,0.0,65998848,619,71,690,0,0.0
2026-04-24T22:10:37.286610+00:00,recovery_scenario,iperf_tcp,10,1,,ryu_controller,405707,0.0,58232832,358,22,380,7,68.8571
2026-04-24T22:10:37.387201+00:00,recovery_scenario,iperf_tcp,10,1,,twin_core,405717,0.0,65998848,619,71,690,0,0.0
2026-04-24T22:10:37.387201+00:00,recovery_scenario,iperf_tcp,10,1,,ryu_controller,405707,39.8,58241024,394,23,417,37,368.3244
2026-04-24T22:10:37.487635+00:00,recovery_scenario,iperf_tcp,10,1,,twin_core,405717,0.0,65998848,619,71,690,0,0.0
2026-04-24T22:10:37.487635+00:00,recovery_scenario,iperf_tcp,10,1,,ryu_controller,405707,10.0,58249216,411,24,435,18,179.1266
2026-04-24T22:10:37.588141+00:00,recovery_scenario,iperf_tcp,10,1,,twin_core,405717,0.0,65998848,619,71,690,0,0.0
2026-04-24T22:10:37.588141+00:00,recovery_scenario,iperf_tcp,10,1,,ryu_controller,405707,10.0,58257408,448,24,472,37,368.2783
2026-04-24T22:10:37.688578+00:00,recovery_scenario,iperf_tcp,10,1,,twin_core,405717,0.0,65998848,619,71,690,0,0.0
2026-04-24T22:10:37.688578+00:00,recovery_scenario,iperf_tcp,10,1,,ryu_controller,405707,29.8,58261504,483,24,507,35,348.0822
2026-04-24T22:10:37.789675+00:00,recovery_scenario,iperf_tcp,10,1,,twin_core,405717,0.0,65998848,619,71,690,0,0.0
2026-04-24T22:10:37.789675+00:00,recovery_scenario,iperf_tcp,10,1,,ryu_controller,405707,9.9,58265600,498,24,522,15,148.4319
2026-04-24T22:10:37.891448+00:00,recovery_scenario,iperf_tcp,10,1,,twin_core,405717,0.0,65998848,619,71,690,0,0.0
2026-04-24T22:10:37.891448+00:00,recovery_scenario,iperf_tcp,10,1,,ryu_controller,405707,9.8,58265600,517,24,541,19,186.333
2026-04-24T22:10:37.993145+00:00,recovery_scenario,iperf_tcp,10,1,,twin_core,405717,9.8,65998848,619,71,690,0,0.0
2026-04-24T22:10:37.993145+00:00,recovery_scenario,iperf_tcp,10,1,,ryu_controller,405707,9.8,58269696,531,24,555,14,137.9681
2026-04-24T22:10:38.096316+00:00,recovery_scenario,iperf_tcp,10,1,,twin_core,405717,0.0,65998848,619,71,690,0,0.0
2026-04-24T22:10:38.096316+00:00,recovery_scenario,iperf_tcp,10,1,,ryu_controller,405707,9.7,58269696,549,24,573,18,174.4726
2026-04-24T22:10:38.196784+00:00,recovery_scenario,iperf_tcp,10,1,,twin_core,405717,0.0,66002944,619,71,690,0,0.0
2026-04-24T22:10:38.196784+00:00,recovery_scenario,iperf_tcp,10,1,,ryu_controller,405707,39.7,58347520,606,24,630,57,565.4086
2026-04-24T22:10:38.297929+00:00,recovery_scenario,iperf_tcp,10,1,,twin_core,405717,0.0,66064384,628,71,699,9,88.9041
2026-04-24T22:10:38.297929+00:00,recovery_scenario,iperf_tcp,10,1,,ryu_controller,405707,19.8,58351616,634,24,658,28,277.0699
2026-04-24T22:10:38.398768+00:00,recovery_scenario,iperf_tcp,10,1,,twin_core,405717,0.0,66064384,631,71,702,3,29.7805
2026-04-24T22:10:38.398768+00:00,recovery_scenario,iperf_tcp,10,1,,ryu_controller,405707,9.9,58351616,656,25,681,23,228.6617
2026-04-24T22:10:38.499260+00:00,recovery_scenario,iperf_tcp,10,1,,twin_core,405717,9.9,66064384,634,71,705,3,29.8454
2026-04-24T22:10:38.499260+00:00,recovery_scenario,iperf_tcp,10,1,,ryu_controller,405707,9.9,58351616,663,25,688,7,69.625
2026-04-24T22:10:38.599743+00:00,recovery_scenario,iperf_tcp,10,1,,twin_core,405717,0.0,66064384,634,71,705,0,0.0
2026-04-24T22:10:38.599743+00:00,recovery_scenario,iperf_tcp,10,1,,ryu_controller,405707,10.0,58355712,673,25,698,10,99.6093
2026-04-24T22:10:38.700185+00:00,recovery_scenario,iperf_tcp,10,1,,twin_core,405717,0.0,66064384,637,71,708,3,29.8499
2026-04-24T22:10:38.700185+00:00,recovery_scenario,iperf_tcp,10,1,,ryu_controller,405707,49.7,58445824,714,25,739,41,407.8412
2026-04-24T22:10:38.800970+00:00,recovery_scenario,iperf_tcp,10,1,,twin_core,405717,0.0,66064384,640,71,711,3,29.7689
2026-04-24T22:10:38.800970+00:00,recovery_scenario,iperf_tcp,10,1,,ryu_controller,405707,19.9,58445824,726,25,751,12,119.1051
2026-04-24T22:10:38.903445+00:00,recovery_scenario,iperf_tcp,10,1,,twin_core,405717,0.0,66064384,645,71,716,5,48.6033
2026-04-24T22:10:38.903445+00:00,recovery_scenario,iperf_tcp,10,1,,ryu_controller,405707,0.0,58445824,731,25,756,5,48.5974
2026-04-24T22:10:39.004494+00:00,recovery_scenario,iperf_tcp,10,1,,twin_core,405717,0.0,66064384,652,71,723,7,69.5809
2026-04-24T22:10:39.004494+00:00,recovery_scenario,iperf_tcp,10,1,,ryu_controller,405707,19.8,58445824,756,25,781,25,247.9786
2026-04-24T22:10:39.106566+00:00,recovery_scenario,iperf_tcp,10,1,,twin_core,405717,0.0,66064384,655,71,726,3,29.3482
2026-04-24T22:10:39.106566+00:00,recovery_scenario,iperf_tcp,10,1,,ryu_controller,405707,9.8,58445824,774,25,799,18,176.4351
2026-04-24T22:10:39.208431+00:00,recovery_scenario,iperf_tcp,10,1,,twin_core,405717,0.0,66064384,658,71,729,3,29.4683
2026-04-24T22:10:39.208431+00:00,recovery_scenario,iperf_tcp,10,1,,ryu_controller,405707,9.8,58445824,805,26,831,32,313.8066
2026-04-24T22:10:39.309195+00:00,recovery_scenario,iperf_tcp,10,1,,twin_core,405717,0.0,66064384,661,71,732,3,29.7899
2026-04-24T22:10:39.309195+00:00,recovery_scenario,iperf_tcp,10,1,,ryu_controller,405707,9.9,58445824,819,26,845,14,139.2758
2026-04-24T22:10:39.409686+00:00,recovery_scenario,iperf_tcp,10,1,,twin_core,405717,0.0,66064384,670,71,741,9,89.5105
2026-04-24T22:10:39.409686+00:00,recovery_scenario,iperf_tcp,10,1,,ryu_controller,405707,0.0,58445824,828,26,854,9,89.5071
2026-04-24T22:10:39.511395+00:00,recovery_scenario,iperf_tcp,10,1,,twin_core,405717,0.0,66064384,673,71,744,3,29.4953
2026-04-24T22:10:39.511395+00:00,recovery_scenario,iperf_tcp,10,1,,ryu_controller,405707,9.8,58445824,843,26,869,15,147.3194
2026-04-24T22:10:39.612047+00:00,recovery_scenario,iperf_tcp,10,1,,twin_core,405717,0.0,66064384,676,71,747,3,29.8225
2026-04-24T22:10:39.612047+00:00,recovery_scenario,iperf_tcp,10,1,,ryu_controller,405707,10.0,58449920,858,26,884,15,149.2907
2026-04-24T22:10:39.712514+00:00,recovery_scenario,iperf_tcp,10,1,,twin_core,405717,10.0,66064384,679,71,750,3,29.8692
2026-04-24T22:10:39.712514+00:00,recovery_scenario,iperf_tcp,10,1,,ryu_controller,405707,10.0,58449920,888,26,914,30,298.4405
2026-04-24T22:10:39.813057+00:00,recovery_scenario,iperf_tcp,10,1,,twin_core,405717,0.0,66064384,682,71,753,3,29.8187
2026-04-24T22:10:39.813057+00:00,recovery_scenario,iperf_tcp,10,1,,ryu_controller,405707,9.9,58449920,901,26,927,13,129.293
2026-04-24T22:10:39.913673+00:00,recovery_scenario,iperf_tcp,10,1,,twin_core,405717,0.0,66064384,689,71,760,7,69.3389
2026-04-24T22:10:39.913673+00:00,recovery_scenario,iperf_tcp,10,1,,ryu_controller,405707,0.0,58449920,905,26,931,4,39.5809
2026-04-24T22:10:40.014809+00:00,recovery_scenario,iperf_tcp,10,1,,twin_core,405717,0.0,66064384,698,71,769,9,89.2609
2026-04-24T22:10:40.014809+00:00,recovery_scenario,iperf_tcp,10,1,,ryu_controller,405707,19.8,58458112,928,26,954,23,228.3972
2026-04-24T22:10:40.115359+00:00,recovery_scenario,iperf_tcp,10,1,,twin_core,405717,0.0,66064384,704,71,775,6,59.6659
2026-04-24T22:10:40.115359+00:00,recovery_scenario,iperf_tcp,10,1,,ryu_controller,405707,19.9,58458112,948,26,974,20,198.4568
2026-04-24T22:10:40.216184+00:00,recovery_scenario,iperf_tcp,10,1,,twin_core,405717,0.0,66064384,709,71,780,5,49.6067
2026-04-24T22:10:40.216184+00:00,recovery_scenario,iperf_tcp,10,1,,ryu_controller,405707,9.9,58462208,964,26,990,16,159.0797
2026-04-24T22:10:40.316735+00:00,recovery_scenario,iperf_tcp,10,1,,twin_core,405717,19.9,66158592,715,71,786,6,59.6788
2026-04-24T22:10:40.316735+00:00,recovery_scenario,iperf_tcp,10,1,,ryu_controller,405707,59.7,58687488,1007,26,1033,43,427.7383
2026-04-24T22:10:40.417250+00:00,recovery_scenario,iperf_tcp,10,1,,twin_core,405717,0.0,66158592,724,71,795,9,89.5392
2026-04-24T22:10:40.417250+00:00,recovery_scenario,iperf_tcp,10,1,,ryu_controller,405707,19.9,58687488,1033,26,1059,26,258.6342
2026-04-24T22:10:40.519331+00:00,recovery_scenario,iperf_tcp,10,1,,twin_core,405717,0.0,66158592,727,71,798,3,29.3896
2026-04-24T22:10:40.519331+00:00,recovery_scenario,iperf_tcp,10,1,,ryu_controller,405707,9.8,58687488,1048,26,1074,15,146.9109
2026-04-24T22:10:40.619867+00:00,recovery_scenario,iperf_tcp,10,1,,twin_core,405717,10.0,66158592,730,71,801,3,29.8513
2026-04-24T22:10:40.619867+00:00,recovery_scenario,iperf_tcp,10,1,,ryu_controller,405707,9.9,58687488,1064,26,1090,16,159.2423
2026-04-24T22:10:40.720384+00:00,recovery_scenario,iperf_tcp,10,1,,twin_core,405717,0.0,66158592,735,71,806,5,49.7309
2026-04-24T22:10:40.720384+00:00,recovery_scenario,iperf_tcp,10,1,,ryu_controller,405707,49.7,58699776,1093,26,1119,29,287.9711
2026-04-24T22:10:40.821054+00:00,recovery_scenario,iperf_tcp,10,1,,twin_core,405717,0.0,66158592,744,71,815,9,89.4311
2026-04-24T22:10:40.821054+00:00,recovery_scenario,iperf_tcp,10,1,,ryu_controller,405707,49.7,58736640,1128,26,1154,35,348.4222
2026-04-24T22:10:40.922761+00:00,recovery_scenario,iperf_tcp,10,1,,twin_core,405717,0.0,66158592,747,71,818,3,29.4835
2026-04-24T22:10:40.922761+00:00,recovery_scenario,iperf_tcp,10,1,,ryu_controller,405707,19.7,58736640,1150,26,1176,22,216.1798
2026-04-24T22:10:41.023253+00:00,recovery_scenario,iperf_tcp,10,1,,twin_core,405717,0.0,66158592,749,71,820,2,19.9155
2026-04-24T22:10:41.023253+00:00,recovery_scenario,iperf_tcp,10,1,,ryu_controller,405707,10.0,58736640,1172,26,1198,22,219.077
2026-04-24T22:10:41.126773+00:00,recovery_scenario,iperf_tcp,10,1,,twin_core,405717,0.0,66158592,754,71,825,5,48.2639
2026-04-24T22:10:41.126773+00:00,recovery_scenario,iperf_tcp,10,1,,ryu_controller,405707,9.6,58736640,1175,26,1201,3,28.9495
2026-04-24T22:10:41.227969+00:00,recovery_scenario,iperf_tcp,10,1,,twin_core,405717,0.0,66158592,763,71,834,9,88.9075
2026-04-24T22:10:41.227969+00:00,recovery_scenario,iperf_tcp,10,1,,ryu_controller,405707,0.0,58736640,1185,26,1211,10,98.8199
2026-04-24T22:10:41.330423+00:00,recovery_scenario,iperf_tcp,10,1,,twin_core,405717,0.0,66158592,769,71,840,6,58.4538
2026-04-24T22:10:41.330423+00:00,recovery_scenario,iperf_tcp,10,1,,ryu_controller,405707,9.7,58736640,1213,26,1239,28,272.2523
2026-04-24T22:10:41.431694+00:00,recovery_scenario,iperf_tcp,10,1,,twin_core,405717,0.0,66158592,772,71,843,3,29.6598
2026-04-24T22:10:41.431694+00:00,recovery_scenario,iperf_tcp,10,1,,ryu_controller,405707,19.8,58736640,1239,28,1267,28,277.2475
2026-04-24T22:10:41.532335+00:00,recovery_scenario,iperf_tcp,10,1,,twin_core,405717,0.0,66158592,777,71,848,5,49.7512
2026-04-24T22:10:41.532335+00:00,recovery_scenario,iperf_tcp,10,1,,ryu_controller,405707,0.0,58736640,1242,28,1270,3,29.8634
2026-04-24T22:10:41.635079+00:00,recovery_scenario,iperf_tcp,10,1,,twin_core,405717,0.0,66158592,781,71,852,4,38.9229
2026-04-24T22:10:41.635079+00:00,recovery_scenario,iperf_tcp,10,1,,ryu_controller,405707,9.7,58736640,1251,28,1279,9,87.581
2026-04-24T22:10:41.742604+00:00,recovery_scenario,iperf_tcp,10,1,,twin_core,405717,9.1,66158592,787,71,858,6,54.6483
2026-04-24T22:10:41.742604+00:00,recovery_scenario,iperf_tcp,10,1,,ryu_controller,405707,9.1,58736640,1275,28,1303,24,218.5913
2026-04-24T22:10:41.847206+00:00,recovery_scenario,iperf_tcp,10,1,,twin_core,405717,0.0,66158592,790,71,861,3,29.2694
2026-04-24T22:10:41.847206+00:00,recovery_scenario,iperf_tcp,10,1,,ryu_controller,405707,9.8,58736640,1286,28,1314,11,107.2549
2026-04-24T22:10:41.888670+00:00,recovery_scenario,iperf_tcp,10,1,pingall_completed,,,,,,,,,
2026-04-24T22:10:41.948597+00:00,recovery_scenario,iperf_tcp,10,1,,twin_core,405717,9.9,66162688,801,72,873,12,118.4023
2026-04-24T22:10:41.948597+00:00,recovery_scenario,iperf_tcp,10,1,,ryu_controller,405707,0.0,58736640,1302,30,1332,18,177.681
2026-04-24T22:10:42.053863+00:00,recovery_scenario,iperf_tcp,10,1,,twin_core,405717,0.0,66162688,801,72,873,0,0.0
2026-04-24T22:10:42.053863+00:00,recovery_scenario,iperf_tcp,10,1,,ryu_controller,405707,9.5,58736640,1306,30,1336,4,38.0262
2026-04-24T22:10:42.157923+00:00,recovery_scenario,iperf_tcp,10,1,,twin_core,405717,0.0,66162688,801,72,873,0,0.0
2026-04-24T22:10:42.157923+00:00,recovery_scenario,iperf_tcp,10,1,,ryu_controller,405707,0.0,58736640,1310,30,1340,4,38.4329
2026-04-24T22:10:42.258545+00:00,recovery_scenario,iperf_tcp,10,1,,twin_core,405717,0.0,66162688,801,72,873,0,0.0
2026-04-24T22:10:42.258545+00:00,recovery_scenario,iperf_tcp,10,1,,ryu_controller,405707,0.0,58736640,1314,30,1344,4,39.6831
2026-04-24T22:10:42.360812+00:00,recovery_scenario,iperf_tcp,10,1,,twin_core,405717,9.8,66162688,801,72,873,0,0.0
2026-04-24T22:10:42.360812+00:00,recovery_scenario,iperf_tcp,10,1,,ryu_controller,405707,58.9,58740736,1356,30,1386,42,412.0903
2026-04-24T22:10:42.464038+00:00,recovery_scenario,iperf_tcp,10,1,,twin_core,405717,0.0,66228224,801,72,873,0,0.0
2026-04-24T22:10:42.464038+00:00,recovery_scenario,iperf_tcp,10,1,,ryu_controller,405707,29.0,58834944,1375,30,1405,19,183.5636
2026-04-24T22:10:42.564778+00:00,recovery_scenario,iperf_tcp,10,1,,twin_core,405717,0.0,66228224,801,72,873,0,0.0
2026-04-24T22:10:42.564778+00:00,recovery_scenario,iperf_tcp,10,1,,ryu_controller,405707,0.0,58834944,1378,30,1408,3,29.8088
2026-04-24T22:10:42.666556+00:00,recovery_scenario,iperf_tcp,10,1,,twin_core,405717,0.0,66228224,801,72,873,0,0.0
2026-04-24T22:10:42.666556+00:00,recovery_scenario,iperf_tcp,10,1,,ryu_controller,405707,9.8,58834944,1382,30,1412,4,39.2674
2026-04-24T22:10:42.768266+00:00,recovery_scenario,iperf_tcp,10,1,,twin_core,405717,0.0,66228224,801,72,873,0,0.0
2026-04-24T22:10:42.768266+00:00,recovery_scenario,iperf_tcp,10,1,,ryu_controller,405707,0.0,58834944,1385,30,1415,3,29.3413
2026-04-24T22:10:42.869482+00:00,recovery_scenario,iperf_tcp,10,1,,twin_core,405717,0.0,66228224,801,72,873,0,0.0
2026-04-24T22:10:42.869482+00:00,recovery_scenario,iperf_tcp,10,1,,ryu_controller,405707,69.7,58839040,1436,30,1466,51,507.6797
2026-04-24T22:10:42.969932+00:00,recovery_scenario,iperf_tcp,10,1,,twin_core,405717,10.0,66232320,806,72,878,5,49.7497
2026-04-24T22:10:42.969932+00:00,recovery_scenario,iperf_tcp,10,1,,ryu_controller,405707,9.9,58912768,1439,30,1469,3,29.8598
2026-04-24T22:10:43.070389+00:00,recovery_scenario,iperf_tcp,10,1,,twin_core,405717,0.0,66232320,806,72,878,0,0.0
2026-04-24T22:10:43.070389+00:00,recovery_scenario,iperf_tcp,10,1,,ryu_controller,405707,0.0,58912768,1442,30,1472,3,29.8304
2026-04-24T22:10:43.171161+00:00,recovery_scenario,iperf_tcp,10,1,,twin_core,405717,0.0,66232320,806,72,878,0,0.0
2026-04-24T22:10:43.171161+00:00,recovery_scenario,iperf_tcp,10,1,,ryu_controller,405707,0.0,58912768,1445,31,1476,4,39.7043
2026-04-24T22:10:43.272328+00:00,recovery_scenario,iperf_tcp,10,1,,twin_core,405717,0.0,66232320,806,72,878,0,0.0
2026-04-24T22:10:43.272328+00:00,recovery_scenario,iperf_tcp,10,1,,ryu_controller,405707,9.9,58912768,1448,33,1481,5,49.3402
2026-04-24T22:10:43.375815+00:00,recovery_scenario,iperf_tcp,10,1,,twin_core,405717,0.0,66232320,806,72,878,0,0.0
2026-04-24T22:10:43.375815+00:00,recovery_scenario,iperf_tcp,10,1,,ryu_controller,405707,0.0,58912768,1472,35,1507,26,251.4519
2026-04-24T22:10:43.476439+00:00,recovery_scenario,iperf_tcp,10,1,,twin_core,405717,0.0,66232320,806,72,878,0,0.0
2026-04-24T22:10:43.476439+00:00,recovery_scenario,iperf_tcp,10,1,,ryu_controller,405707,0.0,58912768,1475,39,1514,7,69.1415
2026-04-24T22:10:43.579092+00:00,recovery_scenario,iperf_tcp,10,1,,twin_core,405717,0.0,66232320,806,72,878,0,0.0
2026-04-24T22:10:43.579092+00:00,recovery_scenario,iperf_tcp,10,1,,ryu_controller,405707,0.0,58912768,1479,48,1527,13,126.5047
2026-04-24T22:10:43.680823+00:00,recovery_scenario,iperf_tcp,10,1,,twin_core,405717,0.0,66232320,806,72,878,0,0.0
2026-04-24T22:10:43.680823+00:00,recovery_scenario,iperf_tcp,10,1,,ryu_controller,405707,0.0,58912768,1483,54,1537,10,97.0734
2026-04-24T22:10:43.784177+00:00,recovery_scenario,iperf_tcp,10,1,,twin_core,405717,0.0,66232320,806,72,878,0,0.0
2026-04-24T22:10:43.784177+00:00,recovery_scenario,iperf_tcp,10,1,,ryu_controller,405707,9.9,58912768,1487,58,1545,8,79.0492
2026-04-24T22:10:43.888755+00:00,recovery_scenario,iperf_tcp,10,1,,twin_core,405717,0.0,66232320,806,72,878,0,0.0
2026-04-24T22:10:43.888755+00:00,recovery_scenario,iperf_tcp,10,1,,ryu_controller,405707,0.0,58912768,1511,62,1573,28,267.7846
2026-04-24T22:10:43.905751+00:00,recovery_scenario,iperf_tcp,10,1,background_traffic_started,,,,,,,,,
2026-04-24T22:10:43.989225+00:00,recovery_scenario,iperf_tcp,10,1,,twin_core,405717,0.0,66244608,816,86,902,24,238.7307
2026-04-24T22:10:43.989225+00:00,recovery_scenario,iperf_tcp,10,1,,ryu_controller,405707,19.9,58912768,1521,74,1595,22,218.8856
2026-04-24T22:10:44.090444+00:00,recovery_scenario,iperf_tcp,10,1,,twin_core,405717,19.8,66301952,826,98,924,22,217.5576
2026-04-24T22:10:44.090444+00:00,recovery_scenario,iperf_tcp,10,1,,ryu_controller,405707,39.6,58912768,1531,94,1625,30,296.5113
2026-04-24T22:10:44.157272+00:00,recovery_scenario,iperf_tcp,10,1,fault_injected,,,,,,,,,
2026-04-24T22:10:44.191452+00:00,recovery_scenario,iperf_tcp,10,1,,twin_core,405717,0.0,66408448,837,103,940,16,158.3804
2026-04-24T22:10:44.191452+00:00,recovery_scenario,iperf_tcp,10,1,,ryu_controller,405707,29.7,58925056,1539,158,1697,72,711.6579
2026-04-24T22:10:44.296325+00:00,recovery_scenario,iperf_tcp,10,1,,twin_core,405717,0.0,66408448,837,103,940,0,0.0
2026-04-24T22:10:44.296325+00:00,recovery_scenario,iperf_tcp,10,1,,ryu_controller,405707,38.1,59371520,1539,250,1789,92,879.1387
2026-04-24T22:10:44.396746+00:00,recovery_scenario,iperf_tcp,10,1,,twin_core,405717,0.0,66408448,837,103,940,0,0.0
2026-04-24T22:10:44.396746+00:00,recovery_scenario,iperf_tcp,10,1,,ryu_controller,405707,49.8,59412480,1539,394,1933,144,1433.9642
2026-04-24T22:10:44.497173+00:00,recovery_scenario,iperf_tcp,10,1,,twin_core,405717,0.0,66408448,837,103,940,0,0.0
2026-04-24T22:10:44.497173+00:00,recovery_scenario,iperf_tcp,10,1,,ryu_controller,405707,79.1,59453440,1539,564,2103,170,1680.1331
2026-04-24T22:10:44.598355+00:00,recovery_scenario,iperf_tcp,10,1,,twin_core,405717,9.9,66408448,837,103,940,0,0.0
2026-04-24T22:10:44.598355+00:00,recovery_scenario,iperf_tcp,10,1,,ryu_controller,405707,89.5,59461632,1539,564,2103,0,0.0
2026-04-24T22:10:44.698890+00:00,recovery_scenario,iperf_tcp,10,1,,twin_core,405717,0.0,66408448,838,103,941,1,9.9442
2026-04-24T22:10:44.698890+00:00,recovery_scenario,iperf_tcp,10,1,,ryu_controller,405707,99.4,59461632,1539,564,2103,0,0.0
2026-04-24T22:10:44.800338+00:00,recovery_scenario,iperf_tcp,10,1,,twin_core,405717,0.0,66408448,838,103,941,0,0.0
2026-04-24T22:10:44.800338+00:00,recovery_scenario,iperf_tcp,10,1,,ryu_controller,405707,88.7,59461632,1539,755,2294,191,1880.296
2026-04-24T22:10:44.909556+00:00,recovery_scenario,iperf_tcp,10,1,,twin_core,405717,0.0,66408448,838,103,941,0,0.0
2026-04-24T22:10:44.909556+00:00,recovery_scenario,iperf_tcp,10,1,,ryu_controller,405707,68.7,59473920,1539,968,2507,213,1825.8638
2026-04-24T22:10:45.017691+00:00,recovery_scenario,iperf_tcp,10,1,,twin_core,405717,0.0,66408448,838,103,941,0,0.0
2026-04-24T22:10:45.017691+00:00,recovery_scenario,iperf_tcp,10,1,,ryu_controller,405707,78.8,59494400,1539,1096,2635,128,1265.1779
2026-04-24T22:10:45.121803+00:00,recovery_scenario,iperf_tcp,10,1,,twin_core,405717,0.0,66408448,838,103,941,0,0.0
2026-04-24T22:10:45.121803+00:00,recovery_scenario,iperf_tcp,10,1,,ryu_controller,405707,77.3,59494400,1539,1266,2805,170,1643.2456
2026-04-24T22:10:45.222223+00:00,recovery_scenario,iperf_tcp,10,1,,twin_core,405717,0.0,66412544,839,105,944,3,29.8813
2026-04-24T22:10:45.222223+00:00,recovery_scenario,iperf_tcp,10,1,,ryu_controller,405707,59.8,59494400,1539,1455,2994,189,1882.667
2026-04-24T22:10:45.322619+00:00,recovery_scenario,iperf_tcp,10,1,,twin_core,405717,0.0,66412544,839,105,944,0,0.0
2026-04-24T22:10:45.322619+00:00,recovery_scenario,iperf_tcp,10,1,,ryu_controller,405707,69.6,59494400,1539,1701,3240,246,2446.9577
2026-04-24T22:10:45.423161+00:00,recovery_scenario,iperf_tcp,10,1,,twin_core,405717,0.0,66412544,839,105,944,0,0.0
2026-04-24T22:10:45.423161+00:00,recovery_scenario,iperf_tcp,10,1,,ryu_controller,405707,69.7,59494400,1539,1821,3360,120,1194.7917
2026-04-24T22:10:45.523590+00:00,recovery_scenario,iperf_tcp,10,1,,twin_core,405717,0.0,66412544,839,105,944,0,0.0
2026-04-24T22:10:45.523590+00:00,recovery_scenario,iperf_tcp,10,1,,ryu_controller,405707,59.7,59494400,1539,1934,3473,113,1123.663
2026-04-24T22:10:45.625776+00:00,recovery_scenario,iperf_tcp,10,1,,twin_core,405717,0.0,66412544,839,105,944,0,0.0
2026-04-24T22:10:45.625776+00:00,recovery_scenario,iperf_tcp,10,1,,ryu_controller,405707,68.6,59494400,1539,2045,3584,111,1087.6257
2026-04-24T22:10:45.726204+00:00,recovery_scenario,iperf_tcp,10,1,,twin_core,405717,0.0,66412544,840,105,945,1,9.955
2026-04-24T22:10:45.726204+00:00,recovery_scenario,iperf_tcp,10,1,,ryu_controller,405707,59.7,59494400,1539,2372,3911,327,3253.177
2026-04-24T22:10:45.827487+00:00,recovery_scenario,iperf_tcp,10,1,,twin_core,405717,0.0,66412544,840,105,945,0,0.0
2026-04-24T22:10:45.827487+00:00,recovery_scenario,iperf_tcp,10,1,,ryu_controller,405707,79.0,59498496,1539,2734,4273,362,3572.8723
2026-04-24T22:10:45.934355+00:00,recovery_scenario,iperf_tcp,10,1,,twin_core,405717,9.4,66412544,840,105,945,0,0.0
2026-04-24T22:10:45.934355+00:00,recovery_scenario,iperf_tcp,10,1,,ryu_controller,405707,56.2,59498496,1539,2966,4505,232,2174.2312
2026-04-24T22:10:46.034791+00:00,recovery_scenario,iperf_tcp,10,1,,twin_core,405717,0.0,66412544,840,105,945,0,0.0
2026-04-24T22:10:46.034791+00:00,recovery_scenario,iperf_tcp,10,1,,ryu_controller,405707,39.8,59502592,1539,3092,4631,126,1253.8925
2026-04-24T22:10:46.135393+00:00,recovery_scenario,iperf_tcp,10,1,,twin_core,405717,0.0,66412544,840,105,945,0,0.0
2026-04-24T22:10:46.135393+00:00,recovery_scenario,iperf_tcp,10,1,,ryu_controller,405707,39.1,59502592,1539,3241,4780,149,1457.0215
2026-04-24T22:10:46.237498+00:00,recovery_scenario,iperf_tcp,10,1,,twin_core,405717,0.0,66412544,841,105,946,1,9.948
2026-04-24T22:10:46.237498+00:00,recovery_scenario,iperf_tcp,10,1,,ryu_controller,405707,49.7,59502592,1539,3362,4901,121,1203.7984
2026-04-24T22:10:46.338029+00:00,recovery_scenario,iperf_tcp,10,1,,twin_core,405717,0.0,66412544,841,105,946,0,0.0
2026-04-24T22:10:46.338029+00:00,recovery_scenario,iperf_tcp,10,1,,ryu_controller,405707,59.5,59502592,1539,3587,5126,225,2227.6612
2026-04-24T22:10:46.440572+00:00,recovery_scenario,iperf_tcp,10,1,,twin_core,405717,0.0,66412544,841,105,946,0,0.0
2026-04-24T22:10:46.440572+00:00,recovery_scenario,iperf_tcp,10,1,,ryu_controller,405707,58.7,59502592,1539,3822,5361,235,2302.006
2026-04-24T22:10:46.544176+00:00,recovery_scenario,iperf_tcp,10,1,,twin_core,405717,0.0,66412544,841,105,946,0,0.0
2026-04-24T22:10:46.544176+00:00,recovery_scenario,iperf_tcp,10,1,,ryu_controller,405707,38.4,59502592,1539,3926,5465,104,998.1125
2026-04-24T22:10:46.646163+00:00,recovery_scenario,iperf_tcp,10,1,,twin_core,405717,0.0,66412544,841,105,946,0,0.0
2026-04-24T22:10:46.646163+00:00,recovery_scenario,iperf_tcp,10,1,,ryu_controller,405707,49.3,59502592,1539,4038,5577,112,1106.1123
2026-04-24T22:10:46.746551+00:00,recovery_scenario,iperf_tcp,10,1,,twin_core,405717,0.0,66412544,842,105,947,1,9.8689
2026-04-24T22:10:46.746551+00:00,recovery_scenario,iperf_tcp,10,1,,ryu_controller,405707,59.1,59506688,1539,4220,5759,182,1793.0939
2026-04-24T22:10:46.848075+00:00,recovery_scenario,iperf_tcp,10,1,,twin_core,405717,0.0,66412544,842,105,947,0,0.0
2026-04-24T22:10:46.848075+00:00,recovery_scenario,iperf_tcp,10,1,,ryu_controller,405707,59.7,59514880,1541,4357,5898,139,1383.6525
2026-04-24T22:10:46.948523+00:00,recovery_scenario,iperf_tcp,10,1,,twin_core,405717,19.9,66449408,842,105,947,0,0.0
2026-04-24T22:10:46.948523+00:00,recovery_scenario,iperf_tcp,10,1,,ryu_controller,405707,39.8,59518976,1553,4381,5934,36,358.0797
2026-04-24T22:10:47.049348+00:00,recovery_scenario,iperf_tcp,10,1,,twin_core,405717,0.0,66449408,842,105,947,0,0.0
2026-04-24T22:10:47.049348+00:00,recovery_scenario,iperf_tcp,10,1,,ryu_controller,405707,0.0,59518976,1560,4384,5944,10,98.0105
2026-04-24T22:10:47.151156+00:00,recovery_scenario,iperf_tcp,10,1,,twin_core,405717,0.0,66449408,842,105,947,0,0.0
2026-04-24T22:10:47.151156+00:00,recovery_scenario,iperf_tcp,10,1,,ryu_controller,405707,0.0,59518976,1566,4387,5953,9,89.5149
2026-04-24T22:10:47.252545+00:00,recovery_scenario,iperf_tcp,10,1,,twin_core,405717,0.0,66449408,855,108,963,16,157.6834
2026-04-24T22:10:47.252545+00:00,recovery_scenario,iperf_tcp,10,1,,ryu_controller,405707,29.6,59518976,1578,4423,6001,48,472.7797
2026-04-24T22:10:47.354541+00:00,recovery_scenario,iperf_tcp,10,1,,twin_core,405717,9.8,66449408,870,110,980,17,166.9415
2026-04-24T22:10:47.354541+00:00,recovery_scenario,iperf_tcp,10,1,,ryu_controller,405707,49.0,59518976,1594,4491,6085,84,823.3713
2026-04-24T22:10:47.370252+00:00,recovery_scenario,iperf_tcp,10,1,recovery_requested,,,,,,,,,
2026-04-24T22:10:47.455179+00:00,recovery_scenario,iperf_tcp,10,1,,twin_core,405717,0.0,66457600,873,112,985,5,49.663
2026-04-24T22:10:47.455179+00:00,recovery_scenario,iperf_tcp,10,1,,ryu_controller,405707,19.9,59518976,1613,4559,6172,87,866.2103
2026-04-24T22:10:47.555668+00:00,recovery_scenario,iperf_tcp,10,1,,twin_core,405717,0.0,66457600,873,112,985,0,0.0
2026-04-24T22:10:47.555668+00:00,recovery_scenario,iperf_tcp,10,1,,ryu_controller,405707,19.9,59518976,1628,4625,6253,81,805.0036
2026-04-24T22:10:47.658331+00:00,recovery_scenario,iperf_tcp,10,1,,twin_core,405717,0.0,66457600,873,112,985,0,0.0
2026-04-24T22:10:47.658331+00:00,recovery_scenario,iperf_tcp,10,1,,ryu_controller,405707,29.3,59518976,1628,4729,6357,104,1014.6007
2026-04-24T22:10:47.760137+00:00,recovery_scenario,iperf_tcp,10,1,,twin_core,405717,0.0,66457600,873,112,985,0,0.0
2026-04-24T22:10:47.760137+00:00,recovery_scenario,iperf_tcp,10,1,,ryu_controller,405707,49.0,59518976,1628,4959,6587,230,2238.6688
2026-04-24T22:10:47.861550+00:00,recovery_scenario,iperf_tcp,10,1,,twin_core,405717,0.0,66457600,873,112,985,0,0.0
2026-04-24T22:10:47.861550+00:00,recovery_scenario,iperf_tcp,10,1,,ryu_controller,405707,69.0,59518976,1628,5296,6924,337,3341.9637
2026-04-24T22:10:47.962983+00:00,recovery_scenario,iperf_tcp,10,1,,twin_core,405717,0.0,66461696,874,113,987,2,19.7437
2026-04-24T22:10:47.962983+00:00,recovery_scenario,iperf_tcp,10,1,,ryu_controller,405707,59.3,59518976,1628,5634,7262,338,3344.039
2026-04-24T22:10:48.063407+00:00,recovery_scenario,iperf_tcp,10,1,,twin_core,405717,0.0,66461696,874,113,987,0,0.0
2026-04-24T22:10:48.063407+00:00,recovery_scenario,iperf_tcp,10,1,,ryu_controller,405707,69.7,59518976,1628,5976,7604,342,3355.1559
2026-04-24T22:10:48.165351+00:00,recovery_scenario,iperf_tcp,10,1,,twin_core,405717,0.0,66461696,874,113,987,0,0.0
2026-04-24T22:10:48.165351+00:00,recovery_scenario,iperf_tcp,10,1,,ryu_controller,405707,58.8,59518976,1628,6348,7976,372,3701.7212
2026-04-24T22:10:48.266229+00:00,recovery_scenario,iperf_tcp,10,1,,twin_core,405717,0.0,66461696,874,113,987,0,0.0
2026-04-24T22:10:48.266229+00:00,recovery_scenario,iperf_tcp,10,1,,ryu_controller,405707,49.6,59518976,1628,6548,8176,200,1983.2834
2026-04-24T22:10:48.366653+00:00,recovery_scenario,iperf_tcp,10,1,,twin_core,405717,0.0,66461696,874,113,987,0,0.0
2026-04-24T22:10:48.366653+00:00,recovery_scenario,iperf_tcp,10,1,,ryu_controller,405707,49.8,59523072,1628,6725,8353,177,1762.0181
2026-04-24T22:10:48.467101+00:00,recovery_scenario,iperf_tcp,10,1,,twin_core,405717,0.0,66461696,875,113,988,1,9.9607
2026-04-24T22:10:48.467101+00:00,recovery_scenario,iperf_tcp,10,1,,ryu_controller,405707,59.8,59523072,1628,6933,8561,208,2071.7467
2026-04-24T22:10:48.567807+00:00,recovery_scenario,iperf_tcp,10,1,,twin_core,405717,0.0,66461696,875,113,988,0,0.0
2026-04-24T22:10:48.567807+00:00,recovery_scenario,iperf_tcp,10,1,,ryu_controller,405707,39.7,59523072,1628,7109,8737,176,1747.8105
2026-04-24T22:10:48.668692+00:00,recovery_scenario,iperf_tcp,10,1,,twin_core,405717,0.0,66461696,875,113,988,0,0.0
2026-04-24T22:10:48.668692+00:00,recovery_scenario,iperf_tcp,10,1,,ryu_controller,405707,49.5,59523072,1628,7321,8949,212,2098.6307
2026-04-24T22:10:48.769688+00:00,recovery_scenario,iperf_tcp,10,1,,twin_core,405717,0.0,66461696,875,113,988,0,0.0
2026-04-24T22:10:48.769688+00:00,recovery_scenario,iperf_tcp,10,1,,ryu_controller,405707,49.3,59523072,1628,7505,9133,184,1805.8868
2026-04-24T22:10:48.871160+00:00,recovery_scenario,iperf_tcp,10,1,,twin_core,405717,9.9,66461696,875,113,988,0,0.0
2026-04-24T22:10:48.871160+00:00,recovery_scenario,iperf_tcp,10,1,,ryu_controller,405707,39.6,59523072,1628,7668,9296,163,1622.3345
2026-04-24T22:10:48.972689+00:00,recovery_scenario,iperf_tcp,10,1,,twin_core,405717,0.0,66461696,876,113,989,1,9.8361
2026-04-24T22:10:48.972689+00:00,recovery_scenario,iperf_tcp,10,1,,ryu_controller,405707,39.3,59523072,1628,7755,9383,87,855.6367
2026-04-24T22:10:49.073272+00:00,recovery_scenario,iperf_tcp,10,1,,twin_core,405717,0.0,66461696,876,113,989,0,0.0
2026-04-24T22:10:49.073272+00:00,recovery_scenario,iperf_tcp,10,1,,ryu_controller,405707,39.8,59523072,1628,7829,9457,74,737.0995
2026-04-24T22:10:49.174871+00:00,recovery_scenario,iperf_tcp,10,1,,twin_core,405717,0.0,66461696,876,113,989,0,0.0
2026-04-24T22:10:49.174871+00:00,recovery_scenario,iperf_tcp,10,1,,ryu_controller,405707,59.0,59527168,1628,8062,9690,233,2290.7255
2026-04-24T22:10:49.275691+00:00,recovery_scenario,iperf_tcp,10,1,,twin_core,405717,0.0,66461696,876,113,989,0,0.0
2026-04-24T22:10:49.275691+00:00,recovery_scenario,iperf_tcp,10,1,,ryu_controller,405707,69.4,59527168,1628,8356,9984,294,2916.7438
2026-04-24T22:10:49.378689+00:00,recovery_scenario,iperf_tcp,10,1,,twin_core,405717,0.0,66461696,876,113,989,0,0.0
2026-04-24T22:10:49.378689+00:00,recovery_scenario,iperf_tcp,10,1,,ryu_controller,405707,67.9,59527168,1628,8670,10298,314,3047.1864
2026-04-24T22:10:49.479211+00:00,recovery_scenario,iperf_tcp,10,1,,twin_core,405717,0.0,66461696,877,113,990,1,9.9604
2026-04-24T22:10:49.479211+00:00,recovery_scenario,iperf_tcp,10,1,,ryu_controller,405707,89.6,59527168,1628,8874,10502,204,2031.8531
2026-04-24T22:10:49.579663+00:00,recovery_scenario,iperf_tcp,10,1,,twin_core,405717,0.0,66461696,877,113,990,0,0.0
2026-04-24T22:10:49.579663+00:00,recovery_scenario,iperf_tcp,10,1,,ryu_controller,405707,99.5,59576320,1628,8994,10622,120,1193.6928
2026-04-24T22:10:49.680832+00:00,recovery_scenario,iperf_tcp,10,1,,twin_core,405717,0.0,66461696,877,113,990,0,0.0
2026-04-24T22:10:49.680832+00:00,recovery_scenario,iperf_tcp,10,1,,ryu_controller,405707,89.0,59576320,1628,9149,10777,155,1533.0748
2026-04-24T22:10:49.781276+00:00,recovery_scenario,iperf_tcp,10,1,,twin_core,405717,0.0,66461696,877,113,990,0,0.0
2026-04-24T22:10:49.781276+00:00,recovery_scenario,iperf_tcp,10,1,,ryu_controller,405707,68.0,59576320,1628,9354,10982,205,1991.7705
2026-04-24T22:10:49.884237+00:00,recovery_scenario,iperf_tcp,10,1,,twin_core,405717,0.0,66461696,877,113,990,0,0.0
2026-04-24T22:10:49.884237+00:00,recovery_scenario,iperf_tcp,10,1,,ryu_controller,405707,39.8,59576320,1628,9439,11067,85,845.497
2026-04-24T22:10:49.986515+00:00,recovery_scenario,iperf_tcp,10,1,,twin_core,405717,0.0,66461696,878,113,991,1,9.7677
2026-04-24T22:10:49.986515+00:00,recovery_scenario,iperf_tcp,10,1,,ryu_controller,405707,48.4,59576320,1628,9527,11155,88,851.5415
2026-04-24T22:10:50.088688+00:00,recovery_scenario,iperf_tcp,10,1,,twin_core,405717,0.0,66461696,878,113,991,0,0.0
2026-04-24T22:10:50.088688+00:00,recovery_scenario,iperf_tcp,10,1,,ryu_controller,405707,39.5,59576320,1628,9615,11243,88,869.7747
2026-04-24T22:10:50.191267+00:00,recovery_scenario,iperf_tcp,10,1,,twin_core,405717,0.0,66461696,878,113,991,0,0.0
2026-04-24T22:10:50.191267+00:00,recovery_scenario,iperf_tcp,10,1,,ryu_controller,405707,39.0,59576320,1628,9658,11286,43,409.7898
2026-04-24T22:10:50.294201+00:00,recovery_scenario,iperf_tcp,10,1,,twin_core,405717,9.7,66461696,878,113,991,0,0.0
2026-04-24T22:10:50.294201+00:00,recovery_scenario,iperf_tcp,10,1,,ryu_controller,405707,29.2,59576320,1628,9698,11326,40,398.1243
2026-04-24T22:10:50.394781+00:00,recovery_scenario,iperf_tcp,10,1,,twin_core,405717,0.0,66461696,879,113,992,1,9.9442
2026-04-24T22:10:50.394781+00:00,recovery_scenario,iperf_tcp,10,1,,ryu_controller,405707,29.8,59576320,1628,9739,11367,41,407.7193
2026-04-24T22:10:50.496487+00:00,recovery_scenario,iperf_tcp,10,1,,twin_core,405717,0.0,66461696,879,113,992,0,0.0
2026-04-24T22:10:50.496487+00:00,recovery_scenario,iperf_tcp,10,1,,ryu_controller,405707,39.2,59576320,1628,9798,11426,59,578.59
2026-04-24T22:10:50.597509+00:00,recovery_scenario,iperf_tcp,10,1,,twin_core,405717,0.0,66461696,879,113,992,0,0.0
2026-04-24T22:10:50.597509+00:00,recovery_scenario,iperf_tcp,10,1,,ryu_controller,405707,29.7,59576320,1628,9851,11479,53,525.6101
2026-04-24T22:10:50.698787+00:00,recovery_scenario,iperf_tcp,10,1,,twin_core,405717,0.0,66461696,879,113,992,0,0.0
2026-04-24T22:10:50.698787+00:00,recovery_scenario,iperf_tcp,10,1,,ryu_controller,405707,39.4,59576320,1628,9999,11627,148,1459.4059
2026-04-24T22:10:50.800686+00:00,recovery_scenario,iperf_tcp,10,1,,twin_core,405717,0.0,66461696,879,113,992,0,0.0
2026-04-24T22:10:50.800686+00:00,recovery_scenario,iperf_tcp,10,1,,ryu_controller,405707,39.3,59576320,1628,10147,11775,148,1453.9685
2026-04-24T22:10:50.901190+00:00,recovery_scenario,iperf_tcp,10,1,,twin_core,405717,0.0,66461696,880,113,993,1,9.9574
2026-04-24T22:10:50.901190+00:00,recovery_scenario,iperf_tcp,10,1,,ryu_controller,405707,49.8,59576320,1628,10317,11945,170,1693.0269
2026-04-24T22:10:51.001694+00:00,recovery_scenario,iperf_tcp,10,1,,twin_core,405717,0.0,66461696,880,113,993,0,0.0
2026-04-24T22:10:51.001694+00:00,recovery_scenario,iperf_tcp,10,1,,ryu_controller,405707,29.8,59580416,1631,10435,12066,121,1202.038
2026-04-24T22:10:51.103456+00:00,recovery_scenario,iperf_tcp,10,1,,twin_core,405717,19.7,66473984,880,113,993,0,0.0
2026-04-24T22:10:51.103456+00:00,recovery_scenario,iperf_tcp,10,1,,ryu_controller,405707,9.8,59580416,1641,10454,12095,29,285.0688
2026-04-24T22:10:51.204010+00:00,recovery_scenario,iperf_tcp,10,1,,twin_core,405717,0.0,66473984,880,113,993,0,0.0
2026-04-24T22:10:51.204010+00:00,recovery_scenario,iperf_tcp,10,1,,ryu_controller,405707,10.0,59580416,1650,10479,12129,34,338.3612
2026-04-24T22:10:51.305801+00:00,recovery_scenario,iperf_tcp,10,1,,twin_core,405717,0.0,66473984,880,113,993,0,0.0
2026-04-24T22:10:51.305801+00:00,recovery_scenario,iperf_tcp,10,1,,ryu_controller,405707,0.0,59580416,1656,10481,12137,8,78.5643
2026-04-24T22:10:51.406680+00:00,recovery_scenario,iperf_tcp,10,1,,twin_core,405717,0.0,66473984,886,116,1002,9,89.1195
2026-04-24T22:10:51.406680+00:00,recovery_scenario,iperf_tcp,10,1,,ryu_controller,405707,9.9,59580416,1669,10483,12152,15,148.5416
2026-04-24T22:10:51.508745+00:00,recovery_scenario,iperf_tcp,10,1,,twin_core,405717,0.0,66473984,901,130,1031,29,284.5553
2026-04-24T22:10:51.508745+00:00,recovery_scenario,iperf_tcp,10,1,,ryu_controller,405707,29.4,59580416,1685,10505,12190,38,372.9752
2026-04-24T22:10:51.559996+00:00,recovery_scenario,iperf_tcp,10,1,scenario_teardown,,,,,,,,,
2026-04-24T22:10:51.609251+00:00,recovery_scenario,iperf_tcp,10,1,,twin_core,405717,10.0,66473984,919,146,1065,34,338.4349
2026-04-24T22:10:51.609251+00:00,recovery_scenario,iperf_tcp,10,1,,ryu_controller,405707,10.0,59580416,1701,10529,12230,40,398.1569
2026-04-24T22:10:51.709686+00:00,recovery_scenario,iperf_tcp,10,1,,twin_core,405717,0.0,66473984,946,148,1094,29,288.4409
2026-04-24T22:10:51.709686+00:00,recovery_scenario,iperf_tcp,10,1,,ryu_controller,405707,19.9,59580416,1711,10533,12244,14,139.2155
2026-04-24T22:10:51.810210+00:00,recovery_scenario,iperf_tcp,10,1,,twin_core,405717,0.0,66473984,964,148,1112,18,179.1527
2026-04-24T22:10:51.810210+00:00,recovery_scenario,iperf_tcp,10,1,,ryu_controller,405707,0.0,59580416,1726,10536,12262,18,179.1699
2026-04-24T22:10:51.910813+00:00,recovery_scenario,iperf_tcp,10,1,,twin_core,405717,0.0,66473984,964,148,1112,0,0.0
2026-04-24T22:10:51.910813+00:00,recovery_scenario,iperf_tcp,10,1,,ryu_controller,405707,9.9,59580416,1754,10539,12293,31,308.2955
2026-04-24T22:10:52.516154+00:00,recovery_scenario,iperf_tcp,10,2,,twin_core,405717,0.0,66494464,1373,224,1597,0,0.0
2026-04-24T22:10:52.516154+00:00,recovery_scenario,iperf_tcp,10,2,,ryu_controller,405707,0.0,59580416,1851,10546,12397,0,0.0
2026-04-24T22:10:52.617865+00:00,recovery_scenario,iperf_tcp,10,2,,twin_core,405717,0.0,66502656,1414,229,1643,46,451.4246
2026-04-24T22:10:52.617865+00:00,recovery_scenario,iperf_tcp,10,2,,ryu_controller,405707,29.5,59580416,1876,10554,12430,33,327.4576
2026-04-24T22:10:52.718504+00:00,recovery_scenario,iperf_tcp,10,2,,twin_core,405717,19.9,66502656,1513,232,1745,102,1015.6669
2026-04-24T22:10:52.718504+00:00,recovery_scenario,iperf_tcp,10,2,,ryu_controller,405707,39.8,59580416,1903,10560,12463,33,327.8058
2026-04-24T22:10:52.792213+00:00,recovery_scenario,iperf_tcp,10,2,service_started,,,,,,,,,
2026-04-24T22:10:52.819289+00:00,recovery_scenario,iperf_tcp,10,2,,twin_core,405717,9.9,66502656,1585,232,1817,72,714.2901
2026-04-24T22:10:52.819289+00:00,recovery_scenario,iperf_tcp,10,2,,ryu_controller,405707,29.8,59580416,1938,10562,12500,37,367.9612
2026-04-24T22:10:52.920242+00:00,recovery_scenario,iperf_tcp,10,2,,twin_core,405717,9.9,66519040,1586,232,1818,1,9.904
2026-04-24T22:10:52.920242+00:00,recovery_scenario,iperf_tcp,10,2,,ryu_controller,405707,39.6,59580416,1979,10562,12541,41,406.0274
2026-04-24T22:10:53.020696+00:00,recovery_scenario,iperf_tcp,10,2,,twin_core,405717,0.0,66519040,1586,232,1818,0,0.0
2026-04-24T22:10:53.020696+00:00,recovery_scenario,iperf_tcp,10,2,,ryu_controller,405707,39.8,59580416,2018,10562,12580,39,388.0087
2026-04-24T22:10:53.121247+00:00,recovery_scenario,iperf_tcp,10,2,,twin_core,405717,0.0,66519040,1586,232,1818,0,0.0
2026-04-24T22:10:53.121247+00:00,recovery_scenario,iperf_tcp,10,2,,ryu_controller,405707,29.8,59580416,2063,10562,12625,45,446.5301
2026-04-24T22:10:53.222051+00:00,recovery_scenario,iperf_tcp,10,2,,twin_core,405717,0.0,66519040,1586,232,1818,0,0.0
2026-04-24T22:10:53.222051+00:00,recovery_scenario,iperf_tcp,10,2,,ryu_controller,405707,9.9,59580416,2077,10562,12639,14,139.2251
2026-04-24T22:10:53.327254+00:00,recovery_scenario,iperf_tcp,10,2,,twin_core,405717,0.0,66519040,1586,232,1818,0,0.0
2026-04-24T22:10:53.327254+00:00,recovery_scenario,iperf_tcp,10,2,,ryu_controller,405707,9.5,59580416,2098,10562,12660,21,199.5463
2026-04-24T22:10:53.427755+00:00,recovery_scenario,iperf_tcp,10,2,,twin_core,405717,0.0,66519040,1586,232,1818,0,0.0
2026-04-24T22:10:53.427755+00:00,recovery_scenario,iperf_tcp,10,2,,ryu_controller,405707,10.0,59580416,2113,10562,12675,15,149.2743
2026-04-24T22:10:53.528271+00:00,recovery_scenario,iperf_tcp,10,2,,twin_core,405717,0.0,66519040,1586,232,1818,0,0.0
2026-04-24T22:10:53.528271+00:00,recovery_scenario,iperf_tcp,10,2,,ryu_controller,405707,19.9,59580416,2146,10562,12708,33,328.4407
2026-04-24T22:10:53.628766+00:00,recovery_scenario,iperf_tcp,10,2,,twin_core,405717,0.0,66519040,1586,232,1818,0,0.0
2026-04-24T22:10:53.628766+00:00,recovery_scenario,iperf_tcp,10,2,,ryu_controller,405707,29.8,59580416,2164,10562,12726,18,179.0717
2026-04-24T22:10:53.729258+00:00,recovery_scenario,iperf_tcp,10,2,,twin_core,405717,0.0,66519040,1586,232,1818,0,0.0
2026-04-24T22:10:53.729258+00:00,recovery_scenario,iperf_tcp,10,2,,ryu_controller,405707,19.9,59580416,2193,10562,12755,29,288.8402
2026-04-24T22:10:53.829656+00:00,recovery_scenario,iperf_tcp,10,2,,twin_core,405717,0.0,66519040,1586,232,1818,0,0.0
2026-04-24T22:10:53.829656+00:00,recovery_scenario,iperf_tcp,10,2,,ryu_controller,405707,10.0,59580416,2220,10562,12782,27,268.6881
2026-04-24T22:10:53.930187+00:00,recovery_scenario,iperf_tcp,10,2,,twin_core,405717,0.0,66519040,1586,232,1818,0,0.0
2026-04-24T22:10:53.930187+00:00,recovery_scenario,iperf_tcp,10,2,,ryu_controller,405707,9.9,59580416,2240,10562,12802,20,198.9056
2026-04-24T22:10:54.031853+00:00,recovery_scenario,iperf_tcp,10,2,,twin_core,405717,0.0,66519040,1586,232,1818,0,0.0
2026-04-24T22:10:54.031853+00:00,recovery_scenario,iperf_tcp,10,2,,ryu_controller,405707,29.5,59580416,2287,10562,12849,47,462.25
2026-04-24T22:10:54.132398+00:00,recovery_scenario,iperf_tcp,10,2,,twin_core,405717,0.0,66519040,1586,232,1818,0,0.0
2026-04-24T22:10:54.132398+00:00,recovery_scenario,iperf_tcp,10,2,,ryu_controller,405707,29.9,59580416,2326,10562,12888,39,387.4458
2026-04-24T22:10:54.233132+00:00,recovery_scenario,iperf_tcp,10,2,,twin_core,405717,0.0,66519040,1586,232,1818,0,0.0
2026-04-24T22:10:54.233132+00:00,recovery_scenario,iperf_tcp,10,2,,ryu_controller,405707,9.9,59580416,2341,10562,12903,15,149.1175
2026-04-24T22:10:54.334338+00:00,recovery_scenario,iperf_tcp,10,2,,twin_core,405717,9.9,66519040,1586,232,1818,0,0.0
2026-04-24T22:10:54.334338+00:00,recovery_scenario,iperf_tcp,10,2,,ryu_controller,405707,39.6,59580416,2377,10563,12940,37,365.9465
2026-04-24T22:10:54.436877+00:00,recovery_scenario,iperf_tcp,10,2,,twin_core,405717,0.0,66519040,1586,232,1818,0,0.0
2026-04-24T22:10:54.436877+00:00,recovery_scenario,iperf_tcp,10,2,,ryu_controller,405707,19.5,59580416,2392,10563,12955,15,146.1613
2026-04-24T22:10:54.537482+00:00,recovery_scenario,iperf_tcp,10,2,,twin_core,405717,0.0,66519040,1586,232,1818,0,0.0
2026-04-24T22:10:54.537482+00:00,recovery_scenario,iperf_tcp,10,2,,ryu_controller,405707,19.9,59580416,2416,10563,12979,24,238.0863
2026-04-24T22:10:54.638257+00:00,recovery_scenario,iperf_tcp,10,2,,twin_core,405717,0.0,66519040,1586,232,1818,0,0.0
2026-04-24T22:10:54.638257+00:00,recovery_scenario,iperf_tcp,10,2,,ryu_controller,405707,0.0,59580416,2425,10563,12988,9,89.5247
2026-04-24T22:10:54.738788+00:00,recovery_scenario,iperf_tcp,10,2,,twin_core,405717,0.0,66519040,1586,232,1818,0,0.0
2026-04-24T22:10:54.738788+00:00,recovery_scenario,iperf_tcp,10,2,,ryu_controller,405707,9.9,59580416,2444,10563,13007,19,188.9093
2026-04-24T22:10:54.841267+00:00,recovery_scenario,iperf_tcp,10,2,,twin_core,405717,0.0,66519040,1586,232,1818,0,0.0
2026-04-24T22:10:54.841267+00:00,recovery_scenario,iperf_tcp,10,2,,ryu_controller,405707,0.0,59580416,2456,10563,13019,12,117.0464
2026-04-24T22:10:54.941820+00:00,recovery_scenario,iperf_tcp,10,2,,twin_core,405717,9.9,66547712,1593,232,1825,7,69.6624
2026-04-24T22:10:54.941820+00:00,recovery_scenario,iperf_tcp,10,2,,ryu_controller,405707,39.8,59580416,2518,10563,13081,62,617.1713
2026-04-24T22:10:55.042294+00:00,recovery_scenario,iperf_tcp,10,2,,twin_core,405717,0.0,66547712,1596,232,1828,3,29.8443
2026-04-24T22:10:55.042294+00:00,recovery_scenario,iperf_tcp,10,2,,ryu_controller,405707,19.9,59580416,2542,10563,13105,24,238.7435
2026-04-24T22:10:55.143346+00:00,recovery_scenario,iperf_tcp,10,2,,twin_core,405717,0.0,66547712,1599,232,1831,3,29.7006
2026-04-24T22:10:55.143346+00:00,recovery_scenario,iperf_tcp,10,2,,ryu_controller,405707,49.5,59580416,2592,10564,13156,51,504.912
2026-04-24T22:10:55.243824+00:00,recovery_scenario,iperf_tcp,10,2,,twin_core,405717,0.0,66547712,1602,232,1834,3,29.8465
2026-04-24T22:10:55.243824+00:00,recovery_scenario,iperf_tcp,10,2,,ryu_controller,405707,9.9,59580416,2602,10564,13166,10,99.4772
2026-04-24T22:10:55.345057+00:00,recovery_scenario,iperf_tcp,10,2,,twin_core,405717,0.0,66547712,1605,232,1837,3,29.6518
2026-04-24T22:10:55.345057+00:00,recovery_scenario,iperf_tcp,10,2,,ryu_controller,405707,9.9,59580416,2613,10564,13177,11,108.7522
2026-04-24T22:10:55.445477+00:00,recovery_scenario,iperf_tcp,10,2,,twin_core,405717,0.0,66547712,1608,232,1840,3,29.8669
2026-04-24T22:10:55.445477+00:00,recovery_scenario,iperf_tcp,10,2,,ryu_controller,405707,0.0,59580416,2619,10564,13183,6,59.6222
2026-04-24T22:10:55.547337+00:00,recovery_scenario,iperf_tcp,10,2,,twin_core,405717,9.8,66547712,1608,232,1840,0,0.0
2026-04-24T22:10:55.547337+00:00,recovery_scenario,iperf_tcp,10,2,,ryu_controller,405707,9.8,59580416,2636,10564,13200,17,166.897
2026-04-24T22:10:55.648869+00:00,recovery_scenario,iperf_tcp,10,2,,twin_core,405717,0.0,66547712,1617,232,1849,9,88.6393
2026-04-24T22:10:55.648869+00:00,recovery_scenario,iperf_tcp,10,2,,ryu_controller,405707,19.7,59580416,2652,10564,13216,16,157.8435
2026-04-24T22:10:55.749341+00:00,recovery_scenario,iperf_tcp,10,2,,twin_core,405717,0.0,66547712,1623,232,1855,6,59.6868
2026-04-24T22:10:55.749341+00:00,recovery_scenario,iperf_tcp,10,2,,ryu_controller,405707,9.9,59580416,2667,10564,13231,15,148.9969
2026-04-24T22:10:55.850045+00:00,recovery_scenario,iperf_tcp,10,2,,twin_core,405717,0.0,66547712,1626,232,1858,3,29.8138
2026-04-24T22:10:55.850045+00:00,recovery_scenario,iperf_tcp,10,2,,ryu_controller,405707,0.0,59580416,2681,10564,13245,14,139.3209
2026-04-24T22:10:55.950501+00:00,recovery_scenario,iperf_tcp,10,2,,twin_core,405717,0.0,66547712,1629,232,1861,3,29.8075
2026-04-24T22:10:55.950501+00:00,recovery_scenario,iperf_tcp,10,2,,ryu_controller,405707,9.9,59580416,2694,10564,13258,13,129.121
2026-04-24T22:10:56.051198+00:00,recovery_scenario,iperf_tcp,10,2,,twin_core,405717,0.0,66547712,1637,232,1869,8,79.5895
2026-04-24T22:10:56.051198+00:00,recovery_scenario,iperf_tcp,10,2,,ryu_controller,405707,10.0,59580416,2708,10564,13272,14,139.3434
2026-04-24T22:10:56.151646+00:00,recovery_scenario,iperf_tcp,10,2,,twin_core,405717,0.0,66547712,1641,232,1873,4,39.788
2026-04-24T22:10:56.151646+00:00,recovery_scenario,iperf_tcp,10,2,,ryu_controller,405707,9.9,59580416,2735,10564,13299,27,268.539
2026-04-24T22:10:56.252200+00:00,recovery_scenario,iperf_tcp,10,2,,twin_core,405717,0.0,66547712,1644,232,1876,3,29.8476
2026-04-24T22:10:56.252200+00:00,recovery_scenario,iperf_tcp,10,2,,ryu_controller,405707,9.9,59580416,2748,10564,13312,13,129.3237
2026-04-24T22:10:56.353417+00:00,recovery_scenario,iperf_tcp,10,2,,twin_core,405717,0.0,66547712,1647,232,1879,3,29.6466
2026-04-24T22:10:56.353417+00:00,recovery_scenario,iperf_tcp,10,2,,ryu_controller,405707,9.9,59580416,2757,10564,13321,9,88.8687
2026-04-24T22:10:56.453995+00:00,recovery_scenario,iperf_tcp,10,2,,twin_core,405717,0.0,66547712,1650,232,1882,3,29.8281
2026-04-24T22:10:56.453995+00:00,recovery_scenario,iperf_tcp,10,2,,ryu_controller,405707,9.9,59580416,2769,10564,13333,12,119.3678
2026-04-24T22:10:56.554559+00:00,recovery_scenario,iperf_tcp,10,2,,twin_core,405717,0.0,66547712,1653,232,1885,3,29.7954
2026-04-24T22:10:56.554559+00:00,recovery_scenario,iperf_tcp,10,2,,ryu_controller,405707,0.0,59580416,2778,10564,13342,9,89.4102
2026-04-24T22:10:56.655211+00:00,recovery_scenario,iperf_tcp,10,2,,twin_core,405717,0.0,66547712,1662,232,1894,9,89.5472
2026-04-24T22:10:56.655211+00:00,recovery_scenario,iperf_tcp,10,2,,ryu_controller,405707,19.9,59580416,2788,10564,13352,10,99.5331
2026-04-24T22:10:56.755662+00:00,recovery_scenario,iperf_tcp,10,2,,twin_core,405717,0.0,66547712,1668,232,1900,6,59.6827
2026-04-24T22:10:56.755662+00:00,recovery_scenario,iperf_tcp,10,2,,ryu_controller,405707,9.9,59580416,2808,10564,13372,20,198.8682
2026-04-24T22:10:56.857031+00:00,recovery_scenario,iperf_tcp,10,2,,twin_core,405717,0.0,66547712,1671,232,1903,3,29.5983
2026-04-24T22:10:56.857031+00:00,recovery_scenario,iperf_tcp,10,2,,ryu_controller,405707,9.9,59580416,2822,10564,13386,14,138.136
2026-04-24T22:10:56.957557+00:00,recovery_scenario,iperf_tcp,10,2,,twin_core,405717,19.9,66547712,1677,232,1909,6,59.6609
2026-04-24T22:10:56.957557+00:00,recovery_scenario,iperf_tcp,10,2,,ryu_controller,405707,49.7,59580416,2864,10564,13428,42,417.7248
2026-04-24T22:10:57.058148+00:00,recovery_scenario,iperf_tcp,10,2,,twin_core,405717,9.9,66588672,1689,232,1921,12,119.4064
2026-04-24T22:10:57.058148+00:00,recovery_scenario,iperf_tcp,10,2,,ryu_controller,405707,19.9,59580416,2890,10564,13454,26,258.7004
2026-04-24T22:10:57.158609+00:00,recovery_scenario,iperf_tcp,10,2,,twin_core,405717,0.0,66588672,1692,232,1924,3,29.8433
2026-04-24T22:10:57.158609+00:00,recovery_scenario,iperf_tcp,10,2,,ryu_controller,405707,59.7,59580416,2931,10564,13495,41,407.8878
2026-04-24T22:10:57.259841+00:00,recovery_scenario,iperf_tcp,10,2,,twin_core,405717,0.0,66588672,1692,232,1924,0,0.0
2026-04-24T22:10:57.259841+00:00,recovery_scenario,iperf_tcp,10,2,,ryu_controller,405707,29.6,59580416,2954,10564,13518,23,227.2708
2026-04-24T22:10:57.360806+00:00,recovery_scenario,iperf_tcp,10,2,,twin_core,405717,0.0,66588672,1698,232,1930,6,59.3989
2026-04-24T22:10:57.360806+00:00,recovery_scenario,iperf_tcp,10,2,,ryu_controller,405707,0.0,59580416,2964,10564,13528,10,98.9823
2026-04-24T22:10:57.461340+00:00,recovery_scenario,iperf_tcp,10,2,,twin_core,405717,0.0,66588672,1707,232,1939,9,89.5659
2026-04-24T22:10:57.461340+00:00,recovery_scenario,iperf_tcp,10,2,,ryu_controller,405707,0.0,59580416,2967,10564,13531,3,29.8609
2026-04-24T22:10:57.561911+00:00,recovery_scenario,iperf_tcp,10,2,,twin_core,405717,0.0,66588672,1713,232,1945,6,59.6859
2026-04-24T22:10:57.561911+00:00,recovery_scenario,iperf_tcp,10,2,,ryu_controller,405707,19.9,59580416,2994,10564,13558,27,268.6017
2026-04-24T22:10:57.662330+00:00,recovery_scenario,iperf_tcp,10,2,,twin_core,405717,0.0,66588672,1713,232,1945,0,0.0
2026-04-24T22:10:57.662330+00:00,recovery_scenario,iperf_tcp,10,2,,ryu_controller,405707,10.0,59580416,3006,10564,13570,12,119.4737
2026-04-24T22:10:57.762788+00:00,recovery_scenario,iperf_tcp,10,2,,twin_core,405717,0.0,66588672,1716,232,1948,3,29.8659
2026-04-24T22:10:57.762788+00:00,recovery_scenario,iperf_tcp,10,2,,ryu_controller,405707,10.0,59580416,3022,10564,13586,16,159.3029
2026-04-24T22:10:57.863211+00:00,recovery_scenario,iperf_tcp,10,2,,twin_core,405717,0.0,66588672,1725,232,1957,9,89.619
2026-04-24T22:10:57.863211+00:00,recovery_scenario,iperf_tcp,10,2,,ryu_controller,405707,19.9,59580416,3050,10564,13614,28,278.819
2026-04-24T22:10:57.963680+00:00,recovery_scenario,iperf_tcp,10,2,,twin_core,405717,0.0,66588672,1734,232,1966,9,89.1092
2026-04-24T22:10:57.963680+00:00,recovery_scenario,iperf_tcp,10,2,,ryu_controller,405707,0.0,59580416,3072,10564,13636,22,217.4765
2026-04-24T22:10:58.065029+00:00,recovery_scenario,iperf_tcp,10,2,,twin_core,405717,0.0,66588672,1734,232,1966,0,0.0
2026-04-24T22:10:58.065029+00:00,recovery_scenario,iperf_tcp,10,2,,ryu_controller,405707,9.9,59580416,3089,10564,13653,17,168.2795
2026-04-24T22:10:58.165997+00:00,recovery_scenario,iperf_tcp,10,2,,twin_core,405717,9.9,66588672,1740,232,1972,6,59.4506
2026-04-24T22:10:58.165997+00:00,recovery_scenario,iperf_tcp,10,2,,ryu_controller,405707,9.9,59580416,3108,10564,13672,19,188.6382
2026-04-24T22:10:58.266555+00:00,recovery_scenario,iperf_tcp,10,2,,twin_core,405717,0.0,66588672,1749,232,1981,9,89.5036
2026-04-24T22:10:58.266555+00:00,recovery_scenario,iperf_tcp,10,2,,ryu_controller,405707,9.9,59580416,3128,10564,13692,20,198.9446
2026-04-24T22:10:58.368541+00:00,recovery_scenario,iperf_tcp,10,2,,twin_core,405717,0.0,66588672,1752,232,1984,3,29.4057
2026-04-24T22:10:58.368541+00:00,recovery_scenario,iperf_tcp,10,2,,ryu_controller,405707,19.6,59580416,3164,10565,13729,37,362.6801
2026-04-24T22:10:58.470601+00:00,recovery_scenario,iperf_tcp,10,2,,twin_core,405717,0.0,66588672,1755,232,1987,3,29.3928
2026-04-24T22:10:58.470601+00:00,recovery_scenario,iperf_tcp,10,2,,ryu_controller,405707,0.0,59580416,3168,10565,13733,4,39.1868
2026-04-24T22:10:58.554554+00:00,recovery_scenario,iperf_tcp,10,2,pingall_completed,,,,,,,,,
2026-04-24T22:10:58.571200+00:00,recovery_scenario,iperf_tcp,10,2,,twin_core,405717,0.0,66588672,1770,232,2002,15,149.2135
2026-04-24T22:10:58.571200+00:00,recovery_scenario,iperf_tcp,10,2,,ryu_controller,405707,9.9,59580416,3178,10568,13746,13,129.2146
2026-04-24T22:10:58.676320+00:00,recovery_scenario,iperf_tcp,10,2,,twin_core,405717,0.0,66588672,1770,232,2002,0,0.0
2026-04-24T22:10:58.676320+00:00,recovery_scenario,iperf_tcp,10,2,,ryu_controller,405707,0.0,59580416,3182,10568,13750,4,38.0408
2026-04-24T22:10:58.777949+00:00,recovery_scenario,iperf_tcp,10,2,,twin_core,405717,0.0,66588672,1770,232,2002,0,0.0
2026-04-24T22:10:58.777949+00:00,recovery_scenario,iperf_tcp,10,2,,ryu_controller,405707,0.0,59580416,3186,10568,13754,4,39.3574
2026-04-24T22:10:58.880522+00:00,recovery_scenario,iperf_tcp,10,2,,twin_core,405717,0.0,66588672,1770,232,2002,0,0.0
2026-04-24T22:10:58.880522+00:00,recovery_scenario,iperf_tcp,10,2,,ryu_controller,405707,19.5,59580416,3205,10568,13773,19,185.3914
2026-04-24T22:10:58.982877+00:00,recovery_scenario,iperf_tcp,10,2,,twin_core,405717,0.0,66588672,1770,232,2002,0,0.0
2026-04-24T22:10:58.982877+00:00,recovery_scenario,iperf_tcp,10,2,,ryu_controller,405707,9.8,59580416,3209,10568,13777,4,39.0069
2026-04-24T22:10:59.084259+00:00,recovery_scenario,iperf_tcp,10,2,,twin_core,405717,19.7,66646016,1770,232,2002,0,0.0
2026-04-24T22:10:59.084259+00:00,recovery_scenario,iperf_tcp,10,2,,ryu_controller,405707,69.2,59645952,3261,10568,13829,52,514.1594
2026-04-24T22:10:59.189381+00:00,recovery_scenario,iperf_tcp,10,2,,twin_core,405717,0.0,66646016,1770,232,2002,0,0.0
2026-04-24T22:10:59.189381+00:00,recovery_scenario,iperf_tcp,10,2,,ryu_controller,405707,0.0,59645952,3266,10568,13834,5,47.5225
2026-04-24T22:10:59.289956+00:00,recovery_scenario,iperf_tcp,10,2,,twin_core,405717,0.0,66646016,1770,232,2002,0,0.0
2026-04-24T22:10:59.289956+00:00,recovery_scenario,iperf_tcp,10,2,,ryu_controller,405707,69.6,59686912,3315,10569,13884,50,497.1894
2026-04-24T22:10:59.395242+00:00,recovery_scenario,iperf_tcp,10,2,,twin_core,405717,0.0,66646016,1770,232,2002,0,0.0
2026-04-24T22:10:59.395242+00:00,recovery_scenario,iperf_tcp,10,2,,ryu_controller,405707,0.0,59686912,3317,10569,13886,2,18.9698
2026-04-24T22:10:59.500004+00:00,recovery_scenario,iperf_tcp,10,2,,twin_core,405717,0.0,66646016,1770,232,2002,0,0.0
2026-04-24T22:10:59.500004+00:00,recovery_scenario,iperf_tcp,10,2,,ryu_controller,405707,0.0,59686912,3320,10569,13889,3,28.6694
2026-04-24T22:10:59.600625+00:00,recovery_scenario,iperf_tcp,10,2,,twin_core,405717,0.0,66646016,1775,232,2007,5,49.6239
2026-04-24T22:10:59.600625+00:00,recovery_scenario,iperf_tcp,10,2,,ryu_controller,405707,0.0,59686912,3323,10569,13892,3,29.7547
2026-04-24T22:10:59.701445+00:00,recovery_scenario,iperf_tcp,10,2,,twin_core,405717,0.0,66646016,1775,232,2007,0,0.0
2026-04-24T22:10:59.701445+00:00,recovery_scenario,iperf_tcp,10,2,,ryu_controller,405707,9.9,59686912,3326,10569,13895,3,29.7822
2026-04-24T22:10:59.802162+00:00,recovery_scenario,iperf_tcp,10,2,,twin_core,405717,0.0,66646016,1775,232,2007,0,0.0
2026-04-24T22:10:59.802162+00:00,recovery_scenario,iperf_tcp,10,2,,ryu_controller,405707,0.0,59686912,3329,10569,13898,3,29.848
2026-04-24T22:10:59.903775+00:00,recovery_scenario,iperf_tcp,10,2,,twin_core,405717,0.0,66646016,1775,232,2007,0,0.0
2026-04-24T22:10:59.903775+00:00,recovery_scenario,iperf_tcp,10,2,,ryu_controller,405707,0.0,59686912,3333,10572,13905,7,68.8682
2026-04-24T22:11:00.005897+00:00,recovery_scenario,iperf_tcp,10,2,,twin_core,405717,0.0,66646016,1775,232,2007,0,0.0
2026-04-24T22:11:00.005897+00:00,recovery_scenario,iperf_tcp,10,2,,ryu_controller,405707,0.0,59686912,3342,10574,13916,11,107.6887
2026-04-24T22:11:00.106440+00:00,recovery_scenario,iperf_tcp,10,2,,twin_core,405717,0.0,66646016,1775,232,2007,0,0.0
2026-04-24T22:11:00.106440+00:00,recovery_scenario,iperf_tcp,10,2,,ryu_controller,405707,0.0,59686912,3375,10576,13951,35,347.6329
2026-04-24T22:11:00.208785+00:00,recovery_scenario,iperf_tcp,10,2,,twin_core,405717,0.0,66646016,1775,232,2007,0,0.0
2026-04-24T22:11:00.208785+00:00,recovery_scenario,iperf_tcp,10,2,,ryu_controller,405707,9.8,59686912,3395,10587,13982,31,303.3775
2026-04-24T22:11:00.313842+00:00,recovery_scenario,iperf_tcp,10,2,,twin_core,405717,0.0,66646016,1775,232,2007,0,0.0
2026-04-24T22:11:00.313842+00:00,recovery_scenario,iperf_tcp,10,2,,ryu_controller,405707,0.0,59686912,3420,10590,14010,28,266.6143
2026-04-24T22:11:00.414316+00:00,recovery_scenario,iperf_tcp,10,2,,twin_core,405717,0.0,66646016,1775,232,2007,0,0.0
2026-04-24T22:11:00.414316+00:00,recovery_scenario,iperf_tcp,10,2,,ryu_controller,405707,0.0,59686912,3433,10597,14030,20,199.0417
2026-04-24T22:11:00.514814+00:00,recovery_scenario,iperf_tcp,10,2,,twin_core,405717,10.0,66646016,1775,232,2007,0,0.0
2026-04-24T22:11:00.514814+00:00,recovery_scenario,iperf_tcp,10,2,,ryu_controller,405707,0.0,59686912,3451,10601,14052,22,218.8918
2026-04-24T22:11:00.569333+00:00,recovery_scenario,iperf_tcp,10,2,background_traffic_started,,,,,,,,,
2026-04-24T22:11:00.618845+00:00,recovery_scenario,iperf_tcp,10,2,,twin_core,405717,0.0,66646016,1782,246,2028,21,201.8851
2026-04-24T22:11:00.618845+00:00,recovery_scenario,iperf_tcp,10,2,,ryu_controller,405707,9.6,59686912,3463,10609,14072,20,192.2787
2026-04-24T22:11:00.719295+00:00,recovery_scenario,iperf_tcp,10,2,,twin_core,405717,0.0,66646016,1791,248,2039,11,109.5559
2026-04-24T22:11:00.719295+00:00,recovery_scenario,iperf_tcp,10,2,,ryu_controller,405707,29.9,59686912,3474,10627,14101,29,288.6713
2026-04-24T22:11:00.819840+00:00,recovery_scenario,iperf_tcp,10,2,,twin_core,405717,9.9,66650112,1800,248,2048,9,89.3912
2026-04-24T22:11:00.819840+00:00,recovery_scenario,iperf_tcp,10,2,,ryu_controller,405707,39.8,59686912,3478,10653,14131,30,298.1241
2026-04-24T22:11:00.838035+00:00,recovery_scenario,iperf_tcp,10,2,fault_injected,,,,,,,,,
2026-04-24T22:11:00.924822+00:00,recovery_scenario,iperf_tcp,10,2,,twin_core,405717,0.0,66674688,1805,249,2054,6,57.224
2026-04-24T22:11:00.924822+00:00,recovery_scenario,iperf_tcp,10,2,,ryu_controller,405707,38.2,59731968,3480,10733,14213,82,782.1722
2026-04-24T22:11:01.025272+00:00,recovery_scenario,iperf_tcp,10,2,,twin_core,405717,0.0,66674688,1805,249,2054,0,0.0
2026-04-24T22:11:01.025272+00:00,recovery_scenario,iperf_tcp,10,2,,ryu_controller,405707,39.8,59731968,3480,10865,14345,132,1314.0234
2026-04-24T22:11:01.125686+00:00,recovery_scenario,iperf_tcp,10,2,,twin_core,405717,0.0,66674688,1805,249,2054,0,0.0
2026-04-24T22:11:01.125686+00:00,recovery_scenario,iperf_tcp,10,2,,ryu_controller,405707,49.8,59777024,3480,11098,14578,233,2319.6563
2026-04-24T22:11:01.226138+00:00,recovery_scenario,iperf_tcp,10,2,,twin_core,405717,0.0,66674688,1805,249,2054,0,0.0
2026-04-24T22:11:01.226138+00:00,recovery_scenario,iperf_tcp,10,2,,ryu_controller,405707,99.6,59781120,3480,11288,14768,190,1892.4806
2026-04-24T22:11:01.326557+00:00,recovery_scenario,iperf_tcp,10,2,,twin_core,405717,0.0,66674688,1805,249,2054,0,0.0
2026-04-24T22:11:01.326557+00:00,recovery_scenario,iperf_tcp,10,2,,ryu_controller,405707,79.5,59781120,3480,11384,14864,96,953.629
2026-04-24T22:11:01.427199+00:00,recovery_scenario,iperf_tcp,10,2,,twin_core,405717,9.9,66678784,1806,249,2055,1,9.9573
2026-04-24T22:11:01.427199+00:00,recovery_scenario,iperf_tcp,10,2,,ryu_controller,405707,79.7,59781120,3480,11457,14937,73,726.8983
2026-04-24T22:11:01.527610+00:00,recovery_scenario,iperf_tcp,10,2,,twin_core,405717,0.0,66678784,1806,249,2055,0,0.0
2026-04-24T22:11:01.527610+00:00,recovery_scenario,iperf_tcp,10,2,,ryu_controller,405707,89.5,59785216,3480,11503,14983,46,457.5273
2026-04-24T22:11:01.628202+00:00,recovery_scenario,iperf_tcp,10,2,,twin_core,405717,0.0,66678784,1806,249,2055,0,0.0
2026-04-24T22:11:01.628202+00:00,recovery_scenario,iperf_tcp,10,2,,ryu_controller,405707,99.6,59805696,3480,11524,15004,21,209.0298
2026-04-24T22:11:01.728673+00:00,recovery_scenario,iperf_tcp,10,2,,twin_core,405717,0.0,66678784,1806,249,2055,0,0.0
2026-04-24T22:11:01.728673+00:00,recovery_scenario,iperf_tcp,10,2,,ryu_controller,405707,98.5,59822080,3480,11567,15047,43,423.2346
2026-04-24T22:11:01.830230+00:00,recovery_scenario,iperf_tcp,10,2,,twin_core,405717,0.0,66678784,1806,249,2055,0,0.0
2026-04-24T22:11:01.830230+00:00,recovery_scenario,iperf_tcp,10,2,,ryu_controller,405707,89.4,59822080,3480,11626,15106,59,585.9841
2026-04-24T22:11:01.930964+00:00,recovery_scenario,iperf_tcp,10,2,,twin_core,405717,0.0,66678784,1807,249,2056,1,9.9325
2026-04-24T22:11:01.930964+00:00,recovery_scenario,iperf_tcp,10,2,,ryu_controller,405707,79.5,59822080,3480,11743,15223,117,1164.5436
2026-04-24T22:11:02.031543+00:00,recovery_scenario,iperf_tcp,10,2,,twin_core,405717,0.0,66678784,1807,249,2056,0,0.0
2026-04-24T22:11:02.031543+00:00,recovery_scenario,iperf_tcp,10,2,,ryu_controller,405707,69.2,59822080,3480,11876,15356,133,1313.8982
2026-04-24T22:11:02.133799+00:00,recovery_scenario,iperf_tcp,10,2,,twin_core,405717,0.0,66678784,1807,249,2056,0,0.0
2026-04-24T22:11:02.133799+00:00,recovery_scenario,iperf_tcp,10,2,,ryu_controller,405707,68.6,59822080,3480,12075,15555,199,1950.7636
2026-04-24T22:11:02.234789+00:00,recovery_scenario,iperf_tcp,10,2,,twin_core,405717,0.0,66678784,1807,249,2056,0,0.0
2026-04-24T22:11:02.234789+00:00,recovery_scenario,iperf_tcp,10,2,,ryu_controller,405707,69.0,59822080,3480,12348,15828,273,2682.9104
2026-04-24T22:11:02.336895+00:00,recovery_scenario,iperf_tcp,10,2,,twin_core,405717,0.0,66678784,1807,249,2056,0,0.0
2026-04-24T22:11:02.336895+00:00,recovery_scenario,iperf_tcp,10,2,,ryu_controller,405707,69.1,59822080,3480,12660,16140,312,3091.2259
2026-04-24T22:11:02.438135+00:00,recovery_scenario,iperf_tcp,10,2,,twin_core,405717,0.0,66678784,1808,249,2057,1,9.8737
2026-04-24T22:11:02.438135+00:00,recovery_scenario,iperf_tcp,10,2,,ryu_controller,405707,59.2,59822080,3480,12962,16442,302,2981.7688
2026-04-24T22:11:02.541228+00:00,recovery_scenario,iperf_tcp,10,2,,twin_core,405717,0.0,66678784,1808,249,2057,0,0.0
2026-04-24T22:11:02.541228+00:00,recovery_scenario,iperf_tcp,10,2,,ryu_controller,405707,58.2,59822080,3480,13194,16674,232,2250.3534
2026-04-24T22:11:02.641678+00:00,recovery_scenario,iperf_tcp,10,2,,twin_core,405717,0.0,66678784,1808,249,2057,0,0.0
2026-04-24T22:11:02.641678+00:00,recovery_scenario,iperf_tcp,10,2,,ryu_controller,405707,79.5,59822080,3480,13430,16910,236,2340.7542
2026-04-24T22:11:02.742899+00:00,recovery_scenario,iperf_tcp,10,2,,twin_core,405717,0.0,66678784,1808,249,2057,0,0.0
2026-04-24T22:11:02.742899+00:00,recovery_scenario,iperf_tcp,10,2,,ryu_controller,405707,49.5,59822080,3480,13613,17093,183,1815.7044
2026-04-24T22:11:02.843886+00:00,recovery_scenario,iperf_tcp,10,2,,twin_core,405717,0.0,66678784,1808,249,2057,0,0.0
2026-04-24T22:11:02.843886+00:00,recovery_scenario,iperf_tcp,10,2,,ryu_controller,405707,59.4,59822080,3480,13766,17246,153,1514.7153
2026-04-24T22:11:02.945020+00:00,recovery_scenario,iperf_tcp,10,2,,twin_core,405717,0.0,66678784,1809,249,2058,1,9.8895
2026-04-24T22:11:02.945020+00:00,recovery_scenario,iperf_tcp,10,2,,ryu_controller,405707,59.0,59822080,3480,13978,17458,212,2040.9595
2026-04-24T22:11:03.048915+00:00,recovery_scenario,iperf_tcp,10,2,,twin_core,405717,9.6,66678784,1809,249,2058,0,0.0
2026-04-24T22:11:03.048915+00:00,recovery_scenario,iperf_tcp,10,2,,ryu_controller,405707,57.5,59822080,3480,14103,17583,125,1222.7425
2026-04-24T22:11:03.151250+00:00,recovery_scenario,iperf_tcp,10,2,,twin_core,405717,0.0,66678784,1809,249,2058,0,0.0
2026-04-24T22:11:03.151250+00:00,recovery_scenario,iperf_tcp,10,2,,ryu_controller,405707,39.5,59822080,3480,14205,17685,102,1007.0324
2026-04-24T22:11:03.252810+00:00,recovery_scenario,iperf_tcp,10,2,,twin_core,405717,0.0,66678784,1809,249,2058,0,0.0
2026-04-24T22:11:03.252810+00:00,recovery_scenario,iperf_tcp,10,2,,ryu_controller,405707,49.2,59822080,3480,14299,17779,94,925.0755
2026-04-24T22:11:03.355230+00:00,recovery_scenario,iperf_tcp,10,2,,twin_core,405717,0.0,66678784,1809,249,2058,0,0.0
2026-04-24T22:11:03.355230+00:00,recovery_scenario,iperf_tcp,10,2,,ryu_controller,405707,39.1,59822080,3480,14412,17892,113,1104.3456
2026-04-24T22:11:03.456988+00:00,recovery_scenario,iperf_tcp,10,2,,twin_core,405717,0.0,66678784,1810,251,2061,3,29.4786
2026-04-24T22:11:03.456988+00:00,recovery_scenario,iperf_tcp,10,2,,ryu_controller,405707,48.8,59822080,3480,14584,18064,172,1677.6341
2026-04-24T22:11:03.558160+00:00,recovery_scenario,iperf_tcp,10,2,,twin_core,405717,9.8,66678784,1810,251,2061,0,0.0
2026-04-24T22:11:03.558160+00:00,recovery_scenario,iperf_tcp,10,2,,ryu_controller,405707,59.3,59826176,3481,14756,18237,173,1710.501
2026-04-24T22:11:03.669181+00:00,recovery_scenario,iperf_tcp,10,2,,twin_core,405717,0.0,66678784,1810,251,2061,0,0.0
2026-04-24T22:11:03.669181+00:00,recovery_scenario,iperf_tcp,10,2,,ryu_controller,405707,45.3,59826176,3485,14800,18285,48,434.8489
2026-04-24T22:11:03.769687+00:00,recovery_scenario,iperf_tcp,10,2,,twin_core,405717,9.9,66711552,1810,251,2061,0,0.0
2026-04-24T22:11:03.769687+00:00,recovery_scenario,iperf_tcp,10,2,,ryu_controller,405707,29.8,59826176,3496,14826,18322,37,367.8697
2026-04-24T22:11:03.870226+00:00,recovery_scenario,iperf_tcp,10,2,,twin_core,405717,0.0,66715648,1812,257,2069,8,79.6907
2026-04-24T22:11:03.870226+00:00,recovery_scenario,iperf_tcp,10,2,,ryu_controller,405707,10.0,59826176,3524,14826,18350,28,278.9432
2026-04-24T22:11:03.970632+00:00,recovery_scenario,iperf_tcp,10,2,,twin_core,405717,9.9,66715648,1827,262,2089,20,198.8279
2026-04-24T22:11:03.970632+00:00,recovery_scenario,iperf_tcp,10,2,,ryu_controller,405707,39.8,59826176,3535,14897,18432,82,814.9632
2026-04-24T22:11:04.042309+00:00,recovery_scenario,iperf_tcp,10,2,recovery_requested,,,,,,,,,
2026-04-24T22:11:04.071234+00:00,recovery_scenario,iperf_tcp,10,2,,twin_core,405717,0.0,66719744,1839,273,2112,23,229.0444
2026-04-24T22:11:04.071234+00:00,recovery_scenario,iperf_tcp,10,2,,ryu_controller,405707,39.8,59826176,3549,14945,18494,62,617.2901
2026-04-24T22:11:04.171765+00:00,recovery_scenario,iperf_tcp,10,2,,twin_core,405717,0.0,66719744,1839,273,2112,0,0.0
2026-04-24T22:11:04.171765+00:00,recovery_scenario,iperf_tcp,10,2,,ryu_controller,405707,19.9,59826176,3560,15033,18593,99,984.8868
2026-04-24T22:11:04.273233+00:00,recovery_scenario,iperf_tcp,10,2,,twin_core,405717,0.0,66719744,1839,273,2112,0,0.0
2026-04-24T22:11:04.273233+00:00,recovery_scenario,iperf_tcp,10,2,,ryu_controller,405707,39.4,59826176,3568,15156,18724,131,1291.1773
2026-04-24T22:11:04.374232+00:00,recovery_scenario,iperf_tcp,10,2,,twin_core,405717,0.0,66719744,1839,273,2112,0,0.0
2026-04-24T22:11:04.374232+00:00,recovery_scenario,iperf_tcp,10,2,,ryu_controller,405707,39.6,59826176,3574,15280,18854,130,1287.1239
2026-04-24T22:11:04.475800+00:00,recovery_scenario,iperf_tcp,10,2,,twin_core,405717,0.0,66719744,1839,273,2112,0,0.0
2026-04-24T22:11:04.475800+00:00,recovery_scenario,iperf_tcp,10,2,,ryu_controller,405707,29.5,59826176,3579,15393,18972,118,1161.7427
2026-04-24T22:11:04.576238+00:00,recovery_scenario,iperf_tcp,10,2,,twin_core,405717,0.0,66719744,1840,273,2113,1,9.9591
2026-04-24T22:11:04.576238+00:00,recovery_scenario,iperf_tcp,10,2,,ryu_controller,405707,39.8,59826176,3579,15595,19174,202,2012.0324
2026-04-24T22:11:04.677287+00:00,recovery_scenario,iperf_tcp,10,2,,twin_core,405717,0.0,66719744,1840,273,2113,0,0.0
2026-04-24T22:11:04.677287+00:00,recovery_scenario,iperf_tcp,10,2,,ryu_controller,405707,49.4,59826176,3579,15860,19439,265,2620.706
2026-04-24T22:11:04.778238+00:00,recovery_scenario,iperf_tcp,10,2,,twin_core,405717,0.0,66719744,1840,273,2113,0,0.0
2026-04-24T22:11:04.778238+00:00,recovery_scenario,iperf_tcp,10,2,,ryu_controller,405707,49.2,59826176,3579,16053,19632,193,1900.6796
2026-04-24T22:11:04.880939+00:00,recovery_scenario,iperf_tcp,10,2,,twin_core,405717,9.7,66719744,1840,273,2113,0,0.0
2026-04-24T22:11:04.880939+00:00,recovery_scenario,iperf_tcp,10,2,,ryu_controller,405707,78.2,59826176,3579,16223,19802,170,1661.7012
2026-04-24T22:11:04.982451+00:00,recovery_scenario,iperf_tcp,10,2,,twin_core,405717,0.0,66719744,1840,273,2113,0,0.0
2026-04-24T22:11:04.982451+00:00,recovery_scenario,iperf_tcp,10,2,,ryu_controller,405707,49.2,59826176,3579,16338,19917,115,1132.2552
2026-04-24T22:11:05.084801+00:00,recovery_scenario,iperf_tcp,10,2,,twin_core,405717,0.0,66719744,1841,274,2115,2,19.5463
2026-04-24T22:11:05.084801+00:00,recovery_scenario,iperf_tcp,10,2,,ryu_controller,405707,68.5,59826176,3579,16592,20171,254,2488.28
2026-04-24T22:11:05.186419+00:00,recovery_scenario,iperf_tcp,10,2,,twin_core,405717,0.0,66719744,1841,274,2115,0,0.0
2026-04-24T22:11:05.186419+00:00,recovery_scenario,iperf_tcp,10,2,,ryu_controller,405707,67.6,59826176,3579,16884,20463,292,2820.4521
2026-04-24T22:11:05.291753+00:00,recovery_scenario,iperf_tcp,10,2,,twin_core,405717,0.0,66719744,1841,274,2115,0,0.0
2026-04-24T22:11:05.291753+00:00,recovery_scenario,iperf_tcp,10,2,,ryu_controller,405707,67.4,59826176,3579,17236,20815,352,3389.3843
2026-04-24T22:11:05.392648+00:00,recovery_scenario,iperf_tcp,10,2,,twin_core,405717,0.0,66719744,1841,274,2115,0,0.0
2026-04-24T22:11:05.392648+00:00,recovery_scenario,iperf_tcp,10,2,,ryu_controller,405707,79.1,59826176,3579,17564,21143,328,3243.6843
2026-04-24T22:11:05.493808+00:00,recovery_scenario,iperf_tcp,10,2,,twin_core,405717,0.0,66719744,1841,274,2115,0,0.0
2026-04-24T22:11:05.493808+00:00,recovery_scenario,iperf_tcp,10,2,,ryu_controller,405707,49.7,59826176,3579,17716,21295,152,1512.0379
2026-04-24T22:11:05.594810+00:00,recovery_scenario,iperf_tcp,10,2,,twin_core,405717,0.0,66719744,1842,274,2116,1,9.7702
2026-04-24T22:11:05.594810+00:00,recovery_scenario,iperf_tcp,10,2,,ryu_controller,405707,67.3,59826176,3580,17851,21431,136,1304.5818
2026-04-24T22:11:05.700873+00:00,recovery_scenario,iperf_tcp,10,2,,twin_core,405717,0.0,66719744,1842,274,2116,0,0.0
2026-04-24T22:11:05.700873+00:00,recovery_scenario,iperf_tcp,10,2,,ryu_controller,405707,77.6,59826176,3580,18089,21669,238,2298.4231
2026-04-24T22:11:05.802152+00:00,recovery_scenario,iperf_tcp,10,2,,twin_core,405717,0.0,66719744,1842,274,2116,0,0.0
2026-04-24T22:11:05.802152+00:00,recovery_scenario,iperf_tcp,10,2,,ryu_controller,405707,58.9,59830272,3580,18268,21848,179,1768.8461
2026-04-24T22:11:05.904237+00:00,recovery_scenario,iperf_tcp,10,2,,twin_core,405717,0.0,66719744,1842,274,2116,0,0.0
2026-04-24T22:11:05.904237+00:00,recovery_scenario,iperf_tcp,10,2,,ryu_controller,405707,69.0,59830272,3580,18528,22108,260,2562.2727
2026-04-24T22:11:06.004814+00:00,recovery_scenario,iperf_tcp,10,2,,twin_core,405717,0.0,66719744,1842,274,2116,0,0.0
2026-04-24T22:11:06.004814+00:00,recovery_scenario,iperf_tcp,10,2,,ryu_controller,405707,69.7,59830272,3580,18832,22412,304,3025.2055
2026-04-24T22:11:06.105191+00:00,recovery_scenario,iperf_tcp,10,2,,twin_core,405717,10.0,66719744,1843,274,2117,1,9.9627
2026-04-24T22:11:06.105191+00:00,recovery_scenario,iperf_tcp,10,2,,ryu_controller,405707,69.7,59830272,3580,19086,22666,254,2530.0139
2026-04-24T22:11:06.206041+00:00,recovery_scenario,iperf_tcp,10,2,,twin_core,405717,0.0,66719744,1843,274,2117,0,0.0
2026-04-24T22:11:06.206041+00:00,recovery_scenario,iperf_tcp,10,2,,ryu_controller,405707,79.1,59834368,3580,19330,22910,244,2397.9362
2026-04-24T22:11:06.307401+00:00,recovery_scenario,iperf_tcp,10,2,,twin_core,405717,0.0,66719744,1843,274,2117,0,0.0
2026-04-24T22:11:06.307401+00:00,recovery_scenario,iperf_tcp,10,2,,ryu_controller,405707,59.0,59834368,3580,19653,23233,323,3182.0361
2026-04-24T22:11:06.408952+00:00,recovery_scenario,iperf_tcp,10,2,,twin_core,405717,0.0,66719744,1843,274,2117,0,0.0
2026-04-24T22:11:06.408952+00:00,recovery_scenario,iperf_tcp,10,2,,ryu_controller,405707,68.7,59834368,3580,19980,23560,327,3222.2423
2026-04-24T22:11:06.513196+00:00,recovery_scenario,iperf_tcp,10,2,,twin_core,405717,9.6,66719744,1843,274,2117,0,0.0
2026-04-24T22:11:06.513196+00:00,recovery_scenario,iperf_tcp,10,2,,ryu_controller,405707,77.4,59834368,3580,20152,23732,172,1665.1633
2026-04-24T22:11:06.613646+00:00,recovery_scenario,iperf_tcp,10,2,,twin_core,405717,0.0,66719744,1845,274,2119,2,19.862
2026-04-24T22:11:06.613646+00:00,recovery_scenario,iperf_tcp,10,2,,ryu_controller,405707,69.5,59834368,3583,20315,23898,166,1613.478
2026-04-24T22:11:06.716663+00:00,recovery_scenario,iperf_tcp,10,2,,twin_core,405717,9.7,66740224,1845,274,2119,0,0.0
2026-04-24T22:11:06.716663+00:00,recovery_scenario,iperf_tcp,10,2,,ryu_controller,405707,9.6,59834368,3592,20323,23915,17,167.3845
2026-04-24T22:11:06.819015+00:00,recovery_scenario,iperf_tcp,10,2,,twin_core,405717,0.0,66740224,1845,274,2119,0,0.0
2026-04-24T22:11:06.819015+00:00,recovery_scenario,iperf_tcp,10,2,,ryu_controller,405707,0.0,59834368,3601,20325,23926,11,105.8609
2026-04-24T22:11:06.922279+00:00,recovery_scenario,iperf_tcp,10,2,,twin_core,405717,0.0,66740224,1845,274,2119,0,0.0
2026-04-24T22:11:06.922279+00:00,recovery_scenario,iperf_tcp,10,2,,ryu_controller,405707,0.0,59834368,3608,20327,23935,9,88.6481
2026-04-24T22:11:07.023871+00:00,recovery_scenario,iperf_tcp,10,2,,twin_core,405717,0.0,66740224,1845,274,2119,0,0.0
2026-04-24T22:11:07.023871+00:00,recovery_scenario,iperf_tcp,10,2,,ryu_controller,405707,9.9,59834368,3618,20347,23965,30,291.4077
2026-04-24T22:11:07.126493+00:00,recovery_scenario,iperf_tcp,10,2,,twin_core,405717,0.0,66744320,1858,295,2153,34,331.3395
2026-04-24T22:11:07.126493+00:00,recovery_scenario,iperf_tcp,10,2,,ryu_controller,405707,19.5,59834368,3635,20357,23992,27,268.264
2026-04-24T22:11:07.203388+00:00,recovery_scenario,iperf_tcp,10,2,scenario_teardown,,,,,,,,,
2026-04-24T22:11:07.227325+00:00,recovery_scenario,iperf_tcp,10,2,,twin_core,405717,9.9,66748416,1876,312,2188,35,346.8414
2026-04-24T22:11:07.227325+00:00,recovery_scenario,iperf_tcp,10,2,,ryu_controller,405707,29.8,59834368,3655,20377,24032,40,396.4647
2026-04-24T22:11:07.328071+00:00,recovery_scenario,iperf_tcp,10,2,,twin_core,405717,0.0,66748416,1898,312,2210,22,218.515
2026-04-24T22:11:07.328071+00:00,recovery_scenario,iperf_tcp,10,2,,ryu_controller,405707,9.9,59834368,3667,20384,24051,19,189.1277
2026-04-24T22:11:07.428618+00:00,recovery_scenario,iperf_tcp,10,2,,twin_core,405717,9.9,66748416,1920,313,2233,23,228.6813
2026-04-24T22:11:07.428618+00:00,recovery_scenario,iperf_tcp,10,2,,ryu_controller,405707,9.9,59834368,3674,20394,24068,17,169.0194
2026-04-24T22:11:07.529080+00:00,recovery_scenario,iperf_tcp,10,2,,twin_core,405717,10.0,66748416,1925,313,2238,5,49.787
2026-04-24T22:11:07.529080+00:00,recovery_scenario,iperf_tcp,10,2,,ryu_controller,405707,19.9,59834368,3688,20397,24085,17,169.2518
2026-04-24T22:11:08.077010+00:00,recovery_scenario,iperf_tcp,10,3,,twin_core,405717,0.0,66748416,2316,371,2687,0,0.0
2026-04-24T22:11:08.077010+00:00,recovery_scenario,iperf_tcp,10,3,,ryu_controller,405707,0.0,59834368,3725,20399,24124,0,0.0
2026-04-24T22:11:08.178272+00:00,recovery_scenario,iperf_tcp,10,3,,twin_core,405717,0.0,66748416,2366,372,2738,51,507.549
2026-04-24T22:11:08.178272+00:00,recovery_scenario,iperf_tcp,10,3,,ryu_controller,405707,29.9,59834368,3747,20414,24161,37,367.4505
2026-04-24T22:11:08.278995+00:00,recovery_scenario,iperf_tcp,10,3,,twin_core,405717,9.9,66748416,2464,374,2838,100,991.559
2026-04-24T22:11:08.278995+00:00,recovery_scenario,iperf_tcp,10,3,,ryu_controller,405707,19.8,59834368,3781,20416,24197,36,357.6411
2026-04-24T22:11:08.340184+00:00,recovery_scenario,iperf_tcp,10,3,service_started,,,,,,,,,
2026-04-24T22:11:08.379600+00:00,recovery_scenario,iperf_tcp,10,3,,twin_core,405717,19.9,66748416,2526,375,2901,63,626.8233
2026-04-24T22:11:08.379600+00:00,recovery_scenario,iperf_tcp,10,3,,ryu_controller,405707,39.8,59834368,3819,20417,24236,39,388.1379
2026-04-24T22:11:08.481067+00:00,recovery_scenario,iperf_tcp,10,3,,twin_core,405717,9.8,66748416,2527,375,2902,1,9.8398
2026-04-24T22:11:08.481067+00:00,recovery_scenario,iperf_tcp,10,3,,ryu_controller,405707,39.3,59834368,3848,20418,24266,30,295.1558
2026-04-24T22:11:08.581750+00:00,recovery_scenario,iperf_tcp,10,3,,twin_core,405717,0.0,66748416,2527,375,2902,0,0.0
2026-04-24T22:11:08.581750+00:00,recovery_scenario,iperf_tcp,10,3,,ryu_controller,405707,19.9,59834368,3888,20418,24306,40,397.9118
2026-04-24T22:11:08.682233+00:00,recovery_scenario,iperf_tcp,10,3,,twin_core,405717,0.0,66748416,2527,375,2902,0,0.0
2026-04-24T22:11:08.682233+00:00,recovery_scenario,iperf_tcp,10,3,,ryu_controller,405707,49.8,59834368,3951,20418,24369,63,627.2508
2026-04-24T22:11:08.782767+00:00,recovery_scenario,iperf_tcp,10,3,,twin_core,405717,0.0,66748416,2527,375,2902,0,0.0
2026-04-24T22:11:08.782767+00:00,recovery_scenario,iperf_tcp,10,3,,ryu_controller,405707,9.9,59834368,3983,20418,24401,32,318.0921
2026-04-24T22:11:08.883279+00:00,recovery_scenario,iperf_tcp,10,3,,twin_core,405717,0.0,66748416,2527,375,2902,0,0.0
2026-04-24T22:11:08.883279+00:00,recovery_scenario,iperf_tcp,10,3,,ryu_controller,405707,19.9,59838464,4025,20418,24443,42,416.6369
2026-04-24T22:11:08.984865+00:00,recovery_scenario,iperf_tcp,10,3,,twin_core,405717,0.0,66748416,2527,375,2902,0,0.0
2026-04-24T22:11:08.984865+00:00,recovery_scenario,iperf_tcp,10,3,,ryu_controller,405707,19.7,59838464,4050,20418,24468,25,246.9407
2026-04-24T22:11:09.086375+00:00,recovery_scenario,iperf_tcp,10,3,,twin_core,405717,0.0,66748416,2527,375,2902,0,0.0
2026-04-24T22:11:09.086375+00:00,recovery_scenario,iperf_tcp,10,3,,ryu_controller,405707,19.7,59838464,4086,20419,24505,37,364.2121
2026-04-24T22:11:09.187649+00:00,recovery_scenario,iperf_tcp,10,3,,twin_core,405717,0.0,66748416,2527,375,2902,0,0.0
2026-04-24T22:11:09.187649+00:00,recovery_scenario,iperf_tcp,10,3,,ryu_controller,405707,9.9,59838464,4117,20419,24536,31,305.9623
2026-04-24T22:11:09.288262+00:00,recovery_scenario,iperf_tcp,10,3,,twin_core,405717,0.0,66748416,2527,375,2902,0,0.0
2026-04-24T22:11:09.288262+00:00,recovery_scenario,iperf_tcp,10,3,,ryu_controller,405707,19.9,59838464,4155,20419,24574,38,378.1984
2026-04-24T22:11:09.388762+00:00,recovery_scenario,iperf_tcp,10,3,,twin_core,405717,0.0,66748416,2527,375,2902,0,0.0
2026-04-24T22:11:09.388762+00:00,recovery_scenario,iperf_tcp,10,3,,ryu_controller,405707,9.9,59838464,4203,20419,24622,48,477.4429
2026-04-24T22:11:09.493790+00:00,recovery_scenario,iperf_tcp,10,3,,twin_core,405717,0.0,66748416,2527,375,2902,0,0.0
2026-04-24T22:11:09.493790+00:00,recovery_scenario,iperf_tcp,10,3,,ryu_controller,405707,9.5,59838464,4235,20419,24654,32,304.5221
2026-04-24T22:11:09.594324+00:00,recovery_scenario,iperf_tcp,10,3,,twin_core,405717,0.0,66748416,2527,375,2902,0,0.0
2026-04-24T22:11:09.594324+00:00,recovery_scenario,iperf_tcp,10,3,,ryu_controller,405707,19.9,59838464,4258,20419,24677,23,229.0177
2026-04-24T22:11:09.695725+00:00,recovery_scenario,iperf_tcp,10,3,,twin_core,405717,0.0,66748416,2527,375,2902,0,0.0
2026-04-24T22:11:09.695725+00:00,recovery_scenario,iperf_tcp,10,3,,ryu_controller,405707,19.7,59838464,4294,20419,24713,36,354.6406
2026-04-24T22:11:09.797133+00:00,recovery_scenario,iperf_tcp,10,3,,twin_core,405717,0.0,66748416,2527,375,2902,0,0.0
2026-04-24T22:11:09.797133+00:00,recovery_scenario,iperf_tcp,10,3,,ryu_controller,405707,19.6,59838464,4311,20419,24730,17,166.6424
2026-04-24T22:11:09.898330+00:00,recovery_scenario,iperf_tcp,10,3,,twin_core,405717,9.9,66748416,2527,375,2902,0,0.0
2026-04-24T22:11:09.898330+00:00,recovery_scenario,iperf_tcp,10,3,,ryu_controller,405707,39.8,59838464,4343,20419,24762,32,318.4518
2026-04-24T22:11:09.999501+00:00,recovery_scenario,iperf_tcp,10,3,,twin_core,405717,0.0,66748416,2527,375,2902,0,0.0
2026-04-24T22:11:09.999501+00:00,recovery_scenario,iperf_tcp,10,3,,ryu_controller,405707,0.0,59838464,4354,20419,24773,11,108.6324
2026-04-24T22:11:10.102160+00:00,recovery_scenario,iperf_tcp,10,3,,twin_core,405717,0.0,66748416,2527,375,2902,0,0.0
2026-04-24T22:11:10.102160+00:00,recovery_scenario,iperf_tcp,10,3,,ryu_controller,405707,19.5,59838464,4373,20421,24794,21,204.4338
2026-04-24T22:11:10.202753+00:00,recovery_scenario,iperf_tcp,10,3,,twin_core,405717,0.0,66748416,2527,375,2902,0,0.0
2026-04-24T22:11:10.202753+00:00,recovery_scenario,iperf_tcp,10,3,,ryu_controller,405707,10.0,59838464,4395,20421,24816,22,219.0668
2026-04-24T22:11:10.303811+00:00,recovery_scenario,iperf_tcp,10,3,,twin_core,405717,0.0,66748416,2527,375,2902,0,0.0
2026-04-24T22:11:10.303811+00:00,recovery_scenario,iperf_tcp,10,3,,ryu_controller,405707,9.9,59838464,4412,20421,24833,17,168.0524
2026-04-24T22:11:10.404331+00:00,recovery_scenario,iperf_tcp,10,3,,twin_core,405717,0.0,66748416,2527,375,2902,0,0.0
2026-04-24T22:11:10.404331+00:00,recovery_scenario,iperf_tcp,10,3,,ryu_controller,405707,10.0,59846656,4427,20421,24848,15,149.3566
2026-04-24T22:11:10.504817+00:00,recovery_scenario,iperf_tcp,10,3,,twin_core,405717,10.0,66748416,2532,375,2907,5,49.7522
2026-04-24T22:11:10.504817+00:00,recovery_scenario,iperf_tcp,10,3,,ryu_controller,405707,69.6,59846656,4475,20421,24896,48,477.5268
2026-04-24T22:11:10.605570+00:00,recovery_scenario,iperf_tcp,10,3,,twin_core,405717,0.0,66748416,2538,375,2913,6,59.249
2026-04-24T22:11:10.605570+00:00,recovery_scenario,iperf_tcp,10,3,,ryu_controller,405707,9.8,59846656,4496,20421,24917,21,205.2901
2026-04-24T22:11:10.708008+00:00,recovery_scenario,iperf_tcp,10,3,,twin_core,405717,9.8,66748416,2540,375,2915,2,19.6237
2026-04-24T22:11:10.708008+00:00,recovery_scenario,iperf_tcp,10,3,,ryu_controller,405707,49.3,59846656,4551,20422,24973,56,555.14
2026-04-24T22:11:10.808461+00:00,recovery_scenario,iperf_tcp,10,3,,twin_core,405717,0.0,66748416,2541,375,2916,1,9.9553
2026-04-24T22:11:10.808461+00:00,recovery_scenario,iperf_tcp,10,3,,ryu_controller,405707,9.9,59846656,4569,20422,24991,18,179.0765
2026-04-24T22:11:10.908994+00:00,recovery_scenario,iperf_tcp,10,3,,twin_core,405717,0.0,66748416,2544,375,2919,3,29.7824
2026-04-24T22:11:10.908994+00:00,recovery_scenario,iperf_tcp,10,3,,ryu_controller,405707,9.9,59846656,4578,20422,25000,9,89.3403
2026-04-24T22:11:11.009800+00:00,recovery_scenario,iperf_tcp,10,3,,twin_core,405717,0.0,66748416,2547,375,2922,3,29.8254
2026-04-24T22:11:11.009800+00:00,recovery_scenario,iperf_tcp,10,3,,ryu_controller,405707,0.0,59846656,4588,20422,25010,10,99.4939
2026-04-24T22:11:11.111953+00:00,recovery_scenario,iperf_tcp,10,3,,twin_core,405717,0.0,66748416,2550,375,2925,3,29.3382
2026-04-24T22:11:11.111953+00:00,recovery_scenario,iperf_tcp,10,3,,ryu_controller,405707,19.6,59846656,4596,20422,25018,8,78.2049
2026-04-24T22:11:11.212503+00:00,recovery_scenario,iperf_tcp,10,3,,twin_core,405717,0.0,66748416,2559,375,2934,9,89.4351
2026-04-24T22:11:11.212503+00:00,recovery_scenario,iperf_tcp,10,3,,ryu_controller,405707,9.9,59846656,4618,20422,25040,22,218.4839
2026-04-24T22:11:11.314637+00:00,recovery_scenario,iperf_tcp,10,3,,twin_core,405717,0.0,66748416,2562,375,2937,3,29.3647
2026-04-24T22:11:11.314637+00:00,recovery_scenario,iperf_tcp,10,3,,ryu_controller,405707,19.6,59846656,4636,20422,25058,18,176.069
2026-04-24T22:11:11.415970+00:00,recovery_scenario,iperf_tcp,10,3,,twin_core,405717,0.0,66748416,2565,375,2940,3,29.6404
2026-04-24T22:11:11.415970+00:00,recovery_scenario,iperf_tcp,10,3,,ryu_controller,405707,0.0,59846656,4648,20422,25070,12,118.7388
2026-04-24T22:11:11.517381+00:00,recovery_scenario,iperf_tcp,10,3,,twin_core,405717,0.0,66748416,2568,375,2943,3,29.5897
2026-04-24T22:11:11.517381+00:00,recovery_scenario,iperf_tcp,10,3,,ryu_controller,405707,9.9,59846656,4661,20422,25083,13,128.1026
2026-04-24T22:11:11.618996+00:00,recovery_scenario,iperf_tcp,10,3,,twin_core,405717,0.0,66748416,2577,375,2952,9,88.6045
2026-04-24T22:11:11.618996+00:00,recovery_scenario,iperf_tcp,10,3,,ryu_controller,405707,9.9,59846656,4671,20422,25093,10,98.5541
2026-04-24T22:11:11.719581+00:00,recovery_scenario,iperf_tcp,10,3,,twin_core,405717,0.0,66748416,2580,375,2955,3,29.7577
2026-04-24T22:11:11.719581+00:00,recovery_scenario,iperf_tcp,10,3,,ryu_controller,405707,9.9,59846656,4705,20422,25127,34,337.1562
2026-04-24T22:11:11.821852+00:00,recovery_scenario,iperf_tcp,10,3,,twin_core,405717,0.0,66748416,2583,375,2958,3,29.399
2026-04-24T22:11:11.821852+00:00,recovery_scenario,iperf_tcp,10,3,,ryu_controller,405707,9.8,59846656,4720,20422,25142,15,147.034
2026-04-24T22:11:11.922306+00:00,recovery_scenario,iperf_tcp,10,3,,twin_core,405717,0.0,66748416,2586,375,2961,3,29.868
2026-04-24T22:11:11.922306+00:00,recovery_scenario,iperf_tcp,10,3,,ryu_controller,405707,10.0,59846656,4731,20422,25153,11,109.5138
2026-04-24T22:11:12.023886+00:00,recovery_scenario,iperf_tcp,10,3,,twin_core,405717,0.0,66748416,2589,375,2964,3,29.5187
2026-04-24T22:11:12.023886+00:00,recovery_scenario,iperf_tcp,10,3,,ryu_controller,405707,9.8,59846656,4744,20422,25166,13,127.7717
2026-04-24T22:11:12.124556+00:00,recovery_scenario,iperf_tcp,10,3,,twin_core,405717,0.0,66748416,2598,375,2973,9,89.4191
2026-04-24T22:11:12.124556+00:00,recovery_scenario,iperf_tcp,10,3,,ryu_controller,405707,0.0,59846656,4748,20422,25170,4,39.7881
2026-04-24T22:11:12.225058+00:00,recovery_scenario,iperf_tcp,10,3,,twin_core,405717,0.0,66748416,2604,375,2979,6,59.6901
2026-04-24T22:11:12.225058+00:00,recovery_scenario,iperf_tcp,10,3,,ryu_controller,405707,9.9,59846656,4769,20422,25191,21,208.7733
2026-04-24T22:11:12.325636+00:00,recovery_scenario,iperf_tcp,10,3,,twin_core,405717,9.9,66748416,2610,375,2985,6,59.5771
2026-04-24T22:11:12.325636+00:00,recovery_scenario,iperf_tcp,10,3,,ryu_controller,405707,19.9,59846656,4789,20422,25211,20,198.7379
2026-04-24T22:11:12.426693+00:00,recovery_scenario,iperf_tcp,10,3,,twin_core,405717,9.9,66748416,2613,375,2988,3,29.6977
2026-04-24T22:11:12.426693+00:00,recovery_scenario,iperf_tcp,10,3,,ryu_controller,405707,0.0,59846656,4794,20422,25216,5,49.4903
2026-04-24T22:11:12.527252+00:00,recovery_scenario,iperf_tcp,10,3,,twin_core,405717,0.0,66748416,2619,375,2994,6,59.7763
2026-04-24T22:11:12.527252+00:00,recovery_scenario,iperf_tcp,10,3,,ryu_controller,405707,49.8,59846656,4826,20422,25248,32,318.8789
2026-04-24T22:11:12.627625+00:00,recovery_scenario,iperf_tcp,10,3,,twin_core,405717,10.0,66801664,2629,375,3004,10,99.4108
2026-04-24T22:11:12.627625+00:00,recovery_scenario,iperf_tcp,10,3,,ryu_controller,405707,49.7,59846656,4863,20422,25285,37,367.6606
2026-04-24T22:11:12.728272+00:00,recovery_scenario,iperf_tcp,10,3,,twin_core,405717,0.0,66801664,2632,375,3007,3,29.8608
2026-04-24T22:11:12.728272+00:00,recovery_scenario,iperf_tcp,10,3,,ryu_controller,405707,29.9,59846656,4892,20422,25314,29,288.7297
2026-04-24T22:11:12.833153+00:00,recovery_scenario,iperf_tcp,10,3,,twin_core,405717,0.0,66801664,2632,375,3007,0,0.0
2026-04-24T22:11:12.833153+00:00,recovery_scenario,iperf_tcp,10,3,,ryu_controller,405707,85.4,59846656,4921,20423,25344,30,255.7706
2026-04-24T22:11:12.946666+00:00,recovery_scenario,iperf_tcp,10,3,,twin_core,405717,17.7,66801664,2638,375,3013,6,55.6107
2026-04-24T22:11:12.946666+00:00,recovery_scenario,iperf_tcp,10,3,,ryu_controller,405707,19.7,59846656,4928,20424,25352,8,78.8991
2026-04-24T22:11:13.047392+00:00,recovery_scenario,iperf_tcp,10,3,,twin_core,405717,0.0,66801664,2644,375,3019,6,59.3968
2026-04-24T22:11:13.047392+00:00,recovery_scenario,iperf_tcp,10,3,,ryu_controller,405707,0.0,59846656,4934,20424,25358,6,59.3694
2026-04-24T22:11:13.148521+00:00,recovery_scenario,iperf_tcp,10,3,,twin_core,405717,9.9,66801664,2655,375,3030,11,109.1258
2026-04-24T22:11:13.148521+00:00,recovery_scenario,iperf_tcp,10,3,,ryu_controller,405707,29.8,59846656,4956,20424,25380,22,218.4305
2026-04-24T22:11:13.249217+00:00,recovery_scenario,iperf_tcp,10,3,,twin_core,405717,0.0,66801664,2655,375,3030,0,0.0
2026-04-24T22:11:13.249217+00:00,recovery_scenario,iperf_tcp,10,3,,ryu_controller,405707,9.9,59846656,4969,20425,25394,14,138.8883
2026-04-24T22:11:13.352551+00:00,recovery_scenario,iperf_tcp,10,3,,twin_core,405717,0.0,66801664,2658,375,3033,3,29.0248
2026-04-24T22:11:13.352551+00:00,recovery_scenario,iperf_tcp,10,3,,ryu_controller,405707,9.7,59846656,4978,20425,25403,9,87.2555
2026-04-24T22:11:13.453132+00:00,recovery_scenario,iperf_tcp,10,3,,twin_core,405717,0.0,66801664,2664,375,3039,6,59.6742
2026-04-24T22:11:13.453132+00:00,recovery_scenario,iperf_tcp,10,3,,ryu_controller,405707,9.9,59846656,4994,20425,25419,16,159.1387
2026-04-24T22:11:13.553759+00:00,recovery_scenario,iperf_tcp,10,3,,twin_core,405717,0.0,66801664,2677,375,3052,13,129.2795
2026-04-24T22:11:13.553759+00:00,recovery_scenario,iperf_tcp,10,3,,ryu_controller,405707,9.9,59846656,5030,20425,25455,36,358.0021
2026-04-24T22:11:13.667487+00:00,recovery_scenario,iperf_tcp,10,3,,twin_core,405717,17.6,66801664,2677,375,3052,0,0.0
2026-04-24T22:11:13.667487+00:00,recovery_scenario,iperf_tcp,10,3,,ryu_controller,405707,65.3,59846656,5037,20425,25462,7,50.7993
2026-04-24T22:11:13.792014+00:00,recovery_scenario,iperf_tcp,10,3,,twin_core,405717,0.0,66801664,2677,375,3052,0,0.0
2026-04-24T22:11:13.792014+00:00,recovery_scenario,iperf_tcp,10,3,,ryu_controller,405707,9.9,59846656,5071,20425,25496,34,338.3188
2026-04-24T22:11:13.894205+00:00,recovery_scenario,iperf_tcp,10,3,,twin_core,405717,0.0,66801664,2683,375,3058,6,58.6997
2026-04-24T22:11:13.894205+00:00,recovery_scenario,iperf_tcp,10,3,,ryu_controller,405707,0.0,59846656,5076,20425,25501,5,48.8352
2026-04-24T22:11:13.995823+00:00,recovery_scenario,iperf_tcp,10,3,,twin_core,405717,0.0,66801664,2689,375,3064,6,59.0488
2026-04-24T22:11:13.995823+00:00,recovery_scenario,iperf_tcp,10,3,,ryu_controller,405707,9.8,59846656,5085,20425,25510,9,88.7301
2026-04-24T22:11:14.096325+00:00,recovery_scenario,iperf_tcp,10,3,,twin_core,405717,0.0,66801664,2695,375,3070,6,59.7412
2026-04-24T22:11:14.096325+00:00,recovery_scenario,iperf_tcp,10,3,,ryu_controller,405707,0.0,59846656,5095,20425,25520,10,99.5943
2026-04-24T22:11:14.197126+00:00,recovery_scenario,iperf_tcp,10,3,,twin_core,405717,0.0,66801664,2698,375,3073,3,29.7135
2026-04-24T22:11:14.197126+00:00,recovery_scenario,iperf_tcp,10,3,,ryu_controller,405707,19.8,59846656,5121,20426,25547,27,266.8909
2026-04-24T22:11:14.256880+00:00,recovery_scenario,iperf_tcp,10,3,pingall_completed,,,,,,,,,
2026-04-24T22:11:14.299494+00:00,recovery_scenario,iperf_tcp,10,3,,twin_core,405717,9.8,66801664,2709,376,3085,12,117.1482
2026-04-24T22:11:14.299494+00:00,recovery_scenario,iperf_tcp,10,3,,ryu_controller,405707,0.0,59846656,5124,20426,25550,3,29.3307
2026-04-24T22:11:14.400686+00:00,recovery_scenario,iperf_tcp,10,3,,twin_core,405717,0.0,66801664,2709,376,3085,0,0.0
2026-04-24T22:11:14.400686+00:00,recovery_scenario,iperf_tcp,10,3,,ryu_controller,405707,0.0,59846656,5128,20426,25554,4,39.5922
2026-04-24T22:11:14.505863+00:00,recovery_scenario,iperf_tcp,10,3,,twin_core,405717,0.0,66801664,2709,376,3085,0,0.0
2026-04-24T22:11:14.505863+00:00,recovery_scenario,iperf_tcp,10,3,,ryu_controller,405707,9.5,59846656,5132,20426,25558,4,38.0119
2026-04-24T22:11:14.606442+00:00,recovery_scenario,iperf_tcp,10,3,,twin_core,405717,9.9,66801664,2709,376,3085,0,0.0
2026-04-24T22:11:14.606442+00:00,recovery_scenario,iperf_tcp,10,3,,ryu_controller,405707,39.8,59850752,5160,20426,25586,28,278.4103
2026-04-24T22:11:14.707053+00:00,recovery_scenario,iperf_tcp,10,3,,twin_core,405717,9.9,66867200,2709,376,3085,0,0.0
2026-04-24T22:11:14.707053+00:00,recovery_scenario,iperf_tcp,10,3,,ryu_controller,405707,39.8,59899904,5193,20426,25619,33,328.1934
2026-04-24T22:11:14.810426+00:00,recovery_scenario,iperf_tcp,10,3,,twin_core,405717,0.0,66867200,2709,376,3085,0,0.0
2026-04-24T22:11:14.810426+00:00,recovery_scenario,iperf_tcp,10,3,,ryu_controller,405707,0.0,59899904,5197,20426,25623,4,38.6557
2026-04-24T22:11:14.911239+00:00,recovery_scenario,iperf_tcp,10,3,,twin_core,405717,0.0,66867200,2709,376,3085,0,0.0
2026-04-24T22:11:14.911239+00:00,recovery_scenario,iperf_tcp,10,3,,ryu_controller,405707,29.8,59899904,5216,20426,25642,19,188.7385
2026-04-24T22:11:15.014290+00:00,recovery_scenario,iperf_tcp,10,3,,twin_core,405717,0.0,66867200,2709,376,3085,0,0.0
2026-04-24T22:11:15.014290+00:00,recovery_scenario,iperf_tcp,10,3,,ryu_controller,405707,58.1,59916288,5252,20426,25678,36,347.6499
2026-04-24T22:11:15.117431+00:00,recovery_scenario,iperf_tcp,10,3,,twin_core,405717,0.0,66867200,2709,376,3085,0,0.0
2026-04-24T22:11:15.117431+00:00,recovery_scenario,iperf_tcp,10,3,,ryu_controller,405707,0.0,59916288,5255,20426,25681,3,29.1946
2026-04-24T22:11:15.222618+00:00,recovery_scenario,iperf_tcp,10,3,,twin_core,405717,0.0,66867200,2709,376,3085,0,0.0
2026-04-24T22:11:15.222618+00:00,recovery_scenario,iperf_tcp,10,3,,ryu_controller,405707,0.0,59916288,5257,20426,25683,2,18.987
2026-04-24T22:11:15.326781+00:00,recovery_scenario,iperf_tcp,10,3,,twin_core,405717,0.0,66867200,2714,376,3090,5,48.0724
2026-04-24T22:11:15.326781+00:00,recovery_scenario,iperf_tcp,10,3,,ryu_controller,405707,0.0,59916288,5260,20426,25686,3,28.8507
2026-04-24T22:11:15.427440+00:00,recovery_scenario,iperf_tcp,10,3,,twin_core,405717,0.0,66867200,2714,376,3090,0,0.0
2026-04-24T22:11:15.427440+00:00,recovery_scenario,iperf_tcp,10,3,,ryu_controller,405707,0.0,59916288,5263,20426,25689,3,29.7672
2026-04-24T22:11:15.528172+00:00,recovery_scenario,iperf_tcp,10,3,,twin_core,405717,0.0,66867200,2714,376,3090,0,0.0
2026-04-24T22:11:15.528172+00:00,recovery_scenario,iperf_tcp,10,3,,ryu_controller,405707,0.0,59916288,5270,20426,25696,7,69.5737
2026-04-24T22:11:15.629339+00:00,recovery_scenario,iperf_tcp,10,3,,twin_core,405717,0.0,66867200,2714,376,3090,0,0.0
2026-04-24T22:11:15.629339+00:00,recovery_scenario,iperf_tcp,10,3,,ryu_controller,405707,9.8,59916288,5301,20426,25727,31,305.5162
2026-04-24T22:11:15.731958+00:00,recovery_scenario,iperf_tcp,10,3,,twin_core,405717,0.0,66867200,2714,376,3090,0,0.0
2026-04-24T22:11:15.731958+00:00,recovery_scenario,iperf_tcp,10,3,,ryu_controller,405707,0.0,59916288,5348,20429,25777,50,487.3336
2026-04-24T22:11:15.832872+00:00,recovery_scenario,iperf_tcp,10,3,,twin_core,405717,9.9,66867200,2714,376,3090,0,0.0
2026-04-24T22:11:15.832872+00:00,recovery_scenario,iperf_tcp,10,3,,ryu_controller,405707,0.0,59916288,5359,20431,25790,13,129.2273
2026-04-24T22:11:15.933395+00:00,recovery_scenario,iperf_tcp,10,3,,twin_core,405717,0.0,66867200,2714,376,3090,0,0.0
2026-04-24T22:11:15.933395+00:00,recovery_scenario,iperf_tcp,10,3,,ryu_controller,405707,0.0,59916288,5385,20438,25823,33,328.0574
2026-04-24T22:11:16.033993+00:00,recovery_scenario,iperf_tcp,10,3,,twin_core,405717,0.0,66867200,2714,376,3090,0,0.0
2026-04-24T22:11:16.033993+00:00,recovery_scenario,iperf_tcp,10,3,,ryu_controller,405707,0.0,59916288,5405,20444,25849,26,258.7487
2026-04-24T22:11:16.134859+00:00,recovery_scenario,iperf_tcp,10,3,,twin_core,405717,0.0,66867200,2714,376,3090,0,0.0
2026-04-24T22:11:16.134859+00:00,recovery_scenario,iperf_tcp,10,3,,ryu_controller,405707,9.9,59916288,5418,20446,25864,15,148.6754
2026-04-24T22:11:16.235968+00:00,recovery_scenario,iperf_tcp,10,3,,twin_core,405717,0.0,66867200,2714,376,3090,0,0.0
2026-04-24T22:11:16.235968+00:00,recovery_scenario,iperf_tcp,10,3,,ryu_controller,405707,0.0,59916288,5443,20448,25891,27,266.4984
2026-04-24T22:11:16.277027+00:00,recovery_scenario,iperf_tcp,10,3,background_traffic_started,,,,,,,,,
2026-04-24T22:11:16.338850+00:00,recovery_scenario,iperf_tcp,10,3,,twin_core,405717,0.0,66867200,2724,389,3113,23,223.9426
2026-04-24T22:11:16.338850+00:00,recovery_scenario,iperf_tcp,10,3,,ryu_controller,405707,19.5,59916288,5454,20491,25945,54,525.6299
2026-04-24T22:11:16.439446+00:00,recovery_scenario,iperf_tcp,10,3,,twin_core,405717,9.9,66867200,2739,395,3134,21,208.7752
2026-04-24T22:11:16.439446+00:00,recovery_scenario,iperf_tcp,10,3,,ryu_controller,405707,39.3,59916288,5468,20553,26021,76,747.2225
2026-04-24T22:11:16.477439+00:00,recovery_scenario,iperf_tcp,10,3,fault_injected,,,,,,,,,
2026-04-24T22:11:16.541139+00:00,recovery_scenario,iperf_tcp,10,3,,twin_core,405717,9.8,66883584,2745,401,3146,12,118.0321
2026-04-24T22:11:16.541139+00:00,recovery_scenario,iperf_tcp,10,3,,ryu_controller,405707,29.8,59916288,5473,20624,26097,76,756.4112
2026-04-24T22:11:16.643866+00:00,recovery_scenario,iperf_tcp,10,3,,twin_core,405717,0.0,66883584,2745,401,3146,0,0.0
2026-04-24T22:11:16.643866+00:00,recovery_scenario,iperf_tcp,10,3,,ryu_controller,405707,48.5,59916288,5473,20688,26161,64,621.3936
2026-04-24T22:11:16.744840+00:00,recovery_scenario,iperf_tcp,10,3,,twin_core,405717,9.9,66883584,2745,401,3146,0,0.0
2026-04-24T22:11:16.744840+00:00,recovery_scenario,iperf_tcp,10,3,,ryu_controller,405707,29.8,59916288,5473,20752,26225,64,635.2828
2026-04-24T22:11:16.847742+00:00,recovery_scenario,iperf_tcp,10,3,,twin_core,405717,0.0,66883584,2745,401,3146,0,0.0
2026-04-24T22:11:16.847742+00:00,recovery_scenario,iperf_tcp,10,3,,ryu_controller,405707,77.8,59916288,5473,20961,26434,209,2031.9933
2026-04-24T22:11:16.948318+00:00,recovery_scenario,iperf_tcp,10,3,,twin_core,405717,0.0,66883584,2745,401,3146,0,0.0
2026-04-24T22:11:16.948318+00:00,recovery_scenario,iperf_tcp,10,3,,ryu_controller,405707,89.4,59920384,5473,21075,26548,114,1130.7215
2026-04-24T22:11:17.053542+00:00,recovery_scenario,iperf_tcp,10,3,,twin_core,405717,0.0,66883584,2746,402,3148,2,18.9633
2026-04-24T22:11:17.053542+00:00,recovery_scenario,iperf_tcp,10,3,,ryu_controller,405707,85.3,59969536,5473,21139,26612,64,607.5887
2026-04-24T22:11:17.154288+00:00,recovery_scenario,iperf_tcp,10,3,,twin_core,405717,0.0,66883584,2746,402,3148,0,0.0
2026-04-24T22:11:17.154288+00:00,recovery_scenario,iperf_tcp,10,3,,ryu_controller,405707,79.6,59973632,5473,21215,26688,76,756.3331
2026-04-24T22:11:17.255004+00:00,recovery_scenario,iperf_tcp,10,3,,twin_core,405717,0.0,66883584,2746,402,3148,0,0.0
2026-04-24T22:11:17.255004+00:00,recovery_scenario,iperf_tcp,10,3,,ryu_controller,405707,69.0,59973632,5473,21430,26903,215,2118.4754
2026-04-24T22:11:17.359788+00:00,recovery_scenario,iperf_tcp,10,3,,twin_core,405717,0.0,66883584,2746,402,3148,0,0.0
2026-04-24T22:11:17.359788+00:00,recovery_scenario,iperf_tcp,10,3,,ryu_controller,405707,77.0,59973632,5473,21697,27170,267,2569.3994
2026-04-24T22:11:17.460236+00:00,recovery_scenario,iperf_tcp,10,3,,twin_core,405717,0.0,66883584,2746,402,3148,0,0.0
2026-04-24T22:11:17.460236+00:00,recovery_scenario,iperf_tcp,10,3,,ryu_controller,405707,69.7,59973632,5473,21975,27448,278,2768.8899
2026-04-24T22:11:17.560620+00:00,recovery_scenario,iperf_tcp,10,3,,twin_core,405717,0.0,66883584,2747,404,3151,3,29.8559
2026-04-24T22:11:17.560620+00:00,recovery_scenario,iperf_tcp,10,3,,ryu_controller,405707,69.7,59973632,5473,22114,27587,139,1382.8771
2026-04-24T22:11:17.661189+00:00,recovery_scenario,iperf_tcp,10,3,,twin_core,405717,0.0,66883584,2747,404,3151,0,0.0
2026-04-24T22:11:17.661189+00:00,recovery_scenario,iperf_tcp,10,3,,ryu_controller,405707,69.6,59973632,5473,22250,27723,136,1351.3665
2026-04-24T22:11:17.762959+00:00,recovery_scenario,iperf_tcp,10,3,,twin_core,405717,0.0,66883584,2747,404,3151,0,0.0
2026-04-24T22:11:17.762959+00:00,recovery_scenario,iperf_tcp,10,3,,ryu_controller,405707,58.9,59973632,5473,22370,27843,120,1180.0382
2026-04-24T22:11:17.863474+00:00,recovery_scenario,iperf_tcp,10,3,,twin_core,405717,0.0,66883584,2747,404,3151,0,0.0
2026-04-24T22:11:17.863474+00:00,recovery_scenario,iperf_tcp,10,3,,ryu_controller,405707,58.7,59973632,5473,22524,27997,154,1507.7745
2026-04-24T22:11:17.965613+00:00,recovery_scenario,iperf_tcp,10,3,,twin_core,405717,0.0,66883584,2747,404,3151,0,0.0
2026-04-24T22:11:17.965613+00:00,recovery_scenario,iperf_tcp,10,3,,ryu_controller,405707,59.5,59973632,5473,22829,28302,305,3003.6684
2026-04-24T22:11:18.067196+00:00,recovery_scenario,iperf_tcp,10,3,,twin_core,405717,0.0,66883584,2748,404,3152,1,9.7234
2026-04-24T22:11:18.067196+00:00,recovery_scenario,iperf_tcp,10,3,,ryu_controller,405707,68.1,59973632,5473,23083,28556,254,2484.5764
2026-04-24T22:11:18.169387+00:00,recovery_scenario,iperf_tcp,10,3,,twin_core,405717,0.0,66883584,2748,404,3152,0,0.0
2026-04-24T22:11:18.169387+00:00,recovery_scenario,iperf_tcp,10,3,,ryu_controller,405707,59.6,59973632,5473,23250,28723,167,1657.4675
2026-04-24T22:11:18.270823+00:00,recovery_scenario,iperf_tcp,10,3,,twin_core,405717,0.0,66883584,2748,404,3152,0,0.0
2026-04-24T22:11:18.270823+00:00,recovery_scenario,iperf_tcp,10,3,,ryu_controller,405707,78.9,59973632,5473,23446,28919,196,1936.2264
2026-04-24T22:11:18.371414+00:00,recovery_scenario,iperf_tcp,10,3,,twin_core,405717,0.0,66883584,2748,404,3152,0,0.0
2026-04-24T22:11:18.371414+00:00,recovery_scenario,iperf_tcp,10,3,,ryu_controller,405707,49.5,59973632,5473,23629,29102,183,1813.1468
2026-04-24T22:11:18.472866+00:00,recovery_scenario,iperf_tcp,10,3,,twin_core,405717,0.0,66883584,2748,404,3152,0,0.0
2026-04-24T22:11:18.472866+00:00,recovery_scenario,iperf_tcp,10,3,,ryu_controller,405707,39.6,59973632,5473,23795,29268,166,1639.3112
2026-04-24T22:11:18.573921+00:00,recovery_scenario,iperf_tcp,10,3,,twin_core,405717,0.0,66883584,2749,404,3153,1,9.891
2026-04-24T22:11:18.573921+00:00,recovery_scenario,iperf_tcp,10,3,,ryu_controller,405707,59.3,59973632,5473,23974,29447,179,1775.1487
2026-04-24T22:11:18.674879+00:00,recovery_scenario,iperf_tcp,10,3,,twin_core,405717,0.0,66883584,2749,404,3153,0,0.0
2026-04-24T22:11:18.674879+00:00,recovery_scenario,iperf_tcp,10,3,,ryu_controller,405707,39.6,59973632,5473,24099,29572,125,1238.6877
2026-04-24T22:11:18.775827+00:00,recovery_scenario,iperf_tcp,10,3,,twin_core,405717,9.9,66883584,2749,404,3153,0,0.0
2026-04-24T22:11:18.775827+00:00,recovery_scenario,iperf_tcp,10,3,,ryu_controller,405707,49.5,59973632,5473,24196,29669,97,959.5458
2026-04-24T22:11:18.877176+00:00,recovery_scenario,iperf_tcp,10,3,,twin_core,405717,0.0,66883584,2749,404,3153,0,0.0
2026-04-24T22:11:18.877176+00:00,recovery_scenario,iperf_tcp,10,3,,ryu_controller,405707,68.6,59973632,5477,24299,29776,107,1048.1962
2026-04-24T22:11:18.978943+00:00,recovery_scenario,iperf_tcp,10,3,,twin_core,405717,0.0,66904064,2749,404,3153,0,0.0
2026-04-24T22:11:18.978943+00:00,recovery_scenario,iperf_tcp,10,3,,ryu_controller,405707,19.7,59973632,5483,24311,29794,18,176.7951
2026-04-24T22:11:19.081164+00:00,recovery_scenario,iperf_tcp,10,3,,twin_core,405717,9.8,66904064,2765,404,3169,16,155.9804
2026-04-24T22:11:19.081164+00:00,recovery_scenario,iperf_tcp,10,3,,ryu_controller,405707,29.4,59973632,5492,24339,29831,37,362.6574
2026-04-24T22:11:19.168296+00:00,recovery_scenario,iperf_tcp,10,3,recovery_requested,,,,,,,,,
2026-04-24T22:11:19.184829+00:00,recovery_scenario,iperf_tcp,10,3,,twin_core,405717,19.3,66908160,2780,407,3187,18,174.7452
2026-04-24T22:11:19.184829+00:00,recovery_scenario,iperf_tcp,10,3,,ryu_controller,405707,48.5,59973632,5502,24368,29870,39,378.6866
2026-04-24T22:11:19.286277+00:00,recovery_scenario,iperf_tcp,10,3,,twin_core,405717,0.0,66908160,2780,407,3187,0,0.0
2026-04-24T22:11:19.286277+00:00,recovery_scenario,iperf_tcp,10,3,,ryu_controller,405707,19.7,59973632,5516,24408,29924,54,532.4827
2026-04-24T22:11:19.388805+00:00,recovery_scenario,iperf_tcp,10,3,,twin_core,405717,0.0,66908160,2780,407,3187,0,0.0
2026-04-24T22:11:19.388805+00:00,recovery_scenario,iperf_tcp,10,3,,ryu_controller,405707,19.5,59973632,5535,24460,29995,71,692.7007
2026-04-24T22:11:19.489266+00:00,recovery_scenario,iperf_tcp,10,3,,twin_core,405717,0.0,66908160,2780,407,3187,0,0.0
2026-04-24T22:11:19.489266+00:00,recovery_scenario,iperf_tcp,10,3,,ryu_controller,405707,19.9,59973632,5556,24511,30067,72,716.4661
2026-04-24T22:11:19.589765+00:00,recovery_scenario,iperf_tcp,10,3,,twin_core,405717,0.0,66908160,2780,407,3187,0,0.0
2026-04-24T22:11:19.589765+00:00,recovery_scenario,iperf_tcp,10,3,,ryu_controller,405707,29.5,59973632,5579,24560,30139,72,707.8028
2026-04-24T22:11:19.692861+00:00,recovery_scenario,iperf_tcp,10,3,,twin_core,405717,0.0,66908160,2781,408,3189,2,19.5993
2026-04-24T22:11:19.692861+00:00,recovery_scenario,iperf_tcp,10,3,,ryu_controller,405707,19.6,59973632,5600,24648,30248,109,1069.779
2026-04-24T22:11:19.794838+00:00,recovery_scenario,iperf_tcp,10,3,,twin_core,405717,0.0,66908160,2781,408,3189,0,0.0
2026-04-24T22:11:19.794838+00:00,recovery_scenario,iperf_tcp,10,3,,ryu_controller,405707,39.3,59973632,5616,24749,30365,117,1148.1122
2026-04-24T22:11:19.895216+00:00,recovery_scenario,iperf_tcp,10,3,,twin_core,405717,0.0,66908160,2781,408,3189,0,0.0
2026-04-24T22:11:19.895216+00:00,recovery_scenario,iperf_tcp,10,3,,ryu_controller,405707,29.9,59973632,5616,24844,30460,95,946.17
2026-04-24T22:11:19.995623+00:00,recovery_scenario,iperf_tcp,10,3,,twin_core,405717,0.0,66908160,2781,408,3189,0,0.0
2026-04-24T22:11:19.995623+00:00,recovery_scenario,iperf_tcp,10,3,,ryu_controller,405707,29.8,59973632,5616,24887,30503,43,427.6137
2026-04-24T22:11:20.097945+00:00,recovery_scenario,iperf_tcp,10,3,,twin_core,405717,0.0,66908160,2781,408,3189,0,0.0
2026-04-24T22:11:20.097945+00:00,recovery_scenario,iperf_tcp,10,3,,ryu_controller,405707,39.1,59973632,5616,24910,30526,23,225.0866
2026-04-24T22:11:20.200781+00:00,recovery_scenario,iperf_tcp,10,3,,twin_core,405717,0.0,66908160,2782,408,3190,1,9.7215
2026-04-24T22:11:20.200781+00:00,recovery_scenario,iperf_tcp,10,3,,ryu_controller,405707,29.2,59973632,5616,24939,30555,29,281.9061
2026-04-24T22:11:20.301237+00:00,recovery_scenario,iperf_tcp,10,3,,twin_core,405717,0.0,66908160,2782,408,3190,0,0.0
2026-04-24T22:11:20.301237+00:00,recovery_scenario,iperf_tcp,10,3,,ryu_controller,405707,39.8,59973632,5616,24957,30573,18,179.2847
2026-04-24T22:11:20.401631+00:00,recovery_scenario,iperf_tcp,10,3,,twin_core,405717,0.0,66908160,2782,408,3190,0,0.0
2026-04-24T22:11:20.401631+00:00,recovery_scenario,iperf_tcp,10,3,,ryu_controller,405707,39.8,59973632,5616,25043,30659,86,855.078
2026-04-24T22:11:20.506808+00:00,recovery_scenario,iperf_tcp,10,3,,twin_core,405717,0.0,66908160,2782,408,3190,0,0.0
2026-04-24T22:11:20.506808+00:00,recovery_scenario,iperf_tcp,10,3,,ryu_controller,405707,38.1,59973632,5616,25197,30813,154,1466.7679
2026-04-24T22:11:20.607199+00:00,recovery_scenario,iperf_tcp,10,3,,twin_core,405717,0.0,66908160,2782,408,3190,0,0.0
2026-04-24T22:11:20.607199+00:00,recovery_scenario,iperf_tcp,10,3,,ryu_controller,405707,39.8,59973632,5616,25270,30886,73,727.2616
2026-04-24T22:11:20.709771+00:00,recovery_scenario,iperf_tcp,10,3,,twin_core,405717,0.0,66908160,2783,409,3192,2,19.4883
2026-04-24T22:11:20.709771+00:00,recovery_scenario,iperf_tcp,10,3,,ryu_controller,405707,58.5,59973632,5616,25377,30993,107,1042.3533
2026-04-24T22:11:20.811785+00:00,recovery_scenario,iperf_tcp,10,3,,twin_core,405717,0.0,66908160,2783,409,3192,0,0.0
2026-04-24T22:11:20.811785+00:00,recovery_scenario,iperf_tcp,10,3,,ryu_controller,405707,58.8,59973632,5616,25523,31139,146,1431.8493
2026-04-24T22:11:20.913815+00:00,recovery_scenario,iperf_tcp,10,3,,twin_core,405717,0.0,66908160,2783,409,3192,0,0.0
2026-04-24T22:11:20.913815+00:00,recovery_scenario,iperf_tcp,10,3,,ryu_controller,405707,58.8,59973632,5616,25736,31352,213,2088.0434
2026-04-24T22:11:21.014209+00:00,recovery_scenario,iperf_tcp,10,3,,twin_core,405717,10.0,66908160,2783,409,3192,0,0.0
2026-04-24T22:11:21.014209+00:00,recovery_scenario,iperf_tcp,10,3,,ryu_controller,405707,69.7,59977728,5616,25896,31512,160,1593.525
2026-04-24T22:11:21.115322+00:00,recovery_scenario,iperf_tcp,10,3,,twin_core,405717,0.0,66908160,2783,409,3192,0,0.0
2026-04-24T22:11:21.115322+00:00,recovery_scenario,iperf_tcp,10,3,,ryu_controller,405707,58.6,59977728,5616,26148,31764,252,2460.3308
2026-04-24T22:11:21.217055+00:00,recovery_scenario,iperf_tcp,10,3,,twin_core,405717,0.0,66908160,2784,409,3193,1,9.8435
2026-04-24T22:11:21.217055+00:00,recovery_scenario,iperf_tcp,10,3,,ryu_controller,405707,59.7,59981824,5616,26419,32035,271,2698.0936
2026-04-24T22:11:21.317482+00:00,recovery_scenario,iperf_tcp,10,3,,twin_core,405717,0.0,66908160,2784,409,3193,0,0.0
2026-04-24T22:11:21.317482+00:00,recovery_scenario,iperf_tcp,10,3,,ryu_controller,405707,49.7,59981824,5616,26554,32170,135,1342.0384
2026-04-24T22:11:21.418107+00:00,recovery_scenario,iperf_tcp,10,3,,twin_core,405717,0.0,66908160,2784,409,3193,0,0.0
2026-04-24T22:11:21.418107+00:00,recovery_scenario,iperf_tcp,10,3,,ryu_controller,405707,59.7,59981824,5616,26705,32321,151,1502.5337
2026-04-24T22:11:21.519818+00:00,recovery_scenario,iperf_tcp,10,3,,twin_core,405717,0.0,66908160,2784,409,3193,0,0.0
2026-04-24T22:11:21.519818+00:00,recovery_scenario,iperf_tcp,10,3,,ryu_controller,405707,59.0,59981824,5616,26822,32438,117,1150.8541
2026-04-24T22:11:21.620231+00:00,recovery_scenario,iperf_tcp,10,3,,twin_core,405717,0.0,66908160,2784,409,3193,0,0.0
2026-04-24T22:11:21.620231+00:00,recovery_scenario,iperf_tcp,10,3,,ryu_controller,405707,69.7,59981824,5616,26988,32604,166,1653.7159
2026-04-24T22:11:21.720619+00:00,recovery_scenario,iperf_tcp,10,3,,twin_core,405717,0.0,66908160,2785,409,3194,1,9.9519
2026-04-24T22:11:21.720619+00:00,recovery_scenario,iperf_tcp,10,3,,ryu_controller,405707,69.7,59981824,5616,27092,32708,104,1034.8782
2026-04-24T22:11:21.823812+00:00,recovery_scenario,iperf_tcp,10,3,,twin_core,405717,0.0,66908160,2785,409,3194,0,0.0
2026-04-24T22:11:21.823812+00:00,recovery_scenario,iperf_tcp,10,3,,ryu_controller,405707,87.3,59981824,5616,27103,32719,11,106.6975
2026-04-24T22:11:21.924211+00:00,recovery_scenario,iperf_tcp,10,3,,twin_core,405717,0.0,66908160,2785,409,3194,0,0.0
2026-04-24T22:11:21.924211+00:00,recovery_scenario,iperf_tcp,10,3,,ryu_controller,405707,99.6,59981824,5616,27107,32723,4,39.8402
2026-04-24T22:11:22.024610+00:00,recovery_scenario,iperf_tcp,10,3,,twin_core,405717,0.0,66908160,2785,409,3194,0,0.0
2026-04-24T22:11:22.024610+00:00,recovery_scenario,iperf_tcp,10,3,,ryu_controller,405707,109.5,59981824,5616,27112,32728,5,49.7595
2026-04-24T22:11:22.125157+00:00,recovery_scenario,iperf_tcp,10,3,,twin_core,405717,0.0,66908160,2785,409,3194,0,0.0
2026-04-24T22:11:22.125157+00:00,recovery_scenario,iperf_tcp,10,3,,ryu_controller,405707,89.6,59981824,5616,27114,32730,2,19.908
2026-04-24T22:11:22.225562+00:00,recovery_scenario,iperf_tcp,10,3,,twin_core,405717,0.0,66908160,2786,409,3195,1,9.9435
2026-04-24T22:11:22.225562+00:00,recovery_scenario,iperf_tcp,10,3,,ryu_controller,405707,109.3,59981824,5616,27117,32733,3,29.8179
2026-04-24T22:11:22.326164+00:00,recovery_scenario,iperf_tcp,10,3,,twin_core,405717,0.0,66908160,2786,409,3195,0,0.0
2026-04-24T22:11:22.326164+00:00,recovery_scenario,iperf_tcp,10,3,,ryu_controller,405707,89.6,59981824,5616,27156,32772,39,388.4838
2026-04-24T22:11:22.426962+00:00,recovery_scenario,iperf_tcp,10,3,,twin_core,405717,0.0,66908160,2786,409,3195,0,0.0
2026-04-24T22:11:22.426962+00:00,recovery_scenario,iperf_tcp,10,3,,ryu_controller,405707,69.4,59981824,5616,27278,32894,122,1209.7764
2026-04-24T22:11:22.528811+00:00,recovery_scenario,iperf_tcp,10,3,,twin_core,405717,9.8,66908160,2786,409,3195,0,0.0
2026-04-24T22:11:22.528811+00:00,recovery_scenario,iperf_tcp,10,3,,ryu_controller,405707,58.9,59981824,5616,27466,33082,188,1844.9641
2026-04-24T22:11:22.629502+00:00,recovery_scenario,iperf_tcp,10,3,,twin_core,405717,0.0,66908160,2786,409,3195,0,0.0
2026-04-24T22:11:22.629502+00:00,recovery_scenario,iperf_tcp,10,3,,ryu_controller,405707,59.6,59981824,5616,27726,33342,260,2579.7267
2026-04-24T22:11:22.730105+00:00,recovery_scenario,iperf_tcp,10,3,,twin_core,405717,0.0,66908160,2787,409,3196,1,9.9404
2026-04-24T22:11:22.730105+00:00,recovery_scenario,iperf_tcp,10,3,,ryu_controller,405707,59.7,59981824,5616,27895,33511,169,1683.1133
2026-04-24T22:11:22.833813+00:00,recovery_scenario,iperf_tcp,10,3,,twin_core,405717,0.0,66908160,2787,409,3196,0,0.0
2026-04-24T22:11:22.833813+00:00,recovery_scenario,iperf_tcp,10,3,,ryu_controller,405707,48.2,59981824,5616,27981,33597,86,828.7732
2026-04-24T22:11:22.934253+00:00,recovery_scenario,iperf_tcp,10,3,,twin_core,405717,0.0,66908160,2787,409,3196,0,0.0
2026-04-24T22:11:22.934253+00:00,recovery_scenario,iperf_tcp,10,3,,ryu_controller,405707,39.8,59981824,5621,28042,33663,66,657.5299
2026-04-24T22:11:23.034775+00:00,recovery_scenario,iperf_tcp,10,3,,twin_core,405717,9.9,66912256,2787,409,3196,0,0.0
2026-04-24T22:11:23.034775+00:00,recovery_scenario,iperf_tcp,10,3,,ryu_controller,405707,19.9,59981824,5634,28058,33692,29,288.2132
2026-04-24T22:11:23.135267+00:00,recovery_scenario,iperf_tcp,10,3,,twin_core,405717,0.0,66912256,2787,409,3196,0,0.0
2026-04-24T22:11:23.135267+00:00,recovery_scenario,iperf_tcp,10,3,,ryu_controller,405707,0.0,59981824,5639,28060,33699,7,69.614
2026-04-24T22:11:23.237904+00:00,recovery_scenario,iperf_tcp,10,3,,twin_core,405717,0.0,66912256,2804,412,3216,20,194.2951
2026-04-24T22:11:23.237904+00:00,recovery_scenario,iperf_tcp,10,3,,ryu_controller,405707,9.7,59981824,5650,28081,33731,32,310.8466
2026-04-24T22:11:23.324519+00:00,recovery_scenario,iperf_tcp,10,3,scenario_teardown,,,,,,,,,
2026-04-24T22:11:23.338876+00:00,recovery_scenario,iperf_tcp,10,3,,twin_core,405717,9.9,66916352,2824,418,3242,26,258.3523
2026-04-24T22:11:23.338876+00:00,recovery_scenario,iperf_tcp,10,3,,ryu_controller,405707,29.8,59981824,5672,28121,33793,62,615.9111
2026-04-24T22:11:23.439463+00:00,recovery_scenario,iperf_tcp,10,3,,twin_core,405717,9.9,66916352,2850,419,3269,27,268.6326
2026-04-24T22:11:23.439463+00:00,recovery_scenario,iperf_tcp,10,3,,ryu_controller,405707,19.9,59981824,5687,28125,33812,19,188.983
2026-04-24T22:11:23.540343+00:00,recovery_scenario,iperf_tcp,10,3,,twin_core,405717,0.0,66916352,2871,420,3291,22,218.0838
2026-04-24T22:11:23.540343+00:00,recovery_scenario,iperf_tcp,10,3,,ryu_controller,405707,9.9,59981824,5693,28128,33821,9,89.2667
2026-04-24T22:11:23.641116+00:00,recovery_scenario,iperf_tcp,10,3,,twin_core,405717,0.0,66916352,2874,422,3296,5,49.4654
2026-04-24T22:11:23.641116+00:00,recovery_scenario,iperf_tcp,10,3,,ryu_controller,405707,9.9,59981824,5701,28128,33829,8,78.8039
2026-04-24T22:11:24.207600+00:00,recovery_scenario,iperf_tcp,10,4,,twin_core,405717,0.0,66916352,3260,474,3734,0,0.0
2026-04-24T22:11:24.207600+00:00,recovery_scenario,iperf_tcp,10,4,,ryu_controller,405707,0.0,59981824,5810,28129,33939,0,0.0
2026-04-24T22:11:24.309634+00:00,recovery_scenario,iperf_tcp,10,4,,twin_core,405717,0.0,66916352,3312,480,3792,58,568.624
2026-04-24T22:11:24.309634+00:00,recovery_scenario,iperf_tcp,10,4,,ryu_controller,405707,39.2,59981824,5845,28136,33981,42,417.3415
2026-04-24T22:11:24.432551+00:00,recovery_scenario,iperf_tcp,10,4,,twin_core,405717,8.1,66916352,3391,480,3871,79,641.6967
2026-04-24T22:11:24.432551+00:00,recovery_scenario,iperf_tcp,10,4,,ryu_controller,405707,16.2,59981824,5884,28138,34022,41,333.0077
2026-04-24T22:11:24.530175+00:00,recovery_scenario,iperf_tcp,10,4,service_started,,,,,,,,,
2026-04-24T22:11:24.533300+00:00,recovery_scenario,iperf_tcp,10,4,,twin_core,405717,19.9,66916352,3462,482,3944,73,726.2104
2026-04-24T22:11:24.533300+00:00,recovery_scenario,iperf_tcp,10,4,,ryu_controller,405707,49.7,59981824,5927,28145,34072,50,497.4691
2026-04-24T22:11:24.633902+00:00,recovery_scenario,iperf_tcp,10,4,,twin_core,405717,19.9,66916352,3463,482,3945,1,9.9409
2026-04-24T22:11:24.633902+00:00,recovery_scenario,iperf_tcp,10,4,,ryu_controller,405707,59.7,59981824,5962,28148,34110,38,377.7937
2026-04-24T22:11:24.734336+00:00,recovery_scenario,iperf_tcp,10,4,,twin_core,405717,0.0,66916352,3463,482,3945,0,0.0
2026-04-24T22:11:24.734336+00:00,recovery_scenario,iperf_tcp,10,4,,ryu_controller,405707,9.9,59981824,6014,28148,34162,52,517.1357
2026-04-24T22:11:24.834921+00:00,recovery_scenario,iperf_tcp,10,4,,twin_core,405717,0.0,66916352,3463,482,3945,0,0.0
2026-04-24T22:11:24.834921+00:00,recovery_scenario,iperf_tcp,10,4,,ryu_controller,405707,9.9,59981824,6049,28148,34197,35,348.2642
2026-04-24T22:11:24.935414+00:00,recovery_scenario,iperf_tcp,10,4,,twin_core,405717,0.0,66916352,3463,482,3945,0,0.0
2026-04-24T22:11:24.935414+00:00,recovery_scenario,iperf_tcp,10,4,,ryu_controller,405707,39.8,59981824,6085,28148,34233,36,357.6919
2026-04-24T22:11:25.036073+00:00,recovery_scenario,iperf_tcp,10,4,,twin_core,405717,0.0,66916352,3463,482,3945,0,0.0
2026-04-24T22:11:25.036073+00:00,recovery_scenario,iperf_tcp,10,4,,ryu_controller,405707,59.6,59981824,6127,28148,34275,42,417.4444
2026-04-24T22:11:25.137122+00:00,recovery_scenario,iperf_tcp,10,4,,twin_core,405717,0.0,66916352,3463,482,3945,0,0.0
2026-04-24T22:11:25.137122+00:00,recovery_scenario,iperf_tcp,10,4,,ryu_controller,405707,19.8,59981824,6148,28148,34296,21,207.8738
2026-04-24T22:11:25.238857+00:00,recovery_scenario,iperf_tcp,10,4,,twin_core,405717,0.0,66916352,3463,482,3945,0,0.0
2026-04-24T22:11:25.238857+00:00,recovery_scenario,iperf_tcp,10,4,,ryu_controller,405707,19.7,59981824,6167,28148,34315,19,186.7564
2026-04-24T22:11:25.339416+00:00,recovery_scenario,iperf_tcp,10,4,,twin_core,405717,0.0,66916352,3463,482,3945,0,0.0
2026-04-24T22:11:25.339416+00:00,recovery_scenario,iperf_tcp,10,4,,ryu_controller,405707,10.0,59981824,6171,28149,34320,5,49.6551
2026-04-24T22:11:25.440139+00:00,recovery_scenario,iperf_tcp,10,4,,twin_core,405717,0.0,66916352,3463,482,3945,0,0.0
2026-04-24T22:11:25.440139+00:00,recovery_scenario,iperf_tcp,10,4,,ryu_controller,405707,9.9,59981824,6183,28149,34332,12,119.3931
2026-04-24T22:11:25.543124+00:00,recovery_scenario,iperf_tcp,10,4,,twin_core,405717,0.0,66916352,3463,482,3945,0,0.0
2026-04-24T22:11:25.543124+00:00,recovery_scenario,iperf_tcp,10,4,,ryu_controller,405707,9.7,59981824,6194,28149,34343,11,106.8115
2026-04-24T22:11:25.643614+00:00,recovery_scenario,iperf_tcp,10,4,,twin_core,405717,0.0,66916352,3463,482,3945,0,0.0
2026-04-24T22:11:25.643614+00:00,recovery_scenario,iperf_tcp,10,4,,ryu_controller,405707,19.9,59981824,6232,28149,34381,38,377.75
2026-04-24T22:11:25.744200+00:00,recovery_scenario,iperf_tcp,10,4,,twin_core,405717,0.0,66916352,3463,482,3945,0,0.0
2026-04-24T22:11:25.744200+00:00,recovery_scenario,iperf_tcp,10,4,,ryu_controller,405707,9.9,59981824,6242,28149,34391,10,99.4251
2026-04-24T22:11:25.844798+00:00,recovery_scenario,iperf_tcp,10,4,,twin_core,405717,0.0,66916352,3463,482,3945,0,0.0
2026-04-24T22:11:25.844798+00:00,recovery_scenario,iperf_tcp,10,4,,ryu_controller,405707,10.0,59981824,6263,28149,34412,21,209.0215
2026-04-24T22:11:25.945250+00:00,recovery_scenario,iperf_tcp,10,4,,twin_core,405717,0.0,66916352,3463,482,3945,0,0.0
2026-04-24T22:11:25.945250+00:00,recovery_scenario,iperf_tcp,10,4,,ryu_controller,405707,39.8,59981824,6293,28149,34442,30,298.6855
2026-04-24T22:11:26.046383+00:00,recovery_scenario,iperf_tcp,10,4,,twin_core,405717,0.0,66916352,3463,482,3945,0,0.0
2026-04-24T22:11:26.046383+00:00,recovery_scenario,iperf_tcp,10,4,,ryu_controller,405707,19.7,59981824,6329,28150,34479,37,364.9298
2026-04-24T22:11:26.149418+00:00,recovery_scenario,iperf_tcp,10,4,,twin_core,405717,0.0,66916352,3463,482,3945,0,0.0
2026-04-24T22:11:26.149418+00:00,recovery_scenario,iperf_tcp,10,4,,ryu_controller,405707,29.2,59981824,6368,28150,34518,39,379.1885
2026-04-24T22:11:26.249957+00:00,recovery_scenario,iperf_tcp,10,4,,twin_core,405717,0.0,66916352,3463,482,3945,0,0.0
2026-04-24T22:11:26.249957+00:00,recovery_scenario,iperf_tcp,10,4,,ryu_controller,405707,19.9,59981824,6395,28150,34545,27,268.5579
2026-04-24T22:11:26.352990+00:00,recovery_scenario,iperf_tcp,10,4,,twin_core,405717,0.0,66916352,3463,482,3945,0,0.0
2026-04-24T22:11:26.352990+00:00,recovery_scenario,iperf_tcp,10,4,,ryu_controller,405707,9.7,59981824,6415,28150,34565,20,194.1864
2026-04-24T22:11:26.454949+00:00,recovery_scenario,iperf_tcp,10,4,,twin_core,405717,0.0,66916352,3463,482,3945,0,0.0
2026-04-24T22:11:26.454949+00:00,recovery_scenario,iperf_tcp,10,4,,ryu_controller,405707,9.8,59981824,6427,28150,34577,12,117.6215
2026-04-24T22:11:26.556145+00:00,recovery_scenario,iperf_tcp,10,4,,twin_core,405717,0.0,66916352,3463,482,3945,0,0.0
2026-04-24T22:11:26.556145+00:00,recovery_scenario,iperf_tcp,10,4,,ryu_controller,405707,0.0,59981824,6439,28150,34589,12,118.6667
2026-04-24T22:11:26.656581+00:00,recovery_scenario,iperf_tcp,10,4,,twin_core,405717,10.0,66916352,3466,482,3948,3,29.8444
2026-04-24T22:11:26.656581+00:00,recovery_scenario,iperf_tcp,10,4,,ryu_controller,405707,49.7,59981824,6496,28150,34646,57,567.0687
2026-04-24T22:11:26.757123+00:00,recovery_scenario,iperf_tcp,10,4,,twin_core,405717,0.0,66920448,3472,482,3954,6,59.7256
2026-04-24T22:11:26.757123+00:00,recovery_scenario,iperf_tcp,10,4,,ryu_controller,405707,29.9,59981824,6532,28151,34683,37,367.9894
2026-04-24T22:11:26.857740+00:00,recovery_scenario,iperf_tcp,10,4,,twin_core,405717,0.0,66920448,3475,482,3957,3,29.783
2026-04-24T22:11:26.857740+00:00,recovery_scenario,iperf_tcp,10,4,,ryu_controller,405707,9.9,59981824,6551,28151,34702,19,188.7286
2026-04-24T22:11:26.958852+00:00,recovery_scenario,iperf_tcp,10,4,,twin_core,405717,0.0,66920448,3478,482,3960,3,29.7006
2026-04-24T22:11:26.958852+00:00,recovery_scenario,iperf_tcp,10,4,,ryu_controller,405707,9.9,59981824,6563,28151,34714,12,118.8176
2026-04-24T22:11:27.059317+00:00,recovery_scenario,iperf_tcp,10,4,,twin_core,405717,10.0,66920448,3481,482,3963,3,29.8643
2026-04-24T22:11:27.059317+00:00,recovery_scenario,iperf_tcp,10,4,,ryu_controller,405707,29.9,59981824,6597,28152,34749,35,348.4642
2026-04-24T22:11:27.161310+00:00,recovery_scenario,iperf_tcp,10,4,,twin_core,405717,0.0,66920448,3481,482,3963,0,0.0
2026-04-24T22:11:27.161310+00:00,recovery_scenario,iperf_tcp,10,4,,ryu_controller,405707,29.4,59981824,6621,28152,34773,24,235.291
2026-04-24T22:11:27.262026+00:00,recovery_scenario,iperf_tcp,10,4,,twin_core,405717,0.0,66920448,3484,482,3966,3,29.7741
2026-04-24T22:11:27.262026+00:00,recovery_scenario,iperf_tcp,10,4,,ryu_controller,405707,9.9,59981824,6631,28152,34783,10,99.2401
2026-04-24T22:11:27.362582+00:00,recovery_scenario,iperf_tcp,10,4,,twin_core,405717,9.9,66920448,3493,482,3975,9,89.4352
2026-04-24T22:11:27.362582+00:00,recovery_scenario,iperf_tcp,10,4,,ryu_controller,405707,0.0,59981824,6645,28152,34797,14,139.1147
2026-04-24T22:11:27.463242+00:00,recovery_scenario,iperf_tcp,10,4,,twin_core,405717,0.0,66920448,3496,482,3978,3,29.8419
2026-04-24T22:11:27.463242+00:00,recovery_scenario,iperf_tcp,10,4,,ryu_controller,405707,9.9,59981824,6667,28152,34819,22,218.8989
2026-04-24T22:11:27.563672+00:00,recovery_scenario,iperf_tcp,10,4,,twin_core,405717,0.0,66920448,3499,482,3981,3,29.8354
2026-04-24T22:11:27.563672+00:00,recovery_scenario,iperf_tcp,10,4,,ryu_controller,405707,9.9,59981824,6681,28152,34833,14,139.0423
2026-04-24T22:11:27.664381+00:00,recovery_scenario,iperf_tcp,10,4,,twin_core,405717,0.0,66920448,3502,482,3984,3,29.7859
2026-04-24T22:11:27.664381+00:00,recovery_scenario,iperf_tcp,10,4,,ryu_controller,405707,9.9,59981824,6694,28152,34846,13,129.1515
2026-04-24T22:11:27.765499+00:00,recovery_scenario,iperf_tcp,10,4,,twin_core,405717,0.0,66920448,3508,483,3991,7,69.1894
2026-04-24T22:11:27.765499+00:00,recovery_scenario,iperf_tcp,10,4,,ryu_controller,405707,19.8,59981824,6709,28152,34861,15,148.3191
2026-04-24T22:11:27.866165+00:00,recovery_scenario,iperf_tcp,10,4,,twin_core,405717,0.0,66920448,3517,483,4000,9,89.5672
2026-04-24T22:11:27.866165+00:00,recovery_scenario,iperf_tcp,10,4,,ryu_controller,405707,10.0,59981824,6725,28152,34877,16,159.2876
2026-04-24T22:11:27.966606+00:00,recovery_scenario,iperf_tcp,10,4,,twin_core,405717,0.0,66920448,3520,483,4003,3,29.8582
2026-04-24T22:11:27.966606+00:00,recovery_scenario,iperf_tcp,10,4,,ryu_controller,405707,10.0,59981824,6740,28152,34892,15,149.2667
2026-04-24T22:11:28.067081+00:00,recovery_scenario,iperf_tcp,10,4,,twin_core,405717,0.0,66920448,3523,484,4007,4,39.8265
2026-04-24T22:11:28.067081+00:00,recovery_scenario,iperf_tcp,10,4,,ryu_controller,405707,10.0,59981824,6764,28152,34916,24,239.0071
2026-04-24T22:11:28.167513+00:00,recovery_scenario,iperf_tcp,10,4,,twin_core,405717,0.0,66920448,3526,484,4010,3,29.8278
2026-04-24T22:11:28.167513+00:00,recovery_scenario,iperf_tcp,10,4,,ryu_controller,405707,9.9,59981824,6782,28152,34934,18,178.9265
2026-04-24T22:11:28.269214+00:00,recovery_scenario,iperf_tcp,10,4,,twin_core,405717,0.0,66920448,3526,484,4010,0,0.0
2026-04-24T22:11:28.269214+00:00,recovery_scenario,iperf_tcp,10,4,,ryu_controller,405707,0.0,59981824,6792,28152,34944,10,98.4158
2026-04-24T22:11:28.369824+00:00,recovery_scenario,iperf_tcp,10,4,,twin_core,405717,9.9,66920448,3538,484,4022,12,119.349
2026-04-24T22:11:28.369824+00:00,recovery_scenario,iperf_tcp,10,4,,ryu_controller,405707,9.9,59981824,6803,28152,34955,11,109.4236
2026-04-24T22:11:28.470257+00:00,recovery_scenario,iperf_tcp,10,4,,twin_core,405717,0.0,66920448,3544,484,4028,6,59.7256
2026-04-24T22:11:28.470257+00:00,recovery_scenario,iperf_tcp,10,4,,ryu_controller,405707,10.0,59981824,6823,28152,34975,20,199.0616
2026-04-24T22:11:28.570728+00:00,recovery_scenario,iperf_tcp,10,4,,twin_core,405717,0.0,66920448,3547,484,4031,3,29.8484
2026-04-24T22:11:28.570728+00:00,recovery_scenario,iperf_tcp,10,4,,ryu_controller,405707,9.9,59981824,6838,28152,34990,15,149.22
2026-04-24T22:11:28.671214+00:00,recovery_scenario,iperf_tcp,10,4,,twin_core,405717,0.0,66920448,3550,484,4034,3,29.7275
2026-04-24T22:11:28.671214+00:00,recovery_scenario,iperf_tcp,10,4,,ryu_controller,405707,19.8,59981824,6850,28152,35002,12,118.9287
2026-04-24T22:11:28.772275+00:00,recovery_scenario,iperf_tcp,10,4,,twin_core,405717,9.9,66953216,3563,484,4047,13,129.215
2026-04-24T22:11:28.772275+00:00,recovery_scenario,iperf_tcp,10,4,,ryu_controller,405707,49.7,59981824,6898,28152,35050,48,477.0933
2026-04-24T22:11:28.872733+00:00,recovery_scenario,iperf_tcp,10,4,,twin_core,405717,0.0,66953216,3569,484,4053,6,59.751
2026-04-24T22:11:28.872733+00:00,recovery_scenario,iperf_tcp,10,4,,ryu_controller,405707,19.9,59981824,6917,28152,35069,19,189.2419
2026-04-24T22:11:28.974997+00:00,recovery_scenario,iperf_tcp,10,4,,twin_core,405717,0.0,66953216,3569,484,4053,0,0.0
2026-04-24T22:11:28.974997+00:00,recovery_scenario,iperf_tcp,10,4,,ryu_controller,405707,0.0,59981824,6928,28152,35080,11,107.3075
2026-04-24T22:11:29.079602+00:00,recovery_scenario,iperf_tcp,10,4,,twin_core,405717,0.0,66953216,3572,484,4056,3,28.7021
2026-04-24T22:11:29.079602+00:00,recovery_scenario,iperf_tcp,10,4,,ryu_controller,405707,9.6,59981824,6935,28152,35087,7,66.9945
2026-04-24T22:11:29.180214+00:00,recovery_scenario,iperf_tcp,10,4,,twin_core,405717,0.0,66953216,3580,484,4064,8,79.5719
2026-04-24T22:11:29.180214+00:00,recovery_scenario,iperf_tcp,10,4,,ryu_controller,405707,69.3,59994112,6984,28152,35136,49,483.4719
2026-04-24T22:11:29.281580+00:00,recovery_scenario,iperf_tcp,10,4,,twin_core,405717,0.0,66953216,3589,484,4073,9,88.7698
2026-04-24T22:11:29.281580+00:00,recovery_scenario,iperf_tcp,10,4,,ryu_controller,405707,19.8,59994112,7008,28152,35160,24,238.6379
2026-04-24T22:11:29.383137+00:00,recovery_scenario,iperf_tcp,10,4,,twin_core,405717,9.8,66953216,3589,484,4073,0,0.0
2026-04-24T22:11:29.383137+00:00,recovery_scenario,iperf_tcp,10,4,,ryu_controller,405707,9.8,59994112,7020,28152,35172,12,118.1429
2026-04-24T22:11:29.485497+00:00,recovery_scenario,iperf_tcp,10,4,,twin_core,405717,0.0,66953216,3592,484,4076,3,29.2945
2026-04-24T22:11:29.485497+00:00,recovery_scenario,iperf_tcp,10,4,,ryu_controller,405707,9.8,59994112,7036,28152,35188,16,156.223
2026-04-24T22:11:29.586206+00:00,recovery_scenario,iperf_tcp,10,4,,twin_core,405717,0.0,66953216,3601,484,4085,9,89.46
2026-04-24T22:11:29.586206+00:00,recovery_scenario,iperf_tcp,10,4,,ryu_controller,405707,19.9,59994112,7058,28152,35210,22,218.7362
2026-04-24T22:11:29.687288+00:00,recovery_scenario,iperf_tcp,10,4,,twin_core,405717,9.9,66953216,3610,484,4094,9,89.0086
2026-04-24T22:11:29.687288+00:00,recovery_scenario,iperf_tcp,10,4,,ryu_controller,405707,0.0,59994112,7072,28152,35224,14,138.4276
2026-04-24T22:11:29.790350+00:00,recovery_scenario,iperf_tcp,10,4,,twin_core,405717,0.0,66953216,3610,484,4094,0,0.0
2026-04-24T22:11:29.790350+00:00,recovery_scenario,iperf_tcp,10,4,,ryu_controller,405707,9.7,59994112,7093,28152,35245,21,203.6092
2026-04-24T22:11:29.891082+00:00,recovery_scenario,iperf_tcp,10,4,,twin_core,405717,0.0,66953216,3616,484,4100,6,59.5236
2026-04-24T22:11:29.891082+00:00,recovery_scenario,iperf_tcp,10,4,,ryu_controller,405707,0.0,59994112,7113,28152,35265,20,198.2608
2026-04-24T22:11:29.991875+00:00,recovery_scenario,iperf_tcp,10,4,,twin_core,405717,0.0,66953216,3630,484,4114,14,139.0592
2026-04-24T22:11:29.991875+00:00,recovery_scenario,iperf_tcp,10,4,,ryu_controller,405707,19.9,59994112,7125,28152,35277,12,119.3543
2026-04-24T22:11:30.092315+00:00,recovery_scenario,iperf_tcp,10,4,,twin_core,405717,0.0,66953216,3633,484,4117,3,29.8686
2026-04-24T22:11:30.092315+00:00,recovery_scenario,iperf_tcp,10,4,,ryu_controller,405707,19.9,59994112,7149,28152,35301,24,238.9459
2026-04-24T22:11:30.192799+00:00,recovery_scenario,iperf_tcp,10,4,,twin_core,405717,0.0,66953216,3639,484,4123,6,59.6867
2026-04-24T22:11:30.192799+00:00,recovery_scenario,iperf_tcp,10,4,,ryu_controller,405707,9.9,59994112,7181,28152,35333,32,318.2487
2026-04-24T22:11:30.274324+00:00,recovery_scenario,iperf_tcp,10,4,pingall_completed,,,,,,,,,
2026-04-24T22:11:30.293339+00:00,recovery_scenario,iperf_tcp,10,4,,twin_core,405717,0.0,66953216,3652,484,4136,13,129.3297
2026-04-24T22:11:30.293339+00:00,recovery_scenario,iperf_tcp,10,4,,ryu_controller,405707,9.9,59994112,7185,28152,35337,4,39.7988
2026-04-24T22:11:30.393972+00:00,recovery_scenario,iperf_tcp,10,4,,twin_core,405717,0.0,66953216,3652,484,4136,0,0.0
2026-04-24T22:11:30.393972+00:00,recovery_scenario,iperf_tcp,10,4,,ryu_controller,405707,0.0,59994112,7188,28152,35340,3,29.7945
2026-04-24T22:11:30.495153+00:00,recovery_scenario,iperf_tcp,10,4,,twin_core,405717,0.0,66953216,3652,484,4136,0,0.0
2026-04-24T22:11:30.495153+00:00,recovery_scenario,iperf_tcp,10,4,,ryu_controller,405707,0.0,59994112,7192,28152,35344,4,39.5269
2026-04-24T22:11:30.597882+00:00,recovery_scenario,iperf_tcp,10,4,,twin_core,405717,0.0,66953216,3652,484,4136,0,0.0
2026-04-24T22:11:30.597882+00:00,recovery_scenario,iperf_tcp,10,4,,ryu_controller,405707,19.5,59994112,7222,28152,35374,30,292.2602
2026-04-24T22:11:30.702992+00:00,recovery_scenario,iperf_tcp,10,4,,twin_core,405717,0.0,66953216,3652,484,4136,0,0.0
2026-04-24T22:11:30.702992+00:00,recovery_scenario,iperf_tcp,10,4,,ryu_controller,405707,0.0,59994112,7225,28152,35377,3,28.5095
2026-04-24T22:11:30.803577+00:00,recovery_scenario,iperf_tcp,10,4,,twin_core,405717,9.9,66953216,3652,484,4136,0,0.0
2026-04-24T22:11:30.803577+00:00,recovery_scenario,iperf_tcp,10,4,,ryu_controller,405707,49.8,59994112,7265,28152,35417,40,398.2571
2026-04-24T22:11:30.908151+00:00,recovery_scenario,iperf_tcp,10,4,,twin_core,405717,9.6,66990080,3652,484,4136,0,0.0
2026-04-24T22:11:30.908151+00:00,recovery_scenario,iperf_tcp,10,4,,ryu_controller,405707,19.1,60092416,7279,28152,35431,14,133.6861
2026-04-24T22:11:31.011793+00:00,recovery_scenario,iperf_tcp,10,4,,twin_core,405717,0.0,66990080,3652,484,4136,0,0.0
2026-04-24T22:11:31.011793+00:00,recovery_scenario,iperf_tcp,10,4,,ryu_controller,405707,0.0,60092416,7282,28152,35434,3,28.9165
2026-04-24T22:11:31.113937+00:00,recovery_scenario,iperf_tcp,10,4,,twin_core,405717,0.0,66990080,3652,484,4136,0,0.0
2026-04-24T22:11:31.113937+00:00,recovery_scenario,iperf_tcp,10,4,,ryu_controller,405707,9.8,60092416,7285,28152,35437,3,29.3362
2026-04-24T22:11:31.214905+00:00,recovery_scenario,iperf_tcp,10,4,,twin_core,405717,0.0,66990080,3652,484,4136,0,0.0
2026-04-24T22:11:31.214905+00:00,recovery_scenario,iperf_tcp,10,4,,ryu_controller,405707,19.8,60092416,7295,28152,35447,10,99.0205
2026-04-24T22:11:31.315928+00:00,recovery_scenario,iperf_tcp,10,4,,twin_core,405717,0.0,66990080,3657,484,4141,5,49.5535
2026-04-24T22:11:31.315928+00:00,recovery_scenario,iperf_tcp,10,4,,ryu_controller,405707,89.3,60194816,7338,28155,35493,46,456.6588
2026-04-24T22:11:31.416482+00:00,recovery_scenario,iperf_tcp,10,4,,twin_core,405717,0.0,66990080,3657,484,4141,0,0.0
2026-04-24T22:11:31.416482+00:00,recovery_scenario,iperf_tcp,10,4,,ryu_controller,405707,9.9,60194816,7342,28155,35497,4,39.7319
2026-04-24T22:11:31.517258+00:00,recovery_scenario,iperf_tcp,10,4,,twin_core,405717,0.0,66990080,3657,484,4141,0,0.0
2026-04-24T22:11:31.517258+00:00,recovery_scenario,iperf_tcp,10,4,,ryu_controller,405707,0.0,60194816,7345,28155,35500,3,29.8226
2026-04-24T22:11:31.619456+00:00,recovery_scenario,iperf_tcp,10,4,,twin_core,405717,0.0,66990080,3657,484,4141,0,0.0
2026-04-24T22:11:31.619456+00:00,recovery_scenario,iperf_tcp,10,4,,ryu_controller,405707,0.0,60194816,7347,28155,35502,2,19.5454
2026-04-24T22:11:31.720957+00:00,recovery_scenario,iperf_tcp,10,4,,twin_core,405717,0.0,66990080,3657,484,4141,0,0.0
2026-04-24T22:11:31.720957+00:00,recovery_scenario,iperf_tcp,10,4,,ryu_controller,405707,0.0,60194816,7355,28162,35517,15,147.8337
2026-04-24T22:11:31.821632+00:00,recovery_scenario,iperf_tcp,10,4,,twin_core,405717,0.0,66990080,3657,484,4141,0,0.0
2026-04-24T22:11:31.821632+00:00,recovery_scenario,iperf_tcp,10,4,,ryu_controller,405707,0.0,60194816,7392,28171,35563,46,456.8848
2026-04-24T22:11:31.924850+00:00,recovery_scenario,iperf_tcp,10,4,,twin_core,405717,0.0,66990080,3657,484,4141,0,0.0
2026-04-24T22:11:31.924850+00:00,recovery_scenario,iperf_tcp,10,4,,ryu_controller,405707,0.0,60194816,7403,28171,35574,11,106.6688
2026-04-24T22:11:32.025328+00:00,recovery_scenario,iperf_tcp,10,4,,twin_core,405717,0.0,66990080,3657,484,4141,0,0.0
2026-04-24T22:11:32.025328+00:00,recovery_scenario,iperf_tcp,10,4,,ryu_controller,405707,0.0,60194816,7418,28174,35592,18,179.2262
2026-04-24T22:11:32.128811+00:00,recovery_scenario,iperf_tcp,10,4,,twin_core,405717,0.0,66990080,3657,484,4141,0,0.0
2026-04-24T22:11:32.128811+00:00,recovery_scenario,iperf_tcp,10,4,,ryu_controller,405707,9.7,60194816,7449,28176,35625,33,318.7334
2026-04-24T22:11:32.229294+00:00,recovery_scenario,iperf_tcp,10,4,,twin_core,405717,0.0,66990080,3657,484,4141,0,0.0
2026-04-24T22:11:32.229294+00:00,recovery_scenario,iperf_tcp,10,4,,ryu_controller,405707,0.0,60194816,7466,28178,35644,19,189.1568
2026-04-24T22:11:32.290805+00:00,recovery_scenario,iperf_tcp,10,4,background_traffic_started,,,,,,,,,
2026-04-24T22:11:32.330821+00:00,recovery_scenario,iperf_tcp,10,4,,twin_core,405717,9.9,66990080,3664,485,4149,8,78.825
2026-04-24T22:11:32.330821+00:00,recovery_scenario,iperf_tcp,10,4,,ryu_controller,405707,9.9,60194816,7492,28185,35677,33,325.2273
2026-04-24T22:11:32.431168+00:00,recovery_scenario,iperf_tcp,10,4,,twin_core,405717,0.0,66990080,3674,490,4164,15,149.471
2026-04-24T22:11:32.431168+00:00,recovery_scenario,iperf_tcp,10,4,,ryu_controller,405707,29.9,60194816,7499,28214,35713,36,358.8109
2026-04-24T22:11:32.533820+00:00,recovery_scenario,iperf_tcp,10,4,,twin_core,405717,0.0,66990080,3680,491,4171,7,68.0773
2026-04-24T22:11:32.533820+00:00,recovery_scenario,iperf_tcp,10,4,,ryu_controller,405707,19.4,60194816,7504,28242,35746,33,320.8521
2026-04-24T22:11:32.578313+00:00,recovery_scenario,iperf_tcp,10,4,fault_injected,,,,,,,,,
2026-04-24T22:11:32.634390+00:00,recovery_scenario,iperf_tcp,10,4,,twin_core,405717,19.9,66990080,3688,495,4183,12,119.457
2026-04-24T22:11:32.634390+00:00,recovery_scenario,iperf_tcp,10,4,,ryu_controller,405707,39.8,60194816,7515,28292,35807,61,606.3041
2026-04-24T22:11:32.738601+00:00,recovery_scenario,iperf_tcp,10,4,,twin_core,405717,0.0,66990080,3688,495,4183,0,0.0
2026-04-24T22:11:32.738601+00:00,recovery_scenario,iperf_tcp,10,4,,ryu_controller,405707,38.4,60194816,7515,28448,35963,156,1498.4337
2026-04-24T22:11:32.839130+00:00,recovery_scenario,iperf_tcp,10,4,,twin_core,405717,0.0,66990080,3688,495,4183,0,0.0
2026-04-24T22:11:32.839130+00:00,recovery_scenario,iperf_tcp,10,4,,ryu_controller,405707,39.8,60194816,7515,28649,36164,201,2000.1535
2026-04-24T22:11:32.939634+00:00,recovery_scenario,iperf_tcp,10,4,,twin_core,405717,0.0,66990080,3688,495,4183,0,0.0
2026-04-24T22:11:32.939634+00:00,recovery_scenario,iperf_tcp,10,4,,ryu_controller,405707,59.7,60194816,7515,28823,36338,174,1726.7858
2026-04-24T22:11:33.040382+00:00,recovery_scenario,iperf_tcp,10,4,,twin_core,405717,0.0,66990080,3688,495,4183,0,0.0
2026-04-24T22:11:33.040382+00:00,recovery_scenario,iperf_tcp,10,4,,ryu_controller,405707,59.6,60194816,7515,28941,36456,118,1160.8979
2026-04-24T22:11:33.142154+00:00,recovery_scenario,iperf_tcp,10,4,,twin_core,405717,0.0,66990080,3689,496,4185,2,19.6576
2026-04-24T22:11:33.142154+00:00,recovery_scenario,iperf_tcp,10,4,,ryu_controller,405707,59.0,60194816,7515,29026,36541,85,844.9574
2026-04-24T22:11:33.242610+00:00,recovery_scenario,iperf_tcp,10,4,,twin_core,405717,0.0,66990080,3689,496,4185,0,0.0
2026-04-24T22:11:33.242610+00:00,recovery_scenario,iperf_tcp,10,4,,ryu_controller,405707,79.6,60194816,7515,29096,36611,70,696.2833
2026-04-24T22:11:33.343185+00:00,recovery_scenario,iperf_tcp,10,4,,twin_core,405717,0.0,66990080,3689,496,4185,0,0.0
2026-04-24T22:11:33.343185+00:00,recovery_scenario,iperf_tcp,10,4,,ryu_controller,405707,99.5,60207104,7515,29098,36613,2,19.9046
2026-04-24T22:11:33.443647+00:00,recovery_scenario,iperf_tcp,10,4,,twin_core,405717,0.0,66990080,3689,496,4185,0,0.0
2026-04-24T22:11:33.443647+00:00,recovery_scenario,iperf_tcp,10,4,,ryu_controller,405707,99.5,60211200,7515,29101,36616,3,29.843
2026-04-24T22:11:33.544188+00:00,recovery_scenario,iperf_tcp,10,4,,twin_core,405717,0.0,66990080,3689,496,4185,0,0.0
2026-04-24T22:11:33.544188+00:00,recovery_scenario,iperf_tcp,10,4,,ryu_controller,405707,99.6,60211200,7515,29102,36617,1,9.9549
2026-04-24T22:11:33.644808+00:00,recovery_scenario,iperf_tcp,10,4,,twin_core,405717,0.0,66990080,3690,496,4186,1,9.9305
2026-04-24T22:11:33.644808+00:00,recovery_scenario,iperf_tcp,10,4,,ryu_controller,405707,99.3,60211200,7515,29169,36684,67,665.2768
2026-04-24T22:11:33.746112+00:00,recovery_scenario,iperf_tcp,10,4,,twin_core,405717,0.0,66990080,3690,496,4186,0,0.0
2026-04-24T22:11:33.746112+00:00,recovery_scenario,iperf_tcp,10,4,,ryu_controller,405707,96.7,60211200,7515,29276,36791,107,1027.3582
2026-04-24T22:11:33.850451+00:00,recovery_scenario,iperf_tcp,10,4,,twin_core,405717,0.0,66990080,3690,496,4186,0,0.0
2026-04-24T22:11:33.850451+00:00,recovery_scenario,iperf_tcp,10,4,,ryu_controller,405707,68.5,60211200,7515,29491,37006,215,2117.2488
2026-04-24T22:11:33.951134+00:00,recovery_scenario,iperf_tcp,10,4,,twin_core,405717,0.0,66990080,3690,496,4186,0,0.0
2026-04-24T22:11:33.951134+00:00,recovery_scenario,iperf_tcp,10,4,,ryu_controller,405707,59.3,60211200,7515,29632,37147,141,1389.6852
2026-04-24T22:11:34.052443+00:00,recovery_scenario,iperf_tcp,10,4,,twin_core,405717,0.0,66990080,3690,496,4186,0,0.0
2026-04-24T22:11:34.052443+00:00,recovery_scenario,iperf_tcp,10,4,,ryu_controller,405707,59.4,60211200,7515,29781,37296,149,1476.2774
2026-04-24T22:11:34.153522+00:00,recovery_scenario,iperf_tcp,10,4,,twin_core,405717,0.0,66990080,3691,496,4187,1,9.8277
2026-04-24T22:11:34.153522+00:00,recovery_scenario,iperf_tcp,10,4,,ryu_controller,405707,48.9,60211200,7515,29985,37500,204,1998.4587
2026-04-24T22:11:34.256306+00:00,recovery_scenario,iperf_tcp,10,4,,twin_core,405717,0.0,66990080,3691,496,4187,0,0.0
2026-04-24T22:11:34.256306+00:00,recovery_scenario,iperf_tcp,10,4,,ryu_controller,405707,58.9,60211200,7515,30305,37820,320,3143.8998
2026-04-24T22:11:34.360011+00:00,recovery_scenario,iperf_tcp,10,4,,twin_core,405717,9.6,66990080,3691,496,4187,0,0.0
2026-04-24T22:11:34.360011+00:00,recovery_scenario,iperf_tcp,10,4,,ryu_controller,405707,48.4,60211200,7515,30551,38066,246,2384.0203
2026-04-24T22:11:34.463140+00:00,recovery_scenario,iperf_tcp,10,4,,twin_core,405717,0.0,66990080,3691,496,4187,0,0.0
2026-04-24T22:11:34.463140+00:00,recovery_scenario,iperf_tcp,10,4,,ryu_controller,405707,67.9,60211200,7515,30682,38197,131,1271.1058
2026-04-24T22:11:34.563491+00:00,recovery_scenario,iperf_tcp,10,4,,twin_core,405717,10.0,66994176,3691,496,4187,0,0.0
2026-04-24T22:11:34.563491+00:00,recovery_scenario,iperf_tcp,10,4,,ryu_controller,405707,49.8,60211200,7525,30729,38254,57,567.108
2026-04-24T22:11:34.664052+00:00,recovery_scenario,iperf_tcp,10,4,,twin_core,405717,0.0,66994176,3701,503,4204,17,168.8898
2026-04-24T22:11:34.664052+00:00,recovery_scenario,iperf_tcp,10,4,,ryu_controller,405707,19.9,60211200,7541,30747,38288,34,338.2377
2026-04-24T22:11:34.764533+00:00,recovery_scenario,iperf_tcp,10,4,,twin_core,405717,9.9,66994176,3713,513,4226,22,218.7964
2026-04-24T22:11:34.764533+00:00,recovery_scenario,iperf_tcp,10,4,,ryu_controller,405707,39.8,60211200,7551,30779,38330,42,417.5801
2026-04-24T22:11:34.816879+00:00,recovery_scenario,iperf_tcp,10,4,recovery_requested,,,,,,,,,
2026-04-24T22:11:34.865134+00:00,recovery_scenario,iperf_tcp,10,4,,twin_core,405717,9.9,66994176,3722,526,4248,22,216.1648
2026-04-24T22:11:34.865134+00:00,recovery_scenario,iperf_tcp,10,4,,ryu_controller,405707,29.4,60211200,7569,30806,38375,45,441.497
2026-04-24T22:11:34.967063+00:00,recovery_scenario,iperf_tcp,10,4,,twin_core,405717,0.0,66994176,3722,526,4248,0,0.0
2026-04-24T22:11:34.967063+00:00,recovery_scenario,iperf_tcp,10,4,,ryu_controller,405707,29.9,60211200,7582,30876,38458,83,826.2358
2026-04-24T22:11:35.072781+00:00,recovery_scenario,iperf_tcp,10,4,,twin_core,405717,0.0,66994176,3722,526,4248,0,0.0
2026-04-24T22:11:35.072781+00:00,recovery_scenario,iperf_tcp,10,4,,ryu_controller,405707,28.4,60211200,7582,30911,38493,35,331.0936
2026-04-24T22:11:35.173819+00:00,recovery_scenario,iperf_tcp,10,4,,twin_core,405717,0.0,66994176,3722,526,4248,0,0.0
2026-04-24T22:11:35.173819+00:00,recovery_scenario,iperf_tcp,10,4,,ryu_controller,405707,29.7,60211200,7582,30950,38532,39,386.1343
2026-04-24T22:11:35.274215+00:00,recovery_scenario,iperf_tcp,10,4,,twin_core,405717,0.0,66994176,3722,526,4248,0,0.0
2026-04-24T22:11:35.274215+00:00,recovery_scenario,iperf_tcp,10,4,,ryu_controller,405707,39.8,60211200,7582,30965,38547,15,149.1596
2026-04-24T22:11:35.375014+00:00,recovery_scenario,iperf_tcp,10,4,,twin_core,405717,0.0,66994176,3723,526,4249,1,9.9282
2026-04-24T22:11:35.375014+00:00,recovery_scenario,iperf_tcp,10,4,,ryu_controller,405707,29.8,60211200,7582,31095,38677,130,1291.7506
2026-04-24T22:11:35.475415+00:00,recovery_scenario,iperf_tcp,10,4,,twin_core,405717,0.0,66994176,3723,526,4249,0,0.0
2026-04-24T22:11:35.475415+00:00,recovery_scenario,iperf_tcp,10,4,,ryu_controller,405707,49.8,60211200,7582,31244,38826,149,1481.9058
2026-04-24T22:11:35.577797+00:00,recovery_scenario,iperf_tcp,10,4,,twin_core,405717,0.0,66994176,3723,526,4249,0,0.0
2026-04-24T22:11:35.577797+00:00,recovery_scenario,iperf_tcp,10,4,,ryu_controller,405707,39.1,60211200,7582,31357,38939,113,1104.6582
2026-04-24T22:11:35.678776+00:00,recovery_scenario,iperf_tcp,10,4,,twin_core,405717,0.0,66994176,3723,526,4249,0,0.0
2026-04-24T22:11:35.678776+00:00,recovery_scenario,iperf_tcp,10,4,,ryu_controller,405707,49.5,60211200,7582,31477,39059,120,1189.2291
2026-04-24T22:11:35.779842+00:00,recovery_scenario,iperf_tcp,10,4,,twin_core,405717,0.0,66994176,3723,526,4249,0,0.0
2026-04-24T22:11:35.779842+00:00,recovery_scenario,iperf_tcp,10,4,,ryu_controller,405707,49.5,60211200,7582,31593,39175,116,1147.0021
2026-04-24T22:11:35.881119+00:00,recovery_scenario,iperf_tcp,10,4,,twin_core,405717,0.0,66994176,3724,526,4250,1,9.8482
2026-04-24T22:11:35.881119+00:00,recovery_scenario,iperf_tcp,10,4,,ryu_controller,405707,59.1,60211200,7582,31812,39394,219,2152.8305
2026-04-24T22:11:35.982314+00:00,recovery_scenario,iperf_tcp,10,4,,twin_core,405717,0.0,66994176,3724,526,4250,0,0.0
2026-04-24T22:11:35.982314+00:00,recovery_scenario,iperf_tcp,10,4,,ryu_controller,405707,79.3,60211200,7582,32053,39635,241,2392.491
2026-04-24T22:11:36.083317+00:00,recovery_scenario,iperf_tcp,10,4,,twin_core,405717,0.0,66994176,3724,526,4250,0,0.0
2026-04-24T22:11:36.083317+00:00,recovery_scenario,iperf_tcp,10,4,,ryu_controller,405707,69.3,60211200,7582,32246,39828,193,1909.9228
2026-04-24T22:11:36.184314+00:00,recovery_scenario,iperf_tcp,10,4,,twin_core,405717,0.0,66994176,3724,526,4250,0,0.0
2026-04-24T22:11:36.184314+00:00,recovery_scenario,iperf_tcp,10,4,,ryu_controller,405707,69.4,60211200,7582,32404,39986,158,1565.817
2026-04-24T22:11:36.285005+00:00,recovery_scenario,iperf_tcp,10,4,,twin_core,405717,0.0,66994176,3724,526,4250,0,0.0
2026-04-24T22:11:36.285005+00:00,recovery_scenario,iperf_tcp,10,4,,ryu_controller,405707,78.4,60211200,7582,32670,40252,266,2607.4256
2026-04-24T22:11:36.386956+00:00,recovery_scenario,iperf_tcp,10,4,,twin_core,405717,9.8,66994176,3725,526,4251,1,9.9328
2026-04-24T22:11:36.386956+00:00,recovery_scenario,iperf_tcp,10,4,,ryu_controller,405707,79.5,60211200,7582,32933,40515,263,2613.4688
2026-04-24T22:11:36.487315+00:00,recovery_scenario,iperf_tcp,10,4,,twin_core,405717,0.0,66994176,3725,526,4251,0,0.0
2026-04-24T22:11:36.487315+00:00,recovery_scenario,iperf_tcp,10,4,,ryu_controller,405707,69.8,60211200,7582,33263,40845,330,3288.231
2026-04-24T22:11:36.588259+00:00,recovery_scenario,iperf_tcp,10,4,,twin_core,405717,0.0,66994176,3725,526,4251,0,0.0
2026-04-24T22:11:36.588259+00:00,recovery_scenario,iperf_tcp,10,4,,ryu_controller,405707,59.4,60211200,7582,33379,40961,116,1149.033
2026-04-24T22:11:36.689328+00:00,recovery_scenario,iperf_tcp,10,4,,twin_core,405717,0.0,66994176,3725,526,4251,0,0.0
2026-04-24T22:11:36.689328+00:00,recovery_scenario,iperf_tcp,10,4,,ryu_controller,405707,79.1,60211200,7582,33586,41168,207,2047.7133
2026-04-24T22:11:36.791326+00:00,recovery_scenario,iperf_tcp,10,4,,twin_core,405717,0.0,66994176,3725,526,4251,0,0.0
2026-04-24T22:11:36.791326+00:00,recovery_scenario,iperf_tcp,10,4,,ryu_controller,405707,68.6,60211200,7582,33816,41398,230,2159.2323
2026-04-24T22:11:36.896316+00:00,recovery_scenario,iperf_tcp,10,4,,twin_core,405717,0.0,66994176,3726,526,4252,1,9.5322
2026-04-24T22:11:36.896316+00:00,recovery_scenario,iperf_tcp,10,4,,ryu_controller,405707,66.7,60211200,7582,33952,41534,136,1353.9827
2026-04-24T22:11:36.997552+00:00,recovery_scenario,iperf_tcp,10,4,,twin_core,405717,0.0,66994176,3726,526,4252,0,0.0
2026-04-24T22:11:36.997552+00:00,recovery_scenario,iperf_tcp,10,4,,ryu_controller,405707,69.0,60211200,7582,34076,41658,124,1221.2367
2026-04-24T22:11:37.105284+00:00,recovery_scenario,iperf_tcp,10,4,,twin_core,405717,0.0,66994176,3726,526,4252,0,0.0
2026-04-24T22:11:37.105284+00:00,recovery_scenario,iperf_tcp,10,4,,ryu_controller,405707,55.7,60211200,7582,34179,41761,103,955.3785
2026-04-24T22:11:37.207311+00:00,recovery_scenario,iperf_tcp,10,4,,twin_core,405717,0.0,66994176,3726,526,4252,0,0.0
2026-04-24T22:11:37.207311+00:00,recovery_scenario,iperf_tcp,10,4,,ryu_controller,405707,67.7,60211200,7582,34334,41916,155,1501.8434
2026-04-24T22:11:37.311127+00:00,recovery_scenario,iperf_tcp,10,4,,twin_core,405717,0.0,66994176,3726,526,4252,0,0.0
2026-04-24T22:11:37.311127+00:00,recovery_scenario,iperf_tcp,10,4,,ryu_controller,405707,29.2,60211200,7582,34528,42110,194,1877.3747
2026-04-24T22:11:37.413623+00:00,recovery_scenario,iperf_tcp,10,4,,twin_core,405717,0.0,66994176,3727,526,4253,1,9.6307
2026-04-24T22:11:37.413623+00:00,recovery_scenario,iperf_tcp,10,4,,ryu_controller,405707,48.2,60211200,7582,34720,42302,192,1864.0415
2026-04-24T22:11:37.516324+00:00,recovery_scenario,iperf_tcp,10,4,,twin_core,405717,0.0,66994176,3727,526,4253,0,0.0
2026-04-24T22:11:37.516324+00:00,recovery_scenario,iperf_tcp,10,4,,ryu_controller,405707,39.4,60211200,7582,34873,42455,153,1508.3043
2026-04-24T22:11:37.621806+00:00,recovery_scenario,iperf_tcp,10,4,,twin_core,405717,0.0,66994176,3727,526,4253,0,0.0
2026-04-24T22:11:37.621806+00:00,recovery_scenario,iperf_tcp,10,4,,ryu_controller,405707,38.0,60211200,7582,34986,42568,113,1074.5841
2026-04-24T22:11:37.722269+00:00,recovery_scenario,iperf_tcp,10,4,,twin_core,405717,9.9,66994176,3727,526,4253,0,0.0
2026-04-24T22:11:37.722269+00:00,recovery_scenario,iperf_tcp,10,4,,ryu_controller,405707,49.6,60211200,7587,35012,42599,31,307.4429
2026-04-24T22:11:37.823032+00:00,recovery_scenario,iperf_tcp,10,4,,twin_core,405717,9.9,66994176,3727,526,4253,0,0.0
2026-04-24T22:11:37.823032+00:00,recovery_scenario,iperf_tcp,10,4,,ryu_controller,405707,29.9,60211200,7592,35060,42652,53,527.5159
2026-04-24T22:11:37.923497+00:00,recovery_scenario,iperf_tcp,10,4,,twin_core,405717,10.0,66994176,3747,527,4274,21,209.1384
2026-04-24T22:11:37.923497+00:00,recovery_scenario,iperf_tcp,10,4,,ryu_controller,405707,29.3,60211200,7612,35081,42693,41,399.8449
2026-04-24T22:11:37.963368+00:00,recovery_scenario,iperf_tcp,10,4,scenario_teardown,,,,,,,,,
2026-04-24T22:11:38.026096+00:00,recovery_scenario,iperf_tcp,10,4,,twin_core,405717,0.0,66994176,3767,535,4302,28,272.8955
2026-04-24T22:11:38.026096+00:00,recovery_scenario,iperf_tcp,10,4,,ryu_controller,405707,19.9,60211200,7624,35091,42715,22,219.0412
2026-04-24T22:11:38.126484+00:00,recovery_scenario,iperf_tcp,10,4,,twin_core,405717,10.0,66994176,3790,537,4327,25,249.0302
2026-04-24T22:11:38.126484+00:00,recovery_scenario,iperf_tcp,10,4,,ryu_controller,405707,0.0,60211200,7630,35095,42725,10,99.4409
2026-04-24T22:11:38.227072+00:00,recovery_scenario,iperf_tcp,10,4,,twin_core,405717,9.9,66994176,3809,538,4347,20,198.7725
2026-04-24T22:11:38.227072+00:00,recovery_scenario,iperf_tcp,10,4,,ryu_controller,405707,10.0,60211200,7637,35101,42738,13,129.41
2026-04-24T22:11:38.327573+00:00,recovery_scenario,iperf_tcp,10,4,,twin_core,405717,0.0,66994176,3809,538,4347,0,0.0
2026-04-24T22:11:38.327573+00:00,recovery_scenario,iperf_tcp,10,4,,ryu_controller,405707,9.9,60211200,7644,35104,42748,10,99.308
2026-04-24T22:11:38.866362+00:00,recovery_scenario,iperf_tcp,10,5,,twin_core,405717,0.0,66994176,4208,601,4809,0,0.0
2026-04-24T22:11:38.866362+00:00,recovery_scenario,iperf_tcp,10,5,,ryu_controller,405707,0.0,60211200,7701,35104,42805,0,0.0
2026-04-24T22:11:38.968145+00:00,recovery_scenario,iperf_tcp,10,5,,twin_core,405717,0.0,66994176,4259,607,4866,57,559.7972
2026-04-24T22:11:38.968145+00:00,recovery_scenario,iperf_tcp,10,5,,ryu_controller,405707,49.8,60211200,7727,35108,42835,30,298.7597
2026-04-24T22:11:39.068573+00:00,recovery_scenario,iperf_tcp,10,5,,twin_core,405717,19.9,66994176,4348,608,4956,90,895.2686
2026-04-24T22:11:39.068573+00:00,recovery_scenario,iperf_tcp,10,5,,ryu_controller,405707,29.8,60211200,7752,35111,42863,28,278.4905
2026-04-24T22:11:39.124035+00:00,recovery_scenario,iperf_tcp,10,5,service_started,,,,,,,,,
2026-04-24T22:11:39.169116+00:00,recovery_scenario,iperf_tcp,10,5,,twin_core,405717,9.9,67002368,4404,608,5012,56,557.582
2026-04-24T22:11:39.169116+00:00,recovery_scenario,iperf_tcp,10,5,,ryu_controller,405707,39.8,60211200,7799,35112,42911,48,478.0367
2026-04-24T22:11:39.273034+00:00,recovery_scenario,iperf_tcp,10,5,,twin_core,405717,0.0,67002368,4405,608,5013,1,9.6158
2026-04-24T22:11:39.273034+00:00,recovery_scenario,iperf_tcp,10,5,,ryu_controller,405707,19.2,60211200,7826,35112,42938,27,259.5482
2026-04-24T22:11:39.373603+00:00,recovery_scenario,iperf_tcp,10,5,,twin_core,405717,0.0,67002368,4405,608,5013,0,0.0
2026-04-24T22:11:39.373603+00:00,recovery_scenario,iperf_tcp,10,5,,ryu_controller,405707,19.9,60211200,7853,35112,42965,27,268.2796
2026-04-24T22:11:39.474279+00:00,recovery_scenario,iperf_tcp,10,5,,twin_core,405717,0.0,67002368,4405,608,5013,0,0.0
2026-04-24T22:11:39.474279+00:00,recovery_scenario,iperf_tcp,10,5,,ryu_controller,405707,9.9,60211200,7888,35112,43000,35,347.9369
2026-04-24T22:11:39.574812+00:00,recovery_scenario,iperf_tcp,10,5,,twin_core,405717,0.0,67002368,4405,608,5013,0,0.0
2026-04-24T22:11:39.574812+00:00,recovery_scenario,iperf_tcp,10,5,,ryu_controller,405707,9.9,60211200,7928,35112,43040,40,397.8145
2026-04-24T22:11:39.675324+00:00,recovery_scenario,iperf_tcp,10,5,,twin_core,405717,0.0,67002368,4405,608,5013,0,0.0
2026-04-24T22:11:39.675324+00:00,recovery_scenario,iperf_tcp,10,5,,ryu_controller,405707,19.9,60211200,7960,35112,43072,32,318.5893
2026-04-24T22:11:39.775818+00:00,recovery_scenario,iperf_tcp,10,5,,twin_core,405717,0.0,67002368,4405,608,5013,0,0.0
2026-04-24T22:11:39.775818+00:00,recovery_scenario,iperf_tcp,10,5,,ryu_controller,405707,39.8,60211200,8007,35112,43119,47,467.7389
2026-04-24T22:11:39.877436+00:00,recovery_scenario,iperf_tcp,10,5,,twin_core,405717,0.0,67002368,4405,608,5013,0,0.0
2026-04-24T22:11:39.877436+00:00,recovery_scenario,iperf_tcp,10,5,,ryu_controller,405707,39.3,60211200,8076,35112,43188,69,678.5275
2026-04-24T22:11:39.979378+00:00,recovery_scenario,iperf_tcp,10,5,,twin_core,405717,0.0,67002368,4405,608,5013,0,0.0
2026-04-24T22:11:39.979378+00:00,recovery_scenario,iperf_tcp,10,5,,ryu_controller,405707,9.8,60211200,8115,35112,43227,39,382.8667
2026-04-24T22:11:40.079949+00:00,recovery_scenario,iperf_tcp,10,5,,twin_core,405717,0.0,67002368,4405,608,5013,0,0.0
2026-04-24T22:11:40.079949+00:00,recovery_scenario,iperf_tcp,10,5,,ryu_controller,405707,29.8,60211200,8143,35113,43256,29,288.3508
2026-04-24T22:11:40.180418+00:00,recovery_scenario,iperf_tcp,10,5,,twin_core,405717,0.0,67002368,4405,608,5013,0,0.0
2026-04-24T22:11:40.180418+00:00,recovery_scenario,iperf_tcp,10,5,,ryu_controller,405707,9.9,60211200,8175,35113,43288,32,317.8948
2026-04-24T22:11:40.281898+00:00,recovery_scenario,iperf_tcp,10,5,,twin_core,405717,0.0,67002368,4405,608,5013,0,0.0
2026-04-24T22:11:40.281898+00:00,recovery_scenario,iperf_tcp,10,5,,ryu_controller,405707,9.9,60211200,8187,35113,43300,12,118.4039
2026-04-24T22:11:40.382377+00:00,recovery_scenario,iperf_tcp,10,5,,twin_core,405717,0.0,67002368,4405,608,5013,0,0.0
2026-04-24T22:11:40.382377+00:00,recovery_scenario,iperf_tcp,10,5,,ryu_controller,405707,10.0,60211200,8203,35113,43316,16,159.3723
2026-04-24T22:11:40.482809+00:00,recovery_scenario,iperf_tcp,10,5,,twin_core,405717,0.0,67002368,4405,608,5013,0,0.0
2026-04-24T22:11:40.482809+00:00,recovery_scenario,iperf_tcp,10,5,,ryu_controller,405707,19.9,60211200,8224,35113,43337,21,208.8491
2026-04-24T22:11:40.583340+00:00,recovery_scenario,iperf_tcp,10,5,,twin_core,405717,9.9,67002368,4405,608,5013,0,0.0
2026-04-24T22:11:40.583340+00:00,recovery_scenario,iperf_tcp,10,5,,ryu_controller,405707,19.9,60211200,8241,35113,43354,17,169.2109
2026-04-24T22:11:40.683753+00:00,recovery_scenario,iperf_tcp,10,5,,twin_core,405717,10.0,67002368,4405,608,5013,0,0.0
2026-04-24T22:11:40.683753+00:00,recovery_scenario,iperf_tcp,10,5,,ryu_controller,405707,29.9,60211200,8264,35113,43377,23,229.0522
2026-04-24T22:11:40.784210+00:00,recovery_scenario,iperf_tcp,10,5,,twin_core,405717,0.0,67002368,4405,608,5013,0,0.0
2026-04-24T22:11:40.784210+00:00,recovery_scenario,iperf_tcp,10,5,,ryu_controller,405707,19.9,60211200,8289,35113,43402,25,248.9503
2026-04-24T22:11:40.884645+00:00,recovery_scenario,iperf_tcp,10,5,,twin_core,405717,0.0,67002368,4405,608,5013,0,0.0
2026-04-24T22:11:40.884645+00:00,recovery_scenario,iperf_tcp,10,5,,ryu_controller,405707,9.9,60211200,8324,35113,43437,35,348.207
2026-04-24T22:11:40.985517+00:00,recovery_scenario,iperf_tcp,10,5,,twin_core,405717,0.0,67002368,4405,608,5013,0,0.0
2026-04-24T22:11:40.985517+00:00,recovery_scenario,iperf_tcp,10,5,,ryu_controller,405707,19.8,60211200,8351,35113,43464,27,267.8144
2026-04-24T22:11:41.088443+00:00,recovery_scenario,iperf_tcp,10,5,,twin_core,405717,0.0,67002368,4405,608,5013,0,0.0
2026-04-24T22:11:41.088443+00:00,recovery_scenario,iperf_tcp,10,5,,ryu_controller,405707,9.7,60211200,8371,35113,43484,20,194.194
2026-04-24T22:11:41.189115+00:00,recovery_scenario,iperf_tcp,10,5,,twin_core,405717,0.0,67002368,4405,608,5013,0,0.0
2026-04-24T22:11:41.189115+00:00,recovery_scenario,iperf_tcp,10,5,,ryu_controller,405707,19.9,60211200,8390,35113,43503,19,188.7342
2026-04-24T22:11:41.289682+00:00,recovery_scenario,iperf_tcp,10,5,,twin_core,405717,9.9,67006464,4411,608,5019,6,59.6598
2026-04-24T22:11:41.289682+00:00,recovery_scenario,iperf_tcp,10,5,,ryu_controller,405707,59.7,60211200,8438,35113,43551,48,477.5072
2026-04-24T22:11:41.390148+00:00,recovery_scenario,iperf_tcp,10,5,,twin_core,405717,0.0,67006464,4417,608,5025,6,59.7343
2026-04-24T22:11:41.390148+00:00,recovery_scenario,iperf_tcp,10,5,,ryu_controller,405707,19.9,60211200,8465,35113,43578,27,268.7774
2026-04-24T22:11:41.490591+00:00,recovery_scenario,iperf_tcp,10,5,,twin_core,405717,0.0,67006464,4417,608,5025,0,0.0
2026-04-24T22:11:41.490591+00:00,recovery_scenario,iperf_tcp,10,5,,ryu_controller,405707,19.9,60211200,8500,35113,43613,35,348.3451
2026-04-24T22:11:41.591877+00:00,recovery_scenario,iperf_tcp,10,5,,twin_core,405717,0.0,67006464,4420,608,5028,3,29.6128
2026-04-24T22:11:41.591877+00:00,recovery_scenario,iperf_tcp,10,5,,ryu_controller,405707,9.9,60211200,8515,35113,43628,15,148.104
2026-04-24T22:11:41.693666+00:00,recovery_scenario,iperf_tcp,10,5,,twin_core,405717,0.0,67006464,4423,608,5031,3,29.4604
2026-04-24T22:11:41.693666+00:00,recovery_scenario,iperf_tcp,10,5,,ryu_controller,405707,9.8,60211200,8527,35113,43640,12,117.831
2026-04-24T22:11:41.797104+00:00,recovery_scenario,iperf_tcp,10,5,,twin_core,405717,0.0,67006464,4426,608,5034,3,28.9986
2026-04-24T22:11:41.797104+00:00,recovery_scenario,iperf_tcp,10,5,,ryu_controller,405707,19.3,60211200,8532,35114,43646,6,57.9939
2026-04-24T22:11:41.898598+00:00,recovery_scenario,iperf_tcp,10,5,,twin_core,405717,0.0,67006464,4426,608,5034,0,0.0
2026-04-24T22:11:41.898598+00:00,recovery_scenario,iperf_tcp,10,5,,ryu_controller,405707,39.3,60211200,8588,35114,43702,56,550.4466
2026-04-24T22:11:41.999461+00:00,recovery_scenario,iperf_tcp,10,5,,twin_core,405717,0.0,67006464,4435,608,5043,9,89.4374
2026-04-24T22:11:41.999461+00:00,recovery_scenario,iperf_tcp,10,5,,ryu_controller,405707,19.9,60211200,8609,35114,43723,21,208.6564
2026-04-24T22:11:42.100032+00:00,recovery_scenario,iperf_tcp,10,5,,twin_core,405717,0.0,67006464,4441,608,5049,6,59.6971
2026-04-24T22:11:42.100032+00:00,recovery_scenario,iperf_tcp,10,5,,ryu_controller,405707,10.0,60211200,8623,35114,43737,14,139.4467
2026-04-24T22:11:42.200430+00:00,recovery_scenario,iperf_tcp,10,5,,twin_core,405717,0.0,67006464,4444,608,5052,3,29.8756
2026-04-24T22:11:42.200430+00:00,recovery_scenario,iperf_tcp,10,5,,ryu_controller,405707,0.0,60211200,8636,35114,43750,13,129.3201
2026-04-24T22:11:42.301520+00:00,recovery_scenario,iperf_tcp,10,5,,twin_core,405717,0.0,67006464,4447,608,5055,3,29.6786
2026-04-24T22:11:42.301520+00:00,recovery_scenario,iperf_tcp,10,5,,ryu_controller,405707,9.9,60211200,8651,35114,43765,15,148.4413
2026-04-24T22:11:42.402006+00:00,recovery_scenario,iperf_tcp,10,5,,twin_core,405717,0.0,67006464,4456,609,5065,10,99.4954
2026-04-24T22:11:42.402006+00:00,recovery_scenario,iperf_tcp,10,5,,ryu_controller,405707,10.0,60211200,8663,35114,43777,12,119.4632
2026-04-24T22:11:42.502519+00:00,recovery_scenario,iperf_tcp,10,5,,twin_core,405717,0.0,67006464,4458,609,5067,2,19.9014
2026-04-24T22:11:42.502519+00:00,recovery_scenario,iperf_tcp,10,5,,ryu_controller,405707,19.9,60211200,8683,35114,43797,20,198.8364
2026-04-24T22:11:42.603050+00:00,recovery_scenario,iperf_tcp,10,5,,twin_core,405717,0.0,67006464,4461,609,5070,3,29.8346
2026-04-24T22:11:42.603050+00:00,recovery_scenario,iperf_tcp,10,5,,ryu_controller,405707,10.0,60211200,8699,35114,43813,16,159.2546
2026-04-24T22:11:42.703515+00:00,recovery_scenario,iperf_tcp,10,5,,twin_core,405717,0.0,67006464,4464,609,5073,3,29.8313
2026-04-24T22:11:42.703515+00:00,recovery_scenario,iperf_tcp,10,5,,ryu_controller,405707,0.0,60211200,8712,35114,43826,13,129.1819
2026-04-24T22:11:42.804166+00:00,recovery_scenario,iperf_tcp,10,5,,twin_core,405717,9.9,67006464,4467,609,5076,3,29.8177
2026-04-24T22:11:42.804166+00:00,recovery_scenario,iperf_tcp,10,5,,ryu_controller,405707,9.9,60211200,8726,35114,43840,14,139.2126
2026-04-24T22:11:42.905039+00:00,recovery_scenario,iperf_tcp,10,5,,twin_core,405717,0.0,67006464,4474,609,5083,7,69.3171
2026-04-24T22:11:42.905039+00:00,recovery_scenario,iperf_tcp,10,5,,ryu_controller,405707,0.0,60211200,8752,35114,43866,26,256.0122
2026-04-24T22:11:43.006374+00:00,recovery_scenario,iperf_tcp,10,5,,twin_core,405717,9.9,67006464,4490,609,5099,16,158.1751
2026-04-24T22:11:43.006374+00:00,recovery_scenario,iperf_tcp,10,5,,ryu_controller,405707,19.8,60211200,8769,35114,43883,17,169.0642
2026-04-24T22:11:43.106966+00:00,recovery_scenario,iperf_tcp,10,5,,twin_core,405717,0.0,67006464,4496,609,5105,6,59.649
2026-04-24T22:11:43.106966+00:00,recovery_scenario,iperf_tcp,10,5,,ryu_controller,405707,9.9,60211200,8790,35114,43904,21,208.7854
2026-04-24T22:11:43.210789+00:00,recovery_scenario,iperf_tcp,10,5,,twin_core,405717,0.0,67006464,4496,609,5105,0,0.0
2026-04-24T22:11:43.210789+00:00,recovery_scenario,iperf_tcp,10,5,,ryu_controller,405707,9.6,60211200,8799,35114,43913,9,86.6349
2026-04-24T22:11:43.311364+00:00,recovery_scenario,iperf_tcp,10,5,,twin_core,405717,0.0,67010560,4505,609,5114,9,89.5712
2026-04-24T22:11:43.311364+00:00,recovery_scenario,iperf_tcp,10,5,,ryu_controller,405707,39.8,60211200,8841,35114,43955,42,418.1135
2026-04-24T22:11:43.412825+00:00,recovery_scenario,iperf_tcp,10,5,,twin_core,405717,9.8,67051520,4514,609,5123,9,88.6167
2026-04-24T22:11:43.412825+00:00,recovery_scenario,iperf_tcp,10,5,,ryu_controller,405707,39.4,60211200,8873,35114,43987,32,315.0495
2026-04-24T22:11:43.513306+00:00,recovery_scenario,iperf_tcp,10,5,,twin_core,405717,0.0,67051520,4517,609,5126,3,29.8703
2026-04-24T22:11:43.513306+00:00,recovery_scenario,iperf_tcp,10,5,,ryu_controller,405707,10.0,60211200,8885,35114,43999,12,119.4649
2026-04-24T22:11:43.613933+00:00,recovery_scenario,iperf_tcp,10,5,,twin_core,405717,0.0,67051520,4517,609,5126,0,0.0
2026-04-24T22:11:43.613933+00:00,recovery_scenario,iperf_tcp,10,5,,ryu_controller,405707,0.0,60211200,8889,35114,44003,4,39.7178
2026-04-24T22:11:43.714494+00:00,recovery_scenario,iperf_tcp,10,5,,twin_core,405717,0.0,67051520,4523,609,5132,6,59.6664
2026-04-24T22:11:43.714494+00:00,recovery_scenario,iperf_tcp,10,5,,ryu_controller,405707,0.0,60211200,8893,35114,44007,4,39.778
2026-04-24T22:11:43.815059+00:00,recovery_scenario,iperf_tcp,10,5,,twin_core,405717,0.0,67051520,4535,609,5144,12,119.4044
2026-04-24T22:11:43.815059+00:00,recovery_scenario,iperf_tcp,10,5,,ryu_controller,405707,9.9,60211200,8904,35114,44018,11,109.441
2026-04-24T22:11:43.915626+00:00,recovery_scenario,iperf_tcp,10,5,,twin_core,405717,0.0,67051520,4538,609,5147,3,29.7781
2026-04-24T22:11:43.915626+00:00,recovery_scenario,iperf_tcp,10,5,,ryu_controller,405707,29.8,60211200,8943,35114,44057,39,387.1367
2026-04-24T22:11:44.016285+00:00,recovery_scenario,iperf_tcp,10,5,,twin_core,405717,0.0,67051520,4538,609,5147,0,0.0
2026-04-24T22:11:44.016285+00:00,recovery_scenario,iperf_tcp,10,5,,ryu_controller,405707,49.8,60211200,8978,35115,44093,36,358.2935
2026-04-24T22:11:44.116796+00:00,recovery_scenario,iperf_tcp,10,5,,twin_core,405717,0.0,67051520,4544,609,5153,6,59.6741
2026-04-24T22:11:44.116796+00:00,recovery_scenario,iperf_tcp,10,5,,ryu_controller,405707,9.9,60211200,8984,35115,44099,6,59.6565
2026-04-24T22:11:44.217344+00:00,recovery_scenario,iperf_tcp,10,5,,twin_core,405717,9.9,67051520,4553,609,5162,9,89.5128
2026-04-24T22:11:44.217344+00:00,recovery_scenario,iperf_tcp,10,5,,ryu_controller,405707,0.0,60211200,8989,35115,44104,5,49.7196
2026-04-24T22:11:44.317891+00:00,recovery_scenario,iperf_tcp,10,5,,twin_core,405717,0.0,67051520,4559,609,5168,6,59.7137
2026-04-24T22:11:44.317891+00:00,recovery_scenario,iperf_tcp,10,5,,ryu_controller,405707,9.9,60211200,9018,35115,44133,29,288.6191
2026-04-24T22:11:44.418370+00:00,recovery_scenario,iperf_tcp,10,5,,twin_core,405717,0.0,67051520,4559,609,5168,0,0.0
2026-04-24T22:11:44.418370+00:00,recovery_scenario,iperf_tcp,10,5,,ryu_controller,405707,29.9,60211200,9055,35116,44171,38,377.9557
2026-04-24T22:11:44.518955+00:00,recovery_scenario,iperf_tcp,10,5,,twin_core,405717,9.9,67051520,4565,609,5174,6,59.645
2026-04-24T22:11:44.518955+00:00,recovery_scenario,iperf_tcp,10,5,,ryu_controller,405707,19.9,60211200,9078,35116,44194,23,228.7732
2026-04-24T22:11:44.619452+00:00,recovery_scenario,iperf_tcp,10,5,,twin_core,405717,0.0,67051520,4571,609,5180,6,59.6482
2026-04-24T22:11:44.619452+00:00,recovery_scenario,iperf_tcp,10,5,,ryu_controller,405707,0.0,60211200,9085,35116,44201,7,69.586
2026-04-24T22:11:44.720063+00:00,recovery_scenario,iperf_tcp,10,5,,twin_core,405717,0.0,67051520,4574,609,5183,3,29.8423
2026-04-24T22:11:44.720063+00:00,recovery_scenario,iperf_tcp,10,5,,ryu_controller,405707,0.0,60211200,9093,35116,44209,8,79.578
2026-04-24T22:11:44.820565+00:00,recovery_scenario,iperf_tcp,10,5,,twin_core,405717,0.0,67051520,4580,609,5189,6,59.6817
2026-04-24T22:11:44.820565+00:00,recovery_scenario,iperf_tcp,10,5,,ryu_controller,405707,0.0,60211200,9096,35116,44212,3,29.814
2026-04-24T22:11:44.934219+00:00,recovery_scenario,iperf_tcp,10,5,pingall_completed,,,,,,,,,
2026-04-24T22:11:44.929050+00:00,recovery_scenario,iperf_tcp,10,5,,twin_core,405717,27.5,67051520,4582,612,5194,5,43.1835
2026-04-24T22:11:44.929050+00:00,recovery_scenario,iperf_tcp,10,5,,ryu_controller,405707,43.1,60211200,9111,35117,44228,16,138.0556
2026-04-24T22:11:45.039758+00:00,recovery_scenario,iperf_tcp,10,5,,twin_core,405717,9.1,67051520,4592,614,5206,12,115.8003
2026-04-24T22:11:45.039758+00:00,recovery_scenario,iperf_tcp,10,5,,ryu_controller,405707,19.3,60211200,9129,35121,44250,22,211.7037
2026-04-24T22:11:45.142316+00:00,recovery_scenario,iperf_tcp,10,5,,twin_core,405717,0.0,67051520,4592,614,5206,0,0.0
2026-04-24T22:11:45.142316+00:00,recovery_scenario,iperf_tcp,10,5,,ryu_controller,405707,0.0,60211200,9132,35121,44253,3,29.3691
2026-04-24T22:11:45.244025+00:00,recovery_scenario,iperf_tcp,10,5,,twin_core,405717,0.0,67051520,4592,614,5206,0,0.0
2026-04-24T22:11:45.244025+00:00,recovery_scenario,iperf_tcp,10,5,,ryu_controller,405707,0.0,60211200,9136,35121,44257,4,39.3924
2026-04-24T22:11:45.345124+00:00,recovery_scenario,iperf_tcp,10,5,,twin_core,405717,0.0,67051520,4592,614,5206,0,0.0
2026-04-24T22:11:45.345124+00:00,recovery_scenario,iperf_tcp,10,5,,ryu_controller,405707,9.9,60211200,9146,35121,44267,10,98.8861
2026-04-24T22:11:45.445956+00:00,recovery_scenario,iperf_tcp,10,5,,twin_core,405717,19.8,67104768,4592,614,5206,0,0.0
2026-04-24T22:11:45.445956+00:00,recovery_scenario,iperf_tcp,10,5,,ryu_controller,405707,89.4,60211200,9180,35122,44302,35,347.9899
2026-04-24T22:11:45.551132+00:00,recovery_scenario,iperf_tcp,10,5,,twin_core,405717,0.0,67104768,4592,614,5206,0,0.0
2026-04-24T22:11:45.551132+00:00,recovery_scenario,iperf_tcp,10,5,,ryu_controller,405707,0.0,60211200,9184,35122,44306,4,37.999
2026-04-24T22:11:45.651736+00:00,recovery_scenario,iperf_tcp,10,5,,twin_core,405717,0.0,67104768,4592,614,5206,0,0.0
2026-04-24T22:11:45.651736+00:00,recovery_scenario,iperf_tcp,10,5,,ryu_controller,405707,0.0,60211200,9188,35122,44310,4,39.7427
2026-04-24T22:11:45.755028+00:00,recovery_scenario,iperf_tcp,10,5,,twin_core,405717,0.0,67104768,4592,614,5206,0,0.0
2026-04-24T22:11:45.755028+00:00,recovery_scenario,iperf_tcp,10,5,,ryu_controller,405707,0.0,60211200,9192,35122,44314,4,38.68
2026-04-24T22:11:45.855868+00:00,recovery_scenario,iperf_tcp,10,5,,twin_core,405717,0.0,67104768,4592,614,5206,0,0.0
2026-04-24T22:11:45.855868+00:00,recovery_scenario,iperf_tcp,10,5,,ryu_controller,405707,9.8,60211200,9194,35122,44316,2,19.6766
2026-04-24T22:11:45.959250+00:00,recovery_scenario,iperf_tcp,10,5,,twin_core,405717,0.0,67104768,4596,614,5210,4,38.8591
2026-04-24T22:11:45.959250+00:00,recovery_scenario,iperf_tcp,10,5,,ryu_controller,405707,0.0,60211200,9197,35122,44319,3,27.6792
2026-04-24T22:11:46.066007+00:00,recovery_scenario,iperf_tcp,10,5,,twin_core,405717,0.0,67104768,4604,614,5218,8,75.0743
2026-04-24T22:11:46.066007+00:00,recovery_scenario,iperf_tcp,10,5,,ryu_controller,405707,69.3,60211200,9241,35123,44364,45,446.8625
2026-04-24T22:11:46.166474+00:00,recovery_scenario,iperf_tcp,10,5,,twin_core,405717,0.0,67104768,4604,614,5218,0,0.0
2026-04-24T22:11:46.166474+00:00,recovery_scenario,iperf_tcp,10,5,,ryu_controller,405707,19.9,60211200,9251,35124,44375,11,109.3036
2026-04-24T22:11:46.267074+00:00,recovery_scenario,iperf_tcp,10,5,,twin_core,405717,0.0,67104768,4604,614,5218,0,0.0
2026-04-24T22:11:46.267074+00:00,recovery_scenario,iperf_tcp,10,5,,ryu_controller,405707,0.0,60211200,9254,35124,44378,3,29.8744
2026-04-24T22:11:46.367513+00:00,recovery_scenario,iperf_tcp,10,5,,twin_core,405717,0.0,67104768,4604,614,5218,0,0.0
2026-04-24T22:11:46.367513+00:00,recovery_scenario,iperf_tcp,10,5,,ryu_controller,405707,0.0,60211200,9263,35125,44388,10,98.0437
2026-04-24T22:11:46.469990+00:00,recovery_scenario,iperf_tcp,10,5,,twin_core,405717,0.0,67104768,4604,614,5218,0,0.0
2026-04-24T22:11:46.469990+00:00,recovery_scenario,iperf_tcp,10,5,,ryu_controller,405707,0.0,60211200,9285,35126,44411,23,227.6445
2026-04-24T22:11:46.572790+00:00,recovery_scenario,iperf_tcp,10,5,,twin_core,405717,0.0,67104768,4604,614,5218,0,0.0
2026-04-24T22:11:46.572790+00:00,recovery_scenario,iperf_tcp,10,5,,ryu_controller,405707,0.0,60211200,9305,35126,44431,20,194.6392
2026-04-24T22:11:46.673300+00:00,recovery_scenario,iperf_tcp,10,5,,twin_core,405717,0.0,67104768,4604,614,5218,0,0.0
2026-04-24T22:11:46.673300+00:00,recovery_scenario,iperf_tcp,10,5,,ryu_controller,405707,10.0,60211200,9318,35130,44448,17,169.1891
2026-04-24T22:11:46.776801+00:00,recovery_scenario,iperf_tcp,10,5,,twin_core,405717,0.0,67104768,4604,614,5218,0,0.0
2026-04-24T22:11:46.776801+00:00,recovery_scenario,iperf_tcp,10,5,,ryu_controller,405707,0.0,60211200,9325,35134,44459,11,106.2124
2026-04-24T22:11:46.877349+00:00,recovery_scenario,iperf_tcp,10,5,,twin_core,405717,0.0,67104768,4604,614,5218,0,0.0
2026-04-24T22:11:46.877349+00:00,recovery_scenario,iperf_tcp,10,5,,ryu_controller,405707,0.0,60211200,9354,35136,44490,31,308.0368
2026-04-24T22:11:46.966213+00:00,recovery_scenario,iperf_tcp,10,5,background_traffic_started,,,,,,,,,
2026-04-24T22:11:46.981034+00:00,recovery_scenario,iperf_tcp,10,5,,twin_core,405717,9.6,67104768,4606,619,5225,7,67.1606
2026-04-24T22:11:46.981034+00:00,recovery_scenario,iperf_tcp,10,5,,ryu_controller,405707,0.0,60211200,9372,35138,44510,20,192.0081
2026-04-24T22:11:47.085809+00:00,recovery_scenario,iperf_tcp,10,5,,twin_core,405717,9.6,67104768,4618,625,5243,18,172.7726
2026-04-24T22:11:47.085809+00:00,recovery_scenario,iperf_tcp,10,5,,ryu_controller,405707,28.8,60211200,9383,35172,44555,45,432.1397
2026-04-24T22:11:47.187974+00:00,recovery_scenario,iperf_tcp,10,5,,twin_core,405717,0.0,67104768,4625,632,5257,14,137.0008
2026-04-24T22:11:47.187974+00:00,recovery_scenario,iperf_tcp,10,5,,ryu_controller,405707,29.3,60211200,9400,35189,44589,34,332.5316
2026-04-24T22:11:47.250802+00:00,recovery_scenario,iperf_tcp,10,5,fault_injected,,,,,,,,,
2026-04-24T22:11:47.288521+00:00,recovery_scenario,iperf_tcp,10,5,,twin_core,405717,9.9,67112960,4634,634,5268,11,109.4555
2026-04-24T22:11:47.288521+00:00,recovery_scenario,iperf_tcp,10,5,,ryu_controller,405707,39.8,60211200,9407,35265,44672,83,825.3854
2026-04-24T22:11:47.389127+00:00,recovery_scenario,iperf_tcp,10,5,,twin_core,405717,0.0,67112960,4634,634,5268,0,0.0
2026-04-24T22:11:47.389127+00:00,recovery_scenario,iperf_tcp,10,5,,ryu_controller,405707,39.8,60211200,9407,35539,44946,274,2723.9222
2026-04-24T22:11:47.489670+00:00,recovery_scenario,iperf_tcp,10,5,,twin_core,405717,0.0,67112960,4634,634,5268,0,0.0
2026-04-24T22:11:47.489670+00:00,recovery_scenario,iperf_tcp,10,5,,ryu_controller,405707,59.7,60211200,9407,35764,45171,225,2238.1176
2026-04-24T22:11:47.590203+00:00,recovery_scenario,iperf_tcp,10,5,,twin_core,405717,0.0,67112960,4634,634,5268,0,0.0
2026-04-24T22:11:47.590203+00:00,recovery_scenario,iperf_tcp,10,5,,ryu_controller,405707,58.7,60211200,9407,35928,45335,164,1602.9623
2026-04-24T22:11:47.692521+00:00,recovery_scenario,iperf_tcp,10,5,,twin_core,405717,0.0,67112960,4634,634,5268,0,0.0
2026-04-24T22:11:47.692521+00:00,recovery_scenario,iperf_tcp,10,5,,ryu_controller,405707,79.5,60211200,9407,36013,45420,85,843.6324
2026-04-24T22:11:47.798003+00:00,recovery_scenario,iperf_tcp,10,5,,twin_core,405717,9.5,67112960,4635,634,5269,1,9.4001
2026-04-24T22:11:47.798003+00:00,recovery_scenario,iperf_tcp,10,5,,ryu_controller,405707,65.9,60211200,9407,36106,45513,93,876.0523
2026-04-24T22:11:47.900850+00:00,recovery_scenario,iperf_tcp,10,5,,twin_core,405717,0.0,67112960,4635,634,5269,0,0.0
2026-04-24T22:11:47.900850+00:00,recovery_scenario,iperf_tcp,10,5,,ryu_controller,405707,49.1,60211200,9407,36258,45665,152,1492.5612
2026-04-24T22:11:48.001276+00:00,recovery_scenario,iperf_tcp,10,5,,twin_core,405717,0.0,67112960,4635,634,5269,0,0.0
2026-04-24T22:11:48.001276+00:00,recovery_scenario,iperf_tcp,10,5,,ryu_controller,405707,79.2,60211200,9407,36516,45923,258,2514.0278
2026-04-24T22:11:48.103968+00:00,recovery_scenario,iperf_tcp,10,5,,twin_core,405717,0.0,67112960,4635,634,5269,0,0.0
2026-04-24T22:11:48.103968+00:00,recovery_scenario,iperf_tcp,10,5,,ryu_controller,405707,68.6,60211200,9407,36806,46213,290,2886.2939
2026-04-24T22:11:48.204357+00:00,recovery_scenario,iperf_tcp,10,5,,twin_core,405717,0.0,67112960,4635,634,5269,0,0.0
2026-04-24T22:11:48.204357+00:00,recovery_scenario,iperf_tcp,10,5,,ryu_controller,405707,59.8,60211200,9407,37042,46449,236,2350.2047
2026-04-24T22:11:48.305818+00:00,recovery_scenario,iperf_tcp,10,5,,twin_core,405717,0.0,67112960,4636,635,5271,2,19.7165
2026-04-24T22:11:48.305818+00:00,recovery_scenario,iperf_tcp,10,5,,ryu_controller,405707,69.0,60211200,9407,37286,46693,244,2405.4468
2026-04-24T22:11:48.407844+00:00,recovery_scenario,iperf_tcp,10,5,,twin_core,405717,0.0,67112960,4636,635,5271,0,0.0
2026-04-24T22:11:48.407844+00:00,recovery_scenario,iperf_tcp,10,5,,ryu_controller,405707,49.0,60211200,9407,37491,46898,205,2008.9653
2026-04-24T22:11:48.508282+00:00,recovery_scenario,iperf_tcp,10,5,,twin_core,405717,0.0,67112960,4636,635,5271,0,0.0
2026-04-24T22:11:48.508282+00:00,recovery_scenario,iperf_tcp,10,5,,ryu_controller,405707,59.7,60211200,9407,37611,47018,120,1194.2106
2026-04-24T22:11:48.609807+00:00,recovery_scenario,iperf_tcp,10,5,,twin_core,405717,0.0,67112960,4636,635,5271,0,0.0
2026-04-24T22:11:48.609807+00:00,recovery_scenario,iperf_tcp,10,5,,ryu_controller,405707,68.9,60211200,9407,37746,47153,135,1329.5003
2026-04-24T22:11:48.710272+00:00,recovery_scenario,iperf_tcp,10,5,,twin_core,405717,0.0,67112960,4636,635,5271,0,0.0
2026-04-24T22:11:48.710272+00:00,recovery_scenario,iperf_tcp,10,5,,ryu_controller,405707,59.2,60211200,9407,37973,47380,227,2239.9106
2026-04-24T22:11:48.812139+00:00,recovery_scenario,iperf_tcp,10,5,,twin_core,405717,9.8,67112960,4637,636,5273,2,19.4727
2026-04-24T22:11:48.812139+00:00,recovery_scenario,iperf_tcp,10,5,,ryu_controller,405707,77.3,60211200,9407,38372,47779,399,3815.2047
2026-04-24T22:11:48.917816+00:00,recovery_scenario,iperf_tcp,10,5,,twin_core,405717,0.0,67112960,4637,636,5273,0,0.0
2026-04-24T22:11:48.917816+00:00,recovery_scenario,iperf_tcp,10,5,,ryu_controller,405707,48.0,60211200,9407,38662,48069,290,2779.5205
2026-04-24T22:11:49.021053+00:00,recovery_scenario,iperf_tcp,10,5,,twin_core,405717,0.0,67112960,4637,636,5273,0,0.0
2026-04-24T22:11:49.021053+00:00,recovery_scenario,iperf_tcp,10,5,,ryu_controller,405707,48.4,60211200,9407,38859,48266,197,1926.5209
2026-04-24T22:11:49.124225+00:00,recovery_scenario,iperf_tcp,10,5,,twin_core,405717,0.0,67112960,4637,636,5273,0,0.0
2026-04-24T22:11:49.124225+00:00,recovery_scenario,iperf_tcp,10,5,,ryu_controller,405707,19.6,60211200,9418,38956,48374,108,1036.7817
2026-04-24T22:11:49.227092+00:00,recovery_scenario,iperf_tcp,10,5,,twin_core,405717,0.0,67112960,4637,636,5273,0,0.0
2026-04-24T22:11:49.227092+00:00,recovery_scenario,iperf_tcp,10,5,,ryu_controller,405707,0.0,60211200,9431,38978,48409,35,345.0035
2026-04-24T22:11:49.330244+00:00,recovery_scenario,iperf_tcp,10,5,,twin_core,405717,9.7,67112960,4649,639,5288,15,146.3202
2026-04-24T22:11:49.330244+00:00,recovery_scenario,iperf_tcp,10,5,,ryu_controller,405707,29.2,60211200,9447,39034,48481,72,699.2523
2026-04-24T22:11:49.435336+00:00,recovery_scenario,iperf_tcp,10,5,,twin_core,405717,9.5,67117056,4664,642,5306,18,171.591
2026-04-24T22:11:49.435336+00:00,recovery_scenario,iperf_tcp,10,5,,ryu_controller,405707,38.3,60211200,9463,39148,48611,130,1244.8411
2026-04-24T22:11:49.444094+00:00,recovery_scenario,iperf_tcp,10,5,recovery_requested,,,,,,,,,
2026-04-24T22:11:49.536762+00:00,recovery_scenario,iperf_tcp,10,5,,twin_core,405717,0.0,67121152,4668,643,5311,5,49.2802
2026-04-24T22:11:49.536762+00:00,recovery_scenario,iperf_tcp,10,5,,ryu_controller,405707,19.7,60211200,9480,39220,48700,89,877.1948
2026-04-24T22:11:49.639834+00:00,recovery_scenario,iperf_tcp,10,5,,twin_core,405717,0.0,67121152,4668,643,5311,0,0.0
2026-04-24T22:11:49.639834+00:00,recovery_scenario,iperf_tcp,10,5,,ryu_controller,405707,38.8,60211200,9501,39339,48840,140,1359.4301
2026-04-24T22:11:49.740254+00:00,recovery_scenario,iperf_tcp,10,5,,twin_core,405717,0.0,67121152,4668,643,5311,0,0.0
2026-04-24T22:11:49.740254+00:00,recovery_scenario,iperf_tcp,10,5,,ryu_controller,405707,29.9,60211200,9521,39463,48984,144,1434.4047
2026-04-24T22:11:49.840650+00:00,recovery_scenario,iperf_tcp,10,5,,twin_core,405717,0.0,67121152,4668,643,5311,0,0.0
2026-04-24T22:11:49.840650+00:00,recovery_scenario,iperf_tcp,10,5,,ryu_controller,405707,19.9,60215296,9536,39561,49097,113,1122.518
2026-04-24T22:11:49.941349+00:00,recovery_scenario,iperf_tcp,10,5,,twin_core,405717,0.0,67121152,4668,643,5311,0,0.0
2026-04-24T22:11:49.941349+00:00,recovery_scenario,iperf_tcp,10,5,,ryu_controller,405707,39.8,60215296,9536,39746,49282,185,1818.6801
2026-04-24T22:11:50.043499+00:00,recovery_scenario,iperf_tcp,10,5,,twin_core,405717,0.0,67121152,4669,648,5317,6,58.7938
2026-04-24T22:11:50.043499+00:00,recovery_scenario,iperf_tcp,10,5,,ryu_controller,405707,48.9,60215296,9536,39994,49530,248,2454.9605
2026-04-24T22:11:50.144796+00:00,recovery_scenario,iperf_tcp,10,5,,twin_core,405717,0.0,67121152,4669,648,5317,0,0.0
2026-04-24T22:11:50.144796+00:00,recovery_scenario,iperf_tcp,10,5,,ryu_controller,405707,39.5,60215296,9536,40047,49583,53,523.8351
2026-04-24T22:11:50.245228+00:00,recovery_scenario,iperf_tcp,10,5,,twin_core,405717,0.0,67121152,4669,648,5317,0,0.0
2026-04-24T22:11:50.245228+00:00,recovery_scenario,iperf_tcp,10,5,,ryu_controller,405707,39.8,60215296,9536,40060,49596,13,129.4106
2026-04-24T22:11:50.346842+00:00,recovery_scenario,iperf_tcp,10,5,,twin_core,405717,0.0,67121152,4669,648,5317,0,0.0
2026-04-24T22:11:50.346842+00:00,recovery_scenario,iperf_tcp,10,5,,ryu_controller,405707,29.5,60215296,9536,40104,49640,44,433.0787
2026-04-24T22:11:50.449788+00:00,recovery_scenario,iperf_tcp,10,5,,twin_core,405717,0.0,67121152,4669,648,5317,0,0.0
2026-04-24T22:11:50.449788+00:00,recovery_scenario,iperf_tcp,10,5,,ryu_controller,405707,48.6,60215296,9536,40318,49854,214,2078.7135
2026-04-24T22:11:50.550226+00:00,recovery_scenario,iperf_tcp,10,5,,twin_core,405717,0.0,67121152,4670,648,5318,1,9.9571
2026-04-24T22:11:50.550226+00:00,recovery_scenario,iperf_tcp,10,5,,ryu_controller,405707,59.8,60215296,9536,40491,50027,173,1723.1162
2026-04-24T22:11:50.651825+00:00,recovery_scenario,iperf_tcp,10,5,,twin_core,405717,0.0,67121152,4670,648,5318,0,0.0
2026-04-24T22:11:50.651825+00:00,recovery_scenario,iperf_tcp,10,5,,ryu_controller,405707,68.7,60215296,9536,40666,50202,175,1718.2447
2026-04-24T22:11:50.752477+00:00,recovery_scenario,iperf_tcp,10,5,,twin_core,405717,0.0,67121152,4670,648,5318,0,0.0
2026-04-24T22:11:50.752477+00:00,recovery_scenario,iperf_tcp,10,5,,ryu_controller,405707,59.7,60215296,9536,40930,50466,264,2623.708
2026-04-24T22:11:50.853133+00:00,recovery_scenario,iperf_tcp,10,5,,twin_core,405717,0.0,67121152,4670,648,5318,0,0.0
2026-04-24T22:11:50.853133+00:00,recovery_scenario,iperf_tcp,10,5,,ryu_controller,405707,69.6,60215296,9536,41255,50791,325,3234.9133
2026-04-24T22:11:50.953913+00:00,recovery_scenario,iperf_tcp,10,5,,twin_core,405717,0.0,67121152,4670,648,5318,0,0.0
2026-04-24T22:11:50.953913+00:00,recovery_scenario,iperf_tcp,10,5,,ryu_controller,405707,69.4,60215296,9536,41509,51045,254,2519.4654
2026-04-24T22:11:51.054825+00:00,recovery_scenario,iperf_tcp,10,5,,twin_core,405717,0.0,67121152,4671,648,5319,1,9.9071
2026-04-24T22:11:51.054825+00:00,recovery_scenario,iperf_tcp,10,5,,ryu_controller,405707,59.4,60215296,9537,41678,51215,170,1683.6463
2026-04-24T22:11:51.155811+00:00,recovery_scenario,iperf_tcp,10,5,,twin_core,405717,9.9,67121152,4671,648,5319,0,0.0
2026-04-24T22:11:51.155811+00:00,recovery_scenario,iperf_tcp,10,5,,ryu_controller,405707,88.4,60231680,9537,41837,51374,159,1561.4975
2026-04-24T22:11:51.257183+00:00,recovery_scenario,iperf_tcp,10,5,,twin_core,405717,0.0,67121152,4671,648,5319,0,0.0
2026-04-24T22:11:51.257183+00:00,recovery_scenario,iperf_tcp,10,5,,ryu_controller,405707,79.7,60231680,9537,41955,51492,118,1175.3974
2026-04-24T22:11:51.357918+00:00,recovery_scenario,iperf_tcp,10,5,,twin_core,405717,0.0,67121152,4671,648,5319,0,0.0
2026-04-24T22:11:51.357918+00:00,recovery_scenario,iperf_tcp,10,5,,ryu_controller,405707,109.2,60231680,9537,41985,51522,30,297.7501
2026-04-24T22:11:51.460881+00:00,recovery_scenario,iperf_tcp,10,5,,twin_core,405717,0.0,67121152,4671,648,5319,0,0.0
2026-04-24T22:11:51.460881+00:00,recovery_scenario,iperf_tcp,10,5,,ryu_controller,405707,97.1,60231680,9537,42123,51660,138,1340.322
2026-04-24T22:11:51.561340+00:00,recovery_scenario,iperf_tcp,10,5,,twin_core,405717,0.0,67121152,4672,648,5320,1,9.9529
2026-04-24T22:11:51.561340+00:00,recovery_scenario,iperf_tcp,10,5,,ryu_controller,405707,99.5,60231680,9537,42277,51814,154,1532.672
2026-04-24T22:11:51.663820+00:00,recovery_scenario,iperf_tcp,10,5,,twin_core,405717,0.0,67121152,4672,648,5320,0,0.0
2026-04-24T22:11:51.663820+00:00,recovery_scenario,iperf_tcp,10,5,,ryu_controller,405707,87.7,60231680,9537,42541,52078,264,2573.598
2026-04-24T22:11:51.764819+00:00,recovery_scenario,iperf_tcp,10,5,,twin_core,405717,0.0,67121152,4672,648,5320,0,0.0
2026-04-24T22:11:51.764819+00:00,recovery_scenario,iperf_tcp,10,5,,ryu_controller,405707,49.6,60231680,9537,42677,52214,136,1347.9911
2026-04-24T22:11:51.865331+00:00,recovery_scenario,iperf_tcp,10,5,,twin_core,405717,9.9,67121152,4672,648,5320,0,0.0
2026-04-24T22:11:51.865331+00:00,recovery_scenario,iperf_tcp,10,5,,ryu_controller,405707,59.7,60231680,9537,42852,52389,175,1741.0576
2026-04-24T22:11:51.967252+00:00,recovery_scenario,iperf_tcp,10,5,,twin_core,405717,0.0,67121152,4672,648,5320,0,0.0
2026-04-24T22:11:51.967252+00:00,recovery_scenario,iperf_tcp,10,5,,ryu_controller,405707,58.9,60231680,9537,42986,52523,134,1315.061
2026-04-24T22:11:52.067667+00:00,recovery_scenario,iperf_tcp,10,5,,twin_core,405717,0.0,67121152,4673,649,5322,2,19.8852
2026-04-24T22:11:52.067667+00:00,recovery_scenario,iperf_tcp,10,5,,ryu_controller,405707,49.7,60231680,9537,43146,52683,160,1590.7018
2026-04-24T22:11:52.170795+00:00,recovery_scenario,iperf_tcp,10,5,,twin_core,405717,9.7,67121152,4673,649,5322,0,0.0
2026-04-24T22:11:52.170795+00:00,recovery_scenario,iperf_tcp,10,5,,ryu_controller,405707,48.6,60231680,9537,43368,52905,222,2156.1589
2026-04-24T22:11:52.271186+00:00,recovery_scenario,iperf_tcp,10,5,,twin_core,405717,0.0,67121152,4673,649,5322,0,0.0
2026-04-24T22:11:52.271186+00:00,recovery_scenario,iperf_tcp,10,5,,ryu_controller,405707,69.7,60231680,9537,43553,53090,185,1841.1236
2026-04-24T22:11:52.376811+00:00,recovery_scenario,iperf_tcp,10,5,,twin_core,405717,0.0,67121152,4673,649,5322,0,0.0
2026-04-24T22:11:52.376811+00:00,recovery_scenario,iperf_tcp,10,5,,ryu_controller,405707,47.4,60231680,9537,43772,53309,219,2074.8026
2026-04-24T22:11:52.478360+00:00,recovery_scenario,iperf_tcp,10,5,,twin_core,405717,0.0,67121152,4674,649,5323,1,9.8519
2026-04-24T22:11:52.478360+00:00,recovery_scenario,iperf_tcp,10,5,,ryu_controller,405707,49.3,60231680,9537,44018,53555,246,2423.8404
2026-04-24T22:11:52.578783+00:00,recovery_scenario,iperf_tcp,10,5,,twin_core,405717,0.0,67133440,4674,649,5323,0,0.0
2026-04-24T22:11:52.578783+00:00,recovery_scenario,iperf_tcp,10,5,,ryu_controller,405707,29.8,60231680,9551,44129,53680,125,1243.4172
2026-04-24T22:11:52.679256+00:00,recovery_scenario,iperf_tcp,10,5,,twin_core,405717,0.0,67133440,4674,649,5323,0,0.0
2026-04-24T22:11:52.679256+00:00,recovery_scenario,iperf_tcp,10,5,,ryu_controller,405707,10.0,60231680,9565,44140,53705,25,248.8433
2026-04-24T22:11:52.779751+00:00,recovery_scenario,iperf_tcp,10,5,,twin_core,405717,0.0,67133440,4674,649,5323,0,0.0
2026-04-24T22:11:52.779751+00:00,recovery_scenario,iperf_tcp,10,5,,ryu_controller,405707,0.0,60231680,9571,44141,53712,7,69.6881
2026-04-24T22:11:52.880999+00:00,recovery_scenario,iperf_tcp,10,5,,twin_core,405717,0.0,67133440,4674,649,5323,0,0.0
2026-04-24T22:11:52.880999+00:00,recovery_scenario,iperf_tcp,10,5,,ryu_controller,405707,0.0,60231680,9574,44143,53717,5,49.2746
2026-04-24T22:11:52.982367+00:00,recovery_scenario,iperf_tcp,10,5,,twin_core,405717,9.9,67133440,4678,649,5327,4,39.4905
2026-04-24T22:11:52.982367+00:00,recovery_scenario,iperf_tcp,10,5,,ryu_controller,405707,9.9,60231680,9588,44145,53733,16,158.1994
2026-04-24T22:11:53.083897+00:00,recovery_scenario,iperf_tcp,10,5,,twin_core,405717,0.0,67133440,4692,650,5342,15,147.7372
2026-04-24T22:11:53.083897+00:00,recovery_scenario,iperf_tcp,10,5,,ryu_controller,405707,29.5,60231680,9598,44256,53854,121,1190.817
2026-04-24T22:11:53.184386+00:00,recovery_scenario,iperf_tcp,10,5,,twin_core,405717,0.0,67133440,4701,656,5357,15,149.2844
2026-04-24T22:11:53.184386+00:00,recovery_scenario,iperf_tcp,10,5,,ryu_controller,405707,19.9,60231680,9606,44359,53965,111,1105.3154
2026-04-24T22:11:53.195146+00:00,recovery_scenario,iperf_tcp,10,5,scenario_teardown,,,,,,,,,
2026-04-24T22:11:53.285097+00:00,recovery_scenario,iperf_tcp,10,5,,twin_core,405717,9.9,67133440,4725,660,5385,28,277.9383
2026-04-24T22:11:53.285097+00:00,recovery_scenario,iperf_tcp,10,5,,ryu_controller,405707,9.9,60231680,9625,44372,53997,32,317.6541
2026-04-24T22:11:53.385803+00:00,recovery_scenario,iperf_tcp,10,5,,twin_core,405717,0.0,67133440,4748,660,5408,23,228.438
2026-04-24T22:11:53.385803+00:00,recovery_scenario,iperf_tcp,10,5,,ryu_controller,405707,19.9,60231680,9633,44395,54028,31,307.9509
2026-04-24T22:11:53.486403+00:00,recovery_scenario,iperf_tcp,10,5,,twin_core,405717,9.9,67133440,4758,661,5419,11,109.2397
2026-04-24T22:11:53.486403+00:00,recovery_scenario,iperf_tcp,10,5,,ryu_controller,405707,0.0,60231680,9647,44396,54043,15,148.7189
2026-04-24T22:11:53.587146+00:00,recovery_scenario,iperf_tcp,10,5,,twin_core,405717,0.0,67133440,4758,661,5419,0,0.0
2026-04-24T22:11:53.587146+00:00,recovery_scenario,iperf_tcp,10,5,,ryu_controller,405707,9.9,60231680,9656,44399,54055,12,119.4085
2026-04-24T22:11:54.059643+00:00,recovery_scenario,iperf_tcp,10,6,,twin_core,405717,0.0,67133440,5145,728,5873,0,0.0
2026-04-24T22:11:54.059643+00:00,recovery_scenario,iperf_tcp,10,6,,ryu_controller,405707,0.0,60231680,9702,44401,54103,0,0.0
2026-04-24T22:11:54.161384+00:00,recovery_scenario,iperf_tcp,10,6,,twin_core,405717,0.0,67133440,5166,728,5894,21,206.5393
2026-04-24T22:11:54.161384+00:00,recovery_scenario,iperf_tcp,10,6,,ryu_controller,405707,19.9,60231680,9718,44406,54124,21,208.3948
2026-04-24T22:11:54.262200+00:00,recovery_scenario,iperf_tcp,10,6,,twin_core,405717,9.9,67133440,5258,731,5989,95,942.4537
2026-04-24T22:11:54.262200+00:00,recovery_scenario,iperf_tcp,10,6,,ryu_controller,405707,59.5,60231680,9752,44412,54164,40,398.1176
2026-04-24T22:11:54.345565+00:00,recovery_scenario,iperf_tcp,10,6,service_started,,,,,,,,,
2026-04-24T22:11:54.362590+00:00,recovery_scenario,iperf_tcp,10,6,,twin_core,405717,10.0,67133440,5341,731,6072,83,825.9621
2026-04-24T22:11:54.362590+00:00,recovery_scenario,iperf_tcp,10,6,,ryu_controller,405707,19.9,60231680,9782,44413,54195,31,308.3079
2026-04-24T22:11:54.463165+00:00,recovery_scenario,iperf_tcp,10,6,,twin_core,405717,9.9,67133440,5342,731,6073,1,9.9516
2026-04-24T22:11:54.463165+00:00,recovery_scenario,iperf_tcp,10,6,,ryu_controller,405707,39.8,60231680,9845,44414,54259,64,637.3182
2026-04-24T22:11:54.566069+00:00,recovery_scenario,iperf_tcp,10,6,,twin_core,405717,0.0,67133440,5342,731,6073,0,0.0
2026-04-24T22:11:54.566069+00:00,recovery_scenario,iperf_tcp,10,6,,ryu_controller,405707,58.3,60231680,9925,44414,54339,80,777.1017
2026-04-24T22:11:54.666520+00:00,recovery_scenario,iperf_tcp,10,6,,twin_core,405717,0.0,67133440,5342,731,6073,0,0.0
2026-04-24T22:11:54.666520+00:00,recovery_scenario,iperf_tcp,10,6,,ryu_controller,405707,19.9,60231680,9985,44414,54399,60,596.2797
2026-04-24T22:11:54.767147+00:00,recovery_scenario,iperf_tcp,10,6,,twin_core,405717,0.0,67133440,5342,731,6073,0,0.0
2026-04-24T22:11:54.767147+00:00,recovery_scenario,iperf_tcp,10,6,,ryu_controller,405707,19.9,60231680,10031,44414,54445,46,457.7794
2026-04-24T22:11:54.867666+00:00,recovery_scenario,iperf_tcp,10,6,,twin_core,405717,9.9,67133440,5342,731,6073,0,0.0
2026-04-24T22:11:54.867666+00:00,recovery_scenario,iperf_tcp,10,6,,ryu_controller,405707,9.9,60231680,10056,44414,54470,25,248.4816
2026-04-24T22:11:54.968306+00:00,recovery_scenario,iperf_tcp,10,6,,twin_core,405717,0.0,67133440,5342,731,6073,0,0.0
2026-04-24T22:11:54.968306+00:00,recovery_scenario,iperf_tcp,10,6,,ryu_controller,405707,0.0,60231680,10067,44414,54481,11,109.4208
2026-04-24T22:11:55.069927+00:00,recovery_scenario,iperf_tcp,10,6,,twin_core,405717,0.0,67133440,5342,731,6073,0,0.0
2026-04-24T22:11:55.069927+00:00,recovery_scenario,iperf_tcp,10,6,,ryu_controller,405707,19.7,60231680,10082,44414,54496,15,147.5172
2026-04-24T22:11:55.170467+00:00,recovery_scenario,iperf_tcp,10,6,,twin_core,405717,0.0,67133440,5342,731,6073,0,0.0
2026-04-24T22:11:55.170467+00:00,recovery_scenario,iperf_tcp,10,6,,ryu_controller,405707,19.9,60231680,10107,44414,54521,25,248.6168
2026-04-24T22:11:55.271628+00:00,recovery_scenario,iperf_tcp,10,6,,twin_core,405717,0.0,67133440,5342,731,6073,0,0.0
2026-04-24T22:11:55.271628+00:00,recovery_scenario,iperf_tcp,10,6,,ryu_controller,405707,19.8,60231680,10133,44414,54547,26,257.1562
2026-04-24T22:11:55.374023+00:00,recovery_scenario,iperf_tcp,10,6,,twin_core,405717,0.0,67133440,5342,731,6073,0,0.0
2026-04-24T22:11:55.374023+00:00,recovery_scenario,iperf_tcp,10,6,,ryu_controller,405707,9.8,60231680,10158,44414,54572,25,243.8921
2026-04-24T22:11:55.474666+00:00,recovery_scenario,iperf_tcp,10,6,,twin_core,405717,0.0,67133440,5342,731,6073,0,0.0
2026-04-24T22:11:55.474666+00:00,recovery_scenario,iperf_tcp,10,6,,ryu_controller,405707,19.9,60231680,10191,44414,54605,33,327.3699
2026-04-24T22:11:55.575544+00:00,recovery_scenario,iperf_tcp,10,6,,twin_core,405717,0.0,67133440,5342,731,6073,0,0.0
2026-04-24T22:11:55.575544+00:00,recovery_scenario,iperf_tcp,10,6,,ryu_controller,405707,19.8,60231680,10229,44414,54643,38,377.4597
2026-04-24T22:11:55.676132+00:00,recovery_scenario,iperf_tcp,10,6,,twin_core,405717,0.0,67133440,5342,731,6073,0,0.0
2026-04-24T22:11:55.676132+00:00,recovery_scenario,iperf_tcp,10,6,,ryu_controller,405707,29.9,60231680,10254,44414,54668,25,248.7806
2026-04-24T22:11:55.776598+00:00,recovery_scenario,iperf_tcp,10,6,,twin_core,405717,0.0,67133440,5342,731,6073,0,0.0
2026-04-24T22:11:55.776598+00:00,recovery_scenario,iperf_tcp,10,6,,ryu_controller,405707,39.8,60231680,10294,44414,54708,40,397.6376
2026-04-24T22:11:55.877193+00:00,recovery_scenario,iperf_tcp,10,6,,twin_core,405717,0.0,67133440,5342,731,6073,0,0.0
2026-04-24T22:11:55.877193+00:00,recovery_scenario,iperf_tcp,10,6,,ryu_controller,405707,10.0,60231680,10307,44414,54721,13,129.3541
2026-04-24T22:11:55.978814+00:00,recovery_scenario,iperf_tcp,10,6,,twin_core,405717,0.0,67133440,5342,731,6073,0,0.0
2026-04-24T22:11:55.978814+00:00,recovery_scenario,iperf_tcp,10,6,,ryu_controller,405707,19.7,60231680,10330,44414,54744,23,226.3615
2026-04-24T22:11:56.079301+00:00,recovery_scenario,iperf_tcp,10,6,,twin_core,405717,0.0,67133440,5342,731,6073,0,0.0
2026-04-24T22:11:56.079301+00:00,recovery_scenario,iperf_tcp,10,6,,ryu_controller,405707,10.0,60231680,10343,44414,54757,13,129.3791
2026-04-24T22:11:56.184443+00:00,recovery_scenario,iperf_tcp,10,6,,twin_core,405717,0.0,67133440,5342,731,6073,0,0.0
2026-04-24T22:11:56.184443+00:00,recovery_scenario,iperf_tcp,10,6,,ryu_controller,405707,9.5,60231680,10365,44414,54779,22,209.1403
2026-04-24T22:11:56.289376+00:00,recovery_scenario,iperf_tcp,10,6,,twin_core,405717,0.0,67133440,5342,731,6073,0,0.0
2026-04-24T22:11:56.289376+00:00,recovery_scenario,iperf_tcp,10,6,,ryu_controller,405707,0.0,60231680,10370,44414,54784,5,47.6199
2026-04-24T22:11:56.389958+00:00,recovery_scenario,iperf_tcp,10,6,,twin_core,405717,0.0,67133440,5342,731,6073,0,0.0
2026-04-24T22:11:56.389958+00:00,recovery_scenario,iperf_tcp,10,6,,ryu_controller,405707,0.0,60231680,10375,44414,54789,5,49.7798
2026-04-24T22:11:56.490423+00:00,recovery_scenario,iperf_tcp,10,6,,twin_core,405717,10.0,67133440,5347,731,6078,5,49.5867
2026-04-24T22:11:56.490423+00:00,recovery_scenario,iperf_tcp,10,6,,ryu_controller,405707,49.6,60231680,10440,44414,54854,65,644.0466
2026-04-24T22:11:56.591378+00:00,recovery_scenario,iperf_tcp,10,6,,twin_core,405717,0.0,67133440,5350,731,6081,3,29.824
2026-04-24T22:11:56.591378+00:00,recovery_scenario,iperf_tcp,10,6,,ryu_controller,405707,59.7,60231680,10501,44415,54916,62,617.0984
2026-04-24T22:11:56.691814+00:00,recovery_scenario,iperf_tcp,10,6,,twin_core,405717,0.0,67133440,5353,731,6084,3,29.8598
2026-04-24T22:11:56.691814+00:00,recovery_scenario,iperf_tcp,10,6,,ryu_controller,405707,10.0,60231680,10518,44415,54933,17,169.1799
2026-04-24T22:11:56.792324+00:00,recovery_scenario,iperf_tcp,10,6,,twin_core,405717,0.0,67133440,5356,731,6087,3,29.8499
2026-04-24T22:11:56.792324+00:00,recovery_scenario,iperf_tcp,10,6,,ryu_controller,405707,10.0,60231680,10531,44415,54946,13,129.3542
2026-04-24T22:11:56.892801+00:00,recovery_scenario,iperf_tcp,10,6,,twin_core,405717,10.0,67133440,5359,731,6090,3,29.8594
2026-04-24T22:11:56.892801+00:00,recovery_scenario,iperf_tcp,10,6,,ryu_controller,405707,10.0,60231680,10543,44415,54958,12,119.4432
2026-04-24T22:11:56.993242+00:00,recovery_scenario,iperf_tcp,10,6,,twin_core,405717,0.0,67133440,5363,731,6094,4,39.8297
2026-04-24T22:11:56.993242+00:00,recovery_scenario,iperf_tcp,10,6,,ryu_controller,405707,10.0,60231680,10558,44415,54973,15,149.262
2026-04-24T22:11:57.093780+00:00,recovery_scenario,iperf_tcp,10,6,,twin_core,405717,0.0,67133440,5363,731,6094,0,0.0
2026-04-24T22:11:57.093780+00:00,recovery_scenario,iperf_tcp,10,6,,ryu_controller,405707,10.0,60231680,10571,44415,54986,13,129.3774
2026-04-24T22:11:57.194262+00:00,recovery_scenario,iperf_tcp,10,6,,twin_core,405717,0.0,67133440,5372,731,6103,9,89.587
2026-04-24T22:11:57.194262+00:00,recovery_scenario,iperf_tcp,10,6,,ryu_controller,405707,10.0,60231680,10588,44415,55003,17,169.2061
2026-04-24T22:11:57.295391+00:00,recovery_scenario,iperf_tcp,10,6,,twin_core,405717,0.0,67133440,5375,731,6106,3,29.6588
2026-04-24T22:11:57.295391+00:00,recovery_scenario,iperf_tcp,10,6,,ryu_controller,405707,9.9,60231680,10602,44415,55017,14,138.2833
2026-04-24T22:11:57.396047+00:00,recovery_scenario,iperf_tcp,10,6,,twin_core,405717,0.0,67133440,5383,731,6114,8,79.1375
2026-04-24T22:11:57.396047+00:00,recovery_scenario,iperf_tcp,10,6,,ryu_controller,405707,9.9,60231680,10617,44415,55032,15,148.3155
2026-04-24T22:11:57.498207+00:00,recovery_scenario,iperf_tcp,10,6,,twin_core,405717,0.0,67133440,5387,731,6118,4,39.3161
2026-04-24T22:11:57.498207+00:00,recovery_scenario,iperf_tcp,10,6,,ryu_controller,405707,9.8,60231680,10632,44415,55047,15,147.6244
2026-04-24T22:11:57.598973+00:00,recovery_scenario,iperf_tcp,10,6,,twin_core,405717,0.0,67133440,5393,731,6124,6,59.5365
2026-04-24T22:11:57.598973+00:00,recovery_scenario,iperf_tcp,10,6,,ryu_controller,405707,9.9,60231680,10667,44415,55082,35,347.2768
2026-04-24T22:11:57.699517+00:00,recovery_scenario,iperf_tcp,10,6,,twin_core,405717,0.0,67133440,5399,731,6130,6,59.5728
2026-04-24T22:11:57.699517+00:00,recovery_scenario,iperf_tcp,10,6,,ryu_controller,405707,9.9,60231680,10685,44415,55100,18,178.7131
2026-04-24T22:11:57.809558+00:00,recovery_scenario,iperf_tcp,10,6,,twin_core,405717,0.0,67133440,5401,731,6132,2,18.1749
2026-04-24T22:11:57.809558+00:00,recovery_scenario,iperf_tcp,10,6,,ryu_controller,405707,18.2,60231680,10690,44415,55105,5,45.4316
2026-04-24T22:11:57.910242+00:00,recovery_scenario,iperf_tcp,10,6,,twin_core,405717,0.0,67133440,5402,731,6133,1,9.9522
2026-04-24T22:11:57.910242+00:00,recovery_scenario,iperf_tcp,10,6,,ryu_controller,405707,10.0,60231680,10703,44415,55118,13,129.4044
2026-04-24T22:11:58.011608+00:00,recovery_scenario,iperf_tcp,10,6,,twin_core,405717,0.0,67133440,5405,731,6136,3,29.5474
2026-04-24T22:11:58.011608+00:00,recovery_scenario,iperf_tcp,10,6,,ryu_controller,405707,9.8,60231680,10714,44415,55129,11,108.335
2026-04-24T22:11:58.113244+00:00,recovery_scenario,iperf_tcp,10,6,,twin_core,405717,9.8,67133440,5408,731,6139,3,29.5564
2026-04-24T22:11:58.113244+00:00,recovery_scenario,iperf_tcp,10,6,,ryu_controller,405707,9.9,60231680,10726,44415,55141,12,118.2469
2026-04-24T22:11:58.216033+00:00,recovery_scenario,iperf_tcp,10,6,,twin_core,405717,0.0,67133440,5414,731,6145,6,58.3661
2026-04-24T22:11:58.216033+00:00,recovery_scenario,iperf_tcp,10,6,,ryu_controller,405707,0.0,60231680,10731,44415,55146,5,48.6234
2026-04-24T22:11:58.316562+00:00,recovery_scenario,iperf_tcp,10,6,,twin_core,405717,0.0,67133440,5423,731,6154,9,89.3726
2026-04-24T22:11:58.316562+00:00,recovery_scenario,iperf_tcp,10,6,,ryu_controller,405707,19.9,60231680,10751,44415,55166,20,198.6325
2026-04-24T22:11:58.417285+00:00,recovery_scenario,iperf_tcp,10,6,,twin_core,405717,0.0,67133440,5429,731,6160,6,59.6871
2026-04-24T22:11:58.417285+00:00,recovery_scenario,iperf_tcp,10,6,,ryu_controller,405707,19.9,60231680,10773,44415,55188,22,218.8559
2026-04-24T22:11:58.517814+00:00,recovery_scenario,iperf_tcp,10,6,,twin_core,405717,19.9,67133440,5434,731,6165,5,49.7729
2026-04-24T22:11:58.517814+00:00,recovery_scenario,iperf_tcp,10,6,,ryu_controller,405707,59.7,60231680,10825,44415,55240,52,517.8024
2026-04-24T22:11:58.618177+00:00,recovery_scenario,iperf_tcp,10,6,,twin_core,405717,0.0,67158016,5440,731,6171,6,59.7656
2026-04-24T22:11:58.618177+00:00,recovery_scenario,iperf_tcp,10,6,,ryu_controller,405707,29.9,60231680,10849,44416,55265,25,248.9885
2026-04-24T22:11:58.718630+00:00,recovery_scenario,iperf_tcp,10,6,,twin_core,405717,0.0,67158016,5450,731,6181,10,99.4439
2026-04-24T22:11:58.718630+00:00,recovery_scenario,iperf_tcp,10,6,,ryu_controller,405707,49.7,60231680,10889,44416,55305,40,397.7468
2026-04-24T22:11:58.819208+00:00,recovery_scenario,iperf_tcp,10,6,,twin_core,405717,0.0,67158016,5453,731,6184,3,29.7407
2026-04-24T22:11:58.819208+00:00,recovery_scenario,iperf_tcp,10,6,,ryu_controller,405707,9.9,60231680,10903,44416,55319,14,138.7637
2026-04-24T22:11:58.920062+00:00,recovery_scenario,iperf_tcp,10,6,,twin_core,405717,0.0,67158016,5456,731,6187,3,29.8442
2026-04-24T22:11:58.920062+00:00,recovery_scenario,iperf_tcp,10,6,,ryu_controller,405707,9.9,60231680,10920,44416,55336,17,169.1251
2026-04-24T22:11:59.020588+00:00,recovery_scenario,iperf_tcp,10,6,,twin_core,405717,0.0,67158016,5462,731,6193,6,59.6808
2026-04-24T22:11:59.020588+00:00,recovery_scenario,iperf_tcp,10,6,,ryu_controller,405707,0.0,60231680,10924,44416,55340,4,39.7841
2026-04-24T22:11:59.121078+00:00,recovery_scenario,iperf_tcp,10,6,,twin_core,405717,0.0,67158016,5472,731,6203,10,99.5644
2026-04-24T22:11:59.121078+00:00,recovery_scenario,iperf_tcp,10,6,,ryu_controller,405707,10.0,60231680,10939,44417,55356,16,159.1608
2026-04-24T22:11:59.221661+00:00,recovery_scenario,iperf_tcp,10,6,,twin_core,405717,0.0,67158016,5475,731,6206,3,29.7745
2026-04-24T22:11:59.221661+00:00,recovery_scenario,iperf_tcp,10,6,,ryu_controller,405707,19.9,60231680,10962,44417,55379,23,228.427
2026-04-24T22:11:59.322406+00:00,recovery_scenario,iperf_tcp,10,6,,twin_core,405717,0.0,67158016,5475,731,6206,0,0.0
2026-04-24T22:11:59.322406+00:00,recovery_scenario,iperf_tcp,10,6,,ryu_controller,405707,9.9,60231680,10979,44417,55396,17,169.1534
2026-04-24T22:11:59.427541+00:00,recovery_scenario,iperf_tcp,10,6,,twin_core,405717,0.0,67158016,5481,731,6212,6,57.0138
2026-04-24T22:11:59.427541+00:00,recovery_scenario,iperf_tcp,10,6,,ryu_controller,405707,9.5,60231680,10988,44417,55405,9,85.4841
2026-04-24T22:11:59.528808+00:00,recovery_scenario,iperf_tcp,10,6,,twin_core,405717,9.9,67158016,5490,731,6221,9,88.9678
2026-04-24T22:11:59.528808+00:00,recovery_scenario,iperf_tcp,10,6,,ryu_controller,405707,9.9,60231680,11019,44417,55436,31,306.5931
2026-04-24T22:11:59.630272+00:00,recovery_scenario,iperf_tcp,10,6,,twin_core,405717,0.0,67158016,5496,731,6227,6,58.6676
2026-04-24T22:11:59.630272+00:00,recovery_scenario,iperf_tcp,10,6,,ryu_controller,405707,19.5,60231680,11047,44417,55464,28,273.5632
2026-04-24T22:11:59.731805+00:00,recovery_scenario,iperf_tcp,10,6,,twin_core,405717,0.0,67158016,5496,731,6227,0,0.0
2026-04-24T22:11:59.731805+00:00,recovery_scenario,iperf_tcp,10,6,,ryu_controller,405707,19.8,60231680,11075,44417,55492,28,277.8121
2026-04-24T22:11:59.836470+00:00,recovery_scenario,iperf_tcp,10,6,,twin_core,405717,0.0,67158016,5504,731,6235,8,76.4961
2026-04-24T22:11:59.836470+00:00,recovery_scenario,iperf_tcp,10,6,,ryu_controller,405707,9.5,60231680,11089,44417,55506,14,133.5873
2026-04-24T22:11:59.941035+00:00,recovery_scenario,iperf_tcp,10,6,,twin_core,405717,0.0,67158016,5510,731,6241,6,57.3146
2026-04-24T22:11:59.941035+00:00,recovery_scenario,iperf_tcp,10,6,,ryu_controller,405707,0.0,60231680,11093,44417,55510,4,38.2789
2026-04-24T22:12:00.041669+00:00,recovery_scenario,iperf_tcp,10,6,,twin_core,405717,0.0,67158016,5516,731,6247,6,59.5954
2026-04-24T22:12:00.041669+00:00,recovery_scenario,iperf_tcp,10,6,,ryu_controller,405707,0.0,60231680,11096,44417,55513,3,29.7889
2026-04-24T22:12:00.142405+00:00,recovery_scenario,iperf_tcp,10,6,,twin_core,405717,0.0,67158016,5519,731,6250,3,29.8157
2026-04-24T22:12:00.142405+00:00,recovery_scenario,iperf_tcp,10,6,,ryu_controller,405707,0.0,60231680,11099,44417,55516,3,29.8139
2026-04-24T22:12:00.212112+00:00,recovery_scenario,iperf_tcp,10,6,pingall_completed,,,,,,,,,
2026-04-24T22:12:00.243055+00:00,recovery_scenario,iperf_tcp,10,6,,twin_core,405717,0.0,67158016,5533,731,6264,14,139.1793
2026-04-24T22:12:00.243055+00:00,recovery_scenario,iperf_tcp,10,6,,ryu_controller,405707,9.9,60231680,11116,44425,55541,25,248.6991
2026-04-24T22:12:00.344206+00:00,recovery_scenario,iperf_tcp,10,6,,twin_core,405717,0.0,67158016,5533,731,6264,0,0.0
2026-04-24T22:12:00.344206+00:00,recovery_scenario,iperf_tcp,10,6,,ryu_controller,405707,9.9,60231680,11130,44425,55555,14,138.2965
2026-04-24T22:12:00.444758+00:00,recovery_scenario,iperf_tcp,10,6,,twin_core,405717,0.0,67158016,5533,731,6264,0,0.0
2026-04-24T22:12:00.444758+00:00,recovery_scenario,iperf_tcp,10,6,,ryu_controller,405707,0.0,60231680,11134,44425,55559,4,39.7989
2026-04-24T22:12:00.545244+00:00,recovery_scenario,iperf_tcp,10,6,,twin_core,405717,19.9,67158016,5533,731,6264,0,0.0
2026-04-24T22:12:00.545244+00:00,recovery_scenario,iperf_tcp,10,6,,ryu_controller,405707,19.9,60231680,11146,44425,55571,12,119.5317
2026-04-24T22:12:00.645763+00:00,recovery_scenario,iperf_tcp,10,6,,twin_core,405717,0.0,67207168,5533,731,6264,0,0.0
2026-04-24T22:12:00.645763+00:00,recovery_scenario,iperf_tcp,10,6,,ryu_controller,405707,49.7,60313600,11189,44425,55614,43,427.564
2026-04-24T22:12:00.746204+00:00,recovery_scenario,iperf_tcp,10,6,,twin_core,405717,10.0,67207168,5533,731,6264,0,0.0
2026-04-24T22:12:00.746204+00:00,recovery_scenario,iperf_tcp,10,6,,ryu_controller,405707,69.7,60338176,11231,44425,55656,42,418.3845
2026-04-24T22:12:00.847213+00:00,recovery_scenario,iperf_tcp,10,6,,twin_core,405717,0.0,67207168,5533,731,6264,0,0.0
2026-04-24T22:12:00.847213+00:00,recovery_scenario,iperf_tcp,10,6,,ryu_controller,405707,19.8,60338176,11245,44425,55670,14,138.4386
2026-04-24T22:12:00.947794+00:00,recovery_scenario,iperf_tcp,10,6,,twin_core,405717,0.0,67207168,5533,731,6264,0,0.0
2026-04-24T22:12:00.947794+00:00,recovery_scenario,iperf_tcp,10,6,,ryu_controller,405707,0.0,60338176,11248,44425,55673,3,29.7514
2026-04-24T22:12:01.048651+00:00,recovery_scenario,iperf_tcp,10,6,,twin_core,405717,0.0,67207168,5533,731,6264,0,0.0
2026-04-24T22:12:01.048651+00:00,recovery_scenario,iperf_tcp,10,6,,ryu_controller,405707,0.0,60338176,11251,44425,55676,3,29.7583
2026-04-24T22:12:01.153958+00:00,recovery_scenario,iperf_tcp,10,6,,twin_core,405717,0.0,67207168,5533,731,6264,0,0.0
2026-04-24T22:12:01.153958+00:00,recovery_scenario,iperf_tcp,10,6,,ryu_controller,405707,0.0,60338176,11254,44425,55679,3,28.2649
2026-04-24T22:12:01.255649+00:00,recovery_scenario,iperf_tcp,10,6,,twin_core,405717,0.0,67207168,5538,731,6269,5,49.3243
2026-04-24T22:12:01.255649+00:00,recovery_scenario,iperf_tcp,10,6,,ryu_controller,405707,0.0,60338176,11257,44425,55682,3,29.733
2026-04-24T22:12:01.356500+00:00,recovery_scenario,iperf_tcp,10,6,,twin_core,405717,0.0,67207168,5538,731,6269,0,0.0
2026-04-24T22:12:01.356500+00:00,recovery_scenario,iperf_tcp,10,6,,ryu_controller,405707,0.0,60338176,11260,44425,55685,3,29.7706
2026-04-24T22:12:01.457232+00:00,recovery_scenario,iperf_tcp,10,6,,twin_core,405717,0.0,67207168,5538,731,6269,0,0.0
2026-04-24T22:12:01.457232+00:00,recovery_scenario,iperf_tcp,10,6,,ryu_controller,405707,9.9,60338176,11264,44426,55690,5,49.7263
2026-04-24T22:12:01.557855+00:00,recovery_scenario,iperf_tcp,10,6,,twin_core,405717,0.0,67207168,5538,731,6269,0,0.0
2026-04-24T22:12:01.557855+00:00,recovery_scenario,iperf_tcp,10,6,,ryu_controller,405707,0.0,60338176,11289,44427,55716,26,258.3886
2026-04-24T22:12:01.658926+00:00,recovery_scenario,iperf_tcp,10,6,,twin_core,405717,0.0,67207168,5538,731,6269,0,0.0
2026-04-24T22:12:01.658926+00:00,recovery_scenario,iperf_tcp,10,6,,ryu_controller,405707,0.0,60338176,11329,44431,55760,44,424.3735
2026-04-24T22:12:01.763554+00:00,recovery_scenario,iperf_tcp,10,6,,twin_core,405717,0.0,67207168,5538,731,6269,0,0.0
2026-04-24T22:12:01.763554+00:00,recovery_scenario,iperf_tcp,10,6,,ryu_controller,405707,0.0,60338176,11358,44433,55791,31,300.7355
2026-04-24T22:12:01.866554+00:00,recovery_scenario,iperf_tcp,10,6,,twin_core,405717,0.0,67207168,5538,731,6269,0,0.0
2026-04-24T22:12:01.866554+00:00,recovery_scenario,iperf_tcp,10,6,,ryu_controller,405707,9.8,60338176,11364,44435,55799,8,78.3594
2026-04-24T22:12:01.967198+00:00,recovery_scenario,iperf_tcp,10,6,,twin_core,405717,0.0,67207168,5538,731,6269,0,0.0
2026-04-24T22:12:01.967198+00:00,recovery_scenario,iperf_tcp,10,6,,ryu_controller,405707,0.0,60338176,11379,44438,55817,18,177.3002
2026-04-24T22:12:02.068789+00:00,recovery_scenario,iperf_tcp,10,6,,twin_core,405717,0.0,67207168,5538,731,6269,0,0.0
2026-04-24T22:12:02.068789+00:00,recovery_scenario,iperf_tcp,10,6,,ryu_controller,405707,0.0,60338176,11397,44440,55837,20,198.9011
2026-04-24T22:12:02.169481+00:00,recovery_scenario,iperf_tcp,10,6,,twin_core,405717,0.0,67207168,5538,731,6269,0,0.0
2026-04-24T22:12:02.169481+00:00,recovery_scenario,iperf_tcp,10,6,,ryu_controller,405707,0.0,60338176,11409,44441,55850,13,127.7763
2026-04-24T22:12:02.228755+00:00,recovery_scenario,iperf_tcp,10,6,background_traffic_started,,,,,,,,,
2026-04-24T22:12:02.271473+00:00,recovery_scenario,iperf_tcp,10,6,,twin_core,405717,9.8,67207168,5545,734,6279,10,98.909
2026-04-24T22:12:02.271473+00:00,recovery_scenario,iperf_tcp,10,6,,ryu_controller,405707,19.7,60338176,11435,44446,55881,31,304.7992
2026-04-24T22:12:02.372776+00:00,recovery_scenario,iperf_tcp,10,6,,twin_core,405717,0.0,67207168,5556,737,6293,14,138.1713
2026-04-24T22:12:02.372776+00:00,recovery_scenario,iperf_tcp,10,6,,ryu_controller,405707,19.8,60338176,11447,44466,55913,32,317.0101
2026-04-24T22:12:02.473655+00:00,recovery_scenario,iperf_tcp,10,6,,twin_core,405717,9.9,67211264,5564,737,6301,8,79.2929
2026-04-24T22:12:02.473655+00:00,recovery_scenario,iperf_tcp,10,6,,ryu_controller,405707,29.9,60338176,11454,44487,55941,28,278.7017
2026-04-24T22:12:02.508424+00:00,recovery_scenario,iperf_tcp,10,6,fault_injected,,,,,,,,,
2026-04-24T22:12:02.574475+00:00,recovery_scenario,iperf_tcp,10,6,,twin_core,405717,0.0,67219456,5569,738,6307,6,59.5183
2026-04-24T22:12:02.574475+00:00,recovery_scenario,iperf_tcp,10,6,,ryu_controller,405707,29.7,60338176,11460,44506,55966,25,247.5122
2026-04-24T22:12:02.676150+00:00,recovery_scenario,iperf_tcp,10,6,,twin_core,405717,0.0,67219456,5569,738,6307,0,0.0
2026-04-24T22:12:02.676150+00:00,recovery_scenario,iperf_tcp,10,6,,ryu_controller,405707,39.4,60338176,11460,44520,55980,14,138.0576
2026-04-24T22:12:02.777537+00:00,recovery_scenario,iperf_tcp,10,6,,twin_core,405717,0.0,67219456,5569,738,6307,0,0.0
2026-04-24T22:12:02.777537+00:00,recovery_scenario,iperf_tcp,10,6,,ryu_controller,405707,39.1,60338176,11460,44581,56041,61,596.6833
2026-04-24T22:12:02.878816+00:00,recovery_scenario,iperf_tcp,10,6,,twin_core,405717,0.0,67219456,5569,738,6307,0,0.0
2026-04-24T22:12:02.878816+00:00,recovery_scenario,iperf_tcp,10,6,,ryu_controller,405707,89.6,60366848,11460,44669,56129,88,875.8867
2026-04-24T22:12:02.979308+00:00,recovery_scenario,iperf_tcp,10,6,,twin_core,405717,0.0,67219456,5569,738,6307,0,0.0
2026-04-24T22:12:02.979308+00:00,recovery_scenario,iperf_tcp,10,6,,ryu_controller,405707,109.5,60370944,11460,44679,56139,10,99.5185
2026-04-24T22:12:03.079739+00:00,recovery_scenario,iperf_tcp,10,6,,twin_core,405717,0.0,67219456,5570,742,6312,5,49.7782
2026-04-24T22:12:03.079739+00:00,recovery_scenario,iperf_tcp,10,6,,ryu_controller,405707,89.6,60370944,11460,44697,56157,18,179.1789
2026-04-24T22:12:03.180182+00:00,recovery_scenario,iperf_tcp,10,6,,twin_core,405717,10.0,67219456,5570,742,6312,0,0.0
2026-04-24T22:12:03.180182+00:00,recovery_scenario,iperf_tcp,10,6,,ryu_controller,405707,109.5,60370944,11460,44713,56173,16,159.2526
2026-04-24T22:12:03.280664+00:00,recovery_scenario,iperf_tcp,10,6,,twin_core,405717,0.0,67219456,5570,742,6312,0,0.0
2026-04-24T22:12:03.280664+00:00,recovery_scenario,iperf_tcp,10,6,,ryu_controller,405707,98.2,60370944,11460,44713,56173,0,0.0
2026-04-24T22:12:03.383816+00:00,recovery_scenario,iperf_tcp,10,6,,twin_core,405717,0.0,67219456,5570,742,6312,0,0.0
2026-04-24T22:12:03.383816+00:00,recovery_scenario,iperf_tcp,10,6,,ryu_controller,405707,98.3,60370944,11460,44714,56174,1,9.8361
2026-04-24T22:12:03.484299+00:00,recovery_scenario,iperf_tcp,10,6,,twin_core,405717,0.0,67219456,5570,742,6312,0,0.0
2026-04-24T22:12:03.484299+00:00,recovery_scenario,iperf_tcp,10,6,,ryu_controller,405707,99.4,60370944,11460,44714,56174,0,0.0
2026-04-24T22:12:03.585053+00:00,recovery_scenario,iperf_tcp,10,6,,twin_core,405717,0.0,67219456,5571,742,6313,1,9.9277
2026-04-24T22:12:03.585053+00:00,recovery_scenario,iperf_tcp,10,6,,ryu_controller,405707,99.3,60370944,11460,44714,56174,0,0.0
2026-04-24T22:12:03.685437+00:00,recovery_scenario,iperf_tcp,10,6,,twin_core,405717,0.0,67219456,5571,742,6313,0,0.0
2026-04-24T22:12:03.685437+00:00,recovery_scenario,iperf_tcp,10,6,,ryu_controller,405707,99.5,60370944,11460,44714,56174,0,0.0
2026-04-24T22:12:03.786147+00:00,recovery_scenario,iperf_tcp,10,6,,twin_core,405717,0.0,67219456,5571,742,6313,0,0.0
2026-04-24T22:12:03.786147+00:00,recovery_scenario,iperf_tcp,10,6,,ryu_controller,405707,109.4,60370944,11460,44714,56174,0,0.0
2026-04-24T22:12:03.886675+00:00,recovery_scenario,iperf_tcp,10,6,,twin_core,405717,0.0,67219456,5571,742,6313,0,0.0
2026-04-24T22:12:03.886675+00:00,recovery_scenario,iperf_tcp,10,6,,ryu_controller,405707,99.4,60370944,11460,44715,56175,1,9.9398
2026-04-24T22:12:03.988485+00:00,recovery_scenario,iperf_tcp,10,6,,twin_core,405717,0.0,67219456,5571,742,6313,0,0.0
2026-04-24T22:12:03.988485+00:00,recovery_scenario,iperf_tcp,10,6,,ryu_controller,405707,88.3,60370944,11460,44718,56178,3,29.4426
2026-04-24T22:12:04.090564+00:00,recovery_scenario,iperf_tcp,10,6,,twin_core,405717,0.0,67219456,5572,743,6315,2,19.5857
2026-04-24T22:12:04.090564+00:00,recovery_scenario,iperf_tcp,10,6,,ryu_controller,405707,58.7,60370944,11460,44747,56207,29,283.1983
2026-04-24T22:12:04.194323+00:00,recovery_scenario,iperf_tcp,10,6,,twin_core,405717,0.0,67219456,5572,743,6315,0,0.0
2026-04-24T22:12:04.194323+00:00,recovery_scenario,iperf_tcp,10,6,,ryu_controller,405707,57.9,60370944,11460,44772,56232,25,241.293
2026-04-24T22:12:04.295453+00:00,recovery_scenario,iperf_tcp,10,6,,twin_core,405717,0.0,67219456,5572,743,6315,0,0.0
2026-04-24T22:12:04.295453+00:00,recovery_scenario,iperf_tcp,10,6,,ryu_controller,405707,58.8,60370944,11460,44832,56292,60,587.854
2026-04-24T22:12:04.398600+00:00,recovery_scenario,iperf_tcp,10,6,,twin_core,405717,0.0,67219456,5572,743,6315,0,0.0
2026-04-24T22:12:04.398600+00:00,recovery_scenario,iperf_tcp,10,6,,ryu_controller,405707,39.1,60370944,11460,44884,56344,52,508.394
2026-04-24T22:12:04.499564+00:00,recovery_scenario,iperf_tcp,10,6,,twin_core,405717,0.0,67219456,5572,743,6315,0,0.0
2026-04-24T22:12:04.499564+00:00,recovery_scenario,iperf_tcp,10,6,,ryu_controller,405707,48.9,60370944,11460,44937,56397,53,517.424
2026-04-24T22:12:04.603484+00:00,recovery_scenario,iperf_tcp,10,6,,twin_core,405717,9.6,67219456,5573,743,6316,1,9.7114
2026-04-24T22:12:04.603484+00:00,recovery_scenario,iperf_tcp,10,6,,ryu_controller,405707,39.1,60370944,11460,45024,56484,87,851.5286
2026-04-24T22:12:04.705478+00:00,recovery_scenario,iperf_tcp,10,6,,twin_core,405717,0.0,67219456,5573,743,6316,0,0.0
2026-04-24T22:12:04.705478+00:00,recovery_scenario,iperf_tcp,10,6,,ryu_controller,405707,29.4,60370944,11460,45071,56531,47,460.1832
2026-04-24T22:12:04.806208+00:00,recovery_scenario,iperf_tcp,10,6,,twin_core,405717,0.0,67219456,5573,743,6316,0,0.0
2026-04-24T22:12:04.806208+00:00,recovery_scenario,iperf_tcp,10,6,,ryu_controller,405707,39.8,60370944,11460,45106,56566,35,341.4137
2026-04-24T22:12:04.910476+00:00,recovery_scenario,iperf_tcp,10,6,,twin_core,405717,0.0,67219456,5573,743,6316,0,0.0
2026-04-24T22:12:04.910476+00:00,recovery_scenario,iperf_tcp,10,6,,ryu_controller,405707,28.7,60370944,11460,45220,56680,114,1114.9304
2026-04-24T22:12:05.010980+00:00,recovery_scenario,iperf_tcp,10,6,,twin_core,405717,0.0,67219456,5573,743,6316,0,0.0
2026-04-24T22:12:05.010980+00:00,recovery_scenario,iperf_tcp,10,6,,ryu_controller,405707,49.8,60370944,11460,45398,56858,178,1772.101
2026-04-24T22:12:05.112539+00:00,recovery_scenario,iperf_tcp,10,6,,twin_core,405717,0.0,67219456,5574,743,6317,1,9.8416
2026-04-24T22:12:05.112539+00:00,recovery_scenario,iperf_tcp,10,6,,ryu_controller,405707,39.4,60370944,11460,45610,57070,212,2085.6734
2026-04-24T22:12:05.214833+00:00,recovery_scenario,iperf_tcp,10,6,,twin_core,405717,9.8,67219456,5574,743,6317,0,0.0
2026-04-24T22:12:05.214833+00:00,recovery_scenario,iperf_tcp,10,6,,ryu_controller,405707,39.0,60370944,11460,45737,57197,127,1225.7637
2026-04-24T22:12:05.318542+00:00,recovery_scenario,iperf_tcp,10,6,,twin_core,405717,0.0,67219456,5574,743,6317,0,0.0
2026-04-24T22:12:05.318542+00:00,recovery_scenario,iperf_tcp,10,6,,ryu_controller,405707,57.9,60370944,11460,45928,57388,191,1863.9072
2026-04-24T22:12:05.420469+00:00,recovery_scenario,iperf_tcp,10,6,,twin_core,405717,9.8,67219456,5574,743,6317,0,0.0
2026-04-24T22:12:05.420469+00:00,recovery_scenario,iperf_tcp,10,6,,ryu_controller,405707,58.9,60370944,11468,45970,57438,50,490.8612
2026-04-24T22:12:05.523517+00:00,recovery_scenario,iperf_tcp,10,6,,twin_core,405717,0.0,67219456,5574,743,6317,0,0.0
2026-04-24T22:12:05.523517+00:00,recovery_scenario,iperf_tcp,10,6,,ryu_controller,405707,0.0,60370944,11473,45973,57446,8,77.5225
2026-04-24T22:12:05.628552+00:00,recovery_scenario,iperf_tcp,10,6,,twin_core,405717,9.5,67219456,5590,744,6334,17,162.0173
2026-04-24T22:12:05.628552+00:00,recovery_scenario,iperf_tcp,10,6,,ryu_controller,405707,38.1,60370944,11495,46005,57500,54,514.4225
2026-04-24T22:12:05.729177+00:00,recovery_scenario,iperf_tcp,10,6,,twin_core,405717,0.0,67219456,5602,746,6348,14,139.2219
2026-04-24T22:12:05.729177+00:00,recovery_scenario,iperf_tcp,10,6,,ryu_controller,405707,29.7,60370944,11508,46034,57542,42,416.4126
2026-04-24T22:12:05.733129+00:00,recovery_scenario,iperf_tcp,10,6,recovery_requested,,,,,,,,,
2026-04-24T22:12:05.831598+00:00,recovery_scenario,iperf_tcp,10,6,,twin_core,405717,0.0,67219456,5605,748,6353,5,48.7478
2026-04-24T22:12:05.831598+00:00,recovery_scenario,iperf_tcp,10,6,,ryu_controller,405707,29.4,60370944,11528,46095,57623,81,792.7478
2026-04-24T22:12:05.934471+00:00,recovery_scenario,iperf_tcp,10,6,,twin_core,405717,0.0,67219456,5605,748,6353,0,0.0
2026-04-24T22:12:05.934471+00:00,recovery_scenario,iperf_tcp,10,6,,ryu_controller,405707,19.5,60370944,11546,46206,57752,129,1255.6109
2026-04-24T22:12:06.038787+00:00,recovery_scenario,iperf_tcp,10,6,,twin_core,405717,0.0,67219456,5605,748,6353,0,0.0
2026-04-24T22:12:06.038787+00:00,recovery_scenario,iperf_tcp,10,6,,ryu_controller,405707,28.7,60370944,11546,46345,57891,139,1333.0909
2026-04-24T22:12:06.139226+00:00,recovery_scenario,iperf_tcp,10,6,,twin_core,405717,0.0,67219456,5605,748,6353,0,0.0
2026-04-24T22:12:06.139226+00:00,recovery_scenario,iperf_tcp,10,6,,ryu_controller,405707,39.0,60370944,11547,46483,58030,139,1356.728
2026-04-24T22:12:06.241670+00:00,recovery_scenario,iperf_tcp,10,6,,twin_core,405717,0.0,67219456,5605,748,6353,0,0.0
2026-04-24T22:12:06.241670+00:00,recovery_scenario,iperf_tcp,10,6,,ryu_controller,405707,29.9,60370944,11547,46518,58065,35,348.4201
2026-04-24T22:12:06.344478+00:00,recovery_scenario,iperf_tcp,10,6,,twin_core,405717,0.0,67219456,5606,748,6354,1,9.7298
2026-04-24T22:12:06.344478+00:00,recovery_scenario,iperf_tcp,10,6,,ryu_controller,405707,38.9,60370944,11547,46617,58164,99,962.4398
2026-04-24T22:12:06.444995+00:00,recovery_scenario,iperf_tcp,10,6,,twin_core,405717,0.0,67219456,5606,748,6354,0,0.0
2026-04-24T22:12:06.444995+00:00,recovery_scenario,iperf_tcp,10,6,,ryu_controller,405707,39.8,60370944,11547,46759,58306,142,1414.4842
2026-04-24T22:12:06.546479+00:00,recovery_scenario,iperf_tcp,10,6,,twin_core,405717,0.0,67219456,5606,748,6354,0,0.0
2026-04-24T22:12:06.546479+00:00,recovery_scenario,iperf_tcp,10,6,,ryu_controller,405707,49.2,60370944,11547,46846,58393,87,855.89
2026-04-24T22:12:06.647065+00:00,recovery_scenario,iperf_tcp,10,6,,twin_core,405717,0.0,67219456,5606,748,6354,0,0.0
2026-04-24T22:12:06.647065+00:00,recovery_scenario,iperf_tcp,10,6,,ryu_controller,405707,39.1,60370944,11547,46966,58513,120,1174.0094
2026-04-24T22:12:06.751760+00:00,recovery_scenario,iperf_tcp,10,6,,twin_core,405717,9.7,67219456,5607,748,6355,1,9.7114
2026-04-24T22:12:06.751760+00:00,recovery_scenario,iperf_tcp,10,6,,ryu_controller,405707,38.9,60370944,11547,47113,58660,147,1428.5998
2026-04-24T22:12:06.858188+00:00,recovery_scenario,iperf_tcp,10,6,,twin_core,405717,0.0,67219456,5607,748,6355,0,0.0
2026-04-24T22:12:06.858188+00:00,recovery_scenario,iperf_tcp,10,6,,ryu_controller,405707,46.9,60370944,11547,47319,58866,206,1931.791
2026-04-24T22:12:06.958793+00:00,recovery_scenario,iperf_tcp,10,6,,twin_core,405717,0.0,67219456,5607,748,6355,0,0.0
2026-04-24T22:12:06.958793+00:00,recovery_scenario,iperf_tcp,10,6,,ryu_controller,405707,39.8,60370944,11547,47510,59057,191,1901.3545
2026-04-24T22:12:07.059471+00:00,recovery_scenario,iperf_tcp,10,6,,twin_core,405717,0.0,67219456,5607,748,6355,0,0.0
2026-04-24T22:12:07.059471+00:00,recovery_scenario,iperf_tcp,10,6,,ryu_controller,405707,39.7,60370944,11547,47705,59252,195,1934.4208
2026-04-24T22:12:07.165827+00:00,recovery_scenario,iperf_tcp,10,6,,twin_core,405717,0.0,67219456,5607,748,6355,0,0.0
2026-04-24T22:12:07.165827+00:00,recovery_scenario,iperf_tcp,10,6,,ryu_controller,405707,47.1,60370944,11547,47854,59401,149,1402.9966
2026-04-24T22:12:07.266261+00:00,recovery_scenario,iperf_tcp,10,6,,twin_core,405717,0.0,67219456,5608,748,6356,1,9.9591
2026-04-24T22:12:07.266261+00:00,recovery_scenario,iperf_tcp,10,6,,ryu_controller,405707,49.8,60370944,11547,48028,59575,174,1732.8837
2026-04-24T22:12:07.368874+00:00,recovery_scenario,iperf_tcp,10,6,,twin_core,405717,0.0,67219456,5608,748,6356,0,0.0
2026-04-24T22:12:07.368874+00:00,recovery_scenario,iperf_tcp,10,6,,ryu_controller,405707,39.0,60370944,11547,48190,59737,162,1577.8606
2026-04-24T22:12:07.469318+00:00,recovery_scenario,iperf_tcp,10,6,,twin_core,405717,0.0,67219456,5608,748,6356,0,0.0
2026-04-24T22:12:07.469318+00:00,recovery_scenario,iperf_tcp,10,6,,ryu_controller,405707,59.8,60370944,11547,48390,59937,200,1991.9063
2026-04-24T22:12:07.569745+00:00,recovery_scenario,iperf_tcp,10,6,,twin_core,405717,0.0,67219456,5608,748,6356,0,0.0
2026-04-24T22:12:07.569745+00:00,recovery_scenario,iperf_tcp,10,6,,ryu_controller,405707,59.7,60370944,11547,48722,60269,332,3303.9965
2026-04-24T22:12:07.670207+00:00,recovery_scenario,iperf_tcp,10,6,,twin_core,405717,0.0,67219456,5608,748,6356,0,0.0
2026-04-24T22:12:07.670207+00:00,recovery_scenario,iperf_tcp,10,6,,ryu_controller,405707,89.6,60370944,11547,49035,60582,313,3117.4033
2026-04-24T22:12:07.770621+00:00,recovery_scenario,iperf_tcp,10,6,,twin_core,405717,0.0,67219456,5609,748,6357,1,9.9499
2026-04-24T22:12:07.770621+00:00,recovery_scenario,iperf_tcp,10,6,,ryu_controller,405707,59.7,60370944,11547,49322,60869,287,2855.7677
2026-04-24T22:12:07.873784+00:00,recovery_scenario,iperf_tcp,10,6,,twin_core,405717,9.7,67219456,5609,748,6357,0,0.0
2026-04-24T22:12:07.873784+00:00,recovery_scenario,iperf_tcp,10,6,,ryu_controller,405707,77.6,60370944,11547,49678,61225,356,3451.8744
2026-04-24T22:12:07.974248+00:00,recovery_scenario,iperf_tcp,10,6,,twin_core,405717,0.0,67219456,5609,748,6357,0,0.0
2026-04-24T22:12:07.974248+00:00,recovery_scenario,iperf_tcp,10,6,,ryu_controller,405707,59.7,60370944,11547,49956,61503,278,2766.2152
2026-04-24T22:12:08.074905+00:00,recovery_scenario,iperf_tcp,10,6,,twin_core,405717,9.9,67219456,5609,748,6357,0,0.0
2026-04-24T22:12:08.074905+00:00,recovery_scenario,iperf_tcp,10,6,,ryu_controller,405707,79.4,60370944,11547,50319,61866,363,3601.2636
2026-04-24T22:12:08.175553+00:00,recovery_scenario,iperf_tcp,10,6,,twin_core,405717,0.0,67219456,5609,748,6357,0,0.0
2026-04-24T22:12:08.175553+00:00,recovery_scenario,iperf_tcp,10,6,,ryu_controller,405707,69.6,60370944,11547,50637,62184,318,3160.4659
2026-04-24T22:12:08.276201+00:00,recovery_scenario,iperf_tcp,10,6,,twin_core,405717,0.0,67219456,5610,748,6358,1,9.9502
2026-04-24T22:12:08.276201+00:00,recovery_scenario,iperf_tcp,10,6,,ryu_controller,405707,79.6,60370944,11547,50884,62431,247,2458.1264
2026-04-24T22:12:08.379788+00:00,recovery_scenario,iperf_tcp,10,6,,twin_core,405717,0.0,67219456,5610,748,6358,0,0.0
2026-04-24T22:12:08.379788+00:00,recovery_scenario,iperf_tcp,10,6,,ryu_controller,405707,57.9,60370944,11547,51077,62624,193,1863.8879
2026-04-24T22:12:08.480186+00:00,recovery_scenario,iperf_tcp,10,6,,twin_core,405717,0.0,67219456,5610,748,6358,0,0.0
2026-04-24T22:12:08.480186+00:00,recovery_scenario,iperf_tcp,10,6,,ryu_controller,405707,79.3,60370944,11547,51394,62941,317,3138.9028
2026-04-24T22:12:08.583777+00:00,recovery_scenario,iperf_tcp,10,6,,twin_core,405717,0.0,67219456,5610,748,6358,0,0.0
2026-04-24T22:12:08.583777+00:00,recovery_scenario,iperf_tcp,10,6,,ryu_controller,405707,67.9,60370944,11547,51625,63172,231,2242.3203
2026-04-24T22:12:08.684194+00:00,recovery_scenario,iperf_tcp,10,6,,twin_core,405717,0.0,67219456,5610,748,6358,0,0.0
2026-04-24T22:12:08.684194+00:00,recovery_scenario,iperf_tcp,10,6,,ryu_controller,405707,69.7,60370944,11547,51834,63381,209,2081.0059
2026-04-24T22:12:08.784671+00:00,recovery_scenario,iperf_tcp,10,6,,twin_core,405717,0.0,67219456,5611,751,6362,4,38.9723
2026-04-24T22:12:08.784671+00:00,recovery_scenario,iperf_tcp,10,6,,ryu_controller,405707,68.2,60370944,11547,52185,63732,351,3417.662
2026-04-24T22:12:08.887353+00:00,recovery_scenario,iperf_tcp,10,6,,twin_core,405717,0.0,67219456,5611,751,6362,0,0.0
2026-04-24T22:12:08.887353+00:00,recovery_scenario,iperf_tcp,10,6,,ryu_controller,405707,69.7,60370944,11547,52546,64093,361,3582.0276
2026-04-24T22:12:08.989062+00:00,recovery_scenario,iperf_tcp,10,6,,twin_core,405717,0.0,67219456,5611,751,6362,0,0.0
2026-04-24T22:12:08.989062+00:00,recovery_scenario,iperf_tcp,10,6,,ryu_controller,405707,38.9,60370944,11547,52689,64236,143,1394.4775
2026-04-24T22:12:09.094470+00:00,recovery_scenario,iperf_tcp,10,6,,twin_core,405717,0.0,67219456,5611,751,6362,0,0.0
2026-04-24T22:12:09.094470+00:00,recovery_scenario,iperf_tcp,10,6,,ryu_controller,405707,57.5,60370944,11547,52931,64478,242,2320.8374
2026-04-24T22:12:09.194960+00:00,recovery_scenario,iperf_tcp,10,6,,twin_core,405717,0.0,67219456,5611,751,6362,0,0.0
2026-04-24T22:12:09.194960+00:00,recovery_scenario,iperf_tcp,10,6,,ryu_controller,405707,69.7,60370944,11547,53083,64630,152,1513.7458
2026-04-24T22:12:09.296814+00:00,recovery_scenario,iperf_tcp,10,6,,twin_core,405717,0.0,67219456,5612,751,6363,1,9.8173
2026-04-24T22:12:09.296814+00:00,recovery_scenario,iperf_tcp,10,6,,ryu_controller,405707,39.2,60370944,11547,53308,64855,225,2206.517
2026-04-24T22:12:09.398474+00:00,recovery_scenario,iperf_tcp,10,6,,twin_core,405717,0.0,67219456,5612,751,6363,0,0.0
2026-04-24T22:12:09.398474+00:00,recovery_scenario,iperf_tcp,10,6,,ryu_controller,405707,59.0,60370944,11547,53479,65026,171,1682.9619
2026-04-24T22:12:09.502476+00:00,recovery_scenario,iperf_tcp,10,6,,twin_core,405717,0.0,67219456,5612,751,6363,0,0.0
2026-04-24T22:12:09.502476+00:00,recovery_scenario,iperf_tcp,10,6,,ryu_controller,405707,28.8,60370944,11547,53533,65080,54,518.4751
2026-04-24T22:12:09.603119+00:00,recovery_scenario,iperf_tcp,10,6,,twin_core,405717,0.0,67219456,5612,751,6363,0,0.0
2026-04-24T22:12:09.603119+00:00,recovery_scenario,iperf_tcp,10,6,,ryu_controller,405707,29.8,60370944,11547,53589,65136,56,557.4425
2026-04-24T22:12:09.703585+00:00,recovery_scenario,iperf_tcp,10,6,,twin_core,405717,10.0,67219456,5612,751,6363,0,0.0
2026-04-24T22:12:09.703585+00:00,recovery_scenario,iperf_tcp,10,6,,ryu_controller,405707,39.7,60370944,11547,53633,65180,44,437.0416
2026-04-24T22:12:09.804170+00:00,recovery_scenario,iperf_tcp,10,6,,twin_core,405717,0.0,67219456,5613,751,6364,1,9.9532
2026-04-24T22:12:09.804170+00:00,recovery_scenario,iperf_tcp,10,6,,ryu_controller,405707,29.7,60370944,11547,53686,65233,53,522.8685
2026-04-24T22:12:09.906635+00:00,recovery_scenario,iperf_tcp,10,6,,twin_core,405717,0.0,67219456,5613,751,6364,0,0.0
2026-04-24T22:12:09.906635+00:00,recovery_scenario,iperf_tcp,10,6,,ryu_controller,405707,19.0,60370944,11548,53754,65302,69,655.8008
2026-04-24T22:12:10.011546+00:00,recovery_scenario,iperf_tcp,10,6,,twin_core,405717,0.0,67219456,5613,751,6364,0,0.0
2026-04-24T22:12:10.011546+00:00,recovery_scenario,iperf_tcp,10,6,,ryu_controller,405707,9.7,60370944,11558,53766,65324,22,214.5576
2026-04-24T22:12:10.113482+00:00,recovery_scenario,iperf_tcp,10,6,,twin_core,405717,0.0,67219456,5613,751,6364,0,0.0
2026-04-24T22:12:10.113482+00:00,recovery_scenario,iperf_tcp,10,6,,ryu_controller,405707,0.0,60370944,11564,53768,65332,8,78.1246
2026-04-24T22:12:10.216495+00:00,recovery_scenario,iperf_tcp,10,6,,twin_core,405717,0.0,67219456,5613,751,6364,0,0.0
2026-04-24T22:12:10.216495+00:00,recovery_scenario,iperf_tcp,10,6,,ryu_controller,405707,0.0,60370944,11574,53771,65345,13,128.0183
2026-04-24T22:12:10.319859+00:00,recovery_scenario,iperf_tcp,10,6,,twin_core,405717,9.7,67219456,5628,760,6388,24,232.8792
2026-04-24T22:12:10.319859+00:00,recovery_scenario,iperf_tcp,10,6,,ryu_controller,405707,19.4,60370944,11591,53795,65386,41,397.5351
2026-04-24T22:12:10.421671+00:00,recovery_scenario,iperf_tcp,10,6,,twin_core,405717,9.8,67219456,5647,772,6419,31,304.0678
2026-04-24T22:12:10.421671+00:00,recovery_scenario,iperf_tcp,10,6,,ryu_controller,405707,19.6,60370944,11609,53830,65439,53,520.3397
2026-04-24T22:12:10.427265+00:00,recovery_scenario,iperf_tcp,10,6,scenario_teardown,,,,,,,,,
2026-04-24T22:12:10.522367+00:00,recovery_scenario,iperf_tcp,10,6,,twin_core,405717,9.9,67219456,5668,782,6450,31,308.4834
2026-04-24T22:12:10.522367+00:00,recovery_scenario,iperf_tcp,10,6,,ryu_controller,405707,10.0,60370944,11620,53834,65454,15,149.2798
2026-04-24T22:12:10.622819+00:00,recovery_scenario,iperf_tcp,10,6,,twin_core,405717,0.0,67219456,5689,783,6472,22,218.9238
2026-04-24T22:12:10.622819+00:00,recovery_scenario,iperf_tcp,10,6,,ryu_controller,405707,9.9,60370944,11635,53846,65481,27,268.643
2026-04-24T22:12:10.723292+00:00,recovery_scenario,iperf_tcp,10,6,,twin_core,405717,0.0,67219456,5702,783,6485,13,129.2016
2026-04-24T22:12:10.723292+00:00,recovery_scenario,iperf_tcp,10,6,,ryu_controller,405707,9.9,60370944,11654,53850,65504,23,228.3805
2026-04-24T22:12:10.823993+00:00,recovery_scenario,iperf_tcp,10,6,,twin_core,405717,0.0,67219456,5702,783,6485,0,0.0
2026-04-24T22:12:10.823993+00:00,recovery_scenario,iperf_tcp,10,6,,ryu_controller,405707,19.9,60370944,11682,53853,65535,31,308.3524
2026-04-24T22:12:11.321571+00:00,recovery_scenario,iperf_tcp,10,7,,twin_core,405717,0.0,67227648,6095,841,6936,0,0.0
2026-04-24T22:12:11.321571+00:00,recovery_scenario,iperf_tcp,10,7,,ryu_controller,405707,0.0,60370944,11734,53853,65587,0,0.0
2026-04-24T22:12:11.423180+00:00,recovery_scenario,iperf_tcp,10,7,,twin_core,405717,9.8,67231744,6145,844,6989,53,521.9978
2026-04-24T22:12:11.423180+00:00,recovery_scenario,iperf_tcp,10,7,,ryu_controller,405707,39.8,60370944,11752,53875,65627,40,398.393
2026-04-24T22:12:11.523571+00:00,recovery_scenario,iperf_tcp,10,7,,twin_core,405717,10.0,67231744,6246,845,7091,102,1011.7748
2026-04-24T22:12:11.523571+00:00,recovery_scenario,iperf_tcp,10,7,,ryu_controller,405707,19.8,60370944,11776,53877,65653,26,256.8254
2026-04-24T22:12:11.598866+00:00,recovery_scenario,iperf_tcp,10,7,service_started,,,,,,,,,
2026-04-24T22:12:11.625117+00:00,recovery_scenario,iperf_tcp,10,7,,twin_core,405717,9.8,67235840,6294,845,7139,48,474.6388
2026-04-24T22:12:11.625117+00:00,recovery_scenario,iperf_tcp,10,7,,ryu_controller,405707,39.6,60370944,11791,53879,65670,17,167.7542
2026-04-24T22:12:11.726175+00:00,recovery_scenario,iperf_tcp,10,7,,twin_core,405717,9.9,67235840,6295,845,7140,1,9.8937
2026-04-24T22:12:11.726175+00:00,recovery_scenario,iperf_tcp,10,7,,ryu_controller,405707,29.7,60370944,11829,53880,65709,39,388.2588
2026-04-24T22:12:11.826747+00:00,recovery_scenario,iperf_tcp,10,7,,twin_core,405717,0.0,67235840,6295,845,7140,0,0.0
2026-04-24T22:12:11.826747+00:00,recovery_scenario,iperf_tcp,10,7,,ryu_controller,405707,29.8,60370944,11866,53880,65746,37,367.4595
2026-04-24T22:12:11.927300+00:00,recovery_scenario,iperf_tcp,10,7,,twin_core,405717,0.0,67235840,6295,845,7140,0,0.0
2026-04-24T22:12:11.927300+00:00,recovery_scenario,iperf_tcp,10,7,,ryu_controller,405707,49.8,60370944,11901,53881,65782,36,358.5884
2026-04-24T22:12:12.027677+00:00,recovery_scenario,iperf_tcp,10,7,,twin_core,405717,0.0,67235840,6295,845,7140,0,0.0
2026-04-24T22:12:12.027677+00:00,recovery_scenario,iperf_tcp,10,7,,ryu_controller,405707,29.9,60370944,11936,53881,65817,35,348.3384
2026-04-24T22:12:12.128172+00:00,recovery_scenario,iperf_tcp,10,7,,twin_core,405717,0.0,67235840,6295,845,7140,0,0.0
2026-04-24T22:12:12.128172+00:00,recovery_scenario,iperf_tcp,10,7,,ryu_controller,405707,19.9,60370944,11964,53882,65846,29,288.6685
2026-04-24T22:12:12.232816+00:00,recovery_scenario,iperf_tcp,10,7,,twin_core,405717,0.0,67235840,6295,845,7140,0,0.0
2026-04-24T22:12:12.232816+00:00,recovery_scenario,iperf_tcp,10,7,,ryu_controller,405707,9.5,60370944,11977,53882,65859,13,124.1086
2026-04-24T22:12:12.333363+00:00,recovery_scenario,iperf_tcp,10,7,,twin_core,405717,0.0,67235840,6295,845,7140,0,0.0
2026-04-24T22:12:12.333363+00:00,recovery_scenario,iperf_tcp,10,7,,ryu_controller,405707,19.9,60370944,12005,53882,65887,28,278.7703
2026-04-24T22:12:12.433985+00:00,recovery_scenario,iperf_tcp,10,7,,twin_core,405717,0.0,67235840,6295,845,7140,0,0.0
2026-04-24T22:12:12.433985+00:00,recovery_scenario,iperf_tcp,10,7,,ryu_controller,405707,0.0,60370944,12015,53882,65897,10,99.4109
2026-04-24T22:12:12.535024+00:00,recovery_scenario,iperf_tcp,10,7,,twin_core,405717,0.0,67235840,6295,845,7140,0,0.0
2026-04-24T22:12:12.535024+00:00,recovery_scenario,iperf_tcp,10,7,,ryu_controller,405707,19.8,60370944,12037,53882,65919,22,217.6706
2026-04-24T22:12:12.635466+00:00,recovery_scenario,iperf_tcp,10,7,,twin_core,405717,0.0,67235840,6295,845,7140,0,0.0
2026-04-24T22:12:12.635466+00:00,recovery_scenario,iperf_tcp,10,7,,ryu_controller,405707,10.0,60370944,12058,53882,65940,21,209.0569
2026-04-24T22:12:12.736029+00:00,recovery_scenario,iperf_tcp,10,7,,twin_core,405717,0.0,67235840,6295,845,7140,0,0.0
2026-04-24T22:12:12.736029+00:00,recovery_scenario,iperf_tcp,10,7,,ryu_controller,405707,9.9,60370944,12086,53882,65968,28,278.3406
2026-04-24T22:12:12.837245+00:00,recovery_scenario,iperf_tcp,10,7,,twin_core,405717,0.0,67235840,6295,845,7140,0,0.0
2026-04-24T22:12:12.837245+00:00,recovery_scenario,iperf_tcp,10,7,,ryu_controller,405707,29.7,60370944,12108,53883,65991,23,227.3887
2026-04-24T22:12:12.940111+00:00,recovery_scenario,iperf_tcp,10,7,,twin_core,405717,0.0,67235840,6295,845,7140,0,0.0
2026-04-24T22:12:12.940111+00:00,recovery_scenario,iperf_tcp,10,7,,ryu_controller,405707,9.7,60370944,12147,53883,66030,39,379.0531
2026-04-24T22:12:13.040582+00:00,recovery_scenario,iperf_tcp,10,7,,twin_core,405717,0.0,67235840,6295,845,7140,0,0.0
2026-04-24T22:12:13.040582+00:00,recovery_scenario,iperf_tcp,10,7,,ryu_controller,405707,39.8,60370944,12170,53884,66054,24,238.6335
2026-04-24T22:12:13.141178+00:00,recovery_scenario,iperf_tcp,10,7,,twin_core,405717,0.0,67235840,6295,845,7140,0,0.0
2026-04-24T22:12:13.141178+00:00,recovery_scenario,iperf_tcp,10,7,,ryu_controller,405707,10.0,60370944,12191,53884,66075,21,209.0384
2026-04-24T22:12:13.241594+00:00,recovery_scenario,iperf_tcp,10,7,,twin_core,405717,0.0,67235840,6295,845,7140,0,0.0
2026-04-24T22:12:13.241594+00:00,recovery_scenario,iperf_tcp,10,7,,ryu_controller,405707,19.9,60370944,12213,53884,66097,22,218.938
2026-04-24T22:12:13.342087+00:00,recovery_scenario,iperf_tcp,10,7,,twin_core,405717,0.0,67235840,6295,845,7140,0,0.0
2026-04-24T22:12:13.342087+00:00,recovery_scenario,iperf_tcp,10,7,,ryu_controller,405707,19.9,60370944,12246,53884,66130,33,328.4864
2026-04-24T22:12:13.443890+00:00,recovery_scenario,iperf_tcp,10,7,,twin_core,405717,0.0,67235840,6295,845,7140,0,0.0
2026-04-24T22:12:13.443890+00:00,recovery_scenario,iperf_tcp,10,7,,ryu_controller,405707,9.8,60370944,12274,53884,66158,28,275.0938
2026-04-24T22:12:13.544313+00:00,recovery_scenario,iperf_tcp,10,7,,twin_core,405717,0.0,67235840,6295,845,7140,0,0.0
2026-04-24T22:12:13.544313+00:00,recovery_scenario,iperf_tcp,10,7,,ryu_controller,405707,19.9,60370944,12300,53884,66184,26,258.9369
2026-04-24T22:12:13.644744+00:00,recovery_scenario,iperf_tcp,10,7,,twin_core,405717,0.0,67235840,6295,845,7140,0,0.0
2026-04-24T22:12:13.644744+00:00,recovery_scenario,iperf_tcp,10,7,,ryu_controller,405707,10.0,60370944,12321,53884,66205,21,208.9773
2026-04-24T22:12:13.745233+00:00,recovery_scenario,iperf_tcp,10,7,,twin_core,405717,19.9,67235840,6299,845,7144,4,39.8101
2026-04-24T22:12:13.745233+00:00,recovery_scenario,iperf_tcp,10,7,,ryu_controller,405707,49.8,60370944,12378,53884,66262,57,567.3517
2026-04-24T22:12:13.845777+00:00,recovery_scenario,iperf_tcp,10,7,,twin_core,405717,0.0,67235840,6304,845,7149,5,49.723
2026-04-24T22:12:13.845777+00:00,recovery_scenario,iperf_tcp,10,7,,ryu_controller,405707,19.9,60370944,12408,53884,66292,30,298.2849
2026-04-24T22:12:13.946323+00:00,recovery_scenario,iperf_tcp,10,7,,twin_core,405717,0.0,67235840,6307,845,7152,3,29.8492
2026-04-24T22:12:13.946323+00:00,recovery_scenario,iperf_tcp,10,7,,ryu_controller,405707,19.9,60370944,12441,53884,66325,33,328.4379
2026-04-24T22:12:14.046733+00:00,recovery_scenario,iperf_tcp,10,7,,twin_core,405717,0.0,67235840,6310,845,7155,3,29.8791
2026-04-24T22:12:14.046733+00:00,recovery_scenario,iperf_tcp,10,7,,ryu_controller,405707,39.8,60370944,12494,53884,66378,53,527.86
2026-04-24T22:12:14.147199+00:00,recovery_scenario,iperf_tcp,10,7,,twin_core,405717,0.0,67235840,6313,845,7158,3,29.8013
2026-04-24T22:12:14.147199+00:00,recovery_scenario,iperf_tcp,10,7,,ryu_controller,405707,9.9,60370944,12510,53884,66394,16,158.7041
2026-04-24T22:12:14.247988+00:00,recovery_scenario,iperf_tcp,10,7,,twin_core,405717,0.0,67235840,6316,845,7161,3,29.8148
2026-04-24T22:12:14.247988+00:00,recovery_scenario,iperf_tcp,10,7,,ryu_controller,405707,9.9,60370944,12517,53884,66401,7,69.643
2026-04-24T22:12:14.349686+00:00,recovery_scenario,iperf_tcp,10,7,,twin_core,405717,0.0,67235840,6316,845,7161,0,0.0
2026-04-24T22:12:14.349686+00:00,recovery_scenario,iperf_tcp,10,7,,ryu_controller,405707,0.0,60370944,12527,53884,66411,10,98.3142
2026-04-24T22:12:14.450237+00:00,recovery_scenario,iperf_tcp,10,7,,twin_core,405717,0.0,67235840,6325,845,7170,9,89.5036
2026-04-24T22:12:14.450237+00:00,recovery_scenario,iperf_tcp,10,7,,ryu_controller,405707,19.9,60370944,12548,53884,66432,21,208.8223
2026-04-24T22:12:14.550817+00:00,recovery_scenario,iperf_tcp,10,7,,twin_core,405717,0.0,67235840,6331,845,7176,6,59.6615
2026-04-24T22:12:14.550817+00:00,recovery_scenario,iperf_tcp,10,7,,ryu_controller,405707,9.9,60370944,12563,53884,66447,15,149.1444
2026-04-24T22:12:14.651391+00:00,recovery_scenario,iperf_tcp,10,7,,twin_core,405717,9.9,67235840,6334,845,7179,3,29.8417
2026-04-24T22:12:14.651391+00:00,recovery_scenario,iperf_tcp,10,7,,ryu_controller,405707,9.9,60370944,12579,53884,66463,16,158.9595
2026-04-24T22:12:14.752039+00:00,recovery_scenario,iperf_tcp,10,7,,twin_core,405717,0.0,67235840,6337,845,7182,3,29.8106
2026-04-24T22:12:14.752039+00:00,recovery_scenario,iperf_tcp,10,7,,ryu_controller,405707,9.9,60370944,12597,53884,66481,18,179.1248
2026-04-24T22:12:14.852555+00:00,recovery_scenario,iperf_tcp,10,7,,twin_core,405717,9.9,67235840,6346,845,7191,9,89.4413
2026-04-24T22:12:14.852555+00:00,recovery_scenario,iperf_tcp,10,7,,ryu_controller,405707,0.0,60370944,12605,53884,66489,8,79.4886
2026-04-24T22:12:14.954101+00:00,recovery_scenario,iperf_tcp,10,7,,twin_core,405717,0.0,67235840,6349,845,7194,3,29.575
2026-04-24T22:12:14.954101+00:00,recovery_scenario,iperf_tcp,10,7,,ryu_controller,405707,19.7,60370944,12624,53884,66508,19,187.3349
2026-04-24T22:12:15.054545+00:00,recovery_scenario,iperf_tcp,10,7,,twin_core,405717,0.0,67235840,6352,845,7197,3,29.81
2026-04-24T22:12:15.054545+00:00,recovery_scenario,iperf_tcp,10,7,,ryu_controller,405707,9.9,60370944,12649,53884,66533,25,248.356
2026-04-24T22:12:15.155206+00:00,recovery_scenario,iperf_tcp,10,7,,twin_core,405717,0.0,67235840,6355,845,7200,3,29.8566
2026-04-24T22:12:15.155206+00:00,recovery_scenario,iperf_tcp,10,7,,ryu_controller,405707,10.0,60370944,12663,53884,66547,14,139.375
2026-04-24T22:12:15.256163+00:00,recovery_scenario,iperf_tcp,10,7,,twin_core,405717,0.0,67235840,6358,845,7203,3,29.6954
2026-04-24T22:12:15.256163+00:00,recovery_scenario,iperf_tcp,10,7,,ryu_controller,405707,9.9,60370944,12675,53884,66559,12,118.7467
2026-04-24T22:12:15.356695+00:00,recovery_scenario,iperf_tcp,10,7,,twin_core,405717,0.0,67235840,6364,845,7209,6,59.6911
2026-04-24T22:12:15.356695+00:00,recovery_scenario,iperf_tcp,10,7,,ryu_controller,405707,0.0,60370944,12681,53884,66565,6,59.7027
2026-04-24T22:12:15.457236+00:00,recovery_scenario,iperf_tcp,10,7,,twin_core,405717,0.0,67235840,6373,845,7218,9,89.5636
2026-04-24T22:12:15.457236+00:00,recovery_scenario,iperf_tcp,10,7,,ryu_controller,405707,10.0,60370944,12702,53884,66586,21,208.9872
2026-04-24T22:12:15.557863+00:00,recovery_scenario,iperf_tcp,10,7,,twin_core,405717,0.0,67235840,6379,845,7224,6,59.622
2026-04-24T22:12:15.557863+00:00,recovery_scenario,iperf_tcp,10,7,,ryu_controller,405707,19.9,60370944,12722,53884,66606,20,198.7474
2026-04-24T22:12:15.659598+00:00,recovery_scenario,iperf_tcp,10,7,,twin_core,405717,0.0,67235840,6379,845,7224,0,0.0
2026-04-24T22:12:15.659598+00:00,recovery_scenario,iperf_tcp,10,7,,ryu_controller,405707,9.8,60370944,12730,53884,66614,8,78.4313
2026-04-24T22:12:15.760340+00:00,recovery_scenario,iperf_tcp,10,7,,twin_core,405717,9.9,67235840,6393,845,7238,14,139.1578
2026-04-24T22:12:15.760340+00:00,recovery_scenario,iperf_tcp,10,7,,ryu_controller,405707,29.9,60370944,12764,53884,66648,34,338.5128
2026-04-24T22:12:15.860789+00:00,recovery_scenario,iperf_tcp,10,7,,twin_core,405717,10.0,67260416,6402,845,7247,9,89.5682
2026-04-24T22:12:15.860789+00:00,recovery_scenario,iperf_tcp,10,7,,ryu_controller,405707,39.8,60370944,12802,53884,66686,38,377.8023
2026-04-24T22:12:15.961371+00:00,recovery_scenario,iperf_tcp,10,7,,twin_core,405717,0.0,67260416,6405,845,7250,3,29.8139
2026-04-24T22:12:15.961371+00:00,recovery_scenario,iperf_tcp,10,7,,ryu_controller,405707,9.9,60370944,12817,53884,66701,15,149.107
2026-04-24T22:12:16.062917+00:00,recovery_scenario,iperf_tcp,10,7,,twin_core,405717,0.0,67260416,6405,845,7250,0,0.0
2026-04-24T22:12:16.062917+00:00,recovery_scenario,iperf_tcp,10,7,,ryu_controller,405707,59.1,60370944,12870,53885,66755,54,532.0392
2026-04-24T22:12:16.163855+00:00,recovery_scenario,iperf_tcp,10,7,,twin_core,405717,0.0,67260416,6411,845,7256,6,59.419
2026-04-24T22:12:16.163855+00:00,recovery_scenario,iperf_tcp,10,7,,ryu_controller,405707,0.0,60370944,12875,53885,66760,5,49.5203
2026-04-24T22:12:16.264412+00:00,recovery_scenario,iperf_tcp,10,7,,twin_core,405717,0.0,67260416,6423,845,7268,12,118.9673
2026-04-24T22:12:16.264412+00:00,recovery_scenario,iperf_tcp,10,7,,ryu_controller,405707,9.9,60370944,12888,53885,66773,13,128.699
2026-04-24T22:12:16.367322+00:00,recovery_scenario,iperf_tcp,10,7,,twin_core,405717,0.0,67260416,6426,845,7271,3,29.2287
2026-04-24T22:12:16.367322+00:00,recovery_scenario,iperf_tcp,10,7,,ryu_controller,405707,9.8,60370944,12908,53885,66793,20,195.1838
2026-04-24T22:12:16.468543+00:00,recovery_scenario,iperf_tcp,10,7,,twin_core,405717,0.0,67260416,6426,845,7271,0,0.0
2026-04-24T22:12:16.468543+00:00,recovery_scenario,iperf_tcp,10,7,,ryu_controller,405707,9.9,60370944,12915,53885,66800,7,69.1454
2026-04-24T22:12:16.573196+00:00,recovery_scenario,iperf_tcp,10,7,,twin_core,405717,0.0,67260416,6432,845,7277,6,57.3487
2026-04-24T22:12:16.573196+00:00,recovery_scenario,iperf_tcp,10,7,,ryu_controller,405707,0.0,60370944,12919,53885,66804,4,38.2113
2026-04-24T22:12:16.674472+00:00,recovery_scenario,iperf_tcp,10,7,,twin_core,405717,0.0,67260416,6441,846,7287,10,98.7907
2026-04-24T22:12:16.674472+00:00,recovery_scenario,iperf_tcp,10,7,,ryu_controller,405707,9.9,60370944,12936,53886,66822,18,177.8137
2026-04-24T22:12:16.775037+00:00,recovery_scenario,iperf_tcp,10,7,,twin_core,405717,9.9,67260416,6447,846,7293,6,59.6119
2026-04-24T22:12:16.775037+00:00,recovery_scenario,iperf_tcp,10,7,,ryu_controller,405707,19.9,60370944,12970,53886,66856,34,338.054
2026-04-24T22:12:16.875643+00:00,recovery_scenario,iperf_tcp,10,7,,twin_core,405717,0.0,67260416,6447,846,7293,0,0.0
2026-04-24T22:12:16.875643+00:00,recovery_scenario,iperf_tcp,10,7,,ryu_controller,405707,9.9,60370944,12990,53886,66876,20,198.9426
2026-04-24T22:12:16.976952+00:00,recovery_scenario,iperf_tcp,10,7,,twin_core,405717,0.0,67260416,6453,846,7299,6,59.2195
2026-04-24T22:12:16.976952+00:00,recovery_scenario,iperf_tcp,10,7,,ryu_controller,405707,19.7,60370944,13011,53886,66897,21,207.2473
2026-04-24T22:12:17.077655+00:00,recovery_scenario,iperf_tcp,10,7,,twin_core,405717,0.0,67260416,6459,846,7305,6,59.5787
2026-04-24T22:12:17.077655+00:00,recovery_scenario,iperf_tcp,10,7,,ryu_controller,405707,0.0,60370944,13038,53886,66924,27,268.106
2026-04-24T22:12:17.178165+00:00,recovery_scenario,iperf_tcp,10,7,,twin_core,405717,0.0,67260416,6465,846,7311,6,59.705
2026-04-24T22:12:17.178165+00:00,recovery_scenario,iperf_tcp,10,7,,ryu_controller,405707,29.9,60370944,13072,53886,66958,34,338.3492
2026-04-24T22:12:17.280240+00:00,recovery_scenario,iperf_tcp,10,7,,twin_core,405717,0.0,67260416,6468,846,7314,3,29.3307
2026-04-24T22:12:17.280240+00:00,recovery_scenario,iperf_tcp,10,7,,ryu_controller,405707,0.0,60370944,13080,53886,66966,8,78.0108
2026-04-24T22:12:17.325937+00:00,recovery_scenario,iperf_tcp,10,7,pingall_completed,,,,,,,,,
2026-04-24T22:12:17.384853+00:00,recovery_scenario,iperf_tcp,10,7,,twin_core,405717,0.0,67260416,6480,846,7326,12,114.9277
2026-04-24T22:12:17.384853+00:00,recovery_scenario,iperf_tcp,10,7,,ryu_controller,405707,0.0,60370944,13083,53886,66969,3,28.7927
2026-04-24T22:12:17.489802+00:00,recovery_scenario,iperf_tcp,10,7,,twin_core,405717,0.0,67260416,6480,846,7326,0,0.0
2026-04-24T22:12:17.489802+00:00,recovery_scenario,iperf_tcp,10,7,,ryu_controller,405707,0.0,60370944,13087,53886,66973,4,38.112
2026-04-24T22:12:17.591765+00:00,recovery_scenario,iperf_tcp,10,7,,twin_core,405717,0.0,67260416,6480,846,7326,0,0.0
2026-04-24T22:12:17.591765+00:00,recovery_scenario,iperf_tcp,10,7,,ryu_controller,405707,9.8,60370944,13091,53886,66977,4,39.2135
2026-04-24T22:12:17.693943+00:00,recovery_scenario,iperf_tcp,10,7,,twin_core,405717,0.0,67260416,6480,846,7326,0,0.0
2026-04-24T22:12:17.693943+00:00,recovery_scenario,iperf_tcp,10,7,,ryu_controller,405707,9.8,60370944,13114,53886,67000,23,225.3013
2026-04-24T22:12:17.794431+00:00,recovery_scenario,iperf_tcp,10,7,,twin_core,405717,0.0,67260416,6480,846,7326,0,0.0
2026-04-24T22:12:17.794431+00:00,recovery_scenario,iperf_tcp,10,7,,ryu_controller,405707,9.9,60370944,13119,53886,67005,5,49.7192
2026-04-24T22:12:17.895832+00:00,recovery_scenario,iperf_tcp,10,7,,twin_core,405717,9.9,67293184,6480,846,7326,0,0.0
2026-04-24T22:12:17.895832+00:00,recovery_scenario,iperf_tcp,10,7,,ryu_controller,405707,69.0,60370944,13170,53886,67056,51,503.1428
2026-04-24T22:12:18.000537+00:00,recovery_scenario,iperf_tcp,10,7,,twin_core,405717,0.0,67293184,6480,846,7326,0,0.0
2026-04-24T22:12:18.000537+00:00,recovery_scenario,iperf_tcp,10,7,,ryu_controller,405707,0.0,60370944,13174,53886,67060,4,38.1983
2026-04-24T22:12:18.101088+00:00,recovery_scenario,iperf_tcp,10,7,,twin_core,405717,0.0,67293184,6480,846,7326,0,0.0
2026-04-24T22:12:18.101088+00:00,recovery_scenario,iperf_tcp,10,7,,ryu_controller,405707,19.9,60370944,13191,53886,67077,17,169.1909
2026-04-24T22:12:18.201588+00:00,recovery_scenario,iperf_tcp,10,7,,twin_core,405717,0.0,67293184,6480,846,7326,0,0.0
2026-04-24T22:12:18.201588+00:00,recovery_scenario,iperf_tcp,10,7,,ryu_controller,405707,59.7,60375040,13229,53887,67116,39,387.8467
2026-04-24T22:12:18.303020+00:00,recovery_scenario,iperf_tcp,10,7,,twin_core,405717,9.9,67293184,6480,846,7326,0,0.0
2026-04-24T22:12:18.303020+00:00,recovery_scenario,iperf_tcp,10,7,,ryu_controller,405707,0.0,60375040,13233,53887,67120,4,39.4348
2026-04-24T22:12:18.404233+00:00,recovery_scenario,iperf_tcp,10,7,,twin_core,405717,0.0,67293184,6485,846,7331,5,49.418
2026-04-24T22:12:18.404233+00:00,recovery_scenario,iperf_tcp,10,7,,ryu_controller,405707,0.0,60375040,13235,53887,67122,2,19.7712
2026-04-24T22:12:18.504746+00:00,recovery_scenario,iperf_tcp,10,7,,twin_core,405717,0.0,67293184,6485,846,7331,0,0.0
2026-04-24T22:12:18.504746+00:00,recovery_scenario,iperf_tcp,10,7,,ryu_controller,405707,0.0,60375040,13239,53887,67126,4,39.8038
2026-04-24T22:12:18.605202+00:00,recovery_scenario,iperf_tcp,10,7,,twin_core,405717,0.0,67293184,6485,846,7331,0,0.0
2026-04-24T22:12:18.605202+00:00,recovery_scenario,iperf_tcp,10,7,,ryu_controller,405707,0.0,60375040,13241,53887,67128,2,19.9084
2026-04-24T22:12:18.706819+00:00,recovery_scenario,iperf_tcp,10,7,,twin_core,405717,0.0,67293184,6485,846,7331,0,0.0
2026-04-24T22:12:18.706819+00:00,recovery_scenario,iperf_tcp,10,7,,ryu_controller,405707,0.0,60375040,13243,53889,67132,4,39.3671
2026-04-24T22:12:18.807256+00:00,recovery_scenario,iperf_tcp,10,7,,twin_core,405717,0.0,67293184,6485,846,7331,0,0.0
2026-04-24T22:12:18.807256+00:00,recovery_scenario,iperf_tcp,10,7,,ryu_controller,405707,0.0,60375040,13248,53890,67138,6,59.7199
2026-04-24T22:12:18.908279+00:00,recovery_scenario,iperf_tcp,10,7,,twin_core,405717,0.0,67293184,6485,846,7331,0,0.0
2026-04-24T22:12:18.908279+00:00,recovery_scenario,iperf_tcp,10,7,,ryu_controller,405707,0.0,60375040,13269,53893,67162,24,236.5638
2026-04-24T22:12:19.009262+00:00,recovery_scenario,iperf_tcp,10,7,,twin_core,405717,0.0,67293184,6485,846,7331,0,0.0
2026-04-24T22:12:19.009262+00:00,recovery_scenario,iperf_tcp,10,7,,ryu_controller,405707,9.9,60375040,13297,53895,67192,30,298.2368
2026-04-24T22:12:19.110865+00:00,recovery_scenario,iperf_tcp,10,7,,twin_core,405717,0.0,67293184,6485,846,7331,0,0.0
2026-04-24T22:12:19.110865+00:00,recovery_scenario,iperf_tcp,10,7,,ryu_controller,405707,0.0,60375040,13314,53897,67211,19,187.0465
2026-04-24T22:12:19.212815+00:00,recovery_scenario,iperf_tcp,10,7,,twin_core,405717,0.0,67293184,6485,846,7331,0,0.0
2026-04-24T22:12:19.212815+00:00,recovery_scenario,iperf_tcp,10,7,,ryu_controller,405707,0.0,60375040,13337,53899,67236,25,245.336
2026-04-24T22:12:19.313283+00:00,recovery_scenario,iperf_tcp,10,7,,twin_core,405717,9.9,67293184,6485,846,7331,0,0.0
2026-04-24T22:12:19.313283+00:00,recovery_scenario,iperf_tcp,10,7,,ryu_controller,405707,0.0,60375040,13349,53901,67250,14,139.2388
2026-04-24T22:12:19.340928+00:00,recovery_scenario,iperf_tcp,10,7,background_traffic_started,,,,,,,,,
2026-04-24T22:12:19.418828+00:00,recovery_scenario,iperf_tcp,10,7,,twin_core,405717,9.5,67293184,6495,852,7347,16,151.6557
2026-04-24T22:12:19.418828+00:00,recovery_scenario,iperf_tcp,10,7,,ryu_controller,405707,19.0,60375040,13360,53922,67282,32,303.299
2026-04-24T22:12:19.519289+00:00,recovery_scenario,iperf_tcp,10,7,,twin_core,405717,0.0,67297280,6505,853,7358,11,109.5523
2026-04-24T22:12:19.519289+00:00,recovery_scenario,iperf_tcp,10,7,,ryu_controller,405707,29.9,60375040,13366,53952,67318,36,358.6183
2026-04-24T22:12:19.613985+00:00,recovery_scenario,iperf_tcp,10,7,fault_injected,,,,,,,,,
2026-04-24T22:12:19.619679+00:00,recovery_scenario,iperf_tcp,10,7,,twin_core,405717,10.0,67362816,6514,857,7371,13,129.3525
2026-04-24T22:12:19.619679+00:00,recovery_scenario,iperf_tcp,10,7,,ryu_controller,405707,29.8,60375040,13377,53989,67366,48,477.5938
2026-04-24T22:12:19.720193+00:00,recovery_scenario,iperf_tcp,10,7,,twin_core,405717,0.0,67362816,6516,858,7374,3,29.8808
2026-04-24T22:12:19.720193+00:00,recovery_scenario,iperf_tcp,10,7,,ryu_controller,405707,29.9,60375040,13377,54072,67449,83,826.708
2026-04-24T22:12:19.820551+00:00,recovery_scenario,iperf_tcp,10,7,,twin_core,405717,0.0,67362816,6516,858,7374,0,0.0
2026-04-24T22:12:19.820551+00:00,recovery_scenario,iperf_tcp,10,7,,ryu_controller,405707,49.7,60375040,13377,54277,67654,205,2038.5393
2026-04-24T22:12:19.921216+00:00,recovery_scenario,iperf_tcp,10,7,,twin_core,405717,0.0,67362816,6516,858,7374,0,0.0
2026-04-24T22:12:19.921216+00:00,recovery_scenario,iperf_tcp,10,7,,ryu_controller,405707,89.6,60375040,13377,54392,67769,115,1144.6731
2026-04-24T22:12:20.021615+00:00,recovery_scenario,iperf_tcp,10,7,,twin_core,405717,0.0,67362816,6516,858,7374,0,0.0
2026-04-24T22:12:20.021615+00:00,recovery_scenario,iperf_tcp,10,7,,ryu_controller,405707,99.5,60375040,13377,54398,67775,6,59.6977
2026-04-24T22:12:20.122141+00:00,recovery_scenario,iperf_tcp,10,7,,twin_core,405717,0.0,67362816,6516,858,7374,0,0.0
2026-04-24T22:12:20.122141+00:00,recovery_scenario,iperf_tcp,10,7,,ryu_controller,405707,99.5,60375040,13377,54400,67777,2,19.9072
2026-04-24T22:12:20.222599+00:00,recovery_scenario,iperf_tcp,10,7,,twin_core,405717,0.0,67362816,6517,858,7375,1,9.9505
2026-04-24T22:12:20.222599+00:00,recovery_scenario,iperf_tcp,10,7,,ryu_controller,405707,99.5,60375040,13377,54401,67778,1,9.951
2026-04-24T22:12:20.323134+00:00,recovery_scenario,iperf_tcp,10,7,,twin_core,405717,0.0,67362816,6517,858,7375,0,0.0
2026-04-24T22:12:20.323134+00:00,recovery_scenario,iperf_tcp,10,7,,ryu_controller,405707,99.5,60375040,13377,54403,67780,2,19.8325
2026-04-24T22:12:20.423982+00:00,recovery_scenario,iperf_tcp,10,7,,twin_core,405717,0.0,67362816,6517,858,7375,0,0.0
2026-04-24T22:12:20.423982+00:00,recovery_scenario,iperf_tcp,10,7,,ryu_controller,405707,99.1,60375040,13377,54403,67780,0,0.0
2026-04-24T22:12:20.524503+00:00,recovery_scenario,iperf_tcp,10,7,,twin_core,405717,0.0,67362816,6517,858,7375,0,0.0
2026-04-24T22:12:20.524503+00:00,recovery_scenario,iperf_tcp,10,7,,ryu_controller,405707,99.2,60375040,13377,54413,67790,10,99.3014
2026-04-24T22:12:20.625182+00:00,recovery_scenario,iperf_tcp,10,7,,twin_core,405717,0.0,67362816,6517,858,7375,0,0.0
2026-04-24T22:12:20.625182+00:00,recovery_scenario,iperf_tcp,10,7,,ryu_controller,405707,99.6,60375040,13377,54443,67820,30,298.6671
2026-04-24T22:12:20.726200+00:00,recovery_scenario,iperf_tcp,10,7,,twin_core,405717,0.0,67362816,6518,858,7376,1,9.8723
2026-04-24T22:12:20.726200+00:00,recovery_scenario,iperf_tcp,10,7,,ryu_controller,405707,97.3,60375040,13377,54501,67878,58,558.5485
2026-04-24T22:12:20.829602+00:00,recovery_scenario,iperf_tcp,10,7,,twin_core,405717,0.0,67362816,6518,858,7376,0,0.0
2026-04-24T22:12:20.829602+00:00,recovery_scenario,iperf_tcp,10,7,,ryu_controller,405707,39.3,60375040,13377,54519,67896,18,178.6399
2026-04-24T22:12:20.931895+00:00,recovery_scenario,iperf_tcp,10,7,,twin_core,405717,0.0,67362816,6518,858,7376,0,0.0
2026-04-24T22:12:20.931895+00:00,recovery_scenario,iperf_tcp,10,7,,ryu_controller,405707,58.8,60375040,13377,54538,67915,19,186.2314
2026-04-24T22:12:21.032483+00:00,recovery_scenario,iperf_tcp,10,7,,twin_core,405717,0.0,67362816,6518,858,7376,0,0.0
2026-04-24T22:12:21.032483+00:00,recovery_scenario,iperf_tcp,10,7,,ryu_controller,405707,49.5,60375040,13377,54571,67948,33,323.8876
2026-04-24T22:12:21.134790+00:00,recovery_scenario,iperf_tcp,10,7,,twin_core,405717,0.0,67362816,6518,858,7376,0,0.0
2026-04-24T22:12:21.134790+00:00,recovery_scenario,iperf_tcp,10,7,,ryu_controller,405707,48.7,60375040,13377,54599,67976,28,274.8453
2026-04-24T22:12:21.236141+00:00,recovery_scenario,iperf_tcp,10,7,,twin_core,405717,0.0,67362816,6519,858,7377,1,9.8679
2026-04-24T22:12:21.236141+00:00,recovery_scenario,iperf_tcp,10,7,,ryu_controller,405707,49.7,60375040,13377,54664,68041,65,632.7692
2026-04-24T22:12:21.338896+00:00,recovery_scenario,iperf_tcp,10,7,,twin_core,405717,0.0,67362816,6519,858,7377,0,0.0
2026-04-24T22:12:21.338896+00:00,recovery_scenario,iperf_tcp,10,7,,ryu_controller,405707,48.7,60375040,13377,54699,68076,35,348.2872
2026-04-24T22:12:21.440488+00:00,recovery_scenario,iperf_tcp,10,7,,twin_core,405717,9.8,67362816,6519,858,7377,0,0.0
2026-04-24T22:12:21.440488+00:00,recovery_scenario,iperf_tcp,10,7,,ryu_controller,405707,48.8,60375040,13378,54746,68124,48,468.713
2026-04-24T22:12:21.542381+00:00,recovery_scenario,iperf_tcp,10,7,,twin_core,405717,9.8,67362816,6519,858,7377,0,0.0
2026-04-24T22:12:21.542381+00:00,recovery_scenario,iperf_tcp,10,7,,ryu_controller,405707,69.0,60375040,13382,54808,68190,66,650.2367
2026-04-24T22:12:21.643780+00:00,recovery_scenario,iperf_tcp,10,7,,twin_core,405717,0.0,67366912,6522,858,7380,3,29.7073
2026-04-24T22:12:21.643780+00:00,recovery_scenario,iperf_tcp,10,7,,ryu_controller,405707,19.8,60375040,13400,54820,68220,30,297.0704
2026-04-24T22:12:21.744493+00:00,recovery_scenario,iperf_tcp,10,7,,twin_core,405717,9.9,67366912,6535,865,7400,20,196.909
2026-04-24T22:12:21.744493+00:00,recovery_scenario,iperf_tcp,10,7,,ryu_controller,405707,39.4,60375040,13406,54892,68298,78,767.6911
2026-04-24T22:12:21.850438+00:00,recovery_scenario,iperf_tcp,10,7,recovery_requested,,,,,,,,,
2026-04-24T22:12:21.846867+00:00,recovery_scenario,iperf_tcp,10,7,,twin_core,405717,0.0,67366912,6548,870,7418,18,171.2289
2026-04-24T22:12:21.846867+00:00,recovery_scenario,iperf_tcp,10,7,,ryu_controller,405707,47.3,60375040,13418,54949,68367,69,652.2985
2026-04-24T22:12:21.951888+00:00,recovery_scenario,iperf_tcp,10,7,,twin_core,405717,9.5,67371008,6551,870,7421,3,29.5088
2026-04-24T22:12:21.951888+00:00,recovery_scenario,iperf_tcp,10,7,,ryu_controller,405707,19.8,60375040,13442,54988,68430,63,616.7411
2026-04-24T22:12:22.056415+00:00,recovery_scenario,iperf_tcp,10,7,,twin_core,405717,0.0,67371008,6551,870,7421,0,0.0
2026-04-24T22:12:22.056415+00:00,recovery_scenario,iperf_tcp,10,7,,ryu_controller,405707,28.8,60375040,13458,55070,68528,98,950.3664
2026-04-24T22:12:22.158763+00:00,recovery_scenario,iperf_tcp,10,7,,twin_core,405717,0.0,67371008,6551,870,7421,0,0.0
2026-04-24T22:12:22.158763+00:00,recovery_scenario,iperf_tcp,10,7,,ryu_controller,405707,19.2,60375040,13486,55137,68623,95,910.03
2026-04-24T22:12:22.262892+00:00,recovery_scenario,iperf_tcp,10,7,,twin_core,405717,0.0,67371008,6551,870,7421,0,0.0
2026-04-24T22:12:22.262892+00:00,recovery_scenario,iperf_tcp,10,7,,ryu_controller,405707,30.3,60375040,13486,55212,68698,75,568.7146
2026-04-24T22:12:22.398834+00:00,recovery_scenario,iperf_tcp,10,7,,twin_core,405717,7.4,67371008,6552,870,7422,1,8.3874
2026-04-24T22:12:22.398834+00:00,recovery_scenario,iperf_tcp,10,7,,ryu_controller,405707,37.6,60375040,13486,55287,68773,75,705.4029
2026-04-24T22:12:22.499427+00:00,recovery_scenario,iperf_tcp,10,7,,twin_core,405717,0.0,67371008,6552,870,7422,0,0.0
2026-04-24T22:12:22.499427+00:00,recovery_scenario,iperf_tcp,10,7,,ryu_controller,405707,29.9,60375040,13486,55359,68845,72,715.8621
2026-04-24T22:12:22.602420+00:00,recovery_scenario,iperf_tcp,10,7,,twin_core,405717,0.0,67371008,6552,870,7422,0,0.0
2026-04-24T22:12:22.602420+00:00,recovery_scenario,iperf_tcp,10,7,,ryu_controller,405707,38.8,60375040,13486,55446,68932,87,845.4304
2026-04-24T22:12:22.704423+00:00,recovery_scenario,iperf_tcp,10,7,,twin_core,405717,0.0,67371008,6552,870,7422,0,0.0
2026-04-24T22:12:22.704423+00:00,recovery_scenario,iperf_tcp,10,7,,ryu_controller,405707,29.3,60375040,13486,55524,69010,78,762.9043
2026-04-24T22:12:22.809422+00:00,recovery_scenario,iperf_tcp,10,7,,twin_core,405717,0.0,67371008,6552,870,7422,0,0.0
2026-04-24T22:12:22.809422+00:00,recovery_scenario,iperf_tcp,10,7,,ryu_controller,405707,38.2,60375040,13486,55597,69083,73,696.2109
2026-04-24T22:12:22.914416+00:00,recovery_scenario,iperf_tcp,10,7,,twin_core,405717,0.0,67371008,6553,872,7425,3,28.5816
2026-04-24T22:12:22.914416+00:00,recovery_scenario,iperf_tcp,10,7,,ryu_controller,405707,28.6,60375040,13486,55670,69156,73,695.532
2026-04-24T22:12:23.017836+00:00,recovery_scenario,iperf_tcp,10,7,,twin_core,405717,9.7,67371008,6553,872,7425,0,0.0
2026-04-24T22:12:23.017836+00:00,recovery_scenario,iperf_tcp,10,7,,ryu_controller,405707,29.0,60375040,13486,55755,69241,85,822.521
2026-04-24T22:12:23.121858+00:00,recovery_scenario,iperf_tcp,10,7,,twin_core,405717,0.0,67371008,6553,872,7425,0,0.0
2026-04-24T22:12:23.121858+00:00,recovery_scenario,iperf_tcp,10,7,,ryu_controller,405707,28.8,60375040,13486,55839,69325,84,775.8322
2026-04-24T22:12:23.226624+00:00,recovery_scenario,iperf_tcp,10,7,,twin_core,405717,0.0,67371008,6553,872,7425,0,0.0
2026-04-24T22:12:23.226624+00:00,recovery_scenario,iperf_tcp,10,7,,ryu_controller,405707,57.2,60375040,13486,56066,69552,227,2252.6696
2026-04-24T22:12:23.329902+00:00,recovery_scenario,iperf_tcp,10,7,,twin_core,405717,0.0,67371008,6553,872,7425,0,0.0
2026-04-24T22:12:23.329902+00:00,recovery_scenario,iperf_tcp,10,7,,ryu_controller,405707,58.2,60375040,13486,56239,69725,173,1677.4497
2026-04-24T22:12:23.432420+00:00,recovery_scenario,iperf_tcp,10,7,,twin_core,405717,0.0,67371008,6554,872,7426,1,9.6867
2026-04-24T22:12:23.432420+00:00,recovery_scenario,iperf_tcp,10,7,,ryu_controller,405707,77.5,60375040,13486,56449,69935,210,2026.9186
2026-04-24T22:12:23.534608+00:00,recovery_scenario,iperf_tcp,10,7,,twin_core,405717,0.0,67371008,6554,872,7426,0,0.0
2026-04-24T22:12:23.534608+00:00,recovery_scenario,iperf_tcp,10,7,,ryu_controller,405707,69.0,60375040,13486,56737,70223,288,2846.763
2026-04-24T22:12:23.635395+00:00,recovery_scenario,iperf_tcp,10,7,,twin_core,405717,0.0,67371008,6554,872,7426,0,0.0
2026-04-24T22:12:23.635395+00:00,recovery_scenario,iperf_tcp,10,7,,ryu_controller,405707,68.2,60375040,13486,57067,70553,330,3216.9165
2026-04-24T22:12:23.739019+00:00,recovery_scenario,iperf_tcp,10,7,,twin_core,405717,0.0,67371008,6554,872,7426,0,0.0
2026-04-24T22:12:23.739019+00:00,recovery_scenario,iperf_tcp,10,7,,ryu_controller,405707,68.9,60375040,13486,57222,70708,155,1525.702
2026-04-24T22:12:23.840406+00:00,recovery_scenario,iperf_tcp,10,7,,twin_core,405717,0.0,67371008,6554,872,7426,0,0.0
2026-04-24T22:12:23.840406+00:00,recovery_scenario,iperf_tcp,10,7,,ryu_controller,405707,68.6,60375040,13486,57413,70899,191,1870.9617
2026-04-24T22:12:23.942156+00:00,recovery_scenario,iperf_tcp,10,7,,twin_core,405717,0.0,67371008,6555,872,7427,1,9.8363
2026-04-24T22:12:23.942156+00:00,recovery_scenario,iperf_tcp,10,7,,ryu_controller,405707,79.1,60375040,13486,57682,71168,269,2661.6898
2026-04-24T22:12:24.042988+00:00,recovery_scenario,iperf_tcp,10,7,,twin_core,405717,0.0,67371008,6555,872,7427,0,0.0
2026-04-24T22:12:24.042988+00:00,recovery_scenario,iperf_tcp,10,7,,ryu_controller,405707,68.8,60375040,13486,57885,71371,203,1986.6773
2026-04-24T22:12:24.144932+00:00,recovery_scenario,iperf_tcp,10,7,,twin_core,405717,0.0,67371008,6555,872,7427,0,0.0
2026-04-24T22:12:24.144932+00:00,recovery_scenario,iperf_tcp,10,7,,ryu_controller,405707,59.3,60375040,13486,58045,71531,160,1588.7721
2026-04-24T22:12:24.248919+00:00,recovery_scenario,iperf_tcp,10,7,,twin_core,405717,0.0,67371008,6555,872,7427,0,0.0
2026-04-24T22:12:24.248919+00:00,recovery_scenario,iperf_tcp,10,7,,ryu_controller,405707,57.7,60375040,13486,58293,71779,248,2385.1601
2026-04-24T22:12:24.349899+00:00,recovery_scenario,iperf_tcp,10,7,,twin_core,405717,0.0,67371008,6555,872,7427,0,0.0
2026-04-24T22:12:24.349899+00:00,recovery_scenario,iperf_tcp,10,7,,ryu_controller,405707,78.0,60375040,13486,58585,72071,292,2842.8384
2026-04-24T22:12:24.452169+00:00,recovery_scenario,iperf_tcp,10,7,,twin_core,405717,0.0,67371008,6556,872,7428,1,9.7992
2026-04-24T22:12:24.452169+00:00,recovery_scenario,iperf_tcp,10,7,,ryu_controller,405707,69.6,60375040,13486,58936,72422,351,3493.2429
2026-04-24T22:12:24.553742+00:00,recovery_scenario,iperf_tcp,10,7,,twin_core,405717,9.8,67371008,6556,872,7428,0,0.0
2026-04-24T22:12:24.553742+00:00,recovery_scenario,iperf_tcp,10,7,,ryu_controller,405707,59.0,60375040,13486,59153,72639,217,2135.0511
2026-04-24T22:12:24.654247+00:00,recovery_scenario,iperf_tcp,10,7,,twin_core,405717,0.0,67371008,6556,872,7428,0,0.0
2026-04-24T22:12:24.654247+00:00,recovery_scenario,iperf_tcp,10,7,,ryu_controller,405707,69.7,60375040,13486,59403,72889,250,2489.8985
2026-04-24T22:12:24.756859+00:00,recovery_scenario,iperf_tcp,10,7,,twin_core,405717,0.0,67371008,6556,872,7428,0,0.0
2026-04-24T22:12:24.756859+00:00,recovery_scenario,iperf_tcp,10,7,,ryu_controller,405707,68.2,60375040,13486,59672,73158,269,2619.1956
2026-04-24T22:12:24.857367+00:00,recovery_scenario,iperf_tcp,10,7,,twin_core,405717,0.0,67371008,6556,872,7428,0,0.0
2026-04-24T22:12:24.857367+00:00,recovery_scenario,iperf_tcp,10,7,,ryu_controller,405707,69.3,60375040,13486,59953,73439,281,2782.8397
2026-04-24T22:12:24.958341+00:00,recovery_scenario,iperf_tcp,10,7,,twin_core,405717,0.0,67371008,6557,872,7429,1,9.9541
2026-04-24T22:12:24.958341+00:00,recovery_scenario,iperf_tcp,10,7,,ryu_controller,405707,59.7,60375040,13486,60311,73797,358,3563.6727
2026-04-24T22:12:25.058797+00:00,recovery_scenario,iperf_tcp,10,7,,twin_core,405717,0.0,67371008,6557,872,7429,0,0.0
2026-04-24T22:12:25.058797+00:00,recovery_scenario,iperf_tcp,10,7,,ryu_controller,405707,68.9,60375040,13486,60677,74163,366,3601.8631
2026-04-24T22:12:25.160436+00:00,recovery_scenario,iperf_tcp,10,7,,twin_core,405717,0.0,67371008,6557,872,7429,0,0.0
2026-04-24T22:12:25.160436+00:00,recovery_scenario,iperf_tcp,10,7,,ryu_controller,405707,69.3,60375040,13486,60896,74382,219,2165.8241
2026-04-24T22:12:25.261539+00:00,recovery_scenario,iperf_tcp,10,7,,twin_core,405717,0.0,67371008,6557,872,7429,0,0.0
2026-04-24T22:12:25.261539+00:00,recovery_scenario,iperf_tcp,10,7,,ryu_controller,405707,69.6,60375040,13486,61044,74530,148,1472.6601
2026-04-24T22:12:25.367053+00:00,recovery_scenario,iperf_tcp,10,7,,twin_core,405717,0.0,67371008,6557,872,7429,0,0.0
2026-04-24T22:12:25.367053+00:00,recovery_scenario,iperf_tcp,10,7,,ryu_controller,405707,37.9,60375040,13486,61134,74620,90,852.6058
2026-04-24T22:12:25.467948+00:00,recovery_scenario,iperf_tcp,10,7,,twin_core,405717,0.0,67371008,6558,872,7430,1,9.9126
2026-04-24T22:12:25.467948+00:00,recovery_scenario,iperf_tcp,10,7,,ryu_controller,405707,59.5,60375040,13486,61237,74723,103,1021.5645
2026-04-24T22:12:25.570815+00:00,recovery_scenario,iperf_tcp,10,7,,twin_core,405717,0.0,67371008,6558,872,7430,0,0.0
2026-04-24T22:12:25.570815+00:00,recovery_scenario,iperf_tcp,10,7,,ryu_controller,405707,38.9,60375040,13486,61410,74896,173,1682.1022
2026-04-24T22:12:25.671248+00:00,recovery_scenario,iperf_tcp,10,7,,twin_core,405717,0.0,67371008,6558,872,7430,0,0.0
2026-04-24T22:12:25.671248+00:00,recovery_scenario,iperf_tcp,10,7,,ryu_controller,405707,39.8,60375040,13488,61532,75020,124,1234.4067
2026-04-24T22:12:25.771812+00:00,recovery_scenario,iperf_tcp,10,7,,twin_core,405717,9.9,67395584,6558,872,7430,0,0.0
2026-04-24T22:12:25.771812+00:00,recovery_scenario,iperf_tcp,10,7,,ryu_controller,405707,29.8,60375040,13492,61565,75057,37,367.7071
2026-04-24T22:12:25.872324+00:00,recovery_scenario,iperf_tcp,10,7,,twin_core,405717,0.0,67395584,6558,872,7430,0,0.0
2026-04-24T22:12:25.872324+00:00,recovery_scenario,iperf_tcp,10,7,,ryu_controller,405707,19.9,60375040,13509,61618,75127,70,697.3044
2026-04-24T22:12:25.974793+00:00,recovery_scenario,iperf_tcp,10,7,,twin_core,405717,19.5,67395584,6583,876,7459,29,283.0353
2026-04-24T22:12:25.974793+00:00,recovery_scenario,iperf_tcp,10,7,,ryu_controller,405707,29.3,60375040,13533,61648,75181,54,526.9094
2026-04-24T22:12:25.993979+00:00,recovery_scenario,iperf_tcp,10,7,scenario_teardown,,,,,,,,,
2026-04-24T22:12:26.075302+00:00,recovery_scenario,iperf_tcp,10,7,,twin_core,405717,0.0,67399680,6603,883,7486,27,268.3731
2026-04-24T22:12:26.075302+00:00,recovery_scenario,iperf_tcp,10,7,,ryu_controller,405707,9.9,60375040,13545,61658,75203,22,218.6808
2026-04-24T22:12:26.175972+00:00,recovery_scenario,iperf_tcp,10,7,,twin_core,405717,0.0,67399680,6624,884,7508,22,218.6827
2026-04-24T22:12:26.175972+00:00,recovery_scenario,iperf_tcp,10,7,,ryu_controller,405707,9.9,60375040,13553,61660,75213,10,99.4041
2026-04-24T22:12:26.276577+00:00,recovery_scenario,iperf_tcp,10,7,,twin_core,405717,9.9,67399680,6642,889,7531,23,228.1583
2026-04-24T22:12:26.276577+00:00,recovery_scenario,iperf_tcp,10,7,,ryu_controller,405707,19.8,60375040,13560,61663,75223,10,99.1991
2026-04-24T22:12:26.377245+00:00,recovery_scenario,iperf_tcp,10,7,,twin_core,405717,0.0,67399680,6642,889,7531,0,0.0
2026-04-24T22:12:26.377245+00:00,recovery_scenario,iperf_tcp,10,7,,ryu_controller,405707,0.0,60375040,13576,61665,75241,18,179.1406
2026-04-24T22:12:26.992510+00:00,recovery_scenario,iperf_tcp,10,8,,twin_core,405717,3961.0,67399680,7042,962,8004,0,0.0
2026-04-24T22:12:26.992510+00:00,recovery_scenario,iperf_tcp,10,8,,ryu_controller,405707,0.0,60375040,13718,61672,75390,0,0.0
2026-04-24T22:12:27.094150+00:00,recovery_scenario,iperf_tcp,10,8,,twin_core,405717,0.0,67399680,7080,966,8046,42,417.9727
2026-04-24T22:12:27.094150+00:00,recovery_scenario,iperf_tcp,10,8,,ryu_controller,405707,49.8,60375040,13753,61682,75435,45,447.9239
2026-04-24T22:12:27.194619+00:00,recovery_scenario,iperf_tcp,10,8,,twin_core,405717,10.0,67399680,7179,967,8146,100,994.2051
2026-04-24T22:12:27.194619+00:00,recovery_scenario,iperf_tcp,10,8,,ryu_controller,405707,19.9,60375040,13791,61686,75477,42,416.7461
2026-04-24T22:12:27.254381+00:00,recovery_scenario,iperf_tcp,10,8,service_started,,,,,,,,,
2026-04-24T22:12:27.295379+00:00,recovery_scenario,iperf_tcp,10,8,,twin_core,405717,9.9,67403776,7244,967,8211,65,646.004
2026-04-24T22:12:27.295379+00:00,recovery_scenario,iperf_tcp,10,8,,ryu_controller,405707,39.8,60375040,13829,61689,75518,41,406.5528
2026-04-24T22:12:27.397151+00:00,recovery_scenario,iperf_tcp,10,8,,twin_core,405717,19.6,67403776,7245,967,8212,1,9.8035
2026-04-24T22:12:27.397151+00:00,recovery_scenario,iperf_tcp,10,8,,ryu_controller,405707,29.4,60375040,13869,61690,75559,41,403.5842
2026-04-24T22:12:27.497929+00:00,recovery_scenario,iperf_tcp,10,8,,twin_core,405717,0.0,67403776,7245,967,8212,0,0.0
2026-04-24T22:12:27.497929+00:00,recovery_scenario,iperf_tcp,10,8,,ryu_controller,405707,19.9,60375040,13898,61690,75588,29,288.2558
2026-04-24T22:12:27.600959+00:00,recovery_scenario,iperf_tcp,10,8,,twin_core,405717,0.0,67403776,7245,967,8212,0,0.0
2026-04-24T22:12:27.600959+00:00,recovery_scenario,iperf_tcp,10,8,,ryu_controller,405707,9.7,60375040,13921,61690,75611,23,223.261
2026-04-24T22:12:27.701423+00:00,recovery_scenario,iperf_tcp,10,8,,twin_core,405717,0.0,67403776,7245,967,8212,0,0.0
2026-04-24T22:12:27.701423+00:00,recovery_scenario,iperf_tcp,10,8,,ryu_controller,405707,19.8,60375040,13929,61690,75619,8,79.3454
2026-04-24T22:12:27.802246+00:00,recovery_scenario,iperf_tcp,10,8,,twin_core,405717,0.0,67403776,7245,967,8212,0,0.0
2026-04-24T22:12:27.802246+00:00,recovery_scenario,iperf_tcp,10,8,,ryu_controller,405707,39.8,60375040,13981,61691,75672,53,527.7032
2026-04-24T22:12:27.902943+00:00,recovery_scenario,iperf_tcp,10,8,,twin_core,405717,0.0,67403776,7245,967,8212,0,0.0
2026-04-24T22:12:27.902943+00:00,recovery_scenario,iperf_tcp,10,8,,ryu_controller,405707,19.8,60375040,14009,61691,75700,28,277.7958
2026-04-24T22:12:28.003461+00:00,recovery_scenario,iperf_tcp,10,8,,twin_core,405717,0.0,67403776,7245,967,8212,0,0.0
2026-04-24T22:12:28.003461+00:00,recovery_scenario,iperf_tcp,10,8,,ryu_controller,405707,10.0,60375040,14034,61691,75725,25,248.8685
2026-04-24T22:12:28.103916+00:00,recovery_scenario,iperf_tcp,10,8,,twin_core,405717,0.0,67403776,7245,967,8212,0,0.0
2026-04-24T22:12:28.103916+00:00,recovery_scenario,iperf_tcp,10,8,,ryu_controller,405707,19.9,60375040,14058,61691,75749,24,238.9962
2026-04-24T22:12:28.204410+00:00,recovery_scenario,iperf_tcp,10,8,,twin_core,405717,0.0,67403776,7245,967,8212,0,0.0
2026-04-24T22:12:28.204410+00:00,recovery_scenario,iperf_tcp,10,8,,ryu_controller,405707,19.9,60375040,14070,61691,75761,12,119.1951
2026-04-24T22:12:28.305032+00:00,recovery_scenario,iperf_tcp,10,8,,twin_core,405717,0.0,67403776,7245,967,8212,0,0.0
2026-04-24T22:12:28.305032+00:00,recovery_scenario,iperf_tcp,10,8,,ryu_controller,405707,19.9,60375040,14102,61691,75793,32,318.4308
2026-04-24T22:12:28.405504+00:00,recovery_scenario,iperf_tcp,10,8,,twin_core,405717,0.0,67403776,7245,967,8212,0,0.0
2026-04-24T22:12:28.405504+00:00,recovery_scenario,iperf_tcp,10,8,,ryu_controller,405707,19.9,60375040,14127,61691,75818,25,248.799
2026-04-24T22:12:28.505990+00:00,recovery_scenario,iperf_tcp,10,8,,twin_core,405717,0.0,67403776,7245,967,8212,0,0.0
2026-04-24T22:12:28.505990+00:00,recovery_scenario,iperf_tcp,10,8,,ryu_controller,405707,19.9,60375040,14156,61691,75847,29,288.7797
2026-04-24T22:12:28.606418+00:00,recovery_scenario,iperf_tcp,10,8,,twin_core,405717,0.0,67403776,7245,967,8212,0,0.0
2026-04-24T22:12:28.606418+00:00,recovery_scenario,iperf_tcp,10,8,,ryu_controller,405707,19.9,60375040,14174,61691,75865,18,179.2641
2026-04-24T22:12:28.706883+00:00,recovery_scenario,iperf_tcp,10,8,,twin_core,405717,0.0,67403776,7245,967,8212,0,0.0
2026-04-24T22:12:28.706883+00:00,recovery_scenario,iperf_tcp,10,8,,ryu_controller,405707,10.0,60375040,14188,61691,75879,14,139.3562
2026-04-24T22:12:28.807321+00:00,recovery_scenario,iperf_tcp,10,8,,twin_core,405717,0.0,67403776,7245,967,8212,0,0.0
2026-04-24T22:12:28.807321+00:00,recovery_scenario,iperf_tcp,10,8,,ryu_controller,405707,29.8,60375040,14228,61691,75919,40,396.6977
2026-04-24T22:12:28.908144+00:00,recovery_scenario,iperf_tcp,10,8,,twin_core,405717,0.0,67403776,7245,967,8212,0,0.0
2026-04-24T22:12:28.908144+00:00,recovery_scenario,iperf_tcp,10,8,,ryu_controller,405707,29.9,60375040,14262,61691,75953,34,338.4708
2026-04-24T22:12:29.009386+00:00,recovery_scenario,iperf_tcp,10,8,,twin_core,405717,0.0,67403776,7245,967,8212,0,0.0
2026-04-24T22:12:29.009386+00:00,recovery_scenario,iperf_tcp,10,8,,ryu_controller,405707,9.9,60375040,14287,61691,75978,25,246.4479
2026-04-24T22:12:29.110028+00:00,recovery_scenario,iperf_tcp,10,8,,twin_core,405717,0.0,67403776,7245,967,8212,0,0.0
2026-04-24T22:12:29.110028+00:00,recovery_scenario,iperf_tcp,10,8,,ryu_controller,405707,19.9,60375040,14314,61691,76005,27,268.8779
2026-04-24T22:12:29.210448+00:00,recovery_scenario,iperf_tcp,10,8,,twin_core,405717,0.0,67403776,7245,967,8212,0,0.0
2026-04-24T22:12:29.210448+00:00,recovery_scenario,iperf_tcp,10,8,,ryu_controller,405707,0.0,60375040,14323,61691,76014,9,89.4865
2026-04-24T22:12:29.312793+00:00,recovery_scenario,iperf_tcp,10,8,,twin_core,405717,0.0,67403776,7245,967,8212,0,0.0
2026-04-24T22:12:29.312793+00:00,recovery_scenario,iperf_tcp,10,8,,ryu_controller,405707,9.8,60375040,14343,61691,76034,20,195.6411
2026-04-24T22:12:29.413234+00:00,recovery_scenario,iperf_tcp,10,8,,twin_core,405717,10.0,67403776,7250,967,8217,5,49.7814
2026-04-24T22:12:29.413234+00:00,recovery_scenario,iperf_tcp,10,8,,ryu_controller,405707,39.8,60375040,14407,61691,76098,64,637.1446
2026-04-24T22:12:29.514052+00:00,recovery_scenario,iperf_tcp,10,8,,twin_core,405717,0.0,67403776,7254,967,8221,4,39.6569
2026-04-24T22:12:29.514052+00:00,recovery_scenario,iperf_tcp,10,8,,ryu_controller,405707,19.8,60375040,14434,61691,76125,27,266.1739
2026-04-24T22:12:29.615255+00:00,recovery_scenario,iperf_tcp,10,8,,twin_core,405717,9.9,67403776,7255,967,8222,1,9.8853
2026-04-24T22:12:29.615255+00:00,recovery_scenario,iperf_tcp,10,8,,ryu_controller,405707,9.9,60375040,14449,61691,76140,15,149.1284
2026-04-24T22:12:29.715811+00:00,recovery_scenario,iperf_tcp,10,8,,twin_core,405717,0.0,67403776,7258,967,8225,3,29.7966
2026-04-24T22:12:29.715811+00:00,recovery_scenario,iperf_tcp,10,8,,ryu_controller,405707,19.9,60375040,14466,61691,76157,17,168.8171
2026-04-24T22:12:29.816463+00:00,recovery_scenario,iperf_tcp,10,8,,twin_core,405717,0.0,67403776,7261,967,8228,3,29.8498
2026-04-24T22:12:29.816463+00:00,recovery_scenario,iperf_tcp,10,8,,ryu_controller,405707,29.9,60375040,14494,61691,76185,28,278.3616
2026-04-24T22:12:29.917002+00:00,recovery_scenario,iperf_tcp,10,8,,twin_core,405717,0.0,67403776,7264,967,8231,3,29.8322
2026-04-24T22:12:29.917002+00:00,recovery_scenario,iperf_tcp,10,8,,ryu_controller,405707,19.9,60375040,14515,61691,76206,21,209.024
2026-04-24T22:12:30.018649+00:00,recovery_scenario,iperf_tcp,10,8,,twin_core,405717,0.0,67403776,7264,967,8231,0,0.0
2026-04-24T22:12:30.018649+00:00,recovery_scenario,iperf_tcp,10,8,,ryu_controller,405707,9.8,60375040,14526,61691,76217,11,108.129
2026-04-24T22:12:30.119207+00:00,recovery_scenario,iperf_tcp,10,8,,twin_core,405717,0.0,67403776,7273,967,8240,9,89.5395
2026-04-24T22:12:30.119207+00:00,recovery_scenario,iperf_tcp,10,8,,ryu_controller,405707,19.9,60375040,14544,61691,76235,18,179.0729
2026-04-24T22:12:30.219815+00:00,recovery_scenario,iperf_tcp,10,8,,twin_core,405717,0.0,67403776,7279,967,8246,6,59.669
2026-04-24T22:12:30.219815+00:00,recovery_scenario,iperf_tcp,10,8,,ryu_controller,405707,9.9,60375040,14557,61691,76248,13,129.3155
2026-04-24T22:12:30.321301+00:00,recovery_scenario,iperf_tcp,10,8,,twin_core,405717,0.0,67403776,7282,967,8249,3,29.5463
2026-04-24T22:12:30.321301+00:00,recovery_scenario,iperf_tcp,10,8,,ryu_controller,405707,9.8,60375040,14571,61691,76262,14,137.8789
2026-04-24T22:12:30.421764+00:00,recovery_scenario,iperf_tcp,10,8,,twin_core,405717,0.0,67403776,7285,967,8252,3,29.8773
2026-04-24T22:12:30.421764+00:00,recovery_scenario,iperf_tcp,10,8,,ryu_controller,405707,10.0,60375040,14586,61691,76277,15,149.3992
2026-04-24T22:12:30.522163+00:00,recovery_scenario,iperf_tcp,10,8,,twin_core,405717,0.0,67403776,7294,967,8261,9,89.6381
2026-04-24T22:12:30.522163+00:00,recovery_scenario,iperf_tcp,10,8,,ryu_controller,405707,0.0,60375040,14599,61691,76290,13,129.4684
2026-04-24T22:12:30.622585+00:00,recovery_scenario,iperf_tcp,10,8,,twin_core,405717,0.0,67403776,7297,967,8264,3,29.8464
2026-04-24T22:12:30.622585+00:00,recovery_scenario,iperf_tcp,10,8,,ryu_controller,405707,19.9,60375040,14619,61691,76310,20,198.9713
2026-04-24T22:12:30.723647+00:00,recovery_scenario,iperf_tcp,10,8,,twin_core,405717,9.9,67403776,7300,967,8267,3,29.6933
2026-04-24T22:12:30.723647+00:00,recovery_scenario,iperf_tcp,10,8,,ryu_controller,405707,0.0,60375040,14632,61691,76323,13,128.6438
2026-04-24T22:12:30.824178+00:00,recovery_scenario,iperf_tcp,10,8,,twin_core,405717,0.0,67403776,7303,967,8270,3,29.8502
2026-04-24T22:12:30.824178+00:00,recovery_scenario,iperf_tcp,10,8,,ryu_controller,405707,10.0,60375040,14661,61691,76352,29,288.5912
2026-04-24T22:12:30.924652+00:00,recovery_scenario,iperf_tcp,10,8,,twin_core,405717,0.0,67403776,7306,967,8273,3,29.8422
2026-04-24T22:12:30.924652+00:00,recovery_scenario,iperf_tcp,10,8,,ryu_controller,405707,9.9,60375040,14678,61691,76369,17,169.0889
2026-04-24T22:12:31.025781+00:00,recovery_scenario,iperf_tcp,10,8,,twin_core,405717,0.0,67403776,7309,967,8276,3,29.6839
2026-04-24T22:12:31.025781+00:00,recovery_scenario,iperf_tcp,10,8,,ryu_controller,405707,0.0,60375040,14684,61691,76375,6,59.3685
2026-04-24T22:12:31.126345+00:00,recovery_scenario,iperf_tcp,10,8,,twin_core,405717,0.0,67403776,7321,967,8288,12,119.3374
2026-04-24T22:12:31.126345+00:00,recovery_scenario,iperf_tcp,10,8,,ryu_controller,405707,9.9,60375040,14699,61691,76390,15,148.9852
2026-04-24T22:12:31.226934+00:00,recovery_scenario,iperf_tcp,10,8,,twin_core,405717,0.0,67403776,7327,967,8294,6,59.6532
2026-04-24T22:12:31.226934+00:00,recovery_scenario,iperf_tcp,10,8,,ryu_controller,405707,19.7,60375040,14719,61691,76410,20,196.8214
2026-04-24T22:12:31.330424+00:00,recovery_scenario,iperf_tcp,10,8,,twin_core,405717,0.0,67403776,7327,967,8294,0,0.0
2026-04-24T22:12:31.330424+00:00,recovery_scenario,iperf_tcp,10,8,,ryu_controller,405707,9.7,60375040,14732,61691,76423,13,126.7805
2026-04-24T22:12:31.431856+00:00,recovery_scenario,iperf_tcp,10,8,,twin_core,405717,9.9,67403776,7335,967,8302,8,78.9477
2026-04-24T22:12:31.431856+00:00,recovery_scenario,iperf_tcp,10,8,,ryu_controller,405707,59.2,60375040,14783,61691,76474,51,503.1619
2026-04-24T22:12:31.532471+00:00,recovery_scenario,iperf_tcp,10,8,,twin_core,405717,0.0,67444736,7350,967,8317,15,148.9848
2026-04-24T22:12:31.532471+00:00,recovery_scenario,iperf_tcp,10,8,,ryu_controller,405707,19.9,60375040,14800,61691,76491,17,168.8017
2026-04-24T22:12:31.633160+00:00,recovery_scenario,iperf_tcp,10,8,,twin_core,405717,0.0,67444736,7353,967,8320,3,29.8464
2026-04-24T22:12:31.633160+00:00,recovery_scenario,iperf_tcp,10,8,,ryu_controller,405707,10.0,60375040,14824,61691,76515,24,238.9366
2026-04-24T22:12:31.734182+00:00,recovery_scenario,iperf_tcp,10,8,,twin_core,405717,0.0,67444736,7353,967,8320,0,0.0
2026-04-24T22:12:31.734182+00:00,recovery_scenario,iperf_tcp,10,8,,ryu_controller,405707,0.0,60375040,14830,61691,76521,6,59.3627
2026-04-24T22:12:31.835188+00:00,recovery_scenario,iperf_tcp,10,8,,twin_core,405717,9.9,67444736,7359,967,8326,6,59.4251
2026-04-24T22:12:31.835188+00:00,recovery_scenario,iperf_tcp,10,8,,ryu_controller,405707,9.9,60375040,14840,61691,76531,10,99.0556
2026-04-24T22:12:31.935609+00:00,recovery_scenario,iperf_tcp,10,8,,twin_core,405717,10.0,67444736,7371,967,8338,12,119.4011
2026-04-24T22:12:31.935609+00:00,recovery_scenario,iperf_tcp,10,8,,ryu_controller,405707,79.6,60375040,14893,61691,76584,53,527.3276
2026-04-24T22:12:32.036150+00:00,recovery_scenario,iperf_tcp,10,8,,twin_core,405717,0.0,67444736,7374,967,8341,3,29.8698
2026-04-24T22:12:32.036150+00:00,recovery_scenario,iperf_tcp,10,8,,ryu_controller,405707,10.0,60375040,14919,61691,76610,26,258.9182
2026-04-24T22:12:32.136553+00:00,recovery_scenario,iperf_tcp,10,8,,twin_core,405717,0.0,67444736,7374,967,8341,0,0.0
2026-04-24T22:12:32.136553+00:00,recovery_scenario,iperf_tcp,10,8,,ryu_controller,405707,9.9,60375040,14941,61691,76632,22,218.7781
2026-04-24T22:12:32.237160+00:00,recovery_scenario,iperf_tcp,10,8,,twin_core,405717,0.0,67444736,7380,967,8347,6,59.6641
2026-04-24T22:12:32.237160+00:00,recovery_scenario,iperf_tcp,10,8,,ryu_controller,405707,0.0,60375040,14945,61691,76636,4,39.7774
2026-04-24T22:12:32.337937+00:00,recovery_scenario,iperf_tcp,10,8,,twin_core,405717,0.0,67444736,7390,967,8357,10,99.1926
2026-04-24T22:12:32.337937+00:00,recovery_scenario,iperf_tcp,10,8,,ryu_controller,405707,19.8,60375040,14963,61691,76654,18,178.5798
2026-04-24T22:12:32.438509+00:00,recovery_scenario,iperf_tcp,10,8,,twin_core,405717,0.0,67444736,7396,967,8363,6,59.7112
2026-04-24T22:12:32.438509+00:00,recovery_scenario,iperf_tcp,10,8,,ryu_controller,405707,19.9,60375040,15003,61691,76694,40,397.0243
2026-04-24T22:12:32.539238+00:00,recovery_scenario,iperf_tcp,10,8,,twin_core,405717,0.0,67444736,7396,967,8363,0,0.0
2026-04-24T22:12:32.539238+00:00,recovery_scenario,iperf_tcp,10,8,,ryu_controller,405707,19.9,60375040,15023,61691,76714,20,198.8945
2026-04-24T22:12:32.639798+00:00,recovery_scenario,iperf_tcp,10,8,,twin_core,405717,0.0,67444736,7402,967,8369,6,59.6719
2026-04-24T22:12:32.639798+00:00,recovery_scenario,iperf_tcp,10,8,,ryu_controller,405707,0.0,60375040,15032,61691,76723,9,89.5283
2026-04-24T22:12:32.740291+00:00,recovery_scenario,iperf_tcp,10,8,,twin_core,405717,0.0,67444736,7408,967,8375,6,59.7377
2026-04-24T22:12:32.740291+00:00,recovery_scenario,iperf_tcp,10,8,,ryu_controller,405707,10.0,60375040,15037,61691,76728,5,49.7839
2026-04-24T22:12:32.842942+00:00,recovery_scenario,iperf_tcp,10,8,,twin_core,405717,0.0,67444736,7413,967,8380,5,48.6189
2026-04-24T22:12:32.842942+00:00,recovery_scenario,iperf_tcp,10,8,,ryu_controller,405707,0.0,60375040,15045,61691,76736,8,77.7411
2026-04-24T22:12:32.943646+00:00,recovery_scenario,iperf_tcp,10,8,,twin_core,405717,0.0,67444736,7422,967,8389,9,89.4934
2026-04-24T22:12:32.943646+00:00,recovery_scenario,iperf_tcp,10,8,,ryu_controller,405707,0.0,60375040,15072,61691,76763,27,268.6566
2026-04-24T22:12:33.011083+00:00,recovery_scenario,iperf_tcp,10,8,pingall_completed,,,,,,,,,
2026-04-24T22:12:33.045158+00:00,recovery_scenario,iperf_tcp,10,8,,twin_core,405717,9.9,67444736,7434,968,8402,13,128.0743
2026-04-24T22:12:33.045158+00:00,recovery_scenario,iperf_tcp,10,8,,ryu_controller,405707,19.7,60375040,15095,61700,76795,32,315.2505
2026-04-24T22:12:33.150183+00:00,recovery_scenario,iperf_tcp,10,8,,twin_core,405717,0.0,67444736,7434,968,8402,0,0.0
2026-04-24T22:12:33.150183+00:00,recovery_scenario,iperf_tcp,10,8,,ryu_controller,405707,0.0,60375040,15097,61701,76798,3,28.5437
2026-04-24T22:12:33.250792+00:00,recovery_scenario,iperf_tcp,10,8,,twin_core,405717,0.0,67444736,7434,968,8402,0,0.0
2026-04-24T22:12:33.250792+00:00,recovery_scenario,iperf_tcp,10,8,,ryu_controller,405707,0.0,60375040,15101,61701,76802,4,39.7181
2026-04-24T22:12:33.354480+00:00,recovery_scenario,iperf_tcp,10,8,,twin_core,405717,0.0,67444736,7434,968,8402,0,0.0
2026-04-24T22:12:33.354480+00:00,recovery_scenario,iperf_tcp,10,8,,ryu_controller,405707,0.0,60375040,15105,61701,76806,4,38.5111
2026-04-24T22:12:33.455372+00:00,recovery_scenario,iperf_tcp,10,8,,twin_core,405717,0.0,67444736,7434,968,8402,0,0.0
2026-04-24T22:12:33.455372+00:00,recovery_scenario,iperf_tcp,10,8,,ryu_controller,405707,29.8,60375040,15116,61701,76817,11,109.2848
2026-04-24T22:12:33.558141+00:00,recovery_scenario,iperf_tcp,10,8,,twin_core,405717,9.7,67493888,7434,968,8402,0,0.0
2026-04-24T22:12:33.558141+00:00,recovery_scenario,iperf_tcp,10,8,,ryu_controller,405707,68.1,60387328,15155,61701,76856,39,379.7187
2026-04-24T22:12:33.659363+00:00,recovery_scenario,iperf_tcp,10,8,,twin_core,405717,0.0,67493888,7434,968,8402,0,0.0
2026-04-24T22:12:33.659363+00:00,recovery_scenario,iperf_tcp,10,8,,ryu_controller,405707,0.0,60387328,15160,61701,76861,5,49.3686
2026-04-24T22:12:33.760000+00:00,recovery_scenario,iperf_tcp,10,8,,twin_core,405717,0.0,67493888,7434,968,8402,0,0.0
2026-04-24T22:12:33.760000+00:00,recovery_scenario,iperf_tcp,10,8,,ryu_controller,405707,0.0,60387328,15164,61701,76865,4,39.7557
2026-04-24T22:12:33.861107+00:00,recovery_scenario,iperf_tcp,10,8,,twin_core,405717,0.0,67493888,7434,968,8402,0,0.0
2026-04-24T22:12:33.861107+00:00,recovery_scenario,iperf_tcp,10,8,,ryu_controller,405707,0.0,60387328,15166,61701,76867,2,19.7796
2026-04-24T22:12:33.961747+00:00,recovery_scenario,iperf_tcp,10,8,,twin_core,405717,0.0,67493888,7434,968,8402,0,0.0
2026-04-24T22:12:33.961747+00:00,recovery_scenario,iperf_tcp,10,8,,ryu_controller,405707,39.8,60387328,15190,61701,76891,24,238.7086
2026-04-24T22:12:34.062621+00:00,recovery_scenario,iperf_tcp,10,8,,twin_core,405717,0.0,67493888,7440,968,8408,6,59.4524
2026-04-24T22:12:34.062621+00:00,recovery_scenario,iperf_tcp,10,8,,ryu_controller,405707,39.6,60530688,15219,61702,76921,30,297.3345
2026-04-24T22:12:34.163210+00:00,recovery_scenario,iperf_tcp,10,8,,twin_core,405717,0.0,67493888,7440,968,8408,0,0.0
2026-04-24T22:12:34.163210+00:00,recovery_scenario,iperf_tcp,10,8,,ryu_controller,405707,9.9,60530688,15222,61702,76924,3,29.833
2026-04-24T22:12:34.263775+00:00,recovery_scenario,iperf_tcp,10,8,,twin_core,405717,0.0,67493888,7440,968,8408,0,0.0
2026-04-24T22:12:34.263775+00:00,recovery_scenario,iperf_tcp,10,8,,ryu_controller,405707,0.0,60530688,15226,61702,76928,4,39.7712
2026-04-24T22:12:34.367118+00:00,recovery_scenario,iperf_tcp,10,8,,twin_core,405717,9.7,67493888,7440,968,8408,0,0.0
2026-04-24T22:12:34.367118+00:00,recovery_scenario,iperf_tcp,10,8,,ryu_controller,405707,0.0,60530688,15230,61704,76934,6,54.5587
2026-04-24T22:12:34.474504+00:00,recovery_scenario,iperf_tcp,10,8,,twin_core,405717,0.0,67493888,7440,968,8408,0,0.0
2026-04-24T22:12:34.474504+00:00,recovery_scenario,iperf_tcp,10,8,,ryu_controller,405707,9.8,60530688,15246,61705,76951,17,166.8767
2026-04-24T22:12:34.578517+00:00,recovery_scenario,iperf_tcp,10,8,,twin_core,405717,0.0,67493888,7440,968,8408,0,0.0
2026-04-24T22:12:34.578517+00:00,recovery_scenario,iperf_tcp,10,8,,ryu_controller,405707,0.0,60530688,15270,61706,76976,25,242.7146
2026-04-24T22:12:34.681491+00:00,recovery_scenario,iperf_tcp,10,8,,twin_core,405717,0.0,67493888,7440,968,8408,0,0.0
2026-04-24T22:12:34.681491+00:00,recovery_scenario,iperf_tcp,10,8,,ryu_controller,405707,0.0,60530688,15291,61709,77000,24,230.8379
2026-04-24T22:12:34.785618+00:00,recovery_scenario,iperf_tcp,10,8,,twin_core,405717,0.0,67493888,7440,968,8408,0,0.0
2026-04-24T22:12:34.785618+00:00,recovery_scenario,iperf_tcp,10,8,,ryu_controller,405707,9.7,60530688,15300,61710,77010,10,97.0089
2026-04-24T22:12:34.887499+00:00,recovery_scenario,iperf_tcp,10,8,,twin_core,405717,0.0,67493888,7440,968,8408,0,0.0
2026-04-24T22:12:34.887499+00:00,recovery_scenario,iperf_tcp,10,8,,ryu_controller,405707,0.0,60530688,15334,61712,77046,36,352.5488
2026-04-24T22:12:34.990521+00:00,recovery_scenario,iperf_tcp,10,8,,twin_core,405717,0.0,67493888,7440,968,8408,0,0.0
2026-04-24T22:12:34.990521+00:00,recovery_scenario,iperf_tcp,10,8,,ryu_controller,405707,0.0,60530688,15359,61714,77073,27,262.3296
2026-04-24T22:12:35.024944+00:00,recovery_scenario,iperf_tcp,10,8,background_traffic_started,,,,,,,,,
2026-04-24T22:12:35.093502+00:00,recovery_scenario,iperf_tcp,10,8,,twin_core,405717,9.7,67493888,7449,975,8424,16,155.1653
2026-04-24T22:12:35.093502+00:00,recovery_scenario,iperf_tcp,10,8,,ryu_controller,405707,19.4,60530688,15374,61729,77103,30,291.3463
2026-04-24T22:12:35.194144+00:00,recovery_scenario,iperf_tcp,10,8,,twin_core,405717,0.0,67493888,7459,977,8436,12,119.5495
2026-04-24T22:12:35.194144+00:00,recovery_scenario,iperf_tcp,10,8,,ryu_controller,405707,29.9,60530688,15378,61757,77135,32,318.7803
2026-04-24T22:12:35.295165+00:00,recovery_scenario,iperf_tcp,10,8,fault_injected,,,,,,,,,
2026-04-24T22:12:35.295222+00:00,recovery_scenario,iperf_tcp,10,8,,twin_core,405717,9.9,67506176,7468,979,8447,11,108.8229
2026-04-24T22:12:35.295222+00:00,recovery_scenario,iperf_tcp,10,8,,ryu_controller,405707,29.6,60542976,15383,61781,77164,29,286.4617
2026-04-24T22:12:35.395795+00:00,recovery_scenario,iperf_tcp,10,8,,twin_core,405717,0.0,67506176,7471,981,8452,5,49.7126
2026-04-24T22:12:35.395795+00:00,recovery_scenario,iperf_tcp,10,8,,ryu_controller,405707,29.9,60551168,15383,61860,77243,79,786.632
2026-04-24T22:12:35.498514+00:00,recovery_scenario,iperf_tcp,10,8,,twin_core,405717,0.0,67506176,7471,981,8452,0,0.0
2026-04-24T22:12:35.498514+00:00,recovery_scenario,iperf_tcp,10,8,,ryu_controller,405707,38.9,60551168,15383,62003,77386,143,1390.0348
2026-04-24T22:12:35.599495+00:00,recovery_scenario,iperf_tcp,10,8,,twin_core,405717,0.0,67506176,7471,981,8452,0,0.0
2026-04-24T22:12:35.599495+00:00,recovery_scenario,iperf_tcp,10,8,,ryu_controller,405707,59.4,60551168,15383,62203,77586,200,1980.8225
2026-04-24T22:12:35.700319+00:00,recovery_scenario,iperf_tcp,10,8,,twin_core,405717,9.9,67506176,7471,981,8452,0,0.0
2026-04-24T22:12:35.700319+00:00,recovery_scenario,iperf_tcp,10,8,,ryu_controller,405707,69.4,60551168,15383,62330,77713,127,1258.3587
2026-04-24T22:12:35.801669+00:00,recovery_scenario,iperf_tcp,10,8,,twin_core,405717,0.0,67506176,7471,981,8452,0,0.0
2026-04-24T22:12:35.801669+00:00,recovery_scenario,iperf_tcp,10,8,,ryu_controller,405707,98.0,60551168,15383,62442,77825,112,1097.4426
2026-04-24T22:12:35.905860+00:00,recovery_scenario,iperf_tcp,10,8,,twin_core,405717,0.0,67506176,7472,981,8453,1,9.6756
2026-04-24T22:12:35.905860+00:00,recovery_scenario,iperf_tcp,10,8,,ryu_controller,405707,96.8,60551168,15383,62506,77889,64,619.816
2026-04-24T22:12:36.006284+00:00,recovery_scenario,iperf_tcp,10,8,,twin_core,405717,0.0,67506176,7472,981,8453,0,0.0
2026-04-24T22:12:36.006284+00:00,recovery_scenario,iperf_tcp,10,8,,ryu_controller,405707,89.6,60551168,15383,62506,77889,0,0.0
2026-04-24T22:12:36.107057+00:00,recovery_scenario,iperf_tcp,10,8,,twin_core,405717,0.0,67506176,7472,981,8453,0,0.0
2026-04-24T22:12:36.107057+00:00,recovery_scenario,iperf_tcp,10,8,,ryu_controller,405707,108.3,60551168,15383,62507,77890,1,9.8446
2026-04-24T22:12:36.208356+00:00,recovery_scenario,iperf_tcp,10,8,,twin_core,405717,0.0,67506176,7472,981,8453,0,0.0
2026-04-24T22:12:36.208356+00:00,recovery_scenario,iperf_tcp,10,8,,ryu_controller,405707,99.4,60551168,15383,62511,77894,4,39.7019
2026-04-24T22:12:36.309084+00:00,recovery_scenario,iperf_tcp,10,8,,twin_core,405717,0.0,67506176,7472,981,8453,0,0.0
2026-04-24T22:12:36.309084+00:00,recovery_scenario,iperf_tcp,10,8,,ryu_controller,405707,99.3,60551168,15384,62515,77899,5,49.7488
2026-04-24T22:12:36.409561+00:00,recovery_scenario,iperf_tcp,10,8,,twin_core,405717,10.0,67506176,7473,981,8454,1,9.9326
2026-04-24T22:12:36.409561+00:00,recovery_scenario,iperf_tcp,10,8,,ryu_controller,405707,99.3,60551168,15384,62515,77899,0,0.0
2026-04-24T22:12:36.510250+00:00,recovery_scenario,iperf_tcp,10,8,,twin_core,405717,0.0,67506176,7473,981,8454,0,0.0
2026-04-24T22:12:36.510250+00:00,recovery_scenario,iperf_tcp,10,8,,ryu_controller,405707,109.1,60551168,15384,62515,77899,0,0.0
2026-04-24T22:12:36.611066+00:00,recovery_scenario,iperf_tcp,10,8,,twin_core,405717,0.0,67506176,7473,981,8454,0,0.0
2026-04-24T22:12:36.611066+00:00,recovery_scenario,iperf_tcp,10,8,,ryu_controller,405707,89.6,60551168,15384,62515,77899,0,0.0
2026-04-24T22:12:36.711549+00:00,recovery_scenario,iperf_tcp,10,8,,twin_core,405717,0.0,67506176,7473,981,8454,0,0.0
2026-04-24T22:12:36.711549+00:00,recovery_scenario,iperf_tcp,10,8,,ryu_controller,405707,99.4,60551168,15384,62515,77899,0,0.0
2026-04-24T22:12:36.812159+00:00,recovery_scenario,iperf_tcp,10,8,,twin_core,405717,0.0,67506176,7474,981,8455,1,9.9606
2026-04-24T22:12:36.812159+00:00,recovery_scenario,iperf_tcp,10,8,,ryu_controller,405707,99.6,60551168,15384,62515,77899,0,0.0
2026-04-24T22:12:36.912569+00:00,recovery_scenario,iperf_tcp,10,8,,twin_core,405717,0.0,67506176,7474,981,8455,0,0.0
2026-04-24T22:12:36.912569+00:00,recovery_scenario,iperf_tcp,10,8,,ryu_controller,405707,99.1,60551168,15384,62519,77903,4,39.5947
2026-04-24T22:12:37.014627+00:00,recovery_scenario,iperf_tcp,10,8,,twin_core,405717,0.0,67506176,7474,981,8455,0,0.0
2026-04-24T22:12:37.014627+00:00,recovery_scenario,iperf_tcp,10,8,,ryu_controller,405707,78.1,60551168,15384,62563,77947,44,425.346
2026-04-24T22:12:37.117035+00:00,recovery_scenario,iperf_tcp,10,8,,twin_core,405717,0.0,67506176,7474,981,8455,0,0.0
2026-04-24T22:12:37.117035+00:00,recovery_scenario,iperf_tcp,10,8,,ryu_controller,405707,49.2,60551168,15384,62665,78049,102,1015.2205
2026-04-24T22:12:37.219836+00:00,recovery_scenario,iperf_tcp,10,8,,twin_core,405717,0.0,67506176,7474,981,8455,0,0.0
2026-04-24T22:12:37.219836+00:00,recovery_scenario,iperf_tcp,10,8,,ryu_controller,405707,48.6,60551168,15384,62738,78122,73,709.8745
2026-04-24T22:12:37.320369+00:00,recovery_scenario,iperf_tcp,10,8,,twin_core,405717,0.0,67506176,7475,981,8456,1,9.912
2026-04-24T22:12:37.320369+00:00,recovery_scenario,iperf_tcp,10,8,,ryu_controller,405707,49.6,60551168,15384,62914,78298,176,1744.2402
2026-04-24T22:12:37.421195+00:00,recovery_scenario,iperf_tcp,10,8,,twin_core,405717,0.0,67506176,7475,981,8456,0,0.0
2026-04-24T22:12:37.421195+00:00,recovery_scenario,iperf_tcp,10,8,,ryu_controller,405707,39.8,60551168,15384,63200,78584,286,2845.1639
2026-04-24T22:12:37.521805+00:00,recovery_scenario,iperf_tcp,10,8,,twin_core,405717,0.0,67506176,7475,981,8456,0,0.0
2026-04-24T22:12:37.521805+00:00,recovery_scenario,iperf_tcp,10,8,,ryu_controller,405707,49.7,60551168,15384,63266,78650,66,656.5055
2026-04-24T22:12:37.622318+00:00,recovery_scenario,iperf_tcp,10,8,,twin_core,405717,0.0,67506176,7475,981,8456,0,0.0
2026-04-24T22:12:37.622318+00:00,recovery_scenario,iperf_tcp,10,8,,ryu_controller,405707,39.8,60551168,15384,63384,78768,118,1174.1601
2026-04-24T22:12:37.724867+00:00,recovery_scenario,iperf_tcp,10,8,,twin_core,405717,0.0,67506176,7475,981,8456,0,0.0
2026-04-24T22:12:37.724867+00:00,recovery_scenario,iperf_tcp,10,8,,ryu_controller,405707,58.5,60551168,15384,63504,78888,120,1170.5609
2026-04-24T22:12:37.827843+00:00,recovery_scenario,iperf_tcp,10,8,,twin_core,405717,0.0,67506176,7476,981,8457,1,9.7096
2026-04-24T22:12:37.827843+00:00,recovery_scenario,iperf_tcp,10,8,,ryu_controller,405707,38.8,60551168,15384,63619,79003,115,1116.5392
2026-04-24T22:12:37.928261+00:00,recovery_scenario,iperf_tcp,10,8,,twin_core,405717,0.0,67506176,7476,981,8457,0,0.0
2026-04-24T22:12:37.928261+00:00,recovery_scenario,iperf_tcp,10,8,,ryu_controller,405707,49.8,60551168,15384,63733,79117,114,1135.4715
2026-04-24T22:12:38.028606+00:00,recovery_scenario,iperf_tcp,10,8,,twin_core,405717,0.0,67506176,7476,981,8457,0,0.0
2026-04-24T22:12:38.028606+00:00,recovery_scenario,iperf_tcp,10,8,,ryu_controller,405707,39.7,60551168,15384,63851,79235,118,1172.3384
2026-04-24T22:12:38.131618+00:00,recovery_scenario,iperf_tcp,10,8,,twin_core,405717,0.0,67506176,7476,981,8457,0,0.0
2026-04-24T22:12:38.131618+00:00,recovery_scenario,iperf_tcp,10,8,,ryu_controller,405707,48.6,60551168,15384,63969,79353,118,1146.7746
2026-04-24T22:12:38.232527+00:00,recovery_scenario,iperf_tcp,10,8,,twin_core,405717,0.0,67506176,7476,981,8457,0,0.0
2026-04-24T22:12:38.232527+00:00,recovery_scenario,iperf_tcp,10,8,,ryu_controller,405707,39.6,60551168,15384,64097,79481,128,1260.8245
2026-04-24T22:12:38.335856+00:00,recovery_scenario,iperf_tcp,10,8,,twin_core,405717,0.0,67506176,7477,981,8458,1,9.6819
2026-04-24T22:12:38.335856+00:00,recovery_scenario,iperf_tcp,10,8,,ryu_controller,405707,48.4,60551168,15384,64222,79606,125,1217.3981
2026-04-24T22:12:38.437337+00:00,recovery_scenario,iperf_tcp,10,8,,twin_core,405717,9.9,67506176,7477,981,8458,0,0.0
2026-04-24T22:12:38.437337+00:00,recovery_scenario,iperf_tcp,10,8,,ryu_controller,405707,49.3,60551168,15384,64308,79692,86,848.3993
2026-04-24T22:12:38.538065+00:00,recovery_scenario,iperf_tcp,10,8,,twin_core,405717,0.0,67506176,7477,981,8458,0,0.0
2026-04-24T22:12:38.538065+00:00,recovery_scenario,iperf_tcp,10,8,,ryu_controller,405707,39.7,60551168,15384,64429,79813,121,1201.4677
2026-04-24T22:12:38.638772+00:00,recovery_scenario,iperf_tcp,10,8,,twin_core,405717,0.0,67506176,7477,981,8458,0,0.0
2026-04-24T22:12:38.638772+00:00,recovery_scenario,iperf_tcp,10,8,,ryu_controller,405707,49.6,60551168,15384,64569,79953,140,1389.094
2026-04-24T22:12:38.742188+00:00,recovery_scenario,iperf_tcp,10,8,,twin_core,405717,0.0,67506176,7477,981,8458,0,0.0
2026-04-24T22:12:38.742188+00:00,recovery_scenario,iperf_tcp,10,8,,ryu_controller,405707,38.7,60551168,15384,64715,80099,146,1412.819
2026-04-24T22:12:38.842937+00:00,recovery_scenario,iperf_tcp,10,8,,twin_core,405717,9.9,67506176,7478,981,8459,1,9.8717
2026-04-24T22:12:38.842937+00:00,recovery_scenario,iperf_tcp,10,8,,ryu_controller,405707,39.5,60551168,15386,64825,80211,112,1083.0792
2026-04-24T22:12:38.946039+00:00,recovery_scenario,iperf_tcp,10,8,,twin_core,405717,0.0,67506176,7478,981,8459,0,0.0
2026-04-24T22:12:38.946039+00:00,recovery_scenario,iperf_tcp,10,8,,ryu_controller,405707,48.8,60551168,15389,64889,80278,67,666.7521
2026-04-24T22:12:39.048135+00:00,recovery_scenario,iperf_tcp,10,8,,twin_core,405717,0.0,67506176,7478,981,8459,0,0.0
2026-04-24T22:12:39.048135+00:00,recovery_scenario,iperf_tcp,10,8,,ryu_controller,405707,0.0,60551168,15410,64890,80300,22,214.6438
2026-04-24T22:12:39.151837+00:00,recovery_scenario,iperf_tcp,10,8,,twin_core,405717,0.0,67506176,7478,981,8459,0,0.0
2026-04-24T22:12:39.151837+00:00,recovery_scenario,iperf_tcp,10,8,,ryu_controller,405707,0.0,60551168,15414,64893,80307,7,67.8017
2026-04-24T22:12:39.252251+00:00,recovery_scenario,iperf_tcp,10,8,,twin_core,405717,0.0,67506176,7478,981,8459,0,0.0
2026-04-24T22:12:39.252251+00:00,recovery_scenario,iperf_tcp,10,8,,ryu_controller,405707,0.0,60551168,15419,64895,80314,7,69.686
2026-04-24T22:12:39.352690+00:00,recovery_scenario,iperf_tcp,10,8,,twin_core,405717,9.9,67506176,7487,983,8470,11,109.3911
2026-04-24T22:12:39.352690+00:00,recovery_scenario,iperf_tcp,10,8,,ryu_controller,405707,19.9,60551168,15427,64918,80345,31,308.3294
2026-04-24T22:12:39.455185+00:00,recovery_scenario,iperf_tcp,10,8,,twin_core,405717,9.8,67506176,7503,987,8490,20,195.4545
2026-04-24T22:12:39.455185+00:00,recovery_scenario,iperf_tcp,10,8,,ryu_controller,405707,39.1,60551168,15436,64962,80398,53,517.9312
2026-04-24T22:12:39.529588+00:00,recovery_scenario,iperf_tcp,10,8,recovery_requested,,,,,,,,,
2026-04-24T22:12:39.555559+00:00,recovery_scenario,iperf_tcp,10,8,,twin_core,405717,0.0,67506176,7508,990,8498,8,79.588
2026-04-24T22:12:39.555559+00:00,recovery_scenario,iperf_tcp,10,8,,ryu_controller,405707,29.7,60551168,15442,64981,80423,25,247.7505
2026-04-24T22:12:39.659259+00:00,recovery_scenario,iperf_tcp,10,8,,twin_core,405717,0.0,67506176,7508,990,8498,0,0.0
2026-04-24T22:12:39.659259+00:00,recovery_scenario,iperf_tcp,10,8,,ryu_controller,405707,29.0,60551168,15460,65056,80516,93,899.9634
2026-04-24T22:12:39.760056+00:00,recovery_scenario,iperf_tcp,10,8,,twin_core,405717,0.0,67506176,7508,990,8498,0,0.0
2026-04-24T22:12:39.760056+00:00,recovery_scenario,iperf_tcp,10,8,,ryu_controller,405707,39.7,60551168,15461,65184,80645,129,1281.7616
2026-04-24T22:12:39.860451+00:00,recovery_scenario,iperf_tcp,10,8,,twin_core,405717,0.0,67506176,7508,990,8498,0,0.0
2026-04-24T22:12:39.860451+00:00,recovery_scenario,iperf_tcp,10,8,,ryu_controller,405707,49.8,60551168,15463,65334,80797,152,1510.8913
2026-04-24T22:12:39.962264+00:00,recovery_scenario,iperf_tcp,10,8,,twin_core,405717,0.0,67506176,7508,990,8498,0,0.0
2026-04-24T22:12:39.962264+00:00,recovery_scenario,iperf_tcp,10,8,,ryu_controller,405707,29.5,60551168,15464,65468,80932,135,1328.6089
2026-04-24T22:12:40.064887+00:00,recovery_scenario,iperf_tcp,10,8,,twin_core,405717,0.0,67506176,7509,991,8500,2,19.4735
2026-04-24T22:12:40.064887+00:00,recovery_scenario,iperf_tcp,10,8,,ryu_controller,405707,38.9,60551168,15472,65609,81081,149,1450.7906
2026-04-24T22:12:40.166953+00:00,recovery_scenario,iperf_tcp,10,8,,twin_core,405717,0.0,67506176,7509,991,8500,0,0.0
2026-04-24T22:12:40.166953+00:00,recovery_scenario,iperf_tcp,10,8,,ryu_controller,405707,29.4,60551168,15472,65727,81199,118,1156.8156
2026-04-24T22:12:40.269793+00:00,recovery_scenario,iperf_tcp,10,8,,twin_core,405717,0.0,67506176,7509,991,8500,0,0.0
2026-04-24T22:12:40.269793+00:00,recovery_scenario,iperf_tcp,10,8,,ryu_controller,405707,48.6,60551168,15472,65893,81365,166,1614.3673
2026-04-24T22:12:40.372882+00:00,recovery_scenario,iperf_tcp,10,8,,twin_core,405717,0.0,67506176,7509,991,8500,0,0.0
2026-04-24T22:12:40.372882+00:00,recovery_scenario,iperf_tcp,10,8,,ryu_controller,405707,38.8,60551168,15472,66089,81561,196,1901.3882
2026-04-24T22:12:40.473282+00:00,recovery_scenario,iperf_tcp,10,8,,twin_core,405717,0.0,67506176,7509,991,8500,0,0.0
2026-04-24T22:12:40.473282+00:00,recovery_scenario,iperf_tcp,10,8,,ryu_controller,405707,29.9,60551168,15472,66229,81701,140,1394.5382
2026-04-24T22:12:40.573679+00:00,recovery_scenario,iperf_tcp,10,8,,twin_core,405717,0.0,67506176,7510,992,8502,2,19.8969
2026-04-24T22:12:40.573679+00:00,recovery_scenario,iperf_tcp,10,8,,ryu_controller,405707,39.8,60551168,15472,66378,81850,149,1482.2301
2026-04-24T22:12:40.676798+00:00,recovery_scenario,iperf_tcp,10,8,,twin_core,405717,9.7,67506176,7510,992,8502,0,0.0
2026-04-24T22:12:40.676798+00:00,recovery_scenario,iperf_tcp,10,8,,ryu_controller,405707,48.5,60551168,15472,66529,82001,151,1466.0557
2026-04-24T22:12:40.777192+00:00,recovery_scenario,iperf_tcp,10,8,,twin_core,405717,0.0,67506176,7510,992,8502,0,0.0
2026-04-24T22:12:40.777192+00:00,recovery_scenario,iperf_tcp,10,8,,ryu_controller,405707,49.8,60551168,15472,66663,82135,134,1334.7678
2026-04-24T22:12:40.877597+00:00,recovery_scenario,iperf_tcp,10,8,,twin_core,405717,0.0,67506176,7510,992,8502,0,0.0
2026-04-24T22:12:40.877597+00:00,recovery_scenario,iperf_tcp,10,8,,ryu_controller,405707,39.8,60551168,15472,66804,82276,141,1401.3387
2026-04-24T22:12:40.978227+00:00,recovery_scenario,iperf_tcp,10,8,,twin_core,405717,0.0,67506176,7510,992,8502,0,0.0
2026-04-24T22:12:40.978227+00:00,recovery_scenario,iperf_tcp,10,8,,ryu_controller,405707,39.8,60551168,15472,66943,82415,139,1384.4674
2026-04-24T22:12:41.080781+00:00,recovery_scenario,iperf_tcp,10,8,,twin_core,405717,0.0,67506176,7511,992,8503,1,9.7482
2026-04-24T22:12:41.080781+00:00,recovery_scenario,iperf_tcp,10,8,,ryu_controller,405707,48.7,60551168,15472,67125,82597,182,1774.0003
2026-04-24T22:12:41.183805+00:00,recovery_scenario,iperf_tcp,10,8,,twin_core,405717,0.0,67506176,7511,992,8503,0,0.0
2026-04-24T22:12:41.183805+00:00,recovery_scenario,iperf_tcp,10,8,,ryu_controller,405707,48.5,60551168,15472,67211,82683,86,834.8985
2026-04-24T22:12:41.286771+00:00,recovery_scenario,iperf_tcp,10,8,,twin_core,405717,0.0,67506176,7511,992,8503,0,0.0
2026-04-24T22:12:41.286771+00:00,recovery_scenario,iperf_tcp,10,8,,ryu_controller,405707,48.6,60551168,15473,67298,82771,88,854.5795
2026-04-24T22:12:41.388965+00:00,recovery_scenario,iperf_tcp,10,8,,twin_core,405717,0.0,67506176,7511,992,8503,0,0.0
2026-04-24T22:12:41.388965+00:00,recovery_scenario,iperf_tcp,10,8,,ryu_controller,405707,39.1,60551168,15473,67367,82840,69,674.5355
2026-04-24T22:12:41.489471+00:00,recovery_scenario,iperf_tcp,10,8,,twin_core,405717,0.0,67506176,7511,992,8503,0,0.0
2026-04-24T22:12:41.489471+00:00,recovery_scenario,iperf_tcp,10,8,,ryu_controller,405707,39.8,60551168,15473,67454,82927,87,865.4259
2026-04-24T22:12:41.590002+00:00,recovery_scenario,iperf_tcp,10,8,,twin_core,405717,0.0,67510272,7512,992,8504,1,9.9404
2026-04-24T22:12:41.590002+00:00,recovery_scenario,iperf_tcp,10,8,,ryu_controller,405707,59.6,60551168,15473,67543,83016,89,885.7239
2026-04-24T22:12:41.692857+00:00,recovery_scenario,iperf_tcp,10,8,,twin_core,405717,0.0,67510272,7512,992,8504,0,0.0
2026-04-24T22:12:41.692857+00:00,recovery_scenario,iperf_tcp,10,8,,ryu_controller,405707,48.6,60551168,15473,67691,83164,148,1439.0227
2026-04-24T22:12:41.793359+00:00,recovery_scenario,iperf_tcp,10,8,,twin_core,405717,0.0,67510272,7512,992,8504,0,0.0
2026-04-24T22:12:41.793359+00:00,recovery_scenario,iperf_tcp,10,8,,ryu_controller,405707,59.6,60551168,15473,67879,83352,188,1862.4781
2026-04-24T22:12:41.894307+00:00,recovery_scenario,iperf_tcp,10,8,,twin_core,405717,0.0,67510272,7512,992,8504,0,0.0
2026-04-24T22:12:41.894307+00:00,recovery_scenario,iperf_tcp,10,8,,ryu_controller,405707,49.6,60551168,15473,68061,83534,182,1810.4845
2026-04-24T22:12:41.994819+00:00,recovery_scenario,iperf_tcp,10,8,,twin_core,405717,0.0,67510272,7512,992,8504,0,0.0
2026-04-24T22:12:41.994819+00:00,recovery_scenario,iperf_tcp,10,8,,ryu_controller,405707,49.8,60551168,15473,68247,83720,186,1852.3238
2026-04-24T22:12:42.095211+00:00,recovery_scenario,iperf_tcp,10,8,,twin_core,405717,0.0,67510272,7513,992,8505,1,9.9516
2026-04-24T22:12:42.095211+00:00,recovery_scenario,iperf_tcp,10,8,,ryu_controller,405707,19.9,60551168,15473,68257,83730,10,99.4892
2026-04-24T22:12:42.195777+00:00,recovery_scenario,iperf_tcp,10,8,,twin_core,405717,0.0,67510272,7513,992,8505,0,0.0
2026-04-24T22:12:42.195777+00:00,recovery_scenario,iperf_tcp,10,8,,ryu_controller,405707,29.9,60551168,15473,68272,83745,15,149.3235
2026-04-24T22:12:42.296769+00:00,recovery_scenario,iperf_tcp,10,8,,twin_core,405717,0.0,67510272,7513,992,8505,0,0.0
2026-04-24T22:12:42.296769+00:00,recovery_scenario,iperf_tcp,10,8,,ryu_controller,405707,49.5,60551168,15473,68313,83786,41,405.62
2026-04-24T22:12:42.397742+00:00,recovery_scenario,iperf_tcp,10,8,,twin_core,405717,0.0,67510272,7513,992,8505,0,0.0
2026-04-24T22:12:42.397742+00:00,recovery_scenario,iperf_tcp,10,8,,ryu_controller,405707,39.6,60551168,15473,68418,83891,105,1039.4565
2026-04-24T22:12:42.501857+00:00,recovery_scenario,iperf_tcp,10,8,,twin_core,405717,0.0,67510272,7513,992,8505,0,0.0
2026-04-24T22:12:42.501857+00:00,recovery_scenario,iperf_tcp,10,8,,ryu_controller,405707,38.4,60551168,15473,68518,83991,100,961.0372
2026-04-24T22:12:42.602592+00:00,recovery_scenario,iperf_tcp,10,8,,twin_core,405717,0.0,67510272,7514,994,8508,3,29.7446
2026-04-24T22:12:42.602592+00:00,recovery_scenario,iperf_tcp,10,8,,ryu_controller,405707,29.7,60551168,15473,68555,84028,37,366.667
2026-04-24T22:12:42.703246+00:00,recovery_scenario,iperf_tcp,10,8,,twin_core,405717,0.0,67510272,7514,994,8508,0,0.0
2026-04-24T22:12:42.703246+00:00,recovery_scenario,iperf_tcp,10,8,,ryu_controller,405707,49.8,60551168,15473,68626,84099,71,706.6983
2026-04-24T22:12:42.803750+00:00,recovery_scenario,iperf_tcp,10,8,,twin_core,405717,0.0,67510272,7514,994,8508,0,0.0
2026-04-24T22:12:42.803750+00:00,recovery_scenario,iperf_tcp,10,8,,ryu_controller,405707,39.8,60551168,15473,68751,84224,125,1244.5738
2026-04-24T22:12:42.904448+00:00,recovery_scenario,iperf_tcp,10,8,,twin_core,405717,9.9,67510272,7514,994,8508,0,0.0
2026-04-24T22:12:42.904448+00:00,recovery_scenario,iperf_tcp,10,8,,ryu_controller,405707,39.3,60551168,15473,68834,84307,83,814.8843
2026-04-24T22:12:43.006308+00:00,recovery_scenario,iperf_tcp,10,8,,twin_core,405717,0.0,67510272,7514,994,8508,0,0.0
2026-04-24T22:12:43.006308+00:00,recovery_scenario,iperf_tcp,10,8,,ryu_controller,405707,59.0,60551168,15473,69055,84528,221,2174.6084
2026-04-24T22:12:43.107983+00:00,recovery_scenario,iperf_tcp,10,8,,twin_core,405717,0.0,67510272,7515,997,8512,4,39.38
2026-04-24T22:12:43.107983+00:00,recovery_scenario,iperf_tcp,10,8,,ryu_controller,405707,58.9,60551168,15473,69271,84744,216,2117.4785
2026-04-24T22:12:43.209916+00:00,recovery_scenario,iperf_tcp,10,8,,twin_core,405717,0.0,67510272,7515,997,8512,0,0.0
2026-04-24T22:12:43.209916+00:00,recovery_scenario,iperf_tcp,10,8,,ryu_controller,405707,49.6,60551168,15473,69440,84913,169,1678.3315
2026-04-24T22:12:43.312663+00:00,recovery_scenario,iperf_tcp,10,8,,twin_core,405717,0.0,67510272,7515,997,8512,0,0.0
2026-04-24T22:12:43.312663+00:00,recovery_scenario,iperf_tcp,10,8,,ryu_controller,405707,58.3,60551168,15473,69667,85140,227,2207.7498
2026-04-24T22:12:43.413296+00:00,recovery_scenario,iperf_tcp,10,8,,twin_core,405717,0.0,67510272,7515,997,8512,0,0.0
2026-04-24T22:12:43.413296+00:00,recovery_scenario,iperf_tcp,10,8,,ryu_controller,405707,59.7,60551168,15475,69826,85301,161,1601.5553
2026-04-24T22:12:43.513788+00:00,recovery_scenario,iperf_tcp,10,8,,twin_core,405717,9.9,67510272,7515,997,8512,0,0.0
2026-04-24T22:12:43.513788+00:00,recovery_scenario,iperf_tcp,10,8,,ryu_controller,405707,19.9,60551168,15481,69854,85335,34,338.1356
2026-04-24T22:12:43.617815+00:00,recovery_scenario,iperf_tcp,10,8,,twin_core,405717,0.0,67510272,7526,998,8524,12,115.3984
2026-04-24T22:12:43.617815+00:00,recovery_scenario,iperf_tcp,10,8,,ryu_controller,405707,9.6,60551168,15500,69872,85372,37,355.7919
2026-04-24T22:12:43.700386+00:00,recovery_scenario,iperf_tcp,10,8,scenario_teardown,,,,,,,,,
2026-04-24T22:12:43.718223+00:00,recovery_scenario,iperf_tcp,10,8,,twin_core,405717,19.9,67510272,7547,999,8546,22,219.1057
2026-04-24T22:12:43.718223+00:00,recovery_scenario,iperf_tcp,10,8,,ryu_controller,405707,39.8,60551168,15520,69932,85452,80,796.8452
2026-04-24T22:12:43.818833+00:00,recovery_scenario,iperf_tcp,10,8,,twin_core,405717,0.0,67510272,7570,1001,8571,25,248.4391
2026-04-24T22:12:43.818833+00:00,recovery_scenario,iperf_tcp,10,8,,ryu_controller,405707,9.9,60551168,15540,69935,85475,23,228.567
2026-04-24T22:12:43.919327+00:00,recovery_scenario,iperf_tcp,10,8,,twin_core,405717,9.9,67510272,7596,1001,8597,26,257.7438
2026-04-24T22:12:43.919327+00:00,recovery_scenario,iperf_tcp,10,8,,ryu_controller,405707,19.8,60551168,15550,69952,85502,27,267.6211
2026-04-24T22:12:44.020248+00:00,recovery_scenario,iperf_tcp,10,8,,twin_core,405717,0.0,67510272,7600,1001,8601,4,39.7802
2026-04-24T22:12:44.020248+00:00,recovery_scenario,iperf_tcp,10,8,,ryu_controller,405707,9.9,60551168,15561,69954,85515,13,129.2876
2026-04-24T22:12:44.566900+00:00,recovery_scenario,iperf_tcp,10,9,,twin_core,405717,0.0,67510272,7993,1070,9063,0,0.0
2026-04-24T22:12:44.566900+00:00,recovery_scenario,iperf_tcp,10,9,,ryu_controller,405707,0.0,60551168,15626,69956,85582,0,0.0
2026-04-24T22:12:44.668554+00:00,recovery_scenario,iperf_tcp,10,9,,twin_core,405717,0.0,67510272,8045,1074,9119,56,550.3891
2026-04-24T22:12:44.668554+00:00,recovery_scenario,iperf_tcp,10,9,,ryu_controller,405707,39.8,60551168,15661,69971,85632,50,497.4059
2026-04-24T22:12:44.769078+00:00,recovery_scenario,iperf_tcp,10,9,,twin_core,405717,19.9,67510272,8145,1075,9220,101,1005.4308
2026-04-24T22:12:44.769078+00:00,recovery_scenario,iperf_tcp,10,9,,ryu_controller,405707,19.9,60551168,15702,69972,85674,42,417.5265
2026-04-24T22:12:44.820167+00:00,recovery_scenario,iperf_tcp,10,9,service_started,,,,,,,,,
2026-04-24T22:12:44.869894+00:00,recovery_scenario,iperf_tcp,10,9,,twin_core,405717,9.9,67510272,8200,1077,9277,57,564.598
2026-04-24T22:12:44.869894+00:00,recovery_scenario,iperf_tcp,10,9,,ryu_controller,405707,69.4,60551168,15755,69975,85730,56,554.6287
2026-04-24T22:12:44.970652+00:00,recovery_scenario,iperf_tcp,10,9,,twin_core,405717,0.0,67510272,8201,1077,9278,1,9.9309
2026-04-24T22:12:44.970652+00:00,recovery_scenario,iperf_tcp,10,9,,ryu_controller,405707,29.8,60551168,15794,69976,85770,40,397.7809
2026-04-24T22:12:45.071190+00:00,recovery_scenario,iperf_tcp,10,9,,twin_core,405717,0.0,67510272,8201,1077,9278,0,0.0
2026-04-24T22:12:45.071190+00:00,recovery_scenario,iperf_tcp,10,9,,ryu_controller,405707,9.9,60551168,15830,69976,85806,36,358.0165
2026-04-24T22:12:45.171916+00:00,recovery_scenario,iperf_tcp,10,9,,twin_core,405717,0.0,67510272,8201,1077,9278,0,0.0
2026-04-24T22:12:45.171916+00:00,recovery_scenario,iperf_tcp,10,9,,ryu_controller,405707,29.8,60551168,15864,69976,85840,34,337.9561
2026-04-24T22:12:45.272366+00:00,recovery_scenario,iperf_tcp,10,9,,twin_core,405717,0.0,67510272,8201,1077,9278,0,0.0
2026-04-24T22:12:45.272366+00:00,recovery_scenario,iperf_tcp,10,9,,ryu_controller,405707,9.9,60551168,15883,69976,85859,19,188.7196
2026-04-24T22:12:45.373043+00:00,recovery_scenario,iperf_tcp,10,9,,twin_core,405717,9.9,67510272,8201,1077,9278,0,0.0
2026-04-24T22:12:45.373043+00:00,recovery_scenario,iperf_tcp,10,9,,ryu_controller,405707,10.0,60551168,15912,69976,85888,29,288.7245
2026-04-24T22:12:45.473467+00:00,recovery_scenario,iperf_tcp,10,9,,twin_core,405717,0.0,67510272,8201,1077,9278,0,0.0
2026-04-24T22:12:45.473467+00:00,recovery_scenario,iperf_tcp,10,9,,ryu_controller,405707,29.9,60551168,15952,69976,85928,40,398.258
2026-04-24T22:12:45.573917+00:00,recovery_scenario,iperf_tcp,10,9,,twin_core,405717,0.0,67510272,8201,1077,9278,0,0.0
2026-04-24T22:12:45.573917+00:00,recovery_scenario,iperf_tcp,10,9,,ryu_controller,405707,39.8,60551168,15988,69976,85964,36,358.1929
2026-04-24T22:12:45.674497+00:00,recovery_scenario,iperf_tcp,10,9,,twin_core,405717,0.0,67510272,8201,1077,9278,0,0.0
2026-04-24T22:12:45.674497+00:00,recovery_scenario,iperf_tcp,10,9,,ryu_controller,405707,9.9,60551168,16012,69977,85989,25,248.0616
2026-04-24T22:12:45.776288+00:00,recovery_scenario,iperf_tcp,10,9,,twin_core,405717,0.0,67510272,8201,1077,9278,0,0.0
2026-04-24T22:12:45.776288+00:00,recovery_scenario,iperf_tcp,10,9,,ryu_controller,405707,19.7,60551168,16033,69977,86010,21,206.519
2026-04-24T22:12:45.876928+00:00,recovery_scenario,iperf_tcp,10,9,,twin_core,405717,0.0,67510272,8201,1077,9278,0,0.0
2026-04-24T22:12:45.876928+00:00,recovery_scenario,iperf_tcp,10,9,,ryu_controller,405707,29.8,60551168,16071,69977,86048,38,378.2042
2026-04-24T22:12:45.977349+00:00,recovery_scenario,iperf_tcp,10,9,,twin_core,405717,0.0,67510272,8201,1077,9278,0,0.0
2026-04-24T22:12:45.977349+00:00,recovery_scenario,iperf_tcp,10,9,,ryu_controller,405707,19.9,60551168,16098,69977,86075,27,268.9003
2026-04-24T22:12:46.077753+00:00,recovery_scenario,iperf_tcp,10,9,,twin_core,405717,0.0,67510272,8201,1077,9278,0,0.0
2026-04-24T22:12:46.077753+00:00,recovery_scenario,iperf_tcp,10,9,,ryu_controller,405707,29.9,60551168,16125,69977,86102,27,268.8504
2026-04-24T22:12:46.178231+00:00,recovery_scenario,iperf_tcp,10,9,,twin_core,405717,0.0,67510272,8201,1077,9278,0,0.0
2026-04-24T22:12:46.178231+00:00,recovery_scenario,iperf_tcp,10,9,,ryu_controller,405707,0.0,60551168,16137,69977,86114,12,119.444
2026-04-24T22:12:46.283381+00:00,recovery_scenario,iperf_tcp,10,9,,twin_core,405717,9.5,67510272,8201,1077,9278,0,0.0
2026-04-24T22:12:46.283381+00:00,recovery_scenario,iperf_tcp,10,9,,ryu_controller,405707,9.5,60551168,16153,69977,86130,16,151.959
2026-04-24T22:12:46.387135+00:00,recovery_scenario,iperf_tcp,10,9,,twin_core,405717,0.0,67510272,8201,1077,9278,0,0.0
2026-04-24T22:12:46.387135+00:00,recovery_scenario,iperf_tcp,10,9,,ryu_controller,405707,9.6,60551168,16165,69977,86142,12,115.7424
2026-04-24T22:12:46.487662+00:00,recovery_scenario,iperf_tcp,10,9,,twin_core,405717,0.0,67510272,8201,1077,9278,0,0.0
2026-04-24T22:12:46.487662+00:00,recovery_scenario,iperf_tcp,10,9,,ryu_controller,405707,9.9,60551168,16194,69977,86171,29,288.3814
2026-04-24T22:12:46.588675+00:00,recovery_scenario,iperf_tcp,10,9,,twin_core,405717,0.0,67510272,8201,1077,9278,0,0.0
2026-04-24T22:12:46.588675+00:00,recovery_scenario,iperf_tcp,10,9,,ryu_controller,405707,39.6,60551168,16235,69977,86212,41,406.1526
2026-04-24T22:12:46.689955+00:00,recovery_scenario,iperf_tcp,10,9,,twin_core,405717,0.0,67510272,8201,1077,9278,0,0.0
2026-04-24T22:12:46.689955+00:00,recovery_scenario,iperf_tcp,10,9,,ryu_controller,405707,9.9,60551168,16247,69977,86224,12,118.4242
2026-04-24T22:12:46.794177+00:00,recovery_scenario,iperf_tcp,10,9,,twin_core,405717,0.0,67510272,8201,1077,9278,0,0.0
2026-04-24T22:12:46.794177+00:00,recovery_scenario,iperf_tcp,10,9,,ryu_controller,405707,0.0,60551168,16253,69977,86230,6,57.5769
2026-04-24T22:12:46.894651+00:00,recovery_scenario,iperf_tcp,10,9,,twin_core,405717,0.0,67510272,8201,1077,9278,0,0.0
2026-04-24T22:12:46.894651+00:00,recovery_scenario,iperf_tcp,10,9,,ryu_controller,405707,0.0,60551168,16258,69977,86235,5,49.7642
2026-04-24T22:12:46.995159+00:00,recovery_scenario,iperf_tcp,10,9,,twin_core,405717,10.0,67510272,8206,1077,9283,5,49.7864
2026-04-24T22:12:46.995159+00:00,recovery_scenario,iperf_tcp,10,9,,ryu_controller,405707,49.8,60551168,16324,69978,86302,67,667.1663
2026-04-24T22:12:47.095600+00:00,recovery_scenario,iperf_tcp,10,9,,twin_core,405717,0.0,67510272,8212,1077,9289,6,59.6902
2026-04-24T22:12:47.095600+00:00,recovery_scenario,iperf_tcp,10,9,,ryu_controller,405707,19.9,60551168,16342,69978,86320,18,179.0344
2026-04-24T22:12:47.196107+00:00,recovery_scenario,iperf_tcp,10,9,,twin_core,405717,0.0,67510272,8215,1077,9292,3,29.8705
2026-04-24T22:12:47.196107+00:00,recovery_scenario,iperf_tcp,10,9,,ryu_controller,405707,0.0,60551168,16357,69978,86335,15,149.3793
2026-04-24T22:12:47.296518+00:00,recovery_scenario,iperf_tcp,10,9,,twin_core,405717,0.0,67510272,8215,1077,9292,0,0.0
2026-04-24T22:12:47.296518+00:00,recovery_scenario,iperf_tcp,10,9,,ryu_controller,405707,19.9,60551168,16379,69978,86357,22,219.033
2026-04-24T22:12:47.396967+00:00,recovery_scenario,iperf_tcp,10,9,,twin_core,405717,0.0,67510272,8218,1077,9295,3,29.815
2026-04-24T22:12:47.396967+00:00,recovery_scenario,iperf_tcp,10,9,,ryu_controller,405707,9.9,60551168,16394,69978,86372,15,149.0946
2026-04-24T22:12:47.497643+00:00,recovery_scenario,iperf_tcp,10,9,,twin_core,405717,0.0,67510272,8221,1077,9298,3,29.821
2026-04-24T22:12:47.497643+00:00,recovery_scenario,iperf_tcp,10,9,,ryu_controller,405707,9.9,60551168,16413,69978,86391,19,188.8746
2026-04-24T22:12:47.598160+00:00,recovery_scenario,iperf_tcp,10,9,,twin_core,405717,0.0,67510272,8227,1077,9304,6,59.7467
2026-04-24T22:12:47.598160+00:00,recovery_scenario,iperf_tcp,10,9,,ryu_controller,405707,59.8,60551168,16464,69978,86442,51,507.9403
2026-04-24T22:12:47.698589+00:00,recovery_scenario,iperf_tcp,10,9,,twin_core,405717,10.0,67510272,8232,1077,9309,5,49.6509
2026-04-24T22:12:47.698589+00:00,recovery_scenario,iperf_tcp,10,9,,ryu_controller,405707,9.9,60551168,16489,69978,86467,25,248.1055
2026-04-24T22:12:47.799356+00:00,recovery_scenario,iperf_tcp,10,9,,twin_core,405717,0.0,67510272,8235,1077,9312,3,29.8523
2026-04-24T22:12:47.799356+00:00,recovery_scenario,iperf_tcp,10,9,,ryu_controller,405707,10.0,60551168,16503,69978,86481,14,139.3882
2026-04-24T22:12:47.899783+00:00,recovery_scenario,iperf_tcp,10,9,,twin_core,405717,0.0,67510272,8238,1077,9315,3,29.8606
2026-04-24T22:12:47.899783+00:00,recovery_scenario,iperf_tcp,10,9,,ryu_controller,405707,10.0,60551168,16515,69978,86493,12,119.4366
2026-04-24T22:12:48.000253+00:00,recovery_scenario,iperf_tcp,10,9,,twin_core,405717,0.0,67510272,8241,1077,9318,3,29.8554
2026-04-24T22:12:48.000253+00:00,recovery_scenario,iperf_tcp,10,9,,ryu_controller,405707,10.0,60551168,16529,69978,86507,14,139.311
2026-04-24T22:12:48.100840+00:00,recovery_scenario,iperf_tcp,10,9,,twin_core,405717,0.0,67510272,8250,1077,9327,9,89.4804
2026-04-24T22:12:48.100840+00:00,recovery_scenario,iperf_tcp,10,9,,ryu_controller,405707,9.9,60551168,16544,69978,86522,15,149.1268
2026-04-24T22:12:48.201642+00:00,recovery_scenario,iperf_tcp,10,9,,twin_core,405717,0.0,67510272,8253,1077,9330,3,29.7482
2026-04-24T22:12:48.201642+00:00,recovery_scenario,iperf_tcp,10,9,,ryu_controller,405707,9.9,60551168,16558,69978,86536,14,138.555
2026-04-24T22:12:48.302577+00:00,recovery_scenario,iperf_tcp,10,9,,twin_core,405717,0.0,67510272,8258,1077,9335,5,49.5142
2026-04-24T22:12:48.302577+00:00,recovery_scenario,iperf_tcp,10,9,,ryu_controller,405707,9.9,60551168,16572,69978,86550,14,138.9134
2026-04-24T22:12:48.403167+00:00,recovery_scenario,iperf_tcp,10,9,,twin_core,405717,0.0,67510272,8261,1077,9338,3,29.8502
2026-04-24T22:12:48.403167+00:00,recovery_scenario,iperf_tcp,10,9,,ryu_controller,405707,0.0,60551168,16586,69978,86564,14,139.3047
2026-04-24T22:12:48.505157+00:00,recovery_scenario,iperf_tcp,10,9,,twin_core,405717,0.0,67510272,8264,1077,9341,3,29.4207
2026-04-24T22:12:48.505157+00:00,recovery_scenario,iperf_tcp,10,9,,ryu_controller,405707,9.8,60551168,16599,69978,86577,13,127.5021
2026-04-24T22:12:48.607142+00:00,recovery_scenario,iperf_tcp,10,9,,twin_core,405717,0.0,67510272,8273,1077,9350,9,88.237
2026-04-24T22:12:48.607142+00:00,recovery_scenario,iperf_tcp,10,9,,ryu_controller,405707,0.0,60551168,16625,69978,86603,26,254.8918
2026-04-24T22:12:48.707611+00:00,recovery_scenario,iperf_tcp,10,9,,twin_core,405717,0.0,67510272,8282,1077,9359,9,89.5639
2026-04-24T22:12:48.707611+00:00,recovery_scenario,iperf_tcp,10,9,,ryu_controller,405707,29.8,60551168,16649,69978,86627,24,238.6635
2026-04-24T22:12:48.808179+00:00,recovery_scenario,iperf_tcp,10,9,,twin_core,405717,0.0,67510272,8285,1077,9362,3,29.8393
2026-04-24T22:12:48.808179+00:00,recovery_scenario,iperf_tcp,10,9,,ryu_controller,405707,10.0,60551168,16668,69978,86646,19,189.1362
2026-04-24T22:12:48.911847+00:00,recovery_scenario,iperf_tcp,10,9,,twin_core,405717,0.0,67510272,8288,1077,9365,3,28.931
2026-04-24T22:12:48.911847+00:00,recovery_scenario,iperf_tcp,10,9,,ryu_controller,405707,0.0,60551168,16673,69978,86651,5,48.2131
2026-04-24T22:12:49.012410+00:00,recovery_scenario,iperf_tcp,10,9,,twin_core,405717,19.9,67510272,8299,1077,9376,11,109.4758
2026-04-24T22:12:49.012410+00:00,recovery_scenario,iperf_tcp,10,9,,ryu_controller,405707,59.7,60551168,16722,69978,86700,49,487.7873
2026-04-24T22:12:49.112893+00:00,recovery_scenario,iperf_tcp,10,9,,twin_core,405717,0.0,67518464,8304,1077,9381,5,49.7462
2026-04-24T22:12:49.112893+00:00,recovery_scenario,iperf_tcp,10,9,,ryu_controller,405707,19.9,60551168,16748,69978,86726,26,258.6548
2026-04-24T22:12:49.213305+00:00,recovery_scenario,iperf_tcp,10,9,,twin_core,405717,0.0,67518464,8307,1077,9384,3,29.8781
2026-04-24T22:12:49.213305+00:00,recovery_scenario,iperf_tcp,10,9,,ryu_controller,405707,10.0,60551168,16760,69978,86738,12,119.4653
2026-04-24T22:12:49.313994+00:00,recovery_scenario,iperf_tcp,10,9,,twin_core,405717,0.0,67518464,8310,1077,9387,3,29.7209
2026-04-24T22:12:49.313994+00:00,recovery_scenario,iperf_tcp,10,9,,ryu_controller,405707,0.0,60551168,16773,69978,86751,13,128.8025
2026-04-24T22:12:49.414712+00:00,recovery_scenario,iperf_tcp,10,9,,twin_core,405717,0.0,67518464,8316,1077,9393,6,59.6824
2026-04-24T22:12:49.414712+00:00,recovery_scenario,iperf_tcp,10,9,,ryu_controller,405707,9.9,60551168,16782,69978,86760,9,89.5375
2026-04-24T22:12:49.515261+00:00,recovery_scenario,iperf_tcp,10,9,,twin_core,405717,0.0,67518464,8325,1077,9402,9,89.534
2026-04-24T22:12:49.515261+00:00,recovery_scenario,iperf_tcp,10,9,,ryu_controller,405707,9.9,60551168,16798,69978,86776,16,159.1694
2026-04-24T22:12:49.615817+00:00,recovery_scenario,iperf_tcp,10,9,,twin_core,405717,0.0,67518464,8328,1077,9405,3,29.8311
2026-04-24T22:12:49.615817+00:00,recovery_scenario,iperf_tcp,10,9,,ryu_controller,405707,59.7,60551168,16835,69978,86813,37,367.9159
2026-04-24T22:12:49.716290+00:00,recovery_scenario,iperf_tcp,10,9,,twin_core,405717,10.0,67518464,8331,1077,9408,3,29.8694
2026-04-24T22:12:49.716290+00:00,recovery_scenario,iperf_tcp,10,9,,ryu_controller,405707,29.9,60551168,16861,69978,86839,26,258.8945
2026-04-24T22:12:49.816740+00:00,recovery_scenario,iperf_tcp,10,9,,twin_core,405717,0.0,67518464,8337,1077,9414,6,59.7306
2026-04-24T22:12:49.816740+00:00,recovery_scenario,iperf_tcp,10,9,,ryu_controller,405707,10.0,60551168,16884,69978,86862,23,228.9613
2026-04-24T22:12:49.917184+00:00,recovery_scenario,iperf_tcp,10,9,,twin_core,405717,0.0,67518464,8346,1077,9423,9,89.5801
2026-04-24T22:12:49.917184+00:00,recovery_scenario,iperf_tcp,10,9,,ryu_controller,405707,19.9,60551168,16903,69978,86881,19,189.0969
2026-04-24T22:12:50.017659+00:00,recovery_scenario,iperf_tcp,10,9,,twin_core,405717,0.0,67518464,8349,1077,9426,3,29.8431
2026-04-24T22:12:50.017659+00:00,recovery_scenario,iperf_tcp,10,9,,ryu_controller,405707,9.9,60551168,16944,69978,86922,41,407.8584
2026-04-24T22:12:50.122836+00:00,recovery_scenario,iperf_tcp,10,9,,twin_core,405717,0.0,67518464,8352,1077,9429,3,28.537
2026-04-24T22:12:50.122836+00:00,recovery_scenario,iperf_tcp,10,9,,ryu_controller,405707,0.0,60551168,16948,69978,86926,4,38.0497
2026-04-24T22:12:50.223312+00:00,recovery_scenario,iperf_tcp,10,9,,twin_core,405717,0.0,67518464,8358,1077,9435,6,59.7329
2026-04-24T22:12:50.223312+00:00,recovery_scenario,iperf_tcp,10,9,,ryu_controller,405707,0.0,60551168,16956,69978,86934,8,79.6578
2026-04-24T22:12:50.323731+00:00,recovery_scenario,iperf_tcp,10,9,,twin_core,405717,10.0,67518464,8364,1077,9441,6,59.745
2026-04-24T22:12:50.323731+00:00,recovery_scenario,iperf_tcp,10,9,,ryu_controller,405707,10.0,60551168,16970,69978,86948,14,139.3964
2026-04-24T22:12:50.424162+00:00,recovery_scenario,iperf_tcp,10,9,,twin_core,405717,0.0,67518464,8367,1077,9444,3,29.8548
2026-04-24T22:12:50.424162+00:00,recovery_scenario,iperf_tcp,10,9,,ryu_controller,405707,29.9,60551168,16986,69978,86964,16,159.217
2026-04-24T22:12:50.525341+00:00,recovery_scenario,iperf_tcp,10,9,,twin_core,405717,0.0,67518464,8370,1077,9447,3,29.6669
2026-04-24T22:12:50.525341+00:00,recovery_scenario,iperf_tcp,10,9,,ryu_controller,405707,0.0,60551168,16991,69978,86969,5,49.4491
2026-04-24T22:12:50.547100+00:00,recovery_scenario,iperf_tcp,10,9,pingall_completed,,,,,,,,,
2026-04-24T22:12:50.630552+00:00,recovery_scenario,iperf_tcp,10,9,,twin_core,405717,0.0,67518464,8383,1078,9461,14,132.8139
2026-04-24T22:12:50.630552+00:00,recovery_scenario,iperf_tcp,10,9,,ryu_controller,405707,9.5,60551168,17017,69979,86996,27,255.4835
2026-04-24T22:12:50.731475+00:00,recovery_scenario,iperf_tcp,10,9,,twin_core,405717,0.0,67518464,8383,1078,9461,0,0.0
2026-04-24T22:12:50.731475+00:00,recovery_scenario,iperf_tcp,10,9,,ryu_controller,405707,0.0,60551168,17030,69979,87009,13,129.1887
2026-04-24T22:12:50.836693+00:00,recovery_scenario,iperf_tcp,10,9,,twin_core,405717,0.0,67518464,8383,1078,9461,0,0.0
2026-04-24T22:12:50.836693+00:00,recovery_scenario,iperf_tcp,10,9,,ryu_controller,405707,9.5,60551168,17034,69979,87013,4,37.9769
2026-04-24T22:12:50.937432+00:00,recovery_scenario,iperf_tcp,10,9,,twin_core,405717,0.0,67518464,8383,1078,9461,0,0.0
2026-04-24T22:12:50.937432+00:00,recovery_scenario,iperf_tcp,10,9,,ryu_controller,405707,10.0,60551168,17048,69979,87027,14,139.3196
2026-04-24T22:12:51.040867+00:00,recovery_scenario,iperf_tcp,10,9,,twin_core,405717,9.7,67518464,8383,1078,9461,0,0.0
2026-04-24T22:12:51.040867+00:00,recovery_scenario,iperf_tcp,10,9,,ryu_controller,405707,9.7,60551168,17069,69979,87048,21,203.1653
2026-04-24T22:12:51.146083+00:00,recovery_scenario,iperf_tcp,10,9,,twin_core,405717,0.0,67567616,8383,1078,9461,0,0.0
2026-04-24T22:12:51.146083+00:00,recovery_scenario,iperf_tcp,10,9,,ryu_controller,405707,56.7,60559360,17106,69979,87085,37,349.599
2026-04-24T22:12:51.248470+00:00,recovery_scenario,iperf_tcp,10,9,,twin_core,405717,0.0,67567616,8383,1078,9461,0,0.0
2026-04-24T22:12:51.248470+00:00,recovery_scenario,iperf_tcp,10,9,,ryu_controller,405707,0.0,60559360,17110,69979,87089,4,39.1966
2026-04-24T22:12:51.349167+00:00,recovery_scenario,iperf_tcp,10,9,,twin_core,405717,0.0,67567616,8383,1078,9461,0,0.0
2026-04-24T22:12:51.349167+00:00,recovery_scenario,iperf_tcp,10,9,,ryu_controller,405707,0.0,60559360,17112,69979,87091,2,19.8649
2026-04-24T22:12:51.450773+00:00,recovery_scenario,iperf_tcp,10,9,,twin_core,405717,9.8,67567616,8383,1078,9461,0,0.0
2026-04-24T22:12:51.450773+00:00,recovery_scenario,iperf_tcp,10,9,,ryu_controller,405707,0.0,60559360,17116,69979,87095,4,39.3839
2026-04-24T22:12:51.555472+00:00,recovery_scenario,iperf_tcp,10,9,,twin_core,405717,0.0,67567616,8383,1078,9461,0,0.0
2026-04-24T22:12:51.555472+00:00,recovery_scenario,iperf_tcp,10,9,,ryu_controller,405707,0.0,60559360,17120,69979,87099,4,36.621
2026-04-24T22:12:51.660683+00:00,recovery_scenario,iperf_tcp,10,9,,twin_core,405717,0.0,67567616,8388,1080,9468,7,67.0556
2026-04-24T22:12:51.660683+00:00,recovery_scenario,iperf_tcp,10,9,,ryu_controller,405707,19.9,60559360,17132,69979,87111,12,119.3294
2026-04-24T22:12:51.761192+00:00,recovery_scenario,iperf_tcp,10,9,,twin_core,405717,0.0,67567616,8388,1080,9468,0,0.0
2026-04-24T22:12:51.761192+00:00,recovery_scenario,iperf_tcp,10,9,,ryu_controller,405707,69.6,60559360,17173,69985,87158,47,467.6751
2026-04-24T22:12:51.862629+00:00,recovery_scenario,iperf_tcp,10,9,,twin_core,405717,0.0,67567616,8388,1080,9468,0,0.0
2026-04-24T22:12:51.862629+00:00,recovery_scenario,iperf_tcp,10,9,,ryu_controller,405707,0.0,60559360,17175,69985,87160,2,19.6895
2026-04-24T22:12:51.963997+00:00,recovery_scenario,iperf_tcp,10,9,,twin_core,405717,0.0,67567616,8388,1080,9468,0,0.0
2026-04-24T22:12:51.963997+00:00,recovery_scenario,iperf_tcp,10,9,,ryu_controller,405707,0.0,60559360,17178,69988,87166,6,57.7232
2026-04-24T22:12:52.069854+00:00,recovery_scenario,iperf_tcp,10,9,,twin_core,405717,0.0,67567616,8388,1080,9468,0,0.0
2026-04-24T22:12:52.069854+00:00,recovery_scenario,iperf_tcp,10,9,,ryu_controller,405707,0.0,60559360,17194,69992,87186,20,193.9531
2026-04-24T22:12:52.170327+00:00,recovery_scenario,iperf_tcp,10,9,,twin_core,405717,0.0,67567616,8388,1080,9468,0,0.0
2026-04-24T22:12:52.170327+00:00,recovery_scenario,iperf_tcp,10,9,,ryu_controller,405707,0.0,60559360,17205,69996,87201,15,149.052
2026-04-24T22:12:52.270962+00:00,recovery_scenario,iperf_tcp,10,9,,twin_core,405717,0.0,67567616,8388,1080,9468,0,0.0
2026-04-24T22:12:52.270962+00:00,recovery_scenario,iperf_tcp,10,9,,ryu_controller,405707,0.0,60559360,17209,69999,87208,7,69.6457
2026-04-24T22:12:52.376844+00:00,recovery_scenario,iperf_tcp,10,9,,twin_core,405717,0.0,67567616,8388,1080,9468,0,0.0
2026-04-24T22:12:52.376844+00:00,recovery_scenario,iperf_tcp,10,9,,ryu_controller,405707,9.4,60559360,17213,70005,87218,10,94.4174
2026-04-24T22:12:52.477392+00:00,recovery_scenario,iperf_tcp,10,9,,twin_core,405717,0.0,67567616,8388,1080,9468,0,0.0
2026-04-24T22:12:52.477392+00:00,recovery_scenario,iperf_tcp,10,9,,ryu_controller,405707,0.0,60559360,17222,70007,87229,11,109.295
2026-04-24T22:12:52.564821+00:00,recovery_scenario,iperf_tcp,10,9,background_traffic_started,,,,,,,,,
2026-04-24T22:12:52.577975+00:00,recovery_scenario,iperf_tcp,10,9,,twin_core,405717,9.9,67567616,8390,1082,9472,4,39.7959
2026-04-24T22:12:52.577975+00:00,recovery_scenario,iperf_tcp,10,9,,ryu_controller,405707,0.0,60559360,17256,70008,87264,35,348.5087
2026-04-24T22:12:52.678423+00:00,recovery_scenario,iperf_tcp,10,9,,twin_core,405717,10.0,67567616,8402,1084,9486,14,139.3494
2026-04-24T22:12:52.678423+00:00,recovery_scenario,iperf_tcp,10,9,,ryu_controller,405707,29.9,60559360,17271,70022,87293,29,284.4727
2026-04-24T22:12:52.780842+00:00,recovery_scenario,iperf_tcp,10,9,,twin_core,405717,0.0,67567616,8410,1089,9499,13,126.8313
2026-04-24T22:12:52.780842+00:00,recovery_scenario,iperf_tcp,10,9,,ryu_controller,405707,39.0,60559360,17282,70044,87326,33,326.7789
2026-04-24T22:12:52.867969+00:00,recovery_scenario,iperf_tcp,10,9,fault_injected,,,,,,,,,
2026-04-24T22:12:52.883750+00:00,recovery_scenario,iperf_tcp,10,9,,twin_core,405717,9.7,67571712,8419,1094,9513,14,136.1584
2026-04-24T22:12:52.883750+00:00,recovery_scenario,iperf_tcp,10,9,,ryu_controller,405707,19.5,60559360,17292,70058,87350,24,233.463
2026-04-24T22:12:52.984171+00:00,recovery_scenario,iperf_tcp,10,9,,twin_core,405717,0.0,67571712,8419,1094,9513,0,0.0
2026-04-24T22:12:52.984171+00:00,recovery_scenario,iperf_tcp,10,9,,ryu_controller,405707,39.8,60559360,17293,70069,87362,12,119.4572
2026-04-24T22:12:53.084833+00:00,recovery_scenario,iperf_tcp,10,9,,twin_core,405717,0.0,67571712,8419,1094,9513,0,0.0
2026-04-24T22:12:53.084833+00:00,recovery_scenario,iperf_tcp,10,9,,ryu_controller,405707,29.8,60559360,17293,70117,87410,48,477.0497
2026-04-24T22:12:53.187499+00:00,recovery_scenario,iperf_tcp,10,9,,twin_core,405717,0.0,67571712,8419,1094,9513,0,0.0
2026-04-24T22:12:53.187499+00:00,recovery_scenario,iperf_tcp,10,9,,ryu_controller,405707,58.4,60559360,17293,70266,87559,149,1449.2132
2026-04-24T22:12:53.288115+00:00,recovery_scenario,iperf_tcp,10,9,,twin_core,405717,0.0,67571712,8419,1094,9513,0,0.0
2026-04-24T22:12:53.288115+00:00,recovery_scenario,iperf_tcp,10,9,,ryu_controller,405707,79.6,60559360,17293,70316,87609,50,497.6441
2026-04-24T22:12:53.388546+00:00,recovery_scenario,iperf_tcp,10,9,,twin_core,405717,10.0,67571712,8420,1094,9514,1,9.959
2026-04-24T22:12:53.388546+00:00,recovery_scenario,iperf_tcp,10,9,,ryu_controller,405707,99.4,60559360,17293,70471,87764,155,1539.725
2026-04-24T22:12:53.491775+00:00,recovery_scenario,iperf_tcp,10,9,,twin_core,405717,0.0,67571712,8420,1094,9514,0,0.0
2026-04-24T22:12:53.491775+00:00,recovery_scenario,iperf_tcp,10,9,,ryu_controller,405707,87.4,60559360,17293,70619,87912,148,1437.3521
2026-04-24T22:12:53.592170+00:00,recovery_scenario,iperf_tcp,10,9,,twin_core,405717,0.0,67571712,8420,1094,9514,0,0.0
2026-04-24T22:12:53.592170+00:00,recovery_scenario,iperf_tcp,10,9,,ryu_controller,405707,69.7,60559360,17293,70844,88137,225,2238.241
2026-04-24T22:12:53.692686+00:00,recovery_scenario,iperf_tcp,10,9,,twin_core,405717,0.0,67571712,8420,1094,9514,0,0.0
2026-04-24T22:12:53.692686+00:00,recovery_scenario,iperf_tcp,10,9,,ryu_controller,405707,79.6,60559360,17293,71120,88413,276,2746.7233
2026-04-24T22:12:53.793269+00:00,recovery_scenario,iperf_tcp,10,9,,twin_core,405717,0.0,67571712,8420,1094,9514,0,0.0
2026-04-24T22:12:53.793269+00:00,recovery_scenario,iperf_tcp,10,9,,ryu_controller,405707,69.6,60559360,17293,71408,88701,288,2863.3013
2026-04-24T22:12:53.893838+00:00,recovery_scenario,iperf_tcp,10,9,,twin_core,405717,0.0,67571712,8421,1094,9515,1,9.9306
2026-04-24T22:12:53.893838+00:00,recovery_scenario,iperf_tcp,10,9,,ryu_controller,405707,69.5,60559360,17293,71726,89019,318,3157.0994
2026-04-24T22:12:53.994477+00:00,recovery_scenario,iperf_tcp,10,9,,twin_core,405717,0.0,67571712,8421,1094,9515,0,0.0
2026-04-24T22:12:53.994477+00:00,recovery_scenario,iperf_tcp,10,9,,ryu_controller,405707,69.6,60559360,17293,72025,89318,299,2973.9003
2026-04-24T22:12:54.095617+00:00,recovery_scenario,iperf_tcp,10,9,,twin_core,405717,0.0,67571712,8421,1094,9515,0,0.0
2026-04-24T22:12:54.095617+00:00,recovery_scenario,iperf_tcp,10,9,,ryu_controller,405707,77.4,60559360,17293,72251,89544,226,2185.5018
2026-04-24T22:12:54.198577+00:00,recovery_scenario,iperf_tcp,10,9,,twin_core,405717,0.0,67571712,8421,1094,9515,0,0.0
2026-04-24T22:12:54.198577+00:00,recovery_scenario,iperf_tcp,10,9,,ryu_controller,405707,59.6,60559360,17293,72516,89809,265,2633.207
2026-04-24T22:12:54.299062+00:00,recovery_scenario,iperf_tcp,10,9,,twin_core,405717,0.0,67571712,8421,1094,9515,0,0.0
2026-04-24T22:12:54.299062+00:00,recovery_scenario,iperf_tcp,10,9,,ryu_controller,405707,69.7,60559360,17293,72792,90085,276,2749.1583
2026-04-24T22:12:54.399460+00:00,recovery_scenario,iperf_tcp,10,9,,twin_core,405717,0.0,67571712,8422,1094,9516,1,9.959
2026-04-24T22:12:54.399460+00:00,recovery_scenario,iperf_tcp,10,9,,ryu_controller,405707,69.7,60559360,17293,73011,90304,219,2178.8689
2026-04-24T22:12:54.508848+00:00,recovery_scenario,iperf_tcp,10,9,,twin_core,405717,0.0,67571712,8422,1094,9516,0,0.0
2026-04-24T22:12:54.508848+00:00,recovery_scenario,iperf_tcp,10,9,,ryu_controller,405707,73.1,60559360,17293,73301,90594,290,2652.359
2026-04-24T22:12:54.609305+00:00,recovery_scenario,iperf_tcp,10,9,,twin_core,405717,0.0,67571712,8422,1094,9516,0,0.0
2026-04-24T22:12:54.609305+00:00,recovery_scenario,iperf_tcp,10,9,,ryu_controller,405707,59.8,60559360,17293,73686,90979,385,3834.0459
2026-04-24T22:12:54.709695+00:00,recovery_scenario,iperf_tcp,10,9,,twin_core,405717,0.0,67571712,8422,1094,9516,0,0.0
2026-04-24T22:12:54.709695+00:00,recovery_scenario,iperf_tcp,10,9,,ryu_controller,405707,69.5,60559360,17293,73997,91290,311,3087.1196
2026-04-24T22:12:54.810489+00:00,recovery_scenario,iperf_tcp,10,9,,twin_core,405717,0.0,67571712,8422,1094,9516,0,0.0
2026-04-24T22:12:54.810489+00:00,recovery_scenario,iperf_tcp,10,9,,ryu_controller,405707,49.7,60559360,17293,74096,91389,99,972.1939
2026-04-24T22:12:54.915849+00:00,recovery_scenario,iperf_tcp,10,9,,twin_core,405717,0.0,67571712,8423,1094,9517,1,9.4865
2026-04-24T22:12:54.915849+00:00,recovery_scenario,iperf_tcp,10,9,,ryu_controller,405707,38.0,60559360,17293,74218,91511,122,1172.9712
2026-04-24T22:12:55.016330+00:00,recovery_scenario,iperf_tcp,10,9,,twin_core,405717,0.0,67571712,8423,1094,9517,0,0.0
2026-04-24T22:12:55.016330+00:00,recovery_scenario,iperf_tcp,10,9,,ryu_controller,405707,39.8,60559360,17293,74396,91689,178,1771.2252
2026-04-24T22:12:55.117422+00:00,recovery_scenario,iperf_tcp,10,9,,twin_core,405717,9.9,67571712,8423,1094,9517,0,0.0
2026-04-24T22:12:55.117422+00:00,recovery_scenario,iperf_tcp,10,9,,ryu_controller,405707,49.2,60559360,17293,74572,91865,176,1718.3166
2026-04-24T22:12:55.219634+00:00,recovery_scenario,iperf_tcp,10,9,,twin_core,405717,0.0,67571712,8423,1094,9517,0,0.0
2026-04-24T22:12:55.219634+00:00,recovery_scenario,iperf_tcp,10,9,,ryu_controller,405707,38.7,60559360,17293,74734,92027,162,1568.2296
2026-04-24T22:12:55.322824+00:00,recovery_scenario,iperf_tcp,10,9,,twin_core,405717,0.0,67571712,8423,1094,9517,0,0.0
2026-04-24T22:12:55.322824+00:00,recovery_scenario,iperf_tcp,10,9,,ryu_controller,405707,49.3,60559360,17294,74874,92168,141,1399.4575
2026-04-24T22:12:55.423538+00:00,recovery_scenario,iperf_tcp,10,9,,twin_core,405717,0.0,67571712,8432,1105,9537,20,196.8331
2026-04-24T22:12:55.423538+00:00,recovery_scenario,iperf_tcp,10,9,,ryu_controller,405707,29.5,60559360,17305,74941,92246,78,767.2588
2026-04-24T22:12:55.525797+00:00,recovery_scenario,iperf_tcp,10,9,,twin_core,405717,19.6,67571712,8444,1120,9564,27,266.3892
2026-04-24T22:12:55.525797+00:00,recovery_scenario,iperf_tcp,10,9,,ryu_controller,405707,39.5,60559360,17315,75029,92344,98,967.1224
2026-04-24T22:12:55.582316+00:00,recovery_scenario,iperf_tcp,10,9,recovery_requested,,,,,,,,,
2026-04-24T22:12:55.626807+00:00,recovery_scenario,iperf_tcp,10,9,,twin_core,405717,9.9,67575808,8453,1127,9580,16,158.4204
2026-04-24T22:12:55.626807+00:00,recovery_scenario,iperf_tcp,10,9,,ryu_controller,405707,29.7,60559360,17325,75088,92413,69,683.4689
2026-04-24T22:12:55.727239+00:00,recovery_scenario,iperf_tcp,10,9,,twin_core,405717,0.0,67575808,8453,1127,9580,0,0.0
2026-04-24T22:12:55.727239+00:00,recovery_scenario,iperf_tcp,10,9,,ryu_controller,405707,19.9,60559360,17343,75160,92503,90,895.9939
2026-04-24T22:12:55.829644+00:00,recovery_scenario,iperf_tcp,10,9,,twin_core,405717,0.0,67575808,8453,1127,9580,0,0.0
2026-04-24T22:12:55.829644+00:00,recovery_scenario,iperf_tcp,10,9,,ryu_controller,405707,29.3,60559360,17358,75276,92634,131,1277.268
2026-04-24T22:12:55.932846+00:00,recovery_scenario,iperf_tcp,10,9,,twin_core,405717,0.0,67575808,8453,1127,9580,0,0.0
2026-04-24T22:12:55.932846+00:00,recovery_scenario,iperf_tcp,10,9,,ryu_controller,405707,38.8,60559360,17369,75380,92749,115,1116.1437
2026-04-24T22:12:56.036377+00:00,recovery_scenario,iperf_tcp,10,9,,twin_core,405717,0.0,67575808,8453,1127,9580,0,0.0
2026-04-24T22:12:56.036377+00:00,recovery_scenario,iperf_tcp,10,9,,ryu_controller,405707,19.3,60559360,17381,75485,92866,117,1130.57
2026-04-24T22:12:56.136762+00:00,recovery_scenario,iperf_tcp,10,9,,twin_core,405717,0.0,67575808,8454,1128,9582,2,19.921
2026-04-24T22:12:56.136762+00:00,recovery_scenario,iperf_tcp,10,9,,ryu_controller,405707,29.9,60559360,17397,75582,92979,113,1125.4607
2026-04-24T22:12:56.237166+00:00,recovery_scenario,iperf_tcp,10,9,,twin_core,405717,0.0,67575808,8454,1128,9582,0,0.0
2026-04-24T22:12:56.237166+00:00,recovery_scenario,iperf_tcp,10,9,,ryu_controller,405707,39.8,60559360,17408,75688,93096,117,1164.9341
2026-04-24T22:12:56.337596+00:00,recovery_scenario,iperf_tcp,10,9,,twin_core,405717,0.0,67575808,8454,1128,9582,0,0.0
2026-04-24T22:12:56.337596+00:00,recovery_scenario,iperf_tcp,10,9,,ryu_controller,405707,39.8,60559360,17408,75870,93278,182,1809.218
2026-04-24T22:12:56.438455+00:00,recovery_scenario,iperf_tcp,10,9,,twin_core,405717,0.0,67575808,8454,1128,9582,0,0.0
2026-04-24T22:12:56.438455+00:00,recovery_scenario,iperf_tcp,10,9,,ryu_controller,405707,49.6,60559360,17408,76106,93514,236,2341.9312
2026-04-24T22:12:56.541015+00:00,recovery_scenario,iperf_tcp,10,9,,twin_core,405717,0.0,67575808,8454,1128,9582,0,0.0
2026-04-24T22:12:56.541015+00:00,recovery_scenario,iperf_tcp,10,9,,ryu_controller,405707,38.3,60559360,17408,76304,93712,198,1899.7058
2026-04-24T22:12:56.644069+00:00,recovery_scenario,iperf_tcp,10,9,,twin_core,405717,0.0,67575808,8455,1128,9583,1,9.6755
2026-04-24T22:12:56.644069+00:00,recovery_scenario,iperf_tcp,10,9,,ryu_controller,405707,68.5,60559360,17408,76577,93985,273,2670.139
2026-04-24T22:12:56.749906+00:00,recovery_scenario,iperf_tcp,10,9,,twin_core,405717,0.0,67575808,8455,1128,9583,0,0.0
2026-04-24T22:12:56.749906+00:00,recovery_scenario,iperf_tcp,10,9,,ryu_controller,405707,66.7,60559360,17408,76841,94249,264,2514.6789
2026-04-24T22:12:56.851770+00:00,recovery_scenario,iperf_tcp,10,9,,twin_core,405717,0.0,67575808,8455,1128,9583,0,0.0
2026-04-24T22:12:56.851770+00:00,recovery_scenario,iperf_tcp,10,9,,ryu_controller,405707,58.9,60559360,17408,76957,94365,116,1138.7007
2026-04-24T22:12:56.954227+00:00,recovery_scenario,iperf_tcp,10,9,,twin_core,405717,0.0,67575808,8455,1128,9583,0,0.0
2026-04-24T22:12:56.954227+00:00,recovery_scenario,iperf_tcp,10,9,,ryu_controller,405707,58.6,60559360,17408,77077,94485,120,1171.5867
2026-04-24T22:12:57.054881+00:00,recovery_scenario,iperf_tcp,10,9,,twin_core,405717,0.0,67575808,8455,1128,9583,0,0.0
2026-04-24T22:12:57.054881+00:00,recovery_scenario,iperf_tcp,10,9,,ryu_controller,405707,69.6,60559360,17408,77308,94716,231,2296.7937
2026-04-24T22:12:57.157422+00:00,recovery_scenario,iperf_tcp,10,9,,twin_core,405717,0.0,67575808,8456,1128,9584,1,9.7536
2026-04-24T22:12:57.157422+00:00,recovery_scenario,iperf_tcp,10,9,,ryu_controller,405707,87.8,60559360,17408,77332,94740,24,234.0853
2026-04-24T22:12:57.259523+00:00,recovery_scenario,iperf_tcp,10,9,,twin_core,405717,0.0,67575808,8456,1128,9584,0,0.0
2026-04-24T22:12:57.259523+00:00,recovery_scenario,iperf_tcp,10,9,,ryu_controller,405707,48.8,60559360,17408,77515,94923,183,1786.6508
2026-04-24T22:12:57.360268+00:00,recovery_scenario,iperf_tcp,10,9,,twin_core,405717,0.0,67575808,8456,1128,9584,0,0.0
2026-04-24T22:12:57.360268+00:00,recovery_scenario,iperf_tcp,10,9,,ryu_controller,405707,59.7,60559360,17408,77670,95078,155,1541.5269
2026-04-24T22:12:57.464095+00:00,recovery_scenario,iperf_tcp,10,9,,twin_core,405717,0.0,67575808,8456,1128,9584,0,0.0
2026-04-24T22:12:57.464095+00:00,recovery_scenario,iperf_tcp,10,9,,ryu_controller,405707,57.9,60559360,17408,77831,95239,161,1552.7358
2026-04-24T22:12:57.564979+00:00,recovery_scenario,iperf_tcp,10,9,,twin_core,405717,9.9,67575808,8456,1128,9584,0,0.0
2026-04-24T22:12:57.564979+00:00,recovery_scenario,iperf_tcp,10,9,,ryu_controller,405707,79.2,60559360,17408,78061,95469,230,2270.6875
2026-04-24T22:12:57.668663+00:00,recovery_scenario,iperf_tcp,10,9,,twin_core,405717,0.0,67575808,8457,1129,9586,2,19.2712
2026-04-24T22:12:57.668663+00:00,recovery_scenario,iperf_tcp,10,9,,ryu_controller,405707,57.8,60559360,17408,78223,95631,162,1566.3014
2026-04-24T22:12:57.769219+00:00,recovery_scenario,iperf_tcp,10,9,,twin_core,405717,0.0,67575808,8457,1129,9586,0,0.0
2026-04-24T22:12:57.769219+00:00,recovery_scenario,iperf_tcp,10,9,,ryu_controller,405707,59.7,60559360,17408,78386,95794,163,1623.0811
2026-04-24T22:12:57.869801+00:00,recovery_scenario,iperf_tcp,10,9,,twin_core,405717,0.0,67575808,8457,1129,9586,0,0.0
2026-04-24T22:12:57.869801+00:00,recovery_scenario,iperf_tcp,10,9,,ryu_controller,405707,59.6,60559360,17408,78632,96040,246,2444.9485
2026-04-24T22:12:57.971856+00:00,recovery_scenario,iperf_tcp,10,9,,twin_core,405717,0.0,67575808,8457,1129,9586,0,0.0
2026-04-24T22:12:57.971856+00:00,recovery_scenario,iperf_tcp,10,9,,ryu_controller,405707,58.8,60559360,17408,78812,96220,180,1764.257
2026-04-24T22:12:58.072266+00:00,recovery_scenario,iperf_tcp,10,9,,twin_core,405717,0.0,67575808,8457,1129,9586,0,0.0
2026-04-24T22:12:58.072266+00:00,recovery_scenario,iperf_tcp,10,9,,ryu_controller,405707,59.8,60559360,17408,79095,96503,283,2818.578
2026-04-24T22:12:58.172821+00:00,recovery_scenario,iperf_tcp,10,9,,twin_core,405717,0.0,67575808,8458,1129,9587,1,9.9311
2026-04-24T22:12:58.172821+00:00,recovery_scenario,iperf_tcp,10,9,,ryu_controller,405707,79.4,60559360,17408,79369,96777,274,2720.7509
2026-04-24T22:12:58.273588+00:00,recovery_scenario,iperf_tcp,10,9,,twin_core,405717,0.0,67575808,8458,1129,9587,0,0.0
2026-04-24T22:12:58.273588+00:00,recovery_scenario,iperf_tcp,10,9,,ryu_controller,405707,69.4,60559360,17408,79682,97090,313,3104.9126
2026-04-24T22:12:58.374393+00:00,recovery_scenario,iperf_tcp,10,9,,twin_core,405717,0.0,67575808,8458,1129,9587,0,0.0
2026-04-24T22:12:58.374393+00:00,recovery_scenario,iperf_tcp,10,9,,ryu_controller,405707,69.6,60559360,17408,79968,97376,286,2842.0492
2026-04-24T22:12:58.475504+00:00,recovery_scenario,iperf_tcp,10,9,,twin_core,405717,0.0,67575808,8458,1129,9587,0,0.0
2026-04-24T22:12:58.475504+00:00,recovery_scenario,iperf_tcp,10,9,,ryu_controller,405707,49.4,60559360,17408,80250,97658,282,2784.837
2026-04-24T22:12:58.578435+00:00,recovery_scenario,iperf_tcp,10,9,,twin_core,405717,9.7,67575808,8458,1129,9587,0,0.0
2026-04-24T22:12:58.578435+00:00,recovery_scenario,iperf_tcp,10,9,,ryu_controller,405707,48.6,60559360,17408,80420,97828,170,1651.9631
2026-04-24T22:12:58.678984+00:00,recovery_scenario,iperf_tcp,10,9,,twin_core,405717,0.0,67575808,8459,1129,9588,1,9.9428
2026-04-24T22:12:58.678984+00:00,recovery_scenario,iperf_tcp,10,9,,ryu_controller,405707,39.7,60559360,17413,80528,97941,113,1120.8484
2026-04-24T22:12:58.780607+00:00,recovery_scenario,iperf_tcp,10,9,,twin_core,405717,0.0,67575808,8459,1129,9588,0,0.0
2026-04-24T22:12:58.780607+00:00,recovery_scenario,iperf_tcp,10,9,,ryu_controller,405707,0.0,60559360,17421,80534,97955,14,138.0388
2026-04-24T22:12:58.883374+00:00,recovery_scenario,iperf_tcp,10,9,,twin_core,405717,0.0,67575808,8459,1129,9588,0,0.0
2026-04-24T22:12:58.883374+00:00,recovery_scenario,iperf_tcp,10,9,,ryu_controller,405707,0.0,60559360,17430,80538,97968,13,126.4803
2026-04-24T22:12:58.986412+00:00,recovery_scenario,iperf_tcp,10,9,,twin_core,405717,0.0,67575808,8459,1129,9588,0,0.0
2026-04-24T22:12:58.986412+00:00,recovery_scenario,iperf_tcp,10,9,,ryu_controller,405707,9.7,60559360,17439,80541,97980,12,116.415
2026-04-24T22:12:59.090344+00:00,recovery_scenario,iperf_tcp,10,9,,twin_core,405717,0.0,67575808,8459,1129,9588,0,0.0
2026-04-24T22:12:59.090344+00:00,recovery_scenario,iperf_tcp,10,9,,ryu_controller,405707,0.0,60559360,17448,80544,97992,12,115.7459
2026-04-24T22:12:59.191604+00:00,recovery_scenario,iperf_tcp,10,9,,twin_core,405717,9.9,67575808,8464,1132,9596,8,78.8591
2026-04-24T22:12:59.191604+00:00,recovery_scenario,iperf_tcp,10,9,,ryu_controller,405707,19.7,60559360,17448,80633,98081,89,877.3952
2026-04-24T22:12:59.293392+00:00,recovery_scenario,iperf_tcp,10,9,,twin_core,405717,0.0,67575808,8483,1140,9623,27,265.5443
2026-04-24T22:12:59.293392+00:00,recovery_scenario,iperf_tcp,10,9,,ryu_controller,405707,39.3,60559360,17467,80740,98207,126,1237.5681
2026-04-24T22:12:59.316647+00:00,recovery_scenario,iperf_tcp,10,9,scenario_teardown,,,,,,,,,
2026-04-24T22:12:59.394065+00:00,recovery_scenario,iperf_tcp,10,9,,twin_core,405717,19.9,67579904,8501,1145,9646,23,228.619
2026-04-24T22:12:59.394065+00:00,recovery_scenario,iperf_tcp,10,9,,ryu_controller,405707,10.0,60559360,17485,80758,98243,36,358.369
2026-04-24T22:12:59.494491+00:00,recovery_scenario,iperf_tcp,10,9,,twin_core,405717,0.0,67579904,8529,1148,9677,31,308.7274
2026-04-24T22:12:59.494491+00:00,recovery_scenario,iperf_tcp,10,9,,ryu_controller,405707,19.9,60559360,17497,80765,98262,19,188.7645
2026-04-24T22:12:59.595157+00:00,recovery_scenario,iperf_tcp,10,9,,twin_core,405717,0.0,67584000,8542,1149,9691,14,139.0179
2026-04-24T22:12:59.595157+00:00,recovery_scenario,iperf_tcp,10,9,,ryu_controller,405707,0.0,60559360,17512,80767,98279,17,169.1922
2026-04-24T22:12:59.695611+00:00,recovery_scenario,iperf_tcp,10,9,,twin_core,405717,0.0,67584000,8542,1149,9691,0,0.0
2026-04-24T22:12:59.695611+00:00,recovery_scenario,iperf_tcp,10,9,,ryu_controller,405707,19.9,60559360,17526,80769,98295,16,159.2706
2026-04-24T22:13:00.199837+00:00,recovery_scenario,iperf_tcp,10,10,,twin_core,405717,0.0,67584000,8933,1208,10141,0,0.0
2026-04-24T22:13:00.199837+00:00,recovery_scenario,iperf_tcp,10,10,,ryu_controller,405707,0.0,60559360,17553,80769,98322,0,0.0
2026-04-24T22:13:00.301338+00:00,recovery_scenario,iperf_tcp,10,10,,twin_core,405717,9.9,67584000,8980,1216,10196,55,547.6784
2026-04-24T22:13:00.301338+00:00,recovery_scenario,iperf_tcp,10,10,,ryu_controller,405707,39.8,60559360,17581,80783,98364,42,418.1882
2026-04-24T22:13:00.401856+00:00,recovery_scenario,iperf_tcp,10,10,,twin_core,405717,0.0,67584000,9083,1217,10300,104,1034.287
2026-04-24T22:13:00.401856+00:00,recovery_scenario,iperf_tcp,10,10,,ryu_controller,405707,19.9,60559360,17610,80785,98395,31,308.3484
2026-04-24T22:13:00.456449+00:00,recovery_scenario,iperf_tcp,10,10,service_started,,,,,,,,,
2026-04-24T22:13:00.502321+00:00,recovery_scenario,iperf_tcp,10,10,,twin_core,405717,19.9,67584000,9140,1217,10357,57,567.6493
2026-04-24T22:13:00.502321+00:00,recovery_scenario,iperf_tcp,10,10,,ryu_controller,405707,49.8,60559360,17675,80788,98463,68,677.1771
2026-04-24T22:13:00.603347+00:00,recovery_scenario,iperf_tcp,10,10,,twin_core,405717,9.9,67584000,9141,1217,10358,1,9.8951
2026-04-24T22:13:00.603347+00:00,recovery_scenario,iperf_tcp,10,10,,ryu_controller,405707,19.8,60559360,17712,80788,98500,37,366.1391
2026-04-24T22:13:00.703835+00:00,recovery_scenario,iperf_tcp,10,10,,twin_core,405717,0.0,67584000,9141,1217,10358,0,0.0
2026-04-24T22:13:00.703835+00:00,recovery_scenario,iperf_tcp,10,10,,ryu_controller,405707,49.8,60559360,17779,80788,98567,67,667.0188
2026-04-24T22:13:00.806211+00:00,recovery_scenario,iperf_tcp,10,10,,twin_core,405717,0.0,67584000,9141,1217,10358,0,0.0
2026-04-24T22:13:00.806211+00:00,recovery_scenario,iperf_tcp,10,10,,ryu_controller,405707,9.8,60559360,17832,80788,98620,53,517.6736
2026-04-24T22:13:00.906621+00:00,recovery_scenario,iperf_tcp,10,10,,twin_core,405717,0.0,67584000,9141,1217,10358,0,0.0
2026-04-24T22:13:00.906621+00:00,recovery_scenario,iperf_tcp,10,10,,ryu_controller,405707,19.9,60559360,17885,80788,98673,53,527.6183
2026-04-24T22:13:01.009207+00:00,recovery_scenario,iperf_tcp,10,10,,twin_core,405717,0.0,67584000,9141,1217,10358,0,0.0
2026-04-24T22:13:01.009207+00:00,recovery_scenario,iperf_tcp,10,10,,ryu_controller,405707,29.2,60559360,17934,80788,98722,49,477.5999
2026-04-24T22:13:01.109722+00:00,recovery_scenario,iperf_tcp,10,10,,twin_core,405717,0.0,67584000,9141,1217,10358,0,0.0
2026-04-24T22:13:01.109722+00:00,recovery_scenario,iperf_tcp,10,10,,ryu_controller,405707,9.9,60559360,17981,80788,98769,47,467.5326
2026-04-24T22:13:01.210221+00:00,recovery_scenario,iperf_tcp,10,10,,twin_core,405717,0.0,67584000,9141,1217,10358,0,0.0
2026-04-24T22:13:01.210221+00:00,recovery_scenario,iperf_tcp,10,10,,ryu_controller,405707,29.8,60559360,18018,80788,98806,37,367.8021
2026-04-24T22:13:01.312806+00:00,recovery_scenario,iperf_tcp,10,10,,twin_core,405717,0.0,67584000,9141,1217,10358,0,0.0
2026-04-24T22:13:01.312806+00:00,recovery_scenario,iperf_tcp,10,10,,ryu_controller,405707,0.0,60559360,18023,80788,98811,5,48.7752
2026-04-24T22:13:01.413303+00:00,recovery_scenario,iperf_tcp,10,10,,twin_core,405717,0.0,67584000,9141,1217,10358,0,0.0
2026-04-24T22:13:01.413303+00:00,recovery_scenario,iperf_tcp,10,10,,ryu_controller,405707,0.0,60559360,18030,80789,98819,8,79.6479
2026-04-24T22:13:01.513965+00:00,recovery_scenario,iperf_tcp,10,10,,twin_core,405717,0.0,67584000,9141,1217,10358,0,0.0
2026-04-24T22:13:01.513965+00:00,recovery_scenario,iperf_tcp,10,10,,ryu_controller,405707,19.9,60559360,18068,80789,98857,38,377.3941
2026-04-24T22:13:01.614435+00:00,recovery_scenario,iperf_tcp,10,10,,twin_core,405717,0.0,67584000,9141,1217,10358,0,0.0
2026-04-24T22:13:01.614435+00:00,recovery_scenario,iperf_tcp,10,10,,ryu_controller,405707,10.0,60559360,18085,80789,98874,17,169.249
2026-04-24T22:13:01.714867+00:00,recovery_scenario,iperf_tcp,10,10,,twin_core,405717,0.0,67584000,9141,1217,10358,0,0.0
2026-04-24T22:13:01.714867+00:00,recovery_scenario,iperf_tcp,10,10,,ryu_controller,405707,19.9,60559360,18121,80789,98910,36,358.5118
2026-04-24T22:13:01.815486+00:00,recovery_scenario,iperf_tcp,10,10,,twin_core,405717,0.0,67584000,9141,1217,10358,0,0.0
2026-04-24T22:13:01.815486+00:00,recovery_scenario,iperf_tcp,10,10,,ryu_controller,405707,29.8,60559360,18149,80789,98938,28,277.8388
2026-04-24T22:13:01.916097+00:00,recovery_scenario,iperf_tcp,10,10,,twin_core,405717,0.0,67584000,9141,1217,10358,0,0.0
2026-04-24T22:13:01.916097+00:00,recovery_scenario,iperf_tcp,10,10,,ryu_controller,405707,0.0,60559360,18163,80789,98952,14,139.4259
2026-04-24T22:13:02.016503+00:00,recovery_scenario,iperf_tcp,10,10,,twin_core,405717,0.0,67584000,9141,1217,10358,0,0.0
2026-04-24T22:13:02.016503+00:00,recovery_scenario,iperf_tcp,10,10,,ryu_controller,405707,59.7,60559360,18204,80789,98993,41,407.6984
2026-04-24T22:13:02.117051+00:00,recovery_scenario,iperf_tcp,10,10,,twin_core,405717,0.0,67584000,9141,1217,10358,0,0.0
2026-04-24T22:13:02.117051+00:00,recovery_scenario,iperf_tcp,10,10,,ryu_controller,405707,19.9,60559360,18228,80789,99017,24,238.9819
2026-04-24T22:13:02.221738+00:00,recovery_scenario,iperf_tcp,10,10,,twin_core,405717,9.5,67584000,9141,1217,10358,0,0.0
2026-04-24T22:13:02.221738+00:00,recovery_scenario,iperf_tcp,10,10,,ryu_controller,405707,0.0,60559360,18239,80789,99028,11,104.9562
2026-04-24T22:13:02.322285+00:00,recovery_scenario,iperf_tcp,10,10,,twin_core,405717,0.0,67584000,9141,1217,10358,0,0.0
2026-04-24T22:13:02.322285+00:00,recovery_scenario,iperf_tcp,10,10,,ryu_controller,405707,19.9,60559360,18265,80789,99054,26,258.9148
2026-04-24T22:13:02.422775+00:00,recovery_scenario,iperf_tcp,10,10,,twin_core,405717,0.0,67584000,9141,1217,10358,0,0.0
2026-04-24T22:13:02.422775+00:00,recovery_scenario,iperf_tcp,10,10,,ryu_controller,405707,19.9,60559360,18291,80789,99080,26,258.6431
2026-04-24T22:13:02.523498+00:00,recovery_scenario,iperf_tcp,10,10,,twin_core,405717,0.0,67584000,9141,1217,10358,0,0.0
2026-04-24T22:13:02.523498+00:00,recovery_scenario,iperf_tcp,10,10,,ryu_controller,405707,19.9,60559360,18327,80789,99116,36,357.1538
2026-04-24T22:13:02.625320+00:00,recovery_scenario,iperf_tcp,10,10,,twin_core,405717,9.8,67584000,9146,1217,10363,5,49.0945
2026-04-24T22:13:02.625320+00:00,recovery_scenario,iperf_tcp,10,10,,ryu_controller,405707,39.3,60559360,18379,80789,99168,52,511.2638
2026-04-24T22:13:02.725773+00:00,recovery_scenario,iperf_tcp,10,10,,twin_core,405717,0.0,67584000,9152,1217,10369,6,59.7335
2026-04-24T22:13:02.725773+00:00,recovery_scenario,iperf_tcp,10,10,,ryu_controller,405707,29.9,60559360,18429,80789,99218,50,497.7961
2026-04-24T22:13:02.826188+00:00,recovery_scenario,iperf_tcp,10,10,,twin_core,405717,0.0,67584000,9152,1217,10369,0,0.0
2026-04-24T22:13:02.826188+00:00,recovery_scenario,iperf_tcp,10,10,,ryu_controller,405707,19.9,60559360,18452,80789,99241,23,228.8466
2026-04-24T22:13:02.926689+00:00,recovery_scenario,iperf_tcp,10,10,,twin_core,405717,0.0,67584000,9155,1217,10372,3,29.8461
2026-04-24T22:13:02.926689+00:00,recovery_scenario,iperf_tcp,10,10,,ryu_controller,405707,9.9,60559360,18464,80789,99253,12,119.3655
2026-04-24T22:13:03.027529+00:00,recovery_scenario,iperf_tcp,10,10,,twin_core,405717,0.0,67584000,9158,1217,10375,3,29.7359
2026-04-24T22:13:03.027529+00:00,recovery_scenario,iperf_tcp,10,10,,ryu_controller,405707,0.0,60559360,18477,80789,99266,13,128.8606
2026-04-24T22:13:03.128094+00:00,recovery_scenario,iperf_tcp,10,10,,twin_core,405717,0.0,67584000,9161,1217,10378,3,29.8669
2026-04-24T22:13:03.128094+00:00,recovery_scenario,iperf_tcp,10,10,,ryu_controller,405707,19.9,60559360,18486,80789,99275,9,89.6065
2026-04-24T22:13:03.228549+00:00,recovery_scenario,iperf_tcp,10,10,,twin_core,405717,0.0,67584000,9164,1217,10381,3,29.8194
2026-04-24T22:13:03.228549+00:00,recovery_scenario,iperf_tcp,10,10,,ryu_controller,405707,0.0,60559360,18496,80789,99285,10,99.0183
2026-04-24T22:13:03.329589+00:00,recovery_scenario,iperf_tcp,10,10,,twin_core,405717,0.0,67584000,9176,1217,10393,12,118.8819
2026-04-24T22:13:03.329589+00:00,recovery_scenario,iperf_tcp,10,10,,ryu_controller,405707,19.8,60559360,18517,80789,99306,21,208.8668
2026-04-24T22:13:03.430444+00:00,recovery_scenario,iperf_tcp,10,10,,twin_core,405717,9.9,67584000,9182,1217,10399,6,59.4716
2026-04-24T22:13:03.430444+00:00,recovery_scenario,iperf_tcp,10,10,,ryu_controller,405707,0.0,60559360,18534,80789,99323,17,168.0474
2026-04-24T22:13:03.531866+00:00,recovery_scenario,iperf_tcp,10,10,,twin_core,405717,0.0,67584000,9185,1217,10402,3,29.5993
2026-04-24T22:13:03.531866+00:00,recovery_scenario,iperf_tcp,10,10,,ryu_controller,405707,9.9,60559360,18549,80789,99338,15,148.3755
2026-04-24T22:13:03.632372+00:00,recovery_scenario,iperf_tcp,10,10,,twin_core,405717,0.0,67584000,9188,1217,10405,3,29.8426
2026-04-24T22:13:03.632372+00:00,recovery_scenario,iperf_tcp,10,10,,ryu_controller,405707,9.9,60559360,18564,80789,99353,15,149.0124
2026-04-24T22:13:03.733090+00:00,recovery_scenario,iperf_tcp,10,10,,twin_core,405717,0.0,67584000,9197,1217,10414,9,89.3142
2026-04-24T22:13:03.733090+00:00,recovery_scenario,iperf_tcp,10,10,,ryu_controller,405707,9.9,60559360,18589,80789,99378,25,248.4393
2026-04-24T22:13:03.833633+00:00,recovery_scenario,iperf_tcp,10,10,,twin_core,405717,0.0,67584000,9200,1217,10417,3,29.8208
2026-04-24T22:13:03.833633+00:00,recovery_scenario,iperf_tcp,10,10,,ryu_controller,405707,9.9,60559360,18611,80789,99400,22,218.6768
2026-04-24T22:13:03.934238+00:00,recovery_scenario,iperf_tcp,10,10,,twin_core,405717,0.0,67584000,9202,1218,10420,3,29.8434
2026-04-24T22:13:03.934238+00:00,recovery_scenario,iperf_tcp,10,10,,ryu_controller,405707,9.9,60559360,18624,80789,99413,13,129.3321
2026-04-24T22:13:04.034765+00:00,recovery_scenario,iperf_tcp,10,10,,twin_core,405717,0.0,67584000,9205,1218,10423,3,29.8578
2026-04-24T22:13:04.034765+00:00,recovery_scenario,iperf_tcp,10,10,,ryu_controller,405707,10.0,60559360,18637,80789,99426,13,129.3795
2026-04-24T22:13:04.135267+00:00,recovery_scenario,iperf_tcp,10,10,,twin_core,405717,0.0,67584000,9208,1218,10426,3,29.8434
2026-04-24T22:13:04.135267+00:00,recovery_scenario,iperf_tcp,10,10,,ryu_controller,405707,0.0,60559360,18648,80789,99437,11,109.4129
2026-04-24T22:13:04.235961+00:00,recovery_scenario,iperf_tcp,10,10,,twin_core,405717,0.0,67584000,9213,1218,10431,5,49.6761
2026-04-24T22:13:04.235961+00:00,recovery_scenario,iperf_tcp,10,10,,ryu_controller,405707,9.9,60559360,18652,80789,99441,4,39.7453
2026-04-24T22:13:04.336431+00:00,recovery_scenario,iperf_tcp,10,10,,twin_core,405717,0.0,67584000,9223,1218,10441,10,99.5352
2026-04-24T22:13:04.336431+00:00,recovery_scenario,iperf_tcp,10,10,,ryu_controller,405707,19.9,60559360,18672,80789,99461,20,198.5968
2026-04-24T22:13:04.437120+00:00,recovery_scenario,iperf_tcp,10,10,,twin_core,405717,0.0,67584000,9229,1218,10447,6,59.5834
2026-04-24T22:13:04.437120+00:00,recovery_scenario,iperf_tcp,10,10,,ryu_controller,405707,9.9,60559360,18692,80789,99481,20,199.1055
2026-04-24T22:13:04.539156+00:00,recovery_scenario,iperf_tcp,10,10,,twin_core,405717,0.0,67584000,9229,1218,10447,0,0.0
2026-04-24T22:13:04.539156+00:00,recovery_scenario,iperf_tcp,10,10,,ryu_controller,405707,0.0,60559360,18701,80789,99490,9,88.1407
2026-04-24T22:13:04.639666+00:00,recovery_scenario,iperf_tcp,10,10,,twin_core,405717,19.9,67596288,9239,1218,10457,10,99.4686
2026-04-24T22:13:04.639666+00:00,recovery_scenario,iperf_tcp,10,10,,ryu_controller,405707,59.7,60559360,18753,80789,99542,52,517.2532
2026-04-24T22:13:04.740215+00:00,recovery_scenario,iperf_tcp,10,10,,twin_core,405717,0.0,67596288,9248,1218,10466,9,89.5913
2026-04-24T22:13:04.740215+00:00,recovery_scenario,iperf_tcp,10,10,,ryu_controller,405707,10.0,60559360,18773,80789,99562,20,199.1163
2026-04-24T22:13:04.840691+00:00,recovery_scenario,iperf_tcp,10,10,,twin_core,405717,9.9,67596288,9251,1218,10469,3,29.8383
2026-04-24T22:13:04.840691+00:00,recovery_scenario,iperf_tcp,10,10,,ryu_controller,405707,79.5,60559360,18821,80789,99610,48,477.0977
2026-04-24T22:13:04.942768+00:00,recovery_scenario,iperf_tcp,10,10,,twin_core,405717,0.0,67596288,9251,1218,10469,0,0.0
2026-04-24T22:13:04.942768+00:00,recovery_scenario,iperf_tcp,10,10,,ryu_controller,405707,9.8,60559360,18827,80789,99616,6,58.8083
2026-04-24T22:13:05.043848+00:00,recovery_scenario,iperf_tcp,10,10,,twin_core,405717,0.0,67596288,9257,1218,10475,6,59.3628
2026-04-24T22:13:05.043848+00:00,recovery_scenario,iperf_tcp,10,10,,ryu_controller,405707,0.0,60559360,18831,80789,99620,4,39.5805
2026-04-24T22:13:05.144336+00:00,recovery_scenario,iperf_tcp,10,10,,twin_core,405717,0.0,67596288,9269,1218,10487,12,119.5004
2026-04-24T22:13:05.144336+00:00,recovery_scenario,iperf_tcp,10,10,,ryu_controller,405707,10.0,60559360,18841,80789,99630,10,99.6062
2026-04-24T22:13:05.244758+00:00,recovery_scenario,iperf_tcp,10,10,,twin_core,405717,0.0,67596288,9272,1218,10490,3,29.87
2026-04-24T22:13:05.244758+00:00,recovery_scenario,iperf_tcp,10,10,,ryu_controller,405707,10.0,60559360,18865,80789,99654,24,238.9206
2026-04-24T22:13:05.345173+00:00,recovery_scenario,iperf_tcp,10,10,,twin_core,405717,0.0,67596288,9272,1218,10490,0,0.0
2026-04-24T22:13:05.345173+00:00,recovery_scenario,iperf_tcp,10,10,,ryu_controller,405707,10.0,60559360,18878,80789,99667,13,129.4497
2026-04-24T22:13:05.445600+00:00,recovery_scenario,iperf_tcp,10,10,,twin_core,405717,0.0,67596288,9278,1218,10496,6,59.7071
2026-04-24T22:13:05.445600+00:00,recovery_scenario,iperf_tcp,10,10,,ryu_controller,405707,10.0,60559360,18895,80789,99684,17,169.1737
2026-04-24T22:13:05.546086+00:00,recovery_scenario,iperf_tcp,10,10,,twin_core,405717,0.0,67596288,9287,1218,10505,9,89.6127
2026-04-24T22:13:05.546086+00:00,recovery_scenario,iperf_tcp,10,10,,ryu_controller,405707,10.0,60559360,18913,80789,99702,18,179.2273
2026-04-24T22:13:05.646525+00:00,recovery_scenario,iperf_tcp,10,10,,twin_core,405717,0.0,67596288,9293,1218,10511,6,59.7446
2026-04-24T22:13:05.646525+00:00,recovery_scenario,iperf_tcp,10,10,,ryu_controller,405707,9.9,60559360,18955,80789,99744,42,417.6227
2026-04-24T22:13:05.747461+00:00,recovery_scenario,iperf_tcp,10,10,,twin_core,405717,0.0,67596288,9293,1218,10511,0,0.0
2026-04-24T22:13:05.747461+00:00,recovery_scenario,iperf_tcp,10,10,,ryu_controller,405707,29.6,60559360,18980,80789,99769,25,246.9606
2026-04-24T22:13:05.851818+00:00,recovery_scenario,iperf_tcp,10,10,,twin_core,405717,9.6,67596288,9300,1218,10518,7,67.0623
2026-04-24T22:13:05.851818+00:00,recovery_scenario,iperf_tcp,10,10,,ryu_controller,405707,9.6,60559360,19019,80789,99808,39,374.9519
2026-04-24T22:13:05.954984+00:00,recovery_scenario,iperf_tcp,10,10,,twin_core,405717,0.0,67596288,9305,1218,10523,5,48.4951
2026-04-24T22:13:05.954984+00:00,recovery_scenario,iperf_tcp,10,10,,ryu_controller,405707,0.0,60559360,19028,80789,99817,9,87.2908
2026-04-24T22:13:06.055483+00:00,recovery_scenario,iperf_tcp,10,10,,twin_core,405717,0.0,67596288,9311,1218,10529,6,59.6142
2026-04-24T22:13:06.055483+00:00,recovery_scenario,iperf_tcp,10,10,,ryu_controller,405707,0.0,60559360,19030,80789,99819,2,19.8659
2026-04-24T22:13:06.158175+00:00,recovery_scenario,iperf_tcp,10,10,,twin_core,405717,0.0,67596288,9314,1218,10532,3,29.2464
2026-04-24T22:13:06.158175+00:00,recovery_scenario,iperf_tcp,10,10,,ryu_controller,405707,0.0,60559360,19034,80789,99823,4,38.9956
2026-04-24T22:13:06.217870+00:00,recovery_scenario,iperf_tcp,10,10,pingall_completed,,,,,,,,,
2026-04-24T22:13:06.258817+00:00,recovery_scenario,iperf_tcp,10,10,,twin_core,405717,0.0,67596288,9326,1218,10544,12,119.2853
2026-04-24T22:13:06.258817+00:00,recovery_scenario,iperf_tcp,10,10,,ryu_controller,405707,0.0,60559360,19038,80789,99827,4,39.7737
2026-04-24T22:13:06.363235+00:00,recovery_scenario,iperf_tcp,10,10,,twin_core,405717,0.0,67596288,9326,1218,10544,0,0.0
2026-04-24T22:13:06.363235+00:00,recovery_scenario,iperf_tcp,10,10,,ryu_controller,405707,19.1,60559360,19063,80792,99855,28,268.0273
2026-04-24T22:13:06.468254+00:00,recovery_scenario,iperf_tcp,10,10,,twin_core,405717,0.0,67596288,9326,1218,10544,0,0.0
2026-04-24T22:13:06.468254+00:00,recovery_scenario,iperf_tcp,10,10,,ryu_controller,405707,9.5,60559360,19067,80792,99859,4,38.082
2026-04-24T22:13:06.568790+00:00,recovery_scenario,iperf_tcp,10,10,,twin_core,405717,0.0,67596288,9326,1218,10544,0,0.0
2026-04-24T22:13:06.568790+00:00,recovery_scenario,iperf_tcp,10,10,,ryu_controller,405707,0.0,60559360,19071,80792,99863,4,39.7953
2026-04-24T22:13:06.670301+00:00,recovery_scenario,iperf_tcp,10,10,,twin_core,405717,9.9,67596288,9326,1218,10544,0,0.0
2026-04-24T22:13:06.670301+00:00,recovery_scenario,iperf_tcp,10,10,,ryu_controller,405707,29.6,60559360,19101,80792,99893,30,295.8443
2026-04-24T22:13:06.773217+00:00,recovery_scenario,iperf_tcp,10,10,,twin_core,405717,0.0,67645440,9326,1218,10544,0,0.0
2026-04-24T22:13:06.773217+00:00,recovery_scenario,iperf_tcp,10,10,,ryu_controller,405707,48.5,60559360,19127,80792,99919,26,252.4057
2026-04-24T22:13:06.873851+00:00,recovery_scenario,iperf_tcp,10,10,,twin_core,405717,0.0,67645440,9326,1218,10544,0,0.0
2026-04-24T22:13:06.873851+00:00,recovery_scenario,iperf_tcp,10,10,,ryu_controller,405707,39.8,60559360,19169,80792,99961,42,417.5181
2026-04-24T22:13:06.974801+00:00,recovery_scenario,iperf_tcp,10,10,,twin_core,405717,0.0,67645440,9326,1218,10544,0,0.0
2026-04-24T22:13:06.974801+00:00,recovery_scenario,iperf_tcp,10,10,,ryu_controller,405707,29.7,60661760,19188,80792,99980,19,188.0026
2026-04-24T22:13:07.075516+00:00,recovery_scenario,iperf_tcp,10,10,,twin_core,405717,0.0,67645440,9326,1218,10544,0,0.0
2026-04-24T22:13:07.075516+00:00,recovery_scenario,iperf_tcp,10,10,,ryu_controller,405707,0.0,60661760,19191,80792,99983,3,29.7227
2026-04-24T22:13:07.176407+00:00,recovery_scenario,iperf_tcp,10,10,,twin_core,405717,0.0,67645440,9326,1218,10544,0,0.0
2026-04-24T22:13:07.176407+00:00,recovery_scenario,iperf_tcp,10,10,,ryu_controller,405707,9.9,60661760,19194,80792,99986,3,29.6067
2026-04-24T22:13:07.279099+00:00,recovery_scenario,iperf_tcp,10,10,,twin_core,405717,9.7,67645440,9331,1218,10549,5,48.8914
2026-04-24T22:13:07.279099+00:00,recovery_scenario,iperf_tcp,10,10,,ryu_controller,405707,0.0,60661760,19198,80792,99990,4,39.1418
2026-04-24T22:13:07.379984+00:00,recovery_scenario,iperf_tcp,10,10,,twin_core,405717,0.0,67645440,9331,1218,10549,0,0.0
2026-04-24T22:13:07.379984+00:00,recovery_scenario,iperf_tcp,10,10,,ryu_controller,405707,0.0,60661760,19201,80792,99993,3,28.7996
2026-04-24T22:13:07.483964+00:00,recovery_scenario,iperf_tcp,10,10,,twin_core,405717,9.6,67645440,9331,1218,10549,0,0.0
2026-04-24T22:13:07.483964+00:00,recovery_scenario,iperf_tcp,10,10,,ryu_controller,405707,0.0,60661760,19204,80792,99996,3,29.8238
2026-04-24T22:13:07.584939+00:00,recovery_scenario,iperf_tcp,10,10,,twin_core,405717,0.0,67645440,9331,1218,10549,0,0.0
2026-04-24T22:13:07.584939+00:00,recovery_scenario,iperf_tcp,10,10,,ryu_controller,405707,9.8,60661760,19229,80792,100021,25,245.659
2026-04-24T22:13:07.686458+00:00,recovery_scenario,iperf_tcp,10,10,,twin_core,405717,0.0,67645440,9331,1218,10549,0,0.0
2026-04-24T22:13:07.686458+00:00,recovery_scenario,iperf_tcp,10,10,,ryu_controller,405707,0.0,60661760,19264,80793,100057,36,355.5238
2026-04-24T22:13:07.789058+00:00,recovery_scenario,iperf_tcp,10,10,,twin_core,405717,0.0,67645440,9331,1218,10549,0,0.0
2026-04-24T22:13:07.789058+00:00,recovery_scenario,iperf_tcp,10,10,,ryu_controller,405707,0.0,60661760,19303,80797,100100,43,421.7261
2026-04-24T22:13:07.889940+00:00,recovery_scenario,iperf_tcp,10,10,,twin_core,405717,0.0,67645440,9331,1218,10549,0,0.0
2026-04-24T22:13:07.889940+00:00,recovery_scenario,iperf_tcp,10,10,,ryu_controller,405707,0.0,60661760,19328,80799,100127,27,267.3133
2026-04-24T22:13:07.991217+00:00,recovery_scenario,iperf_tcp,10,10,,twin_core,405717,0.0,67645440,9331,1218,10549,0,0.0
2026-04-24T22:13:07.991217+00:00,recovery_scenario,iperf_tcp,10,10,,ryu_controller,405707,0.0,60661760,19339,80802,100141,14,138.4181
2026-04-24T22:13:08.092945+00:00,recovery_scenario,iperf_tcp,10,10,,twin_core,405717,0.0,67645440,9331,1218,10549,0,0.0
2026-04-24T22:13:08.092945+00:00,recovery_scenario,iperf_tcp,10,10,,ryu_controller,405707,9.8,60661760,19349,80805,100154,13,127.7657
2026-04-24T22:13:08.194232+00:00,recovery_scenario,iperf_tcp,10,10,,twin_core,405717,0.0,67645440,9331,1218,10549,0,0.0
2026-04-24T22:13:08.194232+00:00,recovery_scenario,iperf_tcp,10,10,,ryu_controller,405707,0.0,60661760,19361,80807,100168,14,138.2305
2026-04-24T22:13:08.228821+00:00,recovery_scenario,iperf_tcp,10,10,background_traffic_started,,,,,,,,,
2026-04-24T22:13:08.295800+00:00,recovery_scenario,iperf_tcp,10,10,,twin_core,405717,9.8,67645440,9338,1219,10557,8,78.7783
2026-04-24T22:13:08.295800+00:00,recovery_scenario,iperf_tcp,10,10,,ryu_controller,405707,9.8,60661760,19372,80827,100199,31,305.2754
2026-04-24T22:13:08.396993+00:00,recovery_scenario,iperf_tcp,10,10,,twin_core,405717,0.0,67645440,9350,1219,10569,12,118.5846
2026-04-24T22:13:08.396993+00:00,recovery_scenario,iperf_tcp,10,10,,ryu_controller,405707,29.6,60661760,19381,80853,100234,35,345.3205
2026-04-24T22:13:08.498592+00:00,recovery_scenario,iperf_tcp,10,10,,twin_core,405717,9.8,67645440,9357,1226,10583,14,137.4736
2026-04-24T22:13:08.498592+00:00,recovery_scenario,iperf_tcp,10,10,,ryu_controller,405707,29.5,60661760,19386,80874,100260,26,254.0413
2026-04-24T22:13:08.551514+00:00,recovery_scenario,iperf_tcp,10,10,fault_injected,,,,,,,,,
2026-04-24T22:13:08.600204+00:00,recovery_scenario,iperf_tcp,10,10,,twin_core,405717,0.0,67657728,9362,1237,10599,16,157.7714
2026-04-24T22:13:08.600204+00:00,recovery_scenario,iperf_tcp,10,10,,ryu_controller,405707,19.7,60665856,19392,80891,100283,23,228.3001
2026-04-24T22:13:08.701853+00:00,recovery_scenario,iperf_tcp,10,10,,twin_core,405717,0.0,67657728,9362,1237,10599,0,0.0
2026-04-24T22:13:08.701853+00:00,recovery_scenario,iperf_tcp,10,10,,ryu_controller,405707,49.1,60665856,19392,80915,100307,24,235.1789
2026-04-24T22:13:08.804846+00:00,recovery_scenario,iperf_tcp,10,10,,twin_core,405717,0.0,67657728,9362,1237,10599,0,0.0
2026-04-24T22:13:08.804846+00:00,recovery_scenario,iperf_tcp,10,10,,ryu_controller,405707,29.2,60665856,19392,81001,100393,86,838.7101
2026-04-24T22:13:08.905418+00:00,recovery_scenario,iperf_tcp,10,10,,twin_core,405717,0.0,67657728,9362,1237,10599,0,0.0
2026-04-24T22:13:08.905418+00:00,recovery_scenario,iperf_tcp,10,10,,ryu_controller,405707,69.6,60665856,19392,81205,100597,204,2026.5339
2026-04-24T22:13:09.006083+00:00,recovery_scenario,iperf_tcp,10,10,,twin_core,405717,0.0,67657728,9362,1237,10599,0,0.0
2026-04-24T22:13:09.006083+00:00,recovery_scenario,iperf_tcp,10,10,,ryu_controller,405707,89.4,60665856,19392,81260,100652,55,546.9832
2026-04-24T22:13:09.106525+00:00,recovery_scenario,iperf_tcp,10,10,,twin_core,405717,0.0,67657728,9363,1237,10600,1,9.9443
2026-04-24T22:13:09.106525+00:00,recovery_scenario,iperf_tcp,10,10,,ryu_controller,405707,99.4,60665856,19392,81263,100655,3,29.7942
2026-04-24T22:13:09.207552+00:00,recovery_scenario,iperf_tcp,10,10,,twin_core,405717,0.0,67657728,9363,1237,10600,0,0.0
2026-04-24T22:13:09.207552+00:00,recovery_scenario,iperf_tcp,10,10,,ryu_controller,405707,78.2,60665856,19392,81306,100698,43,420.2536
2026-04-24T22:13:09.310866+00:00,recovery_scenario,iperf_tcp,10,10,,twin_core,405717,0.0,67657728,9363,1237,10600,0,0.0
2026-04-24T22:13:09.310866+00:00,recovery_scenario,iperf_tcp,10,10,,ryu_controller,405707,77.1,60665856,19392,81446,100838,140,1347.9669
2026-04-24T22:13:09.415085+00:00,recovery_scenario,iperf_tcp,10,10,,twin_core,405717,9.6,67657728,9363,1237,10600,0,0.0
2026-04-24T22:13:09.415085+00:00,recovery_scenario,iperf_tcp,10,10,,ryu_controller,405707,67.4,60665856,19392,81643,101035,197,1897.4457
2026-04-24T22:13:09.517171+00:00,recovery_scenario,iperf_tcp,10,10,,twin_core,405717,0.0,67657728,9363,1237,10600,0,0.0
2026-04-24T22:13:09.517171+00:00,recovery_scenario,iperf_tcp,10,10,,ryu_controller,405707,79.6,60665856,19392,81880,101272,237,2360.8627
2026-04-24T22:13:09.618534+00:00,recovery_scenario,iperf_tcp,10,10,,twin_core,405717,0.0,67657728,9364,1237,10601,1,9.8162
2026-04-24T22:13:09.618534+00:00,recovery_scenario,iperf_tcp,10,10,,ryu_controller,405707,58.9,60665856,19392,82019,101411,139,1364.0731
2026-04-24T22:13:09.721193+00:00,recovery_scenario,iperf_tcp,10,10,,twin_core,405717,0.0,67657728,9364,1237,10601,0,0.0
2026-04-24T22:13:09.721193+00:00,recovery_scenario,iperf_tcp,10,10,,ryu_controller,405707,58.7,60665856,19392,82361,101753,342,3347.727
2026-04-24T22:13:09.822046+00:00,recovery_scenario,iperf_tcp,10,10,,twin_core,405717,0.0,67657728,9364,1237,10601,0,0.0
2026-04-24T22:13:09.822046+00:00,recovery_scenario,iperf_tcp,10,10,,ryu_controller,405707,68.8,60665856,19392,82537,101929,176,1730.155
2026-04-24T22:13:09.925071+00:00,recovery_scenario,iperf_tcp,10,10,,twin_core,405717,0.0,67657728,9364,1237,10601,0,0.0
2026-04-24T22:13:09.925071+00:00,recovery_scenario,iperf_tcp,10,10,,ryu_controller,405707,58.8,60665856,19392,82696,102088,159,1557.2136
2026-04-24T22:13:10.025480+00:00,recovery_scenario,iperf_tcp,10,10,,twin_core,405717,0.0,67657728,9364,1237,10601,0,0.0
2026-04-24T22:13:10.025480+00:00,recovery_scenario,iperf_tcp,10,10,,ryu_controller,405707,59.7,60665856,19392,82839,102231,143,1421.2435
2026-04-24T22:13:10.129779+00:00,recovery_scenario,iperf_tcp,10,10,,twin_core,405717,0.0,67657728,9365,1237,10602,1,9.5935
2026-04-24T22:13:10.129779+00:00,recovery_scenario,iperf_tcp,10,10,,ryu_controller,405707,57.6,60665856,19392,83075,102467,236,2267.7481
2026-04-24T22:13:10.231785+00:00,recovery_scenario,iperf_tcp,10,10,,twin_core,405717,0.0,67657728,9365,1237,10602,0,0.0
2026-04-24T22:13:10.231785+00:00,recovery_scenario,iperf_tcp,10,10,,ryu_controller,405707,68.6,60665856,19392,83467,102859,392,3841.2185
2026-04-24T22:13:10.332216+00:00,recovery_scenario,iperf_tcp,10,10,,twin_core,405717,0.0,67657728,9365,1237,10602,0,0.0
2026-04-24T22:13:10.332216+00:00,recovery_scenario,iperf_tcp,10,10,,ryu_controller,405707,39.8,60665856,19392,83645,103037,178,1772.1863
2026-04-24T22:13:10.432682+00:00,recovery_scenario,iperf_tcp,10,10,,twin_core,405717,0.0,67657728,9365,1237,10602,0,0.0
2026-04-24T22:13:10.432682+00:00,recovery_scenario,iperf_tcp,10,10,,ryu_controller,405707,39.8,60665856,19392,83763,103155,118,1172.6379
2026-04-24T22:13:10.533365+00:00,recovery_scenario,iperf_tcp,10,10,,twin_core,405717,0.0,67657728,9365,1237,10602,0,0.0
2026-04-24T22:13:10.533365+00:00,recovery_scenario,iperf_tcp,10,10,,ryu_controller,405707,29.8,60665856,19392,83867,103259,104,1033.5058
2026-04-24T22:13:10.634258+00:00,recovery_scenario,iperf_tcp,10,10,,twin_core,405717,0.0,67657728,9366,1238,10604,2,19.8299
2026-04-24T22:13:10.634258+00:00,recovery_scenario,iperf_tcp,10,10,,ryu_controller,405707,29.7,60665856,19392,83981,103373,114,1130.9754
2026-04-24T22:13:10.735691+00:00,recovery_scenario,iperf_tcp,10,10,,twin_core,405717,0.0,67657728,9366,1238,10604,0,0.0
2026-04-24T22:13:10.735691+00:00,recovery_scenario,iperf_tcp,10,10,,ryu_controller,405707,39.2,60665856,19392,84119,103511,138,1352.5623
2026-04-24T22:13:10.840862+00:00,recovery_scenario,iperf_tcp,10,10,,twin_core,405717,0.0,67657728,9366,1238,10604,0,0.0
2026-04-24T22:13:10.840862+00:00,recovery_scenario,iperf_tcp,10,10,,ryu_controller,405707,38.3,60665856,19392,84218,103610,99,946.846
2026-04-24T22:13:10.942941+00:00,recovery_scenario,iperf_tcp,10,10,,twin_core,405717,0.0,67657728,9366,1238,10604,0,0.0
2026-04-24T22:13:10.942941+00:00,recovery_scenario,iperf_tcp,10,10,,ryu_controller,405707,39.2,60665856,19392,84355,103747,137,1341.7731
2026-04-24T22:13:11.046784+00:00,recovery_scenario,iperf_tcp,10,10,,twin_core,405717,0.0,67657728,9366,1238,10604,0,0.0
2026-04-24T22:13:11.046784+00:00,recovery_scenario,iperf_tcp,10,10,,ryu_controller,405707,48.1,60665856,19392,84539,103931,184,1770.5687
2026-04-24T22:13:11.147337+00:00,recovery_scenario,iperf_tcp,10,10,,twin_core,405717,9.9,67657728,9367,1238,10605,1,9.9436
2026-04-24T22:13:11.147337+00:00,recovery_scenario,iperf_tcp,10,10,,ryu_controller,405707,29.8,60665856,19392,84709,104101,170,1692.0132
2026-04-24T22:13:11.248890+00:00,recovery_scenario,iperf_tcp,10,10,,twin_core,405717,9.8,67657728,9367,1238,10605,0,0.0
2026-04-24T22:13:11.248890+00:00,recovery_scenario,iperf_tcp,10,10,,ryu_controller,405707,39.4,60665856,19392,84842,104234,133,1310.3638
2026-04-24T22:13:11.349315+00:00,recovery_scenario,iperf_tcp,10,10,,twin_core,405717,0.0,67657728,9367,1238,10605,0,0.0
2026-04-24T22:13:11.349315+00:00,recovery_scenario,iperf_tcp,10,10,,ryu_controller,405707,39.7,60665856,19392,84935,104327,93,921.2349
2026-04-24T22:13:11.451811+00:00,recovery_scenario,iperf_tcp,10,10,,twin_core,405717,0.0,67657728,9367,1238,10605,0,0.0
2026-04-24T22:13:11.451811+00:00,recovery_scenario,iperf_tcp,10,10,,ryu_controller,405707,49.0,60665856,19392,85008,104400,73,715.8603
2026-04-24T22:13:11.559848+00:00,recovery_scenario,iperf_tcp,10,10,,twin_core,405717,9.3,67661824,9367,1238,10605,0,0.0
2026-04-24T22:13:11.559848+00:00,recovery_scenario,iperf_tcp,10,10,,ryu_controller,405707,37.0,60665856,19394,85075,104469,69,637.2606
2026-04-24T22:13:11.660537+00:00,recovery_scenario,iperf_tcp,10,10,,twin_core,405717,0.0,67661824,9380,1242,10622,17,168.9196
2026-04-24T22:13:11.660537+00:00,recovery_scenario,iperf_tcp,10,10,,ryu_controller,405707,29.8,60665856,19406,85152,104558,89,885.1392
2026-04-24T22:13:11.763205+00:00,recovery_scenario,iperf_tcp,10,10,,twin_core,405717,0.0,67661824,9393,1243,10636,14,136.5064
2026-04-24T22:13:11.763205+00:00,recovery_scenario,iperf_tcp,10,10,,ryu_controller,405707,48.8,60665856,19419,85251,104670,112,1092.3025
2026-04-24T22:13:11.794131+00:00,recovery_scenario,iperf_tcp,10,10,recovery_requested,,,,,,,,,
2026-04-24T22:13:11.863614+00:00,recovery_scenario,iperf_tcp,10,10,,twin_core,405717,10.0,67661824,9399,1247,10646,10,99.3886
2026-04-24T22:13:11.863614+00:00,recovery_scenario,iperf_tcp,10,10,,ryu_controller,405707,19.8,60665856,19441,85319,104760,90,892.2785
2026-04-24T22:13:11.966845+00:00,recovery_scenario,iperf_tcp,10,10,,twin_core,405717,0.0,67661824,9399,1247,10646,0,0.0
2026-04-24T22:13:11.966845+00:00,recovery_scenario,iperf_tcp,10,10,,ryu_controller,405707,19.5,60665856,19462,85395,104857,97,943.5642
2026-04-24T22:13:12.067815+00:00,recovery_scenario,iperf_tcp,10,10,,twin_core,405717,0.0,67661824,9399,1247,10646,0,0.0
2026-04-24T22:13:12.067815+00:00,recovery_scenario,iperf_tcp,10,10,,ryu_controller,405707,19.8,60665856,19487,85477,104964,107,1058.9657
2026-04-24T22:13:12.170927+00:00,recovery_scenario,iperf_tcp,10,10,,twin_core,405717,0.0,67661824,9399,1247,10646,0,0.0
2026-04-24T22:13:12.170927+00:00,recovery_scenario,iperf_tcp,10,10,,ryu_controller,405707,38.8,60665856,19494,85601,105095,131,1270.6573
2026-04-24T22:13:12.271387+00:00,recovery_scenario,iperf_tcp,10,10,,twin_core,405717,0.0,67661824,9399,1247,10646,0,0.0
2026-04-24T22:13:12.271387+00:00,recovery_scenario,iperf_tcp,10,10,,ryu_controller,405707,49.8,60665856,19494,85820,105314,219,2181.5784
2026-04-24T22:13:12.371806+00:00,recovery_scenario,iperf_tcp,10,10,,twin_core,405717,0.0,67661824,9400,1247,10647,1,9.9567
2026-04-24T22:13:12.371806+00:00,recovery_scenario,iperf_tcp,10,10,,ryu_controller,405707,49.8,60665856,19494,85965,105459,145,1443.4996
2026-04-24T22:13:12.472227+00:00,recovery_scenario,iperf_tcp,10,10,,twin_core,405717,0.0,67661824,9400,1247,10647,0,0.0
2026-04-24T22:13:12.472227+00:00,recovery_scenario,iperf_tcp,10,10,,ryu_controller,405707,49.8,60665856,19494,86156,105650,191,1902.3298
2026-04-24T22:13:12.572628+00:00,recovery_scenario,iperf_tcp,10,10,,twin_core,405717,0.0,67661824,9400,1247,10647,0,0.0
2026-04-24T22:13:12.572628+00:00,recovery_scenario,iperf_tcp,10,10,,ryu_controller,405707,19.9,60665856,19494,86209,105703,53,526.2444
2026-04-24T22:13:12.673373+00:00,recovery_scenario,iperf_tcp,10,10,,twin_core,405717,0.0,67661824,9400,1247,10647,0,0.0
2026-04-24T22:13:12.673373+00:00,recovery_scenario,iperf_tcp,10,10,,ryu_controller,405707,39.8,60665856,19494,86239,105733,30,298.6421
2026-04-24T22:13:12.775798+00:00,recovery_scenario,iperf_tcp,10,10,,twin_core,405717,0.0,67661824,9400,1247,10647,0,0.0
2026-04-24T22:13:12.775798+00:00,recovery_scenario,iperf_tcp,10,10,,ryu_controller,405707,39.0,60665856,19494,86294,105788,55,536.9233
2026-04-24T22:13:12.876236+00:00,recovery_scenario,iperf_tcp,10,10,,twin_core,405717,0.0,67661824,9401,1247,10648,1,9.9556
2026-04-24T22:13:12.876236+00:00,recovery_scenario,iperf_tcp,10,10,,ryu_controller,405707,29.9,60665856,19494,86359,105853,65,647.1215
2026-04-24T22:13:12.976673+00:00,recovery_scenario,iperf_tcp,10,10,,twin_core,405717,0.0,67661824,9401,1247,10648,0,0.0
2026-04-24T22:13:12.976673+00:00,recovery_scenario,iperf_tcp,10,10,,ryu_controller,405707,29.8,60665856,19494,86396,105890,37,367.8506
2026-04-24T22:13:13.077269+00:00,recovery_scenario,iperf_tcp,10,10,,twin_core,405717,0.0,67661824,9401,1247,10648,0,0.0
2026-04-24T22:13:13.077269+00:00,recovery_scenario,iperf_tcp,10,10,,ryu_controller,405707,29.9,60665856,19494,86411,105905,15,149.3674
2026-04-24T22:13:13.177689+00:00,recovery_scenario,iperf_tcp,10,10,,twin_core,405717,0.0,67661824,9401,1247,10648,0,0.0
2026-04-24T22:13:13.177689+00:00,recovery_scenario,iperf_tcp,10,10,,ryu_controller,405707,39.8,60665856,19494,86586,106080,175,1740.1416
2026-04-24T22:13:13.278851+00:00,recovery_scenario,iperf_tcp,10,10,,twin_core,405717,0.0,67661824,9401,1247,10648,0,0.0
2026-04-24T22:13:13.278851+00:00,recovery_scenario,iperf_tcp,10,10,,ryu_controller,405707,59.4,60665856,19494,86754,106248,168,1662.8595
2026-04-24T22:13:13.382860+00:00,recovery_scenario,iperf_tcp,10,10,,twin_core,405717,0.0,67661824,9402,1247,10649,1,9.617
2026-04-24T22:13:13.382860+00:00,recovery_scenario,iperf_tcp,10,10,,ryu_controller,405707,48.1,60665856,19494,86853,106347,99,952.186
2026-04-24T22:13:13.483261+00:00,recovery_scenario,iperf_tcp,10,10,,twin_core,405717,0.0,67661824,9402,1247,10649,0,0.0
2026-04-24T22:13:13.483261+00:00,recovery_scenario,iperf_tcp,10,10,,ryu_controller,405707,69.7,60665856,19494,87074,106568,221,2201.1361
2026-04-24T22:13:13.583654+00:00,recovery_scenario,iperf_tcp,10,10,,twin_core,405717,10.0,67661824,9402,1247,10649,0,0.0
2026-04-24T22:13:13.583654+00:00,recovery_scenario,iperf_tcp,10,10,,ryu_controller,405707,69.7,60665856,19494,87235,106729,161,1602.3995
2026-04-24T22:13:13.684127+00:00,recovery_scenario,iperf_tcp,10,10,,twin_core,405717,10.0,67661824,9402,1247,10649,0,0.0
2026-04-24T22:13:13.684127+00:00,recovery_scenario,iperf_tcp,10,10,,ryu_controller,405707,69.7,60665856,19494,87449,106943,214,2131.0118
2026-04-24T22:13:13.786810+00:00,recovery_scenario,iperf_tcp,10,10,,twin_core,405717,0.0,67661824,9402,1247,10649,0,0.0
2026-04-24T22:13:13.786810+00:00,recovery_scenario,iperf_tcp,10,10,,ryu_controller,405707,87.7,60665856,19494,87640,107134,191,1860.4834
2026-04-24T22:13:13.887212+00:00,recovery_scenario,iperf_tcp,10,10,,twin_core,405717,0.0,67661824,9403,1247,10650,1,9.9603
2026-04-24T22:13:13.887212+00:00,recovery_scenario,iperf_tcp,10,10,,ryu_controller,405707,79.7,60665856,19494,87742,107236,102,1015.9777
2026-04-24T22:13:13.987606+00:00,recovery_scenario,iperf_tcp,10,10,,twin_core,405717,0.0,67661824,9403,1247,10650,0,0.0
2026-04-24T22:13:13.987606+00:00,recovery_scenario,iperf_tcp,10,10,,ryu_controller,405707,89.6,60665856,19494,87794,107288,52,517.3793
2026-04-24T22:13:14.088118+00:00,recovery_scenario,iperf_tcp,10,10,,twin_core,405717,0.0,67661824,9403,1247,10650,0,0.0
2026-04-24T22:13:14.088118+00:00,recovery_scenario,iperf_tcp,10,10,,ryu_controller,405707,89.6,60665856,19494,87849,107343,55,547.8284
2026-04-24T22:13:14.188514+00:00,recovery_scenario,iperf_tcp,10,10,,twin_core,405717,0.0,67661824,9403,1247,10650,0,0.0
2026-04-24T22:13:14.188514+00:00,recovery_scenario,iperf_tcp,10,10,,ryu_controller,405707,99.5,60665856,19494,87854,107348,5,49.7536
2026-04-24T22:13:14.289018+00:00,recovery_scenario,iperf_tcp,10,10,,twin_core,405717,0.0,67661824,9403,1247,10650,0,0.0
2026-04-24T22:13:14.289018+00:00,recovery_scenario,iperf_tcp,10,10,,ryu_controller,405707,99.5,60665856,19494,87858,107352,4,39.8211
2026-04-24T22:13:14.391832+00:00,recovery_scenario,iperf_tcp,10,10,,twin_core,405717,0.0,67661824,9404,1247,10651,1,9.7251
2026-04-24T22:13:14.391832+00:00,recovery_scenario,iperf_tcp,10,10,,ryu_controller,405707,87.5,60665856,19494,87955,107449,97,943.3435
2026-04-24T22:13:14.492281+00:00,recovery_scenario,iperf_tcp,10,10,,twin_core,405717,0.0,67661824,9404,1247,10651,0,0.0
2026-04-24T22:13:14.492281+00:00,recovery_scenario,iperf_tcp,10,10,,ryu_controller,405707,79.6,60665856,19494,88187,107681,232,2309.8369
2026-04-24T22:13:14.592673+00:00,recovery_scenario,iperf_tcp,10,10,,twin_core,405717,0.0,67661824,9404,1247,10651,0,0.0
2026-04-24T22:13:14.592673+00:00,recovery_scenario,iperf_tcp,10,10,,ryu_controller,405707,79.4,60665856,19494,88408,107902,221,2192.843
2026-04-24T22:13:14.693500+00:00,recovery_scenario,iperf_tcp,10,10,,twin_core,405717,0.0,67661824,9404,1247,10651,0,0.0
2026-04-24T22:13:14.693500+00:00,recovery_scenario,iperf_tcp,10,10,,ryu_controller,405707,68.8,60665856,19494,88644,108138,236,2315.5939
2026-04-24T22:13:14.795687+00:00,recovery_scenario,iperf_tcp,10,10,,twin_core,405717,0.0,67661824,9404,1247,10651,0,0.0
2026-04-24T22:13:14.795687+00:00,recovery_scenario,iperf_tcp,10,10,,ryu_controller,405707,58.4,60669952,19494,88847,108341,203,1977.7224
2026-04-24T22:13:14.898823+00:00,recovery_scenario,iperf_tcp,10,10,,twin_core,405717,0.0,67661824,9405,1247,10652,1,9.6655
2026-04-24T22:13:14.898823+00:00,recovery_scenario,iperf_tcp,10,10,,ryu_controller,405707,68.0,60669952,19494,88953,108447,106,1028.6398
2026-04-24T22:13:15.002069+00:00,recovery_scenario,iperf_tcp,10,10,,twin_core,405717,0.0,67661824,9405,1247,10652,0,0.0
2026-04-24T22:13:15.002069+00:00,recovery_scenario,iperf_tcp,10,10,,ryu_controller,405707,68.7,60669952,19494,89205,108699,252,2478.0083
2026-04-24T22:13:15.103445+00:00,recovery_scenario,iperf_tcp,10,10,,twin_core,405717,9.9,67661824,9405,1247,10652,0,0.0
2026-04-24T22:13:15.103445+00:00,recovery_scenario,iperf_tcp,10,10,,ryu_controller,405707,59.2,60669952,19504,89297,108801,102,1006.2178
2026-04-24T22:13:15.205597+00:00,recovery_scenario,iperf_tcp,10,10,,twin_core,405717,0.0,67661824,9405,1247,10652,0,0.0
2026-04-24T22:13:15.205597+00:00,recovery_scenario,iperf_tcp,10,10,,ryu_controller,405707,0.0,60669952,19507,89299,108806,5,48.5149
2026-04-24T22:13:15.307597+00:00,recovery_scenario,iperf_tcp,10,10,,twin_core,405717,0.0,67661824,9405,1247,10652,0,0.0
2026-04-24T22:13:15.307597+00:00,recovery_scenario,iperf_tcp,10,10,,ryu_controller,405707,0.0,60669952,19511,89301,108812,6,58.1506
2026-04-24T22:13:15.410565+00:00,recovery_scenario,iperf_tcp,10,10,,twin_core,405717,19.4,67661824,9430,1291,10721,69,682.8365
2026-04-24T22:13:15.410565+00:00,recovery_scenario,iperf_tcp,10,10,,ryu_controller,405707,39.4,60669952,19534,89334,108868,56,548.8712
2026-04-24T22:13:15.431811+00:00,recovery_scenario,iperf_tcp,10,10,scenario_teardown,,,,,,,,,
2026-04-24T22:13:15.512506+00:00,recovery_scenario,iperf_tcp,10,10,,twin_core,405717,9.8,67661824,9448,1314,10762,41,402.7128
2026-04-24T22:13:15.512506+00:00,recovery_scenario,iperf_tcp,10,10,,ryu_controller,405707,19.8,60669952,19544,89341,108885,17,168.9606
2026-04-24T22:13:15.613263+00:00,recovery_scenario,iperf_tcp,10,10,,twin_core,405717,0.0,67661824,9471,1314,10785,23,227.7839
2026-04-24T22:13:15.613263+00:00,recovery_scenario,iperf_tcp,10,10,,ryu_controller,405707,9.9,60669952,19555,89350,108905,20,198.083
2026-04-24T22:13:15.714144+00:00,recovery_scenario,iperf_tcp,10,10,,twin_core,405717,0.0,67661824,9487,1314,10801,16,158.6966
2026-04-24T22:13:15.714144+00:00,recovery_scenario,iperf_tcp,10,10,,ryu_controller,405707,9.9,60669952,19561,89353,108914,9,89.3375
2026-04-24T22:13:15.814778+00:00,recovery_scenario,iperf_tcp,10,10,,twin_core,405717,0.0,67661824,9487,1314,10801,0,0.0
2026-04-24T22:13:15.814778+00:00,recovery_scenario,iperf_tcp,10,10,,ryu_controller,405707,10.0,60669952,19572,89356,108928,14,139.4566
