timestamp,scenario_name,background_traffic,background_load_percent,repeat_index,event_name,process_name,pid,cpu_percent,rss_bytes,ctx_switches_voluntary,ctx_switches_involuntary,ctx_switches_total,ctx_switches_delta,ctx_switches_per_second
2026-04-25T09:23:08.091814+00:00,recovery_scenario,iperf_tcp,30,1,,twin_core,457809,0.0,65167360,391,71,462,0,0.0
2026-04-25T09:23:08.091814+00:00,recovery_scenario,iperf_tcp,30,1,,ryu_controller,457802,0.0,57622528,8,3,11,0,0.0
2026-04-25T09:23:08.192337+00:00,recovery_scenario,iperf_tcp,30,1,,twin_core,457809,0.0,65224704,438,80,518,56,557.5904
2026-04-25T09:23:08.192337+00:00,recovery_scenario,iperf_tcp,30,1,,ryu_controller,457802,39.8,57978880,16,30,46,35,348.0184
2026-04-25T09:23:08.293012+00:00,recovery_scenario,iperf_tcp,30,1,,twin_core,457809,9.9,65224704,536,81,617,99,983.1741
2026-04-25T09:23:08.293012+00:00,recovery_scenario,iperf_tcp,30,1,,ryu_controller,457802,39.8,57991168,40,33,73,27,268.5144
2026-04-25T09:23:08.352989+00:00,recovery_scenario,iperf_tcp,30,1,service_started,,,,,,,,,
2026-04-25T09:23:08.393608+00:00,recovery_scenario,iperf_tcp,30,1,,twin_core,457809,19.9,65892352,604,81,685,68,676.0198
2026-04-25T09:23:08.393608+00:00,recovery_scenario,iperf_tcp,30,1,,ryu_controller,457802,39.7,58093568,86,33,119,46,456.9948
2026-04-25T09:23:08.494146+00:00,recovery_scenario,iperf_tcp,30,1,,twin_core,457809,0.0,66019328,605,81,686,1,9.9468
2026-04-25T09:23:08.494146+00:00,recovery_scenario,iperf_tcp,30,1,,ryu_controller,457802,19.9,58093568,114,33,147,28,278.7141
2026-04-25T09:23:08.594632+00:00,recovery_scenario,iperf_tcp,30,1,,twin_core,457809,0.0,66019328,605,81,686,0,0.0
2026-04-25T09:23:08.594632+00:00,recovery_scenario,iperf_tcp,30,1,,ryu_controller,457802,9.9,58097664,134,33,167,20,198.9136
2026-04-25T09:23:08.695142+00:00,recovery_scenario,iperf_tcp,30,1,,twin_core,457809,0.0,66019328,605,81,686,0,0.0
2026-04-25T09:23:08.695142+00:00,recovery_scenario,iperf_tcp,30,1,,ryu_controller,457802,19.9,58101760,162,33,195,28,278.5943
2026-04-25T09:23:08.796241+00:00,recovery_scenario,iperf_tcp,30,1,,twin_core,457809,9.9,66019328,605,81,686,0,0.0
2026-04-25T09:23:08.796241+00:00,recovery_scenario,iperf_tcp,30,1,,ryu_controller,457802,19.8,58118144,192,33,225,30,296.9832
2026-04-25T09:23:08.897139+00:00,recovery_scenario,iperf_tcp,30,1,,twin_core,457809,0.0,66019328,605,81,686,0,0.0
2026-04-25T09:23:08.897139+00:00,recovery_scenario,iperf_tcp,30,1,,ryu_controller,457802,19.8,58118144,221,33,254,29,287.1321
2026-04-25T09:23:08.997714+00:00,recovery_scenario,iperf_tcp,30,1,,twin_core,457809,0.0,66019328,605,81,686,0,0.0
2026-04-25T09:23:08.997714+00:00,recovery_scenario,iperf_tcp,30,1,,ryu_controller,457802,9.9,58122240,236,35,271,17,169.041
2026-04-25T09:23:09.098878+00:00,recovery_scenario,iperf_tcp,30,1,,twin_core,457809,0.0,66019328,605,81,686,0,0.0
2026-04-25T09:23:09.098878+00:00,recovery_scenario,iperf_tcp,30,1,,ryu_controller,457802,19.7,58130432,261,35,296,25,247.0562
2026-04-25T09:23:09.199440+00:00,recovery_scenario,iperf_tcp,30,1,,twin_core,457809,0.0,66019328,605,81,686,0,0.0
2026-04-25T09:23:09.199440+00:00,recovery_scenario,iperf_tcp,30,1,,ryu_controller,457802,9.9,58130432,264,35,299,3,29.799
2026-04-25T09:23:09.300090+00:00,recovery_scenario,iperf_tcp,30,1,,twin_core,457809,0.0,66019328,605,81,686,0,0.0
2026-04-25T09:23:09.300090+00:00,recovery_scenario,iperf_tcp,30,1,,ryu_controller,457802,29.9,58134528,281,35,316,17,169.2073
2026-04-25T09:23:09.401264+00:00,recovery_scenario,iperf_tcp,30,1,,twin_core,457809,0.0,66019328,605,81,686,0,0.0
2026-04-25T09:23:09.401264+00:00,recovery_scenario,iperf_tcp,30,1,,ryu_controller,457802,9.9,58138624,319,36,355,39,385.2396
2026-04-25T09:23:09.502853+00:00,recovery_scenario,iperf_tcp,30,1,,twin_core,457809,0.0,66019328,605,81,686,0,0.0
2026-04-25T09:23:09.502853+00:00,recovery_scenario,iperf_tcp,30,1,,ryu_controller,457802,9.8,58138624,334,36,370,15,147.7139
2026-04-25T09:23:09.604116+00:00,recovery_scenario,iperf_tcp,30,1,,twin_core,457809,0.0,66019328,605,81,686,0,0.0
2026-04-25T09:23:09.604116+00:00,recovery_scenario,iperf_tcp,30,1,,ryu_controller,457802,29.6,58159104,365,36,401,31,305.9724
2026-04-25T09:23:09.704675+00:00,recovery_scenario,iperf_tcp,30,1,,twin_core,457809,0.0,66019328,605,81,686,0,0.0
2026-04-25T09:23:09.704675+00:00,recovery_scenario,iperf_tcp,30,1,,ryu_controller,457802,29.8,58167296,400,36,436,35,348.1924
2026-04-25T09:23:09.806045+00:00,recovery_scenario,iperf_tcp,30,1,,twin_core,457809,0.0,66019328,605,81,686,0,0.0
2026-04-25T09:23:09.806045+00:00,recovery_scenario,iperf_tcp,30,1,,ryu_controller,457802,29.6,58179584,428,36,464,28,276.2044
2026-04-25T09:23:09.908057+00:00,recovery_scenario,iperf_tcp,30,1,,twin_core,457809,0.0,66019328,605,81,686,0,0.0
2026-04-25T09:23:09.908057+00:00,recovery_scenario,iperf_tcp,30,1,,ryu_controller,457802,19.6,58187776,450,37,487,23,225.3874
2026-04-25T09:23:10.008660+00:00,recovery_scenario,iperf_tcp,30,1,,twin_core,457809,0.0,66019328,605,81,686,0,0.0
2026-04-25T09:23:10.008660+00:00,recovery_scenario,iperf_tcp,30,1,,ryu_controller,457802,49.8,58306560,498,38,536,49,487.6494
2026-04-25T09:23:10.109627+00:00,recovery_scenario,iperf_tcp,30,1,,twin_core,457809,0.0,66019328,605,81,686,0,0.0
2026-04-25T09:23:10.109627+00:00,recovery_scenario,iperf_tcp,30,1,,ryu_controller,457802,19.8,58306560,525,38,563,27,267.2783
2026-04-25T09:23:10.210112+00:00,recovery_scenario,iperf_tcp,30,1,,twin_core,457809,0.0,66019328,605,81,686,0,0.0
2026-04-25T09:23:10.210112+00:00,recovery_scenario,iperf_tcp,30,1,,ryu_controller,457802,0.0,58306560,530,38,568,5,49.7499
2026-04-25T09:23:10.313060+00:00,recovery_scenario,iperf_tcp,30,1,,twin_core,457809,0.0,66019328,605,81,686,0,0.0
2026-04-25T09:23:10.313060+00:00,recovery_scenario,iperf_tcp,30,1,,ryu_controller,457802,9.7,58310656,550,38,588,20,194.2534
2026-04-25T09:23:10.413556+00:00,recovery_scenario,iperf_tcp,30,1,,twin_core,457809,0.0,66019328,605,81,686,0,0.0
2026-04-25T09:23:10.413556+00:00,recovery_scenario,iperf_tcp,30,1,,ryu_controller,457802,10.0,58339328,568,38,606,18,179.161
2026-04-25T09:23:10.514026+00:00,recovery_scenario,iperf_tcp,30,1,,twin_core,457809,10.0,66097152,610,81,691,5,49.7807
2026-04-25T09:23:10.514026+00:00,recovery_scenario,iperf_tcp,30,1,,ryu_controller,457802,49.8,58363904,623,38,661,55,547.5614
2026-04-25T09:23:10.614457+00:00,recovery_scenario,iperf_tcp,30,1,,twin_core,457809,0.0,66097152,616,81,697,6,59.4191
2026-04-25T09:23:10.614457+00:00,recovery_scenario,iperf_tcp,30,1,,ryu_controller,457802,9.9,58363904,642,38,680,19,187.989
2026-04-25T09:23:10.716700+00:00,recovery_scenario,iperf_tcp,30,1,,twin_core,457809,0.0,66097152,616,81,697,0,0.0
2026-04-25T09:23:10.716700+00:00,recovery_scenario,iperf_tcp,30,1,,ryu_controller,457802,9.8,58368000,653,38,691,11,108.1922
2026-04-25T09:23:10.817240+00:00,recovery_scenario,iperf_tcp,30,1,,twin_core,457809,0.0,66097152,619,81,700,3,29.8428
2026-04-25T09:23:10.817240+00:00,recovery_scenario,iperf_tcp,30,1,,ryu_controller,457802,9.9,58372096,677,38,715,24,238.6796
2026-04-25T09:23:10.918413+00:00,recovery_scenario,iperf_tcp,30,1,,twin_core,457809,0.0,66097152,622,81,703,3,29.6188
2026-04-25T09:23:10.918413+00:00,recovery_scenario,iperf_tcp,30,1,,ryu_controller,457802,19.7,58376192,696,38,734,19,187.6439
2026-04-25T09:23:11.019049+00:00,recovery_scenario,iperf_tcp,30,1,,twin_core,457809,0.0,66097152,625,81,706,3,29.8343
2026-04-25T09:23:11.019049+00:00,recovery_scenario,iperf_tcp,30,1,,ryu_controller,457802,0.0,58376192,724,38,762,28,278.4516
2026-04-25T09:23:11.119560+00:00,recovery_scenario,iperf_tcp,30,1,,twin_core,457809,9.9,66097152,628,81,709,3,29.8459
2026-04-25T09:23:11.119560+00:00,recovery_scenario,iperf_tcp,30,1,,ryu_controller,457802,9.9,58376192,742,38,780,18,179.0745
2026-04-25T09:23:11.220099+00:00,recovery_scenario,iperf_tcp,30,1,,twin_core,457809,0.0,66097152,634,81,715,6,59.6915
2026-04-25T09:23:11.220099+00:00,recovery_scenario,iperf_tcp,30,1,,ryu_controller,457802,29.8,58384384,765,38,803,23,228.8156
2026-04-25T09:23:11.322514+00:00,recovery_scenario,iperf_tcp,30,1,,twin_core,457809,0.0,66097152,637,81,718,3,29.2779
2026-04-25T09:23:11.322514+00:00,recovery_scenario,iperf_tcp,30,1,,ryu_controller,457802,9.8,58384384,775,38,813,10,97.4892
2026-04-25T09:23:11.423179+00:00,recovery_scenario,iperf_tcp,30,1,,twin_core,457809,0.0,66097152,642,81,723,5,49.7313
2026-04-25T09:23:11.423179+00:00,recovery_scenario,iperf_tcp,30,1,,ryu_controller,457802,0.0,58384384,800,38,838,25,248.973
2026-04-25T09:23:11.523639+00:00,recovery_scenario,iperf_tcp,30,1,,twin_core,457809,0.0,66097152,646,81,727,4,39.8184
2026-04-25T09:23:11.523639+00:00,recovery_scenario,iperf_tcp,30,1,,ryu_controller,457802,10.0,58384384,821,38,859,21,209.066
2026-04-25T09:23:11.624048+00:00,recovery_scenario,iperf_tcp,30,1,,twin_core,457809,0.0,66097152,652,81,733,6,59.7525
2026-04-25T09:23:11.624048+00:00,recovery_scenario,iperf_tcp,30,1,,ryu_controller,457802,10.0,58384384,834,38,872,13,129.4522
2026-04-25T09:23:11.724457+00:00,recovery_scenario,iperf_tcp,30,1,,twin_core,457809,0.0,66097152,658,81,739,6,59.7333
2026-04-25T09:23:11.724457+00:00,recovery_scenario,iperf_tcp,30,1,,ryu_controller,457802,10.0,58384384,853,38,891,19,189.1539
2026-04-25T09:23:11.824938+00:00,recovery_scenario,iperf_tcp,30,1,,twin_core,457809,0.0,66097152,661,81,742,3,29.8411
2026-04-25T09:23:11.824938+00:00,recovery_scenario,iperf_tcp,30,1,,ryu_controller,457802,29.8,58384384,863,38,901,10,99.4191
2026-04-25T09:23:11.925531+00:00,recovery_scenario,iperf_tcp,30,1,,twin_core,457809,0.0,66097152,664,81,745,3,29.7932
2026-04-25T09:23:11.925531+00:00,recovery_scenario,iperf_tcp,30,1,,ryu_controller,457802,9.9,58388480,875,38,913,12,119.1779
2026-04-25T09:23:12.026239+00:00,recovery_scenario,iperf_tcp,30,1,,twin_core,457809,0.0,66097152,667,81,748,3,29.8354
2026-04-25T09:23:12.026239+00:00,recovery_scenario,iperf_tcp,30,1,,ryu_controller,457802,39.8,58392576,907,38,945,32,318.0578
2026-04-25T09:23:12.126807+00:00,recovery_scenario,iperf_tcp,30,1,,twin_core,457809,0.0,66097152,667,81,748,0,0.0
2026-04-25T09:23:12.126807+00:00,recovery_scenario,iperf_tcp,30,1,,ryu_controller,457802,29.8,58441728,934,38,972,27,268.815
2026-04-25T09:23:12.227296+00:00,recovery_scenario,iperf_tcp,30,1,,twin_core,457809,0.0,66097152,679,81,760,12,119.4263
2026-04-25T09:23:12.227296+00:00,recovery_scenario,iperf_tcp,30,1,,ryu_controller,457802,10.0,58441728,943,38,981,9,89.4793
2026-04-25T09:23:12.327902+00:00,recovery_scenario,iperf_tcp,30,1,,twin_core,457809,0.0,66097152,685,81,766,6,59.5986
2026-04-25T09:23:12.327902+00:00,recovery_scenario,iperf_tcp,30,1,,ryu_controller,457802,9.9,58441728,965,38,1003,22,218.7495
2026-04-25T09:23:12.428417+00:00,recovery_scenario,iperf_tcp,30,1,,twin_core,457809,9.9,66097152,688,81,769,3,29.811
2026-04-25T09:23:12.428417+00:00,recovery_scenario,iperf_tcp,30,1,,ryu_controller,457802,9.9,58441728,981,38,1019,16,158.9191
2026-04-25T09:23:12.529734+00:00,recovery_scenario,iperf_tcp,30,1,,twin_core,457809,19.7,66195456,691,81,772,3,29.6531
2026-04-25T09:23:12.529734+00:00,recovery_scenario,iperf_tcp,30,1,,ryu_controller,457802,59.3,58626048,1033,38,1071,52,514.2576
2026-04-25T09:23:12.630186+00:00,recovery_scenario,iperf_tcp,30,1,,twin_core,457809,0.0,66195456,703,81,784,12,119.4696
2026-04-25T09:23:12.630186+00:00,recovery_scenario,iperf_tcp,30,1,,ryu_controller,457802,10.0,58626048,1038,38,1076,5,49.7691
2026-04-25T09:23:12.730646+00:00,recovery_scenario,iperf_tcp,30,1,,twin_core,457809,0.0,66195456,706,81,787,3,29.8702
2026-04-25T09:23:12.730646+00:00,recovery_scenario,iperf_tcp,30,1,,ryu_controller,457802,19.9,58626048,1059,38,1097,21,209.1135
2026-04-25T09:23:12.831737+00:00,recovery_scenario,iperf_tcp,30,1,,twin_core,457809,0.0,66195456,709,81,790,3,29.6156
2026-04-25T09:23:12.831737+00:00,recovery_scenario,iperf_tcp,30,1,,ryu_controller,457802,9.9,58626048,1071,38,1109,12,118.4339
2026-04-25T09:23:12.933184+00:00,recovery_scenario,iperf_tcp,30,1,,twin_core,457809,0.0,66195456,712,81,793,3,29.6101
2026-04-25T09:23:12.933184+00:00,recovery_scenario,iperf_tcp,30,1,,ryu_controller,457802,9.9,58626048,1086,38,1124,15,148.0788
2026-04-25T09:23:13.033832+00:00,recovery_scenario,iperf_tcp,30,1,,twin_core,457809,0.0,66195456,718,81,799,6,59.6349
2026-04-25T09:23:13.033832+00:00,recovery_scenario,iperf_tcp,30,1,,ryu_controller,457802,9.9,58626048,1108,38,1146,22,218.6245
2026-04-25T09:23:13.134354+00:00,recovery_scenario,iperf_tcp,30,1,,twin_core,457809,0.0,66195456,730,81,811,12,119.391
2026-04-25T09:23:13.134354+00:00,recovery_scenario,iperf_tcp,30,1,,ryu_controller,457802,9.9,58626048,1135,38,1173,27,268.4038
2026-04-25T09:23:13.234912+00:00,recovery_scenario,iperf_tcp,30,1,,twin_core,457809,0.0,66195456,730,81,811,0,0.0
2026-04-25T09:23:13.234912+00:00,recovery_scenario,iperf_tcp,30,1,,ryu_controller,457802,0.0,58626048,1150,38,1188,15,149.3862
2026-04-25T09:23:13.335520+00:00,recovery_scenario,iperf_tcp,30,1,,twin_core,457809,0.0,66195456,733,81,814,3,29.7786
2026-04-25T09:23:13.335520+00:00,recovery_scenario,iperf_tcp,30,1,,ryu_controller,457802,9.9,58626048,1156,38,1194,6,59.5417
2026-04-25T09:23:13.436087+00:00,recovery_scenario,iperf_tcp,30,1,,twin_core,457809,10.0,66195456,739,81,820,6,59.7429
2026-04-25T09:23:13.436087+00:00,recovery_scenario,iperf_tcp,30,1,,ryu_controller,457802,10.0,58626048,1169,38,1207,13,129.4726
2026-04-25T09:23:13.536505+00:00,recovery_scenario,iperf_tcp,30,1,,twin_core,457809,0.0,66195456,748,81,829,9,89.578
2026-04-25T09:23:13.536505+00:00,recovery_scenario,iperf_tcp,30,1,,ryu_controller,457802,0.0,58630144,1195,38,1233,26,258.7732
2026-04-25T09:23:13.637424+00:00,recovery_scenario,iperf_tcp,30,1,,twin_core,457809,0.0,66195456,751,81,832,3,29.7046
2026-04-25T09:23:13.637424+00:00,recovery_scenario,iperf_tcp,30,1,,ryu_controller,457802,19.8,58630144,1220,38,1258,25,247.4788
2026-04-25T09:23:13.738064+00:00,recovery_scenario,iperf_tcp,30,1,,twin_core,457809,0.0,66195456,754,81,835,3,29.824
2026-04-25T09:23:13.738064+00:00,recovery_scenario,iperf_tcp,30,1,,ryu_controller,457802,9.9,58630144,1230,38,1268,10,99.3993
2026-04-25T09:23:13.840356+00:00,recovery_scenario,iperf_tcp,30,1,,twin_core,457809,0.0,66195456,760,81,841,6,58.6858
2026-04-25T09:23:13.840356+00:00,recovery_scenario,iperf_tcp,30,1,,ryu_controller,457802,0.0,58630144,1233,38,1271,3,29.3424
2026-04-25T09:23:13.940838+00:00,recovery_scenario,iperf_tcp,30,1,,twin_core,457809,0.0,66195456,766,81,847,6,59.7287
2026-04-25T09:23:13.940838+00:00,recovery_scenario,iperf_tcp,30,1,,ryu_controller,457802,0.0,58630144,1241,38,1279,8,79.6736
2026-04-25T09:23:14.041258+00:00,recovery_scenario,iperf_tcp,30,1,,twin_core,457809,0.0,66195456,769,81,850,3,29.8736
2026-04-25T09:23:14.041258+00:00,recovery_scenario,iperf_tcp,30,1,,ryu_controller,457802,10.0,58630144,1250,38,1288,9,89.6166
2026-04-25T09:23:14.142362+00:00,recovery_scenario,iperf_tcp,30,1,,twin_core,457809,0.0,66195456,772,81,853,3,29.6747
2026-04-25T09:23:14.142362+00:00,recovery_scenario,iperf_tcp,30,1,,ryu_controller,457802,69.2,58642432,1297,38,1335,47,464.1491
2026-04-25T09:23:14.163932+00:00,recovery_scenario,iperf_tcp,30,1,pingall_completed,,,,,,,,,
2026-04-25T09:23:14.245952+00:00,recovery_scenario,iperf_tcp,30,1,,twin_core,457809,0.0,66203648,784,81,865,12,115.7248
2026-04-25T09:23:14.245952+00:00,recovery_scenario,iperf_tcp,30,1,,ryu_controller,457802,38.6,58798080,1313,44,1357,22,212.4434
2026-04-25T09:23:14.346502+00:00,recovery_scenario,iperf_tcp,30,1,,twin_core,457809,0.0,66203648,784,81,865,0,0.0
2026-04-25T09:23:14.346502+00:00,recovery_scenario,iperf_tcp,30,1,,ryu_controller,457802,9.9,58798080,1317,44,1361,4,39.7948
2026-04-25T09:23:14.447031+00:00,recovery_scenario,iperf_tcp,30,1,,twin_core,457809,0.0,66203648,784,81,865,0,0.0
2026-04-25T09:23:14.447031+00:00,recovery_scenario,iperf_tcp,30,1,,ryu_controller,457802,0.0,58798080,1321,44,1365,4,39.788
2026-04-25T09:23:14.547635+00:00,recovery_scenario,iperf_tcp,30,1,,twin_core,457809,9.9,66207744,784,81,865,0,0.0
2026-04-25T09:23:14.547635+00:00,recovery_scenario,iperf_tcp,30,1,,ryu_controller,457802,19.9,58798080,1332,45,1377,12,118.6443
2026-04-25T09:23:14.649456+00:00,recovery_scenario,iperf_tcp,30,1,,twin_core,457809,9.8,66273280,784,81,865,0,0.0
2026-04-25T09:23:14.649456+00:00,recovery_scenario,iperf_tcp,30,1,,ryu_controller,457802,68.7,58810368,1369,46,1415,38,374.6411
2026-04-25T09:23:14.750754+00:00,recovery_scenario,iperf_tcp,30,1,,twin_core,457809,9.9,66273280,784,81,865,0,0.0
2026-04-25T09:23:14.750754+00:00,recovery_scenario,iperf_tcp,30,1,,ryu_controller,457802,9.9,58810368,1372,46,1418,3,29.6273
2026-04-25T09:23:14.852258+00:00,recovery_scenario,iperf_tcp,30,1,,twin_core,457809,0.0,66273280,784,81,865,0,0.0
2026-04-25T09:23:14.852258+00:00,recovery_scenario,iperf_tcp,30,1,,ryu_controller,457802,0.0,58810368,1376,46,1422,4,39.4053
2026-04-25T09:23:14.952968+00:00,recovery_scenario,iperf_tcp,30,1,,twin_core,457809,0.0,66273280,784,81,865,0,0.0
2026-04-25T09:23:14.952968+00:00,recovery_scenario,iperf_tcp,30,1,,ryu_controller,457802,0.0,58810368,1379,46,1425,3,29.7695
2026-04-25T09:23:15.053878+00:00,recovery_scenario,iperf_tcp,30,1,,twin_core,457809,0.0,66273280,784,81,865,0,0.0
2026-04-25T09:23:15.053878+00:00,recovery_scenario,iperf_tcp,30,1,,ryu_controller,457802,0.0,58810368,1382,46,1428,3,29.7046
2026-04-25T09:23:15.154691+00:00,recovery_scenario,iperf_tcp,30,1,,twin_core,457809,0.0,66273280,784,81,865,0,0.0
2026-04-25T09:23:15.154691+00:00,recovery_scenario,iperf_tcp,30,1,,ryu_controller,457802,0.0,58810368,1401,46,1447,19,188.5905
2026-04-25T09:23:15.255446+00:00,recovery_scenario,iperf_tcp,30,1,,twin_core,457809,0.0,66273280,789,81,870,5,49.6174
2026-04-25T09:23:15.255446+00:00,recovery_scenario,iperf_tcp,30,1,,ryu_controller,457802,0.0,58810368,1407,46,1453,6,59.5801
2026-04-25T09:23:15.356943+00:00,recovery_scenario,iperf_tcp,30,1,,twin_core,457809,0.0,66273280,789,81,870,0,0.0
2026-04-25T09:23:15.356943+00:00,recovery_scenario,iperf_tcp,30,1,,ryu_controller,457802,9.9,58810368,1410,46,1456,3,29.5997
2026-04-25T09:23:15.457464+00:00,recovery_scenario,iperf_tcp,30,1,,twin_core,457809,0.0,66273280,789,81,870,0,0.0
2026-04-25T09:23:15.457464+00:00,recovery_scenario,iperf_tcp,30,1,,ryu_controller,457802,0.0,58810368,1413,46,1459,3,29.8443
2026-04-25T09:23:15.558909+00:00,recovery_scenario,iperf_tcp,30,1,,twin_core,457809,0.0,66273280,789,81,870,0,0.0
2026-04-25T09:23:15.558909+00:00,recovery_scenario,iperf_tcp,30,1,,ryu_controller,457802,0.0,58810368,1422,46,1468,9,88.7428
2026-04-25T09:23:15.661115+00:00,recovery_scenario,iperf_tcp,30,1,,twin_core,457809,0.0,66273280,789,81,870,0,0.0
2026-04-25T09:23:15.661115+00:00,recovery_scenario,iperf_tcp,30,1,,ryu_controller,457802,0.0,58810368,1442,49,1491,23,224.8969
2026-04-25T09:23:15.762069+00:00,recovery_scenario,iperf_tcp,30,1,,twin_core,457809,0.0,66273280,789,81,870,0,0.0
2026-04-25T09:23:15.762069+00:00,recovery_scenario,iperf_tcp,30,1,,ryu_controller,457802,0.0,58810368,1445,50,1495,4,39.445
2026-04-25T09:23:15.863500+00:00,recovery_scenario,iperf_tcp,30,1,,twin_core,457809,0.0,66273280,789,81,870,0,0.0
2026-04-25T09:23:15.863500+00:00,recovery_scenario,iperf_tcp,30,1,,ryu_controller,457802,0.0,58810368,1449,52,1501,6,57.9105
2026-04-25T09:23:15.968076+00:00,recovery_scenario,iperf_tcp,30,1,,twin_core,457809,0.0,66273280,789,81,870,0,0.0
2026-04-25T09:23:15.968076+00:00,recovery_scenario,iperf_tcp,30,1,,ryu_controller,457802,0.0,58810368,1453,55,1508,7,68.6463
2026-04-25T09:23:16.068853+00:00,recovery_scenario,iperf_tcp,30,1,,twin_core,457809,0.0,66273280,789,81,870,0,0.0
2026-04-25T09:23:16.068853+00:00,recovery_scenario,iperf_tcp,30,1,,ryu_controller,457802,9.8,58810368,1457,57,1514,6,58.7347
2026-04-25T09:23:16.171040+00:00,recovery_scenario,iperf_tcp,30,1,,twin_core,457809,0.0,66273280,789,81,870,0,0.0
2026-04-25T09:23:16.171040+00:00,recovery_scenario,iperf_tcp,30,1,,ryu_controller,457802,0.0,58810368,1461,75,1536,22,217.3953
2026-04-25T09:23:16.180460+00:00,recovery_scenario,iperf_tcp,30,1,background_traffic_started,,,,,,,,,
2026-04-25T09:23:16.272791+00:00,recovery_scenario,iperf_tcp,30,1,,twin_core,457809,9.8,66285568,798,109,907,37,363.5721
2026-04-25T09:23:16.272791+00:00,recovery_scenario,iperf_tcp,30,1,,ryu_controller,457802,29.4,58839040,1469,97,1566,30,292.9593
2026-04-25T09:23:16.375341+00:00,recovery_scenario,iperf_tcp,30,1,,twin_core,457809,0.0,66289664,802,110,912,5,48.7244
2026-04-25T09:23:16.375341+00:00,recovery_scenario,iperf_tcp,30,1,,ryu_controller,457802,29.3,58859520,1470,122,1592,26,254.895
2026-04-25T09:23:16.476397+00:00,recovery_scenario,iperf_tcp,30,1,,twin_core,457809,0.0,66347008,809,111,920,8,79.4994
2026-04-25T09:23:16.476397+00:00,recovery_scenario,iperf_tcp,30,1,,ryu_controller,457802,39.7,58884096,1471,150,1621,29,287.8961
2026-04-25T09:23:16.578652+00:00,recovery_scenario,iperf_tcp,30,1,,twin_core,457809,9.8,66371584,817,111,928,8,78.3598
2026-04-25T09:23:16.578652+00:00,recovery_scenario,iperf_tcp,30,1,,ryu_controller,457802,38.5,58966016,1477,179,1656,35,336.6607
2026-04-25T09:23:16.593364+00:00,recovery_scenario,iperf_tcp,30,1,fault_injected,,,,,,,,,
2026-04-25T09:23:16.681097+00:00,recovery_scenario,iperf_tcp,30,1,,twin_core,457809,0.0,66441216,820,115,935,7,68.3315
2026-04-25T09:23:16.681097+00:00,recovery_scenario,iperf_tcp,30,1,,ryu_controller,457802,39.3,59260928,1479,255,1734,78,765.7834
2026-04-25T09:23:16.782998+00:00,recovery_scenario,iperf_tcp,30,1,,twin_core,457809,0.0,66441216,820,115,935,0,0.0
2026-04-25T09:23:16.782998+00:00,recovery_scenario,iperf_tcp,30,1,,ryu_controller,457802,29.9,59322368,1479,393,1872,138,1373.9891
2026-04-25T09:23:16.883405+00:00,recovery_scenario,iperf_tcp,30,1,,twin_core,457809,0.0,66441216,820,115,935,0,0.0
2026-04-25T09:23:16.883405+00:00,recovery_scenario,iperf_tcp,30,1,,ryu_controller,457802,68.8,59383808,1479,578,2057,185,1818.7169
2026-04-25T09:23:16.985131+00:00,recovery_scenario,iperf_tcp,30,1,,twin_core,457809,9.8,66441216,820,115,935,0,0.0
2026-04-25T09:23:16.985131+00:00,recovery_scenario,iperf_tcp,30,1,,ryu_controller,457802,79.6,59383808,1479,649,2128,71,706.7573
2026-04-25T09:23:17.085566+00:00,recovery_scenario,iperf_tcp,30,1,,twin_core,457809,0.0,66441216,820,115,935,0,0.0
2026-04-25T09:23:17.085566+00:00,recovery_scenario,iperf_tcp,30,1,,ryu_controller,457802,59.7,59420672,1479,870,2349,221,2187.2395
2026-04-25T09:23:17.186666+00:00,recovery_scenario,iperf_tcp,30,1,,twin_core,457809,0.0,66441216,821,119,940,5,49.3847
2026-04-25T09:23:17.186666+00:00,recovery_scenario,iperf_tcp,30,1,,ryu_controller,457802,88.1,59420672,1479,1214,2693,344,3387.4
2026-04-25T09:23:17.288203+00:00,recovery_scenario,iperf_tcp,30,1,,twin_core,457809,9.9,66441216,821,119,940,0,0.0
2026-04-25T09:23:17.288203+00:00,recovery_scenario,iperf_tcp,30,1,,ryu_controller,457802,69.4,59420672,1479,1419,2898,205,2031.3811
2026-04-25T09:23:17.389506+00:00,recovery_scenario,iperf_tcp,30,1,,twin_core,457809,0.0,66441216,821,119,940,0,0.0
2026-04-25T09:23:17.389506+00:00,recovery_scenario,iperf_tcp,30,1,,ryu_controller,457802,49.4,59420672,1479,1627,3106,208,2054.2884
2026-04-25T09:23:17.491729+00:00,recovery_scenario,iperf_tcp,30,1,,twin_core,457809,0.0,66441216,821,119,940,0,0.0
2026-04-25T09:23:17.491729+00:00,recovery_scenario,iperf_tcp,30,1,,ryu_controller,457802,78.4,59420672,1479,1780,3259,153,1498.9826
2026-04-25T09:23:17.592404+00:00,recovery_scenario,iperf_tcp,30,1,,twin_core,457809,0.0,66441216,821,119,940,0,0.0
2026-04-25T09:23:17.592404+00:00,recovery_scenario,iperf_tcp,30,1,,ryu_controller,457802,89.4,59420672,1479,2097,3576,317,3148.0638
2026-04-25T09:23:17.695704+00:00,recovery_scenario,iperf_tcp,30,1,,twin_core,457809,0.0,66441216,822,119,941,1,9.6783
2026-04-25T09:23:17.695704+00:00,recovery_scenario,iperf_tcp,30,1,,ryu_controller,457802,67.9,59420672,1479,2240,3719,143,1386.9326
2026-04-25T09:23:17.798681+00:00,recovery_scenario,iperf_tcp,30,1,,twin_core,457809,0.0,66441216,822,119,941,0,0.0
2026-04-25T09:23:17.798681+00:00,recovery_scenario,iperf_tcp,30,1,,ryu_controller,457802,58.0,59420672,1479,2390,3869,150,1379.203
2026-04-25T09:23:17.905054+00:00,recovery_scenario,iperf_tcp,30,1,,twin_core,457809,0.0,66441216,822,119,941,0,0.0
2026-04-25T09:23:17.905054+00:00,recovery_scenario,iperf_tcp,30,1,,ryu_controller,457802,56.7,59420672,1479,2533,4012,143,1414.919
2026-04-25T09:23:18.008279+00:00,recovery_scenario,iperf_tcp,30,1,,twin_core,457809,0.0,66441216,822,119,941,0,0.0
2026-04-25T09:23:18.008279+00:00,recovery_scenario,iperf_tcp,30,1,,ryu_controller,457802,77.3,59420672,1479,2725,4204,192,1862.31
2026-04-25T09:23:18.109099+00:00,recovery_scenario,iperf_tcp,30,1,,twin_core,457809,0.0,66441216,822,119,941,0,0.0
2026-04-25T09:23:18.109099+00:00,recovery_scenario,iperf_tcp,30,1,,ryu_controller,457802,79.6,59420672,1479,2866,4345,141,1404.0588
2026-04-25T09:23:18.209539+00:00,recovery_scenario,iperf_tcp,30,1,,twin_core,457809,0.0,66445312,823,121,944,3,29.8392
2026-04-25T09:23:18.209539+00:00,recovery_scenario,iperf_tcp,30,1,,ryu_controller,457802,58.5,59420672,1479,3058,4537,192,1872.105
2026-04-25T09:23:18.312077+00:00,recovery_scenario,iperf_tcp,30,1,,twin_core,457809,0.0,66445312,823,121,944,0,0.0
2026-04-25T09:23:18.312077+00:00,recovery_scenario,iperf_tcp,30,1,,ryu_controller,457802,59.7,59420672,1479,3176,4655,118,1175.5215
2026-04-25T09:23:18.412926+00:00,recovery_scenario,iperf_tcp,30,1,,twin_core,457809,0.0,66445312,823,121,944,0,0.0
2026-04-25T09:23:18.412926+00:00,recovery_scenario,iperf_tcp,30,1,,ryu_controller,457802,59.4,59420672,1479,3341,4820,165,1634.0816
2026-04-25T09:23:18.514092+00:00,recovery_scenario,iperf_tcp,30,1,,twin_core,457809,0.0,66445312,823,121,944,0,0.0
2026-04-25T09:23:18.514092+00:00,recovery_scenario,iperf_tcp,30,1,,ryu_controller,457802,68.4,59420672,1479,3684,5163,343,3351.0896
2026-04-25T09:23:18.616228+00:00,recovery_scenario,iperf_tcp,30,1,,twin_core,457809,0.0,66445312,823,121,944,0,0.0
2026-04-25T09:23:18.616228+00:00,recovery_scenario,iperf_tcp,30,1,,ryu_controller,457802,69.2,59441152,1479,3987,5466,303,2993.7673
2026-04-25T09:23:18.717085+00:00,recovery_scenario,iperf_tcp,30,1,,twin_core,457809,0.0,66445312,824,121,945,1,9.9197
2026-04-25T09:23:18.717085+00:00,recovery_scenario,iperf_tcp,30,1,,ryu_controller,457802,59.6,59441152,1479,4282,5761,295,2934.9625
2026-04-25T09:23:18.817963+00:00,recovery_scenario,iperf_tcp,30,1,,twin_core,457809,0.0,66445312,824,121,945,0,0.0
2026-04-25T09:23:18.817963+00:00,recovery_scenario,iperf_tcp,30,1,,ryu_controller,457802,69.4,59441152,1479,4386,5865,104,1030.9119
2026-04-25T09:23:18.919390+00:00,recovery_scenario,iperf_tcp,30,1,,twin_core,457809,0.0,66445312,824,121,945,0,0.0
2026-04-25T09:23:18.919390+00:00,recovery_scenario,iperf_tcp,30,1,,ryu_controller,457802,58.5,59453440,1479,4484,5963,98,955.8095
2026-04-25T09:23:19.021097+00:00,recovery_scenario,iperf_tcp,30,1,,twin_core,457809,0.0,66445312,824,121,945,0,0.0
2026-04-25T09:23:19.021097+00:00,recovery_scenario,iperf_tcp,30,1,,ryu_controller,457802,79.1,59457536,1479,4655,6134,171,1690.8661
2026-04-25T09:23:19.122097+00:00,recovery_scenario,iperf_tcp,30,1,,twin_core,457809,9.9,66445312,824,121,945,0,0.0
2026-04-25T09:23:19.122097+00:00,recovery_scenario,iperf_tcp,30,1,,ryu_controller,457802,59.7,59457536,1479,4775,6254,120,1194.1925
2026-04-25T09:23:19.222909+00:00,recovery_scenario,iperf_tcp,30,1,,twin_core,457809,0.0,66449408,825,121,946,1,9.8354
2026-04-25T09:23:19.222909+00:00,recovery_scenario,iperf_tcp,30,1,,ryu_controller,457802,59.0,59461632,1479,4937,6416,162,1593.394
2026-04-25T09:23:19.324356+00:00,recovery_scenario,iperf_tcp,30,1,,twin_core,457809,0.0,66449408,825,121,946,0,0.0
2026-04-25T09:23:19.324356+00:00,recovery_scenario,iperf_tcp,30,1,,ryu_controller,457802,49.6,59461632,1479,5123,6602,186,1827.25
2026-04-25T09:23:19.427089+00:00,recovery_scenario,iperf_tcp,30,1,,twin_core,457809,0.0,66449408,825,121,946,0,0.0
2026-04-25T09:23:19.427089+00:00,recovery_scenario,iperf_tcp,30,1,,ryu_controller,457802,58.5,59461632,1479,5278,6757,155,1527.8014
2026-04-25T09:23:19.528121+00:00,recovery_scenario,iperf_tcp,30,1,,twin_core,457809,0.0,66449408,825,121,946,0,0.0
2026-04-25T09:23:19.528121+00:00,recovery_scenario,iperf_tcp,30,1,,ryu_controller,457802,59.4,59461632,1479,5369,6848,91,900.2122
2026-04-25T09:23:19.628674+00:00,recovery_scenario,iperf_tcp,30,1,,twin_core,457809,0.0,66449408,826,121,947,1,9.9401
2026-04-25T09:23:19.628674+00:00,recovery_scenario,iperf_tcp,30,1,,ryu_controller,457802,59.7,59461632,1479,5456,6935,87,865.2557
2026-04-25T09:23:19.729286+00:00,recovery_scenario,iperf_tcp,30,1,,twin_core,457809,0.0,66449408,826,121,947,0,0.0
2026-04-25T09:23:19.729286+00:00,recovery_scenario,iperf_tcp,30,1,,ryu_controller,457802,59.6,59461632,1479,5585,7064,129,1273.732
2026-04-25T09:23:19.830711+00:00,recovery_scenario,iperf_tcp,30,1,,twin_core,457809,0.0,66449408,826,121,947,0,0.0
2026-04-25T09:23:19.830711+00:00,recovery_scenario,iperf_tcp,30,1,,ryu_controller,457802,49.2,59461632,1479,5730,7209,145,1434.8288
2026-04-25T09:23:19.931843+00:00,recovery_scenario,iperf_tcp,30,1,,twin_core,457809,9.9,66449408,826,121,947,0,0.0
2026-04-25T09:23:19.931843+00:00,recovery_scenario,iperf_tcp,30,1,,ryu_controller,457802,78.6,59465728,1479,5942,7421,212,2081.9783
2026-04-25T09:23:20.033282+00:00,recovery_scenario,iperf_tcp,30,1,,twin_core,457809,0.0,66449408,826,121,947,0,0.0
2026-04-25T09:23:20.033282+00:00,recovery_scenario,iperf_tcp,30,1,,ryu_controller,457802,69.7,59465728,1479,6216,7695,274,2726.2624
2026-04-25T09:23:20.134190+00:00,recovery_scenario,iperf_tcp,30,1,,twin_core,457809,0.0,66482176,829,127,956,9,89.195
2026-04-25T09:23:20.134190+00:00,recovery_scenario,iperf_tcp,30,1,,ryu_controller,457802,9.9,59465728,1489,6246,7735,40,396.7204
2026-04-25T09:23:20.234781+00:00,recovery_scenario,iperf_tcp,30,1,,twin_core,457809,9.9,66482176,846,151,997,41,407.4095
2026-04-25T09:23:20.234781+00:00,recovery_scenario,iperf_tcp,30,1,,ryu_controller,457802,39.4,59465728,1502,6289,7791,56,551.1109
2026-04-25T09:23:20.296498+00:00,recovery_scenario,iperf_tcp,30,1,recovery_requested,,,,,,,,,
2026-04-25T09:23:20.336230+00:00,recovery_scenario,iperf_tcp,30,1,,twin_core,457809,19.7,66482176,857,177,1034,37,364.8663
2026-04-25T09:23:20.336230+00:00,recovery_scenario,iperf_tcp,30,1,,ryu_controller,457802,39.7,59465728,1515,6321,7836,45,446.7398
2026-04-25T09:23:20.437313+00:00,recovery_scenario,iperf_tcp,30,1,,twin_core,457809,0.0,66482176,857,177,1034,0,0.0
2026-04-25T09:23:20.437313+00:00,recovery_scenario,iperf_tcp,30,1,,ryu_controller,457802,49.5,59465728,1515,6410,7925,89,881.0109
2026-04-25T09:23:20.538129+00:00,recovery_scenario,iperf_tcp,30,1,,twin_core,457809,0.0,66482176,857,177,1034,0,0.0
2026-04-25T09:23:20.538129+00:00,recovery_scenario,iperf_tcp,30,1,,ryu_controller,457802,49.7,59465728,1515,6440,7955,30,297.1454
2026-04-25T09:23:20.639162+00:00,recovery_scenario,iperf_tcp,30,1,,twin_core,457809,0.0,66482176,857,177,1034,0,0.0
2026-04-25T09:23:20.639162+00:00,recovery_scenario,iperf_tcp,30,1,,ryu_controller,457802,49.2,59465728,1515,6456,7971,16,157.9401
2026-04-25T09:23:20.740302+00:00,recovery_scenario,iperf_tcp,30,1,,twin_core,457809,0.0,66482176,857,177,1034,0,0.0
2026-04-25T09:23:20.740302+00:00,recovery_scenario,iperf_tcp,30,1,,ryu_controller,457802,59.2,59465728,1515,6599,8114,143,1399.7785
2026-04-25T09:23:20.842623+00:00,recovery_scenario,iperf_tcp,30,1,,twin_core,457809,0.0,66482176,858,183,1041,7,68.172
2026-04-25T09:23:20.842623+00:00,recovery_scenario,iperf_tcp,30,1,,ryu_controller,457802,78.1,59465728,1515,6713,8228,114,1117.5596
2026-04-25T09:23:20.945151+00:00,recovery_scenario,iperf_tcp,30,1,,twin_core,457809,0.0,66482176,858,183,1041,0,0.0
2026-04-25T09:23:20.945151+00:00,recovery_scenario,iperf_tcp,30,1,,ryu_controller,457802,67.3,59465728,1515,6765,8280,52,502.0669
2026-04-25T09:23:21.047998+00:00,recovery_scenario,iperf_tcp,30,1,,twin_core,457809,0.0,66482176,858,183,1041,0,0.0
2026-04-25T09:23:21.047998+00:00,recovery_scenario,iperf_tcp,30,1,,ryu_controller,457802,69.4,59465728,1515,6860,8375,95,940.2952
2026-04-25T09:23:21.149035+00:00,recovery_scenario,iperf_tcp,30,1,,twin_core,457809,0.0,66482176,858,183,1041,0,0.0
2026-04-25T09:23:21.149035+00:00,recovery_scenario,iperf_tcp,30,1,,ryu_controller,457802,78.9,59465728,1515,6994,8509,134,1316.8544
2026-04-25T09:23:21.250907+00:00,recovery_scenario,iperf_tcp,30,1,,twin_core,457809,0.0,66482176,858,183,1041,0,0.0
2026-04-25T09:23:21.250907+00:00,recovery_scenario,iperf_tcp,30,1,,ryu_controller,457802,69.1,59465728,1515,7133,8648,139,1380.1009
2026-04-25T09:23:21.351712+00:00,recovery_scenario,iperf_tcp,30,1,,twin_core,457809,0.0,66482176,859,183,1042,1,9.873
2026-04-25T09:23:21.351712+00:00,recovery_scenario,iperf_tcp,30,1,,ryu_controller,457802,69.1,59465728,1515,7285,8800,152,1498.3399
2026-04-25T09:23:21.453941+00:00,recovery_scenario,iperf_tcp,30,1,,twin_core,457809,0.0,66482176,859,183,1042,0,0.0
2026-04-25T09:23:21.453941+00:00,recovery_scenario,iperf_tcp,30,1,,ryu_controller,457802,68.9,59465728,1515,7628,9143,343,3381.496
2026-04-25T09:23:21.554889+00:00,recovery_scenario,iperf_tcp,30,1,,twin_core,457809,0.0,66482176,859,183,1042,0,0.0
2026-04-25T09:23:21.554889+00:00,recovery_scenario,iperf_tcp,30,1,,ryu_controller,457802,79.1,59465728,1515,7881,9396,253,2501.0642
2026-04-25T09:23:21.656738+00:00,recovery_scenario,iperf_tcp,30,1,,twin_core,457809,0.0,66482176,859,183,1042,0,0.0
2026-04-25T09:23:21.656738+00:00,recovery_scenario,iperf_tcp,30,1,,ryu_controller,457802,88.5,59465728,1515,8150,9665,269,2646.5378
2026-04-25T09:23:21.758040+00:00,recovery_scenario,iperf_tcp,30,1,,twin_core,457809,9.9,66482176,859,183,1042,0,0.0
2026-04-25T09:23:21.758040+00:00,recovery_scenario,iperf_tcp,30,1,,ryu_controller,457802,59.3,59465728,1515,8303,9818,153,1510.9093
2026-04-25T09:23:21.858733+00:00,recovery_scenario,iperf_tcp,30,1,,twin_core,457809,0.0,66482176,860,184,1044,2,19.8588
2026-04-25T09:23:21.858733+00:00,recovery_scenario,iperf_tcp,30,1,,ryu_controller,457802,69.5,59465728,1515,8481,9996,178,1767.4061
2026-04-25T09:23:21.960718+00:00,recovery_scenario,iperf_tcp,30,1,,twin_core,457809,0.0,66482176,860,184,1044,0,0.0
2026-04-25T09:23:21.960718+00:00,recovery_scenario,iperf_tcp,30,1,,ryu_controller,457802,78.4,59465728,1515,8804,10319,323,3166.3699
2026-04-25T09:23:22.062481+00:00,recovery_scenario,iperf_tcp,30,1,,twin_core,457809,0.0,66482176,860,184,1044,0,0.0
2026-04-25T09:23:22.062481+00:00,recovery_scenario,iperf_tcp,30,1,,ryu_controller,457802,68.7,59465728,1515,9181,10696,377,3701.0214
2026-04-25T09:23:22.163020+00:00,recovery_scenario,iperf_tcp,30,1,,twin_core,457809,0.0,66482176,860,184,1044,0,0.0
2026-04-25T09:23:22.163020+00:00,recovery_scenario,iperf_tcp,30,1,,ryu_controller,457802,59.7,59473920,1515,9649,11164,468,4659.0198
2026-04-25T09:23:22.263482+00:00,recovery_scenario,iperf_tcp,30,1,,twin_core,457809,0.0,66482176,860,184,1044,0,0.0
2026-04-25T09:23:22.263482+00:00,recovery_scenario,iperf_tcp,30,1,,ryu_controller,457802,69.6,59490304,1515,9939,11454,290,2885.4853
2026-04-25T09:23:22.363966+00:00,recovery_scenario,iperf_tcp,30,1,,twin_core,457809,0.0,66482176,861,184,1045,1,9.9405
2026-04-25T09:23:22.363966+00:00,recovery_scenario,iperf_tcp,30,1,,ryu_controller,457802,49.7,59490304,1515,10048,11563,109,1061.2471
2026-04-25T09:23:22.466831+00:00,recovery_scenario,iperf_tcp,30,1,,twin_core,457809,0.0,66482176,861,184,1045,0,0.0
2026-04-25T09:23:22.466831+00:00,recovery_scenario,iperf_tcp,30,1,,ryu_controller,457802,38.8,59494400,1515,10175,11690,127,1252.771
2026-04-25T09:23:22.569396+00:00,recovery_scenario,iperf_tcp,30,1,,twin_core,457809,0.0,66482176,861,184,1045,0,0.0
2026-04-25T09:23:22.569396+00:00,recovery_scenario,iperf_tcp,30,1,,ryu_controller,457802,48.9,59494400,1515,10325,11840,150,1471.2502
2026-04-25T09:23:22.671684+00:00,recovery_scenario,iperf_tcp,30,1,,twin_core,457809,0.0,66482176,861,184,1045,0,0.0
2026-04-25T09:23:22.671684+00:00,recovery_scenario,iperf_tcp,30,1,,ryu_controller,457802,48.9,59502592,1515,10482,11997,157,1536.0335
2026-04-25T09:23:22.774472+00:00,recovery_scenario,iperf_tcp,30,1,,twin_core,457809,0.0,66482176,861,184,1045,0,0.0
2026-04-25T09:23:22.774472+00:00,recovery_scenario,iperf_tcp,30,1,,ryu_controller,457802,48.7,59506688,1515,10643,12158,161,1566.9472
2026-04-25T09:23:22.874971+00:00,recovery_scenario,iperf_tcp,30,1,,twin_core,457809,0.0,66482176,862,184,1046,1,9.9589
2026-04-25T09:23:22.874971+00:00,recovery_scenario,iperf_tcp,30,1,,ryu_controller,457802,39.8,59506688,1515,10805,12320,162,1613.372
2026-04-25T09:23:22.976480+00:00,recovery_scenario,iperf_tcp,30,1,,twin_core,457809,0.0,66482176,862,184,1046,0,0.0
2026-04-25T09:23:22.976480+00:00,recovery_scenario,iperf_tcp,30,1,,ryu_controller,457802,48.9,59506688,1515,10983,12498,178,1738.148
2026-04-25T09:23:23.077796+00:00,recovery_scenario,iperf_tcp,30,1,,twin_core,457809,0.0,66482176,862,184,1046,0,0.0
2026-04-25T09:23:23.077796+00:00,recovery_scenario,iperf_tcp,30,1,,ryu_controller,457802,59.7,59510784,1515,11365,12880,382,3801.6987
2026-04-25T09:23:23.178779+00:00,recovery_scenario,iperf_tcp,30,1,,twin_core,457809,9.9,66482176,862,184,1046,0,0.0
2026-04-25T09:23:23.178779+00:00,recovery_scenario,iperf_tcp,30,1,,ryu_controller,457802,49.5,59510784,1515,11588,13103,223,2209.4069
2026-04-25T09:23:23.279639+00:00,recovery_scenario,iperf_tcp,30,1,,twin_core,457809,0.0,66482176,862,184,1046,0,0.0
2026-04-25T09:23:23.279639+00:00,recovery_scenario,iperf_tcp,30,1,,ryu_controller,457802,59.2,59510784,1515,11761,13276,173,1706.565
2026-04-25T09:23:23.381366+00:00,recovery_scenario,iperf_tcp,30,1,,twin_core,457809,9.7,66519040,863,184,1047,1,9.7431
2026-04-25T09:23:23.381366+00:00,recovery_scenario,iperf_tcp,30,1,,ryu_controller,457802,29.3,59510784,1522,11786,13308,32,312.0972
2026-04-25T09:23:23.483520+00:00,recovery_scenario,iperf_tcp,30,1,,twin_core,457809,0.0,66519040,863,184,1047,0,0.0
2026-04-25T09:23:23.483520+00:00,recovery_scenario,iperf_tcp,30,1,,ryu_controller,457802,0.0,59510784,1527,11788,13315,7,69.2017
2026-04-25T09:23:23.585485+00:00,recovery_scenario,iperf_tcp,30,1,,twin_core,457809,0.0,66519040,863,184,1047,0,0.0
2026-04-25T09:23:23.585485+00:00,recovery_scenario,iperf_tcp,30,1,,ryu_controller,457802,0.0,59510784,1530,11789,13319,4,39.3018
2026-04-25T09:23:23.686470+00:00,recovery_scenario,iperf_tcp,30,1,,twin_core,457809,9.9,66519040,863,184,1047,0,0.0
2026-04-25T09:23:23.686470+00:00,recovery_scenario,iperf_tcp,30,1,,ryu_controller,457802,0.0,59510784,1534,11791,13325,6,59.4118
2026-04-25T09:23:23.789358+00:00,recovery_scenario,iperf_tcp,30,1,,twin_core,457809,0.0,66519040,863,184,1047,0,0.0
2026-04-25T09:23:23.789358+00:00,recovery_scenario,iperf_tcp,30,1,,ryu_controller,457802,9.7,59510784,1543,11801,13344,19,184.7207
2026-04-25T09:23:23.891097+00:00,recovery_scenario,iperf_tcp,30,1,,twin_core,457809,0.0,66519040,883,226,1109,62,609.6498
2026-04-25T09:23:23.891097+00:00,recovery_scenario,iperf_tcp,30,1,,ryu_controller,457802,39.4,59510784,1568,11833,13401,57,560.8671
2026-04-25T09:23:23.929548+00:00,recovery_scenario,iperf_tcp,30,1,scenario_teardown,,,,,,,,,
2026-04-25T09:23:23.991542+00:00,recovery_scenario,iperf_tcp,30,1,,twin_core,457809,9.9,66527232,903,259,1162,53,527.1187
2026-04-25T09:23:23.991542+00:00,recovery_scenario,iperf_tcp,30,1,,ryu_controller,457802,19.9,59510784,1583,11844,13427,26,258.6313
2026-04-25T09:23:24.092117+00:00,recovery_scenario,iperf_tcp,30,1,,twin_core,457809,0.0,66527232,927,262,1189,27,268.1506
2026-04-25T09:23:24.092117+00:00,recovery_scenario,iperf_tcp,30,1,,ryu_controller,457802,9.9,59510784,1591,11847,13438,11,109.1229
2026-04-25T09:23:24.192897+00:00,recovery_scenario,iperf_tcp,30,1,,twin_core,457809,0.0,66527232,947,262,1209,20,198.7599
2026-04-25T09:23:24.192897+00:00,recovery_scenario,iperf_tcp,30,1,,ryu_controller,457802,9.9,59510784,1598,11857,13455,17,169.116
2026-04-25T09:23:24.293433+00:00,recovery_scenario,iperf_tcp,30,1,,twin_core,457809,0.0,66527232,947,262,1209,0,0.0
2026-04-25T09:23:24.293433+00:00,recovery_scenario,iperf_tcp,30,1,,ryu_controller,457802,9.9,59510784,1619,11860,13479,24,238.5886
2026-04-25T09:23:24.770912+00:00,recovery_scenario,iperf_tcp,30,2,,twin_core,457809,0.0,66555904,1336,322,1658,0,0.0
2026-04-25T09:23:24.770912+00:00,recovery_scenario,iperf_tcp,30,2,,ryu_controller,457802,0.0,59510784,1658,11861,13519,0,0.0
2026-04-25T09:23:24.872704+00:00,recovery_scenario,iperf_tcp,30,2,,twin_core,457809,0.0,66564096,1390,327,1717,59,579.4111
2026-04-25T09:23:24.872704+00:00,recovery_scenario,iperf_tcp,30,2,,ryu_controller,457802,39.3,59510784,1675,11872,13547,28,277.8219
2026-04-25T09:23:24.973299+00:00,recovery_scenario,iperf_tcp,30,2,,twin_core,457809,9.9,66564096,1484,329,1813,96,953.714
2026-04-25T09:23:24.973299+00:00,recovery_scenario,iperf_tcp,30,2,,ryu_controller,457802,29.8,59510784,1720,11877,13597,50,495.763
2026-04-25T09:23:25.023996+00:00,recovery_scenario,iperf_tcp,30,2,service_started,,,,,,,,,
2026-04-25T09:23:25.074737+00:00,recovery_scenario,iperf_tcp,30,2,,twin_core,457809,19.7,66580480,1541,330,1871,58,572.1921
2026-04-25T09:23:25.074737+00:00,recovery_scenario,iperf_tcp,30,2,,ryu_controller,457802,49.4,59510784,1779,11877,13656,59,582.4388
2026-04-25T09:23:25.175274+00:00,recovery_scenario,iperf_tcp,30,2,,twin_core,457809,0.0,66580480,1542,330,1872,1,9.9419
2026-04-25T09:23:25.175274+00:00,recovery_scenario,iperf_tcp,30,2,,ryu_controller,457802,9.9,59510784,1812,11877,13689,33,328.3575
2026-04-25T09:23:25.276315+00:00,recovery_scenario,iperf_tcp,30,2,,twin_core,457809,0.0,66580480,1542,330,1872,0,0.0
2026-04-25T09:23:25.276315+00:00,recovery_scenario,iperf_tcp,30,2,,ryu_controller,457802,19.8,59510784,1846,11878,13724,35,346.4281
2026-04-25T09:23:25.377522+00:00,recovery_scenario,iperf_tcp,30,2,,twin_core,457809,0.0,66580480,1542,330,1872,0,0.0
2026-04-25T09:23:25.377522+00:00,recovery_scenario,iperf_tcp,30,2,,ryu_controller,457802,49.4,59510784,1919,11879,13798,74,731.6405
2026-04-25T09:23:25.478403+00:00,recovery_scenario,iperf_tcp,30,2,,twin_core,457809,0.0,66580480,1542,330,1872,0,0.0
2026-04-25T09:23:25.478403+00:00,recovery_scenario,iperf_tcp,30,2,,ryu_controller,457802,9.9,59510784,1942,11879,13821,23,227.3848
2026-04-25T09:23:25.582914+00:00,recovery_scenario,iperf_tcp,30,2,,twin_core,457809,0.0,66580480,1542,330,1872,0,0.0
2026-04-25T09:23:25.582914+00:00,recovery_scenario,iperf_tcp,30,2,,ryu_controller,457802,9.6,59510784,1957,11879,13836,15,143.7904
2026-04-25T09:23:25.683440+00:00,recovery_scenario,iperf_tcp,30,2,,twin_core,457809,0.0,66580480,1542,330,1872,0,0.0
2026-04-25T09:23:25.683440+00:00,recovery_scenario,iperf_tcp,30,2,,ryu_controller,457802,9.9,59510784,1978,11879,13857,21,208.7248
2026-04-25T09:23:25.784038+00:00,recovery_scenario,iperf_tcp,30,2,,twin_core,457809,9.9,66580480,1542,330,1872,0,0.0
2026-04-25T09:23:25.784038+00:00,recovery_scenario,iperf_tcp,30,2,,ryu_controller,457802,29.9,59510784,1996,11879,13875,18,179.1927
2026-04-25T09:23:25.884497+00:00,recovery_scenario,iperf_tcp,30,2,,twin_core,457809,0.0,66580480,1542,330,1872,0,0.0
2026-04-25T09:23:25.884497+00:00,recovery_scenario,iperf_tcp,30,2,,ryu_controller,457802,10.0,59510784,2017,11879,13896,21,208.9864
2026-04-25T09:23:25.984964+00:00,recovery_scenario,iperf_tcp,30,2,,twin_core,457809,0.0,66580480,1542,330,1872,0,0.0
2026-04-25T09:23:25.984964+00:00,recovery_scenario,iperf_tcp,30,2,,ryu_controller,457802,29.9,59510784,2048,11879,13927,31,308.6646
2026-04-25T09:23:26.085420+00:00,recovery_scenario,iperf_tcp,30,2,,twin_core,457809,0.0,66580480,1542,330,1872,0,0.0
2026-04-25T09:23:26.085420+00:00,recovery_scenario,iperf_tcp,30,2,,ryu_controller,457802,0.0,59510784,2077,11879,13956,29,288.4241
2026-04-25T09:23:26.185932+00:00,recovery_scenario,iperf_tcp,30,2,,twin_core,457809,0.0,66580480,1542,330,1872,0,0.0
2026-04-25T09:23:26.185932+00:00,recovery_scenario,iperf_tcp,30,2,,ryu_controller,457802,29.9,59510784,2106,11879,13985,29,288.5152
2026-04-25T09:23:26.291166+00:00,recovery_scenario,iperf_tcp,30,2,,twin_core,457809,0.0,66580480,1542,330,1872,0,0.0
2026-04-25T09:23:26.291166+00:00,recovery_scenario,iperf_tcp,30,2,,ryu_controller,457802,19.0,59510784,2149,11879,14028,43,408.9131
2026-04-25T09:23:26.391630+00:00,recovery_scenario,iperf_tcp,30,2,,twin_core,457809,0.0,66580480,1542,330,1872,0,0.0
2026-04-25T09:23:26.391630+00:00,recovery_scenario,iperf_tcp,30,2,,ryu_controller,457802,39.8,59510784,2191,11880,14071,43,428.1853
2026-04-25T09:23:26.494407+00:00,recovery_scenario,iperf_tcp,30,2,,twin_core,457809,0.0,66580480,1542,330,1872,0,0.0
2026-04-25T09:23:26.494407+00:00,recovery_scenario,iperf_tcp,30,2,,ryu_controller,457802,0.0,59510784,2203,11880,14083,12,116.4799
2026-04-25T09:23:26.597341+00:00,recovery_scenario,iperf_tcp,30,2,,twin_core,457809,0.0,66580480,1542,330,1872,0,0.0
2026-04-25T09:23:26.597341+00:00,recovery_scenario,iperf_tcp,30,2,,ryu_controller,457802,19.4,59510784,2227,11880,14107,24,233.4318
2026-04-25T09:23:26.697859+00:00,recovery_scenario,iperf_tcp,30,2,,twin_core,457809,0.0,66580480,1542,330,1872,0,0.0
2026-04-25T09:23:26.697859+00:00,recovery_scenario,iperf_tcp,30,2,,ryu_controller,457802,0.0,59510784,2232,11880,14112,5,49.7666
2026-04-25T09:23:26.798764+00:00,recovery_scenario,iperf_tcp,30,2,,twin_core,457809,0.0,66580480,1542,330,1872,0,0.0
2026-04-25T09:23:26.798764+00:00,recovery_scenario,iperf_tcp,30,2,,ryu_controller,457802,9.9,59510784,2254,11880,14134,22,218.1006
2026-04-25T09:23:26.899200+00:00,recovery_scenario,iperf_tcp,30,2,,twin_core,457809,0.0,66580480,1542,330,1872,0,0.0
2026-04-25T09:23:26.899200+00:00,recovery_scenario,iperf_tcp,30,2,,ryu_controller,457802,19.8,59510784,2283,11880,14163,29,287.0696
2026-04-25T09:23:27.004113+00:00,recovery_scenario,iperf_tcp,30,2,,twin_core,457809,0.0,66580480,1542,330,1872,0,0.0
2026-04-25T09:23:27.004113+00:00,recovery_scenario,iperf_tcp,30,2,,ryu_controller,457802,0.0,59510784,2295,11880,14175,12,114.924
2026-04-25T09:23:27.104670+00:00,recovery_scenario,iperf_tcp,30,2,,twin_core,457809,9.9,66580480,1542,330,1872,0,0.0
2026-04-25T09:23:27.104670+00:00,recovery_scenario,iperf_tcp,30,2,,ryu_controller,457802,29.9,59510784,2340,11880,14220,45,447.9201
2026-04-25T09:23:27.205121+00:00,recovery_scenario,iperf_tcp,30,2,,twin_core,457809,0.0,66584576,1550,330,1880,8,79.6199
2026-04-25T09:23:27.205121+00:00,recovery_scenario,iperf_tcp,30,2,,ryu_controller,457802,29.9,59514880,2384,11880,14264,44,437.9668
2026-04-25T09:23:27.306107+00:00,recovery_scenario,iperf_tcp,30,2,,twin_core,457809,0.0,66584576,1553,330,1883,3,29.7119
2026-04-25T09:23:27.306107+00:00,recovery_scenario,iperf_tcp,30,2,,ryu_controller,457802,19.8,59518976,2409,11880,14289,25,247.6177
2026-04-25T09:23:27.406636+00:00,recovery_scenario,iperf_tcp,30,2,,twin_core,457809,0.0,66584576,1556,330,1886,3,29.8397
2026-04-25T09:23:27.406636+00:00,recovery_scenario,iperf_tcp,30,2,,ryu_controller,457802,19.9,59527168,2450,11880,14330,41,407.7959
2026-04-25T09:23:27.507081+00:00,recovery_scenario,iperf_tcp,30,2,,twin_core,457809,0.0,66584576,1556,330,1886,0,0.0
2026-04-25T09:23:27.507081+00:00,recovery_scenario,iperf_tcp,30,2,,ryu_controller,457802,29.9,59527168,2478,11880,14358,28,278.6171
2026-04-25T09:23:27.607598+00:00,recovery_scenario,iperf_tcp,30,2,,twin_core,457809,9.9,66584576,1559,330,1889,3,29.8451
2026-04-25T09:23:27.607598+00:00,recovery_scenario,iperf_tcp,30,2,,ryu_controller,457802,9.9,59527168,2490,11880,14370,12,119.3741
2026-04-25T09:23:27.708081+00:00,recovery_scenario,iperf_tcp,30,2,,twin_core,457809,0.0,66584576,1562,330,1892,3,29.8717
2026-04-25T09:23:27.708081+00:00,recovery_scenario,iperf_tcp,30,2,,ryu_controller,457802,10.0,59527168,2497,11880,14377,7,69.7169
2026-04-25T09:23:27.809674+00:00,recovery_scenario,iperf_tcp,30,2,,twin_core,457809,0.0,66584576,1565,330,1895,3,29.5083
2026-04-25T09:23:27.809674+00:00,recovery_scenario,iperf_tcp,30,2,,ryu_controller,457802,9.8,59527168,2514,11880,14394,17,167.1615
2026-04-25T09:23:27.910197+00:00,recovery_scenario,iperf_tcp,30,2,,twin_core,457809,0.0,66584576,1574,330,1904,9,89.5574
2026-04-25T09:23:27.910197+00:00,recovery_scenario,iperf_tcp,30,2,,ryu_controller,457802,19.9,59527168,2537,11880,14417,23,228.9061
2026-04-25T09:23:28.010632+00:00,recovery_scenario,iperf_tcp,30,2,,twin_core,457809,0.0,66584576,1577,330,1907,3,29.8662
2026-04-25T09:23:28.010632+00:00,recovery_scenario,iperf_tcp,30,2,,ryu_controller,457802,10.0,59527168,2558,11880,14438,21,209.0551
2026-04-25T09:23:28.111132+00:00,recovery_scenario,iperf_tcp,30,2,,twin_core,457809,0.0,66584576,1580,330,1910,3,29.8493
2026-04-25T09:23:28.111132+00:00,recovery_scenario,iperf_tcp,30,2,,ryu_controller,457802,0.0,59527168,2571,11880,14451,13,129.3573
2026-04-25T09:23:28.211702+00:00,recovery_scenario,iperf_tcp,30,2,,twin_core,457809,0.0,66584576,1583,330,1913,3,29.844
2026-04-25T09:23:28.211702+00:00,recovery_scenario,iperf_tcp,30,2,,ryu_controller,457802,9.9,59527168,2586,11880,14466,15,149.1645
2026-04-25T09:23:28.312221+00:00,recovery_scenario,iperf_tcp,30,2,,twin_core,457809,0.0,66584576,1592,330,1922,9,89.5411
2026-04-25T09:23:28.312221+00:00,recovery_scenario,iperf_tcp,30,2,,ryu_controller,457802,10.0,59527168,2594,11880,14474,8,79.6252
2026-04-25T09:23:28.412692+00:00,recovery_scenario,iperf_tcp,30,2,,twin_core,457809,0.0,66584576,1595,330,1925,3,29.8415
2026-04-25T09:23:28.412692+00:00,recovery_scenario,iperf_tcp,30,2,,ryu_controller,457802,9.9,59527168,2622,11880,14502,28,278.4749
2026-04-25T09:23:28.513202+00:00,recovery_scenario,iperf_tcp,30,2,,twin_core,457809,0.0,66584576,1598,330,1928,3,29.863
2026-04-25T09:23:28.513202+00:00,recovery_scenario,iperf_tcp,30,2,,ryu_controller,457802,10.0,59527168,2646,11880,14526,24,238.9102
2026-04-25T09:23:28.613651+00:00,recovery_scenario,iperf_tcp,30,2,,twin_core,457809,0.0,66584576,1601,330,1931,3,29.8626
2026-04-25T09:23:28.613651+00:00,recovery_scenario,iperf_tcp,30,2,,ryu_controller,457802,10.0,59527168,2660,11880,14540,14,139.3604
2026-04-25T09:23:28.714295+00:00,recovery_scenario,iperf_tcp,30,2,,twin_core,457809,0.0,66584576,1604,330,1934,3,29.7348
2026-04-25T09:23:28.714295+00:00,recovery_scenario,iperf_tcp,30,2,,ryu_controller,457802,9.9,59527168,2671,11880,14551,11,108.9714
2026-04-25T09:23:28.815314+00:00,recovery_scenario,iperf_tcp,30,2,,twin_core,457809,9.9,66584576,1613,330,1943,9,89.2837
2026-04-25T09:23:28.815314+00:00,recovery_scenario,iperf_tcp,30,2,,ryu_controller,457802,0.0,59527168,2675,11880,14555,4,39.5426
2026-04-25T09:23:28.916328+00:00,recovery_scenario,iperf_tcp,30,2,,twin_core,457809,0.0,66584576,1619,330,1949,6,59.3869
2026-04-25T09:23:28.916328+00:00,recovery_scenario,iperf_tcp,30,2,,ryu_controller,457802,9.9,59527168,2697,11880,14577,22,218.3619
2026-04-25T09:23:29.016974+00:00,recovery_scenario,iperf_tcp,30,2,,twin_core,457809,0.0,66584576,1625,330,1955,6,59.6334
2026-04-25T09:23:29.016974+00:00,recovery_scenario,iperf_tcp,30,2,,ryu_controller,457802,10.0,59527168,2719,11880,14599,22,218.9412
2026-04-25T09:23:29.117456+00:00,recovery_scenario,iperf_tcp,30,2,,twin_core,457809,10.0,66584576,1628,330,1958,3,29.8422
2026-04-25T09:23:29.117456+00:00,recovery_scenario,iperf_tcp,30,2,,ryu_controller,457802,9.9,59527168,2723,11880,14603,4,39.7858
2026-04-25T09:23:29.217995+00:00,recovery_scenario,iperf_tcp,30,2,,twin_core,457809,9.9,66641920,1639,330,1969,11,109.4201
2026-04-25T09:23:29.217995+00:00,recovery_scenario,iperf_tcp,30,2,,ryu_controller,457802,59.7,59588608,2775,11880,14655,52,517.1703
2026-04-25T09:23:29.318612+00:00,recovery_scenario,iperf_tcp,30,2,,twin_core,457809,0.0,66641920,1645,330,1975,6,59.6424
2026-04-25T09:23:29.318612+00:00,recovery_scenario,iperf_tcp,30,2,,ryu_controller,457802,19.9,59588608,2796,11881,14677,22,218.7327
2026-04-25T09:23:29.419114+00:00,recovery_scenario,iperf_tcp,30,2,,twin_core,457809,0.0,66641920,1648,330,1978,3,29.8639
2026-04-25T09:23:29.419114+00:00,recovery_scenario,iperf_tcp,30,2,,ryu_controller,457802,0.0,59588608,2809,11881,14690,13,129.4309
2026-04-25T09:23:29.519560+00:00,recovery_scenario,iperf_tcp,30,2,,twin_core,457809,0.0,66641920,1651,330,1981,3,29.8558
2026-04-25T09:23:29.519560+00:00,recovery_scenario,iperf_tcp,30,2,,ryu_controller,457802,69.7,59621376,2862,11881,14743,53,527.458
2026-04-25T09:23:29.620054+00:00,recovery_scenario,iperf_tcp,30,2,,twin_core,457809,0.0,66641920,1657,330,1987,6,59.6927
2026-04-25T09:23:29.620054+00:00,recovery_scenario,iperf_tcp,30,2,,ryu_controller,457802,0.0,59621376,2878,11881,14759,16,159.1316
2026-04-25T09:23:29.720627+00:00,recovery_scenario,iperf_tcp,30,2,,twin_core,457809,9.9,66641920,1666,330,1996,9,89.5474
2026-04-25T09:23:29.720627+00:00,recovery_scenario,iperf_tcp,30,2,,ryu_controller,457802,19.9,59621376,2899,11881,14780,21,209.0064
2026-04-25T09:23:29.821696+00:00,recovery_scenario,iperf_tcp,30,2,,twin_core,457809,0.0,66641920,1669,330,1999,3,29.6705
2026-04-25T09:23:29.821696+00:00,recovery_scenario,iperf_tcp,30,2,,ryu_controller,457802,19.8,59621376,2922,11881,14803,23,227.4156
2026-04-25T09:23:29.922183+00:00,recovery_scenario,iperf_tcp,30,2,,twin_core,457809,0.0,66641920,1672,330,2002,3,29.8692
2026-04-25T09:23:29.922183+00:00,recovery_scenario,iperf_tcp,30,2,,ryu_controller,457802,0.0,59621376,2934,11881,14815,12,119.5084
2026-04-25T09:23:30.022616+00:00,recovery_scenario,iperf_tcp,30,2,,twin_core,457809,0.0,66641920,1678,330,2008,6,59.7352
2026-04-25T09:23:30.022616+00:00,recovery_scenario,iperf_tcp,30,2,,ryu_controller,457802,19.9,59621376,2963,11881,14844,29,288.6968
2026-04-25T09:23:30.123069+00:00,recovery_scenario,iperf_tcp,30,2,,twin_core,457809,0.0,66641920,1687,330,2017,9,89.5884
2026-04-25T09:23:30.123069+00:00,recovery_scenario,iperf_tcp,30,2,,ryu_controller,457802,10.0,59621376,2980,11881,14861,17,169.2377
2026-04-25T09:23:30.224453+00:00,recovery_scenario,iperf_tcp,30,2,,twin_core,457809,0.0,66641920,1690,330,2020,3,29.5668
2026-04-25T09:23:30.224453+00:00,recovery_scenario,iperf_tcp,30,2,,ryu_controller,457802,9.8,59621376,3011,11881,14892,31,305.0569
2026-04-25T09:23:30.325176+00:00,recovery_scenario,iperf_tcp,30,2,,twin_core,457809,0.0,66641920,1693,330,2023,3,29.7178
2026-04-25T09:23:30.325176+00:00,recovery_scenario,iperf_tcp,30,2,,ryu_controller,457802,0.0,59621376,3014,11881,14895,3,29.7173
2026-04-25T09:23:30.426190+00:00,recovery_scenario,iperf_tcp,30,2,,twin_core,457809,0.0,66641920,1699,330,2029,6,59.3872
2026-04-25T09:23:30.426190+00:00,recovery_scenario,iperf_tcp,30,2,,ryu_controller,457802,9.9,59621376,3024,11882,14906,11,108.897
2026-04-25T09:23:30.527093+00:00,recovery_scenario,iperf_tcp,30,2,,twin_core,457809,0.0,66641920,1705,330,2035,6,59.6651
2026-04-25T09:23:30.527093+00:00,recovery_scenario,iperf_tcp,30,2,,ryu_controller,457802,19.9,59621376,3055,11882,14937,31,308.6917
2026-04-25T09:23:30.628212+00:00,recovery_scenario,iperf_tcp,30,2,,twin_core,457809,0.0,66641920,1708,330,2038,3,29.6429
2026-04-25T09:23:30.628212+00:00,recovery_scenario,iperf_tcp,30,2,,ryu_controller,457802,0.0,59621376,3058,11882,14940,3,29.5859
2026-04-25T09:23:30.729015+00:00,recovery_scenario,iperf_tcp,30,2,,twin_core,457809,9.9,66641920,1711,330,2041,3,29.7604
2026-04-25T09:23:30.729015+00:00,recovery_scenario,iperf_tcp,30,2,,ryu_controller,457802,0.0,59621376,3062,11882,14944,4,39.7484
2026-04-25T09:23:30.777388+00:00,recovery_scenario,iperf_tcp,30,2,pingall_completed,,,,,,,,,
2026-04-25T09:23:30.831370+00:00,recovery_scenario,iperf_tcp,30,2,,twin_core,457809,0.0,66641920,1725,330,2055,14,136.6429
2026-04-25T09:23:30.831370+00:00,recovery_scenario,iperf_tcp,30,2,,ryu_controller,457802,9.8,59621376,3073,11882,14955,11,107.3545
2026-04-25T09:23:30.932076+00:00,recovery_scenario,iperf_tcp,30,2,,twin_core,457809,0.0,66641920,1725,330,2055,0,0.0
2026-04-25T09:23:30.932076+00:00,recovery_scenario,iperf_tcp,30,2,,ryu_controller,457802,0.0,59621376,3076,11882,14958,3,29.8381
2026-04-25T09:23:31.036748+00:00,recovery_scenario,iperf_tcp,30,2,,twin_core,457809,0.0,66641920,1725,330,2055,0,0.0
2026-04-25T09:23:31.036748+00:00,recovery_scenario,iperf_tcp,30,2,,ryu_controller,457802,9.5,59621376,3099,11882,14981,23,219.6044
2026-04-25T09:23:31.141900+00:00,recovery_scenario,iperf_tcp,30,2,,twin_core,457809,0.0,66641920,1725,330,2055,0,0.0
2026-04-25T09:23:31.141900+00:00,recovery_scenario,iperf_tcp,30,2,,ryu_controller,457802,9.5,59621376,3103,11882,14985,4,38.0252
2026-04-25T09:23:31.242478+00:00,recovery_scenario,iperf_tcp,30,2,,twin_core,457809,9.9,66641920,1725,330,2055,0,0.0
2026-04-25T09:23:31.242478+00:00,recovery_scenario,iperf_tcp,30,2,,ryu_controller,457802,29.8,59621376,3130,11882,15012,27,268.5922
2026-04-25T09:23:31.347646+00:00,recovery_scenario,iperf_tcp,30,2,,twin_core,457809,0.0,66699264,1725,330,2055,0,0.0
2026-04-25T09:23:31.347646+00:00,recovery_scenario,iperf_tcp,30,2,,ryu_controller,457802,47.5,59641856,3156,11882,15038,26,246.5724
2026-04-25T09:23:31.449740+00:00,recovery_scenario,iperf_tcp,30,2,,twin_core,457809,0.0,66699264,1725,330,2055,0,0.0
2026-04-25T09:23:31.449740+00:00,recovery_scenario,iperf_tcp,30,2,,ryu_controller,457802,0.0,59641856,3160,11882,15042,4,39.2946
2026-04-25T09:23:31.550773+00:00,recovery_scenario,iperf_tcp,30,2,,twin_core,457809,9.9,66699264,1725,330,2055,0,0.0
2026-04-25T09:23:31.550773+00:00,recovery_scenario,iperf_tcp,30,2,,ryu_controller,457802,39.6,59666432,3183,11882,15065,23,227.738
2026-04-25T09:23:31.655483+00:00,recovery_scenario,iperf_tcp,30,2,,twin_core,457809,0.0,66699264,1725,330,2055,0,0.0
2026-04-25T09:23:31.655483+00:00,recovery_scenario,iperf_tcp,30,2,,ryu_controller,457802,38.2,59752448,3215,11882,15097,32,305.2483
2026-04-25T09:23:31.756099+00:00,recovery_scenario,iperf_tcp,30,2,,twin_core,457809,0.0,66699264,1725,330,2055,0,0.0
2026-04-25T09:23:31.756099+00:00,recovery_scenario,iperf_tcp,30,2,,ryu_controller,457802,19.9,59752448,3218,11882,15100,3,29.8147
2026-04-25T09:23:31.856769+00:00,recovery_scenario,iperf_tcp,30,2,,twin_core,457809,0.0,66699264,1730,330,2060,5,49.6412
2026-04-25T09:23:31.856769+00:00,recovery_scenario,iperf_tcp,30,2,,ryu_controller,457802,0.0,59752448,3221,11882,15103,3,29.7924
2026-04-25T09:23:31.957411+00:00,recovery_scenario,iperf_tcp,30,2,,twin_core,457809,9.9,66699264,1730,330,2060,0,0.0
2026-04-25T09:23:31.957411+00:00,recovery_scenario,iperf_tcp,30,2,,ryu_controller,457802,0.0,59752448,3225,11882,15107,4,39.73
2026-04-25T09:23:32.058076+00:00,recovery_scenario,iperf_tcp,30,2,,twin_core,457809,0.0,66699264,1730,330,2060,0,0.0
2026-04-25T09:23:32.058076+00:00,recovery_scenario,iperf_tcp,30,2,,ryu_controller,457802,0.0,59752448,3227,11882,15109,2,19.8509
2026-04-25T09:23:32.159317+00:00,recovery_scenario,iperf_tcp,30,2,,twin_core,457809,0.0,66699264,1730,330,2060,0,0.0
2026-04-25T09:23:32.159317+00:00,recovery_scenario,iperf_tcp,30,2,,ryu_controller,457802,0.0,59752448,3231,11882,15113,4,39.482
2026-04-25T09:23:32.260882+00:00,recovery_scenario,iperf_tcp,30,2,,twin_core,457809,0.0,66699264,1730,330,2060,0,0.0
2026-04-25T09:23:32.260882+00:00,recovery_scenario,iperf_tcp,30,2,,ryu_controller,457802,9.9,59752448,3245,11885,15130,17,167.5862
2026-04-25T09:23:32.361882+00:00,recovery_scenario,iperf_tcp,30,2,,twin_core,457809,0.0,66699264,1730,330,2060,0,0.0
2026-04-25T09:23:32.361882+00:00,recovery_scenario,iperf_tcp,30,2,,ryu_controller,457802,0.0,59752448,3258,11888,15146,16,157.5353
2026-04-25T09:23:32.464220+00:00,recovery_scenario,iperf_tcp,30,2,,twin_core,457809,0.0,66699264,1730,330,2060,0,0.0
2026-04-25T09:23:32.464220+00:00,recovery_scenario,iperf_tcp,30,2,,ryu_controller,457802,0.0,59752448,3287,11892,15179,33,319.0606
2026-04-25T09:23:32.567094+00:00,recovery_scenario,iperf_tcp,30,2,,twin_core,457809,0.0,66699264,1730,330,2060,0,0.0
2026-04-25T09:23:32.567094+00:00,recovery_scenario,iperf_tcp,30,2,,ryu_controller,457802,0.0,59752448,3312,11905,15217,38,373.9062
2026-04-25T09:23:32.668243+00:00,recovery_scenario,iperf_tcp,30,2,,twin_core,457809,0.0,66699264,1730,330,2060,0,0.0
2026-04-25T09:23:32.668243+00:00,recovery_scenario,iperf_tcp,30,2,,ryu_controller,457802,0.0,59752448,3329,11916,15245,28,277.1888
2026-04-25T09:23:32.770521+00:00,recovery_scenario,iperf_tcp,30,2,,twin_core,457809,0.0,66699264,1730,330,2060,0,0.0
2026-04-25T09:23:32.770521+00:00,recovery_scenario,iperf_tcp,30,2,,ryu_controller,457802,9.8,59752448,3348,11928,15276,31,304.2725
2026-04-25T09:23:32.793713+00:00,recovery_scenario,iperf_tcp,30,2,background_traffic_started,,,,,,,,,
2026-04-25T09:23:32.871376+00:00,recovery_scenario,iperf_tcp,30,2,,twin_core,457809,9.9,66699264,1741,358,2099,39,386.9807
2026-04-25T09:23:32.871376+00:00,recovery_scenario,iperf_tcp,30,2,,ryu_controller,457802,29.7,59752448,3356,12044,15400,124,1228.2444
2026-04-25T09:23:32.972519+00:00,recovery_scenario,iperf_tcp,30,2,,twin_core,457809,0.0,66699264,1754,374,2128,29,286.7143
2026-04-25T09:23:32.972519+00:00,recovery_scenario,iperf_tcp,30,2,,ryu_controller,457802,39.6,59752448,3366,12191,15557,157,1555.7118
2026-04-25T09:23:33.018943+00:00,recovery_scenario,iperf_tcp,30,2,fault_injected,,,,,,,,,
2026-04-25T09:23:33.073522+00:00,recovery_scenario,iperf_tcp,30,2,,twin_core,457809,9.9,66719744,1761,391,2152,24,237.2201
2026-04-25T09:23:33.073522+00:00,recovery_scenario,iperf_tcp,30,2,,ryu_controller,457802,39.5,59760640,3373,12303,15676,119,1175.6229
2026-04-25T09:23:33.175369+00:00,recovery_scenario,iperf_tcp,30,2,,twin_core,457809,0.0,66719744,1761,391,2152,0,0.0
2026-04-25T09:23:33.175369+00:00,recovery_scenario,iperf_tcp,30,2,,ryu_controller,457802,39.3,59760640,3373,12454,15827,151,1482.2732
2026-04-25T09:23:33.276373+00:00,recovery_scenario,iperf_tcp,30,2,,twin_core,457809,0.0,66719744,1761,391,2152,0,0.0
2026-04-25T09:23:33.276373+00:00,recovery_scenario,iperf_tcp,30,2,,ryu_controller,457802,88.7,59760640,3373,12725,16098,271,2671.8696
2026-04-25T09:23:33.377483+00:00,recovery_scenario,iperf_tcp,30,2,,twin_core,457809,0.0,66719744,1761,391,2152,0,0.0
2026-04-25T09:23:33.377483+00:00,recovery_scenario,iperf_tcp,30,2,,ryu_controller,457802,98.7,59760640,3373,13052,16425,327,3226.4211
2026-04-25T09:23:33.478837+00:00,recovery_scenario,iperf_tcp,30,2,,twin_core,457809,0.0,66719744,1761,391,2152,0,0.0
2026-04-25T09:23:33.478837+00:00,recovery_scenario,iperf_tcp,30,2,,ryu_controller,457802,89.5,59760640,3373,13231,16604,179,1782.4716
2026-04-25T09:23:33.582298+00:00,recovery_scenario,iperf_tcp,30,2,,twin_core,457809,0.0,66719744,1762,391,2153,1,9.6625
2026-04-25T09:23:33.582298+00:00,recovery_scenario,iperf_tcp,30,2,,ryu_controller,457802,96.5,59797504,3373,13294,16667,63,607.1815
2026-04-25T09:23:33.682993+00:00,recovery_scenario,iperf_tcp,30,2,,twin_core,457809,0.0,66719744,1762,391,2153,0,0.0
2026-04-25T09:23:33.682993+00:00,recovery_scenario,iperf_tcp,30,2,,ryu_controller,457802,59.6,59834368,3373,13378,16751,84,835.4598
2026-04-25T09:23:33.785287+00:00,recovery_scenario,iperf_tcp,30,2,,twin_core,457809,0.0,66719744,1762,391,2153,0,0.0
2026-04-25T09:23:33.785287+00:00,recovery_scenario,iperf_tcp,30,2,,ryu_controller,457802,68.3,59834368,3373,13496,16869,118,1150.5061
2026-04-25T09:23:33.890060+00:00,recovery_scenario,iperf_tcp,30,2,,twin_core,457809,0.0,66719744,1762,391,2153,0,0.0
2026-04-25T09:23:33.890060+00:00,recovery_scenario,iperf_tcp,30,2,,ryu_controller,457802,76.0,59834368,3373,13602,16975,106,1008.1479
2026-04-25T09:23:33.991278+00:00,recovery_scenario,iperf_tcp,30,2,,twin_core,457809,0.0,66719744,1762,391,2153,0,0.0
2026-04-25T09:23:33.991278+00:00,recovery_scenario,iperf_tcp,30,2,,ryu_controller,457802,79.5,59834368,3373,13747,17120,145,1441.077
2026-04-25T09:23:34.091884+00:00,recovery_scenario,iperf_tcp,30,2,,twin_core,457809,9.9,66719744,1763,392,2155,2,19.8837
2026-04-25T09:23:34.091884+00:00,recovery_scenario,iperf_tcp,30,2,,ryu_controller,457802,79.6,59834368,3373,13961,17334,214,2129.5894
2026-04-25T09:23:34.194671+00:00,recovery_scenario,iperf_tcp,30,2,,twin_core,457809,0.0,66719744,1763,392,2155,0,0.0
2026-04-25T09:23:34.194671+00:00,recovery_scenario,iperf_tcp,30,2,,ryu_controller,457802,77.9,59834368,3373,14261,17634,300,2920.2688
2026-04-25T09:23:34.295127+00:00,recovery_scenario,iperf_tcp,30,2,,twin_core,457809,0.0,66719744,1763,392,2155,0,0.0
2026-04-25T09:23:34.295127+00:00,recovery_scenario,iperf_tcp,30,2,,ryu_controller,457802,89.6,59834368,3373,14513,17886,252,2508.9517
2026-04-25T09:23:34.395518+00:00,recovery_scenario,iperf_tcp,30,2,,twin_core,457809,0.0,66719744,1763,392,2155,0,0.0
2026-04-25T09:23:34.395518+00:00,recovery_scenario,iperf_tcp,30,2,,ryu_controller,457802,59.6,59834368,3373,14634,18007,121,1202.0606
2026-04-25T09:23:34.496370+00:00,recovery_scenario,iperf_tcp,30,2,,twin_core,457809,9.9,66719744,1763,392,2155,0,0.0
2026-04-25T09:23:34.496370+00:00,recovery_scenario,iperf_tcp,30,2,,ryu_controller,457802,68.3,59834368,3373,14714,18087,80,779.2121
2026-04-25T09:23:34.604060+00:00,recovery_scenario,iperf_tcp,30,2,,twin_core,457809,0.0,66719744,1764,392,2156,1,9.2862
2026-04-25T09:23:34.604060+00:00,recovery_scenario,iperf_tcp,30,2,,ryu_controller,457802,92.1,59834368,3373,14751,18124,37,341.0052
2026-04-25T09:23:34.707470+00:00,recovery_scenario,iperf_tcp,30,2,,twin_core,457809,0.0,66719744,1764,392,2156,0,0.0
2026-04-25T09:23:34.707470+00:00,recovery_scenario,iperf_tcp,30,2,,ryu_controller,457802,79.1,59834368,3373,14817,18190,66,652.7551
2026-04-25T09:23:34.808554+00:00,recovery_scenario,iperf_tcp,30,2,,twin_core,457809,0.0,66719744,1764,392,2156,0,0.0
2026-04-25T09:23:34.808554+00:00,recovery_scenario,iperf_tcp,30,2,,ryu_controller,457802,79.4,59834368,3373,14992,18365,175,1737.1189
2026-04-25T09:23:34.909196+00:00,recovery_scenario,iperf_tcp,30,2,,twin_core,457809,0.0,66719744,1764,392,2156,0,0.0
2026-04-25T09:23:34.909196+00:00,recovery_scenario,iperf_tcp,30,2,,ryu_controller,457802,99.5,59834368,3373,15228,18601,236,2345.0799
2026-04-25T09:23:35.010423+00:00,recovery_scenario,iperf_tcp,30,2,,twin_core,457809,0.0,66719744,1764,392,2156,0,0.0
2026-04-25T09:23:35.010423+00:00,recovery_scenario,iperf_tcp,30,2,,ryu_controller,457802,78.6,59834368,3373,15568,18941,340,3345.0019
2026-04-25T09:23:35.111777+00:00,recovery_scenario,iperf_tcp,30,2,,twin_core,457809,0.0,66719744,1765,393,2158,2,19.8132
2026-04-25T09:23:35.111777+00:00,recovery_scenario,iperf_tcp,30,2,,ryu_controller,457802,89.1,59834368,3373,15891,19264,323,3197.9439
2026-04-25T09:23:35.212947+00:00,recovery_scenario,iperf_tcp,30,2,,twin_core,457809,0.0,66719744,1765,393,2158,0,0.0
2026-04-25T09:23:35.212947+00:00,recovery_scenario,iperf_tcp,30,2,,ryu_controller,457802,88.5,59834368,3373,16131,19504,240,2339.8498
2026-04-25T09:23:35.315091+00:00,recovery_scenario,iperf_tcp,30,2,,twin_core,457809,0.0,66719744,1765,393,2158,0,0.0
2026-04-25T09:23:35.315091+00:00,recovery_scenario,iperf_tcp,30,2,,ryu_controller,457802,68.7,59838464,3373,16360,19733,229,2267.5919
2026-04-25T09:23:35.416988+00:00,recovery_scenario,iperf_tcp,30,2,,twin_core,457809,0.0,66719744,1765,393,2158,0,0.0
2026-04-25T09:23:35.416988+00:00,recovery_scenario,iperf_tcp,30,2,,ryu_controller,457802,68.6,59838464,3373,16460,19833,100,978.2457
2026-04-25T09:23:35.518607+00:00,recovery_scenario,iperf_tcp,30,2,,twin_core,457809,9.8,66719744,1765,393,2158,0,0.0
2026-04-25T09:23:35.518607+00:00,recovery_scenario,iperf_tcp,30,2,,ryu_controller,457802,68.2,59838464,3373,16556,19929,96,937.6288
2026-04-25T09:23:35.621241+00:00,recovery_scenario,iperf_tcp,30,2,,twin_core,457809,0.0,66719744,1766,393,2159,1,9.7906
2026-04-25T09:23:35.621241+00:00,recovery_scenario,iperf_tcp,30,2,,ryu_controller,457802,48.6,59838464,3373,16655,20028,99,962.6404
2026-04-25T09:23:35.724779+00:00,recovery_scenario,iperf_tcp,30,2,,twin_core,457809,0.0,66719744,1766,393,2159,0,0.0
2026-04-25T09:23:35.724779+00:00,recovery_scenario,iperf_tcp,30,2,,ryu_controller,457802,76.9,59838464,3373,16788,20161,133,1278.1915
2026-04-25T09:23:35.828921+00:00,recovery_scenario,iperf_tcp,30,2,,twin_core,457809,0.0,66719744,1766,393,2159,0,0.0
2026-04-25T09:23:35.828921+00:00,recovery_scenario,iperf_tcp,30,2,,ryu_controller,457802,48.7,59838464,3374,16960,20334,173,1682.5892
2026-04-25T09:23:35.930689+00:00,recovery_scenario,iperf_tcp,30,2,,twin_core,457809,9.8,66719744,1766,393,2159,0,0.0
2026-04-25T09:23:35.930689+00:00,recovery_scenario,iperf_tcp,30,2,,ryu_controller,457802,48.9,59838464,3377,17007,20384,50,489.2076
2026-04-25T09:23:36.032694+00:00,recovery_scenario,iperf_tcp,30,2,,twin_core,457809,0.0,66752512,1766,393,2159,0,0.0
2026-04-25T09:23:36.032694+00:00,recovery_scenario,iperf_tcp,30,2,,ryu_controller,457802,9.8,59838464,3391,17031,20422,38,372.9074
2026-04-25T09:23:36.137816+00:00,recovery_scenario,iperf_tcp,30,2,,twin_core,457809,9.5,66752512,1785,395,2180,21,199.8744
2026-04-25T09:23:36.137816+00:00,recovery_scenario,iperf_tcp,30,2,,ryu_controller,457802,47.7,59838464,3405,17058,20463,41,390.4247
2026-04-25T09:23:36.221364+00:00,recovery_scenario,iperf_tcp,30,2,recovery_requested,,,,,,,,,
2026-04-25T09:23:36.240036+00:00,recovery_scenario,iperf_tcp,30,2,,twin_core,457809,9.8,66756608,1799,459,2258,78,766.3718
2026-04-25T09:23:36.240036+00:00,recovery_scenario,iperf_tcp,30,2,,ryu_controller,457802,29.5,59842560,3424,17079,20503,40,394.6022
2026-04-25T09:23:36.341294+00:00,recovery_scenario,iperf_tcp,30,2,,twin_core,457809,0.0,66756608,1799,459,2258,0,0.0
2026-04-25T09:23:36.341294+00:00,recovery_scenario,iperf_tcp,30,2,,ryu_controller,457802,9.8,59842560,3446,17103,20549,46,452.4676
2026-04-25T09:23:36.442689+00:00,recovery_scenario,iperf_tcp,30,2,,twin_core,457809,0.0,66756608,1799,459,2258,0,0.0
2026-04-25T09:23:36.442689+00:00,recovery_scenario,iperf_tcp,30,2,,ryu_controller,457802,19.8,59842560,3462,17154,20616,67,664.1594
2026-04-25T09:23:36.544473+00:00,recovery_scenario,iperf_tcp,30,2,,twin_core,457809,9.8,66756608,1799,459,2258,0,0.0
2026-04-25T09:23:36.544473+00:00,recovery_scenario,iperf_tcp,30,2,,ryu_controller,457802,19.6,59842560,3483,17213,20696,80,785.675
2026-04-25T09:23:36.646355+00:00,recovery_scenario,iperf_tcp,30,2,,twin_core,457809,0.0,66756608,1799,459,2258,0,0.0
2026-04-25T09:23:36.646355+00:00,recovery_scenario,iperf_tcp,30,2,,ryu_controller,457802,19.6,59842560,3511,17283,20794,98,960.402
2026-04-25T09:23:36.747879+00:00,recovery_scenario,iperf_tcp,30,2,,twin_core,457809,0.0,66756608,1800,459,2259,1,9.8805
2026-04-25T09:23:36.747879+00:00,recovery_scenario,iperf_tcp,30,2,,ryu_controller,457802,29.6,59842560,3515,17425,20940,146,1441.4832
2026-04-25T09:23:36.849015+00:00,recovery_scenario,iperf_tcp,30,2,,twin_core,457809,0.0,66756608,1800,459,2259,0,0.0
2026-04-25T09:23:36.849015+00:00,recovery_scenario,iperf_tcp,30,2,,ryu_controller,457802,59.4,59842560,3515,17603,21118,178,1755.7678
2026-04-25T09:23:36.950380+00:00,recovery_scenario,iperf_tcp,30,2,,twin_core,457809,0.0,66756608,1800,459,2259,0,0.0
2026-04-25T09:23:36.950380+00:00,recovery_scenario,iperf_tcp,30,2,,ryu_controller,457802,59.1,59842560,3515,17968,21483,365,3611.6689
2026-04-25T09:23:37.051369+00:00,recovery_scenario,iperf_tcp,30,2,,twin_core,457809,0.0,66756608,1800,459,2259,0,0.0
2026-04-25T09:23:37.051369+00:00,recovery_scenario,iperf_tcp,30,2,,ryu_controller,457802,78.5,59842560,3515,18252,21767,284,2783.6503
2026-04-25T09:23:37.153092+00:00,recovery_scenario,iperf_tcp,30,2,,twin_core,457809,0.0,66756608,1800,459,2259,0,0.0
2026-04-25T09:23:37.153092+00:00,recovery_scenario,iperf_tcp,30,2,,ryu_controller,457802,79.0,59842560,3515,18688,22203,436,4303.6358
2026-04-25T09:23:37.254905+00:00,recovery_scenario,iperf_tcp,30,2,,twin_core,457809,0.0,66756608,1801,464,2265,6,58.7779
2026-04-25T09:23:37.254905+00:00,recovery_scenario,iperf_tcp,30,2,,ryu_controller,457802,68.8,59842560,3515,19108,22623,420,4128.9891
2026-04-25T09:23:37.356157+00:00,recovery_scenario,iperf_tcp,30,2,,twin_core,457809,0.0,66756608,1801,464,2265,0,0.0
2026-04-25T09:23:37.356157+00:00,recovery_scenario,iperf_tcp,30,2,,ryu_controller,457802,69.5,59842560,3515,19276,22791,168,1666.9922
2026-04-25T09:23:37.456884+00:00,recovery_scenario,iperf_tcp,30,2,,twin_core,457809,0.0,66756608,1801,464,2265,0,0.0
2026-04-25T09:23:37.456884+00:00,recovery_scenario,iperf_tcp,30,2,,ryu_controller,457802,79.1,59842560,3515,19408,22923,132,1305.1557
2026-04-25T09:23:37.558021+00:00,recovery_scenario,iperf_tcp,30,2,,twin_core,457809,0.0,66756608,1801,464,2265,0,0.0
2026-04-25T09:23:37.558021+00:00,recovery_scenario,iperf_tcp,30,2,,ryu_controller,457802,59.4,59842560,3515,19498,23013,90,890.7137
2026-04-25T09:23:37.659247+00:00,recovery_scenario,iperf_tcp,30,2,,twin_core,457809,0.0,66756608,1801,464,2265,0,0.0
2026-04-25T09:23:37.659247+00:00,recovery_scenario,iperf_tcp,30,2,,ryu_controller,457802,68.9,59842560,3515,19544,23059,46,452.4406
2026-04-25T09:23:37.767277+00:00,recovery_scenario,iperf_tcp,30,2,,twin_core,457809,0.0,66756608,1802,466,2268,3,27.7282
2026-04-25T09:23:37.767277+00:00,recovery_scenario,iperf_tcp,30,2,,ryu_controller,457802,55.5,59842560,3515,19577,23092,33,304.584
2026-04-25T09:23:37.871852+00:00,recovery_scenario,iperf_tcp,30,2,,twin_core,457809,9.6,66756608,1802,466,2268,0,0.0
2026-04-25T09:23:37.871852+00:00,recovery_scenario,iperf_tcp,30,2,,ryu_controller,457802,67.3,59842560,3515,19635,23150,58,549.3091
2026-04-25T09:23:37.974810+00:00,recovery_scenario,iperf_tcp,30,2,,twin_core,457809,0.0,66756608,1802,466,2268,0,0.0
2026-04-25T09:23:37.974810+00:00,recovery_scenario,iperf_tcp,30,2,,ryu_controller,457802,58.5,59842560,3515,19749,23264,114,1132.7126
2026-04-25T09:23:38.076708+00:00,recovery_scenario,iperf_tcp,30,2,,twin_core,457809,0.0,66756608,1802,466,2268,0,0.0
2026-04-25T09:23:38.076708+00:00,recovery_scenario,iperf_tcp,30,2,,ryu_controller,457802,68.6,59842560,3515,19898,23413,149,1459.2437
2026-04-25T09:23:38.180156+00:00,recovery_scenario,iperf_tcp,30,2,,twin_core,457809,0.0,66756608,1802,466,2268,0,0.0
2026-04-25T09:23:38.180156+00:00,recovery_scenario,iperf_tcp,30,2,,ryu_controller,457802,87.2,59842560,3515,20148,23663,250,2421.1439
2026-04-25T09:23:38.283089+00:00,recovery_scenario,iperf_tcp,30,2,,twin_core,457809,0.0,66756608,1803,466,2269,1,9.7126
2026-04-25T09:23:38.283089+00:00,recovery_scenario,iperf_tcp,30,2,,ryu_controller,457802,77.7,59842560,3515,20429,23944,281,2730.4368
2026-04-25T09:23:38.386402+00:00,recovery_scenario,iperf_tcp,30,2,,twin_core,457809,0.0,66756608,1803,466,2269,0,0.0
2026-04-25T09:23:38.386402+00:00,recovery_scenario,iperf_tcp,30,2,,ryu_controller,457802,77.3,59846656,3515,20711,24226,282,2724.1887
2026-04-25T09:23:38.487063+00:00,recovery_scenario,iperf_tcp,30,2,,twin_core,457809,0.0,66756608,1803,466,2269,0,0.0
2026-04-25T09:23:38.487063+00:00,recovery_scenario,iperf_tcp,30,2,,ryu_controller,457802,79.6,59846656,3515,20969,24484,258,2569.0339
2026-04-25T09:23:38.587499+00:00,recovery_scenario,iperf_tcp,30,2,,twin_core,457809,0.0,66756608,1803,466,2269,0,0.0
2026-04-25T09:23:38.587499+00:00,recovery_scenario,iperf_tcp,30,2,,ryu_controller,457802,69.6,59846656,3515,21245,24760,276,2745.2835
2026-04-25T09:23:38.688697+00:00,recovery_scenario,iperf_tcp,30,2,,twin_core,457809,0.0,66756608,1803,466,2269,0,0.0
2026-04-25T09:23:38.688697+00:00,recovery_scenario,iperf_tcp,30,2,,ryu_controller,457802,59.3,59846656,3515,21370,24885,125,1235.8727
2026-04-25T09:23:38.790509+00:00,recovery_scenario,iperf_tcp,30,2,,twin_core,457809,0.0,66756608,1804,469,2273,4,38.8915
2026-04-25T09:23:38.790509+00:00,recovery_scenario,iperf_tcp,30,2,,ryu_controller,457802,77.7,59846656,3515,21485,25000,115,1117.4463
2026-04-25T09:23:38.894646+00:00,recovery_scenario,iperf_tcp,30,2,,twin_core,457809,0.0,66756608,1804,469,2273,0,0.0
2026-04-25T09:23:38.894646+00:00,recovery_scenario,iperf_tcp,30,2,,ryu_controller,457802,77.6,59846656,3515,21629,25144,144,1397.8838
2026-04-25T09:23:38.995100+00:00,recovery_scenario,iperf_tcp,30,2,,twin_core,457809,0.0,66756608,1804,469,2273,0,0.0
2026-04-25T09:23:38.995100+00:00,recovery_scenario,iperf_tcp,30,2,,ryu_controller,457802,69.7,59846656,3515,21745,25260,116,1154.186
2026-04-25T09:23:39.095614+00:00,recovery_scenario,iperf_tcp,30,2,,twin_core,457809,0.0,66756608,1804,469,2273,0,0.0
2026-04-25T09:23:39.095614+00:00,recovery_scenario,iperf_tcp,30,2,,ryu_controller,457802,79.6,59850752,3515,21898,25413,153,1523.1676
2026-04-25T09:23:39.196103+00:00,recovery_scenario,iperf_tcp,30,2,,twin_core,457809,0.0,66756608,1804,469,2273,0,0.0
2026-04-25T09:23:39.196103+00:00,recovery_scenario,iperf_tcp,30,2,,ryu_controller,457802,79.6,59850752,3515,22102,25617,204,2029.9286
2026-04-25T09:23:39.296548+00:00,recovery_scenario,iperf_tcp,30,2,,twin_core,457809,0.0,66756608,1805,469,2274,1,9.9422
2026-04-25T09:23:39.296548+00:00,recovery_scenario,iperf_tcp,30,2,,ryu_controller,457802,69.6,59850752,3515,22275,25790,173,1719.8803
2026-04-25T09:23:39.397194+00:00,recovery_scenario,iperf_tcp,30,2,,twin_core,457809,9.9,66756608,1805,469,2274,0,0.0
2026-04-25T09:23:39.397194+00:00,recovery_scenario,iperf_tcp,30,2,,ryu_controller,457802,79.5,59850752,3515,22441,25956,166,1648.6016
2026-04-25T09:23:39.498060+00:00,recovery_scenario,iperf_tcp,30,2,,twin_core,457809,0.0,66756608,1805,469,2274,0,0.0
2026-04-25T09:23:39.498060+00:00,recovery_scenario,iperf_tcp,30,2,,ryu_controller,457802,59.5,59850752,3515,22560,26075,119,1181.5472
2026-04-25T09:23:39.598737+00:00,recovery_scenario,iperf_tcp,30,2,,twin_core,457809,0.0,66756608,1805,469,2274,0,0.0
2026-04-25T09:23:39.598737+00:00,recovery_scenario,iperf_tcp,30,2,,ryu_controller,457802,69.6,59850752,3515,22710,26225,150,1479.0204
2026-04-25T09:23:39.700318+00:00,recovery_scenario,iperf_tcp,30,2,,twin_core,457809,9.8,66756608,1805,469,2274,0,0.0
2026-04-25T09:23:39.700318+00:00,recovery_scenario,iperf_tcp,30,2,,ryu_controller,457802,57.9,59850752,3515,22828,26343,118,1139.3162
2026-04-25T09:23:39.803814+00:00,recovery_scenario,iperf_tcp,30,2,,twin_core,457809,0.0,66756608,1806,479,2285,11,107.5479
2026-04-25T09:23:39.803814+00:00,recovery_scenario,iperf_tcp,30,2,,ryu_controller,457802,59.2,59850752,3515,22925,26440,97,963.2108
2026-04-25T09:23:39.905050+00:00,recovery_scenario,iperf_tcp,30,2,,twin_core,457809,0.0,66756608,1806,479,2285,0,0.0
2026-04-25T09:23:39.905050+00:00,recovery_scenario,iperf_tcp,30,2,,ryu_controller,457802,69.1,59850752,3515,23095,26610,170,1677.8251
2026-04-25T09:23:40.005560+00:00,recovery_scenario,iperf_tcp,30,2,,twin_core,457809,0.0,66756608,1806,479,2285,0,0.0
2026-04-25T09:23:40.005560+00:00,recovery_scenario,iperf_tcp,30,2,,ryu_controller,457802,59.7,59850752,3515,23224,26739,129,1283.5414
2026-04-25T09:23:40.106950+00:00,recovery_scenario,iperf_tcp,30,2,,twin_core,457809,0.0,66756608,1806,479,2285,0,0.0
2026-04-25T09:23:40.106950+00:00,recovery_scenario,iperf_tcp,30,2,,ryu_controller,457802,58.8,59850752,3515,23377,26892,153,1499.0334
2026-04-25T09:23:40.208178+00:00,recovery_scenario,iperf_tcp,30,2,,twin_core,457809,0.0,66756608,1806,479,2285,0,0.0
2026-04-25T09:23:40.208178+00:00,recovery_scenario,iperf_tcp,30,2,,ryu_controller,457802,59.7,59850752,3519,23546,27065,173,1722.6854
2026-04-25T09:23:40.310640+00:00,recovery_scenario,iperf_tcp,30,2,,twin_core,457809,19.5,66809856,1824,522,2346,61,595.2762
2026-04-25T09:23:40.310640+00:00,recovery_scenario,iperf_tcp,30,2,,ryu_controller,457802,68.3,59850752,3537,23845,27382,317,3093.2155
2026-04-25T09:23:40.359713+00:00,recovery_scenario,iperf_tcp,30,2,scenario_teardown,,,,,,,,,
2026-04-25T09:23:40.411075+00:00,recovery_scenario,iperf_tcp,30,2,,twin_core,457809,19.9,66809856,1844,574,2418,72,716.5559
2026-04-25T09:23:40.411075+00:00,recovery_scenario,iperf_tcp,30,2,,ryu_controller,457802,39.8,59850752,3561,24021,27582,200,1989.9099
2026-04-25T09:23:40.511721+00:00,recovery_scenario,iperf_tcp,30,2,,twin_core,457809,0.0,66809856,1864,575,2439,21,208.653
2026-04-25T09:23:40.511721+00:00,recovery_scenario,iperf_tcp,30,2,,ryu_controller,457802,0.0,59850752,3574,24031,27605,23,228.316
2026-04-25T09:23:40.612327+00:00,recovery_scenario,iperf_tcp,30,2,,twin_core,457809,9.9,66809856,1895,578,2473,34,337.9987
2026-04-25T09:23:40.612327+00:00,recovery_scenario,iperf_tcp,30,2,,ryu_controller,457802,19.9,59850752,3585,24052,27637,32,317.9843
2026-04-25T09:23:40.713059+00:00,recovery_scenario,iperf_tcp,30,2,,twin_core,457809,0.0,66809856,1895,578,2473,0,0.0
2026-04-25T09:23:40.713059+00:00,recovery_scenario,iperf_tcp,30,2,,ryu_controller,457802,9.9,59850752,3595,24053,27648,11,109.2101
2026-04-25T09:23:40.813671+00:00,recovery_scenario,iperf_tcp,30,2,,twin_core,457809,0.0,66809856,1895,578,2473,0,0.0
2026-04-25T09:23:40.813671+00:00,recovery_scenario,iperf_tcp,30,2,,ryu_controller,457802,0.0,59850752,3610,24056,27666,18,179.0445
2026-04-25T09:23:41.376481+00:00,recovery_scenario,iperf_tcp,30,3,,twin_core,457809,0.0,66809856,2297,628,2925,0,0.0
2026-04-25T09:23:41.376481+00:00,recovery_scenario,iperf_tcp,30,3,,ryu_controller,457802,0.0,59850752,3741,24058,27799,0,0.0
2026-04-25T09:23:41.478855+00:00,recovery_scenario,iperf_tcp,30,3,,twin_core,457809,9.8,66809856,2328,629,2957,32,317.5578
2026-04-25T09:23:41.478855+00:00,recovery_scenario,iperf_tcp,30,3,,ryu_controller,457802,29.7,59850752,3759,24079,27838,39,386.8482
2026-04-25T09:23:41.579691+00:00,recovery_scenario,iperf_tcp,30,3,,twin_core,457809,9.9,66809856,2426,630,3056,99,984.149
2026-04-25T09:23:41.579691+00:00,recovery_scenario,iperf_tcp,30,3,,ryu_controller,457802,29.9,59850752,3798,24082,27880,42,418.0046
2026-04-25T09:23:41.654457+00:00,recovery_scenario,iperf_tcp,30,3,service_started,,,,,,,,,
2026-04-25T09:23:41.680143+00:00,recovery_scenario,iperf_tcp,30,3,,twin_core,457809,10.0,66813952,2497,630,3127,71,706.7157
2026-04-25T09:23:41.680143+00:00,recovery_scenario,iperf_tcp,30,3,,ryu_controller,457802,29.9,59850752,3838,24083,27921,41,408.0283
2026-04-25T09:23:41.780599+00:00,recovery_scenario,iperf_tcp,30,3,,twin_core,457809,10.0,66813952,2498,630,3128,1,9.9532
2026-04-25T09:23:41.780599+00:00,recovery_scenario,iperf_tcp,30,3,,ryu_controller,457802,39.8,59850752,3879,24083,27962,41,408.1434
2026-04-25T09:23:41.881081+00:00,recovery_scenario,iperf_tcp,30,3,,twin_core,457809,0.0,66813952,2498,630,3128,0,0.0
2026-04-25T09:23:41.881081+00:00,recovery_scenario,iperf_tcp,30,3,,ryu_controller,457802,19.9,59850752,3896,24083,27979,17,169.223
2026-04-25T09:23:41.981500+00:00,recovery_scenario,iperf_tcp,30,3,,twin_core,457809,0.0,66813952,2498,630,3128,0,0.0
2026-04-25T09:23:41.981500+00:00,recovery_scenario,iperf_tcp,30,3,,ryu_controller,457802,19.9,59850752,3912,24083,27995,16,159.1078
2026-04-25T09:23:42.082056+00:00,recovery_scenario,iperf_tcp,30,3,,twin_core,457809,0.0,66813952,2498,630,3128,0,0.0
2026-04-25T09:23:42.082056+00:00,recovery_scenario,iperf_tcp,30,3,,ryu_controller,457802,10.0,59850752,3936,24083,28019,24,238.8486
2026-04-25T09:23:42.182736+00:00,recovery_scenario,iperf_tcp,30,3,,twin_core,457809,0.0,66813952,2498,630,3128,0,0.0
2026-04-25T09:23:42.182736+00:00,recovery_scenario,iperf_tcp,30,3,,ryu_controller,457802,59.5,59850752,3947,24085,28032,13,128.9957
2026-04-25T09:23:42.283383+00:00,recovery_scenario,iperf_tcp,30,3,,twin_core,457809,0.0,66813952,2498,630,3128,0,0.0
2026-04-25T09:23:42.283383+00:00,recovery_scenario,iperf_tcp,30,3,,ryu_controller,457802,39.7,59850752,4000,24085,28085,53,526.2493
2026-04-25T09:23:42.384366+00:00,recovery_scenario,iperf_tcp,30,3,,twin_core,457809,0.0,66813952,2498,630,3128,0,0.0
2026-04-25T09:23:42.384366+00:00,recovery_scenario,iperf_tcp,30,3,,ryu_controller,457802,29.7,59850752,4027,24086,28113,28,277.6361
2026-04-25T09:23:42.484905+00:00,recovery_scenario,iperf_tcp,30,3,,twin_core,457809,0.0,66813952,2498,630,3128,0,0.0
2026-04-25T09:23:42.484905+00:00,recovery_scenario,iperf_tcp,30,3,,ryu_controller,457802,19.9,59850752,4044,24086,28130,17,169.0007
2026-04-25T09:23:42.585512+00:00,recovery_scenario,iperf_tcp,30,3,,twin_core,457809,9.9,66813952,2498,630,3128,0,0.0
2026-04-25T09:23:42.585512+00:00,recovery_scenario,iperf_tcp,30,3,,ryu_controller,457802,9.9,59850752,4057,24086,28143,13,129.1665
2026-04-25T09:23:42.686112+00:00,recovery_scenario,iperf_tcp,30,3,,twin_core,457809,0.0,66813952,2498,630,3128,0,0.0
2026-04-25T09:23:42.686112+00:00,recovery_scenario,iperf_tcp,30,3,,ryu_controller,457802,10.0,59850752,4083,24086,28169,26,258.8952
2026-04-25T09:23:42.786571+00:00,recovery_scenario,iperf_tcp,30,3,,twin_core,457809,0.0,66813952,2498,630,3128,0,0.0
2026-04-25T09:23:42.786571+00:00,recovery_scenario,iperf_tcp,30,3,,ryu_controller,457802,19.9,59850752,4111,24086,28197,28,278.4667
2026-04-25T09:23:42.887266+00:00,recovery_scenario,iperf_tcp,30,3,,twin_core,457809,0.0,66813952,2498,630,3128,0,0.0
2026-04-25T09:23:42.887266+00:00,recovery_scenario,iperf_tcp,30,3,,ryu_controller,457802,29.8,59850752,4132,24086,28218,21,208.7429
2026-04-25T09:23:42.987803+00:00,recovery_scenario,iperf_tcp,30,3,,twin_core,457809,0.0,66813952,2498,630,3128,0,0.0
2026-04-25T09:23:42.987803+00:00,recovery_scenario,iperf_tcp,30,3,,ryu_controller,457802,9.9,59850752,4148,24086,28234,16,158.9699
2026-04-25T09:23:43.090299+00:00,recovery_scenario,iperf_tcp,30,3,,twin_core,457809,0.0,66813952,2498,630,3128,0,0.0
2026-04-25T09:23:43.090299+00:00,recovery_scenario,iperf_tcp,30,3,,ryu_controller,457802,9.8,59850752,4174,24087,28261,27,263.3728
2026-04-25T09:23:43.190879+00:00,recovery_scenario,iperf_tcp,30,3,,twin_core,457809,0.0,66813952,2498,630,3128,0,0.0
2026-04-25T09:23:43.190879+00:00,recovery_scenario,iperf_tcp,30,3,,ryu_controller,457802,19.9,59850752,4204,24087,28291,30,298.5174
2026-04-25T09:23:43.291714+00:00,recovery_scenario,iperf_tcp,30,3,,twin_core,457809,0.0,66813952,2498,630,3128,0,0.0
2026-04-25T09:23:43.291714+00:00,recovery_scenario,iperf_tcp,30,3,,ryu_controller,457802,19.8,59850752,4245,24087,28332,41,406.1751
2026-04-25T09:23:43.394472+00:00,recovery_scenario,iperf_tcp,30,3,,twin_core,457809,0.0,66813952,2498,630,3128,0,0.0
2026-04-25T09:23:43.394472+00:00,recovery_scenario,iperf_tcp,30,3,,ryu_controller,457802,19.5,59850752,4270,24087,28357,25,243.4139
2026-04-25T09:23:43.495042+00:00,recovery_scenario,iperf_tcp,30,3,,twin_core,457809,0.0,66813952,2498,630,3128,0,0.0
2026-04-25T09:23:43.495042+00:00,recovery_scenario,iperf_tcp,30,3,,ryu_controller,457802,19.9,59850752,4290,24087,28377,20,198.9033
2026-04-25T09:23:43.595603+00:00,recovery_scenario,iperf_tcp,30,3,,twin_core,457809,0.0,66813952,2498,630,3128,0,0.0
2026-04-25T09:23:43.595603+00:00,recovery_scenario,iperf_tcp,30,3,,ryu_controller,457802,9.9,59850752,4311,24087,28398,21,208.8677
2026-04-25T09:23:43.696688+00:00,recovery_scenario,iperf_tcp,30,3,,twin_core,457809,0.0,66813952,2498,630,3128,0,0.0
2026-04-25T09:23:43.696688+00:00,recovery_scenario,iperf_tcp,30,3,,ryu_controller,457802,9.9,59850752,4335,24087,28422,24,237.6077
2026-04-25T09:23:43.797156+00:00,recovery_scenario,iperf_tcp,30,3,,twin_core,457809,10.0,66826240,2502,630,3132,4,39.8081
2026-04-25T09:23:43.797156+00:00,recovery_scenario,iperf_tcp,30,3,,ryu_controller,457802,59.7,59850752,4401,24087,28488,66,656.7909
2026-04-25T09:23:43.897838+00:00,recovery_scenario,iperf_tcp,30,3,,twin_core,457809,0.0,66826240,2508,630,3138,6,59.5643
2026-04-25T09:23:43.897838+00:00,recovery_scenario,iperf_tcp,30,3,,ryu_controller,457802,19.9,59854848,4429,24087,28516,28,277.9573
2026-04-25T09:23:43.999110+00:00,recovery_scenario,iperf_tcp,30,3,,twin_core,457809,0.0,66826240,2511,630,3141,3,29.593
2026-04-25T09:23:43.999110+00:00,recovery_scenario,iperf_tcp,30,3,,ryu_controller,457802,9.9,59854848,4448,24087,28535,19,187.2088
2026-04-25T09:23:44.099852+00:00,recovery_scenario,iperf_tcp,30,3,,twin_core,457809,0.0,66826240,2514,630,3144,3,29.7971
2026-04-25T09:23:44.099852+00:00,recovery_scenario,iperf_tcp,30,3,,ryu_controller,457802,9.9,59854848,4467,24087,28554,19,188.6222
2026-04-25T09:23:44.203432+00:00,recovery_scenario,iperf_tcp,30,3,,twin_core,457809,0.0,66826240,2517,630,3147,3,28.944
2026-04-25T09:23:44.203432+00:00,recovery_scenario,iperf_tcp,30,3,,ryu_controller,457802,9.7,59854848,4477,24087,28564,10,96.6115
2026-04-25T09:23:44.304055+00:00,recovery_scenario,iperf_tcp,30,3,,twin_core,457809,0.0,66826240,2517,630,3147,0,0.0
2026-04-25T09:23:44.304055+00:00,recovery_scenario,iperf_tcp,30,3,,ryu_controller,457802,10.0,59854848,4493,24087,28580,16,159.3587
2026-04-25T09:23:44.405771+00:00,recovery_scenario,iperf_tcp,30,3,,twin_core,457809,0.0,66826240,2520,630,3150,3,29.4689
2026-04-25T09:23:44.405771+00:00,recovery_scenario,iperf_tcp,30,3,,ryu_controller,457802,49.1,59854848,4531,24087,28618,38,373.1367
2026-04-25T09:23:44.506325+00:00,recovery_scenario,iperf_tcp,30,3,,twin_core,457809,0.0,66826240,2525,630,3155,5,49.7308
2026-04-25T09:23:44.506325+00:00,recovery_scenario,iperf_tcp,30,3,,ryu_controller,457802,0.0,59854848,4545,24087,28632,14,139.174
2026-04-25T09:23:44.607039+00:00,recovery_scenario,iperf_tcp,30,3,,twin_core,457809,0.0,66826240,2531,630,3161,6,59.5542
2026-04-25T09:23:44.607039+00:00,recovery_scenario,iperf_tcp,30,3,,ryu_controller,457802,9.9,59854848,4566,24087,28653,21,208.4869
2026-04-25T09:23:44.707620+00:00,recovery_scenario,iperf_tcp,30,3,,twin_core,457809,9.9,66826240,2534,630,3164,3,29.8533
2026-04-25T09:23:44.707620+00:00,recovery_scenario,iperf_tcp,30,3,,ryu_controller,457802,10.0,59854848,4580,24087,28667,14,139.3964
2026-04-25T09:23:44.808127+00:00,recovery_scenario,iperf_tcp,30,3,,twin_core,457809,0.0,66826240,2537,630,3167,3,29.8284
2026-04-25T09:23:44.808127+00:00,recovery_scenario,iperf_tcp,30,3,,ryu_controller,457802,9.9,59854848,4593,24087,28680,13,128.9797
2026-04-25T09:23:44.908953+00:00,recovery_scenario,iperf_tcp,30,3,,twin_core,457809,0.0,66826240,2540,630,3170,3,29.758
2026-04-25T09:23:44.908953+00:00,recovery_scenario,iperf_tcp,30,3,,ryu_controller,457802,9.9,59854848,4606,24087,28693,13,129.2041
2026-04-25T09:23:45.009477+00:00,recovery_scenario,iperf_tcp,30,3,,twin_core,457809,0.0,66826240,2552,630,3182,12,119.2868
2026-04-25T09:23:45.009477+00:00,recovery_scenario,iperf_tcp,30,3,,ryu_controller,457802,0.0,59854848,4619,24087,28706,13,129.2333
2026-04-25T09:23:45.110086+00:00,recovery_scenario,iperf_tcp,30,3,,twin_core,457809,0.0,66826240,2555,630,3185,3,29.8512
2026-04-25T09:23:45.110086+00:00,recovery_scenario,iperf_tcp,30,3,,ryu_controller,457802,19.9,59854848,4634,24087,28721,15,149.259
2026-04-25T09:23:45.210555+00:00,recovery_scenario,iperf_tcp,30,3,,twin_core,457809,0.0,66826240,2558,630,3188,3,29.8269
2026-04-25T09:23:45.210555+00:00,recovery_scenario,iperf_tcp,30,3,,ryu_controller,457802,9.9,59854848,4649,24087,28736,15,149.1523
2026-04-25T09:23:45.315650+00:00,recovery_scenario,iperf_tcp,30,3,,twin_core,457809,0.0,66826240,2559,630,3189,1,9.5118
2026-04-25T09:23:45.315650+00:00,recovery_scenario,iperf_tcp,30,3,,ryu_controller,457802,0.0,59854848,4660,24087,28747,11,103.8921
2026-04-25T09:23:45.419562+00:00,recovery_scenario,iperf_tcp,30,3,,twin_core,457809,0.0,66826240,2562,630,3192,3,28.8994
2026-04-25T09:23:45.419562+00:00,recovery_scenario,iperf_tcp,30,3,,ryu_controller,457802,9.7,59854848,4680,24087,28767,20,194.0393
2026-04-25T09:23:45.520065+00:00,recovery_scenario,iperf_tcp,30,3,,twin_core,457809,0.0,66826240,2574,630,3204,12,119.5017
2026-04-25T09:23:45.520065+00:00,recovery_scenario,iperf_tcp,30,3,,ryu_controller,457802,0.0,59854848,4683,24087,28770,3,29.8812
2026-04-25T09:23:45.621357+00:00,recovery_scenario,iperf_tcp,30,3,,twin_core,457809,0.0,66826240,2579,630,3209,5,49.3582
2026-04-25T09:23:45.621357+00:00,recovery_scenario,iperf_tcp,30,3,,ryu_controller,457802,19.7,59854848,4706,24087,28793,23,226.9782
2026-04-25T09:23:45.721834+00:00,recovery_scenario,iperf_tcp,30,3,,twin_core,457809,9.9,66826240,2582,630,3212,3,29.8183
2026-04-25T09:23:45.721834+00:00,recovery_scenario,iperf_tcp,30,3,,ryu_controller,457802,9.9,59854848,4727,24087,28814,21,208.5292
2026-04-25T09:23:45.822543+00:00,recovery_scenario,iperf_tcp,30,3,,twin_core,457809,9.9,66826240,2588,631,3219,7,69.5428
2026-04-25T09:23:45.822543+00:00,recovery_scenario,iperf_tcp,30,3,,ryu_controller,457802,49.7,59858944,4761,24088,28849,35,347.8432
2026-04-25T09:23:45.924341+00:00,recovery_scenario,iperf_tcp,30,3,,twin_core,457809,9.8,66879488,2596,631,3227,8,78.4021
2026-04-25T09:23:45.924341+00:00,recovery_scenario,iperf_tcp,30,3,,ryu_controller,457802,68.4,59867136,4780,24091,28871,22,215.0906
2026-04-25T09:23:46.027111+00:00,recovery_scenario,iperf_tcp,30,3,,twin_core,457809,0.0,66879488,2606,632,3238,11,107.2966
2026-04-25T09:23:46.027111+00:00,recovery_scenario,iperf_tcp,30,3,,ryu_controller,457802,19.6,59867136,4801,24091,28892,21,205.4667
2026-04-25T09:23:46.127652+00:00,recovery_scenario,iperf_tcp,30,3,,twin_core,457809,0.0,66879488,2609,632,3241,3,29.8399
2026-04-25T09:23:46.127652+00:00,recovery_scenario,iperf_tcp,30,3,,ryu_controller,457802,19.9,59867136,4815,24091,28906,14,139.2555
2026-04-25T09:23:46.228176+00:00,recovery_scenario,iperf_tcp,30,3,,twin_core,457809,0.0,66879488,2612,632,3244,3,29.8362
2026-04-25T09:23:46.228176+00:00,recovery_scenario,iperf_tcp,30,3,,ryu_controller,457802,9.9,59867136,4831,24091,28922,16,158.8603
2026-04-25T09:23:46.331432+00:00,recovery_scenario,iperf_tcp,30,3,,twin_core,457809,0.0,66879488,2617,632,3249,5,48.3281
2026-04-25T09:23:46.331432+00:00,recovery_scenario,iperf_tcp,30,3,,ryu_controller,457802,0.0,59867136,4840,24091,28931,9,87.1128
2026-04-25T09:23:46.432233+00:00,recovery_scenario,iperf_tcp,30,3,,twin_core,457809,0.0,66879488,2628,632,3260,11,109.4445
2026-04-25T09:23:46.432233+00:00,recovery_scenario,iperf_tcp,30,3,,ryu_controller,457802,69.7,59867136,4876,24092,28968,37,368.2839
2026-04-25T09:23:46.535671+00:00,recovery_scenario,iperf_tcp,30,3,,twin_core,457809,9.7,66879488,2631,632,3263,3,28.9471
2026-04-25T09:23:46.535671+00:00,recovery_scenario,iperf_tcp,30,3,,ryu_controller,457802,19.3,59867136,4901,24092,28993,25,241.1208
2026-04-25T09:23:46.636340+00:00,recovery_scenario,iperf_tcp,30,3,,twin_core,457809,0.0,66879488,2631,632,3263,0,0.0
2026-04-25T09:23:46.636340+00:00,recovery_scenario,iperf_tcp,30,3,,ryu_controller,457802,9.9,59867136,4921,24092,29013,20,198.8538
2026-04-25T09:23:46.743994+00:00,recovery_scenario,iperf_tcp,30,3,,twin_core,457809,0.0,66879488,2637,632,3269,6,55.7101
2026-04-25T09:23:46.743994+00:00,recovery_scenario,iperf_tcp,30,3,,ryu_controller,457802,9.3,59867136,4926,24092,29018,5,46.4699
2026-04-25T09:23:46.844499+00:00,recovery_scenario,iperf_tcp,30,3,,twin_core,457809,0.0,66879488,2646,632,3278,9,89.5223
2026-04-25T09:23:46.844499+00:00,recovery_scenario,iperf_tcp,30,3,,ryu_controller,457802,9.9,59867136,4952,24092,29044,26,258.6795
2026-04-25T09:23:46.945069+00:00,recovery_scenario,iperf_tcp,30,3,,twin_core,457809,0.0,66879488,2652,632,3284,6,59.7163
2026-04-25T09:23:46.945069+00:00,recovery_scenario,iperf_tcp,30,3,,ryu_controller,457802,10.0,59867136,4976,24092,29068,24,238.866
2026-04-25T09:23:47.048849+00:00,recovery_scenario,iperf_tcp,30,3,,twin_core,457809,0.0,66879488,2652,632,3284,0,0.0
2026-04-25T09:23:47.048849+00:00,recovery_scenario,iperf_tcp,30,3,,ryu_controller,457802,9.6,59867136,4987,24092,29079,11,105.7299
2026-04-25T09:23:47.150308+00:00,recovery_scenario,iperf_tcp,30,3,,twin_core,457809,0.0,66879488,2655,632,3287,3,29.547
2026-04-25T09:23:47.150308+00:00,recovery_scenario,iperf_tcp,30,3,,ryu_controller,457802,0.0,59867136,4991,24092,29083,4,39.2596
2026-04-25T09:23:47.251530+00:00,recovery_scenario,iperf_tcp,30,3,,twin_core,457809,9.9,66879488,2670,632,3302,15,148.4147
2026-04-25T09:23:47.251530+00:00,recovery_scenario,iperf_tcp,30,3,,ryu_controller,457802,9.9,59867136,5003,24092,29095,12,119.1536
2026-04-25T09:23:47.352174+00:00,recovery_scenario,iperf_tcp,30,3,,twin_core,457809,0.0,66879488,2673,632,3305,3,29.8395
2026-04-25T09:23:47.352174+00:00,recovery_scenario,iperf_tcp,30,3,,ryu_controller,457802,9.9,59867136,5029,24092,29121,26,258.653
2026-04-25T09:23:47.459803+00:00,recovery_scenario,iperf_tcp,30,3,,twin_core,457809,0.0,66879488,2676,632,3308,3,27.8696
2026-04-25T09:23:47.459803+00:00,recovery_scenario,iperf_tcp,30,3,,ryu_controller,457802,9.3,59867136,5051,24092,29143,22,204.3609
2026-04-25T09:23:47.562720+00:00,recovery_scenario,iperf_tcp,30,3,,twin_core,457809,9.7,66879488,2679,632,3311,3,29.1443
2026-04-25T09:23:47.562720+00:00,recovery_scenario,iperf_tcp,30,3,,ryu_controller,457802,0.0,59867136,5053,24092,29145,2,19.4292
2026-04-25T09:23:47.566523+00:00,recovery_scenario,iperf_tcp,30,3,pingall_completed,,,,,,,,,
2026-04-25T09:23:47.665745+00:00,recovery_scenario,iperf_tcp,30,3,,twin_core,457809,0.0,66879488,2690,633,3323,12,116.4508
2026-04-25T09:23:47.665745+00:00,recovery_scenario,iperf_tcp,30,3,,ryu_controller,457802,0.0,59867136,5057,24092,29149,4,38.8111
2026-04-25T09:23:47.771924+00:00,recovery_scenario,iperf_tcp,30,3,,twin_core,457809,0.0,66879488,2690,633,3323,0,0.0
2026-04-25T09:23:47.771924+00:00,recovery_scenario,iperf_tcp,30,3,,ryu_controller,457802,0.0,59867136,5061,24092,29153,4,37.644
2026-04-25T09:23:47.872599+00:00,recovery_scenario,iperf_tcp,30,3,,twin_core,457809,0.0,66879488,2690,633,3323,0,0.0
2026-04-25T09:23:47.872599+00:00,recovery_scenario,iperf_tcp,30,3,,ryu_controller,457802,19.9,59867136,5082,24094,29176,23,228.8768
2026-04-25T09:23:47.973038+00:00,recovery_scenario,iperf_tcp,30,3,,twin_core,457809,0.0,66879488,2690,633,3323,0,0.0
2026-04-25T09:23:47.973038+00:00,recovery_scenario,iperf_tcp,30,3,,ryu_controller,457802,59.8,59875328,5124,24094,29218,42,418.316
2026-04-25T09:23:48.075448+00:00,recovery_scenario,iperf_tcp,30,3,,twin_core,457809,9.8,66928640,2690,633,3323,0,0.0
2026-04-25T09:23:48.075448+00:00,recovery_scenario,iperf_tcp,30,3,,ryu_controller,457802,9.7,59875328,5139,24094,29233,15,146.2409
2026-04-25T09:23:48.177554+00:00,recovery_scenario,iperf_tcp,30,3,,twin_core,457809,0.0,66928640,2690,633,3323,0,0.0
2026-04-25T09:23:48.177554+00:00,recovery_scenario,iperf_tcp,30,3,,ryu_controller,457802,0.0,59875328,5142,24094,29236,3,29.3744
2026-04-25T09:23:48.280869+00:00,recovery_scenario,iperf_tcp,30,3,,twin_core,457809,0.0,66928640,2690,633,3323,0,0.0
2026-04-25T09:23:48.280869+00:00,recovery_scenario,iperf_tcp,30,3,,ryu_controller,457802,9.7,59875328,5145,24094,29239,3,28.9933
2026-04-25T09:23:48.387837+00:00,recovery_scenario,iperf_tcp,30,3,,twin_core,457809,0.0,66928640,2690,633,3323,0,0.0
2026-04-25T09:23:48.387837+00:00,recovery_scenario,iperf_tcp,30,3,,ryu_controller,457802,0.0,59875328,5147,24094,29241,2,18.4494
2026-04-25T09:23:48.490083+00:00,recovery_scenario,iperf_tcp,30,3,,twin_core,457809,0.0,66928640,2690,633,3323,0,0.0
2026-04-25T09:23:48.490083+00:00,recovery_scenario,iperf_tcp,30,3,,ryu_controller,457802,39.7,59875328,5163,24094,29257,16,159.0981
2026-04-25T09:23:48.590627+00:00,recovery_scenario,iperf_tcp,30,3,,twin_core,457809,0.0,66928640,2695,633,3328,5,49.7512
2026-04-25T09:23:48.590627+00:00,recovery_scenario,iperf_tcp,30,3,,ryu_controller,457802,59.7,59932672,5201,24094,29295,38,378.2221
2026-04-25T09:23:48.691075+00:00,recovery_scenario,iperf_tcp,30,3,,twin_core,457809,0.0,66928640,2695,633,3328,0,0.0
2026-04-25T09:23:48.691075+00:00,recovery_scenario,iperf_tcp,30,3,,ryu_controller,457802,0.0,59932672,5205,24094,29299,4,39.7759
2026-04-25T09:23:48.791770+00:00,recovery_scenario,iperf_tcp,30,3,,twin_core,457809,0.0,66928640,2695,633,3328,0,0.0
2026-04-25T09:23:48.791770+00:00,recovery_scenario,iperf_tcp,30,3,,ryu_controller,457802,0.0,59932672,5208,24094,29302,3,29.752
2026-04-25T09:23:48.892546+00:00,recovery_scenario,iperf_tcp,30,3,,twin_core,457809,0.0,66928640,2695,633,3328,0,0.0
2026-04-25T09:23:48.892546+00:00,recovery_scenario,iperf_tcp,30,3,,ryu_controller,457802,9.9,59932672,5212,24094,29306,4,39.7155
2026-04-25T09:23:48.993297+00:00,recovery_scenario,iperf_tcp,30,3,,twin_core,457809,0.0,66928640,2695,633,3328,0,0.0
2026-04-25T09:23:48.993297+00:00,recovery_scenario,iperf_tcp,30,3,,ryu_controller,457802,0.0,59932672,5235,24096,29331,25,248.1036
2026-04-25T09:23:49.095423+00:00,recovery_scenario,iperf_tcp,30,3,,twin_core,457809,9.8,66928640,2695,633,3328,0,0.0
2026-04-25T09:23:49.095423+00:00,recovery_scenario,iperf_tcp,30,3,,ryu_controller,457802,0.0,59932672,5238,24096,29334,3,28.7695
2026-04-25T09:23:49.198235+00:00,recovery_scenario,iperf_tcp,30,3,,twin_core,457809,0.0,66928640,2695,633,3328,0,0.0
2026-04-25T09:23:49.198235+00:00,recovery_scenario,iperf_tcp,30,3,,ryu_controller,457802,0.0,59932672,5242,24098,29340,6,59.6031
2026-04-25T09:23:49.300677+00:00,recovery_scenario,iperf_tcp,30,3,,twin_core,457809,0.0,66928640,2695,633,3328,0,0.0
2026-04-25T09:23:49.300677+00:00,recovery_scenario,iperf_tcp,30,3,,ryu_controller,457802,0.0,59932672,5247,24104,29351,11,107.0231
2026-04-25T09:23:49.402169+00:00,recovery_scenario,iperf_tcp,30,3,,twin_core,457809,0.0,66928640,2695,633,3328,0,0.0
2026-04-25T09:23:49.402169+00:00,recovery_scenario,iperf_tcp,30,3,,ryu_controller,457802,0.0,59932672,5270,24109,29379,28,274.8465
2026-04-25T09:23:49.503889+00:00,recovery_scenario,iperf_tcp,30,3,,twin_core,457809,0.0,66928640,2695,633,3328,0,0.0
2026-04-25T09:23:49.503889+00:00,recovery_scenario,iperf_tcp,30,3,,ryu_controller,457802,9.9,59932672,5291,24111,29402,23,228.0512
2026-04-25T09:23:49.585855+00:00,recovery_scenario,iperf_tcp,30,3,background_traffic_started,,,,,,,,,
2026-04-25T09:23:49.605385+00:00,recovery_scenario,iperf_tcp,30,3,,twin_core,457809,0.0,66928640,2698,642,3340,12,117.3493
2026-04-25T09:23:49.605385+00:00,recovery_scenario,iperf_tcp,30,3,,ryu_controller,457802,0.0,59932672,5321,24121,29442,40,391.0721
2026-04-25T09:23:49.707853+00:00,recovery_scenario,iperf_tcp,30,3,,twin_core,457809,9.8,66928640,2706,648,3354,14,136.4986
2026-04-25T09:23:49.707853+00:00,recovery_scenario,iperf_tcp,30,3,,ryu_controller,457802,29.2,59932672,5330,24174,29504,62,598.5277
2026-04-25T09:23:49.811092+00:00,recovery_scenario,iperf_tcp,30,3,,twin_core,457809,9.7,66928640,2716,654,3370,16,155.669
2026-04-25T09:23:49.811092+00:00,recovery_scenario,iperf_tcp,30,3,,ryu_controller,457802,29.2,59932672,5342,24203,29545,41,399.1277
2026-04-25T09:23:49.845420+00:00,recovery_scenario,iperf_tcp,30,3,fault_injected,,,,,,,,,
2026-04-25T09:23:49.913864+00:00,recovery_scenario,iperf_tcp,30,3,,twin_core,457809,0.0,66949120,2724,661,3385,15,146.5127
2026-04-25T09:23:49.913864+00:00,recovery_scenario,iperf_tcp,30,3,,ryu_controller,457802,39.1,59932672,5350,24285,29635,90,887.7412
2026-04-25T09:23:50.014350+00:00,recovery_scenario,iperf_tcp,30,3,,twin_core,457809,0.0,66949120,2724,661,3385,0,0.0
2026-04-25T09:23:50.014350+00:00,recovery_scenario,iperf_tcp,30,3,,ryu_controller,457802,49.6,59932672,5350,24437,29787,152,1508.1949
2026-04-25T09:23:50.115167+00:00,recovery_scenario,iperf_tcp,30,3,,twin_core,457809,0.0,66949120,2724,661,3385,0,0.0
2026-04-25T09:23:50.115167+00:00,recovery_scenario,iperf_tcp,30,3,,ryu_controller,457802,69.7,59932672,5350,24565,29915,128,1274.7573
2026-04-25T09:23:50.216389+00:00,recovery_scenario,iperf_tcp,30,3,,twin_core,457809,0.0,66949120,2724,661,3385,0,0.0
2026-04-25T09:23:50.216389+00:00,recovery_scenario,iperf_tcp,30,3,,ryu_controller,457802,68.3,59932672,5351,24740,30091,176,1717.6698
2026-04-25T09:23:50.318767+00:00,recovery_scenario,iperf_tcp,30,3,,twin_core,457809,0.0,66949120,2724,661,3385,0,0.0
2026-04-25T09:23:50.318767+00:00,recovery_scenario,iperf_tcp,30,3,,ryu_controller,457802,79.0,59932672,5351,24854,30205,114,1126.6564
2026-04-25T09:23:50.420286+00:00,recovery_scenario,iperf_tcp,30,3,,twin_core,457809,0.0,66949120,2725,661,3386,1,9.8528
2026-04-25T09:23:50.420286+00:00,recovery_scenario,iperf_tcp,30,3,,ryu_controller,457802,59.1,59932672,5351,24918,30269,64,630.147
2026-04-25T09:23:50.521890+00:00,recovery_scenario,iperf_tcp,30,3,,twin_core,457809,0.0,66949120,2725,661,3386,0,0.0
2026-04-25T09:23:50.521890+00:00,recovery_scenario,iperf_tcp,30,3,,ryu_controller,457802,68.8,59932672,5351,25021,30372,103,1013.4477
2026-04-25T09:23:50.622407+00:00,recovery_scenario,iperf_tcp,30,3,,twin_core,457809,0.0,66949120,2725,661,3386,0,0.0
2026-04-25T09:23:50.622407+00:00,recovery_scenario,iperf_tcp,30,3,,ryu_controller,457802,59.5,59940864,5351,25108,30459,87,863.4202
2026-04-25T09:23:50.723818+00:00,recovery_scenario,iperf_tcp,30,3,,twin_core,457809,0.0,66949120,2725,661,3386,0,0.0
2026-04-25T09:23:50.723818+00:00,recovery_scenario,iperf_tcp,30,3,,ryu_controller,457802,69.2,59944960,5351,25321,30672,213,2107.6123
2026-04-25T09:23:50.824242+00:00,recovery_scenario,iperf_tcp,30,3,,twin_core,457809,0.0,66949120,2725,661,3386,0,0.0
2026-04-25T09:23:50.824242+00:00,recovery_scenario,iperf_tcp,30,3,,ryu_controller,457802,59.7,59944960,5351,25503,30854,182,1811.9913
2026-04-25T09:23:50.926558+00:00,recovery_scenario,iperf_tcp,30,3,,twin_core,457809,0.0,66949120,2726,662,3388,2,19.5343
2026-04-25T09:23:50.926558+00:00,recovery_scenario,iperf_tcp,30,3,,ryu_controller,457802,68.0,59944960,5351,25585,30936,82,796.533
2026-04-25T09:23:51.028887+00:00,recovery_scenario,iperf_tcp,30,3,,twin_core,457809,0.0,66949120,2726,662,3388,0,0.0
2026-04-25T09:23:51.028887+00:00,recovery_scenario,iperf_tcp,30,3,,ryu_controller,457802,68.8,59944960,5351,25735,31086,150,1463.7964
2026-04-25T09:23:51.130123+00:00,recovery_scenario,iperf_tcp,30,3,,twin_core,457809,9.9,66949120,2726,662,3388,0,0.0
2026-04-25T09:23:51.130123+00:00,recovery_scenario,iperf_tcp,30,3,,ryu_controller,457802,69.1,59944960,5351,25972,31323,237,2357.1784
2026-04-25T09:23:51.230733+00:00,recovery_scenario,iperf_tcp,30,3,,twin_core,457809,0.0,66949120,2726,662,3388,0,0.0
2026-04-25T09:23:51.230733+00:00,recovery_scenario,iperf_tcp,30,3,,ryu_controller,457802,79.3,59944960,5351,26292,31643,320,3173.6697
2026-04-25T09:23:51.331454+00:00,recovery_scenario,iperf_tcp,30,3,,twin_core,457809,0.0,66949120,2726,662,3388,0,0.0
2026-04-25T09:23:51.331454+00:00,recovery_scenario,iperf_tcp,30,3,,ryu_controller,457802,69.6,59944960,5351,26556,31907,264,2597.3382
2026-04-25T09:23:51.433146+00:00,recovery_scenario,iperf_tcp,30,3,,twin_core,457809,0.0,66949120,2727,662,3389,1,9.8399
2026-04-25T09:23:51.433146+00:00,recovery_scenario,iperf_tcp,30,3,,ryu_controller,457802,78.7,59944960,5351,26788,32139,232,2308.2045
2026-04-25T09:23:51.533621+00:00,recovery_scenario,iperf_tcp,30,3,,twin_core,457809,0.0,66949120,2727,662,3389,0,0.0
2026-04-25T09:23:51.533621+00:00,recovery_scenario,iperf_tcp,30,3,,ryu_controller,457802,69.5,59944960,5351,27024,32375,236,2343.4751
2026-04-25T09:23:51.634914+00:00,recovery_scenario,iperf_tcp,30,3,,twin_core,457809,0.0,66949120,2727,662,3389,0,0.0
2026-04-25T09:23:51.634914+00:00,recovery_scenario,iperf_tcp,30,3,,ryu_controller,457802,79.2,59944960,5351,27287,32638,263,2603.716
2026-04-25T09:23:51.735441+00:00,recovery_scenario,iperf_tcp,30,3,,twin_core,457809,0.0,66949120,2727,662,3389,0,0.0
2026-04-25T09:23:51.735441+00:00,recovery_scenario,iperf_tcp,30,3,,ryu_controller,457802,79.4,59944960,5351,27546,32897,259,2571.5858
2026-04-25T09:23:51.836893+00:00,recovery_scenario,iperf_tcp,30,3,,twin_core,457809,0.0,66949120,2727,662,3389,0,0.0
2026-04-25T09:23:51.836893+00:00,recovery_scenario,iperf_tcp,30,3,,ryu_controller,457802,77.0,59944960,5351,27757,33108,211,2031.0991
2026-04-25T09:23:51.939930+00:00,recovery_scenario,iperf_tcp,30,3,,twin_core,457809,0.0,66949120,2728,663,3391,2,19.3813
2026-04-25T09:23:51.939930+00:00,recovery_scenario,iperf_tcp,30,3,,ryu_controller,457802,79.5,59944960,5351,27932,33283,175,1739.9103
2026-04-25T09:23:52.040516+00:00,recovery_scenario,iperf_tcp,30,3,,twin_core,457809,9.9,66949120,2728,663,3391,0,0.0
2026-04-25T09:23:52.040516+00:00,recovery_scenario,iperf_tcp,30,3,,ryu_controller,457802,59.7,59944960,5351,28007,33358,75,746.2499
2026-04-25T09:23:52.141703+00:00,recovery_scenario,iperf_tcp,30,3,,twin_core,457809,0.0,66949120,2728,663,3391,0,0.0
2026-04-25T09:23:52.141703+00:00,recovery_scenario,iperf_tcp,30,3,,ryu_controller,457802,58.3,59944960,5351,28104,33455,97,941.4595
2026-04-25T09:23:52.244065+00:00,recovery_scenario,iperf_tcp,30,3,,twin_core,457809,0.0,66949120,2728,663,3391,0,0.0
2026-04-25T09:23:52.244065+00:00,recovery_scenario,iperf_tcp,30,3,,ryu_controller,457802,69.6,59949056,5351,28199,33550,95,945.4776
2026-04-25T09:23:52.344517+00:00,recovery_scenario,iperf_tcp,30,3,,twin_core,457809,0.0,66949120,2728,663,3391,0,0.0
2026-04-25T09:23:52.344517+00:00,recovery_scenario,iperf_tcp,30,3,,ryu_controller,457802,59.6,59949056,5351,28360,33711,161,1597.7595
2026-04-25T09:23:52.445868+00:00,recovery_scenario,iperf_tcp,30,3,,twin_core,457809,0.0,66949120,2729,664,3393,2,19.7931
2026-04-25T09:23:52.445868+00:00,recovery_scenario,iperf_tcp,30,3,,ryu_controller,457802,59.4,59949056,5351,28648,33999,288,2846.7447
2026-04-25T09:23:52.546482+00:00,recovery_scenario,iperf_tcp,30,3,,twin_core,457809,0.0,66949120,2729,664,3393,0,0.0
2026-04-25T09:23:52.546482+00:00,recovery_scenario,iperf_tcp,30,3,,ryu_controller,457802,69.2,59949056,5351,28930,34281,282,2793.7832
2026-04-25T09:23:52.647547+00:00,recovery_scenario,iperf_tcp,30,3,,twin_core,457809,9.9,66949120,2729,664,3393,0,0.0
2026-04-25T09:23:52.647547+00:00,recovery_scenario,iperf_tcp,30,3,,ryu_controller,457802,59.6,59949056,5351,29043,34394,113,1121.7739
2026-04-25T09:23:52.748124+00:00,recovery_scenario,iperf_tcp,30,3,,twin_core,457809,0.0,66949120,2729,664,3393,0,0.0
2026-04-25T09:23:52.748124+00:00,recovery_scenario,iperf_tcp,30,3,,ryu_controller,457802,59.8,59949056,5351,29181,34532,138,1374.3203
2026-04-25T09:23:52.849776+00:00,recovery_scenario,iperf_tcp,30,3,,twin_core,457809,0.0,66949120,2729,664,3393,0,0.0
2026-04-25T09:23:52.849776+00:00,recovery_scenario,iperf_tcp,30,3,,ryu_controller,457802,68.6,59949056,5351,29279,34630,98,960.5522
2026-04-25T09:23:52.951814+00:00,recovery_scenario,iperf_tcp,30,3,,twin_core,457809,0.0,66949120,2730,665,3395,2,19.6351
2026-04-25T09:23:52.951814+00:00,recovery_scenario,iperf_tcp,30,3,,ryu_controller,457802,49.0,59949056,5351,29461,34812,182,1782.3745
2026-04-25T09:23:53.052892+00:00,recovery_scenario,iperf_tcp,30,3,,twin_core,457809,0.0,66949120,2730,665,3395,0,0.0
2026-04-25T09:23:53.052892+00:00,recovery_scenario,iperf_tcp,30,3,,ryu_controller,457802,79.5,59949056,5351,29635,34986,174,1725.3492
2026-04-25T09:23:53.154669+00:00,recovery_scenario,iperf_tcp,30,3,,twin_core,457809,0.0,66949120,2730,665,3395,0,0.0
2026-04-25T09:23:53.154669+00:00,recovery_scenario,iperf_tcp,30,3,,ryu_controller,457802,58.8,59949056,5351,29814,35165,179,1759.2429
2026-04-25T09:23:53.255315+00:00,recovery_scenario,iperf_tcp,30,3,,twin_core,457809,9.9,66957312,2730,665,3395,0,0.0
2026-04-25T09:23:53.255315+00:00,recovery_scenario,iperf_tcp,30,3,,ryu_controller,457802,49.7,59949056,5358,29894,35252,87,864.1459
2026-04-25T09:23:53.356043+00:00,recovery_scenario,iperf_tcp,30,3,,twin_core,457809,0.0,66957312,2730,665,3395,0,0.0
2026-04-25T09:23:53.356043+00:00,recovery_scenario,iperf_tcp,30,3,,ryu_controller,457802,0.0,59949056,5360,29896,35256,4,39.7664
2026-04-25T09:23:53.457348+00:00,recovery_scenario,iperf_tcp,30,3,,twin_core,457809,9.9,66957312,2750,720,3470,75,740.7445
2026-04-25T09:23:53.457348+00:00,recovery_scenario,iperf_tcp,30,3,,ryu_controller,457802,69.1,59949056,5378,30259,35637,381,3759.5028
2026-04-25T09:23:53.517962+00:00,recovery_scenario,iperf_tcp,30,3,recovery_requested,,,,,,,,,
2026-04-25T09:23:53.559687+00:00,recovery_scenario,iperf_tcp,30,3,,twin_core,457809,0.0,66961408,2762,766,3528,58,566.7774
2026-04-25T09:23:53.559687+00:00,recovery_scenario,iperf_tcp,30,3,,ryu_controller,457802,48.9,59949056,5393,30523,35916,279,2729.173
2026-04-25T09:23:53.660113+00:00,recovery_scenario,iperf_tcp,30,3,,twin_core,457809,0.0,66961408,2762,766,3528,0,0.0
2026-04-25T09:23:53.660113+00:00,recovery_scenario,iperf_tcp,30,3,,ryu_controller,457802,39.8,59949056,5415,30728,36143,227,2259.6512
2026-04-25T09:23:53.760675+00:00,recovery_scenario,iperf_tcp,30,3,,twin_core,457809,0.0,66961408,2762,766,3528,0,0.0
2026-04-25T09:23:53.760675+00:00,recovery_scenario,iperf_tcp,30,3,,ryu_controller,457802,39.7,59961344,5421,30989,36410,267,2638.5925
2026-04-25T09:23:53.863871+00:00,recovery_scenario,iperf_tcp,30,3,,twin_core,457809,9.7,66961408,2762,766,3528,0,0.0
2026-04-25T09:23:53.863871+00:00,recovery_scenario,iperf_tcp,30,3,,ryu_controller,457802,48.5,59961344,5421,31162,36583,173,1684.2526
2026-04-25T09:23:53.964501+00:00,recovery_scenario,iperf_tcp,30,3,,twin_core,457809,0.0,66961408,2762,766,3528,0,0.0
2026-04-25T09:23:53.964501+00:00,recovery_scenario,iperf_tcp,30,3,,ryu_controller,457802,69.6,59961344,5421,31301,36722,139,1381.2781
2026-04-25T09:23:54.066093+00:00,recovery_scenario,iperf_tcp,30,3,,twin_core,457809,0.0,66961408,2763,766,3529,1,9.8487
2026-04-25T09:23:54.066093+00:00,recovery_scenario,iperf_tcp,30,3,,ryu_controller,457802,78.6,59961344,5421,31576,36997,275,2700.7877
2026-04-25T09:23:54.166938+00:00,recovery_scenario,iperf_tcp,30,3,,twin_core,457809,0.0,66961408,2763,766,3529,0,0.0
2026-04-25T09:23:54.166938+00:00,recovery_scenario,iperf_tcp,30,3,,ryu_controller,457802,59.6,59961344,5421,31776,37197,200,1991.8041
2026-04-25T09:23:54.267707+00:00,recovery_scenario,iperf_tcp,30,3,,twin_core,457809,0.0,66961408,2763,766,3529,0,0.0
2026-04-25T09:23:54.267707+00:00,recovery_scenario,iperf_tcp,30,3,,ryu_controller,457802,89.2,59961344,5421,31927,37348,151,1497.0558
2026-04-25T09:23:54.369381+00:00,recovery_scenario,iperf_tcp,30,3,,twin_core,457809,0.0,66961408,2763,766,3529,0,0.0
2026-04-25T09:23:54.369381+00:00,recovery_scenario,iperf_tcp,30,3,,ryu_controller,457802,59.0,59961344,5421,32006,37427,79,777.4314
2026-04-25T09:23:54.469822+00:00,recovery_scenario,iperf_tcp,30,3,,twin_core,457809,0.0,66961408,2763,766,3529,0,0.0
2026-04-25T09:23:54.469822+00:00,recovery_scenario,iperf_tcp,30,3,,ryu_controller,457802,59.8,59961344,5421,32055,37476,49,488.0888
2026-04-25T09:23:54.570388+00:00,recovery_scenario,iperf_tcp,30,3,,twin_core,457809,0.0,66961408,2764,766,3530,1,9.8457
2026-04-25T09:23:54.570388+00:00,recovery_scenario,iperf_tcp,30,3,,ryu_controller,457802,68.8,59961344,5421,32133,37554,78,766.79
2026-04-25T09:23:54.675684+00:00,recovery_scenario,iperf_tcp,30,3,,twin_core,457809,0.0,66961408,2764,766,3530,0,0.0
2026-04-25T09:23:54.675684+00:00,recovery_scenario,iperf_tcp,30,3,,ryu_controller,457802,67.2,59961344,5421,32222,37643,89,854.567
2026-04-25T09:23:54.776201+00:00,recovery_scenario,iperf_tcp,30,3,,twin_core,457809,0.0,66961408,2764,766,3530,0,0.0
2026-04-25T09:23:54.776201+00:00,recovery_scenario,iperf_tcp,30,3,,ryu_controller,457802,59.5,59961344,5421,32324,37745,102,1011.6821
2026-04-25T09:23:54.877386+00:00,recovery_scenario,iperf_tcp,30,3,,twin_core,457809,0.0,66961408,2764,766,3530,0,0.0
2026-04-25T09:23:54.877386+00:00,recovery_scenario,iperf_tcp,30,3,,ryu_controller,457802,69.2,59961344,5421,32395,37816,71,702.092
2026-04-25T09:23:54.978430+00:00,recovery_scenario,iperf_tcp,30,3,,twin_core,457809,0.0,66961408,2764,766,3530,0,0.0
2026-04-25T09:23:54.978430+00:00,recovery_scenario,iperf_tcp,30,3,,ryu_controller,457802,59.0,59961344,5421,32488,37909,93,910.7838
2026-04-25T09:23:55.080383+00:00,recovery_scenario,iperf_tcp,30,3,,twin_core,457809,0.0,66961408,2765,769,3534,4,39.2513
2026-04-25T09:23:55.080383+00:00,recovery_scenario,iperf_tcp,30,3,,ryu_controller,457802,58.9,59961344,5421,32583,38004,95,923.6792
2026-04-25T09:23:55.183055+00:00,recovery_scenario,iperf_tcp,30,3,,twin_core,457809,0.0,66961408,2765,769,3534,0,0.0
2026-04-25T09:23:55.183055+00:00,recovery_scenario,iperf_tcp,30,3,,ryu_controller,457802,68.7,59961344,5421,32642,38063,59,580.7364
2026-04-25T09:23:55.284558+00:00,recovery_scenario,iperf_tcp,30,3,,twin_core,457809,0.0,66961408,2765,769,3534,0,0.0
2026-04-25T09:23:55.284558+00:00,recovery_scenario,iperf_tcp,30,3,,ryu_controller,457802,78.3,59973632,5421,32684,38105,42,408.0168
2026-04-25T09:23:55.389379+00:00,recovery_scenario,iperf_tcp,30,3,,twin_core,457809,9.6,66961408,2765,769,3534,0,0.0
2026-04-25T09:23:55.389379+00:00,recovery_scenario,iperf_tcp,30,3,,ryu_controller,457802,57.5,59973632,5421,32827,38248,143,1394.0597
2026-04-25T09:23:55.490118+00:00,recovery_scenario,iperf_tcp,30,3,,twin_core,457809,0.0,66961408,2765,769,3534,0,0.0
2026-04-25T09:23:55.490118+00:00,recovery_scenario,iperf_tcp,30,3,,ryu_controller,457802,69.6,59973632,5421,32943,38364,116,1154.6676
2026-04-25T09:23:55.591383+00:00,recovery_scenario,iperf_tcp,30,3,,twin_core,457809,0.0,66961408,2766,774,3540,6,59.0815
2026-04-25T09:23:55.591383+00:00,recovery_scenario,iperf_tcp,30,3,,ryu_controller,457802,59.1,59973632,5421,33065,38486,122,1200.9389
2026-04-25T09:23:55.692199+00:00,recovery_scenario,iperf_tcp,30,3,,twin_core,457809,0.0,66961408,2766,774,3540,0,0.0
2026-04-25T09:23:55.692199+00:00,recovery_scenario,iperf_tcp,30,3,,ryu_controller,457802,68.9,59973632,5421,33196,38617,131,1287.3726
2026-04-25T09:23:55.794084+00:00,recovery_scenario,iperf_tcp,30,3,,twin_core,457809,9.8,66961408,2766,774,3540,0,0.0
2026-04-25T09:23:55.794084+00:00,recovery_scenario,iperf_tcp,30,3,,ryu_controller,457802,69.0,59973632,5421,33307,38728,111,1096.3258
2026-04-25T09:23:55.895428+00:00,recovery_scenario,iperf_tcp,30,3,,twin_core,457809,0.0,66961408,2766,774,3540,0,0.0
2026-04-25T09:23:55.895428+00:00,recovery_scenario,iperf_tcp,30,3,,ryu_controller,457802,49.1,59973632,5421,33418,38839,111,1086.0258
2026-04-25T09:23:55.997498+00:00,recovery_scenario,iperf_tcp,30,3,,twin_core,457809,0.0,66961408,2766,774,3540,0,0.0
2026-04-25T09:23:55.997498+00:00,recovery_scenario,iperf_tcp,30,3,,ryu_controller,457802,69.4,59977728,5421,33572,38993,154,1531.2264
2026-04-25T09:23:56.097938+00:00,recovery_scenario,iperf_tcp,30,3,,twin_core,457809,0.0,66961408,2767,775,3542,2,19.906
2026-04-25T09:23:56.097938+00:00,recovery_scenario,iperf_tcp,30,3,,ryu_controller,457802,69.5,59977728,5421,33669,39090,97,962.9721
2026-04-25T09:23:56.200631+00:00,recovery_scenario,iperf_tcp,30,3,,twin_core,457809,0.0,66961408,2767,775,3542,0,0.0
2026-04-25T09:23:56.200631+00:00,recovery_scenario,iperf_tcp,30,3,,ryu_controller,457802,58.6,59977728,5421,33838,39259,169,1650.9546
2026-04-25T09:23:56.302242+00:00,recovery_scenario,iperf_tcp,30,3,,twin_core,457809,0.0,66961408,2767,775,3542,0,0.0
2026-04-25T09:23:56.302242+00:00,recovery_scenario,iperf_tcp,30,3,,ryu_controller,457802,68.7,59977728,5421,33986,39407,148,1449.3721
2026-04-25T09:23:56.406132+00:00,recovery_scenario,iperf_tcp,30,3,,twin_core,457809,0.0,66961408,2767,775,3542,0,0.0
2026-04-25T09:23:56.406132+00:00,recovery_scenario,iperf_tcp,30,3,,ryu_controller,457802,67.5,59977728,5421,34228,39649,242,2338.0509
2026-04-25T09:23:56.506824+00:00,recovery_scenario,iperf_tcp,30,3,,twin_core,457809,0.0,66961408,2767,775,3542,0,0.0
2026-04-25T09:23:56.506824+00:00,recovery_scenario,iperf_tcp,30,3,,ryu_controller,457802,69.5,59977728,5421,34547,39968,319,3166.4567
2026-04-25T09:23:56.607401+00:00,recovery_scenario,iperf_tcp,30,3,,twin_core,457809,0.0,66961408,2768,775,3543,1,9.9165
2026-04-25T09:23:56.607401+00:00,recovery_scenario,iperf_tcp,30,3,,ryu_controller,457802,69.4,59977728,5421,34827,40248,280,2777.7646
2026-04-25T09:23:56.708677+00:00,recovery_scenario,iperf_tcp,30,3,,twin_core,457809,0.0,66961408,2768,775,3543,0,0.0
2026-04-25T09:23:56.708677+00:00,recovery_scenario,iperf_tcp,30,3,,ryu_controller,457802,69.3,59977728,5421,35136,40557,309,3057.9684
2026-04-25T09:23:56.814939+00:00,recovery_scenario,iperf_tcp,30,3,,twin_core,457809,9.4,66961408,2768,775,3543,0,0.0
2026-04-25T09:23:56.814939+00:00,recovery_scenario,iperf_tcp,30,3,,ryu_controller,457802,75.3,59977728,5426,35256,40682,125,1176.4884
2026-04-25T09:23:56.915518+00:00,recovery_scenario,iperf_tcp,30,3,,twin_core,457809,0.0,66973696,2768,775,3543,0,0.0
2026-04-25T09:23:56.915518+00:00,recovery_scenario,iperf_tcp,30,3,,ryu_controller,457802,9.9,59977728,5431,35306,40737,55,545.3814
2026-04-25T09:23:57.016343+00:00,recovery_scenario,iperf_tcp,30,3,,twin_core,457809,0.0,66973696,2768,775,3543,0,0.0
2026-04-25T09:23:57.016343+00:00,recovery_scenario,iperf_tcp,30,3,,ryu_controller,457802,0.0,59977728,5436,35308,40744,7,69.5683
2026-04-25T09:23:57.116958+00:00,recovery_scenario,iperf_tcp,30,3,,twin_core,457809,19.9,66973696,2787,783,3570,27,268.5433
2026-04-25T09:23:57.116958+00:00,recovery_scenario,iperf_tcp,30,3,,ryu_controller,457802,49.8,59977728,5453,35344,40797,53,528.0264
2026-04-25T09:23:57.161774+00:00,recovery_scenario,iperf_tcp,30,3,scenario_teardown,,,,,,,,,
2026-04-25T09:23:57.217370+00:00,recovery_scenario,iperf_tcp,30,3,,twin_core,457809,0.0,66973696,2807,790,3597,27,268.7205
2026-04-25T09:23:57.217370+00:00,recovery_scenario,iperf_tcp,30,3,,ryu_controller,457802,19.9,59977728,5471,35357,40828,31,308.1144
2026-04-25T09:23:57.317941+00:00,recovery_scenario,iperf_tcp,30,3,,twin_core,457809,9.9,66973696,2832,795,3627,30,298.3985
2026-04-25T09:23:57.317941+00:00,recovery_scenario,iperf_tcp,30,3,,ryu_controller,457802,10.0,59977728,5480,35364,40844,16,159.3537
2026-04-25T09:23:57.418357+00:00,recovery_scenario,iperf_tcp,30,3,,twin_core,457809,0.0,66973696,2853,795,3648,21,209.0908
2026-04-25T09:23:57.418357+00:00,recovery_scenario,iperf_tcp,30,3,,ryu_controller,457802,9.9,59977728,5488,35369,40857,13,129.3303
2026-04-25T09:23:57.519024+00:00,recovery_scenario,iperf_tcp,30,3,,twin_core,457809,0.0,66973696,2853,795,3648,0,0.0
2026-04-25T09:23:57.519024+00:00,recovery_scenario,iperf_tcp,30,3,,ryu_controller,457802,9.9,59977728,5499,35369,40868,11,109.3466
2026-04-25T09:23:57.991401+00:00,recovery_scenario,iperf_tcp,30,4,,twin_core,457809,0.0,66973696,3245,841,4086,0,0.0
2026-04-25T09:23:57.991401+00:00,recovery_scenario,iperf_tcp,30,4,,ryu_controller,457802,0.0,59977728,5553,35370,40923,0,0.0
2026-04-25T09:23:58.092911+00:00,recovery_scenario,iperf_tcp,30,4,,twin_core,457809,9.8,66973696,3292,844,4136,50,492.3179
2026-04-25T09:23:58.092911+00:00,recovery_scenario,iperf_tcp,30,4,,ryu_controller,457802,39.4,59977728,5570,35376,40946,23,228.9085
2026-04-25T09:23:58.193391+00:00,recovery_scenario,iperf_tcp,30,4,,twin_core,457809,0.0,66973696,3393,845,4238,102,1015.4202
2026-04-25T09:23:58.193391+00:00,recovery_scenario,iperf_tcp,30,4,,ryu_controller,457802,39.8,59977728,5619,35380,40999,53,525.7192
2026-04-25T09:23:58.246365+00:00,recovery_scenario,iperf_tcp,30,4,service_started,,,,,,,,,
2026-04-25T09:23:58.294238+00:00,recovery_scenario,iperf_tcp,30,4,,twin_core,457809,19.8,66973696,3452,847,4299,61,604.8713
2026-04-25T09:23:58.294238+00:00,recovery_scenario,iperf_tcp,30,4,,ryu_controller,457802,39.6,59977728,5675,35382,41057,58,575.167
2026-04-25T09:23:58.395135+00:00,recovery_scenario,iperf_tcp,30,4,,twin_core,457809,9.9,66973696,3453,847,4300,1,9.9092
2026-04-25T09:23:58.395135+00:00,recovery_scenario,iperf_tcp,30,4,,ryu_controller,457802,39.7,59977728,5724,35383,41107,50,497.1916
2026-04-25T09:23:58.495718+00:00,recovery_scenario,iperf_tcp,30,4,,twin_core,457809,0.0,66973696,3453,847,4300,0,0.0
2026-04-25T09:23:58.495718+00:00,recovery_scenario,iperf_tcp,30,4,,ryu_controller,457802,19.9,59977728,5768,35383,41151,44,437.4766
2026-04-25T09:23:58.596188+00:00,recovery_scenario,iperf_tcp,30,4,,twin_core,457809,0.0,66973696,3453,847,4300,0,0.0
2026-04-25T09:23:58.596188+00:00,recovery_scenario,iperf_tcp,30,4,,ryu_controller,457802,10.0,59977728,5807,35383,41190,39,388.1765
2026-04-25T09:23:58.698457+00:00,recovery_scenario,iperf_tcp,30,4,,twin_core,457809,0.0,66973696,3453,847,4300,0,0.0
2026-04-25T09:23:58.698457+00:00,recovery_scenario,iperf_tcp,30,4,,ryu_controller,457802,9.8,59977728,5852,35383,41235,45,439.5425
2026-04-25T09:23:58.803528+00:00,recovery_scenario,iperf_tcp,30,4,,twin_core,457809,0.0,66973696,3453,847,4300,0,0.0
2026-04-25T09:23:58.803528+00:00,recovery_scenario,iperf_tcp,30,4,,ryu_controller,457802,19.0,59977728,5874,35383,41257,22,209.3111
2026-04-25T09:23:58.904177+00:00,recovery_scenario,iperf_tcp,30,4,,twin_core,457809,0.0,66973696,3453,847,4300,0,0.0
2026-04-25T09:23:58.904177+00:00,recovery_scenario,iperf_tcp,30,4,,ryu_controller,457802,39.8,59977728,5916,35383,41299,42,417.8854
2026-04-25T09:23:59.006280+00:00,recovery_scenario,iperf_tcp,30,4,,twin_core,457809,0.0,66973696,3453,847,4300,0,0.0
2026-04-25T09:23:59.006280+00:00,recovery_scenario,iperf_tcp,30,4,,ryu_controller,457802,9.8,59977728,5936,35383,41319,20,195.6169
2026-04-25T09:23:59.109332+00:00,recovery_scenario,iperf_tcp,30,4,,twin_core,457809,0.0,66973696,3453,847,4300,0,0.0
2026-04-25T09:23:59.109332+00:00,recovery_scenario,iperf_tcp,30,4,,ryu_controller,457802,0.0,59977728,5942,35383,41325,6,58.223
2026-04-25T09:23:59.214339+00:00,recovery_scenario,iperf_tcp,30,4,,twin_core,457809,0.0,66973696,3453,847,4300,0,0.0
2026-04-25T09:23:59.214339+00:00,recovery_scenario,iperf_tcp,30,4,,ryu_controller,457802,19.0,59977728,5956,35383,41339,14,133.2187
2026-04-25T09:23:59.315077+00:00,recovery_scenario,iperf_tcp,30,4,,twin_core,457809,0.0,66973696,3453,847,4300,0,0.0
2026-04-25T09:23:59.315077+00:00,recovery_scenario,iperf_tcp,30,4,,ryu_controller,457802,19.9,59977728,5994,35383,41377,38,378.1098
2026-04-25T09:23:59.415560+00:00,recovery_scenario,iperf_tcp,30,4,,twin_core,457809,0.0,66973696,3453,847,4300,0,0.0
2026-04-25T09:23:59.415560+00:00,recovery_scenario,iperf_tcp,30,4,,ryu_controller,457802,9.9,59977728,6008,35383,41391,14,139.2052
2026-04-25T09:23:59.516073+00:00,recovery_scenario,iperf_tcp,30,4,,twin_core,457809,0.0,66973696,3453,847,4300,0,0.0
2026-04-25T09:23:59.516073+00:00,recovery_scenario,iperf_tcp,30,4,,ryu_controller,457802,29.9,59977728,6038,35383,41421,30,298.7349
2026-04-25T09:23:59.616648+00:00,recovery_scenario,iperf_tcp,30,4,,twin_core,457809,0.0,66973696,3453,847,4300,0,0.0
2026-04-25T09:23:59.616648+00:00,recovery_scenario,iperf_tcp,30,4,,ryu_controller,457802,9.9,59977728,6055,35383,41438,17,168.7591
2026-04-25T09:23:59.718199+00:00,recovery_scenario,iperf_tcp,30,4,,twin_core,457809,0.0,66973696,3453,847,4300,0,0.0
2026-04-25T09:23:59.718199+00:00,recovery_scenario,iperf_tcp,30,4,,ryu_controller,457802,19.7,59977728,6078,35383,41461,23,226.6926
2026-04-25T09:23:59.823453+00:00,recovery_scenario,iperf_tcp,30,4,,twin_core,457809,0.0,66973696,3453,847,4300,0,0.0
2026-04-25T09:23:59.823453+00:00,recovery_scenario,iperf_tcp,30,4,,ryu_controller,457802,28.5,59977728,6102,35383,41485,24,227.8768
2026-04-25T09:23:59.925292+00:00,recovery_scenario,iperf_tcp,30,4,,twin_core,457809,0.0,66973696,3453,847,4300,0,0.0
2026-04-25T09:23:59.925292+00:00,recovery_scenario,iperf_tcp,30,4,,ryu_controller,457802,9.8,59977728,6138,35383,41521,36,353.4693
2026-04-25T09:24:00.026879+00:00,recovery_scenario,iperf_tcp,30,4,,twin_core,457809,0.0,66973696,3453,847,4300,0,0.0
2026-04-25T09:24:00.026879+00:00,recovery_scenario,iperf_tcp,30,4,,ryu_controller,457802,19.7,59977728,6167,35383,41550,29,285.698
2026-04-25T09:24:00.127357+00:00,recovery_scenario,iperf_tcp,30,4,,twin_core,457809,0.0,66973696,3453,847,4300,0,0.0
2026-04-25T09:24:00.127357+00:00,recovery_scenario,iperf_tcp,30,4,,ryu_controller,457802,10.0,59977728,6185,35383,41568,18,179.1494
2026-04-25T09:24:00.230461+00:00,recovery_scenario,iperf_tcp,30,4,,twin_core,457809,0.0,66973696,3453,847,4300,0,0.0
2026-04-25T09:24:00.230461+00:00,recovery_scenario,iperf_tcp,30,4,,ryu_controller,457802,19.4,59977728,6204,35383,41587,19,183.9977
2026-04-25T09:24:00.332261+00:00,recovery_scenario,iperf_tcp,30,4,,twin_core,457809,9.8,66973696,3453,847,4300,0,0.0
2026-04-25T09:24:00.332261+00:00,recovery_scenario,iperf_tcp,30,4,,ryu_controller,457802,29.5,59977728,6255,35383,41638,51,502.1849
2026-04-25T09:24:00.432718+00:00,recovery_scenario,iperf_tcp,30,4,,twin_core,457809,0.0,66973696,3461,847,4308,8,79.4879
2026-04-25T09:24:00.432718+00:00,recovery_scenario,iperf_tcp,30,4,,ryu_controller,457802,29.8,59977728,6293,35383,41676,38,377.241
2026-04-25T09:24:00.533446+00:00,recovery_scenario,iperf_tcp,30,4,,twin_core,457809,9.9,66973696,3464,847,4311,3,29.7955
2026-04-25T09:24:00.533446+00:00,recovery_scenario,iperf_tcp,30,4,,ryu_controller,457802,19.9,59977728,6329,35383,41712,36,357.7178
2026-04-25T09:24:00.634162+00:00,recovery_scenario,iperf_tcp,30,4,,twin_core,457809,0.0,66973696,3467,847,4314,3,29.8072
2026-04-25T09:24:00.634162+00:00,recovery_scenario,iperf_tcp,30,4,,ryu_controller,457802,19.9,59977728,6348,35383,41731,19,188.8072
2026-04-25T09:24:00.735851+00:00,recovery_scenario,iperf_tcp,30,4,,twin_core,457809,0.0,66973696,3467,847,4314,0,0.0
2026-04-25T09:24:00.735851+00:00,recovery_scenario,iperf_tcp,30,4,,ryu_controller,457802,0.0,59977728,6358,35383,41741,10,98.3031
2026-04-25T09:24:00.836389+00:00,recovery_scenario,iperf_tcp,30,4,,twin_core,457809,0.0,66973696,3470,847,4317,3,29.8492
2026-04-25T09:24:00.836389+00:00,recovery_scenario,iperf_tcp,30,4,,ryu_controller,457802,10.0,59977728,6370,35383,41753,12,119.4141
2026-04-25T09:24:00.936878+00:00,recovery_scenario,iperf_tcp,30,4,,twin_core,457809,0.0,66973696,3473,847,4320,3,29.8684
2026-04-25T09:24:00.936878+00:00,recovery_scenario,iperf_tcp,30,4,,ryu_controller,457802,10.0,59977728,6393,35383,41776,23,229.0224
2026-04-25T09:24:01.037310+00:00,recovery_scenario,iperf_tcp,30,4,,twin_core,457809,0.0,66973696,3473,847,4320,0,0.0
2026-04-25T09:24:01.037310+00:00,recovery_scenario,iperf_tcp,30,4,,ryu_controller,457802,39.8,59977728,6424,35383,41807,31,308.3071
2026-04-25T09:24:01.138787+00:00,recovery_scenario,iperf_tcp,30,4,,twin_core,457809,0.0,66973696,3482,847,4329,9,88.7003
2026-04-25T09:24:01.138787+00:00,recovery_scenario,iperf_tcp,30,4,,ryu_controller,457802,19.7,59977728,6439,35383,41822,15,147.8734
2026-04-25T09:24:01.239546+00:00,recovery_scenario,iperf_tcp,30,4,,twin_core,457809,0.0,66973696,3485,847,4332,3,29.7703
2026-04-25T09:24:01.239546+00:00,recovery_scenario,iperf_tcp,30,4,,ryu_controller,457802,9.9,59977728,6459,35383,41842,20,198.4898
2026-04-25T09:24:01.341208+00:00,recovery_scenario,iperf_tcp,30,4,,twin_core,457809,0.0,66973696,3488,847,4335,3,29.5118
2026-04-25T09:24:01.341208+00:00,recovery_scenario,iperf_tcp,30,4,,ryu_controller,457802,9.8,59977728,6473,35383,41856,14,137.715
2026-04-25T09:24:01.442172+00:00,recovery_scenario,iperf_tcp,30,4,,twin_core,457809,0.0,66973696,3491,847,4338,3,29.7068
2026-04-25T09:24:01.442172+00:00,recovery_scenario,iperf_tcp,30,4,,ryu_controller,457802,0.0,59977728,6486,35383,41869,13,128.4055
2026-04-25T09:24:01.543004+00:00,recovery_scenario,iperf_tcp,30,4,,twin_core,457809,0.0,66973696,3500,847,4347,9,89.2529
2026-04-25T09:24:01.543004+00:00,recovery_scenario,iperf_tcp,30,4,,ryu_controller,457802,9.9,59977728,6500,35383,41883,14,139.1708
2026-04-25T09:24:01.643617+00:00,recovery_scenario,iperf_tcp,30,4,,twin_core,457809,0.0,66973696,3507,847,4354,7,69.6238
2026-04-25T09:24:01.643617+00:00,recovery_scenario,iperf_tcp,30,4,,ryu_controller,457802,9.9,59977728,6518,35383,41901,18,179.0165
2026-04-25T09:24:01.744089+00:00,recovery_scenario,iperf_tcp,30,4,,twin_core,457809,0.0,66973696,3510,847,4357,3,29.858
2026-04-25T09:24:01.744089+00:00,recovery_scenario,iperf_tcp,30,4,,ryu_controller,457802,10.0,59977728,6532,35383,41915,14,139.3859
2026-04-25T09:24:01.844544+00:00,recovery_scenario,iperf_tcp,30,4,,twin_core,457809,9.9,66973696,3513,847,4360,3,29.8206
2026-04-25T09:24:01.844544+00:00,recovery_scenario,iperf_tcp,30,4,,ryu_controller,457802,0.0,59977728,6544,35383,41927,12,119.1828
2026-04-25T09:24:01.945245+00:00,recovery_scenario,iperf_tcp,30,4,,twin_core,457809,0.0,66973696,3516,847,4363,3,29.8341
2026-04-25T09:24:01.945245+00:00,recovery_scenario,iperf_tcp,30,4,,ryu_controller,457802,19.9,59977728,6566,35383,41949,22,218.9633
2026-04-25T09:24:02.045742+00:00,recovery_scenario,iperf_tcp,30,4,,twin_core,457809,0.0,66973696,3519,847,4366,3,29.8536
2026-04-25T09:24:02.045742+00:00,recovery_scenario,iperf_tcp,30,4,,ryu_controller,457802,10.0,59977728,6584,35383,41967,18,179.1161
2026-04-25T09:24:02.146195+00:00,recovery_scenario,iperf_tcp,30,4,,twin_core,457809,0.0,66973696,3528,847,4375,9,89.5721
2026-04-25T09:24:02.146195+00:00,recovery_scenario,iperf_tcp,30,4,,ryu_controller,457802,0.0,59977728,6594,35383,41977,10,99.5208
2026-04-25T09:24:02.246696+00:00,recovery_scenario,iperf_tcp,30,4,,twin_core,457809,0.0,66973696,3533,847,4380,5,49.7689
2026-04-25T09:24:02.246696+00:00,recovery_scenario,iperf_tcp,30,4,,ryu_controller,457802,19.9,59977728,6616,35383,41999,22,219.0179
2026-04-25T09:24:02.347122+00:00,recovery_scenario,iperf_tcp,30,4,,twin_core,457809,0.0,66973696,3536,847,4383,3,29.877
2026-04-25T09:24:02.347122+00:00,recovery_scenario,iperf_tcp,30,4,,ryu_controller,457802,10.0,59977728,6634,35383,42017,18,179.2724
2026-04-25T09:24:02.448919+00:00,recovery_scenario,iperf_tcp,30,4,,twin_core,457809,9.8,67010560,3539,847,4386,3,29.4462
2026-04-25T09:24:02.448919+00:00,recovery_scenario,iperf_tcp,30,4,,ryu_controller,457802,58.8,59977728,6683,35383,42066,49,479.9611
2026-04-25T09:24:02.549885+00:00,recovery_scenario,iperf_tcp,30,4,,twin_core,457809,9.9,67010560,3551,847,4398,12,118.8956
2026-04-25T09:24:02.549885+00:00,recovery_scenario,iperf_tcp,30,4,,ryu_controller,457802,0.0,59977728,6686,35383,42069,3,29.7791
2026-04-25T09:24:02.650426+00:00,recovery_scenario,iperf_tcp,30,4,,twin_core,457809,0.0,67010560,3554,847,4401,3,29.7722
2026-04-25T09:24:02.650426+00:00,recovery_scenario,iperf_tcp,30,4,,ryu_controller,457802,19.8,59977728,6709,35383,42092,23,228.1729
2026-04-25T09:24:02.751164+00:00,recovery_scenario,iperf_tcp,30,4,,twin_core,457809,0.0,67010560,3557,847,4404,3,29.8395
2026-04-25T09:24:02.751164+00:00,recovery_scenario,iperf_tcp,30,4,,ryu_controller,457802,9.9,59977728,6722,35383,42105,13,129.3458
2026-04-25T09:24:02.851641+00:00,recovery_scenario,iperf_tcp,30,4,,twin_core,457809,0.0,67010560,3559,847,4406,2,19.9161
2026-04-25T09:24:02.851641+00:00,recovery_scenario,iperf_tcp,30,4,,ryu_controller,457802,0.0,59977728,6727,35383,42110,5,49.7945
2026-04-25T09:24:02.952085+00:00,recovery_scenario,iperf_tcp,30,4,,twin_core,457809,0.0,67010560,3565,847,4412,6,59.7345
2026-04-25T09:24:02.952085+00:00,recovery_scenario,iperf_tcp,30,4,,ryu_controller,457802,0.0,59977728,6739,35383,42122,12,119.4683
2026-04-25T09:24:03.052512+00:00,recovery_scenario,iperf_tcp,30,4,,twin_core,457809,9.9,67010560,3573,847,4420,8,79.5337
2026-04-25T09:24:03.052512+00:00,recovery_scenario,iperf_tcp,30,4,,ryu_controller,457802,79.5,59977728,6778,35384,42162,40,397.6213
2026-04-25T09:24:03.153149+00:00,recovery_scenario,iperf_tcp,30,4,,twin_core,457809,0.0,67010560,3576,847,4423,3,29.8586
2026-04-25T09:24:03.153149+00:00,recovery_scenario,iperf_tcp,30,4,,ryu_controller,457802,29.9,59977728,6806,35384,42190,28,278.74
2026-04-25T09:24:03.254071+00:00,recovery_scenario,iperf_tcp,30,4,,twin_core,457809,0.0,67010560,3579,847,4426,3,29.7044
2026-04-25T09:24:03.254071+00:00,recovery_scenario,iperf_tcp,30,4,,ryu_controller,457802,9.9,59977728,6825,35384,42209,19,188.0735
2026-04-25T09:24:03.354703+00:00,recovery_scenario,iperf_tcp,30,4,,twin_core,457809,0.0,67010560,3585,847,4432,6,59.6662
2026-04-25T09:24:03.354703+00:00,recovery_scenario,iperf_tcp,30,4,,ryu_controller,457802,9.9,59977728,6845,35384,42229,20,198.9535
2026-04-25T09:24:03.455112+00:00,recovery_scenario,iperf_tcp,30,4,,twin_core,457809,0.0,67010560,3594,847,4441,9,89.5972
2026-04-25T09:24:03.455112+00:00,recovery_scenario,iperf_tcp,30,4,,ryu_controller,457802,0.0,59977728,6874,35384,42258,29,288.3796
2026-04-25T09:24:03.557172+00:00,recovery_scenario,iperf_tcp,30,4,,twin_core,457809,0.0,67010560,3597,847,4444,3,29.3955
2026-04-25T09:24:03.557172+00:00,recovery_scenario,iperf_tcp,30,4,,ryu_controller,457802,19.6,59977728,6891,35384,42275,17,166.7343
2026-04-25T09:24:03.657670+00:00,recovery_scenario,iperf_tcp,30,4,,twin_core,457809,0.0,67010560,3600,847,4447,3,29.8591
2026-04-25T09:24:03.657670+00:00,recovery_scenario,iperf_tcp,30,4,,ryu_controller,457802,0.0,59977728,6902,35384,42286,11,109.4753
2026-04-25T09:24:03.759748+00:00,recovery_scenario,iperf_tcp,30,4,,twin_core,457809,0.0,67010560,3606,847,4453,6,58.7468
2026-04-25T09:24:03.759748+00:00,recovery_scenario,iperf_tcp,30,4,,ryu_controller,457802,19.6,59977728,6930,35384,42314,28,274.1361
2026-04-25T09:24:03.860257+00:00,recovery_scenario,iperf_tcp,30,4,,twin_core,457809,0.0,67010560,3609,847,4456,3,29.857
2026-04-25T09:24:03.860257+00:00,recovery_scenario,iperf_tcp,30,4,,ryu_controller,457802,0.0,59977728,6933,35384,42317,3,29.8369
2026-04-25T09:24:03.960822+00:00,recovery_scenario,iperf_tcp,30,4,,twin_core,457809,0.0,67010560,3615,847,4462,6,59.6322
2026-04-25T09:24:03.960822+00:00,recovery_scenario,iperf_tcp,30,4,,ryu_controller,457802,0.0,59977728,6935,35384,42319,2,19.8887
2026-04-25T09:24:04.061372+00:00,recovery_scenario,iperf_tcp,30,4,,twin_core,457809,0.0,67010560,3618,847,4465,3,29.8387
2026-04-25T09:24:04.061372+00:00,recovery_scenario,iperf_tcp,30,4,,ryu_controller,457802,9.9,59977728,6952,35384,42336,17,169.0816
2026-04-25T09:24:04.151277+00:00,recovery_scenario,iperf_tcp,30,4,pingall_completed,,,,,,,,,
2026-04-25T09:24:04.161910+00:00,recovery_scenario,iperf_tcp,30,4,,twin_core,457809,0.0,67010560,3629,848,4477,12,119.4346
2026-04-25T09:24:04.161910+00:00,recovery_scenario,iperf_tcp,30,4,,ryu_controller,457802,0.0,59977728,6956,35384,42340,4,39.7863
2026-04-25T09:24:04.262451+00:00,recovery_scenario,iperf_tcp,30,4,,twin_core,457809,9.9,67010560,3629,848,4477,0,0.0
2026-04-25T09:24:04.262451+00:00,recovery_scenario,iperf_tcp,30,4,,ryu_controller,457802,19.9,59977728,6977,35384,42361,21,208.899
2026-04-25T09:24:04.364468+00:00,recovery_scenario,iperf_tcp,30,4,,twin_core,457809,0.0,67010560,3629,848,4477,0,0.0
2026-04-25T09:24:04.364468+00:00,recovery_scenario,iperf_tcp,30,4,,ryu_controller,457802,0.0,59977728,6981,35384,42365,4,39.208
2026-04-25T09:24:04.465034+00:00,recovery_scenario,iperf_tcp,30,4,,twin_core,457809,0.0,67010560,3629,848,4477,0,0.0
2026-04-25T09:24:04.465034+00:00,recovery_scenario,iperf_tcp,30,4,,ryu_controller,457802,29.8,59977728,7009,35384,42393,28,278.3956
2026-04-25T09:24:04.570254+00:00,recovery_scenario,iperf_tcp,30,4,,twin_core,457809,9.5,67047424,3629,848,4477,0,0.0
2026-04-25T09:24:04.570254+00:00,recovery_scenario,iperf_tcp,30,4,,ryu_controller,457802,38.0,59977728,7035,35384,42419,26,246.6201
2026-04-25T09:24:04.674636+00:00,recovery_scenario,iperf_tcp,30,4,,twin_core,457809,0.0,67047424,3629,848,4477,0,0.0
2026-04-25T09:24:04.674636+00:00,recovery_scenario,iperf_tcp,30,4,,ryu_controller,457802,0.0,59977728,7040,35384,42424,5,47.9611
2026-04-25T09:24:04.782178+00:00,recovery_scenario,iperf_tcp,30,4,,twin_core,457809,0.0,67047424,3629,848,4477,0,0.0
2026-04-25T09:24:04.782178+00:00,recovery_scenario,iperf_tcp,30,4,,ryu_controller,457802,9.3,59977728,7050,35384,42434,10,93.0553
2026-04-25T09:24:04.892488+00:00,recovery_scenario,iperf_tcp,30,4,,twin_core,457809,9.1,67047424,3629,848,4477,0,0.0
2026-04-25T09:24:04.892488+00:00,recovery_scenario,iperf_tcp,30,4,,ryu_controller,457802,0.0,59977728,7053,35384,42437,3,27.1551
2026-04-25T09:24:05.002994+00:00,recovery_scenario,iperf_tcp,30,4,,twin_core,457809,0.0,67047424,3629,848,4477,0,0.0
2026-04-25T09:24:05.002994+00:00,recovery_scenario,iperf_tcp,30,4,,ryu_controller,457802,0.0,59977728,7055,35384,42439,2,17.9478
2026-04-25T09:24:05.105944+00:00,recovery_scenario,iperf_tcp,30,4,,twin_core,457809,0.0,67047424,3629,848,4477,0,0.0
2026-04-25T09:24:05.105944+00:00,recovery_scenario,iperf_tcp,30,4,,ryu_controller,457802,9.7,59977728,7060,35384,42444,5,48.2545
2026-04-25T09:24:05.208383+00:00,recovery_scenario,iperf_tcp,30,4,,twin_core,457809,0.0,67047424,3634,848,4482,5,49.429
2026-04-25T09:24:05.208383+00:00,recovery_scenario,iperf_tcp,30,4,,ryu_controller,457802,89.3,59977728,7106,35386,42492,48,476.9855
2026-04-25T09:24:05.308926+00:00,recovery_scenario,iperf_tcp,30,4,,twin_core,457809,0.0,67047424,3634,848,4482,0,0.0
2026-04-25T09:24:05.308926+00:00,recovery_scenario,iperf_tcp,30,4,,ryu_controller,457802,0.0,59977728,7109,35387,42496,4,39.7608
2026-04-25T09:24:05.409466+00:00,recovery_scenario,iperf_tcp,30,4,,twin_core,457809,0.0,67047424,3634,848,4482,0,0.0
2026-04-25T09:24:05.409466+00:00,recovery_scenario,iperf_tcp,30,4,,ryu_controller,457802,0.0,59977728,7113,35387,42500,4,39.7867
2026-04-25T09:24:05.509997+00:00,recovery_scenario,iperf_tcp,30,4,,twin_core,457809,0.0,67047424,3634,848,4482,0,0.0
2026-04-25T09:24:05.509997+00:00,recovery_scenario,iperf_tcp,30,4,,ryu_controller,457802,9.9,59977728,7138,35387,42525,25,248.5373
2026-04-25T09:24:05.611855+00:00,recovery_scenario,iperf_tcp,30,4,,twin_core,457809,0.0,67047424,3634,848,4482,0,0.0
2026-04-25T09:24:05.611855+00:00,recovery_scenario,iperf_tcp,30,4,,ryu_controller,457802,0.0,59977728,7163,35388,42551,26,255.05
2026-04-25T09:24:05.713161+00:00,recovery_scenario,iperf_tcp,30,4,,twin_core,457809,0.0,67047424,3634,848,4482,0,0.0
2026-04-25T09:24:05.713161+00:00,recovery_scenario,iperf_tcp,30,4,,ryu_controller,457802,0.0,59977728,7175,35391,42566,15,146.076
2026-04-25T09:24:05.815298+00:00,recovery_scenario,iperf_tcp,30,4,,twin_core,457809,0.0,67047424,3634,848,4482,0,0.0
2026-04-25T09:24:05.815298+00:00,recovery_scenario,iperf_tcp,30,4,,ryu_controller,457802,0.0,59977728,7187,35393,42580,14,136.384
2026-04-25T09:24:05.918313+00:00,recovery_scenario,iperf_tcp,30,4,,twin_core,457809,0.0,67047424,3634,848,4482,0,0.0
2026-04-25T09:24:05.918313+00:00,recovery_scenario,iperf_tcp,30,4,,ryu_controller,457802,0.0,59977728,7194,35397,42591,11,108.6766
2026-04-25T09:24:06.020162+00:00,recovery_scenario,iperf_tcp,30,4,,twin_core,457809,0.0,67047424,3634,848,4482,0,0.0
2026-04-25T09:24:06.020162+00:00,recovery_scenario,iperf_tcp,30,4,,ryu_controller,457802,9.8,59977728,7226,35405,42631,40,393.1342
2026-04-25T09:24:06.121132+00:00,recovery_scenario,iperf_tcp,30,4,,twin_core,457809,0.0,67047424,3634,848,4482,0,0.0
2026-04-25T09:24:06.121132+00:00,recovery_scenario,iperf_tcp,30,4,,ryu_controller,457802,0.0,59977728,7242,35424,42666,35,346.24
2026-04-25T09:24:06.165877+00:00,recovery_scenario,iperf_tcp,30,4,background_traffic_started,,,,,,,,,
2026-04-25T09:24:06.222434+00:00,recovery_scenario,iperf_tcp,30,4,,twin_core,457809,9.8,67047424,3644,849,4493,11,107.897
2026-04-25T09:24:06.222434+00:00,recovery_scenario,iperf_tcp,30,4,,ryu_controller,457802,29.3,59977728,7265,35528,42793,127,1231.9475
2026-04-25T09:24:06.325306+00:00,recovery_scenario,iperf_tcp,30,4,,twin_core,457809,0.0,67047424,3653,867,4520,27,264.5961
2026-04-25T09:24:06.325306+00:00,recovery_scenario,iperf_tcp,30,4,,ryu_controller,457802,39.4,59977728,7278,35729,43007,214,2100.8614
2026-04-25T09:24:06.421098+00:00,recovery_scenario,iperf_tcp,30,4,fault_injected,,,,,,,,,
2026-04-25T09:24:06.426857+00:00,recovery_scenario,iperf_tcp,30,4,,twin_core,457809,19.7,67055616,3663,883,4546,26,256.1918
2026-04-25T09:24:06.426857+00:00,recovery_scenario,iperf_tcp,30,4,,ryu_controller,457802,29.6,60035072,7288,35917,43205,198,1854.0568
2026-04-25T09:24:06.534204+00:00,recovery_scenario,iperf_tcp,30,4,,twin_core,457809,0.0,67055616,3667,883,4550,4,37.2545
2026-04-25T09:24:06.534204+00:00,recovery_scenario,iperf_tcp,30,4,,ryu_controller,457802,27.9,60035072,7288,36159,43447,242,2396.8459
2026-04-25T09:24:06.636648+00:00,recovery_scenario,iperf_tcp,30,4,,twin_core,457809,0.0,67055616,3667,883,4550,0,0.0
2026-04-25T09:24:06.636648+00:00,recovery_scenario,iperf_tcp,30,4,,ryu_controller,457802,58.6,60035072,7288,36333,43621,174,1698.604
2026-04-25T09:24:06.739725+00:00,recovery_scenario,iperf_tcp,30,4,,twin_core,457809,0.0,67055616,3667,883,4550,0,0.0
2026-04-25T09:24:06.739725+00:00,recovery_scenario,iperf_tcp,30,4,,ryu_controller,457802,48.5,60035072,7288,36486,43774,153,1484.1008
2026-04-25T09:24:06.840125+00:00,recovery_scenario,iperf_tcp,30,4,,twin_core,457809,0.0,67055616,3667,883,4550,0,0.0
2026-04-25T09:24:06.840125+00:00,recovery_scenario,iperf_tcp,30,4,,ryu_controller,457802,79.6,60035072,7288,36878,44166,392,3893.2686
2026-04-25T09:24:06.940846+00:00,recovery_scenario,iperf_tcp,30,4,,twin_core,457809,0.0,67055616,3668,883,4551,1,9.9284
2026-04-25T09:24:06.940846+00:00,recovery_scenario,iperf_tcp,30,4,,ryu_controller,457802,79.6,60035072,7288,37282,44570,404,4022.7048
2026-04-25T09:24:07.041326+00:00,recovery_scenario,iperf_tcp,30,4,,twin_core,457809,0.0,67055616,3668,883,4551,0,0.0
2026-04-25T09:24:07.041326+00:00,recovery_scenario,iperf_tcp,30,4,,ryu_controller,457802,79.5,60035072,7288,37700,44988,418,4146.7028
2026-04-25T09:24:07.142129+00:00,recovery_scenario,iperf_tcp,30,4,,twin_core,457809,0.0,67055616,3668,883,4551,0,0.0
2026-04-25T09:24:07.142129+00:00,recovery_scenario,iperf_tcp,30,4,,ryu_controller,457802,79.4,60035072,7288,38148,45436,448,4454.222
2026-04-25T09:24:07.243635+00:00,recovery_scenario,iperf_tcp,30,4,,twin_core,457809,0.0,67055616,3668,883,4551,0,0.0
2026-04-25T09:24:07.243635+00:00,recovery_scenario,iperf_tcp,30,4,,ryu_controller,457802,78.9,60035072,7288,38476,45764,328,3233.6424
2026-04-25T09:24:07.344079+00:00,recovery_scenario,iperf_tcp,30,4,,twin_core,457809,10.0,67055616,3668,883,4551,0,0.0
2026-04-25T09:24:07.344079+00:00,recovery_scenario,iperf_tcp,30,4,,ryu_controller,457802,78.8,60035072,7288,38835,46123,359,3534.6873
2026-04-25T09:24:07.445644+00:00,recovery_scenario,iperf_tcp,30,4,,twin_core,457809,0.0,67055616,3669,884,4553,2,19.6995
2026-04-25T09:24:07.445644+00:00,recovery_scenario,iperf_tcp,30,4,,ryu_controller,457802,79.7,60043264,7288,39198,46486,363,3616.7348
2026-04-25T09:24:07.548669+00:00,recovery_scenario,iperf_tcp,30,4,,twin_core,457809,0.0,67055616,3669,884,4553,0,0.0
2026-04-25T09:24:07.548669+00:00,recovery_scenario,iperf_tcp,30,4,,ryu_controller,457802,77.3,60047360,7288,39527,46815,329,3179.747
2026-04-25T09:24:07.649507+00:00,recovery_scenario,iperf_tcp,30,4,,twin_core,457809,0.0,67055616,3669,884,4553,0,0.0
2026-04-25T09:24:07.649507+00:00,recovery_scenario,iperf_tcp,30,4,,ryu_controller,457802,69.6,60047360,7288,39777,47065,250,2485.7108
2026-04-25T09:24:07.750076+00:00,recovery_scenario,iperf_tcp,30,4,,twin_core,457809,0.0,67055616,3669,884,4553,0,0.0
2026-04-25T09:24:07.750076+00:00,recovery_scenario,iperf_tcp,30,4,,ryu_controller,457802,79.3,60051456,7288,39994,47282,217,2148.3566
2026-04-25T09:24:07.851072+00:00,recovery_scenario,iperf_tcp,30,4,,twin_core,457809,0.0,67055616,3669,884,4553,0,0.0
2026-04-25T09:24:07.851072+00:00,recovery_scenario,iperf_tcp,30,4,,ryu_controller,457802,69.6,60051456,7288,40246,47534,252,2509.5805
2026-04-25T09:24:07.951475+00:00,recovery_scenario,iperf_tcp,30,4,,twin_core,457809,0.0,67055616,3670,887,4557,4,39.7669
2026-04-25T09:24:07.951475+00:00,recovery_scenario,iperf_tcp,30,4,,ryu_controller,457802,79.5,60051456,7288,40490,47778,244,2424.4316
2026-04-25T09:24:08.054712+00:00,recovery_scenario,iperf_tcp,30,4,,twin_core,457809,0.0,67055616,3670,887,4557,0,0.0
2026-04-25T09:24:08.054712+00:00,recovery_scenario,iperf_tcp,30,4,,ryu_controller,457802,77.6,60051456,7288,40699,47987,209,2028.2094
2026-04-25T09:24:08.155182+00:00,recovery_scenario,iperf_tcp,30,4,,twin_core,457809,0.0,67055616,3670,887,4557,0,0.0
2026-04-25T09:24:08.155182+00:00,recovery_scenario,iperf_tcp,30,4,,ryu_controller,457802,69.6,60055552,7288,40964,48252,265,2632.2297
2026-04-25T09:24:08.256675+00:00,recovery_scenario,iperf_tcp,30,4,,twin_core,457809,0.0,67055616,3670,887,4557,0,0.0
2026-04-25T09:24:08.256675+00:00,recovery_scenario,iperf_tcp,30,4,,ryu_controller,457802,78.9,60059648,7288,41242,48530,278,2746.0152
2026-04-25T09:24:08.357077+00:00,recovery_scenario,iperf_tcp,30,4,,twin_core,457809,0.0,67055616,3670,887,4557,0,0.0
2026-04-25T09:24:08.357077+00:00,recovery_scenario,iperf_tcp,30,4,,ryu_controller,457802,79.7,60059648,7288,41511,48799,269,2679.617
2026-04-25T09:24:08.457519+00:00,recovery_scenario,iperf_tcp,30,4,,twin_core,457809,0.0,67055616,3671,887,4558,1,9.9379
2026-04-25T09:24:08.457519+00:00,recovery_scenario,iperf_tcp,30,4,,ryu_controller,457802,69.6,60059648,7288,41772,49060,261,2593.1622
2026-04-25T09:24:08.558709+00:00,recovery_scenario,iperf_tcp,30,4,,twin_core,457809,0.0,67055616,3671,887,4558,0,0.0
2026-04-25T09:24:08.558709+00:00,recovery_scenario,iperf_tcp,30,4,,ryu_controller,457802,89.1,60059648,7288,42034,49322,262,2594.2654
2026-04-25T09:24:08.659126+00:00,recovery_scenario,iperf_tcp,30,4,,twin_core,457809,0.0,67055616,3671,887,4558,0,0.0
2026-04-25T09:24:08.659126+00:00,recovery_scenario,iperf_tcp,30,4,,ryu_controller,457802,69.7,60059648,7288,42277,49565,243,2419.4446
2026-04-25T09:24:08.759890+00:00,recovery_scenario,iperf_tcp,30,4,,twin_core,457809,0.0,67055616,3671,887,4558,0,0.0
2026-04-25T09:24:08.759890+00:00,recovery_scenario,iperf_tcp,30,4,,ryu_controller,457802,79.4,60059648,7288,42419,49707,142,1408.5837
2026-04-25T09:24:08.860353+00:00,recovery_scenario,iperf_tcp,30,4,,twin_core,457809,0.0,67055616,3671,887,4558,0,0.0
2026-04-25T09:24:08.860353+00:00,recovery_scenario,iperf_tcp,30,4,,ryu_controller,457802,69.6,60059648,7288,42553,49841,134,1332.214
2026-04-25T09:24:08.963646+00:00,recovery_scenario,iperf_tcp,30,4,,twin_core,457809,0.0,67055616,3672,887,4559,1,9.6832
2026-04-25T09:24:08.963646+00:00,recovery_scenario,iperf_tcp,30,4,,ryu_controller,457802,58.2,60059648,7288,42679,49967,126,1222.0377
2026-04-25T09:24:09.064040+00:00,recovery_scenario,iperf_tcp,30,4,,twin_core,457809,0.0,67055616,3672,887,4559,0,0.0
2026-04-25T09:24:09.064040+00:00,recovery_scenario,iperf_tcp,30,4,,ryu_controller,457802,69.7,60059648,7288,42840,50128,161,1602.4714
2026-04-25T09:24:09.164555+00:00,recovery_scenario,iperf_tcp,30,4,,twin_core,457809,9.9,67055616,3672,887,4559,0,0.0
2026-04-25T09:24:09.164555+00:00,recovery_scenario,iperf_tcp,30,4,,ryu_controller,457802,69.6,60059648,7295,42905,50200,72,716.3426
2026-04-25T09:24:09.265028+00:00,recovery_scenario,iperf_tcp,30,4,,twin_core,457809,0.0,67055616,3672,887,4559,0,0.0
2026-04-25T09:24:09.265028+00:00,recovery_scenario,iperf_tcp,30,4,,ryu_controller,457802,10.0,60059648,7317,42916,50233,33,328.6174
2026-04-25T09:24:09.365901+00:00,recovery_scenario,iperf_tcp,30,4,,twin_core,457809,0.0,67055616,3672,887,4559,0,0.0
2026-04-25T09:24:09.365901+00:00,recovery_scenario,iperf_tcp,30,4,,ryu_controller,457802,0.0,60059648,7323,42919,50242,9,89.1906
2026-04-25T09:24:09.468705+00:00,recovery_scenario,iperf_tcp,30,4,,twin_core,457809,9.7,67055616,3679,887,4566,7,68.1121
2026-04-25T09:24:09.468705+00:00,recovery_scenario,iperf_tcp,30,4,,ryu_controller,457802,19.5,60059648,7332,43040,50372,130,1264.9609
2026-04-25T09:24:09.569112+00:00,recovery_scenario,iperf_tcp,30,4,,twin_core,457809,0.0,67055616,3696,944,4640,74,736.7281
2026-04-25T09:24:09.569112+00:00,recovery_scenario,iperf_tcp,30,4,,ryu_controller,457802,69.1,60059648,7353,43628,50981,609,6010.3318
2026-04-25T09:24:09.603500+00:00,recovery_scenario,iperf_tcp,30,4,recovery_requested,,,,,,,,,
2026-04-25T09:24:09.671407+00:00,recovery_scenario,iperf_tcp,30,4,,twin_core,457809,19.5,67055616,3706,976,4682,42,409.9165
2026-04-25T09:24:09.671407+00:00,recovery_scenario,iperf_tcp,30,4,,ryu_controller,457802,29.5,60059648,7363,43910,51273,292,2873.2234
2026-04-25T09:24:09.772168+00:00,recovery_scenario,iperf_tcp,30,4,,twin_core,457809,0.0,67055616,3706,976,4682,0,0.0
2026-04-25T09:24:09.772168+00:00,recovery_scenario,iperf_tcp,30,4,,ryu_controller,457802,29.8,60059648,7380,44105,51485,212,2108.3325
2026-04-25T09:24:09.873725+00:00,recovery_scenario,iperf_tcp,30,4,,twin_core,457809,0.0,67055616,3706,976,4682,0,0.0
2026-04-25T09:24:09.873725+00:00,recovery_scenario,iperf_tcp,30,4,,ryu_controller,457802,39.4,60059648,7387,44419,51806,321,3162.3065
2026-04-25T09:24:09.974135+00:00,recovery_scenario,iperf_tcp,30,4,,twin_core,457809,0.0,67055616,3706,976,4682,0,0.0
2026-04-25T09:24:09.974135+00:00,recovery_scenario,iperf_tcp,30,4,,ryu_controller,457802,69.7,60059648,7387,44858,52245,439,4373.3075
2026-04-25T09:24:10.074524+00:00,recovery_scenario,iperf_tcp,30,4,,twin_core,457809,0.0,67055616,3706,976,4682,0,0.0
2026-04-25T09:24:10.074524+00:00,recovery_scenario,iperf_tcp,30,4,,ryu_controller,457802,87.8,60059648,7387,45349,52736,491,4788.7753
2026-04-25T09:24:10.177061+00:00,recovery_scenario,iperf_tcp,30,4,,twin_core,457809,0.0,67055616,3707,979,4686,4,39.8259
2026-04-25T09:24:10.177061+00:00,recovery_scenario,iperf_tcp,30,4,,ryu_controller,457802,69.7,60059648,7387,45908,53295,559,5565.2358
2026-04-25T09:24:10.277500+00:00,recovery_scenario,iperf_tcp,30,4,,twin_core,457809,0.0,67055616,3707,979,4686,0,0.0
2026-04-25T09:24:10.277500+00:00,recovery_scenario,iperf_tcp,30,4,,ryu_controller,457802,99.5,60059648,7387,46243,53630,335,3332.9692
2026-04-25T09:24:10.378041+00:00,recovery_scenario,iperf_tcp,30,4,,twin_core,457809,0.0,67055616,3707,979,4686,0,0.0
2026-04-25T09:24:10.378041+00:00,recovery_scenario,iperf_tcp,30,4,,ryu_controller,457802,89.6,60059648,7387,46543,53930,300,2987.3479
2026-04-25T09:24:10.478427+00:00,recovery_scenario,iperf_tcp,30,4,,twin_core,457809,0.0,67055616,3707,979,4686,0,0.0
2026-04-25T09:24:10.478427+00:00,recovery_scenario,iperf_tcp,30,4,,ryu_controller,457802,89.3,60059648,7387,46730,54117,187,1854.5382
2026-04-25T09:24:10.581658+00:00,recovery_scenario,iperf_tcp,30,4,,twin_core,457809,0.0,67055616,3707,979,4686,0,0.0
2026-04-25T09:24:10.581658+00:00,recovery_scenario,iperf_tcp,30,4,,ryu_controller,457802,77.8,60059648,7387,46858,54245,128,1245.2692
2026-04-25T09:24:10.682208+00:00,recovery_scenario,iperf_tcp,30,4,,twin_core,457809,0.0,67055616,3708,980,4688,2,19.8795
2026-04-25T09:24:10.682208+00:00,recovery_scenario,iperf_tcp,30,4,,ryu_controller,457802,69.4,60059648,7387,46977,54364,119,1179.5752
2026-04-25T09:24:10.782963+00:00,recovery_scenario,iperf_tcp,30,4,,twin_core,457809,0.0,67055616,3708,980,4688,0,0.0
2026-04-25T09:24:10.782963+00:00,recovery_scenario,iperf_tcp,30,4,,ryu_controller,457802,59.7,60059648,7387,47071,54458,94,936.0699
2026-04-25T09:24:10.883556+00:00,recovery_scenario,iperf_tcp,30,4,,twin_core,457809,0.0,67055616,3708,980,4688,0,0.0
2026-04-25T09:24:10.883556+00:00,recovery_scenario,iperf_tcp,30,4,,ryu_controller,457802,59.4,60059648,7387,47183,54570,112,1107.7933
2026-04-25T09:24:10.984492+00:00,recovery_scenario,iperf_tcp,30,4,,twin_core,457809,0.0,67055616,3708,980,4688,0,0.0
2026-04-25T09:24:10.984492+00:00,recovery_scenario,iperf_tcp,30,4,,ryu_controller,457802,68.8,60059648,7387,47328,54715,145,1425.1895
2026-04-25T09:24:11.086803+00:00,recovery_scenario,iperf_tcp,30,4,,twin_core,457809,0.0,67055616,3708,980,4688,0,0.0
2026-04-25T09:24:11.086803+00:00,recovery_scenario,iperf_tcp,30,4,,ryu_controller,457802,69.2,60059648,7387,47430,54817,102,1009.6858
2026-04-25T09:24:11.187247+00:00,recovery_scenario,iperf_tcp,30,4,,twin_core,457809,0.0,67055616,3709,986,4695,7,69.7061
2026-04-25T09:24:11.187247+00:00,recovery_scenario,iperf_tcp,30,4,,ryu_controller,457802,79.7,60059648,7387,47616,55003,186,1851.8668
2026-04-25T09:24:11.290659+00:00,recovery_scenario,iperf_tcp,30,4,,twin_core,457809,9.7,67055616,3709,986,4695,0,0.0
2026-04-25T09:24:11.290659+00:00,recovery_scenario,iperf_tcp,30,4,,ryu_controller,457802,77.4,60059648,7387,47716,55103,100,966.902
2026-04-25T09:24:11.391125+00:00,recovery_scenario,iperf_tcp,30,4,,twin_core,457809,0.0,67055616,3709,986,4695,0,0.0
2026-04-25T09:24:11.391125+00:00,recovery_scenario,iperf_tcp,30,4,,ryu_controller,457802,69.6,60059648,7387,47859,55246,143,1422.2561
2026-04-25T09:24:11.491725+00:00,recovery_scenario,iperf_tcp,30,4,,twin_core,457809,0.0,67055616,3709,986,4695,0,0.0
2026-04-25T09:24:11.491725+00:00,recovery_scenario,iperf_tcp,30,4,,ryu_controller,457802,59.6,60059648,7387,48133,55520,274,2718.5568
2026-04-25T09:24:11.592406+00:00,recovery_scenario,iperf_tcp,30,4,,twin_core,457809,0.0,67055616,3709,986,4695,0,0.0
2026-04-25T09:24:11.592406+00:00,recovery_scenario,iperf_tcp,30,4,,ryu_controller,457802,69.5,60059648,7387,48516,55903,383,3809.6256
2026-04-25T09:24:11.710399+00:00,recovery_scenario,iperf_tcp,30,4,,twin_core,457809,8.2,67055616,3710,989,4699,4,32.7941
2026-04-25T09:24:11.710399+00:00,recovery_scenario,iperf_tcp,30,4,,ryu_controller,457802,65.6,60059648,7387,48832,56219,316,2525.6836
2026-04-25T09:24:11.847184+00:00,recovery_scenario,iperf_tcp,30,4,,twin_core,457809,7.3,67055616,3710,989,4699,0,0.0
2026-04-25T09:24:11.847184+00:00,recovery_scenario,iperf_tcp,30,4,,ryu_controller,457802,28.7,60059648,7387,48848,56235,16,117.4999
2026-04-25T09:24:11.955809+00:00,recovery_scenario,iperf_tcp,30,4,,twin_core,457809,0.0,67055616,3710,989,4699,0,0.0
2026-04-25T09:24:11.955809+00:00,recovery_scenario,iperf_tcp,30,4,,ryu_controller,457802,56.9,60059648,7387,48964,56351,116,1096.2312
2026-04-25T09:24:12.061144+00:00,recovery_scenario,iperf_tcp,30,4,,twin_core,457809,9.5,67055616,3710,989,4699,0,0.0
2026-04-25T09:24:12.061144+00:00,recovery_scenario,iperf_tcp,30,4,,ryu_controller,457802,78.2,60059648,7387,49027,56414,63,617.6371
2026-04-25T09:24:12.162077+00:00,recovery_scenario,iperf_tcp,30,4,,twin_core,457809,0.0,67055616,3711,989,4700,1,9.9191
2026-04-25T09:24:12.162077+00:00,recovery_scenario,iperf_tcp,30,4,,ryu_controller,457802,69.5,60059648,7387,49149,56536,122,1213.761
2026-04-25T09:24:12.262563+00:00,recovery_scenario,iperf_tcp,30,4,,twin_core,457809,0.0,67055616,3711,989,4700,0,0.0
2026-04-25T09:24:12.262563+00:00,recovery_scenario,iperf_tcp,30,4,,ryu_controller,457802,59.4,60059648,7387,49354,56741,205,2027.7776
2026-04-25T09:24:12.363766+00:00,recovery_scenario,iperf_tcp,30,4,,twin_core,457809,0.0,67055616,3711,989,4700,0,0.0
2026-04-25T09:24:12.363766+00:00,recovery_scenario,iperf_tcp,30,4,,ryu_controller,457802,59.7,60059648,7387,49706,57093,352,3502.2951
2026-04-25T09:24:12.464168+00:00,recovery_scenario,iperf_tcp,30,4,,twin_core,457809,0.0,67055616,3711,989,4700,0,0.0
2026-04-25T09:24:12.464168+00:00,recovery_scenario,iperf_tcp,30,4,,ryu_controller,457802,79.7,60059648,7387,49976,57363,270,2673.5877
2026-04-25T09:24:12.565254+00:00,recovery_scenario,iperf_tcp,30,4,,twin_core,457809,0.0,67055616,3711,989,4700,0,0.0
2026-04-25T09:24:12.565254+00:00,recovery_scenario,iperf_tcp,30,4,,ryu_controller,457802,78.9,60067840,7387,50292,57679,316,3132.3886
2026-04-25T09:24:12.666053+00:00,recovery_scenario,iperf_tcp,30,4,,twin_core,457809,0.0,67055616,3712,989,4701,1,9.9475
2026-04-25T09:24:12.666053+00:00,recovery_scenario,iperf_tcp,30,4,,ryu_controller,457802,79.6,60088320,7387,50646,58033,354,3519.9808
2026-04-25T09:24:12.766726+00:00,recovery_scenario,iperf_tcp,30,4,,twin_core,457809,0.0,67055616,3712,989,4701,0,0.0
2026-04-25T09:24:12.766726+00:00,recovery_scenario,iperf_tcp,30,4,,ryu_controller,457802,69.6,60092416,7387,51042,58429,396,3939.143
2026-04-25T09:24:12.867689+00:00,recovery_scenario,iperf_tcp,30,4,,twin_core,457809,0.0,67055616,3712,989,4701,0,0.0
2026-04-25T09:24:12.867689+00:00,recovery_scenario,iperf_tcp,30,4,,ryu_controller,457802,78.9,60092416,7387,51255,58642,213,2099.6422
2026-04-25T09:24:12.969007+00:00,recovery_scenario,iperf_tcp,30,4,,twin_core,457809,0.0,67055616,3712,989,4701,0,0.0
2026-04-25T09:24:12.969007+00:00,recovery_scenario,iperf_tcp,30,4,,ryu_controller,457802,69.3,60092416,7387,51301,58688,46,455.6259
2026-04-25T09:24:13.070246+00:00,recovery_scenario,iperf_tcp,30,4,,twin_core,457809,0.0,67055616,3712,989,4701,0,0.0
2026-04-25T09:24:13.070246+00:00,recovery_scenario,iperf_tcp,30,4,,ryu_controller,457802,59.2,60092416,7387,51355,58742,54,532.7476
2026-04-25T09:24:13.171159+00:00,recovery_scenario,iperf_tcp,30,4,,twin_core,457809,0.0,67055616,3713,991,4704,3,29.768
2026-04-25T09:24:13.171159+00:00,recovery_scenario,iperf_tcp,30,4,,ryu_controller,457802,69.5,60092416,7387,51460,58847,105,1042.8221
2026-04-25T09:24:13.272140+00:00,recovery_scenario,iperf_tcp,30,4,,twin_core,457809,0.0,67055616,3713,991,4704,0,0.0
2026-04-25T09:24:13.272140+00:00,recovery_scenario,iperf_tcp,30,4,,ryu_controller,457802,59.3,60092416,7387,51558,58945,98,967.6179
2026-04-25T09:24:13.374059+00:00,recovery_scenario,iperf_tcp,30,4,,twin_core,457809,0.0,67055616,3713,991,4704,0,0.0
2026-04-25T09:24:13.374059+00:00,recovery_scenario,iperf_tcp,30,4,,ryu_controller,457802,78.5,60092416,7387,51658,59045,100,982.5377
2026-04-25T09:24:13.474705+00:00,recovery_scenario,iperf_tcp,30,4,,twin_core,457809,0.0,67055616,3713,991,4704,0,0.0
2026-04-25T09:24:13.474705+00:00,recovery_scenario,iperf_tcp,30,4,,ryu_controller,457802,79.6,60092416,7387,51701,59088,43,427.7301
2026-04-25T09:24:13.575165+00:00,recovery_scenario,iperf_tcp,30,4,,twin_core,457809,10.0,67055616,3713,991,4704,0,0.0
2026-04-25T09:24:13.575165+00:00,recovery_scenario,iperf_tcp,30,4,,ryu_controller,457802,69.7,60092416,7387,51925,59312,224,2230.9835
2026-04-25T09:24:13.675713+00:00,recovery_scenario,iperf_tcp,30,4,,twin_core,457809,0.0,67055616,3714,991,4705,1,9.915
2026-04-25T09:24:13.675713+00:00,recovery_scenario,iperf_tcp,30,4,,ryu_controller,457802,79.3,60092416,7387,52126,59513,201,1986.3226
2026-04-25T09:24:13.777132+00:00,recovery_scenario,iperf_tcp,30,4,,twin_core,457809,0.0,67055616,3714,991,4705,0,0.0
2026-04-25T09:24:13.777132+00:00,recovery_scenario,iperf_tcp,30,4,,ryu_controller,457802,58.4,60092416,7387,52214,59601,88,859.2119
2026-04-25T09:24:13.879800+00:00,recovery_scenario,iperf_tcp,30,4,,twin_core,457809,0.0,67055616,3714,991,4705,0,0.0
2026-04-25T09:24:13.879800+00:00,recovery_scenario,iperf_tcp,30,4,,ryu_controller,457802,78.5,60092416,7387,52302,59689,88,862.9928
2026-04-25T09:24:13.982910+00:00,recovery_scenario,iperf_tcp,30,4,,twin_core,457809,0.0,67055616,3714,991,4705,0,0.0
2026-04-25T09:24:13.982910+00:00,recovery_scenario,iperf_tcp,30,4,,ryu_controller,457802,58.6,60092416,7387,52409,59796,107,1045.0352
2026-04-25T09:24:14.084723+00:00,recovery_scenario,iperf_tcp,30,4,,twin_core,457809,0.0,67055616,3714,991,4705,0,0.0
2026-04-25T09:24:14.084723+00:00,recovery_scenario,iperf_tcp,30,4,,ryu_controller,457802,77.8,60092416,7387,52673,60060,264,2566.1729
2026-04-25T09:24:14.191121+00:00,recovery_scenario,iperf_tcp,30,4,,twin_core,457809,0.0,67055616,3715,991,4706,1,9.3657
2026-04-25T09:24:14.191121+00:00,recovery_scenario,iperf_tcp,30,4,,ryu_controller,457802,74.9,60092416,7387,52916,60303,243,2277.2601
2026-04-25T09:24:14.293537+00:00,recovery_scenario,iperf_tcp,30,4,,twin_core,457809,9.8,67055616,3715,991,4706,0,0.0
2026-04-25T09:24:14.293537+00:00,recovery_scenario,iperf_tcp,30,4,,ryu_controller,457802,78.8,60092416,7387,53176,60563,260,2563.411
2026-04-25T09:24:14.394884+00:00,recovery_scenario,iperf_tcp,30,4,,twin_core,457809,0.0,67055616,3715,991,4706,0,0.0
2026-04-25T09:24:14.394884+00:00,recovery_scenario,iperf_tcp,30,4,,ryu_controller,457802,59.3,60092416,7387,53369,60756,193,1908.8157
2026-04-25T09:24:14.496786+00:00,recovery_scenario,iperf_tcp,30,4,,twin_core,457809,0.0,67055616,3715,991,4706,0,0.0
2026-04-25T09:24:14.496786+00:00,recovery_scenario,iperf_tcp,30,4,,ryu_controller,457802,68.8,60092416,7387,53558,60945,189,1856.1299
2026-04-25T09:24:14.597991+00:00,recovery_scenario,iperf_tcp,30,4,,twin_core,457809,0.0,67072000,3715,991,4706,0,0.0
2026-04-25T09:24:14.597991+00:00,recovery_scenario,iperf_tcp,30,4,,ryu_controller,457802,48.9,60092416,7401,53716,61117,172,1684.0906
2026-04-25T09:24:14.702119+00:00,recovery_scenario,iperf_tcp,30,4,,twin_core,457809,19.2,67072000,3740,1028,4768,62,600.0144
2026-04-25T09:24:14.702119+00:00,recovery_scenario,iperf_tcp,30,4,,ryu_controller,457802,48.4,60092416,7428,53884,61312,195,1885.1786
2026-04-25T09:24:14.715037+00:00,recovery_scenario,iperf_tcp,30,4,scenario_teardown,,,,,,,,,
2026-04-25T09:24:14.803276+00:00,recovery_scenario,iperf_tcp,30,4,,twin_core,457809,9.9,67072000,3758,1044,4802,34,337.3297
2026-04-25T09:24:14.803276+00:00,recovery_scenario,iperf_tcp,30,4,,ryu_controller,457802,19.8,60092416,7466,53915,61381,69,685.2029
2026-04-25T09:24:14.903822+00:00,recovery_scenario,iperf_tcp,30,4,,twin_core,457809,0.0,67072000,3783,1048,4831,29,288.4421
2026-04-25T09:24:14.903822+00:00,recovery_scenario,iperf_tcp,30,4,,ryu_controller,457802,9.9,60092416,7474,53927,61401,20,199.0274
2026-04-25T09:24:15.004273+00:00,recovery_scenario,iperf_tcp,30,4,,twin_core,457809,0.0,67072000,3799,1049,4848,17,169.2436
2026-04-25T09:24:15.004273+00:00,recovery_scenario,iperf_tcp,30,4,,ryu_controller,457802,10.0,60092416,7482,53935,61417,16,159.3076
2026-04-25T09:24:15.539417+00:00,recovery_scenario,iperf_tcp,30,5,,twin_core,457809,0.0,67076096,4187,1108,5295,0,0.0
2026-04-25T09:24:15.539417+00:00,recovery_scenario,iperf_tcp,30,5,,ryu_controller,457802,0.0,60092416,7515,53936,61451,0,0.0
2026-04-25T09:24:15.641133+00:00,recovery_scenario,iperf_tcp,30,5,,twin_core,457809,9.8,67076096,4239,1114,5353,58,569.5037
2026-04-25T09:24:15.641133+00:00,recovery_scenario,iperf_tcp,30,5,,ryu_controller,457802,49.7,60092416,7537,53953,61490,39,387.4827
2026-04-25T09:24:15.741661+00:00,recovery_scenario,iperf_tcp,30,5,,twin_core,457809,0.0,67076096,4336,1114,5450,97,966.007
2026-04-25T09:24:15.741661+00:00,recovery_scenario,iperf_tcp,30,5,,ryu_controller,457802,19.9,60092416,7580,53955,61535,45,447.138
2026-04-25T09:24:15.788803+00:00,recovery_scenario,iperf_tcp,30,5,service_started,,,,,,,,,
2026-04-25T09:24:15.842333+00:00,recovery_scenario,iperf_tcp,30,5,,twin_core,457809,19.9,67076096,4387,1114,5501,51,506.1682
2026-04-25T09:24:15.842333+00:00,recovery_scenario,iperf_tcp,30,5,,ryu_controller,457802,49.7,60092416,7643,53955,61598,63,625.8614
2026-04-25T09:24:15.942959+00:00,recovery_scenario,iperf_tcp,30,5,,twin_core,457809,0.0,67076096,4388,1114,5502,1,9.9398
2026-04-25T09:24:15.942959+00:00,recovery_scenario,iperf_tcp,30,5,,ryu_controller,457802,9.9,60092416,7657,53955,61612,14,139.2953
2026-04-25T09:24:16.043450+00:00,recovery_scenario,iperf_tcp,30,5,,twin_core,457809,0.0,67076096,4388,1114,5502,0,0.0
2026-04-25T09:24:16.043450+00:00,recovery_scenario,iperf_tcp,30,5,,ryu_controller,457802,10.0,60092416,7688,53955,61643,31,308.575
2026-04-25T09:24:16.146763+00:00,recovery_scenario,iperf_tcp,30,5,,twin_core,457809,0.0,67076096,4388,1114,5502,0,0.0
2026-04-25T09:24:16.146763+00:00,recovery_scenario,iperf_tcp,30,5,,ryu_controller,457802,19.4,60092416,7713,53955,61668,25,241.9935
2026-04-25T09:24:16.247216+00:00,recovery_scenario,iperf_tcp,30,5,,twin_core,457809,0.0,67076096,4388,1114,5502,0,0.0
2026-04-25T09:24:16.247216+00:00,recovery_scenario,iperf_tcp,30,5,,ryu_controller,457802,10.0,60092416,7733,53955,61688,20,199.1902
2026-04-25T09:24:16.347630+00:00,recovery_scenario,iperf_tcp,30,5,,twin_core,457809,0.0,67076096,4388,1114,5502,0,0.0
2026-04-25T09:24:16.347630+00:00,recovery_scenario,iperf_tcp,30,5,,ryu_controller,457802,29.9,60092416,7770,53955,61725,37,368.3627
2026-04-25T09:24:16.448748+00:00,recovery_scenario,iperf_tcp,30,5,,twin_core,457809,0.0,67076096,4388,1114,5502,0,0.0
2026-04-25T09:24:16.448748+00:00,recovery_scenario,iperf_tcp,30,5,,ryu_controller,457802,9.9,60092416,7792,53955,61747,22,216.7122
2026-04-25T09:24:16.549659+00:00,recovery_scenario,iperf_tcp,30,5,,twin_core,457809,0.0,67076096,4388,1114,5502,0,0.0
2026-04-25T09:24:16.549659+00:00,recovery_scenario,iperf_tcp,30,5,,ryu_controller,457802,19.9,60092416,7814,53955,61769,22,218.5004
2026-04-25T09:24:16.650273+00:00,recovery_scenario,iperf_tcp,30,5,,twin_core,457809,0.0,67076096,4388,1114,5502,0,0.0
2026-04-25T09:24:16.650273+00:00,recovery_scenario,iperf_tcp,30,5,,ryu_controller,457802,49.8,60092416,7867,53956,61823,54,537.7418
2026-04-25T09:24:16.750767+00:00,recovery_scenario,iperf_tcp,30,5,,twin_core,457809,0.0,67076096,4388,1114,5502,0,0.0
2026-04-25T09:24:16.750767+00:00,recovery_scenario,iperf_tcp,30,5,,ryu_controller,457802,9.9,60092416,7883,53956,61839,16,159.1618
2026-04-25T09:24:16.851230+00:00,recovery_scenario,iperf_tcp,30,5,,twin_core,457809,0.0,67076096,4388,1114,5502,0,0.0
2026-04-25T09:24:16.851230+00:00,recovery_scenario,iperf_tcp,30,5,,ryu_controller,457802,29.8,60092416,7925,53956,61881,42,417.3178
2026-04-25T09:24:16.953947+00:00,recovery_scenario,iperf_tcp,30,5,,twin_core,457809,0.0,67076096,4388,1114,5502,0,0.0
2026-04-25T09:24:16.953947+00:00,recovery_scenario,iperf_tcp,30,5,,ryu_controller,457802,19.5,60092416,7941,53956,61897,16,156.0588
2026-04-25T09:24:17.055531+00:00,recovery_scenario,iperf_tcp,30,5,,twin_core,457809,0.0,67076096,4388,1114,5502,0,0.0
2026-04-25T09:24:17.055531+00:00,recovery_scenario,iperf_tcp,30,5,,ryu_controller,457802,19.7,60092416,7962,53956,61918,21,206.5464
2026-04-25T09:24:17.156094+00:00,recovery_scenario,iperf_tcp,30,5,,twin_core,457809,0.0,67076096,4388,1114,5502,0,0.0
2026-04-25T09:24:17.156094+00:00,recovery_scenario,iperf_tcp,30,5,,ryu_controller,457802,10.0,60092416,7976,53956,61932,14,139.3495
2026-04-25T09:24:17.258469+00:00,recovery_scenario,iperf_tcp,30,5,,twin_core,457809,0.0,67076096,4388,1114,5502,0,0.0
2026-04-25T09:24:17.258469+00:00,recovery_scenario,iperf_tcp,30,5,,ryu_controller,457802,19.5,60092416,8012,53956,61968,36,351.1862
2026-04-25T09:24:17.359057+00:00,recovery_scenario,iperf_tcp,30,5,,twin_core,457809,0.0,67076096,4388,1114,5502,0,0.0
2026-04-25T09:24:17.359057+00:00,recovery_scenario,iperf_tcp,30,5,,ryu_controller,457802,9.9,60092416,8032,53956,61988,20,198.8638
2026-04-25T09:24:17.459653+00:00,recovery_scenario,iperf_tcp,30,5,,twin_core,457809,9.9,67076096,4388,1114,5502,0,0.0
2026-04-25T09:24:17.459653+00:00,recovery_scenario,iperf_tcp,30,5,,ryu_controller,457802,19.9,60092416,8060,53957,62017,29,288.7227
2026-04-25T09:24:17.560058+00:00,recovery_scenario,iperf_tcp,30,5,,twin_core,457809,0.0,67076096,4388,1114,5502,0,0.0
2026-04-25T09:24:17.560058+00:00,recovery_scenario,iperf_tcp,30,5,,ryu_controller,457802,19.9,60092416,8087,53957,62044,27,268.3882
2026-04-25T09:24:17.661851+00:00,recovery_scenario,iperf_tcp,30,5,,twin_core,457809,0.0,67076096,4388,1114,5502,0,0.0
2026-04-25T09:24:17.661851+00:00,recovery_scenario,iperf_tcp,30,5,,ryu_controller,457802,9.8,60092416,8116,53957,62073,29,285.2677
2026-04-25T09:24:17.762317+00:00,recovery_scenario,iperf_tcp,30,5,,twin_core,457809,0.0,67076096,4388,1114,5502,0,0.0
2026-04-25T09:24:17.762317+00:00,recovery_scenario,iperf_tcp,30,5,,ryu_controller,457802,19.9,60092416,8137,53957,62094,21,209.0132
2026-04-25T09:24:17.863874+00:00,recovery_scenario,iperf_tcp,30,5,,twin_core,457809,9.8,67076096,4388,1114,5502,0,0.0
2026-04-25T09:24:17.863874+00:00,recovery_scenario,iperf_tcp,30,5,,ryu_controller,457802,19.7,60092416,8180,53957,62137,43,423.7115
2026-04-25T09:24:17.964299+00:00,recovery_scenario,iperf_tcp,30,5,,twin_core,457809,0.0,67076096,4393,1114,5507,5,49.7809
2026-04-25T09:24:17.964299+00:00,recovery_scenario,iperf_tcp,30,5,,ryu_controller,457802,39.8,60092416,8212,53957,62169,32,318.061
2026-04-25T09:24:18.064985+00:00,recovery_scenario,iperf_tcp,30,5,,twin_core,457809,0.0,67076096,4399,1114,5513,6,59.5628
2026-04-25T09:24:18.064985+00:00,recovery_scenario,iperf_tcp,30,5,,ryu_controller,457802,9.9,60092416,8230,53957,62187,18,178.098
2026-04-25T09:24:18.166088+00:00,recovery_scenario,iperf_tcp,30,5,,twin_core,457809,9.9,67076096,4399,1114,5513,0,0.0
2026-04-25T09:24:18.166088+00:00,recovery_scenario,iperf_tcp,30,5,,ryu_controller,457802,9.9,60092416,8240,53957,62197,10,99.3883
2026-04-25T09:24:18.266701+00:00,recovery_scenario,iperf_tcp,30,5,,twin_core,457809,0.0,67076096,4402,1114,5516,3,29.8032
2026-04-25T09:24:18.266701+00:00,recovery_scenario,iperf_tcp,30,5,,ryu_controller,457802,9.9,60092416,8263,53957,62220,23,228.5073
2026-04-25T09:24:18.368969+00:00,recovery_scenario,iperf_tcp,30,5,,twin_core,457809,0.0,67076096,4405,1114,5519,3,29.3363
2026-04-25T09:24:18.368969+00:00,recovery_scenario,iperf_tcp,30,5,,ryu_controller,457802,29.3,60092416,8286,53957,62243,23,224.89
2026-04-25T09:24:18.471302+00:00,recovery_scenario,iperf_tcp,30,5,,twin_core,457809,0.0,67076096,4408,1114,5522,3,29.321
2026-04-25T09:24:18.471302+00:00,recovery_scenario,iperf_tcp,30,5,,ryu_controller,457802,0.0,60092416,8294,53957,62251,8,78.1481
2026-04-25T09:24:18.574461+00:00,recovery_scenario,iperf_tcp,30,5,,twin_core,457809,0.0,67076096,4412,1114,5526,4,38.6498
2026-04-25T09:24:18.574461+00:00,recovery_scenario,iperf_tcp,30,5,,ryu_controller,457802,9.7,60092416,8303,53957,62260,9,87.0137
2026-04-25T09:24:18.675289+00:00,recovery_scenario,iperf_tcp,30,5,,twin_core,457809,0.0,67076096,4420,1114,5534,8,79.6499
2026-04-25T09:24:18.675289+00:00,recovery_scenario,iperf_tcp,30,5,,ryu_controller,457802,49.8,60092416,8348,53957,62305,45,447.4882
2026-04-25T09:24:18.775906+00:00,recovery_scenario,iperf_tcp,30,5,,twin_core,457809,0.0,67076096,4426,1114,5540,6,59.6122
2026-04-25T09:24:18.775906+00:00,recovery_scenario,iperf_tcp,30,5,,ryu_controller,457802,9.9,60092416,8364,53957,62321,16,159.1699
2026-04-25T09:24:18.876381+00:00,recovery_scenario,iperf_tcp,30,5,,twin_core,457809,0.0,67076096,4429,1114,5543,3,29.8362
2026-04-25T09:24:18.876381+00:00,recovery_scenario,iperf_tcp,30,5,,ryu_controller,457802,9.9,60092416,8380,53957,62337,16,159.0881
2026-04-25T09:24:18.976951+00:00,recovery_scenario,iperf_tcp,30,5,,twin_core,457809,0.0,67076096,4432,1114,5546,3,29.8561
2026-04-25T09:24:18.976951+00:00,recovery_scenario,iperf_tcp,30,5,,ryu_controller,457802,0.0,60092416,8392,53957,62349,12,119.4514
2026-04-25T09:24:19.077804+00:00,recovery_scenario,iperf_tcp,30,5,,twin_core,457809,0.0,67076096,4437,1114,5551,5,49.4776
2026-04-25T09:24:19.077804+00:00,recovery_scenario,iperf_tcp,30,5,,ryu_controller,457802,19.8,60092416,8405,53957,62362,13,128.574
2026-04-25T09:24:19.178564+00:00,recovery_scenario,iperf_tcp,30,5,,twin_core,457809,0.0,67076096,4444,1114,5558,7,69.605
2026-04-25T09:24:19.178564+00:00,recovery_scenario,iperf_tcp,30,5,,ryu_controller,457802,9.9,60092416,8423,53957,62380,18,179.0793
2026-04-25T09:24:19.279023+00:00,recovery_scenario,iperf_tcp,30,5,,twin_core,457809,0.0,67076096,4447,1114,5561,3,29.8705
2026-04-25T09:24:19.279023+00:00,recovery_scenario,iperf_tcp,30,5,,ryu_controller,457802,0.0,60092416,8436,53957,62393,13,129.4438
2026-04-25T09:24:19.379458+00:00,recovery_scenario,iperf_tcp,30,5,,twin_core,457809,0.0,67076096,4450,1114,5564,3,29.8501
2026-04-25T09:24:19.379458+00:00,recovery_scenario,iperf_tcp,30,5,,ryu_controller,457802,9.9,60092416,8450,53957,62407,14,139.2955
2026-04-25T09:24:19.479975+00:00,recovery_scenario,iperf_tcp,30,5,,twin_core,457809,9.9,67076096,4453,1114,5567,3,29.8616
2026-04-25T09:24:19.479975+00:00,recovery_scenario,iperf_tcp,30,5,,ryu_controller,457802,10.0,60092416,8461,53957,62418,11,109.4923
2026-04-25T09:24:19.580424+00:00,recovery_scenario,iperf_tcp,30,5,,twin_core,457809,0.0,67076096,4453,1114,5567,0,0.0
2026-04-25T09:24:19.580424+00:00,recovery_scenario,iperf_tcp,30,5,,ryu_controller,457802,9.9,60092416,8473,53957,62430,12,119.3847
2026-04-25T09:24:19.680956+00:00,recovery_scenario,iperf_tcp,30,5,,twin_core,457809,0.0,67076096,4465,1114,5579,12,119.4876
2026-04-25T09:24:19.680956+00:00,recovery_scenario,iperf_tcp,30,5,,ryu_controller,457802,0.0,60092416,8480,53957,62437,7,69.714
2026-04-25T09:24:19.781348+00:00,recovery_scenario,iperf_tcp,30,5,,twin_core,457809,0.0,67076096,4471,1114,5585,6,59.753
2026-04-25T09:24:19.781348+00:00,recovery_scenario,iperf_tcp,30,5,,ryu_controller,457802,19.9,60092416,8502,53957,62459,22,218.6835
2026-04-25T09:24:19.883070+00:00,recovery_scenario,iperf_tcp,30,5,,twin_core,457809,0.0,67076096,4474,1114,5588,3,29.4779
2026-04-25T09:24:19.883070+00:00,recovery_scenario,iperf_tcp,30,5,,ryu_controller,457802,9.8,60092416,8517,53957,62474,15,147.6249
2026-04-25T09:24:19.983681+00:00,recovery_scenario,iperf_tcp,30,5,,twin_core,457809,9.9,67117056,4477,1114,5591,3,29.8174
2026-04-25T09:24:19.983681+00:00,recovery_scenario,iperf_tcp,30,5,,ryu_controller,457802,59.6,60092416,8570,53958,62528,54,536.7274
2026-04-25T09:24:20.084230+00:00,recovery_scenario,iperf_tcp,30,5,,twin_core,457809,9.9,67117056,4489,1114,5603,12,119.3301
2026-04-25T09:24:20.084230+00:00,recovery_scenario,iperf_tcp,30,5,,ryu_controller,457802,9.9,60092416,8575,53958,62533,5,49.6539
2026-04-25T09:24:20.184875+00:00,recovery_scenario,iperf_tcp,30,5,,twin_core,457809,0.0,67117056,4492,1114,5606,3,29.8264
2026-04-25T09:24:20.184875+00:00,recovery_scenario,iperf_tcp,30,5,,ryu_controller,457802,9.9,60092416,8601,53958,62559,26,258.8406
2026-04-25T09:24:20.290262+00:00,recovery_scenario,iperf_tcp,30,5,,twin_core,457809,0.0,67117056,4495,1114,5609,3,28.4481
2026-04-25T09:24:20.290262+00:00,recovery_scenario,iperf_tcp,30,5,,ryu_controller,457802,9.5,60092416,8614,53958,62572,13,123.0062
2026-04-25T09:24:20.398931+00:00,recovery_scenario,iperf_tcp,30,5,,twin_core,457809,0.0,67117056,4498,1114,5612,3,27.5569
2026-04-25T09:24:20.398931+00:00,recovery_scenario,iperf_tcp,30,5,,ryu_controller,457802,9.2,60092416,8618,53958,62576,4,36.8018
2026-04-25T09:24:20.499921+00:00,recovery_scenario,iperf_tcp,30,5,,twin_core,457809,0.0,67117056,4504,1114,5618,6,59.5116
2026-04-25T09:24:20.499921+00:00,recovery_scenario,iperf_tcp,30,5,,ryu_controller,457802,0.0,60092416,8630,53958,62588,12,118.9345
2026-04-25T09:24:20.601042+00:00,recovery_scenario,iperf_tcp,30,5,,twin_core,457809,9.9,67117056,4517,1114,5631,13,128.409
2026-04-25T09:24:20.601042+00:00,recovery_scenario,iperf_tcp,30,5,,ryu_controller,457802,9.9,60092416,8645,53958,62603,15,148.3477
2026-04-25T09:24:20.701889+00:00,recovery_scenario,iperf_tcp,30,5,,twin_core,457809,0.0,67117056,4518,1114,5632,1,9.9386
2026-04-25T09:24:20.701889+00:00,recovery_scenario,iperf_tcp,30,5,,ryu_controller,457802,29.8,60092416,8683,53958,62641,38,377.7524
2026-04-25T09:24:20.803363+00:00,recovery_scenario,iperf_tcp,30,5,,twin_core,457809,0.0,67117056,4521,1114,5635,3,29.5011
2026-04-25T09:24:20.803363+00:00,recovery_scenario,iperf_tcp,30,5,,ryu_controller,457802,68.8,60092416,8717,53958,62675,34,334.0798
2026-04-25T09:24:20.907127+00:00,recovery_scenario,iperf_tcp,30,5,,twin_core,457809,0.0,67117056,4527,1114,5641,6,57.9109
2026-04-25T09:24:20.907127+00:00,recovery_scenario,iperf_tcp,30,5,,ryu_controller,457802,9.7,60092416,8729,53958,62687,12,115.8892
2026-04-25T09:24:21.007645+00:00,recovery_scenario,iperf_tcp,30,5,,twin_core,457809,0.0,67117056,4536,1114,5650,9,89.5594
2026-04-25T09:24:21.007645+00:00,recovery_scenario,iperf_tcp,30,5,,ryu_controller,457802,0.0,60092416,8758,53958,62716,29,288.5802
2026-04-25T09:24:21.108108+00:00,recovery_scenario,iperf_tcp,30,5,,twin_core,457809,0.0,67117056,4539,1114,5653,3,29.8387
2026-04-25T09:24:21.108108+00:00,recovery_scenario,iperf_tcp,30,5,,ryu_controller,457802,29.8,60092416,8781,53958,62739,23,228.7467
2026-04-25T09:24:21.208720+00:00,recovery_scenario,iperf_tcp,30,5,,twin_core,457809,0.0,67117056,4542,1114,5656,3,29.8447
2026-04-25T09:24:21.208720+00:00,recovery_scenario,iperf_tcp,30,5,,ryu_controller,457802,10.0,60092416,8809,53958,62767,28,278.6442
2026-04-25T09:24:21.311795+00:00,recovery_scenario,iperf_tcp,30,5,,twin_core,457809,0.0,67117056,4548,1114,5662,6,58.1831
2026-04-25T09:24:21.311795+00:00,recovery_scenario,iperf_tcp,30,5,,ryu_controller,457802,0.0,60092416,8814,53958,62772,5,48.4733
2026-04-25T09:24:21.412302+00:00,recovery_scenario,iperf_tcp,30,5,,twin_core,457809,0.0,67117056,4554,1114,5668,6,59.7262
2026-04-25T09:24:21.412302+00:00,recovery_scenario,iperf_tcp,30,5,,ryu_controller,457802,10.0,60092416,8825,53958,62783,11,109.4612
2026-04-25T09:24:21.514150+00:00,recovery_scenario,iperf_tcp,30,5,,twin_core,457809,0.0,67117056,4557,1114,5671,3,29.4442
2026-04-25T09:24:21.514150+00:00,recovery_scenario,iperf_tcp,30,5,,ryu_controller,457802,0.0,60092416,8829,53958,62787,4,39.2741
2026-04-25T09:24:21.617294+00:00,recovery_scenario,iperf_tcp,30,5,,twin_core,457809,0.0,67117056,4560,1114,5674,3,28.9995
2026-04-25T09:24:21.617294+00:00,recovery_scenario,iperf_tcp,30,5,,ryu_controller,457802,0.0,60092416,8832,53958,62790,3,28.9393
2026-04-25T09:24:21.676180+00:00,recovery_scenario,iperf_tcp,30,5,pingall_completed,,,,,,,,,
2026-04-25T09:24:21.723845+00:00,recovery_scenario,iperf_tcp,30,5,,twin_core,457809,0.0,67117056,4573,1114,5687,13,122.3224
2026-04-25T09:24:21.723845+00:00,recovery_scenario,iperf_tcp,30,5,,ryu_controller,457802,18.8,60092416,8866,53958,62824,34,320.5421
2026-04-25T09:24:21.825950+00:00,recovery_scenario,iperf_tcp,30,5,,twin_core,457809,9.8,67117056,4573,1114,5687,0,0.0
2026-04-25T09:24:21.825950+00:00,recovery_scenario,iperf_tcp,30,5,,ryu_controller,457802,0.0,60092416,8876,53958,62834,10,97.8448
2026-04-25T09:24:21.927758+00:00,recovery_scenario,iperf_tcp,30,5,,twin_core,457809,0.0,67117056,4573,1114,5687,0,0.0
2026-04-25T09:24:21.927758+00:00,recovery_scenario,iperf_tcp,30,5,,ryu_controller,457802,17.7,60092416,8879,53958,62837,3,26.4114
2026-04-25T09:24:22.040253+00:00,recovery_scenario,iperf_tcp,30,5,,twin_core,457809,26.7,67117056,4573,1114,5687,0,0.0
2026-04-25T09:24:22.040253+00:00,recovery_scenario,iperf_tcp,30,5,,ryu_controller,457802,39.5,60092416,8911,53959,62870,33,328.2944
2026-04-25T09:24:22.140767+00:00,recovery_scenario,iperf_tcp,30,5,,twin_core,457809,0.0,67178496,4573,1114,5687,0,0.0
2026-04-25T09:24:22.140767+00:00,recovery_scenario,iperf_tcp,30,5,,ryu_controller,457802,39.8,60174336,8934,53959,62893,23,228.6477
2026-04-25T09:24:22.241284+00:00,recovery_scenario,iperf_tcp,30,5,,twin_core,457809,0.0,67178496,4573,1114,5687,0,0.0
2026-04-25T09:24:22.241284+00:00,recovery_scenario,iperf_tcp,30,5,,ryu_controller,457802,0.0,60174336,8937,53959,62896,3,29.7806
2026-04-25T09:24:22.342079+00:00,recovery_scenario,iperf_tcp,30,5,,twin_core,457809,9.9,67178496,4573,1114,5687,0,0.0
2026-04-25T09:24:22.342079+00:00,recovery_scenario,iperf_tcp,30,5,,ryu_controller,457802,9.9,60174336,8940,53959,62899,3,29.6951
2026-04-25T09:24:22.449717+00:00,recovery_scenario,iperf_tcp,30,5,,twin_core,457809,9.3,67178496,4573,1114,5687,0,0.0
2026-04-25T09:24:22.449717+00:00,recovery_scenario,iperf_tcp,30,5,,ryu_controller,457802,0.0,60174336,8943,53959,62902,3,27.8849
2026-04-25T09:24:22.556841+00:00,recovery_scenario,iperf_tcp,30,5,,twin_core,457809,0.0,67178496,4573,1114,5687,0,0.0
2026-04-25T09:24:22.556841+00:00,recovery_scenario,iperf_tcp,30,5,,ryu_controller,457802,0.0,60174336,8945,53959,62904,2,18.1688
2026-04-25T09:24:22.662771+00:00,recovery_scenario,iperf_tcp,30,5,,twin_core,457809,0.0,67178496,4573,1114,5687,0,0.0
2026-04-25T09:24:22.662771+00:00,recovery_scenario,iperf_tcp,30,5,,ryu_controller,457802,19.4,60174336,8948,53959,62907,3,29.0416
2026-04-25T09:24:22.767669+00:00,recovery_scenario,iperf_tcp,30,5,,twin_core,457809,0.0,67178496,4578,1114,5692,5,47.8252
2026-04-25T09:24:22.767669+00:00,recovery_scenario,iperf_tcp,30,5,,ryu_controller,457802,0.0,60174336,8952,53959,62911,4,38.3269
2026-04-25T09:24:22.868659+00:00,recovery_scenario,iperf_tcp,30,5,,twin_core,457809,0.0,67178496,4578,1114,5692,0,0.0
2026-04-25T09:24:22.868659+00:00,recovery_scenario,iperf_tcp,30,5,,ryu_controller,457802,59.5,60174336,9004,53964,62968,57,565.6755
2026-04-25T09:24:22.969129+00:00,recovery_scenario,iperf_tcp,30,5,,twin_core,457809,0.0,67178496,4578,1114,5692,0,0.0
2026-04-25T09:24:22.969129+00:00,recovery_scenario,iperf_tcp,30,5,,ryu_controller,457802,10.0,60178432,9008,53966,62974,6,59.7099
2026-04-25T09:24:23.070692+00:00,recovery_scenario,iperf_tcp,30,5,,twin_core,457809,0.0,67178496,4578,1114,5692,0,0.0
2026-04-25T09:24:23.070692+00:00,recovery_scenario,iperf_tcp,30,5,,ryu_controller,457802,0.0,60178432,9030,53966,62996,22,216.243
2026-04-25T09:24:23.172390+00:00,recovery_scenario,iperf_tcp,30,5,,twin_core,457809,0.0,67178496,4578,1114,5692,0,0.0
2026-04-25T09:24:23.172390+00:00,recovery_scenario,iperf_tcp,30,5,,ryu_controller,457802,0.0,60178432,9037,53968,63005,9,88.4601
2026-04-25T09:24:23.273508+00:00,recovery_scenario,iperf_tcp,30,5,,twin_core,457809,0.0,67178496,4578,1114,5692,0,0.0
2026-04-25T09:24:23.273508+00:00,recovery_scenario,iperf_tcp,30,5,,ryu_controller,457802,9.7,60178432,9040,53969,63009,4,38.8569
2026-04-25T09:24:23.378719+00:00,recovery_scenario,iperf_tcp,30,5,,twin_core,457809,0.0,67178496,4578,1114,5692,0,0.0
2026-04-25T09:24:23.378719+00:00,recovery_scenario,iperf_tcp,30,5,,ryu_controller,457802,0.0,60178432,9044,53972,63016,7,67.8386
2026-04-25T09:24:23.479224+00:00,recovery_scenario,iperf_tcp,30,5,,twin_core,457809,0.0,67178496,4578,1114,5692,0,0.0
2026-04-25T09:24:23.479224+00:00,recovery_scenario,iperf_tcp,30,5,,ryu_controller,457802,0.0,60178432,9047,53979,63026,10,99.4327
2026-04-25T09:24:23.580953+00:00,recovery_scenario,iperf_tcp,30,5,,twin_core,457809,0.0,67178496,4578,1114,5692,0,0.0
2026-04-25T09:24:23.580953+00:00,recovery_scenario,iperf_tcp,30,5,,ryu_controller,457802,0.0,60178432,9050,53991,63041,15,147.5184
2026-04-25T09:24:23.681454+00:00,recovery_scenario,iperf_tcp,30,5,,twin_core,457809,0.0,67178496,4578,1114,5692,0,0.0
2026-04-25T09:24:23.681454+00:00,recovery_scenario,iperf_tcp,30,5,,ryu_controller,457802,0.0,60178432,9063,54016,63079,38,377.7862
2026-04-25T09:24:23.695670+00:00,recovery_scenario,iperf_tcp,30,5,background_traffic_started,,,,,,,,,
2026-04-25T09:24:23.784697+00:00,recovery_scenario,iperf_tcp,30,5,,twin_core,457809,9.7,67182592,4590,1140,5730,38,368.4896
2026-04-25T09:24:23.784697+00:00,recovery_scenario,iperf_tcp,30,5,,ryu_controller,457802,38.8,60178432,9076,54164,63240,161,1555.385
2026-04-25T09:24:23.885784+00:00,recovery_scenario,iperf_tcp,30,5,,twin_core,457809,19.8,67182592,4601,1161,5762,32,316.6147
2026-04-25T09:24:23.885784+00:00,recovery_scenario,iperf_tcp,30,5,,ryu_controller,457802,39.6,60178432,9085,54324,63409,169,1679.4172
2026-04-25T09:24:23.973058+00:00,recovery_scenario,iperf_tcp,30,5,fault_injected,,,,,,,,,
2026-04-25T09:24:23.989476+00:00,recovery_scenario,iperf_tcp,30,5,,twin_core,457809,0.0,67211264,4610,1192,5802,40,385.2882
2026-04-25T09:24:23.989476+00:00,recovery_scenario,iperf_tcp,30,5,,ryu_controller,457802,48.2,60178432,9095,54524,63619,210,2022.9416
2026-04-25T09:24:24.092530+00:00,recovery_scenario,iperf_tcp,30,5,,twin_core,457809,0.0,67211264,4610,1192,5802,0,0.0
2026-04-25T09:24:24.092530+00:00,recovery_scenario,iperf_tcp,30,5,,ryu_controller,457802,38.6,60178432,9098,54764,63862,243,2345.1709
2026-04-25T09:24:24.193894+00:00,recovery_scenario,iperf_tcp,30,5,,twin_core,457809,9.9,67211264,4610,1192,5802,0,0.0
2026-04-25T09:24:24.193894+00:00,recovery_scenario,iperf_tcp,30,5,,ryu_controller,457802,49.6,60178432,9098,54846,63944,82,814.448
2026-04-25T09:24:24.295273+00:00,recovery_scenario,iperf_tcp,30,5,,twin_core,457809,0.0,67211264,4610,1192,5802,0,0.0
2026-04-25T09:24:24.295273+00:00,recovery_scenario,iperf_tcp,30,5,,ryu_controller,457802,39.4,60178432,9098,54940,64038,94,925.5952
2026-04-25T09:24:24.395865+00:00,recovery_scenario,iperf_tcp,30,5,,twin_core,457809,0.0,67211264,4610,1192,5802,0,0.0
2026-04-25T09:24:24.395865+00:00,recovery_scenario,iperf_tcp,30,5,,ryu_controller,457802,89.5,60178432,9098,54995,64093,55,547.7568
2026-04-25T09:24:24.496267+00:00,recovery_scenario,iperf_tcp,30,5,,twin_core,457809,0.0,67211264,4611,1192,5803,1,9.9587
2026-04-25T09:24:24.496267+00:00,recovery_scenario,iperf_tcp,30,5,,ryu_controller,457802,89.6,60178432,9098,55184,64282,189,1882.2463
2026-04-25T09:24:24.596821+00:00,recovery_scenario,iperf_tcp,30,5,,twin_core,457809,0.0,67211264,4611,1192,5803,0,0.0
2026-04-25T09:24:24.596821+00:00,recovery_scenario,iperf_tcp,30,5,,ryu_controller,457802,99.4,60178432,9098,55359,64457,175,1739.6581
2026-04-25T09:24:24.697333+00:00,recovery_scenario,iperf_tcp,30,5,,twin_core,457809,0.0,67211264,4611,1192,5803,0,0.0
2026-04-25T09:24:24.697333+00:00,recovery_scenario,iperf_tcp,30,5,,ryu_controller,457802,99.5,60178432,9098,55375,64473,16,159.0842
2026-04-25T09:24:24.797955+00:00,recovery_scenario,iperf_tcp,30,5,,twin_core,457809,0.0,67211264,4611,1192,5803,0,0.0
2026-04-25T09:24:24.797955+00:00,recovery_scenario,iperf_tcp,30,5,,ryu_controller,457802,99.3,60178432,9098,55383,64481,8,79.5591
2026-04-25T09:24:24.898419+00:00,recovery_scenario,iperf_tcp,30,5,,twin_core,457809,0.0,67211264,4611,1192,5803,0,0.0
2026-04-25T09:24:24.898419+00:00,recovery_scenario,iperf_tcp,30,5,,ryu_controller,457802,89.5,60178432,9098,55389,64487,6,59.6436
2026-04-25T09:24:24.999110+00:00,recovery_scenario,iperf_tcp,30,5,,twin_core,457809,0.0,67211264,4612,1196,5808,5,49.4579
2026-04-25T09:24:24.999110+00:00,recovery_scenario,iperf_tcp,30,5,,ryu_controller,457802,108.8,60178432,9098,55399,64497,10,98.9475
2026-04-25T09:24:25.100077+00:00,recovery_scenario,iperf_tcp,30,5,,twin_core,457809,0.0,67211264,4612,1196,5808,0,0.0
2026-04-25T09:24:25.100077+00:00,recovery_scenario,iperf_tcp,30,5,,ryu_controller,457802,98.0,60178432,9098,55401,64499,2,19.6082
2026-04-25T09:24:25.202710+00:00,recovery_scenario,iperf_tcp,30,5,,twin_core,457809,0.0,67211264,4612,1196,5808,0,0.0
2026-04-25T09:24:25.202710+00:00,recovery_scenario,iperf_tcp,30,5,,ryu_controller,457802,98.2,60178432,9098,55440,64538,39,382.9166
2026-04-25T09:24:25.304311+00:00,recovery_scenario,iperf_tcp,30,5,,twin_core,457809,0.0,67211264,4612,1196,5808,0,0.0
2026-04-25T09:24:25.304311+00:00,recovery_scenario,iperf_tcp,30,5,,ryu_controller,457802,89.1,60178432,9098,55446,64544,6,59.1001
2026-04-25T09:24:25.406190+00:00,recovery_scenario,iperf_tcp,30,5,,twin_core,457809,0.0,67211264,4612,1196,5808,0,0.0
2026-04-25T09:24:25.406190+00:00,recovery_scenario,iperf_tcp,30,5,,ryu_controller,457802,98.0,60178432,9098,55446,64544,0,0.0
2026-04-25T09:24:25.507273+00:00,recovery_scenario,iperf_tcp,30,5,,twin_core,457809,0.0,67211264,4613,1198,5811,3,29.7226
2026-04-25T09:24:25.507273+00:00,recovery_scenario,iperf_tcp,30,5,,ryu_controller,457802,69.5,60178432,9098,55532,64630,86,856.768
2026-04-25T09:24:25.608483+00:00,recovery_scenario,iperf_tcp,30,5,,twin_core,457809,0.0,67211264,4613,1198,5811,0,0.0
2026-04-25T09:24:25.608483+00:00,recovery_scenario,iperf_tcp,30,5,,ryu_controller,457802,69.1,60178432,9098,55602,64700,70,690.9413
2026-04-25T09:24:25.710687+00:00,recovery_scenario,iperf_tcp,30,5,,twin_core,457809,0.0,67211264,4613,1198,5811,0,0.0
2026-04-25T09:24:25.710687+00:00,recovery_scenario,iperf_tcp,30,5,,ryu_controller,457802,78.3,60178432,9098,55710,64808,108,1057.3815
2026-04-25T09:24:25.811127+00:00,recovery_scenario,iperf_tcp,30,5,,twin_core,457809,0.0,67211264,4613,1198,5811,0,0.0
2026-04-25T09:24:25.811127+00:00,recovery_scenario,iperf_tcp,30,5,,ryu_controller,457802,49.8,60178432,9098,55799,64897,89,886.2999
2026-04-25T09:24:25.911557+00:00,recovery_scenario,iperf_tcp,30,5,,twin_core,457809,0.0,67211264,4613,1198,5811,0,0.0
2026-04-25T09:24:25.911557+00:00,recovery_scenario,iperf_tcp,30,5,,ryu_controller,457802,69.6,60178432,9098,55887,64985,88,874.2125
2026-04-25T09:24:26.012437+00:00,recovery_scenario,iperf_tcp,30,5,,twin_core,457809,0.0,67211264,4614,1198,5812,1,9.8822
2026-04-25T09:24:26.012437+00:00,recovery_scenario,iperf_tcp,30,5,,ryu_controller,457802,49.4,60178432,9098,55982,65080,95,934.0635
2026-04-25T09:24:26.113953+00:00,recovery_scenario,iperf_tcp,30,5,,twin_core,457809,0.0,67211264,4614,1198,5812,0,0.0
2026-04-25T09:24:26.113953+00:00,recovery_scenario,iperf_tcp,30,5,,ryu_controller,457802,78.7,60178432,9098,56191,65289,209,2067.7599
2026-04-25T09:24:26.215667+00:00,recovery_scenario,iperf_tcp,30,5,,twin_core,457809,0.0,67211264,4614,1198,5812,0,0.0
2026-04-25T09:24:26.215667+00:00,recovery_scenario,iperf_tcp,30,5,,ryu_controller,457802,79.1,60178432,9098,56516,65614,325,3212.5503
2026-04-25T09:24:26.320281+00:00,recovery_scenario,iperf_tcp,30,5,,twin_core,457809,0.0,67211264,4614,1198,5812,0,0.0
2026-04-25T09:24:26.320281+00:00,recovery_scenario,iperf_tcp,30,5,,ryu_controller,457802,66.8,60178432,9098,56979,66077,463,4417.5221
2026-04-25T09:24:26.420990+00:00,recovery_scenario,iperf_tcp,30,5,,twin_core,457809,0.0,67211264,4614,1198,5812,0,0.0
2026-04-25T09:24:26.420990+00:00,recovery_scenario,iperf_tcp,30,5,,ryu_controller,457802,79.6,60178432,9098,57490,66588,511,5087.4298
2026-04-25T09:24:26.521425+00:00,recovery_scenario,iperf_tcp,30,5,,twin_core,457809,0.0,67211264,4615,1199,5814,2,19.8834
2026-04-25T09:24:26.521425+00:00,recovery_scenario,iperf_tcp,30,5,,ryu_controller,457802,59.6,60178432,9098,57685,66783,195,1936.5029
2026-04-25T09:24:26.623269+00:00,recovery_scenario,iperf_tcp,30,5,,twin_core,457809,0.0,67211264,4615,1199,5814,0,0.0
2026-04-25T09:24:26.623269+00:00,recovery_scenario,iperf_tcp,30,5,,ryu_controller,457802,58.0,60178432,9098,57781,66879,96,927.9963
2026-04-25T09:24:26.727483+00:00,recovery_scenario,iperf_tcp,30,5,,twin_core,457809,9.6,67211264,4615,1199,5814,0,0.0
2026-04-25T09:24:26.727483+00:00,recovery_scenario,iperf_tcp,30,5,,ryu_controller,457802,57.1,60178432,9098,57868,66966,87,827.57
2026-04-25T09:24:26.831358+00:00,recovery_scenario,iperf_tcp,30,5,,twin_core,457809,9.6,67211264,4615,1199,5814,0,0.0
2026-04-25T09:24:26.831358+00:00,recovery_scenario,iperf_tcp,30,5,,ryu_controller,457802,59.4,60178432,9099,58202,67301,335,3310.2555
2026-04-25T09:24:26.933170+00:00,recovery_scenario,iperf_tcp,30,5,,twin_core,457809,0.0,67211264,4615,1199,5814,0,0.0
2026-04-25T09:24:26.933170+00:00,recovery_scenario,iperf_tcp,30,5,,ryu_controller,457802,76.8,60178432,9101,58505,67606,305,2932.7166
2026-04-25T09:24:27.037760+00:00,recovery_scenario,iperf_tcp,30,5,,twin_core,457809,9.6,67219456,4625,1204,5829,15,146.5281
2026-04-25T09:24:27.037760+00:00,recovery_scenario,iperf_tcp,30,5,,ryu_controller,457802,39.1,60178432,9115,58645,67760,154,1505.4294
2026-04-25T09:24:27.138173+00:00,recovery_scenario,iperf_tcp,30,5,,twin_core,457809,10.0,67223552,4639,1219,5858,29,287.6129
2026-04-25T09:24:27.138173+00:00,recovery_scenario,iperf_tcp,30,5,,ryu_controller,457802,49.3,60178432,9130,58767,67897,137,1350.8148
2026-04-25T09:24:27.181507+00:00,recovery_scenario,iperf_tcp,30,5,recovery_requested,,,,,,,,,
2026-04-25T09:24:27.239803+00:00,recovery_scenario,iperf_tcp,30,5,,twin_core,457809,0.0,67227648,4645,1237,5882,24,236.9507
2026-04-25T09:24:27.239803+00:00,recovery_scenario,iperf_tcp,30,5,,ryu_controller,457802,29.8,60178432,9145,58837,67982,85,844.1855
2026-04-25T09:24:27.340709+00:00,recovery_scenario,iperf_tcp,30,5,,twin_core,457809,0.0,67227648,4645,1237,5882,0,0.0
2026-04-25T09:24:27.340709+00:00,recovery_scenario,iperf_tcp,30,5,,ryu_controller,457802,9.9,60178432,9160,58893,68053,71,700.2437
2026-04-25T09:24:27.443097+00:00,recovery_scenario,iperf_tcp,30,5,,twin_core,457809,0.0,67227648,4645,1237,5882,0,0.0
2026-04-25T09:24:27.443097+00:00,recovery_scenario,iperf_tcp,30,5,,ryu_controller,457802,19.6,60178432,9180,58959,68139,86,844.2455
2026-04-25T09:24:27.543725+00:00,recovery_scenario,iperf_tcp,30,5,,twin_core,457809,0.0,67227648,4645,1237,5882,0,0.0
2026-04-25T09:24:27.543725+00:00,recovery_scenario,iperf_tcp,30,5,,ryu_controller,457802,19.9,60178432,9201,59033,68234,95,944.0831
2026-04-25T09:24:27.644807+00:00,recovery_scenario,iperf_tcp,30,5,,twin_core,457809,0.0,67227648,4645,1237,5882,0,0.0
2026-04-25T09:24:27.644807+00:00,recovery_scenario,iperf_tcp,30,5,,ryu_controller,457802,39.2,60178432,9202,59188,68390,156,1523.8582
2026-04-25T09:24:27.746570+00:00,recovery_scenario,iperf_tcp,30,5,,twin_core,457809,9.8,67227648,4646,1238,5884,2,19.6418
2026-04-25T09:24:27.746570+00:00,recovery_scenario,iperf_tcp,30,5,,ryu_controller,457802,49.1,60178432,9202,59339,68541,151,1487.453
2026-04-25T09:24:27.848057+00:00,recovery_scenario,iperf_tcp,30,5,,twin_core,457809,0.0,67227648,4646,1238,5884,0,0.0
2026-04-25T09:24:27.848057+00:00,recovery_scenario,iperf_tcp,30,5,,ryu_controller,457802,49.8,60178432,9202,59484,68686,145,1444.2348
2026-04-25T09:24:27.948507+00:00,recovery_scenario,iperf_tcp,30,5,,twin_core,457809,0.0,67227648,4646,1238,5884,0,0.0
2026-04-25T09:24:27.948507+00:00,recovery_scenario,iperf_tcp,30,5,,ryu_controller,457802,39.6,60178432,9202,59617,68819,133,1316.9145
2026-04-25T09:24:28.050875+00:00,recovery_scenario,iperf_tcp,30,5,,twin_core,457809,0.0,67227648,4646,1238,5884,0,0.0
2026-04-25T09:24:28.050875+00:00,recovery_scenario,iperf_tcp,30,5,,ryu_controller,457802,78.6,60178432,9202,59867,69069,250,2453.6721
2026-04-25T09:24:28.151305+00:00,recovery_scenario,iperf_tcp,30,5,,twin_core,457809,0.0,67227648,4646,1238,5884,0,0.0
2026-04-25T09:24:28.151305+00:00,recovery_scenario,iperf_tcp,30,5,,ryu_controller,457802,59.7,60178432,9202,60076,69278,209,2079.3653
2026-04-25T09:24:28.252939+00:00,recovery_scenario,iperf_tcp,30,5,,twin_core,457809,9.8,67227648,4647,1238,5885,1,9.838
2026-04-25T09:24:28.252939+00:00,recovery_scenario,iperf_tcp,30,5,,ryu_controller,457802,68.9,60178432,9202,60263,69465,187,1841.7178
2026-04-25T09:24:28.353501+00:00,recovery_scenario,iperf_tcp,30,5,,twin_core,457809,0.0,67227648,4647,1238,5885,0,0.0
2026-04-25T09:24:28.353501+00:00,recovery_scenario,iperf_tcp,30,5,,ryu_controller,457802,68.8,60178432,9202,60350,69552,87,854.4863
2026-04-25T09:24:28.456681+00:00,recovery_scenario,iperf_tcp,30,5,,twin_core,457809,0.0,67227648,4647,1238,5885,0,0.0
2026-04-25T09:24:28.456681+00:00,recovery_scenario,iperf_tcp,30,5,,ryu_controller,457802,58.8,60178432,9202,60403,69605,53,519.942
2026-04-25T09:24:28.557107+00:00,recovery_scenario,iperf_tcp,30,5,,twin_core,457809,0.0,67227648,4647,1238,5885,0,0.0
2026-04-25T09:24:28.557107+00:00,recovery_scenario,iperf_tcp,30,5,,ryu_controller,457802,59.1,60178432,9202,60445,69647,42,412.5332
2026-04-25T09:24:28.659211+00:00,recovery_scenario,iperf_tcp,30,5,,twin_core,457809,0.0,67227648,4647,1238,5885,0,0.0
2026-04-25T09:24:28.659211+00:00,recovery_scenario,iperf_tcp,30,5,,ryu_controller,457802,69.0,60178432,9202,60518,69720,73,721.3016
2026-04-25T09:24:28.760153+00:00,recovery_scenario,iperf_tcp,30,5,,twin_core,457809,0.0,67227648,4648,1238,5886,1,9.8882
2026-04-25T09:24:28.760153+00:00,recovery_scenario,iperf_tcp,30,5,,ryu_controller,457802,59.2,60178432,9202,60619,69821,101,995.8922
2026-04-25T09:24:28.862487+00:00,recovery_scenario,iperf_tcp,30,5,,twin_core,457809,0.0,67227648,4648,1238,5886,0,0.0
2026-04-25T09:24:28.862487+00:00,recovery_scenario,iperf_tcp,30,5,,ryu_controller,457802,88.6,60178432,9202,60754,69956,135,1328.8908
2026-04-25T09:24:28.963854+00:00,recovery_scenario,iperf_tcp,30,5,,twin_core,457809,0.0,67227648,4648,1238,5886,0,0.0
2026-04-25T09:24:28.963854+00:00,recovery_scenario,iperf_tcp,30,5,,ryu_controller,457802,69.2,60178432,9202,60891,70093,137,1300.6034
2026-04-25T09:24:29.069090+00:00,recovery_scenario,iperf_tcp,30,5,,twin_core,457809,0.0,67227648,4648,1238,5886,0,0.0
2026-04-25T09:24:29.069090+00:00,recovery_scenario,iperf_tcp,30,5,,ryu_controller,457802,65.7,60178432,9202,61071,70273,180,1737.8163
2026-04-25T09:24:29.174051+00:00,recovery_scenario,iperf_tcp,30,5,,twin_core,457809,0.0,67227648,4648,1238,5886,0,0.0
2026-04-25T09:24:29.174051+00:00,recovery_scenario,iperf_tcp,30,5,,ryu_controller,457802,66.9,60178432,9202,61253,70455,182,1760.5581
2026-04-25T09:24:29.276796+00:00,recovery_scenario,iperf_tcp,30,5,,twin_core,457809,0.0,67227648,4649,1239,5888,2,19.3848
2026-04-25T09:24:29.276796+00:00,recovery_scenario,iperf_tcp,30,5,,ryu_controller,457802,68.3,60178432,9202,61367,70569,114,1111.5086
2026-04-25T09:24:29.378527+00:00,recovery_scenario,iperf_tcp,30,5,,twin_core,457809,9.8,67227648,4649,1239,5888,0,0.0
2026-04-25T09:24:29.378527+00:00,recovery_scenario,iperf_tcp,30,5,,ryu_controller,457802,69.3,60182528,9202,61492,70694,125,1238.1445
2026-04-25T09:24:29.479214+00:00,recovery_scenario,iperf_tcp,30,5,,twin_core,457809,0.0,67227648,4649,1239,5888,0,0.0
2026-04-25T09:24:29.479214+00:00,recovery_scenario,iperf_tcp,30,5,,ryu_controller,457802,69.4,60182528,9202,61588,70790,96,944.9154
2026-04-25T09:24:29.580762+00:00,recovery_scenario,iperf_tcp,30,5,,twin_core,457809,0.0,67227648,4649,1239,5888,0,0.0
2026-04-25T09:24:29.580762+00:00,recovery_scenario,iperf_tcp,30,5,,ryu_controller,457802,59.2,60182528,9202,61670,70872,82,815.0055
2026-04-25T09:24:29.681909+00:00,recovery_scenario,iperf_tcp,30,5,,twin_core,457809,0.0,67227648,4649,1239,5888,0,0.0
2026-04-25T09:24:29.681909+00:00,recovery_scenario,iperf_tcp,30,5,,ryu_controller,457802,69.2,60182528,9202,61743,70945,73,717.1462
2026-04-25T09:24:29.783287+00:00,recovery_scenario,iperf_tcp,30,5,,twin_core,457809,0.0,67227648,4650,1240,5890,2,19.5787
2026-04-25T09:24:29.783287+00:00,recovery_scenario,iperf_tcp,30,5,,ryu_controller,457802,58.7,60182528,9202,61858,71060,115,1132.0214
2026-04-25T09:24:29.884640+00:00,recovery_scenario,iperf_tcp,30,5,,twin_core,457809,0.0,67227648,4650,1240,5890,0,0.0
2026-04-25T09:24:29.884640+00:00,recovery_scenario,iperf_tcp,30,5,,ryu_controller,457802,59.7,60182528,9202,61947,71149,89,885.2207
2026-04-25T09:24:29.985098+00:00,recovery_scenario,iperf_tcp,30,5,,twin_core,457809,0.0,67227648,4650,1240,5890,0,0.0
2026-04-25T09:24:29.985098+00:00,recovery_scenario,iperf_tcp,30,5,,ryu_controller,457802,79.6,60182528,9202,62039,71241,92,915.8445
2026-04-25T09:24:30.086957+00:00,recovery_scenario,iperf_tcp,30,5,,twin_core,457809,0.0,67227648,4650,1240,5890,0,0.0
2026-04-25T09:24:30.086957+00:00,recovery_scenario,iperf_tcp,30,5,,ryu_controller,457802,48.7,60182528,9202,62181,71383,142,1375.1265
2026-04-25T09:24:30.189491+00:00,recovery_scenario,iperf_tcp,30,5,,twin_core,457809,0.0,67227648,4650,1240,5890,0,0.0
2026-04-25T09:24:30.189491+00:00,recovery_scenario,iperf_tcp,30,5,,ryu_controller,457802,68.7,60182528,9202,62460,71662,279,2753.6694
2026-04-25T09:24:30.290635+00:00,recovery_scenario,iperf_tcp,30,5,,twin_core,457809,0.0,67227648,4651,1241,5892,2,19.8022
2026-04-25T09:24:30.290635+00:00,recovery_scenario,iperf_tcp,30,5,,ryu_controller,457802,79.2,60182528,9203,62605,71808,146,1445.6158
2026-04-25T09:24:30.391789+00:00,recovery_scenario,iperf_tcp,30,5,,twin_core,457809,0.0,67227648,4651,1241,5892,0,0.0
2026-04-25T09:24:30.391789+00:00,recovery_scenario,iperf_tcp,30,5,,ryu_controller,457802,68.5,60182528,9203,62881,72084,276,2701.9371
2026-04-25T09:24:30.493254+00:00,recovery_scenario,iperf_tcp,30,5,,twin_core,457809,0.0,67227648,4651,1241,5892,0,0.0
2026-04-25T09:24:30.493254+00:00,recovery_scenario,iperf_tcp,30,5,,ryu_controller,457802,79.3,60182528,9203,63113,72316,232,2298.6366
2026-04-25T09:24:30.595701+00:00,recovery_scenario,iperf_tcp,30,5,,twin_core,457809,0.0,67227648,4651,1241,5892,0,0.0
2026-04-25T09:24:30.595701+00:00,recovery_scenario,iperf_tcp,30,5,,ryu_controller,457802,88.2,60182528,9203,63462,72665,349,3424.8389
2026-04-25T09:24:30.696375+00:00,recovery_scenario,iperf_tcp,30,5,,twin_core,457809,0.0,67227648,4651,1241,5892,0,0.0
2026-04-25T09:24:30.696375+00:00,recovery_scenario,iperf_tcp,30,5,,ryu_controller,457802,79.1,60182528,9203,63636,72839,174,1719.7715
2026-04-25T09:24:30.800740+00:00,recovery_scenario,iperf_tcp,30,5,,twin_core,457809,9.6,67227648,4652,1241,5893,1,9.6266
2026-04-25T09:24:30.800740+00:00,recovery_scenario,iperf_tcp,30,5,,ryu_controller,457802,86.6,60182528,9203,63781,72984,145,1396.0058
2026-04-25T09:24:30.901164+00:00,recovery_scenario,iperf_tcp,30,5,,twin_core,457809,0.0,67227648,4652,1241,5893,0,0.0
2026-04-25T09:24:30.901164+00:00,recovery_scenario,iperf_tcp,30,5,,ryu_controller,457802,109.5,60182528,9203,63782,72985,1,9.9504
2026-04-25T09:24:31.001638+00:00,recovery_scenario,iperf_tcp,30,5,,twin_core,457809,0.0,67227648,4652,1241,5893,0,0.0
2026-04-25T09:24:31.001638+00:00,recovery_scenario,iperf_tcp,30,5,,ryu_controller,457802,89.6,60182528,9203,63841,73044,59,587.5274
2026-04-25T09:24:31.102795+00:00,recovery_scenario,iperf_tcp,30,5,,twin_core,457809,0.0,67227648,4652,1241,5893,0,0.0
2026-04-25T09:24:31.102795+00:00,recovery_scenario,iperf_tcp,30,5,,ryu_controller,457802,98.9,60182528,9203,63875,73078,34,336.1894
2026-04-25T09:24:31.203340+00:00,recovery_scenario,iperf_tcp,30,5,,twin_core,457809,0.0,67227648,4653,1241,5894,1,9.9478
2026-04-25T09:24:31.203340+00:00,recovery_scenario,iperf_tcp,30,5,,ryu_controller,457802,89.5,60182528,9203,63987,73190,112,1090.0847
2026-04-25T09:24:31.307425+00:00,recovery_scenario,iperf_tcp,30,5,,twin_core,457809,0.0,67227648,4653,1241,5894,0,0.0
2026-04-25T09:24:31.307425+00:00,recovery_scenario,iperf_tcp,30,5,,ryu_controller,457802,96.0,60182528,9203,64113,73316,126,1234.9983
2026-04-25T09:24:31.408139+00:00,recovery_scenario,iperf_tcp,30,5,,twin_core,457809,0.0,67227648,4653,1241,5894,0,0.0
2026-04-25T09:24:31.408139+00:00,recovery_scenario,iperf_tcp,30,5,,ryu_controller,457802,88.9,60182528,9203,64246,73449,133,1314.0867
2026-04-25T09:24:31.509524+00:00,recovery_scenario,iperf_tcp,30,5,,twin_core,457809,0.0,67227648,4653,1241,5894,0,0.0
2026-04-25T09:24:31.509524+00:00,recovery_scenario,iperf_tcp,30,5,,ryu_controller,457802,89.2,60182528,9203,64288,73491,42,416.067
2026-04-25T09:24:31.611330+00:00,recovery_scenario,iperf_tcp,30,5,,twin_core,457809,9.8,67239936,4653,1241,5894,0,0.0
2026-04-25T09:24:31.611330+00:00,recovery_scenario,iperf_tcp,30,5,,ryu_controller,457802,88.4,60182528,9203,64406,73609,118,1159.1605
2026-04-25T09:24:31.712168+00:00,recovery_scenario,iperf_tcp,30,5,,twin_core,457809,0.0,67239936,4654,1241,5895,1,9.9239
2026-04-25T09:24:31.712168+00:00,recovery_scenario,iperf_tcp,30,5,,ryu_controller,457802,99.3,60182528,9203,64600,73803,194,1927.8876
2026-04-25T09:24:31.812798+00:00,recovery_scenario,iperf_tcp,30,5,,twin_core,457809,0.0,67239936,4661,1242,5903,8,79.272
2026-04-25T09:24:31.812798+00:00,recovery_scenario,iperf_tcp,30,5,,ryu_controller,457802,89.0,60182528,9203,64653,73856,53,521.5326
2026-04-25T09:24:31.880329+00:00,recovery_scenario,iperf_tcp,30,5,scenario_teardown,,,,,,,,,
2026-04-25T09:24:31.914354+00:00,recovery_scenario,iperf_tcp,30,5,,twin_core,457809,19.7,67244032,4686,1251,5937,34,335.1762
2026-04-25T09:24:31.914354+00:00,recovery_scenario,iperf_tcp,30,5,,ryu_controller,457802,49.4,60182528,9229,64731,73960,104,1032.4765
2026-04-25T09:24:32.015239+00:00,recovery_scenario,iperf_tcp,30,5,,twin_core,457809,0.0,67244032,4710,1252,5962,25,248.1199
2026-04-25T09:24:32.015239+00:00,recovery_scenario,iperf_tcp,30,5,,ryu_controller,457802,9.9,60182528,9253,64734,73987,27,267.9643
2026-04-25T09:24:32.115877+00:00,recovery_scenario,iperf_tcp,30,5,,twin_core,457809,0.0,67244032,4738,1253,5991,29,287.9587
2026-04-25T09:24:32.115877+00:00,recovery_scenario,iperf_tcp,30,5,,ryu_controller,457802,9.9,60182528,9279,64739,74018,31,307.7528
2026-04-25T09:24:32.216453+00:00,recovery_scenario,iperf_tcp,30,5,,twin_core,457809,0.0,67244032,4741,1254,5995,4,39.7674
2026-04-25T09:24:32.216453+00:00,recovery_scenario,iperf_tcp,30,5,,ryu_controller,457802,9.9,60182528,9298,64741,74039,21,208.8052
2026-04-25T09:24:32.766713+00:00,recovery_scenario,iperf_tcp,30,6,,twin_core,457809,0.0,67244032,5141,1295,6436,0,0.0
2026-04-25T09:24:32.766713+00:00,recovery_scenario,iperf_tcp,30,6,,ryu_controller,457802,0.0,60182528,9391,64743,74134,0,0.0
2026-04-25T09:24:32.881548+00:00,recovery_scenario,iperf_tcp,30,6,,twin_core,457809,8.4,67244032,5143,1295,6438,2,17.2742
2026-04-25T09:24:32.881548+00:00,recovery_scenario,iperf_tcp,30,6,,ryu_controller,457802,8.6,60182528,9403,64745,74148,14,120.77
2026-04-25T09:24:32.987526+00:00,recovery_scenario,iperf_tcp,30,6,,twin_core,457809,9.8,67244032,5180,1310,6490,52,512.1829
2026-04-25T09:24:32.987526+00:00,recovery_scenario,iperf_tcp,30,6,,ryu_controller,457802,39.7,60182528,9414,64752,74166,18,178.7737
2026-04-25T09:24:33.092084+00:00,recovery_scenario,iperf_tcp,30,6,,twin_core,457809,9.6,67244032,5262,1311,6573,83,767.0837
2026-04-25T09:24:33.092084+00:00,recovery_scenario,iperf_tcp,30,6,,ryu_controller,457802,18.5,60182528,9427,64754,74181,15,138.596
2026-04-25T09:24:33.177011+00:00,recovery_scenario,iperf_tcp,30,6,service_started,,,,,,,,,
2026-04-25T09:24:33.196385+00:00,recovery_scenario,iperf_tcp,30,6,,twin_core,457809,19.2,67244032,5346,1311,6657,84,836.0432
2026-04-25T09:24:33.196385+00:00,recovery_scenario,iperf_tcp,30,6,,ryu_controller,457802,39.8,60182528,9481,64759,74240,59,587.1812
2026-04-25T09:24:33.296837+00:00,recovery_scenario,iperf_tcp,30,6,,twin_core,457809,10.0,67244032,5347,1311,6658,1,9.9538
2026-04-25T09:24:33.296837+00:00,recovery_scenario,iperf_tcp,30,6,,ryu_controller,457802,29.9,60182528,9525,64759,74284,44,438.1885
2026-04-25T09:24:33.399208+00:00,recovery_scenario,iperf_tcp,30,6,,twin_core,457809,0.0,67244032,5347,1311,6658,0,0.0
2026-04-25T09:24:33.399208+00:00,recovery_scenario,iperf_tcp,30,6,,ryu_controller,457802,19.5,60182528,9553,64759,74312,28,272.3846
2026-04-25T09:24:33.503187+00:00,recovery_scenario,iperf_tcp,30,6,,twin_core,457809,0.0,67244032,5347,1311,6658,0,0.0
2026-04-25T09:24:33.503187+00:00,recovery_scenario,iperf_tcp,30,6,,ryu_controller,457802,19.3,60182528,9577,64759,74336,24,231.6295
2026-04-25T09:24:33.603678+00:00,recovery_scenario,iperf_tcp,30,6,,twin_core,457809,0.0,67244032,5347,1311,6658,0,0.0
2026-04-25T09:24:33.603678+00:00,recovery_scenario,iperf_tcp,30,6,,ryu_controller,457802,49.8,60182528,9632,64760,74392,56,557.5784
2026-04-25T09:24:33.713496+00:00,recovery_scenario,iperf_tcp,30,6,,twin_core,457809,0.0,67244032,5347,1311,6658,0,0.0
2026-04-25T09:24:33.713496+00:00,recovery_scenario,iperf_tcp,30,6,,ryu_controller,457802,9.1,60182528,9647,64760,74407,15,136.3187
2026-04-25T09:24:33.814150+00:00,recovery_scenario,iperf_tcp,30,6,,twin_core,457809,0.0,67244032,5347,1311,6658,0,0.0
2026-04-25T09:24:33.814150+00:00,recovery_scenario,iperf_tcp,30,6,,ryu_controller,457802,10.0,60182528,9665,64761,74426,19,189.1822
2026-04-25T09:24:33.914702+00:00,recovery_scenario,iperf_tcp,30,6,,twin_core,457809,0.0,67244032,5347,1311,6658,0,0.0
2026-04-25T09:24:33.914702+00:00,recovery_scenario,iperf_tcp,30,6,,ryu_controller,457802,19.9,60182528,9686,64761,74447,21,208.5798
2026-04-25T09:24:34.016639+00:00,recovery_scenario,iperf_tcp,30,6,,twin_core,457809,0.0,67244032,5347,1311,6658,0,0.0
2026-04-25T09:24:34.016639+00:00,recovery_scenario,iperf_tcp,30,6,,ryu_controller,457802,9.8,60182528,9704,64761,74465,18,176.7524
2026-04-25T09:24:34.117116+00:00,recovery_scenario,iperf_tcp,30,6,,twin_core,457809,0.0,67244032,5347,1311,6658,0,0.0
2026-04-25T09:24:34.117116+00:00,recovery_scenario,iperf_tcp,30,6,,ryu_controller,457802,19.9,60182528,9720,64761,74481,16,159.145
2026-04-25T09:24:34.217642+00:00,recovery_scenario,iperf_tcp,30,6,,twin_core,457809,0.0,67244032,5347,1311,6658,0,0.0
2026-04-25T09:24:34.217642+00:00,recovery_scenario,iperf_tcp,30,6,,ryu_controller,457802,10.0,60182528,9750,64761,74511,30,298.6938
2026-04-25T09:24:34.318063+00:00,recovery_scenario,iperf_tcp,30,6,,twin_core,457809,0.0,67244032,5347,1311,6658,0,0.0
2026-04-25T09:24:34.318063+00:00,recovery_scenario,iperf_tcp,30,6,,ryu_controller,457802,0.0,60182528,9760,64761,74521,10,99.5831
2026-04-25T09:24:34.418487+00:00,recovery_scenario,iperf_tcp,30,6,,twin_core,457809,0.0,67244032,5347,1311,6658,0,0.0
2026-04-25T09:24:34.418487+00:00,recovery_scenario,iperf_tcp,30,6,,ryu_controller,457802,39.8,60182528,9789,64761,74550,29,288.4477
2026-04-25T09:24:34.519013+00:00,recovery_scenario,iperf_tcp,30,6,,twin_core,457809,0.0,67244032,5347,1311,6658,0,0.0
2026-04-25T09:24:34.519013+00:00,recovery_scenario,iperf_tcp,30,6,,ryu_controller,457802,19.9,60182528,9824,64761,74585,35,348.5528
2026-04-25T09:24:34.619472+00:00,recovery_scenario,iperf_tcp,30,6,,twin_core,457809,0.0,67244032,5347,1311,6658,0,0.0
2026-04-25T09:24:34.619472+00:00,recovery_scenario,iperf_tcp,30,6,,ryu_controller,457802,29.8,60182528,9854,64761,74615,30,298.2423
2026-04-25T09:24:34.721928+00:00,recovery_scenario,iperf_tcp,30,6,,twin_core,457809,0.0,67244032,5347,1311,6658,0,0.0
2026-04-25T09:24:34.721928+00:00,recovery_scenario,iperf_tcp,30,6,,ryu_controller,457802,9.8,60182528,9871,64761,74632,17,166.0834
2026-04-25T09:24:34.824155+00:00,recovery_scenario,iperf_tcp,30,6,,twin_core,457809,0.0,67244032,5347,1311,6658,0,0.0
2026-04-25T09:24:34.824155+00:00,recovery_scenario,iperf_tcp,30,6,,ryu_controller,457802,9.8,60182528,9890,64761,74651,19,185.8321
2026-04-25T09:24:34.924659+00:00,recovery_scenario,iperf_tcp,30,6,,twin_core,457809,0.0,67244032,5347,1311,6658,0,0.0
2026-04-25T09:24:34.924659+00:00,recovery_scenario,iperf_tcp,30,6,,ryu_controller,457802,29.9,60182528,9923,64761,74684,33,328.5169
2026-04-25T09:24:35.025093+00:00,recovery_scenario,iperf_tcp,30,6,,twin_core,457809,0.0,67244032,5347,1311,6658,0,0.0
2026-04-25T09:24:35.025093+00:00,recovery_scenario,iperf_tcp,30,6,,ryu_controller,457802,10.0,60182528,9948,64761,74709,25,248.7646
2026-04-25T09:24:35.126930+00:00,recovery_scenario,iperf_tcp,30,6,,twin_core,457809,0.0,67244032,5347,1311,6658,0,0.0
2026-04-25T09:24:35.126930+00:00,recovery_scenario,iperf_tcp,30,6,,ryu_controller,457802,9.8,60182528,9964,64761,74725,16,157.0512
2026-04-25T09:24:35.232045+00:00,recovery_scenario,iperf_tcp,30,6,,twin_core,457809,0.0,67244032,5347,1311,6658,0,0.0
2026-04-25T09:24:35.232045+00:00,recovery_scenario,iperf_tcp,30,6,,ryu_controller,457802,0.0,60182528,9975,64761,74736,11,104.1686
2026-04-25T09:24:35.333246+00:00,recovery_scenario,iperf_tcp,30,6,,twin_core,457809,19.8,67244032,5352,1311,6663,5,49.5365
2026-04-25T09:24:35.333246+00:00,recovery_scenario,iperf_tcp,30,6,,ryu_controller,457802,39.7,60182528,10038,64761,74799,63,625.9344
2026-04-25T09:24:35.433792+00:00,recovery_scenario,iperf_tcp,30,6,,twin_core,457809,0.0,67244032,5355,1311,6666,3,29.8272
2026-04-25T09:24:35.433792+00:00,recovery_scenario,iperf_tcp,30,6,,ryu_controller,457802,29.8,60182528,10060,64761,74821,22,218.6951
2026-04-25T09:24:35.534357+00:00,recovery_scenario,iperf_tcp,30,6,,twin_core,457809,0.0,67244032,5358,1311,6669,3,29.8359
2026-04-25T09:24:35.534357+00:00,recovery_scenario,iperf_tcp,30,6,,ryu_controller,457802,9.9,60182528,10079,64761,74840,19,188.9532
2026-04-25T09:24:35.634871+00:00,recovery_scenario,iperf_tcp,30,6,,twin_core,457809,0.0,67244032,5361,1311,6672,3,29.8457
2026-04-25T09:24:35.634871+00:00,recovery_scenario,iperf_tcp,30,6,,ryu_controller,457802,39.8,60182528,10129,64762,74891,51,507.4735
2026-04-25T09:24:35.735384+00:00,recovery_scenario,iperf_tcp,30,6,,twin_core,457809,0.0,67244032,5364,1311,6675,3,29.8307
2026-04-25T09:24:35.735384+00:00,recovery_scenario,iperf_tcp,30,6,,ryu_controller,457802,19.9,60182528,10137,64762,74899,8,79.507
2026-04-25T09:24:35.840904+00:00,recovery_scenario,iperf_tcp,30,6,,twin_core,457809,0.0,67244032,5364,1311,6675,0,0.0
2026-04-25T09:24:35.840904+00:00,recovery_scenario,iperf_tcp,30,6,,ryu_controller,457802,9.5,60182528,10149,64762,74911,12,113.802
2026-04-25T09:24:35.944429+00:00,recovery_scenario,iperf_tcp,30,6,,twin_core,457809,0.0,67244032,5367,1311,6678,3,28.9229
2026-04-25T09:24:35.944429+00:00,recovery_scenario,iperf_tcp,30,6,,ryu_controller,457802,9.6,60182528,10164,64762,74926,15,144.5916
2026-04-25T09:24:36.045168+00:00,recovery_scenario,iperf_tcp,30,6,,twin_core,457809,9.9,67244032,5373,1311,6684,6,59.7273
2026-04-25T09:24:36.045168+00:00,recovery_scenario,iperf_tcp,30,6,,ryu_controller,457802,0.0,60182528,10179,64762,74941,15,149.3714
2026-04-25T09:24:36.145728+00:00,recovery_scenario,iperf_tcp,30,6,,twin_core,457809,0.0,67244032,5379,1311,6690,6,59.6332
2026-04-25T09:24:36.145728+00:00,recovery_scenario,iperf_tcp,30,6,,ryu_controller,457802,29.8,60182528,10209,64762,74971,30,298.1293
2026-04-25T09:24:36.248374+00:00,recovery_scenario,iperf_tcp,30,6,,twin_core,457809,0.0,67244032,5382,1311,6693,3,29.1742
2026-04-25T09:24:36.248374+00:00,recovery_scenario,iperf_tcp,30,6,,ryu_controller,457802,9.7,60182528,10224,64762,74986,15,145.8558
2026-04-25T09:24:36.349856+00:00,recovery_scenario,iperf_tcp,30,6,,twin_core,457809,0.0,67244032,5385,1311,6696,3,29.5964
2026-04-25T09:24:36.349856+00:00,recovery_scenario,iperf_tcp,30,6,,ryu_controller,457802,9.9,60182528,10238,64762,75000,14,138.112
2026-04-25T09:24:36.451665+00:00,recovery_scenario,iperf_tcp,30,6,,twin_core,457809,0.0,67244032,5388,1311,6699,3,29.4771
2026-04-25T09:24:36.451665+00:00,recovery_scenario,iperf_tcp,30,6,,ryu_controller,457802,9.8,60182528,10250,64762,75012,12,117.823
2026-04-25T09:24:36.552269+00:00,recovery_scenario,iperf_tcp,30,6,,twin_core,457809,0.0,67244032,5397,1311,6708,9,89.5207
2026-04-25T09:24:36.552269+00:00,recovery_scenario,iperf_tcp,30,6,,ryu_controller,457802,0.0,60182528,10259,64762,75021,9,89.6165
2026-04-25T09:24:36.652866+00:00,recovery_scenario,iperf_tcp,30,6,,twin_core,457809,0.0,67244032,5400,1311,6711,3,29.8023
2026-04-25T09:24:36.652866+00:00,recovery_scenario,iperf_tcp,30,6,,ryu_controller,457802,19.9,60182528,10278,64762,75040,19,188.6873
2026-04-25T09:24:36.753415+00:00,recovery_scenario,iperf_tcp,30,6,,twin_core,457809,0.0,67244032,5403,1311,6714,3,29.8355
2026-04-25T09:24:36.753415+00:00,recovery_scenario,iperf_tcp,30,6,,ryu_controller,457802,0.0,60182528,10292,64762,75054,14,139.2323
2026-04-25T09:24:36.853960+00:00,recovery_scenario,iperf_tcp,30,6,,twin_core,457809,0.0,67244032,5406,1311,6717,3,29.8549
2026-04-25T09:24:36.853960+00:00,recovery_scenario,iperf_tcp,30,6,,ryu_controller,457802,10.0,60182528,10304,64762,75066,12,119.4535
2026-04-25T09:24:36.955502+00:00,recovery_scenario,iperf_tcp,30,6,,twin_core,457809,0.0,67244032,5409,1311,6720,3,29.5145
2026-04-25T09:24:36.955502+00:00,recovery_scenario,iperf_tcp,30,6,,ryu_controller,457802,9.8,60182528,10317,64762,75079,13,127.88
2026-04-25T09:24:37.056061+00:00,recovery_scenario,iperf_tcp,30,6,,twin_core,457809,9.9,67244032,5415,1311,6726,6,59.6958
2026-04-25T09:24:37.056061+00:00,recovery_scenario,iperf_tcp,30,6,,ryu_controller,457802,0.0,60182528,10322,64762,75084,5,49.7409
2026-04-25T09:24:37.156672+00:00,recovery_scenario,iperf_tcp,30,6,,twin_core,457809,0.0,67244032,5424,1311,6735,9,89.4413
2026-04-25T09:24:37.156672+00:00,recovery_scenario,iperf_tcp,30,6,,ryu_controller,457802,9.9,60182528,10341,64762,75103,19,188.8308
2026-04-25T09:24:37.257198+00:00,recovery_scenario,iperf_tcp,30,6,,twin_core,457809,0.0,67244032,5430,1311,6741,6,59.7286
2026-04-25T09:24:37.257198+00:00,recovery_scenario,iperf_tcp,30,6,,ryu_controller,457802,10.0,60182528,10359,64762,75121,18,179.185
2026-04-25T09:24:37.359395+00:00,recovery_scenario,iperf_tcp,30,6,,twin_core,457809,9.8,67248128,5430,1311,6741,0,0.0
2026-04-25T09:24:37.359395+00:00,recovery_scenario,iperf_tcp,30,6,,ryu_controller,457802,78.1,60182528,10413,64762,75175,54,527.2566
2026-04-25T09:24:37.460222+00:00,recovery_scenario,iperf_tcp,30,6,,twin_core,457809,9.9,67248128,5439,1311,6750,9,89.4156
2026-04-25T09:24:37.460222+00:00,recovery_scenario,iperf_tcp,30,6,,ryu_controller,457802,9.9,60182528,10421,64762,75183,8,79.4249
2026-04-25T09:24:37.560825+00:00,recovery_scenario,iperf_tcp,30,6,,twin_core,457809,0.0,67248128,5448,1311,6759,9,89.4901
2026-04-25T09:24:37.560825+00:00,recovery_scenario,iperf_tcp,30,6,,ryu_controller,457802,9.9,60182528,10446,64762,75208,25,248.8935
2026-04-25T09:24:37.661242+00:00,recovery_scenario,iperf_tcp,30,6,,twin_core,457809,0.0,67248128,5451,1311,6762,3,29.8711
2026-04-25T09:24:37.661242+00:00,recovery_scenario,iperf_tcp,30,6,,ryu_controller,457802,19.9,60182528,10469,64762,75231,23,228.9828
2026-04-25T09:24:37.761784+00:00,recovery_scenario,iperf_tcp,30,6,,twin_core,457809,0.0,67248128,5451,1311,6762,0,0.0
2026-04-25T09:24:37.761784+00:00,recovery_scenario,iperf_tcp,30,6,,ryu_controller,457802,59.6,60182528,10508,64764,75272,41,407.4135
2026-04-25T09:24:37.862325+00:00,recovery_scenario,iperf_tcp,30,6,,twin_core,457809,0.0,67248128,5457,1311,6768,6,59.6974
2026-04-25T09:24:37.862325+00:00,recovery_scenario,iperf_tcp,30,6,,ryu_controller,457802,0.0,60182528,10511,64764,75275,3,29.838
2026-04-25T09:24:37.962846+00:00,recovery_scenario,iperf_tcp,30,6,,twin_core,457809,0.0,67248128,5466,1311,6777,9,89.5906
2026-04-25T09:24:37.962846+00:00,recovery_scenario,iperf_tcp,30,6,,ryu_controller,457802,10.0,60182528,10524,64764,75288,13,129.4894
2026-04-25T09:24:38.063239+00:00,recovery_scenario,iperf_tcp,30,6,,twin_core,457809,0.0,67248128,5472,1311,6783,6,59.7616
2026-04-25T09:24:38.063239+00:00,recovery_scenario,iperf_tcp,30,6,,ryu_controller,457802,10.0,60182528,10546,64765,75311,23,229.0601
2026-04-25T09:24:38.165240+00:00,recovery_scenario,iperf_tcp,30,6,,twin_core,457809,0.0,67248128,5472,1311,6783,0,0.0
2026-04-25T09:24:38.165240+00:00,recovery_scenario,iperf_tcp,30,6,,ryu_controller,457802,19.5,60182528,10558,64765,75323,12,117.2205
2026-04-25T09:24:38.266949+00:00,recovery_scenario,iperf_tcp,30,6,,twin_core,457809,0.0,67248128,5475,1311,6786,3,29.5641
2026-04-25T09:24:38.266949+00:00,recovery_scenario,iperf_tcp,30,6,,ryu_controller,457802,9.9,60182528,10573,64765,75338,15,147.8604
2026-04-25T09:24:38.367493+00:00,recovery_scenario,iperf_tcp,30,6,,twin_core,457809,10.0,67248128,5484,1311,6795,9,89.476
2026-04-25T09:24:38.367493+00:00,recovery_scenario,iperf_tcp,30,6,,ryu_controller,457802,9.9,60182528,10606,64765,75371,33,328.0281
2026-04-25T09:24:38.471235+00:00,recovery_scenario,iperf_tcp,30,6,,twin_core,457809,0.0,67248128,5493,1311,6804,9,86.1644
2026-04-25T09:24:38.471235+00:00,recovery_scenario,iperf_tcp,30,6,,ryu_controller,457802,9.6,60182528,10621,64765,75386,15,142.9926
2026-04-25T09:24:38.573070+00:00,recovery_scenario,iperf_tcp,30,6,,twin_core,457809,0.0,67248128,5493,1311,6804,0,0.0
2026-04-25T09:24:38.573070+00:00,recovery_scenario,iperf_tcp,30,6,,ryu_controller,457802,39.6,60182528,10653,64765,75418,32,318.0537
2026-04-25T09:24:38.673745+00:00,recovery_scenario,iperf_tcp,30,6,,twin_core,457809,0.0,67248128,5496,1311,6807,3,29.802
2026-04-25T09:24:38.673745+00:00,recovery_scenario,iperf_tcp,30,6,,ryu_controller,457802,9.9,60182528,10671,64765,75436,18,178.8095
2026-04-25T09:24:38.775530+00:00,recovery_scenario,iperf_tcp,30,6,,twin_core,457809,0.0,67248128,5502,1311,6813,6,58.8902
2026-04-25T09:24:38.775530+00:00,recovery_scenario,iperf_tcp,30,6,,ryu_controller,457802,0.0,60182528,10685,64765,75450,14,137.4203
2026-04-25T09:24:38.876673+00:00,recovery_scenario,iperf_tcp,30,6,,twin_core,457809,0.0,67248128,5508,1311,6819,6,59.3852
2026-04-25T09:24:38.876673+00:00,recovery_scenario,iperf_tcp,30,6,,ryu_controller,457802,0.0,60182528,10688,64765,75453,3,29.6927
2026-04-25T09:24:38.981810+00:00,recovery_scenario,iperf_tcp,30,6,,twin_core,457809,0.0,67248128,5511,1311,6822,3,28.5115
2026-04-25T09:24:38.981810+00:00,recovery_scenario,iperf_tcp,30,6,,ryu_controller,457802,0.0,60182528,10689,64765,75454,1,9.4836
2026-04-25T09:24:39.082662+00:00,recovery_scenario,iperf_tcp,30,6,,twin_core,457809,0.0,67248128,5514,1311,6825,3,29.7605
2026-04-25T09:24:39.082662+00:00,recovery_scenario,iperf_tcp,30,6,,ryu_controller,457802,19.9,60182528,10714,64765,75479,25,248.5592
2026-04-25T09:24:39.108189+00:00,recovery_scenario,iperf_tcp,30,6,pingall_completed,,,,,,,,,
2026-04-25T09:24:39.192097+00:00,recovery_scenario,iperf_tcp,30,6,,twin_core,457809,9.1,67248128,5525,1311,6836,11,100.5201
2026-04-25T09:24:39.192097+00:00,recovery_scenario,iperf_tcp,30,6,,ryu_controller,457802,0.0,60182528,10718,64765,75483,4,36.4835
2026-04-25T09:24:39.294445+00:00,recovery_scenario,iperf_tcp,30,6,,twin_core,457809,0.0,67248128,5525,1311,6836,0,0.0
2026-04-25T09:24:39.294445+00:00,recovery_scenario,iperf_tcp,30,6,,ryu_controller,457802,9.8,60182528,10722,64765,75487,4,39.1259
2026-04-25T09:24:39.395076+00:00,recovery_scenario,iperf_tcp,30,6,,twin_core,457809,0.0,67248128,5525,1311,6836,0,0.0
2026-04-25T09:24:39.395076+00:00,recovery_scenario,iperf_tcp,30,6,,ryu_controller,457802,29.9,60182528,10741,64765,75506,19,189.2296
2026-04-25T09:24:39.505259+00:00,recovery_scenario,iperf_tcp,30,6,,twin_core,457809,9.1,67276800,5525,1311,6836,0,0.0
2026-04-25T09:24:39.505259+00:00,recovery_scenario,iperf_tcp,30,6,,ryu_controller,457802,36.2,60260352,10777,64766,75543,37,335.2552
2026-04-25T09:24:39.608865+00:00,recovery_scenario,iperf_tcp,30,6,,twin_core,457809,9.7,67276800,5525,1311,6836,0,0.0
2026-04-25T09:24:39.608865+00:00,recovery_scenario,iperf_tcp,30,6,,ryu_controller,457802,9.7,60260352,10781,64766,75547,4,38.6054
2026-04-25T09:24:39.716688+00:00,recovery_scenario,iperf_tcp,30,6,,twin_core,457809,0.0,67276800,5525,1311,6836,0,0.0
2026-04-25T09:24:39.716688+00:00,recovery_scenario,iperf_tcp,30,6,,ryu_controller,457802,0.0,60260352,10784,64766,75550,3,27.7738
2026-04-25T09:24:39.817523+00:00,recovery_scenario,iperf_tcp,30,6,,twin_core,457809,0.0,67276800,5525,1311,6836,0,0.0
2026-04-25T09:24:39.817523+00:00,recovery_scenario,iperf_tcp,30,6,,ryu_controller,457802,69.5,60260352,10826,64767,75593,43,427.2615
2026-04-25T09:24:39.920867+00:00,recovery_scenario,iperf_tcp,30,6,,twin_core,457809,0.0,67276800,5525,1311,6836,0,0.0
2026-04-25T09:24:39.920867+00:00,recovery_scenario,iperf_tcp,30,6,,ryu_controller,457802,19.4,60260352,10838,64767,75605,12,116.1174
2026-04-25T09:24:40.024486+00:00,recovery_scenario,iperf_tcp,30,6,,twin_core,457809,0.0,67276800,5525,1311,6836,0,0.0
2026-04-25T09:24:40.024486+00:00,recovery_scenario,iperf_tcp,30,6,,ryu_controller,457802,0.0,60260352,10841,64767,75608,3,28.8766
2026-04-25T09:24:40.125374+00:00,recovery_scenario,iperf_tcp,30,6,,twin_core,457809,0.0,67276800,5525,1311,6836,0,0.0
2026-04-25T09:24:40.125374+00:00,recovery_scenario,iperf_tcp,30,6,,ryu_controller,457802,0.0,60260352,10844,64767,75611,3,28.8653
2026-04-25T09:24:40.229359+00:00,recovery_scenario,iperf_tcp,30,6,,twin_core,457809,0.0,67276800,5533,1311,6844,8,76.9915
2026-04-25T09:24:40.229359+00:00,recovery_scenario,iperf_tcp,30,6,,ryu_controller,457802,0.0,60260352,10847,64767,75614,3,29.8226
2026-04-25T09:24:40.329910+00:00,recovery_scenario,iperf_tcp,30,6,,twin_core,457809,0.0,67276800,5533,1311,6844,0,0.0
2026-04-25T09:24:40.329910+00:00,recovery_scenario,iperf_tcp,30,6,,ryu_controller,457802,10.0,60260352,10851,64767,75618,4,39.8148
2026-04-25T09:24:40.430434+00:00,recovery_scenario,iperf_tcp,30,6,,twin_core,457809,0.0,67276800,5533,1311,6844,0,0.0
2026-04-25T09:24:40.430434+00:00,recovery_scenario,iperf_tcp,30,6,,ryu_controller,457802,0.0,60260352,10870,64767,75637,19,188.6758
2026-04-25T09:24:40.532691+00:00,recovery_scenario,iperf_tcp,30,6,,twin_core,457809,0.0,67276800,5533,1311,6844,0,0.0
2026-04-25T09:24:40.532691+00:00,recovery_scenario,iperf_tcp,30,6,,ryu_controller,457802,0.0,60260352,10879,64768,75647,10,97.125
2026-04-25T09:24:40.634349+00:00,recovery_scenario,iperf_tcp,30,6,,twin_core,457809,0.0,67276800,5533,1311,6844,0,0.0
2026-04-25T09:24:40.634349+00:00,recovery_scenario,iperf_tcp,30,6,,ryu_controller,457802,0.0,60260352,10882,64773,75655,8,78.4959
2026-04-25T09:24:40.736963+00:00,recovery_scenario,iperf_tcp,30,6,,twin_core,457809,0.0,67276800,5533,1311,6844,0,0.0
2026-04-25T09:24:40.736963+00:00,recovery_scenario,iperf_tcp,30,6,,ryu_controller,457802,0.0,60260352,10885,64779,75664,9,88.6542
2026-04-25T09:24:40.838747+00:00,recovery_scenario,iperf_tcp,30,6,,twin_core,457809,0.0,67276800,5533,1311,6844,0,0.0
2026-04-25T09:24:40.838747+00:00,recovery_scenario,iperf_tcp,30,6,,ryu_controller,457802,0.0,60260352,10909,64786,75695,31,304.4549
2026-04-25T09:24:40.940642+00:00,recovery_scenario,iperf_tcp,30,6,,twin_core,457809,0.0,67276800,5533,1311,6844,0,0.0
2026-04-25T09:24:40.940642+00:00,recovery_scenario,iperf_tcp,30,6,,ryu_controller,457802,9.8,60260352,10913,64792,75705,10,98.1294
2026-04-25T09:24:41.041737+00:00,recovery_scenario,iperf_tcp,30,6,,twin_core,457809,0.0,67276800,5533,1311,6844,0,0.0
2026-04-25T09:24:41.041737+00:00,recovery_scenario,iperf_tcp,30,6,,ryu_controller,457802,0.0,60260352,10918,64797,75715,10,94.7716
2026-04-25T09:24:41.131997+00:00,recovery_scenario,iperf_tcp,30,6,background_traffic_started,,,,,,,,,
2026-04-25T09:24:41.147479+00:00,recovery_scenario,iperf_tcp,30,6,,twin_core,457809,9.5,67276800,5537,1319,6856,12,118.3695
2026-04-25T09:24:41.147479+00:00,recovery_scenario,iperf_tcp,30,6,,ryu_controller,457802,0.0,60260352,10923,64816,75739,24,236.8127
2026-04-25T09:24:41.248944+00:00,recovery_scenario,iperf_tcp,30,6,,twin_core,457809,0.0,67276800,5554,1344,6898,42,414.4714
2026-04-25T09:24:41.248944+00:00,recovery_scenario,iperf_tcp,30,6,,ryu_controller,457802,39.5,60260352,10942,64967,75909,170,1677.6581
2026-04-25T09:24:41.334417+00:00,recovery_scenario,iperf_tcp,30,6,fault_injected,,,,,,,,,
2026-04-25T09:24:41.349364+00:00,recovery_scenario,iperf_tcp,30,6,,twin_core,457809,10.0,67276800,5566,1359,6925,27,263.0178
2026-04-25T09:24:41.349364+00:00,recovery_scenario,iperf_tcp,30,6,,ryu_controller,457802,39.0,60260352,10953,65098,76051,142,1382.8366
2026-04-25T09:24:41.452703+00:00,recovery_scenario,iperf_tcp,30,6,,twin_core,457809,0.0,67276800,5566,1359,6925,0,0.0
2026-04-25T09:24:41.452703+00:00,recovery_scenario,iperf_tcp,30,6,,ryu_controller,457802,39.2,60260352,10953,65282,76235,184,1800.5753
2026-04-25T09:24:41.554239+00:00,recovery_scenario,iperf_tcp,30,6,,twin_core,457809,0.0,67276800,5566,1359,6925,0,0.0
2026-04-25T09:24:41.554239+00:00,recovery_scenario,iperf_tcp,30,6,,ryu_controller,457802,39.8,60260352,10953,65433,76386,151,1502.9321
2026-04-25T09:24:41.655693+00:00,recovery_scenario,iperf_tcp,30,6,,twin_core,457809,9.9,67276800,5566,1359,6925,0,0.0
2026-04-25T09:24:41.655693+00:00,recovery_scenario,iperf_tcp,30,6,,ryu_controller,457802,59.1,60260352,10953,65725,76678,292,2876.1041
2026-04-25T09:24:41.756231+00:00,recovery_scenario,iperf_tcp,30,6,,twin_core,457809,0.0,67276800,5566,1359,6925,0,0.0
2026-04-25T09:24:41.756231+00:00,recovery_scenario,iperf_tcp,30,6,,ryu_controller,457802,79.6,60260352,10953,66024,76977,299,2950.1175
2026-04-25T09:24:41.857695+00:00,recovery_scenario,iperf_tcp,30,6,,twin_core,457809,0.0,67276800,5567,1359,6926,1,9.7952
2026-04-25T09:24:41.857695+00:00,recovery_scenario,iperf_tcp,30,6,,ryu_controller,457802,68.4,60260352,10953,66440,77393,416,4091.9048
2026-04-25T09:24:41.959704+00:00,recovery_scenario,iperf_tcp,30,6,,twin_core,457809,0.0,67276800,5567,1359,6926,0,0.0
2026-04-25T09:24:41.959704+00:00,recovery_scenario,iperf_tcp,30,6,,ryu_controller,457802,79.1,60260352,10953,66868,77821,428,4236.8328
2026-04-25T09:24:42.060956+00:00,recovery_scenario,iperf_tcp,30,6,,twin_core,457809,0.0,67276800,5567,1359,6926,0,0.0
2026-04-25T09:24:42.060956+00:00,recovery_scenario,iperf_tcp,30,6,,ryu_controller,457802,68.6,60260352,10953,67259,78212,391,3835.8601
2026-04-25T09:24:42.162182+00:00,recovery_scenario,iperf_tcp,30,6,,twin_core,457809,0.0,67276800,5567,1359,6926,0,0.0
2026-04-25T09:24:42.162182+00:00,recovery_scenario,iperf_tcp,30,6,,ryu_controller,457802,79.6,60264448,10953,67531,78484,272,2708.1108
2026-04-25T09:24:42.263142+00:00,recovery_scenario,iperf_tcp,30,6,,twin_core,457809,9.9,67276800,5567,1359,6926,0,0.0
2026-04-25T09:24:42.263142+00:00,recovery_scenario,iperf_tcp,30,6,,ryu_controller,457802,69.1,60264448,10953,67861,78814,330,3250.1582
2026-04-25T09:24:42.364451+00:00,recovery_scenario,iperf_tcp,30,6,,twin_core,457809,0.0,67276800,5568,1360,6928,2,19.3043
2026-04-25T09:24:42.364451+00:00,recovery_scenario,iperf_tcp,30,6,,ryu_controller,457802,77.5,60264448,10953,68141,79094,280,2718.3494
2026-04-25T09:24:42.467175+00:00,recovery_scenario,iperf_tcp,30,6,,twin_core,457809,0.0,67276800,5568,1360,6928,0,0.0
2026-04-25T09:24:42.467175+00:00,recovery_scenario,iperf_tcp,30,6,,ryu_controller,457802,89.6,60264448,10953,68272,79225,131,1304.1003
2026-04-25T09:24:42.567754+00:00,recovery_scenario,iperf_tcp,30,6,,twin_core,457809,0.0,67276800,5568,1360,6928,0,0.0
2026-04-25T09:24:42.567754+00:00,recovery_scenario,iperf_tcp,30,6,,ryu_controller,457802,59.6,60264448,10953,68403,79356,131,1302.2049
2026-04-25T09:24:42.669947+00:00,recovery_scenario,iperf_tcp,30,6,,twin_core,457809,0.0,67276800,5568,1360,6928,0,0.0
2026-04-25T09:24:42.669947+00:00,recovery_scenario,iperf_tcp,30,6,,ryu_controller,457802,68.5,60264448,10953,68532,79485,129,1262.5611
2026-04-25T09:24:42.770499+00:00,recovery_scenario,iperf_tcp,30,6,,twin_core,457809,0.0,67276800,5568,1360,6928,0,0.0
2026-04-25T09:24:42.770499+00:00,recovery_scenario,iperf_tcp,30,6,,ryu_controller,457802,59.5,60264448,10953,68651,79604,119,1178.8483
2026-04-25T09:24:42.873686+00:00,recovery_scenario,iperf_tcp,30,6,,twin_core,457809,0.0,67276800,5569,1361,6930,2,19.3887
2026-04-25T09:24:42.873686+00:00,recovery_scenario,iperf_tcp,30,6,,ryu_controller,457802,58.2,60264448,10953,68744,79697,93,902.6233
2026-04-25T09:24:42.974364+00:00,recovery_scenario,iperf_tcp,30,6,,twin_core,457809,0.0,67276800,5569,1361,6930,0,0.0
2026-04-25T09:24:42.974364+00:00,recovery_scenario,iperf_tcp,30,6,,ryu_controller,457802,69.6,60264448,10953,68812,79765,68,675.8207
2026-04-25T09:24:43.075027+00:00,recovery_scenario,iperf_tcp,30,6,,twin_core,457809,0.0,67276800,5569,1361,6930,0,0.0
2026-04-25T09:24:43.075027+00:00,recovery_scenario,iperf_tcp,30,6,,ryu_controller,457802,69.6,60264448,10953,68906,79859,94,935.4853
2026-04-25T09:24:43.178432+00:00,recovery_scenario,iperf_tcp,30,6,,twin_core,457809,0.0,67276800,5569,1361,6930,0,0.0
2026-04-25T09:24:43.178432+00:00,recovery_scenario,iperf_tcp,30,6,,ryu_controller,457802,67.5,60264448,10953,68989,79942,83,800.1037
2026-04-25T09:24:43.281183+00:00,recovery_scenario,iperf_tcp,30,6,,twin_core,457809,0.0,67276800,5569,1361,6930,0,0.0
2026-04-25T09:24:43.281183+00:00,recovery_scenario,iperf_tcp,30,6,,ryu_controller,457802,58.5,60264448,10953,69159,80112,170,1658.7709
2026-04-25T09:24:43.384677+00:00,recovery_scenario,iperf_tcp,30,6,,twin_core,457809,0.0,67276800,5570,1361,6931,1,9.6623
2026-04-25T09:24:43.384677+00:00,recovery_scenario,iperf_tcp,30,6,,ryu_controller,457802,67.5,60264448,10953,69241,80194,82,790.7071
2026-04-25T09:24:43.485432+00:00,recovery_scenario,iperf_tcp,30,6,,twin_core,457809,0.0,67276800,5570,1361,6931,0,0.0
2026-04-25T09:24:43.485432+00:00,recovery_scenario,iperf_tcp,30,6,,ryu_controller,457802,59.5,60264448,10953,69417,80370,176,1745.8553
2026-04-25T09:24:43.586200+00:00,recovery_scenario,iperf_tcp,30,6,,twin_core,457809,0.0,67276800,5570,1361,6931,0,0.0
2026-04-25T09:24:43.586200+00:00,recovery_scenario,iperf_tcp,30,6,,ryu_controller,457802,79.7,60264448,10953,69622,80575,205,2042.1356
2026-04-25T09:24:43.686602+00:00,recovery_scenario,iperf_tcp,30,6,,twin_core,457809,0.0,67276800,5570,1361,6931,0,0.0
2026-04-25T09:24:43.686602+00:00,recovery_scenario,iperf_tcp,30,6,,ryu_controller,457802,69.6,60264448,10953,69850,80803,228,2266.9598
2026-04-25T09:24:43.787176+00:00,recovery_scenario,iperf_tcp,30,6,,twin_core,457809,0.0,67276800,5570,1361,6931,0,0.0
2026-04-25T09:24:43.787176+00:00,recovery_scenario,iperf_tcp,30,6,,ryu_controller,457802,69.7,60264448,10953,70039,80992,189,1881.9659
2026-04-25T09:24:43.887742+00:00,recovery_scenario,iperf_tcp,30,6,,twin_core,457809,9.9,67276800,5571,1361,6932,1,9.9361
2026-04-25T09:24:43.887742+00:00,recovery_scenario,iperf_tcp,30,6,,ryu_controller,457802,79.5,60264448,10953,70233,81186,194,1927.4734
2026-04-25T09:24:43.989733+00:00,recovery_scenario,iperf_tcp,30,6,,twin_core,457809,0.0,67276800,5571,1361,6932,0,0.0
2026-04-25T09:24:43.989733+00:00,recovery_scenario,iperf_tcp,30,6,,ryu_controller,457802,78.5,60264448,10953,70498,81451,265,2599.383
2026-04-25T09:24:44.090191+00:00,recovery_scenario,iperf_tcp,30,6,,twin_core,457809,0.0,67276800,5571,1361,6932,0,0.0
2026-04-25T09:24:44.090191+00:00,recovery_scenario,iperf_tcp,30,6,,ryu_controller,457802,79.6,60264448,10953,70800,81753,302,3006.686
2026-04-25T09:24:44.192823+00:00,recovery_scenario,iperf_tcp,30,6,,twin_core,457809,0.0,67276800,5571,1361,6932,0,0.0
2026-04-25T09:24:44.192823+00:00,recovery_scenario,iperf_tcp,30,6,,ryu_controller,457802,87.7,60264448,10953,71178,82131,378,3683.6564
2026-04-25T09:24:44.294737+00:00,recovery_scenario,iperf_tcp,30,6,,twin_core,457809,0.0,67276800,5571,1361,6932,0,0.0
2026-04-25T09:24:44.294737+00:00,recovery_scenario,iperf_tcp,30,6,,ryu_controller,457802,78.5,60264448,10953,71460,82413,282,2765.7357
2026-04-25T09:24:44.395307+00:00,recovery_scenario,iperf_tcp,30,6,,twin_core,457809,0.0,67276800,5572,1361,6933,1,9.9453
2026-04-25T09:24:44.395307+00:00,recovery_scenario,iperf_tcp,30,6,,ryu_controller,457802,69.6,60264448,10953,71717,82670,257,2553.3949
2026-04-25T09:24:44.495899+00:00,recovery_scenario,iperf_tcp,30,6,,twin_core,457809,0.0,67276800,5572,1361,6933,0,0.0
2026-04-25T09:24:44.495899+00:00,recovery_scenario,iperf_tcp,30,6,,ryu_controller,457802,89.4,60264448,10953,72034,82987,317,3147.1549
2026-04-25T09:24:44.596656+00:00,recovery_scenario,iperf_tcp,30,6,,twin_core,457809,0.0,67276800,5572,1361,6933,0,0.0
2026-04-25T09:24:44.596656+00:00,recovery_scenario,iperf_tcp,30,6,,ryu_controller,457802,59.0,60264448,10953,72250,83203,216,2103.6387
2026-04-25T09:24:44.699368+00:00,recovery_scenario,iperf_tcp,30,6,,twin_core,457809,0.0,67276800,5572,1361,6933,0,0.0
2026-04-25T09:24:44.699368+00:00,recovery_scenario,iperf_tcp,30,6,,ryu_controller,457802,77.6,60264448,10953,72459,83412,209,2048.5389
2026-04-25T09:24:44.801777+00:00,recovery_scenario,iperf_tcp,30,6,,twin_core,457809,9.8,67276800,5572,1361,6933,0,0.0
2026-04-25T09:24:44.801777+00:00,recovery_scenario,iperf_tcp,30,6,,ryu_controller,457802,69.2,60264448,10953,72628,83581,169,1670.1637
2026-04-25T09:24:44.903681+00:00,recovery_scenario,iperf_tcp,30,6,,twin_core,457809,0.0,67276800,5573,1361,6934,1,9.8115
2026-04-25T09:24:44.903681+00:00,recovery_scenario,iperf_tcp,30,6,,ryu_controller,457802,68.7,60264448,10953,72761,83714,133,1306.5456
2026-04-25T09:24:45.004785+00:00,recovery_scenario,iperf_tcp,30,6,,twin_core,457809,0.0,67276800,5573,1361,6934,0,0.0
2026-04-25T09:24:45.004785+00:00,recovery_scenario,iperf_tcp,30,6,,ryu_controller,457802,78.3,60264448,10953,72920,83873,159,1556.8905
2026-04-25T09:24:45.108361+00:00,recovery_scenario,iperf_tcp,30,6,,twin_core,457809,0.0,67276800,5573,1361,6934,0,0.0
2026-04-25T09:24:45.108361+00:00,recovery_scenario,iperf_tcp,30,6,,ryu_controller,457802,67.8,60264448,10953,73061,84014,141,1366.0704
2026-04-25T09:24:45.209765+00:00,recovery_scenario,iperf_tcp,30,6,,twin_core,457809,0.0,67276800,5573,1361,6934,0,0.0
2026-04-25T09:24:45.209765+00:00,recovery_scenario,iperf_tcp,30,6,,ryu_controller,457802,69.5,60264448,10953,73232,84185,171,1698.0426
2026-04-25T09:24:45.311753+00:00,recovery_scenario,iperf_tcp,30,6,,twin_core,457809,0.0,67276800,5573,1361,6934,0,0.0
2026-04-25T09:24:45.311753+00:00,recovery_scenario,iperf_tcp,30,6,,ryu_controller,457802,68.0,60264448,10953,73605,84558,373,3596.7142
2026-04-25T09:24:45.414285+00:00,recovery_scenario,iperf_tcp,30,6,,twin_core,457809,0.0,67276800,5574,1361,6935,1,9.7143
2026-04-25T09:24:45.414285+00:00,recovery_scenario,iperf_tcp,30,6,,ryu_controller,457802,68.5,60264448,10953,73994,84947,389,3835.563
2026-04-25T09:24:45.515657+00:00,recovery_scenario,iperf_tcp,30,6,,twin_core,457809,0.0,67276800,5574,1361,6935,0,0.0
2026-04-25T09:24:45.515657+00:00,recovery_scenario,iperf_tcp,30,6,,ryu_controller,457802,78.7,60264448,10953,74254,85207,260,2555.394
2026-04-25T09:24:45.618824+00:00,recovery_scenario,iperf_tcp,30,6,,twin_core,457809,19.4,67276800,5574,1361,6935,0,0.0
2026-04-25T09:24:45.618824+00:00,recovery_scenario,iperf_tcp,30,6,,ryu_controller,457802,29.0,60264448,10960,74375,85335,128,1228.3276
2026-04-25T09:24:45.721703+00:00,recovery_scenario,iperf_tcp,30,6,,twin_core,457809,0.0,67276800,5574,1361,6935,0,0.0
2026-04-25T09:24:45.721703+00:00,recovery_scenario,iperf_tcp,30,6,,ryu_controller,457802,19.6,60264448,10977,74419,85396,61,604.9915
2026-04-25T09:24:45.822250+00:00,recovery_scenario,iperf_tcp,30,6,,twin_core,457809,0.0,67276800,5574,1361,6935,0,0.0
2026-04-25T09:24:45.822250+00:00,recovery_scenario,iperf_tcp,30,6,,ryu_controller,457802,9.9,60264448,10983,74424,85407,11,109.0153
2026-04-25T09:24:45.924927+00:00,recovery_scenario,iperf_tcp,30,6,,twin_core,457809,0.0,67276800,5598,1364,6962,27,262.3432
2026-04-25T09:24:45.924927+00:00,recovery_scenario,iperf_tcp,30,6,,ryu_controller,457802,38.9,60264448,11014,74592,85606,199,1937.4393
2026-04-25T09:24:45.962485+00:00,recovery_scenario,iperf_tcp,30,6,recovery_requested,,,,,,,,,
2026-04-25T09:24:46.025876+00:00,recovery_scenario,iperf_tcp,30,6,,twin_core,457809,9.9,67276800,5607,1370,6977,15,148.9871
2026-04-25T09:24:46.025876+00:00,recovery_scenario,iperf_tcp,30,6,,ryu_controller,457802,39.7,60264448,11035,74700,85735,129,1283.8602
2026-04-25T09:24:46.126307+00:00,recovery_scenario,iperf_tcp,30,6,,twin_core,457809,0.0,67276800,5607,1370,6977,0,0.0
2026-04-25T09:24:46.126307+00:00,recovery_scenario,iperf_tcp,30,6,,ryu_controller,457802,19.9,60264448,11056,74782,85838,103,1022.2887
2026-04-25T09:24:46.227765+00:00,recovery_scenario,iperf_tcp,30,6,,twin_core,457809,0.0,67276800,5607,1370,6977,0,0.0
2026-04-25T09:24:46.227765+00:00,recovery_scenario,iperf_tcp,30,6,,ryu_controller,457802,59.3,60264448,11056,74800,85856,18,177.9709
2026-04-25T09:24:46.328728+00:00,recovery_scenario,iperf_tcp,30,6,,twin_core,457809,0.0,67276800,5607,1370,6977,0,0.0
2026-04-25T09:24:46.328728+00:00,recovery_scenario,iperf_tcp,30,6,,ryu_controller,457802,49.2,60264448,11056,75017,86073,217,2132.9607
2026-04-25T09:24:46.429968+00:00,recovery_scenario,iperf_tcp,30,6,,twin_core,457809,0.0,67276800,5607,1370,6977,0,0.0
2026-04-25T09:24:46.429968+00:00,recovery_scenario,iperf_tcp,30,6,,ryu_controller,457802,69.5,60264448,11056,75220,86276,203,2017.1411
2026-04-25T09:24:46.530878+00:00,recovery_scenario,iperf_tcp,30,6,,twin_core,457809,0.0,67276800,5608,1370,6978,1,9.9118
2026-04-25T09:24:46.530878+00:00,recovery_scenario,iperf_tcp,30,6,,ryu_controller,457802,69.5,60264448,11056,75353,86409,133,1320.5659
2026-04-25T09:24:46.633628+00:00,recovery_scenario,iperf_tcp,30,6,,twin_core,457809,0.0,67276800,5608,1370,6978,0,0.0
2026-04-25T09:24:46.633628+00:00,recovery_scenario,iperf_tcp,30,6,,ryu_controller,457802,77.8,60264448,11056,75573,86629,220,2138.4514
2026-04-25T09:24:46.734482+00:00,recovery_scenario,iperf_tcp,30,6,,twin_core,457809,0.0,67276800,5608,1370,6978,0,0.0
2026-04-25T09:24:46.734482+00:00,recovery_scenario,iperf_tcp,30,6,,ryu_controller,457802,79.1,60264448,11056,75872,86928,299,2956.9517
2026-04-25T09:24:46.835405+00:00,recovery_scenario,iperf_tcp,30,6,,twin_core,457809,0.0,67276800,5608,1370,6978,0,0.0
2026-04-25T09:24:46.835405+00:00,recovery_scenario,iperf_tcp,30,6,,ryu_controller,457802,79.4,60264448,11056,76155,87211,283,2809.4378
2026-04-25T09:24:46.936062+00:00,recovery_scenario,iperf_tcp,30,6,,twin_core,457809,0.0,67276800,5608,1370,6978,0,0.0
2026-04-25T09:24:46.936062+00:00,recovery_scenario,iperf_tcp,30,6,,ryu_controller,457802,79.6,60264448,11056,76428,87484,273,2715.4086
2026-04-25T09:24:47.036716+00:00,recovery_scenario,iperf_tcp,30,6,,twin_core,457809,0.0,67276800,5609,1370,6979,1,9.9351
2026-04-25T09:24:47.036716+00:00,recovery_scenario,iperf_tcp,30,6,,ryu_controller,457802,89.4,60264448,11056,76715,87771,287,2849.6505
2026-04-25T09:24:47.139710+00:00,recovery_scenario,iperf_tcp,30,6,,twin_core,457809,0.0,67276800,5609,1370,6979,0,0.0
2026-04-25T09:24:47.139710+00:00,recovery_scenario,iperf_tcp,30,6,,ryu_controller,457802,87.4,60264448,11056,76931,87987,216,2099.7627
2026-04-25T09:24:47.240214+00:00,recovery_scenario,iperf_tcp,30,6,,twin_core,457809,0.0,67276800,5609,1370,6979,0,0.0
2026-04-25T09:24:47.240214+00:00,recovery_scenario,iperf_tcp,30,6,,ryu_controller,457802,99.4,60264448,11056,77134,88190,203,2018.8613
2026-04-25T09:24:47.340833+00:00,recovery_scenario,iperf_tcp,30,6,,twin_core,457809,0.0,67276800,5609,1370,6979,0,0.0
2026-04-25T09:24:47.340833+00:00,recovery_scenario,iperf_tcp,30,6,,ryu_controller,457802,89.5,60264448,11056,77245,88301,111,1103.8778
2026-04-25T09:24:47.441291+00:00,recovery_scenario,iperf_tcp,30,6,,twin_core,457809,0.0,67276800,5609,1370,6979,0,0.0
2026-04-25T09:24:47.441291+00:00,recovery_scenario,iperf_tcp,30,6,,ryu_controller,457802,89.6,60264448,11056,77398,88454,153,1520.8322
2026-04-25T09:24:47.542066+00:00,recovery_scenario,iperf_tcp,30,6,,twin_core,457809,0.0,67276800,5610,1370,6980,1,9.9164
2026-04-25T09:24:47.542066+00:00,recovery_scenario,iperf_tcp,30,6,,ryu_controller,457802,109.1,60264448,11056,77499,88555,101,1002.9628
2026-04-25T09:24:47.642713+00:00,recovery_scenario,iperf_tcp,30,6,,twin_core,457809,19.9,67276800,5610,1370,6980,0,0.0
2026-04-25T09:24:47.642713+00:00,recovery_scenario,iperf_tcp,30,6,,ryu_controller,457802,89.3,60264448,11056,77616,88672,117,1160.7846
2026-04-25T09:24:47.743391+00:00,recovery_scenario,iperf_tcp,30,6,,twin_core,457809,0.0,67276800,5610,1370,6980,0,0.0
2026-04-25T09:24:47.743391+00:00,recovery_scenario,iperf_tcp,30,6,,ryu_controller,457802,99.3,60264448,11056,77619,88675,3,29.8054
2026-04-25T09:24:47.844007+00:00,recovery_scenario,iperf_tcp,30,6,,twin_core,457809,0.0,67276800,5610,1370,6980,0,0.0
2026-04-25T09:24:47.844007+00:00,recovery_scenario,iperf_tcp,30,6,,ryu_controller,457802,98.8,60264448,11056,77623,88679,4,39.4918
2026-04-25T09:24:47.945279+00:00,recovery_scenario,iperf_tcp,30,6,,twin_core,457809,0.0,67276800,5610,1370,6980,0,0.0
2026-04-25T09:24:47.945279+00:00,recovery_scenario,iperf_tcp,30,6,,ryu_controller,457802,88.9,60264448,11056,77634,88690,11,108.5549
2026-04-25T09:24:48.047036+00:00,recovery_scenario,iperf_tcp,30,6,,twin_core,457809,0.0,67276800,5611,1370,6981,1,9.8347
2026-04-25T09:24:48.047036+00:00,recovery_scenario,iperf_tcp,30,6,,ryu_controller,457802,108.8,60264448,11056,77635,88691,1,9.9079
2026-04-25T09:24:48.147716+00:00,recovery_scenario,iperf_tcp,30,6,,twin_core,457809,0.0,67276800,5611,1370,6981,0,0.0
2026-04-25T09:24:48.147716+00:00,recovery_scenario,iperf_tcp,30,6,,ryu_controller,457802,89.2,60264448,11056,77640,88696,5,49.4577
2026-04-25T09:24:48.249142+00:00,recovery_scenario,iperf_tcp,30,6,,twin_core,457809,0.0,67276800,5611,1370,6981,0,0.0
2026-04-25T09:24:48.249142+00:00,recovery_scenario,iperf_tcp,30,6,,ryu_controller,457802,106.4,60264448,11056,77641,88697,1,9.68
2026-04-25T09:24:48.352032+00:00,recovery_scenario,iperf_tcp,30,6,,twin_core,457809,9.7,67276800,5611,1370,6981,0,0.0
2026-04-25T09:24:48.352032+00:00,recovery_scenario,iperf_tcp,30,6,,ryu_controller,457802,98.7,60264448,11056,77641,88697,0,0.0
2026-04-25T09:24:48.454191+00:00,recovery_scenario,iperf_tcp,30,6,,twin_core,457809,0.0,67276800,5611,1370,6981,0,0.0
2026-04-25T09:24:48.454191+00:00,recovery_scenario,iperf_tcp,30,6,,ryu_controller,457802,88.0,60264448,11056,77736,88792,95,922.5602
2026-04-25T09:24:48.557536+00:00,recovery_scenario,iperf_tcp,30,6,,twin_core,457809,0.0,67280896,5612,1370,6982,1,9.7053
2026-04-25T09:24:48.557536+00:00,recovery_scenario,iperf_tcp,30,6,,ryu_controller,457802,77.6,60264448,11058,77931,88989,197,1925.5217
2026-04-25T09:24:48.660011+00:00,recovery_scenario,iperf_tcp,30,6,,twin_core,457809,19.5,67289088,5612,1370,6982,0,0.0
2026-04-25T09:24:48.660011+00:00,recovery_scenario,iperf_tcp,30,6,,ryu_controller,457802,78.5,60264448,11069,78230,89299,310,3039.5491
2026-04-25T09:24:48.760713+00:00,recovery_scenario,iperf_tcp,30,6,,twin_core,457809,0.0,67289088,5612,1370,6982,0,0.0
2026-04-25T09:24:48.760713+00:00,recovery_scenario,iperf_tcp,30,6,,ryu_controller,457802,9.9,60264448,11074,78235,89309,10,99.2323
2026-04-25T09:24:48.861284+00:00,recovery_scenario,iperf_tcp,30,6,,twin_core,457809,0.0,67289088,5612,1370,6982,0,0.0
2026-04-25T09:24:48.861284+00:00,recovery_scenario,iperf_tcp,30,6,,ryu_controller,457802,0.0,60264448,11084,78235,89319,10,98.787
2026-04-25T09:24:48.962632+00:00,recovery_scenario,iperf_tcp,30,6,,twin_core,457809,0.0,67289088,5612,1370,6982,0,0.0
2026-04-25T09:24:48.962632+00:00,recovery_scenario,iperf_tcp,30,6,,ryu_controller,457802,0.0,60264448,11094,78235,89329,10,98.7587
2026-04-25T09:24:49.063901+00:00,recovery_scenario,iperf_tcp,30,6,,twin_core,457809,19.8,67289088,5637,1375,7012,30,296.253
2026-04-25T09:24:49.063901+00:00,recovery_scenario,iperf_tcp,30,6,,ryu_controller,457802,49.6,60264448,11139,78240,89379,50,496.8869
2026-04-25T09:24:49.078358+00:00,recovery_scenario,iperf_tcp,30,6,scenario_teardown,,,,,,,,,
2026-04-25T09:24:49.164456+00:00,recovery_scenario,iperf_tcp,30,6,,twin_core,457809,19.9,67289088,5657,1379,7036,24,238.4808
2026-04-25T09:24:49.164456+00:00,recovery_scenario,iperf_tcp,30,6,,ryu_controller,457802,9.9,60264448,11157,78241,89398,19,188.3909
2026-04-25T09:24:49.267516+00:00,recovery_scenario,iperf_tcp,30,6,,twin_core,457809,0.0,67289088,5680,1379,7059,23,222.617
2026-04-25T09:24:49.267516+00:00,recovery_scenario,iperf_tcp,30,6,,ryu_controller,457802,29.1,60264448,11165,78260,89425,27,261.3637
2026-04-25T09:24:49.368681+00:00,recovery_scenario,iperf_tcp,30,6,,twin_core,457809,0.0,67289088,5696,1379,7075,16,158.7048
2026-04-25T09:24:49.368681+00:00,recovery_scenario,iperf_tcp,30,6,,ryu_controller,457802,9.9,60264448,11176,78266,89442,17,169.0154
2026-04-25T09:24:49.469214+00:00,recovery_scenario,iperf_tcp,30,6,,twin_core,457809,0.0,67289088,5696,1379,7075,0,0.0
2026-04-25T09:24:49.469214+00:00,recovery_scenario,iperf_tcp,30,6,,ryu_controller,457802,9.9,60264448,11191,78267,89458,16,159.1713
2026-04-25T09:24:49.970171+00:00,recovery_scenario,iperf_tcp,30,7,,twin_core,457809,0.0,67293184,6084,1427,7511,0,0.0
2026-04-25T09:24:49.970171+00:00,recovery_scenario,iperf_tcp,30,7,,ryu_controller,457802,0.0,60264448,11235,78267,89502,0,0.0
2026-04-25T09:24:50.071903+00:00,recovery_scenario,iperf_tcp,30,7,,twin_core,457809,0.0,67293184,6127,1432,7559,48,476.7007
2026-04-25T09:24:50.071903+00:00,recovery_scenario,iperf_tcp,30,7,,ryu_controller,457802,39.7,60264448,11258,78268,89526,24,238.5914
2026-04-25T09:24:50.172432+00:00,recovery_scenario,iperf_tcp,30,7,,twin_core,457809,9.9,67293184,6223,1432,7655,96,954.8919
2026-04-25T09:24:50.172432+00:00,recovery_scenario,iperf_tcp,30,7,,ryu_controller,457802,39.8,60264448,11301,78272,89573,47,467.6891
2026-04-25T09:24:50.237351+00:00,recovery_scenario,iperf_tcp,30,7,service_started,,,,,,,,,
2026-04-25T09:24:50.272954+00:00,recovery_scenario,iperf_tcp,30,7,,twin_core,457809,9.9,67297280,6291,1433,7724,69,687.0245
2026-04-25T09:24:50.272954+00:00,recovery_scenario,iperf_tcp,30,7,,ryu_controller,457802,39.8,60264448,11345,78273,89618,45,448.0871
2026-04-25T09:24:50.373385+00:00,recovery_scenario,iperf_tcp,30,7,,twin_core,457809,10.0,67297280,6292,1433,7725,1,9.953
2026-04-25T09:24:50.373385+00:00,recovery_scenario,iperf_tcp,30,7,,ryu_controller,457802,19.9,60264448,11381,78273,89654,36,357.9311
2026-04-25T09:24:50.473955+00:00,recovery_scenario,iperf_tcp,30,7,,twin_core,457809,0.0,67297280,6292,1433,7725,0,0.0
2026-04-25T09:24:50.473955+00:00,recovery_scenario,iperf_tcp,30,7,,ryu_controller,457802,19.9,60264448,11403,78273,89676,22,218.7555
2026-04-25T09:24:50.574939+00:00,recovery_scenario,iperf_tcp,30,7,,twin_core,457809,0.0,67297280,6292,1433,7725,0,0.0
2026-04-25T09:24:50.574939+00:00,recovery_scenario,iperf_tcp,30,7,,ryu_controller,457802,19.8,60264448,11436,78273,89709,33,327.0474
2026-04-25T09:24:50.675401+00:00,recovery_scenario,iperf_tcp,30,7,,twin_core,457809,0.0,67297280,6292,1433,7725,0,0.0
2026-04-25T09:24:50.675401+00:00,recovery_scenario,iperf_tcp,30,7,,ryu_controller,457802,39.8,60264448,11498,78273,89771,62,616.1676
2026-04-25T09:24:50.776052+00:00,recovery_scenario,iperf_tcp,30,7,,twin_core,457809,0.0,67297280,6292,1433,7725,0,0.0
2026-04-25T09:24:50.776052+00:00,recovery_scenario,iperf_tcp,30,7,,ryu_controller,457802,29.9,60264448,11547,78273,89820,49,487.8821
2026-04-25T09:24:50.876463+00:00,recovery_scenario,iperf_tcp,30,7,,twin_core,457809,0.0,67297280,6292,1433,7725,0,0.0
2026-04-25T09:24:50.876463+00:00,recovery_scenario,iperf_tcp,30,7,,ryu_controller,457802,9.9,60264448,11566,78273,89839,19,188.9071
2026-04-25T09:24:50.981949+00:00,recovery_scenario,iperf_tcp,30,7,,twin_core,457809,0.0,67297280,6292,1433,7725,0,0.0
2026-04-25T09:24:50.981949+00:00,recovery_scenario,iperf_tcp,30,7,,ryu_controller,457802,9.5,60264448,11598,78273,89871,32,303.3207
2026-04-25T09:24:51.082539+00:00,recovery_scenario,iperf_tcp,30,7,,twin_core,457809,0.0,67297280,6292,1433,7725,0,0.0
2026-04-25T09:24:51.082539+00:00,recovery_scenario,iperf_tcp,30,7,,ryu_controller,457802,9.9,60264448,11622,78273,89895,24,237.9768
2026-04-25T09:24:51.183464+00:00,recovery_scenario,iperf_tcp,30,7,,twin_core,457809,0.0,67297280,6292,1433,7725,0,0.0
2026-04-25T09:24:51.183464+00:00,recovery_scenario,iperf_tcp,30,7,,ryu_controller,457802,19.8,60264448,11655,78273,89928,33,327.0255
2026-04-25T09:24:51.284329+00:00,recovery_scenario,iperf_tcp,30,7,,twin_core,457809,0.0,67297280,6292,1433,7725,0,0.0
2026-04-25T09:24:51.284329+00:00,recovery_scenario,iperf_tcp,30,7,,ryu_controller,457802,29.8,60264448,11696,78273,89969,41,407.5127
2026-04-25T09:24:51.385020+00:00,recovery_scenario,iperf_tcp,30,7,,twin_core,457809,0.0,67297280,6292,1433,7725,0,0.0
2026-04-25T09:24:51.385020+00:00,recovery_scenario,iperf_tcp,30,7,,ryu_controller,457802,29.8,60264448,11725,78273,89998,29,288.2643
2026-04-25T09:24:51.485534+00:00,recovery_scenario,iperf_tcp,30,7,,twin_core,457809,0.0,67297280,6292,1433,7725,0,0.0
2026-04-25T09:24:51.485534+00:00,recovery_scenario,iperf_tcp,30,7,,ryu_controller,457802,9.9,60264448,11748,78273,90021,23,228.7636
2026-04-25T09:24:51.586050+00:00,recovery_scenario,iperf_tcp,30,7,,twin_core,457809,0.0,67297280,6292,1433,7725,0,0.0
2026-04-25T09:24:51.586050+00:00,recovery_scenario,iperf_tcp,30,7,,ryu_controller,457802,19.9,60264448,11771,78273,90044,23,228.9961
2026-04-25T09:24:51.686494+00:00,recovery_scenario,iperf_tcp,30,7,,twin_core,457809,10.0,67297280,6292,1433,7725,0,0.0
2026-04-25T09:24:51.686494+00:00,recovery_scenario,iperf_tcp,30,7,,ryu_controller,457802,19.9,60264448,11810,78273,90083,39,387.715
2026-04-25T09:24:51.787075+00:00,recovery_scenario,iperf_tcp,30,7,,twin_core,457809,0.0,67297280,6292,1433,7725,0,0.0
2026-04-25T09:24:51.787075+00:00,recovery_scenario,iperf_tcp,30,7,,ryu_controller,457802,29.9,60264448,11830,78273,90103,20,199.1922
2026-04-25T09:24:51.887478+00:00,recovery_scenario,iperf_tcp,30,7,,twin_core,457809,0.0,67297280,6292,1433,7725,0,0.0
2026-04-25T09:24:51.887478+00:00,recovery_scenario,iperf_tcp,30,7,,ryu_controller,457802,19.9,60264448,11865,78274,90139,36,358.1394
2026-04-25T09:24:51.989202+00:00,recovery_scenario,iperf_tcp,30,7,,twin_core,457809,0.0,67297280,6292,1433,7725,0,0.0
2026-04-25T09:24:51.989202+00:00,recovery_scenario,iperf_tcp,30,7,,ryu_controller,457802,19.7,60264448,11890,78274,90164,25,246.0283
2026-04-25T09:24:52.089644+00:00,recovery_scenario,iperf_tcp,30,7,,twin_core,457809,0.0,67297280,6292,1433,7725,0,0.0
2026-04-25T09:24:52.089644+00:00,recovery_scenario,iperf_tcp,30,7,,ryu_controller,457802,0.0,60264448,11902,78274,90176,12,119.3697
2026-04-25T09:24:52.190168+00:00,recovery_scenario,iperf_tcp,30,7,,twin_core,457809,0.0,67297280,6292,1433,7725,0,0.0
2026-04-25T09:24:52.190168+00:00,recovery_scenario,iperf_tcp,30,7,,ryu_controller,457802,9.9,60264448,11912,78274,90186,10,99.4785
2026-04-25T09:24:52.290665+00:00,recovery_scenario,iperf_tcp,30,7,,twin_core,457809,0.0,67297280,6292,1433,7725,0,0.0
2026-04-25T09:24:52.290665+00:00,recovery_scenario,iperf_tcp,30,7,,ryu_controller,457802,0.0,60264448,11924,78274,90198,12,119.519
2026-04-25T09:24:52.391119+00:00,recovery_scenario,iperf_tcp,30,7,,twin_core,457809,10.0,67297280,6296,1433,7729,4,39.815
2026-04-25T09:24:52.391119+00:00,recovery_scenario,iperf_tcp,30,7,,ryu_controller,457802,39.8,60264448,11982,78274,90256,58,575.2464
2026-04-25T09:24:52.491979+00:00,recovery_scenario,iperf_tcp,30,7,,twin_core,457809,0.0,67297280,6299,1433,7732,3,29.7242
2026-04-25T09:24:52.491979+00:00,recovery_scenario,iperf_tcp,30,7,,ryu_controller,457802,19.8,60264448,12010,78274,90284,28,277.9911
2026-04-25T09:24:52.595651+00:00,recovery_scenario,iperf_tcp,30,7,,twin_core,457809,0.0,67297280,6302,1433,7735,3,28.9392
2026-04-25T09:24:52.595651+00:00,recovery_scenario,iperf_tcp,30,7,,ryu_controller,457802,19.3,60264448,12020,78274,90294,10,96.5914
2026-04-25T09:24:52.696206+00:00,recovery_scenario,iperf_tcp,30,7,,twin_core,457809,9.9,67297280,6305,1433,7738,3,29.854
2026-04-25T09:24:52.696206+00:00,recovery_scenario,iperf_tcp,30,7,,ryu_controller,457802,19.9,60264448,12046,78274,90320,26,258.7874
2026-04-25T09:24:52.796641+00:00,recovery_scenario,iperf_tcp,30,7,,twin_core,457809,0.0,67297280,6308,1433,7741,3,29.8566
2026-04-25T09:24:52.796641+00:00,recovery_scenario,iperf_tcp,30,7,,ryu_controller,457802,39.8,60264448,12099,78274,90373,53,527.3458
2026-04-25T09:24:52.905262+00:00,recovery_scenario,iperf_tcp,30,7,,twin_core,457809,0.0,67297280,6308,1433,7741,0,0.0
2026-04-25T09:24:52.905262+00:00,recovery_scenario,iperf_tcp,30,7,,ryu_controller,457802,0.0,60264448,12104,78274,90378,5,45.9978
2026-04-25T09:24:53.005854+00:00,recovery_scenario,iperf_tcp,30,7,,twin_core,457809,0.0,67297280,6310,1433,7743,2,19.8865
2026-04-25T09:24:53.005854+00:00,recovery_scenario,iperf_tcp,30,7,,ryu_controller,457802,9.9,60264448,12116,78274,90390,12,119.3392
2026-04-25T09:24:53.106383+00:00,recovery_scenario,iperf_tcp,30,7,,twin_core,457809,0.0,67297280,6319,1433,7752,9,89.5538
2026-04-25T09:24:53.106383+00:00,recovery_scenario,iperf_tcp,30,7,,ryu_controller,457802,9.9,60264448,12128,78274,90402,12,119.2962
2026-04-25T09:24:53.208471+00:00,recovery_scenario,iperf_tcp,30,7,,twin_core,457809,0.0,67297280,6322,1433,7755,3,29.3437
2026-04-25T09:24:53.208471+00:00,recovery_scenario,iperf_tcp,30,7,,ryu_controller,457802,9.8,60264448,12147,78274,90421,19,185.9836
2026-04-25T09:24:53.309224+00:00,recovery_scenario,iperf_tcp,30,7,,twin_core,457809,0.0,67297280,6325,1433,7758,3,29.7325
2026-04-25T09:24:53.309224+00:00,recovery_scenario,iperf_tcp,30,7,,ryu_controller,457802,19.8,60264448,12161,78274,90435,14,138.7579
2026-04-25T09:24:53.411105+00:00,recovery_scenario,iperf_tcp,30,7,,twin_core,457809,0.0,67297280,6328,1433,7761,3,29.5217
2026-04-25T09:24:53.411105+00:00,recovery_scenario,iperf_tcp,30,7,,ryu_controller,457802,9.8,60264448,12174,78274,90448,13,127.9562
2026-04-25T09:24:53.511999+00:00,recovery_scenario,iperf_tcp,30,7,,twin_core,457809,0.0,67297280,6330,1433,7763,2,19.8231
2026-04-25T09:24:53.511999+00:00,recovery_scenario,iperf_tcp,30,7,,ryu_controller,457802,0.0,60264448,12189,78274,90463,15,148.7118
2026-04-25T09:24:53.612483+00:00,recovery_scenario,iperf_tcp,30,7,,twin_core,457809,0.0,67297280,6342,1433,7775,12,119.3821
2026-04-25T09:24:53.612483+00:00,recovery_scenario,iperf_tcp,30,7,,ryu_controller,457802,9.9,60264448,12204,78274,90478,15,149.2351
2026-04-25T09:24:53.713006+00:00,recovery_scenario,iperf_tcp,30,7,,twin_core,457809,9.9,67297280,6345,1433,7778,3,29.8566
2026-04-25T09:24:53.713006+00:00,recovery_scenario,iperf_tcp,30,7,,ryu_controller,457802,10.0,60264448,12226,78274,90500,22,218.9236
2026-04-25T09:24:53.813484+00:00,recovery_scenario,iperf_tcp,30,7,,twin_core,457809,0.0,67297280,6348,1433,7781,3,29.8509
2026-04-25T09:24:53.813484+00:00,recovery_scenario,iperf_tcp,30,7,,ryu_controller,457802,10.0,60264448,12247,78274,90521,21,208.9779
2026-04-25T09:24:53.913968+00:00,recovery_scenario,iperf_tcp,30,7,,twin_core,457809,0.0,67297280,6351,1433,7784,3,29.8769
2026-04-25T09:24:53.913968+00:00,recovery_scenario,iperf_tcp,30,7,,ryu_controller,457802,10.0,60264448,12259,78274,90533,12,119.5163
2026-04-25T09:24:54.015410+00:00,recovery_scenario,iperf_tcp,30,7,,twin_core,457809,0.0,67297280,6351,1433,7784,0,0.0
2026-04-25T09:24:54.015410+00:00,recovery_scenario,iperf_tcp,30,7,,ryu_controller,457802,9.8,60264448,12270,78274,90544,11,107.7999
2026-04-25T09:24:54.116634+00:00,recovery_scenario,iperf_tcp,30,7,,twin_core,457809,0.0,67297280,6363,1433,7796,12,119.2021
2026-04-25T09:24:54.116634+00:00,recovery_scenario,iperf_tcp,30,7,,ryu_controller,457802,0.0,60264448,12276,78274,90550,6,59.615
2026-04-25T09:24:54.217085+00:00,recovery_scenario,iperf_tcp,30,7,,twin_core,457809,0.0,67297280,6369,1433,7802,6,59.6751
2026-04-25T09:24:54.217085+00:00,recovery_scenario,iperf_tcp,30,7,,ryu_controller,457802,9.9,60264448,12297,78274,90571,21,208.7978
2026-04-25T09:24:54.317663+00:00,recovery_scenario,iperf_tcp,30,7,,twin_core,457809,0.0,67297280,6372,1433,7805,3,29.8424
2026-04-25T09:24:54.317663+00:00,recovery_scenario,iperf_tcp,30,7,,ryu_controller,457802,9.9,60264448,12315,78274,90589,18,179.0991
2026-04-25T09:24:54.418796+00:00,recovery_scenario,iperf_tcp,30,7,,twin_core,457809,9.9,67297280,6375,1433,7808,3,29.6663
2026-04-25T09:24:54.418796+00:00,recovery_scenario,iperf_tcp,30,7,,ryu_controller,457802,69.2,60264448,12366,78274,90640,51,503.0312
2026-04-25T09:24:54.519647+00:00,recovery_scenario,iperf_tcp,30,7,,twin_core,457809,0.0,67317760,6382,1433,7815,7,69.3976
2026-04-25T09:24:54.519647+00:00,recovery_scenario,iperf_tcp,30,7,,ryu_controller,457802,0.0,60264448,12369,78274,90643,3,29.8071
2026-04-25T09:24:54.621922+00:00,recovery_scenario,iperf_tcp,30,7,,twin_core,457809,0.0,67317760,6394,1433,7827,12,117.2573
2026-04-25T09:24:54.621922+00:00,recovery_scenario,iperf_tcp,30,7,,ryu_controller,457802,19.5,60264448,12390,78274,90664,21,205.249
2026-04-25T09:24:54.724178+00:00,recovery_scenario,iperf_tcp,30,7,,twin_core,457809,0.0,67317760,6397,1433,7830,3,29.3482
2026-04-25T09:24:54.724178+00:00,recovery_scenario,iperf_tcp,30,7,,ryu_controller,457802,9.8,60264448,12402,78274,90676,12,117.2698
2026-04-25T09:24:54.824854+00:00,recovery_scenario,iperf_tcp,30,7,,twin_core,457809,0.0,67317760,6400,1433,7833,3,29.8177
2026-04-25T09:24:54.824854+00:00,recovery_scenario,iperf_tcp,30,7,,ryu_controller,457802,59.6,60264448,12452,78277,90729,53,527.4593
2026-04-25T09:24:54.925323+00:00,recovery_scenario,iperf_tcp,30,7,,twin_core,457809,9.9,67317760,6406,1433,7839,6,59.6459
2026-04-25T09:24:54.925323+00:00,recovery_scenario,iperf_tcp,30,7,,ryu_controller,457802,9.9,60264448,12458,78277,90735,6,59.6282
2026-04-25T09:24:55.025939+00:00,recovery_scenario,iperf_tcp,30,7,,twin_core,457809,0.0,67317760,6415,1433,7848,9,89.58
2026-04-25T09:24:55.025939+00:00,recovery_scenario,iperf_tcp,30,7,,ryu_controller,457802,10.0,60264448,12475,78277,90752,17,169.2647
2026-04-25T09:24:55.126397+00:00,recovery_scenario,iperf_tcp,30,7,,twin_core,457809,0.0,67317760,6418,1433,7851,3,29.8032
2026-04-25T09:24:55.126397+00:00,recovery_scenario,iperf_tcp,30,7,,ryu_controller,457802,19.9,60264448,12503,78277,90780,28,278.0027
2026-04-25T09:24:55.227109+00:00,recovery_scenario,iperf_tcp,30,7,,twin_core,457809,0.0,67317760,6418,1433,7851,0,0.0
2026-04-25T09:24:55.227109+00:00,recovery_scenario,iperf_tcp,30,7,,ryu_controller,457802,10.0,60264448,12517,78277,90794,14,139.3865
2026-04-25T09:24:55.327531+00:00,recovery_scenario,iperf_tcp,30,7,,twin_core,457809,0.0,67317760,6424,1433,7857,6,59.6821
2026-04-25T09:24:55.327531+00:00,recovery_scenario,iperf_tcp,30,7,,ryu_controller,457802,9.9,60264448,12538,78277,90815,21,208.7902
2026-04-25T09:24:55.428091+00:00,recovery_scenario,iperf_tcp,30,7,,twin_core,457809,0.0,67317760,6433,1433,7866,9,89.6049
2026-04-25T09:24:55.428091+00:00,recovery_scenario,iperf_tcp,30,7,,ryu_controller,457802,10.0,60264448,12573,78277,90850,35,348.6114
2026-04-25T09:24:55.528708+00:00,recovery_scenario,iperf_tcp,30,7,,twin_core,457809,0.0,67317760,6439,1433,7872,6,59.602
2026-04-25T09:24:55.528708+00:00,recovery_scenario,iperf_tcp,30,7,,ryu_controller,457802,29.8,60264448,12597,78277,90874,24,238.3614
2026-04-25T09:24:55.631149+00:00,recovery_scenario,iperf_tcp,30,7,,twin_core,457809,0.0,67317760,6439,1433,7872,0,0.0
2026-04-25T09:24:55.631149+00:00,recovery_scenario,iperf_tcp,30,7,,ryu_controller,457802,0.0,60264448,12603,78277,90880,6,58.4636
2026-04-25T09:24:55.731852+00:00,recovery_scenario,iperf_tcp,30,7,,twin_core,457809,0.0,67317760,6445,1433,7878,6,59.4785
2026-04-25T09:24:55.731852+00:00,recovery_scenario,iperf_tcp,30,7,,ryu_controller,457802,9.9,60264448,12614,78277,90891,11,109.1069
2026-04-25T09:24:55.832669+00:00,recovery_scenario,iperf_tcp,30,7,,twin_core,457809,9.9,67317760,6451,1433,7884,6,59.5958
2026-04-25T09:24:55.832669+00:00,recovery_scenario,iperf_tcp,30,7,,ryu_controller,457802,0.0,60264448,12630,78277,90907,16,159.072
2026-04-25T09:24:55.933251+00:00,recovery_scenario,iperf_tcp,30,7,,twin_core,457809,9.9,67317760,6457,1433,7890,6,59.6702
2026-04-25T09:24:55.933251+00:00,recovery_scenario,iperf_tcp,30,7,,ryu_controller,457802,0.0,60264448,12636,78277,90913,6,59.5602
2026-04-25T09:24:56.039678+00:00,recovery_scenario,iperf_tcp,30,7,,twin_core,457809,0.0,67317760,6460,1433,7893,3,28.1885
2026-04-25T09:24:56.039678+00:00,recovery_scenario,iperf_tcp,30,7,,ryu_controller,457802,18.8,60264448,12662,78277,90939,26,244.7677
2026-04-25T09:24:56.105348+00:00,recovery_scenario,iperf_tcp,30,7,pingall_completed,,,,,,,,,
2026-04-25T09:24:56.140375+00:00,recovery_scenario,iperf_tcp,30,7,,twin_core,457809,0.0,67317760,6471,1433,7904,11,109.2758
2026-04-25T09:24:56.140375+00:00,recovery_scenario,iperf_tcp,30,7,,ryu_controller,457802,0.0,60264448,12663,78277,90940,1,9.9149
2026-04-25T09:24:56.241131+00:00,recovery_scenario,iperf_tcp,30,7,,twin_core,457809,0.0,67317760,6471,1433,7904,0,0.0
2026-04-25T09:24:56.241131+00:00,recovery_scenario,iperf_tcp,30,7,,ryu_controller,457802,0.0,60264448,12667,78277,90944,4,39.7564
2026-04-25T09:24:56.348743+00:00,recovery_scenario,iperf_tcp,30,7,,twin_core,457809,0.0,67317760,6471,1433,7904,0,0.0
2026-04-25T09:24:56.348743+00:00,recovery_scenario,iperf_tcp,30,7,,ryu_controller,457802,0.0,60264448,12671,78277,90948,4,37.1259
2026-04-25T09:24:56.449439+00:00,recovery_scenario,iperf_tcp,30,7,,twin_core,457809,0.0,67317760,6471,1433,7904,0,0.0
2026-04-25T09:24:56.449439+00:00,recovery_scenario,iperf_tcp,30,7,,ryu_controller,457802,19.9,60264448,12684,78277,90961,13,129.1261
2026-04-25T09:24:56.550081+00:00,recovery_scenario,iperf_tcp,30,7,,twin_core,457809,9.9,67362816,6471,1433,7904,0,0.0
2026-04-25T09:24:56.550081+00:00,recovery_scenario,iperf_tcp,30,7,,ryu_controller,457802,69.6,60264448,12717,78277,90994,33,328.4012
2026-04-25T09:24:56.650570+00:00,recovery_scenario,iperf_tcp,30,7,,twin_core,457809,0.0,67362816,6471,1433,7904,0,0.0
2026-04-25T09:24:56.650570+00:00,recovery_scenario,iperf_tcp,30,7,,ryu_controller,457802,0.0,60264448,12721,78277,90998,4,39.7903
2026-04-25T09:24:56.751100+00:00,recovery_scenario,iperf_tcp,30,7,,twin_core,457809,0.0,67362816,6471,1433,7904,0,0.0
2026-04-25T09:24:56.751100+00:00,recovery_scenario,iperf_tcp,30,7,,ryu_controller,457802,9.9,60264448,12726,78277,91003,5,49.6952
2026-04-25T09:24:56.851871+00:00,recovery_scenario,iperf_tcp,30,7,,twin_core,457809,0.0,67362816,6471,1433,7904,0,0.0
2026-04-25T09:24:56.851871+00:00,recovery_scenario,iperf_tcp,30,7,,ryu_controller,457802,9.9,60264448,12740,78277,91017,14,139.1254
2026-04-25T09:24:56.955281+00:00,recovery_scenario,iperf_tcp,30,7,,twin_core,457809,0.0,67362816,6471,1433,7904,0,0.0
2026-04-25T09:24:56.955281+00:00,recovery_scenario,iperf_tcp,30,7,,ryu_controller,457802,67.7,60342272,12779,78277,91056,39,376.7131
2026-04-25T09:24:57.058432+00:00,recovery_scenario,iperf_tcp,30,7,,twin_core,457809,0.0,67362816,6471,1433,7904,0,0.0
2026-04-25T09:24:57.058432+00:00,recovery_scenario,iperf_tcp,30,7,,ryu_controller,457802,0.0,60342272,12782,78277,91059,3,29.0816
2026-04-25T09:24:57.190814+00:00,recovery_scenario,iperf_tcp,30,7,,twin_core,457809,15.1,67362816,6474,1433,7907,3,22.6548
2026-04-25T09:24:57.190814+00:00,recovery_scenario,iperf_tcp,30,7,,ryu_controller,457802,7.5,60342272,12786,78277,91063,4,30.1867
2026-04-25T09:24:57.291661+00:00,recovery_scenario,iperf_tcp,30,7,,twin_core,457809,0.0,67362816,6477,1433,7910,3,29.7758
2026-04-25T09:24:57.291661+00:00,recovery_scenario,iperf_tcp,30,7,,ryu_controller,457802,9.9,60342272,12789,78277,91066,3,29.805
2026-04-25T09:24:57.392177+00:00,recovery_scenario,iperf_tcp,30,7,,twin_core,457809,0.0,67362816,6477,1433,7910,0,0.0
2026-04-25T09:24:57.392177+00:00,recovery_scenario,iperf_tcp,30,7,,ryu_controller,457802,0.0,60342272,12793,78277,91070,4,39.7909
2026-04-25T09:24:57.494432+00:00,recovery_scenario,iperf_tcp,30,7,,twin_core,457809,0.0,67362816,6477,1433,7910,0,0.0
2026-04-25T09:24:57.494432+00:00,recovery_scenario,iperf_tcp,30,7,,ryu_controller,457802,0.0,60342272,12811,78278,91089,19,185.4802
2026-04-25T09:24:57.595130+00:00,recovery_scenario,iperf_tcp,30,7,,twin_core,457809,0.0,67362816,6477,1433,7910,0,0.0
2026-04-25T09:24:57.595130+00:00,recovery_scenario,iperf_tcp,30,7,,ryu_controller,457802,0.0,60342272,12824,78278,91102,13,129.3072
2026-04-25T09:24:57.695630+00:00,recovery_scenario,iperf_tcp,30,7,,twin_core,457809,0.0,67362816,6477,1433,7910,0,0.0
2026-04-25T09:24:57.695630+00:00,recovery_scenario,iperf_tcp,30,7,,ryu_controller,457802,0.0,60342272,12848,78282,91130,28,278.8278
2026-04-25T09:24:57.799782+00:00,recovery_scenario,iperf_tcp,30,7,,twin_core,457809,0.0,67362816,6477,1433,7910,0,0.0
2026-04-25T09:24:57.799782+00:00,recovery_scenario,iperf_tcp,30,7,,ryu_controller,457802,0.0,60342272,12879,78287,91166,36,345.5046
2026-04-25T09:24:57.901683+00:00,recovery_scenario,iperf_tcp,30,7,,twin_core,457809,0.0,67362816,6477,1433,7910,0,0.0
2026-04-25T09:24:57.901683+00:00,recovery_scenario,iperf_tcp,30,7,,ryu_controller,457802,9.8,60342272,12905,78290,91195,29,284.5535
2026-04-25T09:24:58.005721+00:00,recovery_scenario,iperf_tcp,30,7,,twin_core,457809,0.0,67362816,6477,1433,7910,0,0.0
2026-04-25T09:24:58.005721+00:00,recovery_scenario,iperf_tcp,30,7,,ryu_controller,457802,0.0,60342272,12919,78293,91212,17,163.447
2026-04-25T09:24:58.106243+00:00,recovery_scenario,iperf_tcp,30,7,,twin_core,457809,0.0,67362816,6477,1433,7910,0,0.0
2026-04-25T09:24:58.106243+00:00,recovery_scenario,iperf_tcp,30,7,,ryu_controller,457802,0.0,60342272,12933,78297,91230,18,178.8553
2026-04-25T09:24:58.196945+00:00,recovery_scenario,iperf_tcp,30,7,background_traffic_started,,,,,,,,,
2026-04-25T09:24:58.213452+00:00,recovery_scenario,iperf_tcp,30,7,,twin_core,457809,9.3,67362816,6481,1462,7943,33,299.1144
2026-04-25T09:24:58.213452+00:00,recovery_scenario,iperf_tcp,30,7,,ryu_controller,457802,0.0,60342272,12954,78299,91253,23,208.6538
2026-04-25T09:24:58.319089+00:00,recovery_scenario,iperf_tcp,30,7,,twin_core,457809,9.5,67362816,6492,1501,7993,50,487.9184
2026-04-25T09:24:58.319089+00:00,recovery_scenario,iperf_tcp,30,7,,ryu_controller,457802,29.3,60342272,12966,78452,91418,165,1592.8445
2026-04-25T09:24:58.421637+00:00,recovery_scenario,iperf_tcp,30,7,,twin_core,457809,9.8,67366912,6503,1539,8042,49,477.7617
2026-04-25T09:24:58.421637+00:00,recovery_scenario,iperf_tcp,30,7,,ryu_controller,457802,48.7,60342272,12981,78691,91672,254,2504.7586
2026-04-25T09:24:58.522042+00:00,recovery_scenario,iperf_tcp,30,7,,twin_core,457809,0.0,67407872,6509,1550,8059,17,167.5393
2026-04-25T09:24:58.522042+00:00,recovery_scenario,iperf_tcp,30,7,,ryu_controller,457802,19.5,60342272,12990,78801,91791,119,1161.5968
2026-04-25T09:24:58.560904+00:00,recovery_scenario,iperf_tcp,30,7,fault_injected,,,,,,,,,
2026-04-25T09:24:58.625082+00:00,recovery_scenario,iperf_tcp,30,7,,twin_core,457809,9.7,67432448,6516,1555,8071,12,117.682
2026-04-25T09:24:58.625082+00:00,recovery_scenario,iperf_tcp,30,7,,ryu_controller,457802,39.6,60346368,12995,78827,91822,31,298.0401
2026-04-25T09:24:58.728533+00:00,recovery_scenario,iperf_tcp,30,7,,twin_core,457809,0.0,67432448,6516,1555,8071,0,0.0
2026-04-25T09:24:58.728533+00:00,recovery_scenario,iperf_tcp,30,7,,ryu_controller,457802,48.3,60346368,12995,78891,91886,64,637.0292
2026-04-25T09:24:58.828985+00:00,recovery_scenario,iperf_tcp,30,7,,twin_core,457809,0.0,67432448,6516,1555,8071,0,0.0
2026-04-25T09:24:58.828985+00:00,recovery_scenario,iperf_tcp,30,7,,ryu_controller,457802,79.6,60346368,12995,79139,92134,248,2465.15
2026-04-25T09:24:58.931349+00:00,recovery_scenario,iperf_tcp,30,7,,twin_core,457809,0.0,67432448,6516,1555,8071,0,0.0
2026-04-25T09:24:58.931349+00:00,recovery_scenario,iperf_tcp,30,7,,ryu_controller,457802,97.6,60346368,12995,79185,92180,46,449.0944
2026-04-25T09:24:59.033155+00:00,recovery_scenario,iperf_tcp,30,7,,twin_core,457809,0.0,67432448,6516,1555,8071,0,0.0
2026-04-25T09:24:59.033155+00:00,recovery_scenario,iperf_tcp,30,7,,ryu_controller,457802,68.1,60346368,12995,79284,92279,99,962.7281
2026-04-25T09:24:59.135116+00:00,recovery_scenario,iperf_tcp,30,7,,twin_core,457809,0.0,67432448,6517,1555,8072,1,9.8182
2026-04-25T09:24:59.135116+00:00,recovery_scenario,iperf_tcp,30,7,,ryu_controller,457802,69.4,60346368,12995,79399,92394,115,1142.2538
2026-04-25T09:24:59.239753+00:00,recovery_scenario,iperf_tcp,30,7,,twin_core,457809,0.0,67432448,6517,1555,8072,0,0.0
2026-04-25T09:24:59.239753+00:00,recovery_scenario,iperf_tcp,30,7,,ryu_controller,457802,66.8,60346368,12995,79665,92660,266,2539.1852
2026-04-25T09:24:59.341838+00:00,recovery_scenario,iperf_tcp,30,7,,twin_core,457809,0.0,67432448,6517,1555,8072,0,0.0
2026-04-25T09:24:59.341838+00:00,recovery_scenario,iperf_tcp,30,7,,ryu_controller,457802,57.7,60346368,12995,79866,92861,201,1931.6852
2026-04-25T09:24:59.447259+00:00,recovery_scenario,iperf_tcp,30,7,,twin_core,457809,9.5,67432448,6517,1555,8072,0,0.0
2026-04-25T09:24:59.447259+00:00,recovery_scenario,iperf_tcp,30,7,,ryu_controller,457802,67.7,60346368,12995,80059,93054,193,1858.1982
2026-04-25T09:24:59.550199+00:00,recovery_scenario,iperf_tcp,30,7,,twin_core,457809,0.0,67432448,6517,1555,8072,0,0.0
2026-04-25T09:24:59.550199+00:00,recovery_scenario,iperf_tcp,30,7,,ryu_controller,457802,47.6,60346368,12995,80199,93194,140,1338.9349
2026-04-25T09:24:59.653479+00:00,recovery_scenario,iperf_tcp,30,7,,twin_core,457809,0.0,67432448,6518,1558,8076,4,39.5182
2026-04-25T09:24:59.653479+00:00,recovery_scenario,iperf_tcp,30,7,,ryu_controller,457802,59.3,60346368,12995,80344,93339,145,1433.1229
2026-04-25T09:24:59.754768+00:00,recovery_scenario,iperf_tcp,30,7,,twin_core,457809,0.0,67432448,6518,1558,8076,0,0.0
2026-04-25T09:24:59.754768+00:00,recovery_scenario,iperf_tcp,30,7,,ryu_controller,457802,78.2,60346368,12995,80465,93460,121,1181.7202
2026-04-25T09:24:59.856987+00:00,recovery_scenario,iperf_tcp,30,7,,twin_core,457809,0.0,67432448,6518,1558,8076,0,0.0
2026-04-25T09:24:59.856987+00:00,recovery_scenario,iperf_tcp,30,7,,ryu_controller,457802,49.4,60346368,12995,80544,93539,79,773.1094
2026-04-25T09:24:59.959789+00:00,recovery_scenario,iperf_tcp,30,7,,twin_core,457809,0.0,67432448,6518,1558,8076,0,0.0
2026-04-25T09:24:59.959789+00:00,recovery_scenario,iperf_tcp,30,7,,ryu_controller,457802,48.5,60346368,12995,80663,93658,119,1167.6342
2026-04-25T09:25:00.061391+00:00,recovery_scenario,iperf_tcp,30,7,,twin_core,457809,9.9,67432448,6518,1558,8076,0,0.0
2026-04-25T09:25:00.061391+00:00,recovery_scenario,iperf_tcp,30,7,,ryu_controller,457802,48.6,60346368,12995,80742,93737,79,768.1169
2026-04-25T09:25:00.165531+00:00,recovery_scenario,iperf_tcp,30,7,,twin_core,457809,0.0,67432448,6519,1558,8077,1,9.5875
2026-04-25T09:25:00.165531+00:00,recovery_scenario,iperf_tcp,30,7,,ryu_controller,457802,48.5,60346368,12995,80778,93773,36,345.4093
2026-04-25T09:25:00.268663+00:00,recovery_scenario,iperf_tcp,30,7,,twin_core,457809,0.0,67432448,6519,1558,8077,0,0.0
2026-04-25T09:25:00.268663+00:00,recovery_scenario,iperf_tcp,30,7,,ryu_controller,457802,38.9,60346368,12995,80834,93829,56,551.1206
2026-04-25T09:25:00.369127+00:00,recovery_scenario,iperf_tcp,30,7,,twin_core,457809,0.0,67432448,6519,1558,8077,0,0.0
2026-04-25T09:25:00.369127+00:00,recovery_scenario,iperf_tcp,30,7,,ryu_controller,457802,59.7,60346368,12995,80968,93963,134,1334.2181
2026-04-25T09:25:00.471718+00:00,recovery_scenario,iperf_tcp,30,7,,twin_core,457809,0.0,67432448,6519,1558,8077,0,0.0
2026-04-25T09:25:00.471718+00:00,recovery_scenario,iperf_tcp,30,7,,ryu_controller,457802,87.5,60346368,12995,81019,94014,51,495.2485
2026-04-25T09:25:00.573340+00:00,recovery_scenario,iperf_tcp,30,7,,twin_core,457809,0.0,67432448,6519,1558,8077,0,0.0
2026-04-25T09:25:00.573340+00:00,recovery_scenario,iperf_tcp,30,7,,ryu_controller,457802,59.0,60346368,12995,81146,94141,127,1251.1306
2026-04-25T09:25:00.675771+00:00,recovery_scenario,iperf_tcp,30,7,,twin_core,457809,0.0,67432448,6520,1560,8080,3,29.3427
2026-04-25T09:25:00.675771+00:00,recovery_scenario,iperf_tcp,30,7,,ryu_controller,457802,68.5,60346368,12995,81271,94266,125,1222.286
2026-04-25T09:25:00.776320+00:00,recovery_scenario,iperf_tcp,30,7,,twin_core,457809,0.0,67432448,6520,1560,8080,0,0.0
2026-04-25T09:25:00.776320+00:00,recovery_scenario,iperf_tcp,30,7,,ryu_controller,457802,89.6,60346368,12995,81370,94365,99,984.5454
2026-04-25T09:25:00.876903+00:00,recovery_scenario,iperf_tcp,30,7,,twin_core,457809,0.0,67432448,6520,1560,8080,0,0.0
2026-04-25T09:25:00.876903+00:00,recovery_scenario,iperf_tcp,30,7,,ryu_controller,457802,89.5,60346368,12995,81475,94470,105,1045.3276
2026-04-25T09:25:00.977317+00:00,recovery_scenario,iperf_tcp,30,7,,twin_core,457809,0.0,67432448,6520,1560,8080,0,0.0
2026-04-25T09:25:00.977317+00:00,recovery_scenario,iperf_tcp,30,7,,ryu_controller,457802,89.6,60346368,12995,81651,94646,176,1751.5077
2026-04-25T09:25:01.079680+00:00,recovery_scenario,iperf_tcp,30,7,,twin_core,457809,0.0,67432448,6520,1560,8080,0,0.0
2026-04-25T09:25:01.079680+00:00,recovery_scenario,iperf_tcp,30,7,,ryu_controller,457802,88.0,60346368,12995,81764,94759,113,1104.8497
2026-04-25T09:25:01.180066+00:00,recovery_scenario,iperf_tcp,30,7,,twin_core,457809,0.0,67432448,6521,1563,8084,4,39.8467
2026-04-25T09:25:01.180066+00:00,recovery_scenario,iperf_tcp,30,7,,ryu_controller,457802,89.6,60346368,12995,81917,94912,153,1523.7694
2026-04-25T09:25:01.280486+00:00,recovery_scenario,iperf_tcp,30,7,,twin_core,457809,9.9,67432448,6521,1563,8084,0,0.0
2026-04-25T09:25:01.280486+00:00,recovery_scenario,iperf_tcp,30,7,,ryu_controller,457802,69.6,60346368,12995,82032,95027,115,1142.8905
2026-04-25T09:25:01.381122+00:00,recovery_scenario,iperf_tcp,30,7,,twin_core,457809,0.0,67436544,6521,1563,8084,0,0.0
2026-04-25T09:25:01.381122+00:00,recovery_scenario,iperf_tcp,30,7,,ryu_controller,457802,49.8,60346368,13002,82076,95078,51,507.1928
2026-04-25T09:25:01.482249+00:00,recovery_scenario,iperf_tcp,30,7,,twin_core,457809,0.0,67436544,6521,1563,8084,0,0.0
2026-04-25T09:25:01.482249+00:00,recovery_scenario,iperf_tcp,30,7,,ryu_controller,457802,9.9,60346368,13027,82078,95105,27,265.0626
2026-04-25T09:25:01.583556+00:00,recovery_scenario,iperf_tcp,30,7,,twin_core,457809,0.0,67436544,6521,1563,8084,0,0.0
2026-04-25T09:25:01.583556+00:00,recovery_scenario,iperf_tcp,30,7,,ryu_controller,457802,0.0,60346368,13044,82081,95125,20,198.9009
2026-04-25T09:25:01.684074+00:00,recovery_scenario,iperf_tcp,30,7,,twin_core,457809,29.8,67436544,6540,1566,8106,22,218.0474
2026-04-25T09:25:01.684074+00:00,recovery_scenario,iperf_tcp,30,7,,ryu_controller,457802,59.3,60346368,13061,82322,95383,258,2550.6153
2026-04-25T09:25:01.731421+00:00,recovery_scenario,iperf_tcp,30,7,recovery_requested,,,,,,,,,
2026-04-25T09:25:01.786833+00:00,recovery_scenario,iperf_tcp,30,7,,twin_core,457809,0.0,67440640,6552,1598,8150,44,429.5327
2026-04-25T09:25:01.786833+00:00,recovery_scenario,iperf_tcp,30,7,,ryu_controller,457802,48.9,60346368,13084,82420,95504,121,1182.8345
2026-04-25T09:25:01.889668+00:00,recovery_scenario,iperf_tcp,30,7,,twin_core,457809,0.0,67440640,6552,1598,8150,0,0.0
2026-04-25T09:25:01.889668+00:00,recovery_scenario,iperf_tcp,30,7,,ryu_controller,457802,48.7,60346368,13092,82522,95614,110,1072.6403
2026-04-25T09:25:01.990080+00:00,recovery_scenario,iperf_tcp,30,7,,twin_core,457809,0.0,67440640,6552,1598,8150,0,0.0
2026-04-25T09:25:01.990080+00:00,recovery_scenario,iperf_tcp,30,7,,ryu_controller,457802,99.6,60346368,13092,82550,95642,28,278.7442
2026-04-25T09:25:02.090571+00:00,recovery_scenario,iperf_tcp,30,7,,twin_core,457809,0.0,67440640,6552,1598,8150,0,0.0
2026-04-25T09:25:02.090571+00:00,recovery_scenario,iperf_tcp,30,7,,ryu_controller,457802,99.4,60346368,13092,82558,95650,8,79.5501
2026-04-25T09:25:02.191092+00:00,recovery_scenario,iperf_tcp,30,7,,twin_core,457809,10.0,67440640,6552,1598,8150,0,0.0
2026-04-25T09:25:02.191092+00:00,recovery_scenario,iperf_tcp,30,7,,ryu_controller,457802,89.6,60346368,13092,82625,95717,67,667.1843
2026-04-25T09:25:02.292083+00:00,recovery_scenario,iperf_tcp,30,7,,twin_core,457809,0.0,67440640,6553,1599,8152,2,19.7857
2026-04-25T09:25:02.292083+00:00,recovery_scenario,iperf_tcp,30,7,,ryu_controller,457802,96.1,60346368,13092,82750,95842,125,1200.9793
2026-04-25T09:25:02.395634+00:00,recovery_scenario,iperf_tcp,30,7,,twin_core,457809,0.0,67440640,6553,1599,8152,0,0.0
2026-04-25T09:25:02.395634+00:00,recovery_scenario,iperf_tcp,30,7,,ryu_controller,457802,79.5,60346368,13092,82852,95944,102,1014.3763
2026-04-25T09:25:02.496286+00:00,recovery_scenario,iperf_tcp,30,7,,twin_core,457809,0.0,67440640,6553,1599,8152,0,0.0
2026-04-25T09:25:02.496286+00:00,recovery_scenario,iperf_tcp,30,7,,ryu_controller,457802,99.2,60346368,13092,82971,96063,119,1180.3631
2026-04-25T09:25:02.597412+00:00,recovery_scenario,iperf_tcp,30,7,,twin_core,457809,0.0,67440640,6553,1599,8152,0,0.0
2026-04-25T09:25:02.597412+00:00,recovery_scenario,iperf_tcp,30,7,,ryu_controller,457802,86.9,60346368,13092,83121,96213,150,1447.6072
2026-04-25T09:25:02.700913+00:00,recovery_scenario,iperf_tcp,30,7,,twin_core,457809,0.0,67440640,6553,1599,8152,0,0.0
2026-04-25T09:25:02.700913+00:00,recovery_scenario,iperf_tcp,30,7,,ryu_controller,457802,79.4,60346368,13092,83275,96367,154,1528.7879
2026-04-25T09:25:02.801322+00:00,recovery_scenario,iperf_tcp,30,7,,twin_core,457809,0.0,67440640,6554,1599,8153,1,9.9249
2026-04-25T09:25:02.801322+00:00,recovery_scenario,iperf_tcp,30,7,,ryu_controller,457802,99.2,60346368,13092,83466,96558,191,1895.3227
2026-04-25T09:25:02.902105+00:00,recovery_scenario,iperf_tcp,30,7,,twin_core,457809,10.0,67440640,6554,1599,8153,0,0.0
2026-04-25T09:25:02.902105+00:00,recovery_scenario,iperf_tcp,30,7,,ryu_controller,457802,79.6,60346368,13092,83724,96816,258,2566.5986
2026-04-25T09:25:03.002844+00:00,recovery_scenario,iperf_tcp,30,7,,twin_core,457809,0.0,67440640,6554,1599,8153,0,0.0
2026-04-25T09:25:03.002844+00:00,recovery_scenario,iperf_tcp,30,7,,ryu_controller,457802,99.1,60346368,13092,83958,97050,234,2316.4805
2026-04-25T09:25:03.103766+00:00,recovery_scenario,iperf_tcp,30,7,,twin_core,457809,0.0,67440640,6554,1599,8153,0,0.0
2026-04-25T09:25:03.103766+00:00,recovery_scenario,iperf_tcp,30,7,,ryu_controller,457802,79.1,60346368,13092,84153,97245,195,1912.2283
2026-04-25T09:25:03.208315+00:00,recovery_scenario,iperf_tcp,30,7,,twin_core,457809,0.0,67440640,6554,1599,8153,0,0.0
2026-04-25T09:25:03.208315+00:00,recovery_scenario,iperf_tcp,30,7,,ryu_controller,457802,85.8,60346368,13092,84317,97409,164,1577.596
2026-04-25T09:25:03.309657+00:00,recovery_scenario,iperf_tcp,30,7,,twin_core,457809,0.0,67440640,6555,1600,8155,2,19.8594
2026-04-25T09:25:03.309657+00:00,recovery_scenario,iperf_tcp,30,7,,ryu_controller,457802,89.5,60346368,13092,84538,97630,221,2198.1743
2026-04-25T09:25:03.410108+00:00,recovery_scenario,iperf_tcp,30,7,,twin_core,457809,0.0,67440640,6555,1600,8155,0,0.0
2026-04-25T09:25:03.410108+00:00,recovery_scenario,iperf_tcp,30,7,,ryu_controller,457802,79.6,60346368,13092,84840,97932,302,3005.3719
2026-04-25T09:25:03.510705+00:00,recovery_scenario,iperf_tcp,30,7,,twin_core,457809,9.9,67440640,6555,1600,8155,0,0.0
2026-04-25T09:25:03.510705+00:00,recovery_scenario,iperf_tcp,30,7,,ryu_controller,457802,79.6,60346368,13092,85228,98320,388,3858.6048
2026-04-25T09:25:03.612076+00:00,recovery_scenario,iperf_tcp,30,7,,twin_core,457809,0.0,67440640,6555,1600,8155,0,0.0
2026-04-25T09:25:03.612076+00:00,recovery_scenario,iperf_tcp,30,7,,ryu_controller,457802,88.7,60346368,13092,85472,98564,244,2405.4127
2026-04-25T09:25:03.712655+00:00,recovery_scenario,iperf_tcp,30,7,,twin_core,457809,0.0,67440640,6555,1600,8155,0,0.0
2026-04-25T09:25:03.712655+00:00,recovery_scenario,iperf_tcp,30,7,,ryu_controller,457802,89.6,60346368,13092,85492,98584,20,199.0311
2026-04-25T09:25:03.815650+00:00,recovery_scenario,iperf_tcp,30,7,,twin_core,457809,0.0,67440640,6556,1600,8156,1,9.7103
2026-04-25T09:25:03.815650+00:00,recovery_scenario,iperf_tcp,30,7,,ryu_controller,457802,97.1,60346368,13092,85522,98614,30,291.3275
2026-04-25T09:25:03.916047+00:00,recovery_scenario,iperf_tcp,30,7,,twin_core,457809,0.0,67440640,6556,1600,8156,0,0.0
2026-04-25T09:25:03.916047+00:00,recovery_scenario,iperf_tcp,30,7,,ryu_controller,457802,99.6,60346368,13092,85554,98646,32,318.4643
2026-04-25T09:25:04.016675+00:00,recovery_scenario,iperf_tcp,30,7,,twin_core,457809,0.0,67440640,6556,1600,8156,0,0.0
2026-04-25T09:25:04.016675+00:00,recovery_scenario,iperf_tcp,30,7,,ryu_controller,457802,99.4,60346368,13092,85619,98711,65,646.0878
2026-04-25T09:25:04.117136+00:00,recovery_scenario,iperf_tcp,30,7,,twin_core,457809,0.0,67440640,6556,1600,8156,0,0.0
2026-04-25T09:25:04.117136+00:00,recovery_scenario,iperf_tcp,30,7,,ryu_controller,457802,99.6,60346368,13092,85649,98741,30,298.8241
2026-04-25T09:25:04.217748+00:00,recovery_scenario,iperf_tcp,30,7,,twin_core,457809,0.0,67440640,6556,1600,8156,0,0.0
2026-04-25T09:25:04.217748+00:00,recovery_scenario,iperf_tcp,30,7,,ryu_controller,457802,89.1,60346368,13092,85719,98811,70,691.92
2026-04-25T09:25:04.319527+00:00,recovery_scenario,iperf_tcp,30,7,,twin_core,457809,0.0,67440640,6557,1600,8157,1,9.8252
2026-04-25T09:25:04.319527+00:00,recovery_scenario,iperf_tcp,30,7,,ryu_controller,457802,98.3,60346368,13092,85819,98911,100,984.3248
2026-04-25T09:25:04.421715+00:00,recovery_scenario,iperf_tcp,30,7,,twin_core,457809,0.0,67440640,6557,1600,8157,0,0.0
2026-04-25T09:25:04.421715+00:00,recovery_scenario,iperf_tcp,30,7,,ryu_controller,457802,87.3,60346368,13092,85989,99081,170,1640.8413
2026-04-25T09:25:04.523984+00:00,recovery_scenario,iperf_tcp,30,7,,twin_core,457809,0.0,67440640,6557,1600,8157,0,0.0
2026-04-25T09:25:04.523984+00:00,recovery_scenario,iperf_tcp,30,7,,ryu_controller,457802,88.3,60346368,13092,86286,99378,297,2914.2725
2026-04-25T09:25:04.627702+00:00,recovery_scenario,iperf_tcp,30,7,,twin_core,457809,0.0,67440640,6557,1600,8157,0,0.0
2026-04-25T09:25:04.627702+00:00,recovery_scenario,iperf_tcp,30,7,,ryu_controller,457802,97.0,60346368,13092,86546,99638,260,2535.3863
2026-04-25T09:25:04.728399+00:00,recovery_scenario,iperf_tcp,30,7,,twin_core,457809,9.9,67440640,6557,1600,8157,0,0.0
2026-04-25T09:25:04.728399+00:00,recovery_scenario,iperf_tcp,30,7,,ryu_controller,457802,99.0,60346368,13092,86571,99663,25,247.2073
2026-04-25T09:25:04.829677+00:00,recovery_scenario,iperf_tcp,30,7,,twin_core,457809,0.0,67440640,6558,1600,8158,1,9.9277
2026-04-25T09:25:04.829677+00:00,recovery_scenario,iperf_tcp,30,7,,ryu_controller,457802,89.4,60346368,13092,86678,99770,107,1063.4546
2026-04-25T09:25:04.930140+00:00,recovery_scenario,iperf_tcp,30,7,,twin_core,457809,0.0,67440640,6558,1600,8158,0,0.0
2026-04-25T09:25:04.930140+00:00,recovery_scenario,iperf_tcp,30,7,,ryu_controller,457802,89.6,60346368,13092,86768,99860,90,896.0631
2026-04-25T09:25:05.030544+00:00,recovery_scenario,iperf_tcp,30,7,,twin_core,457809,0.0,67440640,6558,1600,8158,0,0.0
2026-04-25T09:25:05.030544+00:00,recovery_scenario,iperf_tcp,30,7,,ryu_controller,457802,89.4,60346368,13092,86925,100017,157,1560.0169
2026-04-25T09:25:05.131200+00:00,recovery_scenario,iperf_tcp,30,7,,twin_core,457809,10.0,67444736,6558,1600,8158,0,0.0
2026-04-25T09:25:05.131200+00:00,recovery_scenario,iperf_tcp,30,7,,ryu_controller,457802,49.7,60346368,13095,87100,100195,178,1769.9089
2026-04-25T09:25:05.231717+00:00,recovery_scenario,iperf_tcp,30,7,,twin_core,457809,0.0,67444736,6558,1600,8158,0,0.0
2026-04-25T09:25:05.231717+00:00,recovery_scenario,iperf_tcp,30,7,,ryu_controller,457802,39.8,60346368,13112,87185,100297,102,1013.7786
2026-04-25T09:25:05.326880+00:00,recovery_scenario,iperf_tcp,30,7,scenario_teardown,,,,,,,,,
2026-04-25T09:25:05.334227+00:00,recovery_scenario,iperf_tcp,30,7,,twin_core,457809,29.3,67448832,6589,1684,8273,115,1118.4316
2026-04-25T09:25:05.334227+00:00,recovery_scenario,iperf_tcp,30,7,,ryu_controller,457802,38.9,60346368,13155,87237,100392,95,923.5939
2026-04-25T09:25:05.435278+00:00,recovery_scenario,iperf_tcp,30,7,,twin_core,457809,0.0,67448832,6614,1684,8298,25,248.5093
2026-04-25T09:25:05.435278+00:00,recovery_scenario,iperf_tcp,30,7,,ryu_controller,457802,9.9,60346368,13165,87239,100404,12,119.171
2026-04-25T09:25:05.536018+00:00,recovery_scenario,iperf_tcp,30,7,,twin_core,457809,9.9,67448832,6641,1686,8327,29,287.9628
2026-04-25T09:25:05.536018+00:00,recovery_scenario,iperf_tcp,30,7,,ryu_controller,457802,19.9,60346368,13170,87241,100411,7,69.6537
2026-04-25T09:25:05.636433+00:00,recovery_scenario,iperf_tcp,30,7,,twin_core,457809,0.0,67448832,6648,1686,8334,7,69.6519
2026-04-25T09:25:05.636433+00:00,recovery_scenario,iperf_tcp,30,7,,ryu_controller,457802,0.0,60346368,13175,87245,100420,9,89.536
2026-04-25T09:25:06.181408+00:00,recovery_scenario,iperf_tcp,30,8,,twin_core,457809,0.0,67448832,7041,1744,8785,0,0.0
2026-04-25T09:25:06.181408+00:00,recovery_scenario,iperf_tcp,30,8,,ryu_controller,457802,0.0,60346368,13231,87246,100477,0,0.0
2026-04-25T09:25:06.284493+00:00,recovery_scenario,iperf_tcp,30,8,,twin_core,457809,0.0,67448832,7093,1748,8841,56,555.1364
2026-04-25T09:25:06.284493+00:00,recovery_scenario,iperf_tcp,30,8,,ryu_controller,457802,39.7,60346368,13252,87280,100532,55,545.9404
2026-04-25T09:25:06.385048+00:00,recovery_scenario,iperf_tcp,30,8,,twin_core,457809,19.9,67448832,7184,1750,8934,93,924.8001
2026-04-25T09:25:06.385048+00:00,recovery_scenario,iperf_tcp,30,8,,ryu_controller,457802,29.8,60346368,13299,87281,100580,48,477.0551
2026-04-25T09:25:06.447925+00:00,recovery_scenario,iperf_tcp,30,8,service_started,,,,,,,,,
2026-04-25T09:25:06.485687+00:00,recovery_scenario,iperf_tcp,30,8,,twin_core,457809,9.9,67452928,7246,1751,8997,63,626.7621
2026-04-25T09:25:06.485687+00:00,recovery_scenario,iperf_tcp,30,8,,ryu_controller,457802,49.8,60346368,13346,87283,100629,49,487.786
2026-04-25T09:25:06.588071+00:00,recovery_scenario,iperf_tcp,30,8,,twin_core,457809,9.8,67452928,7247,1751,8998,1,9.7548
2026-04-25T09:25:06.588071+00:00,recovery_scenario,iperf_tcp,30,8,,ryu_controller,457802,19.5,60346368,13375,87283,100658,29,282.5613
2026-04-25T09:25:06.688781+00:00,recovery_scenario,iperf_tcp,30,8,,twin_core,457809,0.0,67452928,7247,1751,8998,0,0.0
2026-04-25T09:25:06.688781+00:00,recovery_scenario,iperf_tcp,30,8,,ryu_controller,457802,19.9,60346368,13409,87283,100692,34,338.3436
2026-04-25T09:25:06.789201+00:00,recovery_scenario,iperf_tcp,30,8,,twin_core,457809,0.0,67452928,7247,1751,8998,0,0.0
2026-04-25T09:25:06.789201+00:00,recovery_scenario,iperf_tcp,30,8,,ryu_controller,457802,10.0,60346368,13440,87283,100723,31,308.533
2026-04-25T09:25:06.889621+00:00,recovery_scenario,iperf_tcp,30,8,,twin_core,457809,0.0,67452928,7247,1751,8998,0,0.0
2026-04-25T09:25:06.889621+00:00,recovery_scenario,iperf_tcp,30,8,,ryu_controller,457802,19.9,60346368,13480,87283,100763,40,398.5775
2026-04-25T09:25:06.990132+00:00,recovery_scenario,iperf_tcp,30,8,,twin_core,457809,0.0,67452928,7247,1751,8998,0,0.0
2026-04-25T09:25:06.990132+00:00,recovery_scenario,iperf_tcp,30,8,,ryu_controller,457802,29.7,60346368,13497,87283,100780,17,168.053
2026-04-25T09:25:07.091229+00:00,recovery_scenario,iperf_tcp,30,8,,twin_core,457809,0.0,67452928,7247,1751,8998,0,0.0
2026-04-25T09:25:07.091229+00:00,recovery_scenario,iperf_tcp,30,8,,ryu_controller,457802,29.8,60346368,13518,87283,100801,21,208.3039
2026-04-25T09:25:07.192031+00:00,recovery_scenario,iperf_tcp,30,8,,twin_core,457809,0.0,67452928,7247,1751,8998,0,0.0
2026-04-25T09:25:07.192031+00:00,recovery_scenario,iperf_tcp,30,8,,ryu_controller,457802,39.8,60346368,13575,87283,100858,57,567.3261
2026-04-25T09:25:07.293913+00:00,recovery_scenario,iperf_tcp,30,8,,twin_core,457809,0.0,67452928,7247,1751,8998,0,0.0
2026-04-25T09:25:07.293913+00:00,recovery_scenario,iperf_tcp,30,8,,ryu_controller,457802,0.0,60346368,13586,87283,100869,11,107.904
2026-04-25T09:25:07.394432+00:00,recovery_scenario,iperf_tcp,30,8,,twin_core,457809,0.0,67452928,7247,1751,8998,0,0.0
2026-04-25T09:25:07.394432+00:00,recovery_scenario,iperf_tcp,30,8,,ryu_controller,457802,19.9,60346368,13608,87283,100891,22,218.7594
2026-04-25T09:25:07.496156+00:00,recovery_scenario,iperf_tcp,30,8,,twin_core,457809,0.0,67452928,7247,1751,8998,0,0.0
2026-04-25T09:25:07.496156+00:00,recovery_scenario,iperf_tcp,30,8,,ryu_controller,457802,19.7,60346368,13642,87283,100925,34,334.3681
2026-04-25T09:25:07.596620+00:00,recovery_scenario,iperf_tcp,30,8,,twin_core,457809,0.0,67452928,7247,1751,8998,0,0.0
2026-04-25T09:25:07.596620+00:00,recovery_scenario,iperf_tcp,30,8,,ryu_controller,457802,19.9,60346368,13667,87283,100950,25,249.0918
2026-04-25T09:25:07.697032+00:00,recovery_scenario,iperf_tcp,30,8,,twin_core,457809,0.0,67452928,7247,1751,8998,0,0.0
2026-04-25T09:25:07.697032+00:00,recovery_scenario,iperf_tcp,30,8,,ryu_controller,457802,39.8,60346368,13698,87285,100983,33,328.2366
2026-04-25T09:25:07.797559+00:00,recovery_scenario,iperf_tcp,30,8,,twin_core,457809,0.0,67452928,7247,1751,8998,0,0.0
2026-04-25T09:25:07.797559+00:00,recovery_scenario,iperf_tcp,30,8,,ryu_controller,457802,10.0,60346368,13715,87285,101000,17,169.2511
2026-04-25T09:25:07.898010+00:00,recovery_scenario,iperf_tcp,30,8,,twin_core,457809,0.0,67452928,7247,1751,8998,0,0.0
2026-04-25T09:25:07.898010+00:00,recovery_scenario,iperf_tcp,30,8,,ryu_controller,457802,10.0,60346368,13736,87285,101021,21,209.1416
2026-04-25T09:25:07.998442+00:00,recovery_scenario,iperf_tcp,30,8,,twin_core,457809,0.0,67452928,7247,1751,8998,0,0.0
2026-04-25T09:25:07.998442+00:00,recovery_scenario,iperf_tcp,30,8,,ryu_controller,457802,29.8,60346368,13775,87286,101061,40,397.4292
2026-04-25T09:25:08.099071+00:00,recovery_scenario,iperf_tcp,30,8,,twin_core,457809,0.0,67452928,7247,1751,8998,0,0.0
2026-04-25T09:25:08.099071+00:00,recovery_scenario,iperf_tcp,30,8,,ryu_controller,457802,39.8,60346368,13817,87286,101103,42,418.2474
2026-04-25T09:25:08.202218+00:00,recovery_scenario,iperf_tcp,30,8,,twin_core,457809,0.0,67452928,7247,1751,8998,0,0.0
2026-04-25T09:25:08.202218+00:00,recovery_scenario,iperf_tcp,30,8,,ryu_controller,457802,9.7,60346368,13862,87286,101148,45,435.5641
2026-04-25T09:25:08.304004+00:00,recovery_scenario,iperf_tcp,30,8,,twin_core,457809,0.0,67452928,7247,1751,8998,0,0.0
2026-04-25T09:25:08.304004+00:00,recovery_scenario,iperf_tcp,30,8,,ryu_controller,457802,0.0,60346368,13873,87286,101159,11,108.2031
2026-04-25T09:25:08.405968+00:00,recovery_scenario,iperf_tcp,30,8,,twin_core,457809,0.0,67452928,7247,1751,8998,0,0.0
2026-04-25T09:25:08.405968+00:00,recovery_scenario,iperf_tcp,30,8,,ryu_controller,457802,0.0,60346368,13883,87286,101169,10,98.0437
2026-04-25T09:25:08.508257+00:00,recovery_scenario,iperf_tcp,30,8,,twin_core,457809,0.0,67452928,7247,1751,8998,0,0.0
2026-04-25T09:25:08.508257+00:00,recovery_scenario,iperf_tcp,30,8,,ryu_controller,457802,19.5,60346368,13899,87286,101185,16,155.9408
2026-04-25T09:25:08.609162+00:00,recovery_scenario,iperf_tcp,30,8,,twin_core,457809,19.8,67452928,7252,1751,9003,5,49.7303
2026-04-25T09:25:08.609162+00:00,recovery_scenario,iperf_tcp,30,8,,ryu_controller,457802,39.8,60346368,13970,87286,101256,71,706.3656
2026-04-25T09:25:08.709641+00:00,recovery_scenario,iperf_tcp,30,8,,twin_core,457809,0.0,67452928,7254,1751,9005,2,19.8892
2026-04-25T09:25:08.709641+00:00,recovery_scenario,iperf_tcp,30,8,,ryu_controller,457802,19.9,60346368,13989,87287,101276,20,198.8443
2026-04-25T09:25:08.812967+00:00,recovery_scenario,iperf_tcp,30,8,,twin_core,457809,0.0,67452928,7257,1751,9008,3,29.0414
2026-04-25T09:25:08.812967+00:00,recovery_scenario,iperf_tcp,30,8,,ryu_controller,457802,0.0,60346368,14001,87287,101288,12,116.1712
2026-04-25T09:25:08.914750+00:00,recovery_scenario,iperf_tcp,30,8,,twin_core,457809,9.8,67452928,7260,1751,9011,3,29.4871
2026-04-25T09:25:08.914750+00:00,recovery_scenario,iperf_tcp,30,8,,ryu_controller,457802,19.7,60346368,14021,87287,101308,20,196.6019
2026-04-25T09:25:09.016797+00:00,recovery_scenario,iperf_tcp,30,8,,twin_core,457809,0.0,67452928,7263,1751,9014,3,29.3949
2026-04-25T09:25:09.016797+00:00,recovery_scenario,iperf_tcp,30,8,,ryu_controller,457802,0.0,60346368,14032,87287,101319,11,107.78
2026-04-25T09:25:09.119443+00:00,recovery_scenario,iperf_tcp,30,8,,twin_core,457809,0.0,67452928,7263,1751,9014,0,0.0
2026-04-25T09:25:09.119443+00:00,recovery_scenario,iperf_tcp,30,8,,ryu_controller,457802,19.2,60346368,14037,87287,101324,5,47.7011
2026-04-25T09:25:09.223632+00:00,recovery_scenario,iperf_tcp,30,8,,twin_core,457809,9.6,67452928,7266,1751,9017,3,29.1559
2026-04-25T09:25:09.223632+00:00,recovery_scenario,iperf_tcp,30,8,,ryu_controller,457802,48.8,60346368,14084,87287,101371,47,460.7863
2026-04-25T09:25:09.324115+00:00,recovery_scenario,iperf_tcp,30,8,,twin_core,457809,0.0,67452928,7272,1751,9023,6,59.7007
2026-04-25T09:25:09.324115+00:00,recovery_scenario,iperf_tcp,30,8,,ryu_controller,457802,9.9,60346368,14096,87287,101383,12,119.3842
2026-04-25T09:25:09.424647+00:00,recovery_scenario,iperf_tcp,30,8,,twin_core,457809,0.0,67452928,7278,1751,9029,6,59.6759
2026-04-25T09:25:09.424647+00:00,recovery_scenario,iperf_tcp,30,8,,ryu_controller,457802,19.9,60346368,14118,87287,101405,22,218.8057
2026-04-25T09:25:09.526709+00:00,recovery_scenario,iperf_tcp,30,8,,twin_core,457809,0.0,67452928,7281,1751,9032,3,29.3844
2026-04-25T09:25:09.526709+00:00,recovery_scenario,iperf_tcp,30,8,,ryu_controller,457802,9.8,60346368,14131,87287,101418,13,127.3229
2026-04-25T09:25:09.629096+00:00,recovery_scenario,iperf_tcp,30,8,,twin_core,457809,0.0,67452928,7284,1751,9035,3,29.3058
2026-04-25T09:25:09.629096+00:00,recovery_scenario,iperf_tcp,30,8,,ryu_controller,457802,0.0,60346368,14145,87287,101432,14,136.7802
2026-04-25T09:25:09.730999+00:00,recovery_scenario,iperf_tcp,30,8,,twin_core,457809,0.0,67452928,7287,1751,9038,3,29.4428
2026-04-25T09:25:09.730999+00:00,recovery_scenario,iperf_tcp,30,8,,ryu_controller,457802,9.8,60346368,14160,87287,101447,15,147.2174
2026-04-25T09:25:09.831495+00:00,recovery_scenario,iperf_tcp,30,8,,twin_core,457809,10.0,67452928,7296,1751,9047,9,89.4531
2026-04-25T09:25:09.831495+00:00,recovery_scenario,iperf_tcp,30,8,,ryu_controller,457802,9.9,60346368,14172,87287,101459,12,119.2623
2026-04-25T09:25:09.932112+00:00,recovery_scenario,iperf_tcp,30,8,,twin_core,457809,0.0,67452928,7299,1751,9050,3,29.8145
2026-04-25T09:25:09.932112+00:00,recovery_scenario,iperf_tcp,30,8,,ryu_controller,457802,9.9,60346368,14186,87287,101473,14,138.9854
2026-04-25T09:25:10.032887+00:00,recovery_scenario,iperf_tcp,30,8,,twin_core,457809,0.0,67452928,7302,1751,9053,3,29.8005
2026-04-25T09:25:10.032887+00:00,recovery_scenario,iperf_tcp,30,8,,ryu_controller,457802,9.9,60346368,14197,87287,101484,11,109.3674
2026-04-25T09:25:10.133425+00:00,recovery_scenario,iperf_tcp,30,8,,twin_core,457809,0.0,67452928,7305,1751,9056,3,29.8146
2026-04-25T09:25:10.133425+00:00,recovery_scenario,iperf_tcp,30,8,,ryu_controller,457802,9.9,60346368,14209,87287,101496,12,119.2658
2026-04-25T09:25:10.234035+00:00,recovery_scenario,iperf_tcp,30,8,,twin_core,457809,0.0,67452928,7308,1751,9059,3,29.8424
2026-04-25T09:25:10.234035+00:00,recovery_scenario,iperf_tcp,30,8,,ryu_controller,457802,9.9,60346368,14241,87287,101528,32,318.3647
2026-04-25T09:25:10.334535+00:00,recovery_scenario,iperf_tcp,30,8,,twin_core,457809,0.0,67452928,7311,1751,9062,3,29.8413
2026-04-25T09:25:10.334535+00:00,recovery_scenario,iperf_tcp,30,8,,ryu_controller,457802,0.0,60346368,14246,87287,101533,5,49.7238
2026-04-25T09:25:10.435154+00:00,recovery_scenario,iperf_tcp,30,8,,twin_core,457809,0.0,67452928,7323,1751,9074,12,119.3179
2026-04-25T09:25:10.435154+00:00,recovery_scenario,iperf_tcp,30,8,,ryu_controller,457802,9.9,60346368,14259,87287,101546,13,129.2826
2026-04-25T09:25:10.535735+00:00,recovery_scenario,iperf_tcp,30,8,,twin_core,457809,0.0,67452928,7326,1751,9077,3,29.8308
2026-04-25T09:25:10.535735+00:00,recovery_scenario,iperf_tcp,30,8,,ryu_controller,457802,9.9,60346368,14281,87287,101568,22,218.757
2026-04-25T09:25:10.636221+00:00,recovery_scenario,iperf_tcp,30,8,,twin_core,457809,9.9,67473408,7332,1751,9083,6,59.687
2026-04-25T09:25:10.636221+00:00,recovery_scenario,iperf_tcp,30,8,,ryu_controller,457802,79.6,60346368,14326,87287,101613,45,447.3418
2026-04-25T09:25:10.746475+00:00,recovery_scenario,iperf_tcp,30,8,,twin_core,457809,0.0,67473408,7335,1751,9086,3,27.212
2026-04-25T09:25:10.746475+00:00,recovery_scenario,iperf_tcp,30,8,,ryu_controller,457802,0.0,60346368,14330,87287,101617,4,36.3087
2026-04-25T09:25:10.847045+00:00,recovery_scenario,iperf_tcp,30,8,,twin_core,457809,0.0,67473408,7347,1751,9098,12,119.3676
2026-04-25T09:25:10.847045+00:00,recovery_scenario,iperf_tcp,30,8,,ryu_controller,457802,9.9,60346368,14335,87287,101622,5,49.7378
2026-04-25T09:25:10.947510+00:00,recovery_scenario,iperf_tcp,30,8,,twin_core,457809,10.0,67473408,7350,1751,9101,3,29.8221
2026-04-25T09:25:10.947510+00:00,recovery_scenario,iperf_tcp,30,8,,ryu_controller,457802,19.9,60346368,14359,87287,101646,24,238.4614
2026-04-25T09:25:11.048240+00:00,recovery_scenario,iperf_tcp,30,8,,twin_core,457809,0.0,67473408,7353,1751,9104,3,29.716
2026-04-25T09:25:11.048240+00:00,recovery_scenario,iperf_tcp,30,8,,ryu_controller,457802,9.9,60346368,14372,87287,101659,13,128.8014
2026-04-25T09:25:11.149141+00:00,recovery_scenario,iperf_tcp,30,8,,twin_core,457809,0.0,67473408,7356,1751,9107,3,29.8255
2026-04-25T09:25:11.149141+00:00,recovery_scenario,iperf_tcp,30,8,,ryu_controller,457802,0.0,60346368,14377,87287,101664,5,49.7058
2026-04-25T09:25:11.249638+00:00,recovery_scenario,iperf_tcp,30,8,,twin_core,457809,0.0,67473408,7362,1751,9113,6,59.621
2026-04-25T09:25:11.249638+00:00,recovery_scenario,iperf_tcp,30,8,,ryu_controller,457802,29.8,60346368,14401,87288,101689,25,248.3166
2026-04-25T09:25:11.350341+00:00,recovery_scenario,iperf_tcp,30,8,,twin_core,457809,0.0,67473408,7371,1751,9122,9,89.5157
2026-04-25T09:25:11.350341+00:00,recovery_scenario,iperf_tcp,30,8,,ryu_controller,457802,59.6,60346368,14441,87288,101729,40,396.9052
2026-04-25T09:25:11.451264+00:00,recovery_scenario,iperf_tcp,30,8,,twin_core,457809,0.0,67473408,7374,1751,9125,3,29.7089
2026-04-25T09:25:11.451264+00:00,recovery_scenario,iperf_tcp,30,8,,ryu_controller,457802,29.8,60346368,14475,87288,101763,34,337.521
2026-04-25T09:25:11.551920+00:00,recovery_scenario,iperf_tcp,30,8,,twin_core,457809,0.0,67473408,7377,1751,9128,3,29.8329
2026-04-25T09:25:11.551920+00:00,recovery_scenario,iperf_tcp,30,8,,ryu_controller,457802,10.0,60346368,14486,87288,101774,11,109.4621
2026-04-25T09:25:11.654133+00:00,recovery_scenario,iperf_tcp,30,8,,twin_core,457809,0.0,67473408,7380,1751,9131,3,29.3331
2026-04-25T09:25:11.654133+00:00,recovery_scenario,iperf_tcp,30,8,,ryu_controller,457802,0.0,60346368,14512,87288,101800,26,254.1819
2026-04-25T09:25:11.755626+00:00,recovery_scenario,iperf_tcp,30,8,,twin_core,457809,0.0,67473408,7389,1751,9140,9,88.213
2026-04-25T09:25:11.755626+00:00,recovery_scenario,iperf_tcp,30,8,,ryu_controller,457802,9.8,60346368,14522,87288,101810,10,97.3882
2026-04-25T09:25:11.857671+00:00,recovery_scenario,iperf_tcp,30,8,,twin_core,457809,9.8,67473408,7395,1751,9146,6,59.015
2026-04-25T09:25:11.857671+00:00,recovery_scenario,iperf_tcp,30,8,,ryu_controller,457802,39.4,60346368,14540,87289,101829,19,187.7889
2026-04-25T09:25:11.965665+00:00,recovery_scenario,iperf_tcp,30,8,,twin_core,457809,0.0,67473408,7395,1751,9146,0,0.0
2026-04-25T09:25:11.965665+00:00,recovery_scenario,iperf_tcp,30,8,,ryu_controller,457802,18.6,60346368,14549,87289,101838,9,83.4882
2026-04-25T09:25:12.068353+00:00,recovery_scenario,iperf_tcp,30,8,,twin_core,457809,0.0,67473408,7398,1751,9149,3,29.2067
2026-04-25T09:25:12.068353+00:00,recovery_scenario,iperf_tcp,30,8,,ryu_controller,457802,0.0,60346368,14553,87289,101842,4,38.976
2026-04-25T09:25:12.173896+00:00,recovery_scenario,iperf_tcp,30,8,,twin_core,457809,9.5,67473408,7404,1751,9155,6,56.8723
2026-04-25T09:25:12.173896+00:00,recovery_scenario,iperf_tcp,30,8,,ryu_controller,457802,0.0,60346368,14556,87289,101845,3,28.439
2026-04-25T09:25:12.274945+00:00,recovery_scenario,iperf_tcp,30,8,,twin_core,457809,0.0,67473408,7410,1751,9161,6,59.3636
2026-04-25T09:25:12.274945+00:00,recovery_scenario,iperf_tcp,30,8,,ryu_controller,457802,0.0,60346368,14572,87289,101861,16,158.291
2026-04-25T09:25:12.375515+00:00,recovery_scenario,iperf_tcp,30,8,,twin_core,457809,0.0,67473408,7413,1751,9164,3,29.8455
2026-04-25T09:25:12.375515+00:00,recovery_scenario,iperf_tcp,30,8,,ryu_controller,457802,29.9,60346368,14603,87289,101892,31,308.4828
2026-04-25T09:25:12.477809+00:00,recovery_scenario,iperf_tcp,30,8,,twin_core,457809,0.0,67473408,7416,1751,9167,3,29.3175
2026-04-25T09:25:12.477809+00:00,recovery_scenario,iperf_tcp,30,8,,ryu_controller,457802,0.0,60346368,14607,87289,101896,4,39.0734
2026-04-25T09:25:12.495661+00:00,recovery_scenario,iperf_tcp,30,8,pingall_completed,,,,,,,,,
2026-04-25T09:25:12.578820+00:00,recovery_scenario,iperf_tcp,30,8,,twin_core,457809,9.9,67473408,7429,1751,9180,13,128.6891
2026-04-25T09:25:12.578820+00:00,recovery_scenario,iperf_tcp,30,8,,ryu_controller,457802,0.0,60346368,14611,87289,101900,4,39.6071
2026-04-25T09:25:12.682038+00:00,recovery_scenario,iperf_tcp,30,8,,twin_core,457809,0.0,67473408,7429,1751,9180,0,0.0
2026-04-25T09:25:12.682038+00:00,recovery_scenario,iperf_tcp,30,8,,ryu_controller,457802,38.8,60346368,14645,87289,101934,34,329.3674
2026-04-25T09:25:12.782666+00:00,recovery_scenario,iperf_tcp,30,8,,twin_core,457809,9.9,67518464,7429,1751,9180,0,0.0
2026-04-25T09:25:12.782666+00:00,recovery_scenario,iperf_tcp,30,8,,ryu_controller,457802,29.8,60444672,14667,87289,101956,22,218.7471
2026-04-25T09:25:12.884892+00:00,recovery_scenario,iperf_tcp,30,8,,twin_core,457809,0.0,67518464,7429,1751,9180,0,0.0
2026-04-25T09:25:12.884892+00:00,recovery_scenario,iperf_tcp,30,8,,ryu_controller,457802,0.0,60444672,14670,87289,101959,3,29.3094
2026-04-25T09:25:12.985521+00:00,recovery_scenario,iperf_tcp,30,8,,twin_core,457809,0.0,67518464,7429,1751,9180,0,0.0
2026-04-25T09:25:12.985521+00:00,recovery_scenario,iperf_tcp,30,8,,ryu_controller,457802,9.9,60444672,14674,87289,101963,4,39.7572
2026-04-25T09:25:13.095732+00:00,recovery_scenario,iperf_tcp,30,8,,twin_core,457809,0.0,67518464,7429,1751,9180,0,0.0
2026-04-25T09:25:13.095732+00:00,recovery_scenario,iperf_tcp,30,8,,ryu_controller,457802,0.0,60444672,14677,87289,101966,3,27.1985
2026-04-25T09:25:13.205558+00:00,recovery_scenario,iperf_tcp,30,8,,twin_core,457809,0.0,67518464,7429,1751,9180,0,0.0
2026-04-25T09:25:13.205558+00:00,recovery_scenario,iperf_tcp,30,8,,ryu_controller,457802,9.1,60444672,14680,87289,101969,3,27.2128
2026-04-25T09:25:13.313514+00:00,recovery_scenario,iperf_tcp,30,8,,twin_core,457809,0.0,67518464,7429,1751,9180,0,0.0
2026-04-25T09:25:13.313514+00:00,recovery_scenario,iperf_tcp,30,8,,ryu_controller,457802,0.0,60444672,14683,87289,101972,3,25.7413
2026-04-25T09:25:13.423255+00:00,recovery_scenario,iperf_tcp,30,8,,twin_core,457809,9.2,67518464,7429,1751,9180,0,0.0
2026-04-25T09:25:13.423255+00:00,recovery_scenario,iperf_tcp,30,8,,ryu_controller,457802,89.5,60444672,14723,87290,102013,41,408.0378
2026-04-25T09:25:13.524467+00:00,recovery_scenario,iperf_tcp,30,8,,twin_core,457809,0.0,67518464,7434,1751,9185,5,49.3204
2026-04-25T09:25:13.524467+00:00,recovery_scenario,iperf_tcp,30,8,,ryu_controller,457802,19.7,60444672,14736,87290,102026,13,128.1083
2026-04-25T09:25:13.627524+00:00,recovery_scenario,iperf_tcp,30,8,,twin_core,457809,0.0,67518464,7434,1751,9185,0,0.0
2026-04-25T09:25:13.627524+00:00,recovery_scenario,iperf_tcp,30,8,,ryu_controller,457802,0.0,60444672,14739,87290,102029,3,29.1431
2026-04-25T09:25:13.728130+00:00,recovery_scenario,iperf_tcp,30,8,,twin_core,457809,9.9,67518464,7434,1751,9185,0,0.0
2026-04-25T09:25:13.728130+00:00,recovery_scenario,iperf_tcp,30,8,,ryu_controller,457802,9.9,60444672,14765,87290,102055,26,258.6704
2026-04-25T09:25:13.828684+00:00,recovery_scenario,iperf_tcp,30,8,,twin_core,457809,0.0,67518464,7434,1751,9185,0,0.0
2026-04-25T09:25:13.828684+00:00,recovery_scenario,iperf_tcp,30,8,,ryu_controller,457802,0.0,60444672,14768,87290,102058,3,29.8316
2026-04-25T09:25:13.932124+00:00,recovery_scenario,iperf_tcp,30,8,,twin_core,457809,0.0,67518464,7434,1751,9185,0,0.0
2026-04-25T09:25:13.932124+00:00,recovery_scenario,iperf_tcp,30,8,,ryu_controller,457802,0.0,60444672,14771,87290,102061,3,28.9904
2026-04-25T09:25:14.033437+00:00,recovery_scenario,iperf_tcp,30,8,,twin_core,457809,0.0,67518464,7434,1751,9185,0,0.0
2026-04-25T09:25:14.033437+00:00,recovery_scenario,iperf_tcp,30,8,,ryu_controller,457802,0.0,60444672,14778,87298,102076,15,145.2025
2026-04-25T09:25:14.136146+00:00,recovery_scenario,iperf_tcp,30,8,,twin_core,457809,0.0,67518464,7434,1751,9185,0,0.0
2026-04-25T09:25:14.136146+00:00,recovery_scenario,iperf_tcp,30,8,,ryu_controller,457802,0.0,60444672,14783,87304,102087,11,109.2628
2026-04-25T09:25:14.238203+00:00,recovery_scenario,iperf_tcp,30,8,,twin_core,457809,0.0,67518464,7434,1751,9185,0,0.0
2026-04-25T09:25:14.238203+00:00,recovery_scenario,iperf_tcp,30,8,,ryu_controller,457802,9.8,60444672,14812,87316,102128,41,401.0652
2026-04-25T09:25:14.342681+00:00,recovery_scenario,iperf_tcp,30,8,,twin_core,457809,0.0,67518464,7434,1751,9185,0,0.0
2026-04-25T09:25:14.342681+00:00,recovery_scenario,iperf_tcp,30,8,,ryu_controller,457802,0.0,60444672,14828,87325,102153,25,239.5717
2026-04-25T09:25:14.443210+00:00,recovery_scenario,iperf_tcp,30,8,,twin_core,457809,0.0,67518464,7434,1751,9185,0,0.0
2026-04-25T09:25:14.443210+00:00,recovery_scenario,iperf_tcp,30,8,,ryu_controller,457802,0.0,60444672,14869,87329,102198,45,446.94
2026-04-25T09:25:14.525162+00:00,recovery_scenario,iperf_tcp,30,8,background_traffic_started,,,,,,,,,
2026-04-25T09:25:14.547697+00:00,recovery_scenario,iperf_tcp,30,8,,twin_core,457809,0.0,67518464,7438,1780,9218,33,316.0101
2026-04-25T09:25:14.547697+00:00,recovery_scenario,iperf_tcp,30,8,,ryu_controller,457802,9.6,60444672,14884,87351,102235,37,355.0906
2026-04-25T09:25:14.651099+00:00,recovery_scenario,iperf_tcp,30,8,,twin_core,457809,9.7,67518464,7447,1806,9253,35,338.3715
2026-04-25T09:25:14.651099+00:00,recovery_scenario,iperf_tcp,30,8,,ryu_controller,457802,38.7,60444672,14891,87515,102406,171,1652.4191
2026-04-25T09:25:14.751565+00:00,recovery_scenario,iperf_tcp,30,8,,twin_core,457809,9.9,67518464,7459,1816,9275,22,218.519
2026-04-25T09:25:14.751565+00:00,recovery_scenario,iperf_tcp,30,8,,ryu_controller,457802,39.7,60444672,14894,87708,102602,196,1945.6528
2026-04-25T09:25:14.835532+00:00,recovery_scenario,iperf_tcp,30,8,fault_injected,,,,,,,,,
2026-04-25T09:25:14.856731+00:00,recovery_scenario,iperf_tcp,30,8,,twin_core,457809,9.5,67543040,7467,1843,9310,35,333.2539
2026-04-25T09:25:14.856731+00:00,recovery_scenario,iperf_tcp,30,8,,ryu_controller,457802,47.6,60444672,14898,87949,102847,245,2333.998
2026-04-25T09:25:14.958747+00:00,recovery_scenario,iperf_tcp,30,8,,twin_core,457809,0.0,67543040,7468,1844,9312,2,19.6207
2026-04-25T09:25:14.958747+00:00,recovery_scenario,iperf_tcp,30,8,,ryu_controller,457802,49.0,60444672,14898,88106,103004,157,1540.2687
2026-04-25T09:25:15.059207+00:00,recovery_scenario,iperf_tcp,30,8,,twin_core,457809,0.0,67543040,7468,1844,9312,0,0.0
2026-04-25T09:25:15.059207+00:00,recovery_scenario,iperf_tcp,30,8,,ryu_controller,457802,39.8,60444672,14898,88128,103026,22,219.0714
2026-04-25T09:25:15.159672+00:00,recovery_scenario,iperf_tcp,30,8,,twin_core,457809,0.0,67543040,7468,1844,9312,0,0.0
2026-04-25T09:25:15.159672+00:00,recovery_scenario,iperf_tcp,30,8,,ryu_controller,457802,68.4,60444672,14898,88199,103097,71,693.3547
2026-04-25T09:25:15.262042+00:00,recovery_scenario,iperf_tcp,30,8,,twin_core,457809,0.0,67543040,7468,1844,9312,0,0.0
2026-04-25T09:25:15.262042+00:00,recovery_scenario,iperf_tcp,30,8,,ryu_controller,457802,69.7,60444672,14898,88335,103233,136,1354.2329
2026-04-25T09:25:15.362456+00:00,recovery_scenario,iperf_tcp,30,8,,twin_core,457809,0.0,67543040,7468,1844,9312,0,0.0
2026-04-25T09:25:15.362456+00:00,recovery_scenario,iperf_tcp,30,8,,ryu_controller,457802,39.8,60444672,14898,88471,103369,136,1351.9343
2026-04-25T09:25:15.463672+00:00,recovery_scenario,iperf_tcp,30,8,,twin_core,457809,0.0,67543040,7469,1846,9315,3,29.6552
2026-04-25T09:25:15.463672+00:00,recovery_scenario,iperf_tcp,30,8,,ryu_controller,457802,79.1,60444672,14899,88708,103607,238,2352.2082
2026-04-25T09:25:15.566695+00:00,recovery_scenario,iperf_tcp,30,8,,twin_core,457809,0.0,67543040,7469,1846,9315,0,0.0
2026-04-25T09:25:15.566695+00:00,recovery_scenario,iperf_tcp,30,8,,ryu_controller,457802,58.3,60444672,14899,88786,103685,78,757.5913
2026-04-25T09:25:15.667222+00:00,recovery_scenario,iperf_tcp,30,8,,twin_core,457809,0.0,67543040,7469,1846,9315,0,0.0
2026-04-25T09:25:15.667222+00:00,recovery_scenario,iperf_tcp,30,8,,ryu_controller,457802,49.8,60444672,14899,88915,103814,129,1283.8101
2026-04-25T09:25:15.767978+00:00,recovery_scenario,iperf_tcp,30,8,,twin_core,457809,9.9,67543040,7469,1846,9315,0,0.0
2026-04-25T09:25:15.767978+00:00,recovery_scenario,iperf_tcp,30,8,,ryu_controller,457802,69.5,60444672,14899,88970,103869,55,546.0038
2026-04-25T09:25:15.868478+00:00,recovery_scenario,iperf_tcp,30,8,,twin_core,457809,0.0,67543040,7469,1846,9315,0,0.0
2026-04-25T09:25:15.868478+00:00,recovery_scenario,iperf_tcp,30,8,,ryu_controller,457802,59.4,60448768,14899,89031,103930,61,603.4989
2026-04-25T09:25:15.969514+00:00,recovery_scenario,iperf_tcp,30,8,,twin_core,457809,0.0,67543040,7470,1846,9316,1,9.9183
2026-04-25T09:25:15.969514+00:00,recovery_scenario,iperf_tcp,30,8,,ryu_controller,457802,69.5,60448768,14899,89102,104001,71,705.7483
2026-04-25T09:25:16.070665+00:00,recovery_scenario,iperf_tcp,30,8,,twin_core,457809,0.0,67543040,7470,1846,9316,0,0.0
2026-04-25T09:25:16.070665+00:00,recovery_scenario,iperf_tcp,30,8,,ryu_controller,457802,58.6,60448768,14899,89183,104082,81,790.8749
2026-04-25T09:25:16.172633+00:00,recovery_scenario,iperf_tcp,30,8,,twin_core,457809,0.0,67543040,7470,1846,9316,0,0.0
2026-04-25T09:25:16.172633+00:00,recovery_scenario,iperf_tcp,30,8,,ryu_controller,457802,69.6,60448768,14899,89273,104172,90,895.065
2026-04-25T09:25:16.275275+00:00,recovery_scenario,iperf_tcp,30,8,,twin_core,457809,0.0,67543040,7470,1846,9316,0,0.0
2026-04-25T09:25:16.275275+00:00,recovery_scenario,iperf_tcp,30,8,,ryu_controller,457802,58.5,60448768,14899,89359,104258,86,837.0785
2026-04-25T09:25:16.375814+00:00,recovery_scenario,iperf_tcp,30,8,,twin_core,457809,0.0,67543040,7471,1846,9317,1,9.9462
2026-04-25T09:25:16.375814+00:00,recovery_scenario,iperf_tcp,30,8,,ryu_controller,457802,69.6,60448768,14899,89463,104362,104,1035.3068
2026-04-25T09:25:16.476247+00:00,recovery_scenario,iperf_tcp,30,8,,twin_core,457809,0.0,67543040,7471,1846,9317,0,0.0
2026-04-25T09:25:16.476247+00:00,recovery_scenario,iperf_tcp,30,8,,ryu_controller,457802,49.8,60448768,14899,89585,104484,122,1215.0323
2026-04-25T09:25:16.576701+00:00,recovery_scenario,iperf_tcp,30,8,,twin_core,457809,0.0,67543040,7471,1846,9317,0,0.0
2026-04-25T09:25:16.576701+00:00,recovery_scenario,iperf_tcp,30,8,,ryu_controller,457802,59.7,60448768,14899,89708,104607,123,1220.0134
2026-04-25T09:25:16.678716+00:00,recovery_scenario,iperf_tcp,30,8,,twin_core,457809,0.0,67543040,7471,1846,9317,0,0.0
2026-04-25T09:25:16.678716+00:00,recovery_scenario,iperf_tcp,30,8,,ryu_controller,457802,58.8,60448768,14899,89834,104733,126,1239.3765
2026-04-25T09:25:16.779273+00:00,recovery_scenario,iperf_tcp,30,8,,twin_core,457809,0.0,67543040,7471,1846,9317,0,0.0
2026-04-25T09:25:16.779273+00:00,recovery_scenario,iperf_tcp,30,8,,ryu_controller,457802,59.5,60448768,14899,89953,104852,119,1178.3668
2026-04-25T09:25:16.880282+00:00,recovery_scenario,iperf_tcp,30,8,,twin_core,457809,0.0,67543040,7472,1846,9318,1,9.8153
2026-04-25T09:25:16.880282+00:00,recovery_scenario,iperf_tcp,30,8,,ryu_controller,457802,58.8,60448768,14899,90082,104981,129,1264.609
2026-04-25T09:25:16.984251+00:00,recovery_scenario,iperf_tcp,30,8,,twin_core,457809,9.6,67543040,7472,1846,9318,0,0.0
2026-04-25T09:25:16.984251+00:00,recovery_scenario,iperf_tcp,30,8,,ryu_controller,457802,68.2,60448768,14900,90351,105251,270,2610.9909
2026-04-25T09:25:17.085640+00:00,recovery_scenario,iperf_tcp,30,8,,twin_core,457809,0.0,67543040,7472,1846,9318,0,0.0
2026-04-25T09:25:17.085640+00:00,recovery_scenario,iperf_tcp,30,8,,ryu_controller,457802,78.8,60448768,14900,90694,105594,343,3395.2181
2026-04-25T09:25:17.186736+00:00,recovery_scenario,iperf_tcp,30,8,,twin_core,457809,0.0,67543040,7472,1846,9318,0,0.0
2026-04-25T09:25:17.186736+00:00,recovery_scenario,iperf_tcp,30,8,,ryu_controller,457802,78.6,60448768,14900,91037,105937,343,3345.6608
2026-04-25T09:25:17.289430+00:00,recovery_scenario,iperf_tcp,30,8,,twin_core,457809,0.0,67543040,7472,1846,9318,0,0.0
2026-04-25T09:25:17.289430+00:00,recovery_scenario,iperf_tcp,30,8,,ryu_controller,457802,77.7,60448768,14900,91354,106254,317,3106.4987
2026-04-25T09:25:17.391204+00:00,recovery_scenario,iperf_tcp,30,8,,twin_core,457809,9.8,67543040,7473,1846,9319,1,9.7053
2026-04-25T09:25:17.391204+00:00,recovery_scenario,iperf_tcp,30,8,,ryu_controller,457802,86.7,60448768,14900,91643,106543,289,2779.9372
2026-04-25T09:25:17.495231+00:00,recovery_scenario,iperf_tcp,30,8,,twin_core,457809,0.0,67543040,7473,1846,9319,0,0.0
2026-04-25T09:25:17.495231+00:00,recovery_scenario,iperf_tcp,30,8,,ryu_controller,457802,79.0,60448768,14900,91937,106837,294,2905.8185
2026-04-25T09:25:17.596860+00:00,recovery_scenario,iperf_tcp,30,8,,twin_core,457809,0.0,67543040,7473,1846,9319,0,0.0
2026-04-25T09:25:17.596860+00:00,recovery_scenario,iperf_tcp,30,8,,ryu_controller,457802,69.0,60448768,14900,92250,107150,313,3081.9973
2026-04-25T09:25:17.698355+00:00,recovery_scenario,iperf_tcp,30,8,,twin_core,457809,0.0,67543040,7473,1846,9319,0,0.0
2026-04-25T09:25:17.698355+00:00,recovery_scenario,iperf_tcp,30,8,,ryu_controller,457802,67.5,60448768,14900,92525,107425,275,2653.3801
2026-04-25T09:25:17.801624+00:00,recovery_scenario,iperf_tcp,30,8,,twin_core,457809,9.7,67551232,7473,1846,9319,0,0.0
2026-04-25T09:25:17.801624+00:00,recovery_scenario,iperf_tcp,30,8,,ryu_controller,457802,69.1,60448768,14903,92775,107678,253,2429.1854
2026-04-25T09:25:17.906969+00:00,recovery_scenario,iperf_tcp,30,8,,twin_core,457809,0.0,67551232,7487,1856,9343,24,228.825
2026-04-25T09:25:17.906969+00:00,recovery_scenario,iperf_tcp,30,8,,ryu_controller,457802,28.6,60448768,14918,92898,107816,138,1354.9756
2026-04-25T09:25:17.963926+00:00,recovery_scenario,iperf_tcp,30,8,recovery_requested,,,,,,,,,
2026-04-25T09:25:18.007499+00:00,recovery_scenario,iperf_tcp,30,8,,twin_core,457809,9.9,67551232,7506,1881,9387,44,437.2453
2026-04-25T09:25:18.007499+00:00,recovery_scenario,iperf_tcp,30,8,,ryu_controller,457802,59.6,60448768,14941,93069,108010,194,1924.9449
2026-04-25T09:25:18.108364+00:00,recovery_scenario,iperf_tcp,30,8,,twin_core,457809,0.0,67551232,7506,1881,9387,0,0.0
2026-04-25T09:25:18.108364+00:00,recovery_scenario,iperf_tcp,30,8,,ryu_controller,457802,9.9,60448768,14962,93131,108093,83,822.375
2026-04-25T09:25:18.209235+00:00,recovery_scenario,iperf_tcp,30,8,,twin_core,457809,0.0,67551232,7506,1881,9387,0,0.0
2026-04-25T09:25:18.209235+00:00,recovery_scenario,iperf_tcp,30,8,,ryu_controller,457802,19.8,60448768,14981,93271,108252,159,1552.8845
2026-04-25T09:25:18.311669+00:00,recovery_scenario,iperf_tcp,30,8,,twin_core,457809,0.0,67551232,7506,1881,9387,0,0.0
2026-04-25T09:25:18.311669+00:00,recovery_scenario,iperf_tcp,30,8,,ryu_controller,457802,39.1,60448768,15004,93474,108478,226,2247.2278
2026-04-25T09:25:18.412235+00:00,recovery_scenario,iperf_tcp,30,8,,twin_core,457809,0.0,67551232,7506,1881,9387,0,0.0
2026-04-25T09:25:18.412235+00:00,recovery_scenario,iperf_tcp,30,8,,ryu_controller,457802,29.2,60448768,15042,93653,108695,217,2089.3684
2026-04-25T09:25:18.516849+00:00,recovery_scenario,iperf_tcp,30,8,,twin_core,457809,0.0,67551232,7507,1886,9393,6,58.348
2026-04-25T09:25:18.516849+00:00,recovery_scenario,iperf_tcp,30,8,,ryu_controller,457802,58.3,60448768,15042,94103,109145,450,4427.7892
2026-04-25T09:25:18.618753+00:00,recovery_scenario,iperf_tcp,30,8,,twin_core,457809,0.0,67551232,7507,1886,9393,0,0.0
2026-04-25T09:25:18.618753+00:00,recovery_scenario,iperf_tcp,30,8,,ryu_controller,457802,68.4,60448768,15042,94503,109545,400,3910.9311
2026-04-25T09:25:18.720202+00:00,recovery_scenario,iperf_tcp,30,8,,twin_core,457809,0.0,67551232,7507,1886,9393,0,0.0
2026-04-25T09:25:18.720202+00:00,recovery_scenario,iperf_tcp,30,8,,ryu_controller,457802,78.6,60448768,15042,94902,109944,399,3911.6329
2026-04-25T09:25:18.822074+00:00,recovery_scenario,iperf_tcp,30,8,,twin_core,457809,0.0,67551232,7507,1886,9393,0,0.0
2026-04-25T09:25:18.822074+00:00,recovery_scenario,iperf_tcp,30,8,,ryu_controller,457802,88.6,60448768,15042,95079,110121,177,1745.8753
2026-04-25T09:25:18.925751+00:00,recovery_scenario,iperf_tcp,30,8,,twin_core,457809,0.0,67551232,7507,1886,9393,0,0.0
2026-04-25T09:25:18.925751+00:00,recovery_scenario,iperf_tcp,30,8,,ryu_controller,457802,96.6,60448768,15042,95079,110121,0,0.0
2026-04-25T09:25:19.027426+00:00,recovery_scenario,iperf_tcp,30,8,,twin_core,457809,9.9,67551232,7508,1886,9394,1,9.8744
2026-04-25T09:25:19.027426+00:00,recovery_scenario,iperf_tcp,30,8,,ryu_controller,457802,98.8,60448768,15042,95270,110312,191,1887.9406
2026-04-25T09:25:19.128266+00:00,recovery_scenario,iperf_tcp,30,8,,twin_core,457809,0.0,67551232,7508,1886,9394,0,0.0
2026-04-25T09:25:19.128266+00:00,recovery_scenario,iperf_tcp,30,8,,ryu_controller,457802,88.7,60448768,15042,95423,110465,153,1506.8179
2026-04-25T09:25:19.241653+00:00,recovery_scenario,iperf_tcp,30,8,,twin_core,457809,0.0,67551232,7508,1886,9394,0,0.0
2026-04-25T09:25:19.241653+00:00,recovery_scenario,iperf_tcp,30,8,,ryu_controller,457802,106.4,60448768,15042,95424,110466,1,8.8723
2026-04-25T09:25:19.342245+00:00,recovery_scenario,iperf_tcp,30,8,,twin_core,457809,0.0,67551232,7508,1886,9394,0,0.0
2026-04-25T09:25:19.342245+00:00,recovery_scenario,iperf_tcp,30,8,,ryu_controller,457802,99.5,60448768,15042,95426,110468,2,19.9124
2026-04-25T09:25:19.442808+00:00,recovery_scenario,iperf_tcp,30,8,,twin_core,457809,0.0,67551232,7508,1886,9394,0,0.0
2026-04-25T09:25:19.442808+00:00,recovery_scenario,iperf_tcp,30,8,,ryu_controller,457802,106.1,60448768,15042,95432,110474,6,57.8673
2026-04-25T09:25:19.546523+00:00,recovery_scenario,iperf_tcp,30,8,,twin_core,457809,0.0,67551232,7509,1886,9395,1,9.9163
2026-04-25T09:25:19.546523+00:00,recovery_scenario,iperf_tcp,30,8,,ryu_controller,457802,99.3,60448768,15042,95433,110475,1,9.9347
2026-04-25T09:25:19.647555+00:00,recovery_scenario,iperf_tcp,30,8,,twin_core,457809,0.0,67551232,7509,1886,9395,0,0.0
2026-04-25T09:25:19.647555+00:00,recovery_scenario,iperf_tcp,30,8,,ryu_controller,457802,88.7,60448768,15042,95436,110478,3,29.1752
2026-04-25T09:25:19.750015+00:00,recovery_scenario,iperf_tcp,30,8,,twin_core,457809,0.0,67551232,7509,1886,9395,0,0.0
2026-04-25T09:25:19.750015+00:00,recovery_scenario,iperf_tcp,30,8,,ryu_controller,457802,107.8,60448768,15042,95437,110479,1,9.928
2026-04-25T09:25:19.850555+00:00,recovery_scenario,iperf_tcp,30,8,,twin_core,457809,9.9,67551232,7509,1886,9395,0,0.0
2026-04-25T09:25:19.850555+00:00,recovery_scenario,iperf_tcp,30,8,,ryu_controller,457802,99.5,60448768,15042,95439,110481,2,19.9025
2026-04-25T09:25:19.951166+00:00,recovery_scenario,iperf_tcp,30,8,,twin_core,457809,0.0,67551232,7509,1886,9395,0,0.0
2026-04-25T09:25:19.951166+00:00,recovery_scenario,iperf_tcp,30,8,,ryu_controller,457802,99.4,60448768,15042,95455,110497,16,158.7699
2026-04-25T09:25:20.051855+00:00,recovery_scenario,iperf_tcp,30,8,,twin_core,457809,9.9,67551232,7510,1889,9399,4,39.726
2026-04-25T09:25:20.051855+00:00,recovery_scenario,iperf_tcp,30,8,,ryu_controller,457802,89.4,60448768,15042,95491,110533,36,358.0395
2026-04-25T09:25:20.152350+00:00,recovery_scenario,iperf_tcp,30,8,,twin_core,457809,0.0,67551232,7510,1889,9399,0,0.0
2026-04-25T09:25:20.152350+00:00,recovery_scenario,iperf_tcp,30,8,,ryu_controller,457802,88.5,60448768,15042,95546,110588,55,538.4993
2026-04-25T09:25:20.254529+00:00,recovery_scenario,iperf_tcp,30,8,,twin_core,457809,9.8,67555328,7510,1889,9399,0,0.0
2026-04-25T09:25:20.254529+00:00,recovery_scenario,iperf_tcp,30,8,,ryu_controller,457802,59.4,60448768,15048,95575,110623,35,348.141
2026-04-25T09:25:20.355143+00:00,recovery_scenario,iperf_tcp,30,8,,twin_core,457809,9.9,67555328,7510,1889,9399,0,0.0
2026-04-25T09:25:20.355143+00:00,recovery_scenario,iperf_tcp,30,8,,ryu_controller,457802,9.9,60448768,15053,95575,110628,5,49.6014
2026-04-25T09:25:20.455943+00:00,recovery_scenario,iperf_tcp,30,8,,twin_core,457809,0.0,67555328,7510,1889,9399,0,0.0
2026-04-25T09:25:20.455943+00:00,recovery_scenario,iperf_tcp,30,8,,ryu_controller,457802,0.0,60448768,15060,95575,110635,7,69.1732
2026-04-25T09:25:20.557410+00:00,recovery_scenario,iperf_tcp,30,8,,twin_core,457809,9.9,67555328,7532,1894,9426,27,266.0429
2026-04-25T09:25:20.557410+00:00,recovery_scenario,iperf_tcp,30,8,,ryu_controller,457802,59.1,60448768,15088,95584,110672,37,366.577
2026-04-25T09:25:20.589910+00:00,recovery_scenario,iperf_tcp,30,8,scenario_teardown,,,,,,,,,
2026-04-25T09:25:20.658105+00:00,recovery_scenario,iperf_tcp,30,8,,twin_core,457809,0.0,67555328,7553,1895,9448,22,218.7541
2026-04-25T09:25:20.658105+00:00,recovery_scenario,iperf_tcp,30,8,,ryu_controller,457802,39.3,60448768,15104,95595,110699,27,264.8361
2026-04-25T09:25:20.760377+00:00,recovery_scenario,iperf_tcp,30,8,,twin_core,457809,9.8,67555328,7575,1897,9472,24,234.6323
2026-04-25T09:25:20.760377+00:00,recovery_scenario,iperf_tcp,30,8,,ryu_controller,457802,19.8,60448768,15113,95598,110711,12,118.8373
2026-04-25T09:25:20.860921+00:00,recovery_scenario,iperf_tcp,30,8,,twin_core,457809,9.9,67555328,7594,1897,9491,19,188.9553
2026-04-25T09:25:20.860921+00:00,recovery_scenario,iperf_tcp,30,8,,ryu_controller,457802,10.0,60448768,15124,95606,110730,19,188.9928
2026-04-25T09:25:20.961490+00:00,recovery_scenario,iperf_tcp,30,8,,twin_core,457809,0.0,67555328,7594,1897,9491,0,0.0
2026-04-25T09:25:20.961490+00:00,recovery_scenario,iperf_tcp,30,8,,ryu_controller,457802,9.9,60448768,15139,95607,110746,16,159.0976
2026-04-25T09:25:21.454709+00:00,recovery_scenario,iperf_tcp,30,9,,twin_core,457809,0.0,67555328,7990,1962,9952,0,0.0
2026-04-25T09:25:21.454709+00:00,recovery_scenario,iperf_tcp,30,9,,ryu_controller,457802,0.0,60448768,15189,95610,110799,0,0.0
2026-04-25T09:25:21.556349+00:00,recovery_scenario,iperf_tcp,30,9,,twin_core,457809,9.8,67555328,8049,1963,10012,60,596.8171
2026-04-25T09:25:21.556349+00:00,recovery_scenario,iperf_tcp,30,9,,ryu_controller,457802,49.7,60448768,15203,95640,110843,44,438.1305
2026-04-25T09:25:21.656791+00:00,recovery_scenario,iperf_tcp,30,9,,twin_core,457809,10.0,67555328,8153,1965,10118,106,1054.8796
2026-04-25T09:25:21.656791+00:00,recovery_scenario,iperf_tcp,30,9,,ryu_controller,457802,9.9,60448768,15226,95643,110869,26,258.7288
2026-04-25T09:25:21.698510+00:00,recovery_scenario,iperf_tcp,30,9,service_started,,,,,,,,,
2026-04-25T09:25:21.757286+00:00,recovery_scenario,iperf_tcp,30,9,,twin_core,457809,10.0,67555328,8194,1966,10160,42,417.9811
2026-04-25T09:25:21.757286+00:00,recovery_scenario,iperf_tcp,30,9,,ryu_controller,457802,59.7,60448768,15274,95643,110917,48,477.4549
2026-04-25T09:25:21.857807+00:00,recovery_scenario,iperf_tcp,30,9,,twin_core,457809,9.9,67555328,8195,1966,10161,1,9.9409
2026-04-25T09:25:21.857807+00:00,recovery_scenario,iperf_tcp,30,9,,ryu_controller,457802,19.9,60448768,15306,95643,110949,32,318.0467
2026-04-25T09:25:21.958499+00:00,recovery_scenario,iperf_tcp,30,9,,twin_core,457809,0.0,67555328,8195,1966,10161,0,0.0
2026-04-25T09:25:21.958499+00:00,recovery_scenario,iperf_tcp,30,9,,ryu_controller,457802,9.9,60448768,15333,95644,110977,28,278.0362
2026-04-25T09:25:22.059114+00:00,recovery_scenario,iperf_tcp,30,9,,twin_core,457809,0.0,67555328,8195,1966,10161,0,0.0
2026-04-25T09:25:22.059114+00:00,recovery_scenario,iperf_tcp,30,9,,ryu_controller,457802,29.9,60448768,15361,95645,111006,29,288.8272
2026-04-25T09:25:22.163808+00:00,recovery_scenario,iperf_tcp,30,9,,twin_core,457809,9.6,67555328,8195,1966,10161,0,0.0
2026-04-25T09:25:22.163808+00:00,recovery_scenario,iperf_tcp,30,9,,ryu_controller,457802,19.1,60448768,15392,95645,111037,31,296.0686
2026-04-25T09:25:22.264233+00:00,recovery_scenario,iperf_tcp,30,9,,twin_core,457809,0.0,67555328,8195,1966,10161,0,0.0
2026-04-25T09:25:22.264233+00:00,recovery_scenario,iperf_tcp,30,9,,ryu_controller,457802,29.9,60448768,15428,95645,111073,36,358.485
2026-04-25T09:25:22.364683+00:00,recovery_scenario,iperf_tcp,30,9,,twin_core,457809,0.0,67555328,8195,1966,10161,0,0.0
2026-04-25T09:25:22.364683+00:00,recovery_scenario,iperf_tcp,30,9,,ryu_controller,457802,19.9,60448768,15443,95645,111088,15,149.3167
2026-04-25T09:25:22.465111+00:00,recovery_scenario,iperf_tcp,30,9,,twin_core,457809,0.0,67555328,8195,1966,10161,0,0.0
2026-04-25T09:25:22.465111+00:00,recovery_scenario,iperf_tcp,30,9,,ryu_controller,457802,19.9,60448768,15479,95645,111124,36,358.51
2026-04-25T09:25:22.565677+00:00,recovery_scenario,iperf_tcp,30,9,,twin_core,457809,0.0,67555328,8195,1966,10161,0,0.0
2026-04-25T09:25:22.565677+00:00,recovery_scenario,iperf_tcp,30,9,,ryu_controller,457802,9.9,60448768,15488,95645,111133,9,89.4459
2026-04-25T09:25:22.666154+00:00,recovery_scenario,iperf_tcp,30,9,,twin_core,457809,0.0,67555328,8195,1966,10161,0,0.0
2026-04-25T09:25:22.666154+00:00,recovery_scenario,iperf_tcp,30,9,,ryu_controller,457802,29.9,60448768,15512,95645,111157,24,238.9317
2026-04-25T09:25:22.767135+00:00,recovery_scenario,iperf_tcp,30,9,,twin_core,457809,0.0,67555328,8195,1966,10161,0,0.0
2026-04-25T09:25:22.767135+00:00,recovery_scenario,iperf_tcp,30,9,,ryu_controller,457802,9.9,60448768,15550,95645,111195,38,376.3888
2026-04-25T09:25:22.867683+00:00,recovery_scenario,iperf_tcp,30,9,,twin_core,457809,0.0,67555328,8195,1966,10161,0,0.0
2026-04-25T09:25:22.867683+00:00,recovery_scenario,iperf_tcp,30,9,,ryu_controller,457802,0.0,60448768,15562,95645,111207,12,119.2979
2026-04-25T09:25:22.969663+00:00,recovery_scenario,iperf_tcp,30,9,,twin_core,457809,0.0,67555328,8195,1966,10161,0,0.0
2026-04-25T09:25:22.969663+00:00,recovery_scenario,iperf_tcp,30,9,,ryu_controller,457802,29.4,60448768,15601,95645,111246,39,382.1818
2026-04-25T09:25:23.070192+00:00,recovery_scenario,iperf_tcp,30,9,,twin_core,457809,0.0,67555328,8195,1966,10161,0,0.0
2026-04-25T09:25:23.070192+00:00,recovery_scenario,iperf_tcp,30,9,,ryu_controller,457802,29.9,60448768,15639,95645,111284,38,378.2254
2026-04-25T09:25:23.170668+00:00,recovery_scenario,iperf_tcp,30,9,,twin_core,457809,0.0,67555328,8195,1966,10161,0,0.0
2026-04-25T09:25:23.170668+00:00,recovery_scenario,iperf_tcp,30,9,,ryu_controller,457802,29.8,60448768,15684,95645,111329,45,447.0549
2026-04-25T09:25:23.271334+00:00,recovery_scenario,iperf_tcp,30,9,,twin_core,457809,0.0,67555328,8195,1966,10161,0,0.0
2026-04-25T09:25:23.271334+00:00,recovery_scenario,iperf_tcp,30,9,,ryu_controller,457802,39.8,60448768,15735,95645,111380,51,506.8484
2026-04-25T09:25:23.371993+00:00,recovery_scenario,iperf_tcp,30,9,,twin_core,457809,0.0,67555328,8195,1966,10161,0,0.0
2026-04-25T09:25:23.371993+00:00,recovery_scenario,iperf_tcp,30,9,,ryu_controller,457802,19.9,60448768,15788,95645,111433,53,527.3749
2026-04-25T09:25:23.472463+00:00,recovery_scenario,iperf_tcp,30,9,,twin_core,457809,0.0,67555328,8195,1966,10161,0,0.0
2026-04-25T09:25:23.472463+00:00,recovery_scenario,iperf_tcp,30,9,,ryu_controller,457802,9.9,60448768,15821,95645,111466,33,327.9396
2026-04-25T09:25:23.576756+00:00,recovery_scenario,iperf_tcp,30,9,,twin_core,457809,0.0,67555328,8195,1966,10161,0,0.0
2026-04-25T09:25:23.576756+00:00,recovery_scenario,iperf_tcp,30,9,,ryu_controller,457802,9.6,60448768,15835,95645,111480,14,134.3542
2026-04-25T09:25:23.678518+00:00,recovery_scenario,iperf_tcp,30,9,,twin_core,457809,0.0,67555328,8195,1966,10161,0,0.0
2026-04-25T09:25:23.678518+00:00,recovery_scenario,iperf_tcp,30,9,,ryu_controller,457802,9.8,60448768,15849,95645,111494,14,137.574
2026-04-25T09:25:23.779068+00:00,recovery_scenario,iperf_tcp,30,9,,twin_core,457809,10.0,67555328,8195,1966,10161,0,0.0
2026-04-25T09:25:23.779068+00:00,recovery_scenario,iperf_tcp,30,9,,ryu_controller,457802,29.9,60448768,15884,95645,111529,35,348.4801
2026-04-25T09:25:23.879446+00:00,recovery_scenario,iperf_tcp,30,9,,twin_core,457809,0.0,67555328,8203,1966,10169,8,79.6064
2026-04-25T09:25:23.879446+00:00,recovery_scenario,iperf_tcp,30,9,,ryu_controller,457802,29.9,60448768,15930,95646,111576,47,467.6339
2026-04-25T09:25:23.979957+00:00,recovery_scenario,iperf_tcp,30,9,,twin_core,457809,0.0,67555328,8206,1966,10172,3,29.877
2026-04-25T09:25:23.979957+00:00,recovery_scenario,iperf_tcp,30,9,,ryu_controller,457802,10.0,60448768,15948,95646,111594,18,179.2645
2026-04-25T09:25:24.080404+00:00,recovery_scenario,iperf_tcp,30,9,,twin_core,457809,0.0,67555328,8209,1966,10175,3,29.8666
2026-04-25T09:25:24.080404+00:00,recovery_scenario,iperf_tcp,30,9,,ryu_controller,457802,9.9,60448768,15958,95646,111604,10,99.3882
2026-04-25T09:25:24.181034+00:00,recovery_scenario,iperf_tcp,30,9,,twin_core,457809,0.0,67555328,8209,1966,10175,0,0.0
2026-04-25T09:25:24.181034+00:00,recovery_scenario,iperf_tcp,30,9,,ryu_controller,457802,10.0,60448768,15970,95646,111616,12,119.4626
2026-04-25T09:25:24.281548+00:00,recovery_scenario,iperf_tcp,30,9,,twin_core,457809,0.0,67555328,8212,1966,10178,3,29.7614
2026-04-25T09:25:24.281548+00:00,recovery_scenario,iperf_tcp,30,9,,ryu_controller,457802,19.8,60448768,15984,95646,111630,14,138.4295
2026-04-25T09:25:24.382639+00:00,recovery_scenario,iperf_tcp,30,9,,twin_core,457809,0.0,67555328,8215,1966,10181,3,29.7311
2026-04-25T09:25:24.382639+00:00,recovery_scenario,iperf_tcp,30,9,,ryu_controller,457802,39.7,60448768,16039,95646,111685,55,546.6856
2026-04-25T09:25:24.483244+00:00,recovery_scenario,iperf_tcp,30,9,,twin_core,457809,0.0,67555328,8218,1966,10184,3,29.8218
2026-04-25T09:25:24.483244+00:00,recovery_scenario,iperf_tcp,30,9,,ryu_controller,457802,9.9,60448768,16044,95646,111690,5,49.6325
2026-04-25T09:25:24.583926+00:00,recovery_scenario,iperf_tcp,30,9,,twin_core,457809,9.9,67555328,8227,1966,10193,9,89.4451
2026-04-25T09:25:24.583926+00:00,recovery_scenario,iperf_tcp,30,9,,ryu_controller,457802,10.0,60448768,16071,95646,111717,27,268.7855
2026-04-25T09:25:24.684394+00:00,recovery_scenario,iperf_tcp,30,9,,twin_core,457809,0.0,67555328,8230,1966,10196,3,29.8655
2026-04-25T09:25:24.684394+00:00,recovery_scenario,iperf_tcp,30,9,,ryu_controller,457802,9.9,60448768,16088,95646,111734,17,168.9786
2026-04-25T09:25:24.785090+00:00,recovery_scenario,iperf_tcp,30,9,,twin_core,457809,9.9,67555328,8233,1966,10199,3,29.7593
2026-04-25T09:25:24.785090+00:00,recovery_scenario,iperf_tcp,30,9,,ryu_controller,457802,9.9,60448768,16102,95646,111748,14,139.0638
2026-04-25T09:25:24.885659+00:00,recovery_scenario,iperf_tcp,30,9,,twin_core,457809,0.0,67555328,8235,1966,10201,2,19.91
2026-04-25T09:25:24.885659+00:00,recovery_scenario,iperf_tcp,30,9,,ryu_controller,457802,19.9,60448768,16117,95646,111763,15,149.3586
2026-04-25T09:25:24.986120+00:00,recovery_scenario,iperf_tcp,30,9,,twin_core,457809,0.0,67555328,8242,1966,10208,7,69.574
2026-04-25T09:25:24.986120+00:00,recovery_scenario,iperf_tcp,30,9,,ryu_controller,457802,0.0,60448768,16128,95647,111775,12,118.8742
2026-04-25T09:25:25.087043+00:00,recovery_scenario,iperf_tcp,30,9,,twin_core,457809,0.0,67555328,8250,1966,10216,8,79.391
2026-04-25T09:25:25.087043+00:00,recovery_scenario,iperf_tcp,30,9,,ryu_controller,457802,19.9,60448768,16150,95647,111797,22,219.0453
2026-04-25T09:25:25.187499+00:00,recovery_scenario,iperf_tcp,30,9,,twin_core,457809,0.0,67555328,8253,1966,10219,3,29.8297
2026-04-25T09:25:25.187499+00:00,recovery_scenario,iperf_tcp,30,9,,ryu_controller,457802,9.9,60448768,16165,95647,111812,15,149.1008
2026-04-25T09:25:25.288115+00:00,recovery_scenario,iperf_tcp,30,9,,twin_core,457809,0.0,67555328,8256,1966,10222,3,29.8392
2026-04-25T09:25:25.288115+00:00,recovery_scenario,iperf_tcp,30,9,,ryu_controller,457802,0.0,60448768,16179,95647,111826,14,139.2608
2026-04-25T09:25:25.388620+00:00,recovery_scenario,iperf_tcp,30,9,,twin_core,457809,0.0,67555328,8259,1966,10225,3,29.8567
2026-04-25T09:25:25.388620+00:00,recovery_scenario,iperf_tcp,30,9,,ryu_controller,457802,10.0,60448768,16206,95647,111853,27,268.7427
2026-04-25T09:25:25.489056+00:00,recovery_scenario,iperf_tcp,30,9,,twin_core,457809,0.0,67555328,8262,1966,10228,3,29.8675
2026-04-25T09:25:25.489056+00:00,recovery_scenario,iperf_tcp,30,9,,ryu_controller,457802,10.0,60448768,16214,95647,111861,8,79.6315
2026-04-25T09:25:25.589533+00:00,recovery_scenario,iperf_tcp,30,9,,twin_core,457809,0.0,67555328,8271,1966,10237,9,89.5112
2026-04-25T09:25:25.589533+00:00,recovery_scenario,iperf_tcp,30,9,,ryu_controller,457802,0.0,60448768,16224,95647,111871,10,99.4879
2026-04-25T09:25:25.691719+00:00,recovery_scenario,iperf_tcp,30,9,,twin_core,457809,0.0,67555328,8277,1966,10243,6,58.749
2026-04-25T09:25:25.691719+00:00,recovery_scenario,iperf_tcp,30,9,,ryu_controller,457802,9.8,60448768,16245,95647,111892,21,205.5699
2026-04-25T09:25:25.792248+00:00,recovery_scenario,iperf_tcp,30,9,,twin_core,457809,0.0,67555328,8280,1966,10246,3,29.8465
2026-04-25T09:25:25.792248+00:00,recovery_scenario,iperf_tcp,30,9,,ryu_controller,457802,19.9,60448768,16260,95647,111907,15,149.1875
2026-04-25T09:25:25.894096+00:00,recovery_scenario,iperf_tcp,30,9,,twin_core,457809,9.8,67567616,8283,1966,10249,3,29.4328
2026-04-25T09:25:25.894096+00:00,recovery_scenario,iperf_tcp,30,9,,ryu_controller,457802,58.9,60448768,16310,95647,111957,50,490.715
2026-04-25T09:25:25.994685+00:00,recovery_scenario,iperf_tcp,30,9,,twin_core,457809,0.0,67567616,8294,1966,10260,11,109.4474
2026-04-25T09:25:25.994685+00:00,recovery_scenario,iperf_tcp,30,9,,ryu_controller,457802,0.0,60448768,16314,95647,111961,4,39.8034
2026-04-25T09:25:26.095164+00:00,recovery_scenario,iperf_tcp,30,9,,twin_core,457809,10.0,67567616,8299,1966,10265,5,49.752
2026-04-25T09:25:26.095164+00:00,recovery_scenario,iperf_tcp,30,9,,ryu_controller,457802,19.9,60448768,16336,95647,111983,22,218.897
2026-04-25T09:25:26.195799+00:00,recovery_scenario,iperf_tcp,30,9,,twin_core,457809,0.0,67567616,8302,1966,10268,3,29.8198
2026-04-25T09:25:26.195799+00:00,recovery_scenario,iperf_tcp,30,9,,ryu_controller,457802,9.9,60448768,16348,95647,111995,12,119.3041
2026-04-25T09:25:26.296218+00:00,recovery_scenario,iperf_tcp,30,9,,twin_core,457809,0.0,67567616,8305,1966,10271,3,29.8743
2026-04-25T09:25:26.296218+00:00,recovery_scenario,iperf_tcp,30,9,,ryu_controller,457802,0.0,60448768,16353,95647,112000,5,49.7895
2026-04-25T09:25:26.396647+00:00,recovery_scenario,iperf_tcp,30,9,,twin_core,457809,0.0,67567616,8311,1966,10277,6,59.7596
2026-04-25T09:25:26.396647+00:00,recovery_scenario,iperf_tcp,30,9,,ryu_controller,457802,49.8,60448768,16389,95649,112038,38,378.5229
2026-04-25T09:25:26.497028+00:00,recovery_scenario,iperf_tcp,30,9,,twin_core,457809,0.0,67567616,8320,1966,10286,9,89.6311
2026-04-25T09:25:26.497028+00:00,recovery_scenario,iperf_tcp,30,9,,ryu_controller,457802,19.9,60448768,16412,95649,112061,23,229.0387
2026-04-25T09:25:26.597453+00:00,recovery_scenario,iperf_tcp,30,9,,twin_core,457809,0.0,67567616,8322,1966,10288,2,19.9112
2026-04-25T09:25:26.597453+00:00,recovery_scenario,iperf_tcp,30,9,,ryu_controller,457802,29.9,60448768,16445,95649,112094,33,328.5307
2026-04-25T09:25:26.699967+00:00,recovery_scenario,iperf_tcp,30,9,,twin_core,457809,0.0,67567616,8325,1966,10291,3,29.2359
2026-04-25T09:25:26.699967+00:00,recovery_scenario,iperf_tcp,30,9,,ryu_controller,457802,19.5,60448768,16467,95649,112116,22,214.3459
2026-04-25T09:25:26.800721+00:00,recovery_scenario,iperf_tcp,30,9,,twin_core,457809,0.0,67567616,8331,1966,10297,6,59.6042
2026-04-25T09:25:26.800721+00:00,recovery_scenario,iperf_tcp,30,9,,ryu_controller,457802,9.9,60448768,16482,95649,112131,15,149.0155
2026-04-25T09:25:26.901242+00:00,recovery_scenario,iperf_tcp,30,9,,twin_core,457809,9.9,67567616,8340,1966,10306,9,89.5264
2026-04-25T09:25:26.901242+00:00,recovery_scenario,iperf_tcp,30,9,,ryu_controller,457802,0.0,60448768,16504,95649,112153,22,218.5054
2026-04-25T09:25:27.001912+00:00,recovery_scenario,iperf_tcp,30,9,,twin_core,457809,0.0,67567616,8343,1966,10309,3,29.8134
2026-04-25T09:25:27.001912+00:00,recovery_scenario,iperf_tcp,30,9,,ryu_controller,457802,19.9,60448768,16528,95649,112177,24,238.9061
2026-04-25T09:25:27.103572+00:00,recovery_scenario,iperf_tcp,30,9,,twin_core,457809,0.0,67567616,8346,1966,10312,3,29.495
2026-04-25T09:25:27.103572+00:00,recovery_scenario,iperf_tcp,30,9,,ryu_controller,457802,0.0,60448768,16535,95649,112184,7,68.8112
2026-04-25T09:25:27.204060+00:00,recovery_scenario,iperf_tcp,30,9,,twin_core,457809,0.0,67567616,8352,1966,10318,6,59.7164
2026-04-25T09:25:27.204060+00:00,recovery_scenario,iperf_tcp,30,9,,ryu_controller,457802,19.9,60448768,16564,95649,112213,29,288.6214
2026-04-25T09:25:27.304569+00:00,recovery_scenario,iperf_tcp,30,9,,twin_core,457809,0.0,67567616,8355,1966,10321,3,29.6675
2026-04-25T09:25:27.304569+00:00,recovery_scenario,iperf_tcp,30,9,,ryu_controller,457802,9.9,60448768,16581,95649,112230,17,167.6143
2026-04-25T09:25:27.406054+00:00,recovery_scenario,iperf_tcp,30,9,,twin_core,457809,9.9,67567616,8361,1966,10327,6,59.4626
2026-04-25T09:25:27.406054+00:00,recovery_scenario,iperf_tcp,30,9,,ryu_controller,457802,0.0,60448768,16596,95649,112245,15,149.1063
2026-04-25T09:25:27.508952+00:00,recovery_scenario,iperf_tcp,30,9,,twin_core,457809,0.0,67567616,8364,1966,10330,3,29.1517
2026-04-25T09:25:27.508952+00:00,recovery_scenario,iperf_tcp,30,9,,ryu_controller,457802,0.0,60448768,16602,95649,112251,6,58.3038
2026-04-25T09:25:27.581868+00:00,recovery_scenario,iperf_tcp,30,9,pingall_completed,,,,,,,,,
2026-04-25T09:25:27.609505+00:00,recovery_scenario,iperf_tcp,30,9,,twin_core,457809,0.0,67567616,8377,1966,10343,13,129.1599
2026-04-25T09:25:27.609505+00:00,recovery_scenario,iperf_tcp,30,9,,ryu_controller,457802,9.9,60448768,16605,95649,112254,3,29.7997
2026-04-25T09:25:27.710153+00:00,recovery_scenario,iperf_tcp,30,9,,twin_core,457809,0.0,67567616,8377,1966,10343,0,0.0
2026-04-25T09:25:27.710153+00:00,recovery_scenario,iperf_tcp,30,9,,ryu_controller,457802,10.0,60448768,16626,95649,112275,21,209.0702
2026-04-25T09:25:27.813130+00:00,recovery_scenario,iperf_tcp,30,9,,twin_core,457809,0.0,67567616,8377,1966,10343,0,0.0
2026-04-25T09:25:27.813130+00:00,recovery_scenario,iperf_tcp,30,9,,ryu_controller,457802,0.0,60448768,16632,95649,112281,6,58.1328
2026-04-25T09:25:27.913788+00:00,recovery_scenario,iperf_tcp,30,9,,twin_core,457809,0.0,67567616,8377,1966,10343,0,0.0
2026-04-25T09:25:27.913788+00:00,recovery_scenario,iperf_tcp,30,9,,ryu_controller,457802,29.9,60448768,16655,95649,112304,23,229.1535
2026-04-25T09:25:28.014184+00:00,recovery_scenario,iperf_tcp,30,9,,twin_core,457809,10.0,67596288,8377,1966,10343,0,0.0
2026-04-25T09:25:28.014184+00:00,recovery_scenario,iperf_tcp,30,9,,ryu_controller,457802,49.8,60448768,16687,95649,112336,32,318.4085
2026-04-25T09:25:28.115328+00:00,recovery_scenario,iperf_tcp,30,9,,twin_core,457809,0.0,67596288,8377,1966,10343,0,0.0
2026-04-25T09:25:28.115328+00:00,recovery_scenario,iperf_tcp,30,9,,ryu_controller,457802,0.0,60448768,16690,95649,112339,3,29.6119
2026-04-25T09:25:28.225433+00:00,recovery_scenario,iperf_tcp,30,9,,twin_core,457809,0.0,67596288,8377,1966,10343,0,0.0
2026-04-25T09:25:28.225433+00:00,recovery_scenario,iperf_tcp,30,9,,ryu_controller,457802,0.0,60448768,16695,95649,112344,5,45.3627
2026-04-25T09:25:28.332779+00:00,recovery_scenario,iperf_tcp,30,9,,twin_core,457809,0.0,67596288,8377,1966,10343,0,0.0
2026-04-25T09:25:28.332779+00:00,recovery_scenario,iperf_tcp,30,9,,ryu_controller,457802,0.0,60448768,16697,95649,112346,2,18.618
2026-04-25T09:25:28.438757+00:00,recovery_scenario,iperf_tcp,30,9,,twin_core,457809,0.0,67596288,8377,1966,10343,0,0.0
2026-04-25T09:25:28.438757+00:00,recovery_scenario,iperf_tcp,30,9,,ryu_controller,457802,0.0,60448768,16699,95649,112348,2,18.782
2026-04-25T09:25:28.542532+00:00,recovery_scenario,iperf_tcp,30,9,,twin_core,457809,0.0,67596288,8377,1966,10343,0,0.0
2026-04-25T09:25:28.542532+00:00,recovery_scenario,iperf_tcp,30,9,,ryu_controller,457802,87.4,60534784,16751,95649,112400,52,505.3175
2026-04-25T09:25:28.643663+00:00,recovery_scenario,iperf_tcp,30,9,,twin_core,457809,9.9,67596288,8382,1966,10348,5,49.4539
2026-04-25T09:25:28.643663+00:00,recovery_scenario,iperf_tcp,30,9,,ryu_controller,457802,0.0,60534784,16753,95649,112402,2,19.7794
2026-04-25T09:25:28.744117+00:00,recovery_scenario,iperf_tcp,30,9,,twin_core,457809,0.0,67596288,8382,1966,10348,0,0.0
2026-04-25T09:25:28.744117+00:00,recovery_scenario,iperf_tcp,30,9,,ryu_controller,457802,0.0,60534784,16755,95649,112404,2,19.9017
2026-04-25T09:25:28.844693+00:00,recovery_scenario,iperf_tcp,30,9,,twin_core,457809,0.0,67596288,8382,1966,10348,0,0.0
2026-04-25T09:25:28.844693+00:00,recovery_scenario,iperf_tcp,30,9,,ryu_controller,457802,9.9,60534784,16769,95649,112418,14,139.1854
2026-04-25T09:25:28.945188+00:00,recovery_scenario,iperf_tcp,30,9,,twin_core,457809,0.0,67596288,8382,1966,10348,0,0.0
2026-04-25T09:25:28.945188+00:00,recovery_scenario,iperf_tcp,30,9,,ryu_controller,457802,0.0,60534784,16812,95651,112463,45,447.9996
2026-04-25T09:25:29.048154+00:00,recovery_scenario,iperf_tcp,30,9,,twin_core,457809,0.0,67596288,8382,1966,10348,0,0.0
2026-04-25T09:25:29.048154+00:00,recovery_scenario,iperf_tcp,30,9,,ryu_controller,457802,9.7,60534784,16828,95653,112481,18,174.7715
2026-04-25T09:25:29.149150+00:00,recovery_scenario,iperf_tcp,30,9,,twin_core,457809,0.0,67596288,8382,1966,10348,0,0.0
2026-04-25T09:25:29.149150+00:00,recovery_scenario,iperf_tcp,30,9,,ryu_controller,457802,0.0,60534784,16839,95656,112495,14,138.0973
2026-04-25T09:25:29.251704+00:00,recovery_scenario,iperf_tcp,30,9,,twin_core,457809,0.0,67596288,8382,1966,10348,0,0.0
2026-04-25T09:25:29.251704+00:00,recovery_scenario,iperf_tcp,30,9,,ryu_controller,457802,0.0,60534784,16854,95663,112517,22,215.3758
2026-04-25T09:25:29.352144+00:00,recovery_scenario,iperf_tcp,30,9,,twin_core,457809,0.0,67596288,8382,1966,10348,0,0.0
2026-04-25T09:25:29.352144+00:00,recovery_scenario,iperf_tcp,30,9,,ryu_controller,457802,0.0,60534784,16884,95668,112552,35,348.2968
2026-04-25T09:25:29.453293+00:00,recovery_scenario,iperf_tcp,30,9,,twin_core,457809,0.0,67596288,8382,1966,10348,0,0.0
2026-04-25T09:25:29.453293+00:00,recovery_scenario,iperf_tcp,30,9,,ryu_controller,457802,0.0,60534784,16897,95675,112572,20,197.6516
2026-04-25T09:25:29.554703+00:00,recovery_scenario,iperf_tcp,30,9,,twin_core,457809,0.0,67596288,8382,1966,10348,0,0.0
2026-04-25T09:25:29.554703+00:00,recovery_scenario,iperf_tcp,30,9,,ryu_controller,457802,0.0,60534784,16931,95679,112610,38,371.2946
2026-04-25T09:25:29.601713+00:00,recovery_scenario,iperf_tcp,30,9,background_traffic_started,,,,,,,,,
2026-04-25T09:25:29.656721+00:00,recovery_scenario,iperf_tcp,30,9,,twin_core,457809,9.8,67596288,8390,1971,10361,13,128.7409
2026-04-25T09:25:29.656721+00:00,recovery_scenario,iperf_tcp,30,9,,ryu_controller,457802,19.8,60534784,16952,95702,112654,44,435.8083
2026-04-25T09:25:29.759301+00:00,recovery_scenario,iperf_tcp,30,9,,twin_core,457809,0.0,67596288,8404,1994,10398,37,360.7708
2026-04-25T09:25:29.759301+00:00,recovery_scenario,iperf_tcp,30,9,,ryu_controller,457802,39.0,60534784,16963,95830,112793,139,1353.3669
2026-04-25T09:25:29.827323+00:00,recovery_scenario,iperf_tcp,30,9,fault_injected,,,,,,,,,
2026-04-25T09:25:29.861207+00:00,recovery_scenario,iperf_tcp,30,9,,twin_core,457809,9.8,67600384,8413,2007,10420,22,215.8546
2026-04-25T09:25:29.861207+00:00,recovery_scenario,iperf_tcp,30,9,,ryu_controller,457802,29.4,60534784,16968,95931,112899,106,1041.5786
2026-04-25T09:25:29.962125+00:00,recovery_scenario,iperf_tcp,30,9,,twin_core,457809,0.0,67600384,8413,2007,10420,0,0.0
2026-04-25T09:25:29.962125+00:00,recovery_scenario,iperf_tcp,30,9,,ryu_controller,457802,49.1,60534784,16968,96045,113013,114,1119.613
2026-04-25T09:25:30.063702+00:00,recovery_scenario,iperf_tcp,30,9,,twin_core,457809,0.0,67600384,8413,2007,10420,0,0.0
2026-04-25T09:25:30.063702+00:00,recovery_scenario,iperf_tcp,30,9,,ryu_controller,457802,49.4,60534784,16968,96245,113213,200,1975.64
2026-04-25T09:25:30.165214+00:00,recovery_scenario,iperf_tcp,30,9,,twin_core,457809,0.0,67600384,8413,2007,10420,0,0.0
2026-04-25T09:25:30.165214+00:00,recovery_scenario,iperf_tcp,30,9,,ryu_controller,457802,78.6,60534784,16968,96487,113455,242,2377.1981
2026-04-25T09:25:30.266481+00:00,recovery_scenario,iperf_tcp,30,9,,twin_core,457809,0.0,67600384,8413,2007,10420,0,0.0
2026-04-25T09:25:30.266481+00:00,recovery_scenario,iperf_tcp,30,9,,ryu_controller,457802,68.9,60534784,16968,96780,113748,293,2883.2665
2026-04-25T09:25:30.368519+00:00,recovery_scenario,iperf_tcp,30,9,,twin_core,457809,0.0,67600384,8414,2007,10421,1,9.9071
2026-04-25T09:25:30.368519+00:00,recovery_scenario,iperf_tcp,30,9,,ryu_controller,457802,79.2,60534784,16968,96938,113906,158,1565.2007
2026-04-25T09:25:30.469715+00:00,recovery_scenario,iperf_tcp,30,9,,twin_core,457809,0.0,67600384,8414,2007,10421,0,0.0
2026-04-25T09:25:30.469715+00:00,recovery_scenario,iperf_tcp,30,9,,ryu_controller,457802,69.2,60534784,16968,97129,114097,191,1889.3381
2026-04-25T09:25:30.571203+00:00,recovery_scenario,iperf_tcp,30,9,,twin_core,457809,0.0,67600384,8414,2007,10421,0,0.0
2026-04-25T09:25:30.571203+00:00,recovery_scenario,iperf_tcp,30,9,,ryu_controller,457802,59.1,60534784,16968,97373,114341,244,2396.8287
2026-04-25T09:25:30.673782+00:00,recovery_scenario,iperf_tcp,30,9,,twin_core,457809,0.0,67600384,8414,2007,10421,0,0.0
2026-04-25T09:25:30.673782+00:00,recovery_scenario,iperf_tcp,30,9,,ryu_controller,457802,48.8,60534784,16969,97486,114455,114,1114.1719
2026-04-25T09:25:30.774762+00:00,recovery_scenario,iperf_tcp,30,9,,twin_core,457809,0.0,67600384,8414,2007,10421,0,0.0
2026-04-25T09:25:30.774762+00:00,recovery_scenario,iperf_tcp,30,9,,ryu_controller,457802,49.4,60534784,16969,97573,114542,87,860.0742
2026-04-25T09:25:30.876709+00:00,recovery_scenario,iperf_tcp,30,9,,twin_core,457809,0.0,67600384,8415,2009,10424,3,29.1537
2026-04-25T09:25:30.876709+00:00,recovery_scenario,iperf_tcp,30,9,,ryu_controller,457802,68.1,60534784,16969,97883,114852,310,3014.0623
2026-04-25T09:25:30.979572+00:00,recovery_scenario,iperf_tcp,30,9,,twin_core,457809,0.0,67600384,8415,2009,10424,0,0.0
2026-04-25T09:25:30.979572+00:00,recovery_scenario,iperf_tcp,30,9,,ryu_controller,457802,68.0,60534784,16969,98318,115287,435,4219.6644
2026-04-25T09:25:31.082030+00:00,recovery_scenario,iperf_tcp,30,9,,twin_core,457809,9.8,67600384,8415,2009,10424,0,0.0
2026-04-25T09:25:31.082030+00:00,recovery_scenario,iperf_tcp,30,9,,ryu_controller,457802,88.8,60534784,16969,98752,115721,434,4265.9302
2026-04-25T09:25:31.183207+00:00,recovery_scenario,iperf_tcp,30,9,,twin_core,457809,0.0,67600384,8415,2009,10424,0,0.0
2026-04-25T09:25:31.183207+00:00,recovery_scenario,iperf_tcp,30,9,,ryu_controller,457802,68.4,60534784,16969,99167,116136,415,4075.7576
2026-04-25T09:25:31.285717+00:00,recovery_scenario,iperf_tcp,30,9,,twin_core,457809,0.0,67600384,8415,2009,10424,0,0.0
2026-04-25T09:25:31.285717+00:00,recovery_scenario,iperf_tcp,30,9,,ryu_controller,457802,59.2,60534784,16969,99565,116534,398,3929.2012
2026-04-25T09:25:31.388073+00:00,recovery_scenario,iperf_tcp,30,9,,twin_core,457809,9.8,67600384,8416,2011,10427,3,29.2813
2026-04-25T09:25:31.388073+00:00,recovery_scenario,iperf_tcp,30,9,,ryu_controller,457802,87.3,60534784,16969,99982,116951,417,4044.1275
2026-04-25T09:25:31.489513+00:00,recovery_scenario,iperf_tcp,30,9,,twin_core,457809,0.0,67600384,8416,2011,10427,0,0.0
2026-04-25T09:25:31.489513+00:00,recovery_scenario,iperf_tcp,30,9,,ryu_controller,457802,67.8,60534784,16969,100401,117370,419,4056.7896
2026-04-25T09:25:31.592884+00:00,recovery_scenario,iperf_tcp,30,9,,twin_core,457809,0.0,67600384,8416,2011,10427,0,0.0
2026-04-25T09:25:31.592884+00:00,recovery_scenario,iperf_tcp,30,9,,ryu_controller,457802,78.6,60534784,16969,100772,117741,371,3647.6578
2026-04-25T09:25:31.695262+00:00,recovery_scenario,iperf_tcp,30,9,,twin_core,457809,0.0,67600384,8416,2011,10427,0,0.0
2026-04-25T09:25:31.695262+00:00,recovery_scenario,iperf_tcp,30,9,,ryu_controller,457802,68.3,60534784,16969,101153,118122,381,3680.6091
2026-04-25T09:25:31.798037+00:00,recovery_scenario,iperf_tcp,30,9,,twin_core,457809,0.0,67600384,8416,2011,10427,0,0.0
2026-04-25T09:25:31.798037+00:00,recovery_scenario,iperf_tcp,30,9,,ryu_controller,457802,78.1,60534784,16969,101528,118497,375,3696.611
2026-04-25T09:25:31.900023+00:00,recovery_scenario,iperf_tcp,30,9,,twin_core,457809,0.0,67600384,8417,2013,10430,3,29.2394
2026-04-25T09:25:31.900023+00:00,recovery_scenario,iperf_tcp,30,9,,ryu_controller,457802,68.6,60534784,16969,101938,118907,410,4020.8751
2026-04-25T09:25:32.001485+00:00,recovery_scenario,iperf_tcp,30,9,,twin_core,457809,0.0,67600384,8417,2013,10430,0,0.0
2026-04-25T09:25:32.001485+00:00,recovery_scenario,iperf_tcp,30,9,,ryu_controller,457802,68.6,60534784,16969,102362,119331,424,4153.0788
2026-04-25T09:25:32.106068+00:00,recovery_scenario,iperf_tcp,30,9,,twin_core,457809,0.0,67600384,8417,2013,10430,0,0.0
2026-04-25T09:25:32.106068+00:00,recovery_scenario,iperf_tcp,30,9,,ryu_controller,457802,77.3,60534784,16969,102741,119710,379,3654.209
2026-04-25T09:25:32.207962+00:00,recovery_scenario,iperf_tcp,30,9,,twin_core,457809,0.0,67600384,8417,2013,10430,0,0.0
2026-04-25T09:25:32.207962+00:00,recovery_scenario,iperf_tcp,30,9,,ryu_controller,457802,77.8,60534784,16969,103106,120075,365,3561.9625
2026-04-25T09:25:32.313325+00:00,recovery_scenario,iperf_tcp,30,9,,twin_core,457809,0.0,67600384,8417,2013,10430,0,0.0
2026-04-25T09:25:32.313325+00:00,recovery_scenario,iperf_tcp,30,9,,ryu_controller,457802,57.3,60534784,16969,103363,120332,257,2455.8673
2026-04-25T09:25:32.415655+00:00,recovery_scenario,iperf_tcp,30,9,,twin_core,457809,9.8,67600384,8418,2013,10431,1,9.7751
2026-04-25T09:25:32.415655+00:00,recovery_scenario,iperf_tcp,30,9,,ryu_controller,457802,58.9,60534784,16969,103478,120447,115,1128.4741
2026-04-25T09:25:32.517850+00:00,recovery_scenario,iperf_tcp,30,9,,twin_core,457809,0.0,67600384,8418,2013,10431,0,0.0
2026-04-25T09:25:32.517850+00:00,recovery_scenario,iperf_tcp,30,9,,ryu_controller,457802,48.9,60534784,16969,103593,120562,115,1123.4041
2026-04-25T09:25:32.618472+00:00,recovery_scenario,iperf_tcp,30,9,,twin_core,457809,0.0,67600384,8418,2013,10431,0,0.0
2026-04-25T09:25:32.618472+00:00,recovery_scenario,iperf_tcp,30,9,,ryu_controller,457802,79.5,60534784,16969,103980,120949,387,3849.3187
2026-04-25T09:25:32.718983+00:00,recovery_scenario,iperf_tcp,30,9,,twin_core,457809,0.0,67600384,8418,2013,10431,0,0.0
2026-04-25T09:25:32.718983+00:00,recovery_scenario,iperf_tcp,30,9,,ryu_controller,457802,68.9,60534784,16969,104411,121380,431,4243.6236
2026-04-25T09:25:32.821211+00:00,recovery_scenario,iperf_tcp,30,9,,twin_core,457809,0.0,67600384,8418,2013,10431,0,0.0
2026-04-25T09:25:32.821211+00:00,recovery_scenario,iperf_tcp,30,9,,ryu_controller,457802,59.3,60534784,16969,104728,121697,317,3135.5023
2026-04-25T09:25:32.923200+00:00,recovery_scenario,iperf_tcp,30,9,,twin_core,457809,0.0,67600384,8419,2013,10432,1,9.8069
2026-04-25T09:25:32.923200+00:00,recovery_scenario,iperf_tcp,30,9,,ryu_controller,457802,49.0,60534784,16969,104917,121886,189,1853.3565
2026-04-25T09:25:33.023662+00:00,recovery_scenario,iperf_tcp,30,9,,twin_core,457809,0.0,67600384,8419,2013,10432,0,0.0
2026-04-25T09:25:33.023662+00:00,recovery_scenario,iperf_tcp,30,9,,ryu_controller,457802,19.9,60534784,16974,104968,121942,56,557.3485
2026-04-25T09:25:33.124104+00:00,recovery_scenario,iperf_tcp,30,9,,twin_core,457809,0.0,67600384,8419,2013,10432,0,0.0
2026-04-25T09:25:33.124104+00:00,recovery_scenario,iperf_tcp,30,9,,ryu_controller,457802,0.0,60534784,16980,104969,121949,7,69.646
2026-04-25T09:25:33.226717+00:00,recovery_scenario,iperf_tcp,30,9,,twin_core,457809,0.0,67600384,8419,2013,10432,0,0.0
2026-04-25T09:25:33.226717+00:00,recovery_scenario,iperf_tcp,30,9,,ryu_controller,457802,0.0,60534784,16985,104972,121957,8,77.987
2026-04-25T09:25:33.327258+00:00,recovery_scenario,iperf_tcp,30,9,,twin_core,457809,0.0,67600384,8419,2013,10432,0,0.0
2026-04-25T09:25:33.327258+00:00,recovery_scenario,iperf_tcp,30,9,,ryu_controller,457802,9.9,60534784,16988,104975,121963,6,59.5713
2026-04-25T09:25:33.428746+00:00,recovery_scenario,iperf_tcp,30,9,,twin_core,457809,19.7,67600384,8435,2017,10452,20,197.2063
2026-04-25T09:25:33.428746+00:00,recovery_scenario,iperf_tcp,30,9,,ryu_controller,457802,29.6,60534784,17003,105024,122027,64,632.0128
2026-04-25T09:25:33.522966+00:00,recovery_scenario,iperf_tcp,30,9,recovery_requested,,,,,,,,,
2026-04-25T09:25:33.529290+00:00,recovery_scenario,iperf_tcp,30,9,,twin_core,457809,9.9,67604480,8449,2023,10472,20,198.9674
2026-04-25T09:25:33.529290+00:00,recovery_scenario,iperf_tcp,30,9,,ryu_controller,457802,49.8,60534784,17017,105079,122096,69,686.5909
2026-04-25T09:25:33.630285+00:00,recovery_scenario,iperf_tcp,30,9,,twin_core,457809,0.0,67604480,8450,2023,10473,1,9.9006
2026-04-25T09:25:33.630285+00:00,recovery_scenario,iperf_tcp,30,9,,ryu_controller,457802,39.6,60534784,17020,105173,122193,97,960.235
2026-04-25T09:25:33.731188+00:00,recovery_scenario,iperf_tcp,30,9,,twin_core,457809,0.0,67604480,8450,2023,10473,0,0.0
2026-04-25T09:25:33.731188+00:00,recovery_scenario,iperf_tcp,30,9,,ryu_controller,457802,49.6,60534784,17020,105297,122317,124,1229.0519
2026-04-25T09:25:33.832224+00:00,recovery_scenario,iperf_tcp,30,9,,twin_core,457809,0.0,67604480,8450,2023,10473,0,0.0
2026-04-25T09:25:33.832224+00:00,recovery_scenario,iperf_tcp,30,9,,ryu_controller,457802,89.0,60534784,17020,105499,122519,202,1997.8344
2026-04-25T09:25:33.932789+00:00,recovery_scenario,iperf_tcp,30,9,,twin_core,457809,0.0,67604480,8450,2023,10473,0,0.0
2026-04-25T09:25:33.932789+00:00,recovery_scenario,iperf_tcp,30,9,,ryu_controller,457802,79.5,60534784,17020,105793,122813,294,2923.1571
2026-04-25T09:25:34.034675+00:00,recovery_scenario,iperf_tcp,30,9,,twin_core,457809,0.0,67604480,8451,2024,10475,2,19.6377
2026-04-25T09:25:34.034675+00:00,recovery_scenario,iperf_tcp,30,9,,ryu_controller,457802,88.4,60534784,17020,105921,122941,128,1257.0332
2026-04-25T09:25:34.137658+00:00,recovery_scenario,iperf_tcp,30,9,,twin_core,457809,0.0,67604480,8451,2024,10475,0,0.0
2026-04-25T09:25:34.137658+00:00,recovery_scenario,iperf_tcp,30,9,,ryu_controller,457802,97.1,60534784,17020,105921,122941,0,0.0
2026-04-25T09:25:34.238132+00:00,recovery_scenario,iperf_tcp,30,9,,twin_core,457809,0.0,67604480,8451,2024,10475,0,0.0
2026-04-25T09:25:34.238132+00:00,recovery_scenario,iperf_tcp,30,9,,ryu_controller,457802,99.4,60534784,17020,105931,122951,10,99.4482
2026-04-25T09:25:34.339168+00:00,recovery_scenario,iperf_tcp,30,9,,twin_core,457809,0.0,67604480,8451,2024,10475,0,0.0
2026-04-25T09:25:34.339168+00:00,recovery_scenario,iperf_tcp,30,9,,ryu_controller,457802,88.9,60534784,17020,105975,122995,44,434.386
2026-04-25T09:25:34.439924+00:00,recovery_scenario,iperf_tcp,30,9,,twin_core,457809,0.0,67604480,8451,2024,10475,0,0.0
2026-04-25T09:25:34.439924+00:00,recovery_scenario,iperf_tcp,30,9,,ryu_controller,457802,99.5,60534784,17020,106135,123155,160,1591.982
2026-04-25T09:25:34.540449+00:00,recovery_scenario,iperf_tcp,30,9,,twin_core,457809,0.0,67604480,8452,2024,10476,1,9.9429
2026-04-25T09:25:34.540449+00:00,recovery_scenario,iperf_tcp,30,9,,ryu_controller,457802,89.5,60534784,17020,106258,123278,123,1222.8517
2026-04-25T09:25:34.641049+00:00,recovery_scenario,iperf_tcp,30,9,,twin_core,457809,0.0,67604480,8452,2024,10476,0,0.0
2026-04-25T09:25:34.641049+00:00,recovery_scenario,iperf_tcp,30,9,,ryu_controller,457802,99.1,60534784,17020,106399,123419,141,1396.763
2026-04-25T09:25:34.742349+00:00,recovery_scenario,iperf_tcp,30,9,,twin_core,457809,0.0,67604480,8452,2024,10476,0,0.0
2026-04-25T09:25:34.742349+00:00,recovery_scenario,iperf_tcp,30,9,,ryu_controller,457802,108.5,60534784,17020,106571,123591,172,1696.066
2026-04-25T09:25:34.843430+00:00,recovery_scenario,iperf_tcp,30,9,,twin_core,457809,0.0,67604480,8452,2024,10476,0,0.0
2026-04-25T09:25:34.843430+00:00,recovery_scenario,iperf_tcp,30,9,,ryu_controller,457802,89.3,60534784,17020,106729,123749,158,1567.3349
2026-04-25T09:25:34.944508+00:00,recovery_scenario,iperf_tcp,30,9,,twin_core,457809,0.0,67604480,8452,2024,10476,0,0.0
2026-04-25T09:25:34.944508+00:00,recovery_scenario,iperf_tcp,30,9,,ryu_controller,457802,88.6,60534784,17020,106852,123872,123,1209.8244
2026-04-25T09:25:35.047345+00:00,recovery_scenario,iperf_tcp,30,9,,twin_core,457809,0.0,67604480,8453,2025,10478,2,19.063
2026-04-25T09:25:35.047345+00:00,recovery_scenario,iperf_tcp,30,9,,ryu_controller,457802,94.8,60534784,17020,107001,124021,149,1414.7582
2026-04-25T09:25:35.151289+00:00,recovery_scenario,iperf_tcp,30,9,,twin_core,457809,9.6,67604480,8453,2025,10478,0,0.0
2026-04-25T09:25:35.151289+00:00,recovery_scenario,iperf_tcp,30,9,,ryu_controller,457802,99.3,60534784,17020,107142,124162,141,1399.7118
2026-04-25T09:25:35.252756+00:00,recovery_scenario,iperf_tcp,30,9,,twin_core,457809,0.0,67604480,8453,2025,10478,0,0.0
2026-04-25T09:25:35.252756+00:00,recovery_scenario,iperf_tcp,30,9,,ryu_controller,457802,88.7,60534784,17020,107221,124241,79,778.7137
2026-04-25T09:25:35.353407+00:00,recovery_scenario,iperf_tcp,30,9,,twin_core,457809,0.0,67604480,8453,2025,10478,0,0.0
2026-04-25T09:25:35.353407+00:00,recovery_scenario,iperf_tcp,30,9,,ryu_controller,457802,89.5,60534784,17020,107278,124298,57,566.6716
2026-04-25T09:25:35.454633+00:00,recovery_scenario,iperf_tcp,30,9,,twin_core,457809,0.0,67604480,8453,2025,10478,0,0.0
2026-04-25T09:25:35.454633+00:00,recovery_scenario,iperf_tcp,30,9,,ryu_controller,457802,98.9,60534784,17020,107365,124385,87,860.3464
2026-04-25T09:25:35.555824+00:00,recovery_scenario,iperf_tcp,30,9,,twin_core,457809,0.0,67604480,8454,2025,10479,1,9.8001
2026-04-25T09:25:35.555824+00:00,recovery_scenario,iperf_tcp,30,9,,ryu_controller,457802,88.1,60534784,17020,107568,124588,203,1953.0848
2026-04-25T09:25:35.659509+00:00,recovery_scenario,iperf_tcp,30,9,,twin_core,457809,0.0,67604480,8454,2025,10479,0,0.0
2026-04-25T09:25:35.659509+00:00,recovery_scenario,iperf_tcp,30,9,,ryu_controller,457802,77.8,60534784,17020,107715,124735,147,1454.4684
2026-04-25T09:25:35.760401+00:00,recovery_scenario,iperf_tcp,30,9,,twin_core,457809,0.0,67604480,8454,2025,10479,0,0.0
2026-04-25T09:25:35.760401+00:00,recovery_scenario,iperf_tcp,30,9,,ryu_controller,457802,79.4,60534784,17020,107927,124947,212,2077.7723
2026-04-25T09:25:35.862150+00:00,recovery_scenario,iperf_tcp,30,9,,twin_core,457809,19.7,67604480,8454,2025,10479,0,0.0
2026-04-25T09:25:35.862150+00:00,recovery_scenario,iperf_tcp,30,9,,ryu_controller,457802,58.9,60534784,17020,108199,125219,272,2700.3622
2026-04-25T09:25:35.963242+00:00,recovery_scenario,iperf_tcp,30,9,,twin_core,457809,0.0,67608576,8454,2025,10479,0,0.0
2026-04-25T09:25:35.963242+00:00,recovery_scenario,iperf_tcp,30,9,,ryu_controller,457802,49.5,60534784,17029,108339,125368,149,1478.4676
2026-04-25T09:25:36.063769+00:00,recovery_scenario,iperf_tcp,30,9,,twin_core,457809,0.0,67608576,8466,2033,10499,20,198.6605
2026-04-25T09:25:36.063769+00:00,recovery_scenario,iperf_tcp,30,9,,ryu_controller,457802,29.8,60534784,17050,108388,125438,70,692.1446
2026-04-25T09:25:36.102207+00:00,recovery_scenario,iperf_tcp,30,9,scenario_teardown,,,,,,,,,
2026-04-25T09:25:36.165142+00:00,recovery_scenario,iperf_tcp,30,9,,twin_core,457809,9.9,67608576,8495,2064,10559,60,592.4491
2026-04-25T09:25:36.165142+00:00,recovery_scenario,iperf_tcp,30,9,,ryu_controller,457802,19.7,60534784,17076,108494,125570,132,1309.3455
2026-04-25T09:25:36.265763+00:00,recovery_scenario,iperf_tcp,30,9,,twin_core,457809,0.0,67608576,8515,2064,10579,20,198.8088
2026-04-25T09:25:36.265763+00:00,recovery_scenario,iperf_tcp,30,9,,ryu_controller,457802,9.9,60534784,17085,108496,125581,11,109.3374
2026-04-25T09:25:36.366198+00:00,recovery_scenario,iperf_tcp,30,9,,twin_core,457809,10.0,67612672,8535,2064,10599,20,199.1826
2026-04-25T09:25:36.366198+00:00,recovery_scenario,iperf_tcp,30,9,,ryu_controller,457802,19.9,60534784,17090,108505,125595,14,139.4201
2026-04-25T09:25:36.466632+00:00,recovery_scenario,iperf_tcp,30,9,,twin_core,457809,0.0,67612672,8535,2064,10599,0,0.0
2026-04-25T09:25:36.466632+00:00,recovery_scenario,iperf_tcp,30,9,,ryu_controller,457802,9.9,60534784,17098,108506,125604,9,88.9198
2026-04-25T09:25:36.989393+00:00,recovery_scenario,iperf_tcp,30,10,,twin_core,457809,4178.3,67616768,8936,2134,11070,0,0.0
2026-04-25T09:25:36.989393+00:00,recovery_scenario,iperf_tcp,30,10,,ryu_controller,457802,0.0,60534784,17147,108507,125654,0,0.0
2026-04-25T09:25:37.091209+00:00,recovery_scenario,iperf_tcp,30,10,,twin_core,457809,9.8,67616768,8992,2152,11144,74,726.1803
2026-04-25T09:25:37.091209+00:00,recovery_scenario,iperf_tcp,30,10,,ryu_controller,457802,39.3,60534784,17159,108518,125677,23,227.8575
2026-04-25T09:25:37.192173+00:00,recovery_scenario,iperf_tcp,30,10,,twin_core,457809,0.0,67616768,9088,2154,11242,98,971.0676
2026-04-25T09:25:37.192173+00:00,recovery_scenario,iperf_tcp,30,10,,ryu_controller,457802,29.7,60534784,17194,108520,125714,37,367.5691
2026-04-25T09:25:37.240156+00:00,recovery_scenario,iperf_tcp,30,10,service_started,,,,,,,,,
2026-04-25T09:25:37.292690+00:00,recovery_scenario,iperf_tcp,30,10,,twin_core,457809,9.9,67616768,9137,2156,11293,51,507.1817
2026-04-25T09:25:37.292690+00:00,recovery_scenario,iperf_tcp,30,10,,ryu_controller,457802,59.7,60534784,17244,108522,125766,52,517.2537
2026-04-25T09:25:37.393175+00:00,recovery_scenario,iperf_tcp,30,10,,twin_core,457809,9.9,67616768,9138,2156,11294,1,9.9518
2026-04-25T09:25:37.393175+00:00,recovery_scenario,iperf_tcp,30,10,,ryu_controller,457802,19.9,60534784,17286,108522,125808,42,417.924
2026-04-25T09:25:37.493640+00:00,recovery_scenario,iperf_tcp,30,10,,twin_core,457809,0.0,67616768,9138,2156,11294,0,0.0
2026-04-25T09:25:37.493640+00:00,recovery_scenario,iperf_tcp,30,10,,ryu_controller,457802,19.9,60534784,17313,108522,125835,27,268.8217
2026-04-25T09:25:37.594122+00:00,recovery_scenario,iperf_tcp,30,10,,twin_core,457809,0.0,67616768,9138,2156,11294,0,0.0
2026-04-25T09:25:37.594122+00:00,recovery_scenario,iperf_tcp,30,10,,ryu_controller,457802,19.9,60534784,17341,108522,125863,28,278.5734
2026-04-25T09:25:37.695966+00:00,recovery_scenario,iperf_tcp,30,10,,twin_core,457809,0.0,67616768,9138,2156,11294,0,0.0
2026-04-25T09:25:37.695966+00:00,recovery_scenario,iperf_tcp,30,10,,ryu_controller,457802,0.0,60534784,17359,108522,125881,18,176.7283
2026-04-25T09:25:37.796451+00:00,recovery_scenario,iperf_tcp,30,10,,twin_core,457809,0.0,67616768,9138,2156,11294,0,0.0
2026-04-25T09:25:37.796451+00:00,recovery_scenario,iperf_tcp,30,10,,ryu_controller,457802,19.9,60534784,17368,108523,125891,10,99.4744
2026-04-25T09:25:37.896973+00:00,recovery_scenario,iperf_tcp,30,10,,twin_core,457809,0.0,67616768,9138,2156,11294,0,0.0
2026-04-25T09:25:37.896973+00:00,recovery_scenario,iperf_tcp,30,10,,ryu_controller,457802,19.9,60534784,17401,108523,125924,33,328.6992
2026-04-25T09:25:37.997438+00:00,recovery_scenario,iperf_tcp,30,10,,twin_core,457809,0.0,67616768,9138,2156,11294,0,0.0
2026-04-25T09:25:37.997438+00:00,recovery_scenario,iperf_tcp,30,10,,ryu_controller,457802,39.8,60534784,17465,108523,125988,64,636.6213
2026-04-25T09:25:38.097984+00:00,recovery_scenario,iperf_tcp,30,10,,twin_core,457809,0.0,67616768,9138,2156,11294,0,0.0
2026-04-25T09:25:38.097984+00:00,recovery_scenario,iperf_tcp,30,10,,ryu_controller,457802,0.0,60534784,17482,108523,126005,17,168.8639
2026-04-25T09:25:38.200663+00:00,recovery_scenario,iperf_tcp,30,10,,twin_core,457809,0.0,67616768,9138,2156,11294,0,0.0
2026-04-25T09:25:38.200663+00:00,recovery_scenario,iperf_tcp,30,10,,ryu_controller,457802,9.8,60534784,17493,108523,126016,11,107.2889
2026-04-25T09:25:38.301122+00:00,recovery_scenario,iperf_tcp,30,10,,twin_core,457809,0.0,67616768,9138,2156,11294,0,0.0
2026-04-25T09:25:38.301122+00:00,recovery_scenario,iperf_tcp,30,10,,ryu_controller,457802,29.9,60534784,17525,108523,126048,32,318.6955
2026-04-25T09:25:38.405024+00:00,recovery_scenario,iperf_tcp,30,10,,twin_core,457809,0.0,67616768,9138,2156,11294,0,0.0
2026-04-25T09:25:38.405024+00:00,recovery_scenario,iperf_tcp,30,10,,ryu_controller,457802,38.5,60534784,17577,108523,126100,52,500.0905
2026-04-25T09:25:38.505508+00:00,recovery_scenario,iperf_tcp,30,10,,twin_core,457809,0.0,67616768,9138,2156,11294,0,0.0
2026-04-25T09:25:38.505508+00:00,recovery_scenario,iperf_tcp,30,10,,ryu_controller,457802,10.0,60534784,17608,108523,126131,31,308.4895
2026-04-25T09:25:38.607280+00:00,recovery_scenario,iperf_tcp,30,10,,twin_core,457809,0.0,67616768,9138,2156,11294,0,0.0
2026-04-25T09:25:38.607280+00:00,recovery_scenario,iperf_tcp,30,10,,ryu_controller,457802,29.4,60534784,17646,108523,126169,38,372.6031
2026-04-25T09:25:38.715012+00:00,recovery_scenario,iperf_tcp,30,10,,twin_core,457809,0.0,67616768,9138,2156,11294,0,0.0
2026-04-25T09:25:38.715012+00:00,recovery_scenario,iperf_tcp,30,10,,ryu_controller,457802,18.5,60534784,17665,108523,126188,19,176.2426
2026-04-25T09:25:38.815787+00:00,recovery_scenario,iperf_tcp,30,10,,twin_core,457809,0.0,67616768,9138,2156,11294,0,0.0
2026-04-25T09:25:38.815787+00:00,recovery_scenario,iperf_tcp,30,10,,ryu_controller,457802,9.9,60534784,17673,108523,126196,8,79.6332
2026-04-25T09:25:38.916260+00:00,recovery_scenario,iperf_tcp,30,10,,twin_core,457809,0.0,67616768,9138,2156,11294,0,0.0
2026-04-25T09:25:38.916260+00:00,recovery_scenario,iperf_tcp,30,10,,ryu_controller,457802,19.9,60534784,17714,108523,126237,41,407.6882
2026-04-25T09:25:39.016829+00:00,recovery_scenario,iperf_tcp,30,10,,twin_core,457809,0.0,67616768,9138,2156,11294,0,0.0
2026-04-25T09:25:39.016829+00:00,recovery_scenario,iperf_tcp,30,10,,ryu_controller,457802,0.0,60534784,17738,108523,126261,24,238.6844
2026-04-25T09:25:39.120017+00:00,recovery_scenario,iperf_tcp,30,10,,twin_core,457809,0.0,67616768,9138,2156,11294,0,0.0
2026-04-25T09:25:39.120017+00:00,recovery_scenario,iperf_tcp,30,10,,ryu_controller,457802,9.7,60534784,17750,108523,126273,12,116.3839
2026-04-25T09:25:39.220482+00:00,recovery_scenario,iperf_tcp,30,10,,twin_core,457809,0.0,67616768,9138,2156,11294,0,0.0
2026-04-25T09:25:39.220482+00:00,recovery_scenario,iperf_tcp,30,10,,ryu_controller,457802,9.9,60534784,17766,108523,126289,16,159.1091
2026-04-25T09:25:39.321004+00:00,recovery_scenario,iperf_tcp,30,10,,twin_core,457809,19.9,67616768,9138,2156,11294,0,0.0
2026-04-25T09:25:39.321004+00:00,recovery_scenario,iperf_tcp,30,10,,ryu_controller,457802,29.9,60534784,17806,108523,126329,40,398.5747
2026-04-25T09:25:39.421410+00:00,recovery_scenario,iperf_tcp,30,10,,twin_core,457809,0.0,67616768,9146,2157,11303,9,89.3401
2026-04-25T09:25:39.421410+00:00,recovery_scenario,iperf_tcp,30,10,,ryu_controller,457802,39.7,60534784,17852,108523,126375,46,456.3257
2026-04-25T09:25:39.522191+00:00,recovery_scenario,iperf_tcp,30,10,,twin_core,457809,0.0,67616768,9150,2157,11307,4,39.7833
2026-04-25T09:25:39.522191+00:00,recovery_scenario,iperf_tcp,30,10,,ryu_controller,457802,19.9,60534784,17878,108523,126401,26,258.1983
2026-04-25T09:25:39.626431+00:00,recovery_scenario,iperf_tcp,30,10,,twin_core,457809,0.0,67616768,9150,2157,11307,0,0.0
2026-04-25T09:25:39.626431+00:00,recovery_scenario,iperf_tcp,30,10,,ryu_controller,457802,9.6,60534784,17892,108523,126415,14,134.5112
2026-04-25T09:25:39.728942+00:00,recovery_scenario,iperf_tcp,30,10,,twin_core,457809,0.0,67616768,9153,2157,11310,3,29.2734
2026-04-25T09:25:39.728942+00:00,recovery_scenario,iperf_tcp,30,10,,ryu_controller,457802,9.8,60534784,17906,108523,126429,14,136.6256
2026-04-25T09:25:39.829442+00:00,recovery_scenario,iperf_tcp,30,10,,twin_core,457809,0.0,67616768,9156,2157,11313,3,29.8451
2026-04-25T09:25:39.829442+00:00,recovery_scenario,iperf_tcp,30,10,,ryu_controller,457802,9.9,60534784,17918,108523,126441,12,119.3763
2026-04-25T09:25:39.930011+00:00,recovery_scenario,iperf_tcp,30,10,,twin_core,457809,0.0,67616768,9159,2157,11316,3,29.8083
2026-04-25T09:25:39.930011+00:00,recovery_scenario,iperf_tcp,30,10,,ryu_controller,457802,0.0,60534784,17924,108523,126447,6,59.5792
2026-04-25T09:25:40.031828+00:00,recovery_scenario,iperf_tcp,30,10,,twin_core,457809,9.8,67616768,9159,2157,11316,0,0.0
2026-04-25T09:25:40.031828+00:00,recovery_scenario,iperf_tcp,30,10,,ryu_controller,457802,49.1,60534784,17982,108523,126505,58,569.1156
2026-04-25T09:25:40.132658+00:00,recovery_scenario,iperf_tcp,30,10,,twin_core,457809,0.0,67616768,9168,2157,11325,9,89.3066
2026-04-25T09:25:40.132658+00:00,recovery_scenario,iperf_tcp,30,10,,ryu_controller,457802,9.9,60534784,17999,108523,126522,17,169.0408
2026-04-25T09:25:40.233160+00:00,recovery_scenario,iperf_tcp,30,10,,twin_core,457809,0.0,67616768,9174,2157,11331,6,59.7218
2026-04-25T09:25:40.233160+00:00,recovery_scenario,iperf_tcp,30,10,,ryu_controller,457802,10.0,60534784,18013,108523,126536,14,139.3668
2026-04-25T09:25:40.333646+00:00,recovery_scenario,iperf_tcp,30,10,,twin_core,457809,0.0,67616768,9177,2157,11334,3,29.8362
2026-04-25T09:25:40.333646+00:00,recovery_scenario,iperf_tcp,30,10,,ryu_controller,457802,9.9,60534784,18026,108523,126549,13,129.25
2026-04-25T09:25:40.434223+00:00,recovery_scenario,iperf_tcp,30,10,,twin_core,457809,0.0,67616768,9180,2157,11337,3,29.8395
2026-04-25T09:25:40.434223+00:00,recovery_scenario,iperf_tcp,30,10,,ryu_controller,457802,9.9,60534784,18039,108523,126562,13,129.3407
2026-04-25T09:25:40.534874+00:00,recovery_scenario,iperf_tcp,30,10,,twin_core,457809,0.0,67616768,9186,2157,11343,6,59.6298
2026-04-25T09:25:40.534874+00:00,recovery_scenario,iperf_tcp,30,10,,ryu_controller,457802,9.9,60534784,18053,108523,126576,14,139.1428
2026-04-25T09:25:40.638930+00:00,recovery_scenario,iperf_tcp,30,10,,twin_core,457809,0.0,67616768,9192,2157,11349,6,57.6617
2026-04-25T09:25:40.638930+00:00,recovery_scenario,iperf_tcp,30,10,,ryu_controller,457802,9.6,60534784,18070,108523,126593,17,163.3796
2026-04-25T09:25:40.739355+00:00,recovery_scenario,iperf_tcp,30,10,,twin_core,457809,0.0,67616768,9195,2157,11352,3,29.8174
2026-04-25T09:25:40.739355+00:00,recovery_scenario,iperf_tcp,30,10,,ryu_controller,457802,19.9,60534784,18087,108523,126610,17,168.8985
2026-04-25T09:25:40.842077+00:00,recovery_scenario,iperf_tcp,30,10,,twin_core,457809,0.0,67616768,9198,2157,11355,3,29.2538
2026-04-25T09:25:40.842077+00:00,recovery_scenario,iperf_tcp,30,10,,ryu_controller,457802,0.0,60534784,18098,108523,126621,11,107.3018
2026-04-25T09:25:40.946342+00:00,recovery_scenario,iperf_tcp,30,10,,twin_core,457809,0.0,67616768,9201,2157,11358,3,28.7482
2026-04-25T09:25:40.946342+00:00,recovery_scenario,iperf_tcp,30,10,,ryu_controller,457802,9.6,60534784,18108,108523,126631,10,95.8066
2026-04-25T09:25:41.048766+00:00,recovery_scenario,iperf_tcp,30,10,,twin_core,457809,0.0,67616768,9201,2157,11358,0,0.0
2026-04-25T09:25:41.048766+00:00,recovery_scenario,iperf_tcp,30,10,,ryu_controller,457802,9.5,60534784,18136,108523,126659,28,265.4257
2026-04-25T09:25:41.152903+00:00,recovery_scenario,iperf_tcp,30,10,,twin_core,457809,9.6,67616768,9213,2157,11370,12,114.9055
2026-04-25T09:25:41.152903+00:00,recovery_scenario,iperf_tcp,30,10,,ryu_controller,457802,0.0,60534784,18140,108523,126663,4,39.2866
2026-04-25T09:25:41.254281+00:00,recovery_scenario,iperf_tcp,30,10,,twin_core,457809,0.0,67616768,9219,2157,11376,6,59.389
2026-04-25T09:25:41.254281+00:00,recovery_scenario,iperf_tcp,30,10,,ryu_controller,457802,19.9,60534784,18163,108523,126686,23,228.3356
2026-04-25T09:25:41.355014+00:00,recovery_scenario,iperf_tcp,30,10,,twin_core,457809,0.0,67616768,9222,2157,11379,3,29.7888
2026-04-25T09:25:41.355014+00:00,recovery_scenario,iperf_tcp,30,10,,ryu_controller,457802,9.9,60534784,18190,108523,126713,27,268.5776
2026-04-25T09:25:41.455500+00:00,recovery_scenario,iperf_tcp,30,10,,twin_core,457809,19.9,67661824,9225,2157,11382,3,29.8017
2026-04-25T09:25:41.455500+00:00,recovery_scenario,iperf_tcp,30,10,,ryu_controller,457802,69.5,60534784,18234,108524,126758,45,447.0324
2026-04-25T09:25:41.556119+00:00,recovery_scenario,iperf_tcp,30,10,,twin_core,457809,10.0,67661824,9234,2157,11391,9,89.6124
2026-04-25T09:25:41.556119+00:00,recovery_scenario,iperf_tcp,30,10,,ryu_controller,457802,0.0,60534784,18237,108524,126761,3,29.8803
2026-04-25T09:25:41.656529+00:00,recovery_scenario,iperf_tcp,30,10,,twin_core,457809,0.0,67661824,9240,2157,11397,6,59.6774
2026-04-25T09:25:41.656529+00:00,recovery_scenario,iperf_tcp,30,10,,ryu_controller,457802,19.9,60534784,18263,108524,126787,26,258.5752
2026-04-25T09:25:41.757106+00:00,recovery_scenario,iperf_tcp,30,10,,twin_core,457809,0.0,67661824,9243,2157,11400,3,29.8604
2026-04-25T09:25:41.757106+00:00,recovery_scenario,iperf_tcp,30,10,,ryu_controller,457802,10.0,60534784,18276,108524,126800,13,129.3934
2026-04-25T09:25:41.859263+00:00,recovery_scenario,iperf_tcp,30,10,,twin_core,457809,0.0,67661824,9246,2157,11403,3,29.36
2026-04-25T09:25:41.859263+00:00,recovery_scenario,iperf_tcp,30,10,,ryu_controller,457802,0.0,60534784,18281,108524,126805,5,48.8676
2026-04-25T09:25:41.959858+00:00,recovery_scenario,iperf_tcp,30,10,,twin_core,457809,0.0,67661824,9251,2157,11408,5,49.5233
2026-04-25T09:25:41.959858+00:00,recovery_scenario,iperf_tcp,30,10,,ryu_controller,457802,0.0,60534784,18286,108524,126810,5,49.5864
2026-04-25T09:25:42.060844+00:00,recovery_scenario,iperf_tcp,30,10,,twin_core,457809,0.0,67661824,9261,2157,11418,10,99.424
2026-04-25T09:25:42.060844+00:00,recovery_scenario,iperf_tcp,30,10,,ryu_controller,457802,29.8,60534784,18314,108524,126838,28,278.1818
2026-04-25T09:25:42.161424+00:00,recovery_scenario,iperf_tcp,30,10,,twin_core,457809,0.0,67661824,9264,2157,11421,3,29.7718
2026-04-25T09:25:42.161424+00:00,recovery_scenario,iperf_tcp,30,10,,ryu_controller,457802,69.5,60534784,18351,108525,126876,38,377.3801
2026-04-25T09:25:42.262075+00:00,recovery_scenario,iperf_tcp,30,10,,twin_core,457809,0.0,67661824,9264,2157,11421,0,0.0
2026-04-25T09:25:42.262075+00:00,recovery_scenario,iperf_tcp,30,10,,ryu_controller,457802,19.9,60534784,18368,108525,126893,17,169.1372
2026-04-25T09:25:42.362544+00:00,recovery_scenario,iperf_tcp,30,10,,twin_core,457809,0.0,67661824,9270,2157,11427,6,59.7391
2026-04-25T09:25:42.362544+00:00,recovery_scenario,iperf_tcp,30,10,,ryu_controller,457802,0.0,60534784,18380,108525,126905,12,119.479
2026-04-25T09:25:42.463037+00:00,recovery_scenario,iperf_tcp,30,10,,twin_core,457809,0.0,67661824,9276,2157,11433,6,59.7124
2026-04-25T09:25:42.463037+00:00,recovery_scenario,iperf_tcp,30,10,,ryu_controller,457802,10.0,60534784,18399,108525,126924,19,189.0992
2026-04-25T09:25:42.563494+00:00,recovery_scenario,iperf_tcp,30,10,,twin_core,457809,0.0,67661824,9285,2157,11442,9,89.5217
2026-04-25T09:25:42.563494+00:00,recovery_scenario,iperf_tcp,30,10,,ryu_controller,457802,29.8,60534784,18431,108525,126956,32,318.284
2026-04-25T09:25:42.666117+00:00,recovery_scenario,iperf_tcp,30,10,,twin_core,457809,9.7,67661824,9285,2157,11442,0,0.0
2026-04-25T09:25:42.666117+00:00,recovery_scenario,iperf_tcp,30,10,,ryu_controller,457802,0.0,60534784,18439,108525,126964,8,77.7342
2026-04-25T09:25:42.771567+00:00,recovery_scenario,iperf_tcp,30,10,,twin_core,457809,0.0,67661824,9288,2157,11445,3,28.4649
2026-04-25T09:25:42.771567+00:00,recovery_scenario,iperf_tcp,30,10,,ryu_controller,457802,9.5,60534784,18442,108525,126967,3,28.4824
2026-04-25T09:25:42.880241+00:00,recovery_scenario,iperf_tcp,30,10,,twin_core,457809,0.0,67661824,9294,2157,11451,6,55.2769
2026-04-25T09:25:42.880241+00:00,recovery_scenario,iperf_tcp,30,10,,ryu_controller,457802,0.0,60534784,18446,108525,126971,4,36.8504
2026-04-25T09:25:42.980821+00:00,recovery_scenario,iperf_tcp,30,10,,twin_core,457809,0.0,67661824,9300,2157,11457,6,59.6681
2026-04-25T09:25:42.980821+00:00,recovery_scenario,iperf_tcp,30,10,,ryu_controller,457802,9.9,60534784,18461,108525,126986,15,149.2445
2026-04-25T09:25:43.081388+00:00,recovery_scenario,iperf_tcp,30,10,,twin_core,457809,0.0,67661824,9303,2157,11460,3,29.7926
2026-04-25T09:25:43.081388+00:00,recovery_scenario,iperf_tcp,30,10,,ryu_controller,457802,9.9,60534784,18490,108525,127015,29,287.9185
2026-04-25T09:25:43.182101+00:00,recovery_scenario,iperf_tcp,30,10,,twin_core,457809,0.0,67661824,9306,2157,11463,3,29.794
2026-04-25T09:25:43.182101+00:00,recovery_scenario,iperf_tcp,30,10,,ryu_controller,457802,9.9,60534784,18502,108525,127027,12,118.9523
2026-04-25T09:25:43.199929+00:00,recovery_scenario,iperf_tcp,30,10,pingall_completed,,,,,,,,,
2026-04-25T09:25:43.292339+00:00,recovery_scenario,iperf_tcp,30,10,,twin_core,457809,0.0,67661824,9318,2158,11476,13,118.0396
2026-04-25T09:25:43.292339+00:00,recovery_scenario,iperf_tcp,30,10,,ryu_controller,457802,0.0,60534784,18506,108526,127032,5,45.4643
2026-04-25T09:25:43.402553+00:00,recovery_scenario,iperf_tcp,30,10,,twin_core,457809,0.0,67661824,9318,2158,11476,0,0.0
2026-04-25T09:25:43.402553+00:00,recovery_scenario,iperf_tcp,30,10,,ryu_controller,457802,0.0,60534784,18510,108526,127036,4,36.2567
2026-04-25T09:25:43.503218+00:00,recovery_scenario,iperf_tcp,30,10,,twin_core,457809,9.9,67661824,9318,2158,11476,0,0.0
2026-04-25T09:25:43.503218+00:00,recovery_scenario,iperf_tcp,30,10,,ryu_controller,457802,69.7,60547072,18556,108526,127082,46,457.9644
2026-04-25T09:25:43.608381+00:00,recovery_scenario,iperf_tcp,30,10,,twin_core,457809,9.5,67694592,9318,2158,11476,0,0.0
2026-04-25T09:25:43.608381+00:00,recovery_scenario,iperf_tcp,30,10,,ryu_controller,457802,9.5,60612608,18573,108526,127099,17,161.4329
2026-04-25T09:25:43.709027+00:00,recovery_scenario,iperf_tcp,30,10,,twin_core,457809,0.0,67694592,9318,2158,11476,0,0.0
2026-04-25T09:25:43.709027+00:00,recovery_scenario,iperf_tcp,30,10,,ryu_controller,457802,0.0,60612608,18577,108526,127103,4,39.6775
2026-04-25T09:25:43.815286+00:00,recovery_scenario,iperf_tcp,30,10,,twin_core,457809,0.0,67694592,9318,2158,11476,0,0.0
2026-04-25T09:25:43.815286+00:00,recovery_scenario,iperf_tcp,30,10,,ryu_controller,457802,0.0,60612608,18581,108526,127107,4,37.6677
2026-04-25T09:25:43.916538+00:00,recovery_scenario,iperf_tcp,30,10,,twin_core,457809,0.0,67694592,9318,2158,11476,0,0.0
2026-04-25T09:25:43.916538+00:00,recovery_scenario,iperf_tcp,30,10,,ryu_controller,457802,9.8,60612608,18584,108526,127110,3,29.2839
2026-04-25T09:25:44.020855+00:00,recovery_scenario,iperf_tcp,30,10,,twin_core,457809,0.0,67694592,9318,2158,11476,0,0.0
2026-04-25T09:25:44.020855+00:00,recovery_scenario,iperf_tcp,30,10,,ryu_controller,457802,0.0,60612608,18586,108526,127112,2,19.3039
2026-04-25T09:25:44.122162+00:00,recovery_scenario,iperf_tcp,30,10,,twin_core,457809,0.0,67694592,9318,2158,11476,0,0.0
2026-04-25T09:25:44.122162+00:00,recovery_scenario,iperf_tcp,30,10,,ryu_controller,457802,0.0,60612608,18589,108526,127115,3,29.5348
2026-04-25T09:25:44.223638+00:00,recovery_scenario,iperf_tcp,30,10,,twin_core,457809,0.0,67694592,9323,2158,11481,5,49.6078
2026-04-25T09:25:44.223638+00:00,recovery_scenario,iperf_tcp,30,10,,ryu_controller,457802,79.6,60612608,18628,108527,127155,40,398.2712
2026-04-25T09:25:44.324069+00:00,recovery_scenario,iperf_tcp,30,10,,twin_core,457809,10.0,67694592,9323,2158,11481,0,0.0
2026-04-25T09:25:44.324069+00:00,recovery_scenario,iperf_tcp,30,10,,ryu_controller,457802,19.9,60633088,18644,108527,127171,16,159.1884
2026-04-25T09:25:44.424627+00:00,recovery_scenario,iperf_tcp,30,10,,twin_core,457809,0.0,67694592,9323,2158,11481,0,0.0
2026-04-25T09:25:44.424627+00:00,recovery_scenario,iperf_tcp,30,10,,ryu_controller,457802,0.0,60633088,18649,108527,127176,5,49.7007
2026-04-25T09:25:44.525196+00:00,recovery_scenario,iperf_tcp,30,10,,twin_core,457809,0.0,67694592,9323,2158,11481,0,0.0
2026-04-25T09:25:44.525196+00:00,recovery_scenario,iperf_tcp,30,10,,ryu_controller,457802,9.9,60633088,18685,108527,127212,36,358.0333
2026-04-25T09:25:44.626145+00:00,recovery_scenario,iperf_tcp,30,10,,twin_core,457809,0.0,67694592,9323,2158,11481,0,0.0
2026-04-25T09:25:44.626145+00:00,recovery_scenario,iperf_tcp,30,10,,ryu_controller,457802,0.0,60633088,18704,108532,127236,24,233.6247
2026-04-25T09:25:44.729169+00:00,recovery_scenario,iperf_tcp,30,10,,twin_core,457809,0.0,67694592,9323,2158,11481,0,0.0
2026-04-25T09:25:44.729169+00:00,recovery_scenario,iperf_tcp,30,10,,ryu_controller,457802,0.0,60633088,18718,108536,127254,18,176.1063
2026-04-25T09:25:44.841568+00:00,recovery_scenario,iperf_tcp,30,10,,twin_core,457809,0.0,67694592,9323,2158,11481,0,0.0
2026-04-25T09:25:44.841568+00:00,recovery_scenario,iperf_tcp,30,10,,ryu_controller,457802,8.9,60633088,18720,108543,127263,9,80.1362
2026-04-25T09:25:44.942898+00:00,recovery_scenario,iperf_tcp,30,10,,twin_core,457809,0.0,67694592,9323,2158,11481,0,0.0
2026-04-25T09:25:44.942898+00:00,recovery_scenario,iperf_tcp,30,10,,ryu_controller,457802,0.0,60633088,18730,108546,127276,13,129.1809
2026-04-25T09:25:45.043565+00:00,recovery_scenario,iperf_tcp,30,10,,twin_core,457809,0.0,67694592,9323,2158,11481,0,0.0
2026-04-25T09:25:45.043565+00:00,recovery_scenario,iperf_tcp,30,10,,ryu_controller,457802,9.9,60633088,18760,108553,127313,37,367.3036
2026-04-25T09:25:45.144323+00:00,recovery_scenario,iperf_tcp,30,10,,twin_core,457809,0.0,67694592,9323,2158,11481,0,0.0
2026-04-25T09:25:45.144323+00:00,recovery_scenario,iperf_tcp,30,10,,ryu_controller,457802,9.9,60633088,18782,108560,127342,29,288.2133
2026-04-25T09:25:45.212640+00:00,recovery_scenario,iperf_tcp,30,10,background_traffic_started,,,,,,,,,
2026-04-25T09:25:45.244930+00:00,recovery_scenario,iperf_tcp,30,10,,twin_core,457809,9.9,67694592,9329,2172,11501,20,198.9966
2026-04-25T09:25:45.244930+00:00,recovery_scenario,iperf_tcp,30,10,,ryu_controller,457802,10.0,60633088,18809,108605,127414,72,717.0099
2026-04-25T09:25:45.345942+00:00,recovery_scenario,iperf_tcp,30,10,,twin_core,457809,0.0,67694592,9341,2187,11528,27,267.1423
2026-04-25T09:25:45.345942+00:00,recovery_scenario,iperf_tcp,30,10,,ryu_controller,457802,39.6,60633088,18817,108733,127550,136,1344.0874
2026-04-25T09:25:45.446661+00:00,recovery_scenario,iperf_tcp,30,10,,twin_core,457809,9.9,67694592,9350,2205,11555,27,268.1951
2026-04-25T09:25:45.446661+00:00,recovery_scenario,iperf_tcp,30,10,,ryu_controller,457802,39.7,60633088,18825,108847,127672,122,1199.0705
2026-04-25T09:25:45.460926+00:00,recovery_scenario,iperf_tcp,30,10,fault_injected,,,,,,,,,
2026-04-25T09:25:45.548309+00:00,recovery_scenario,iperf_tcp,30,10,,twin_core,457809,0.0,67702784,9353,2214,11567,12,118.042
2026-04-25T09:25:45.548309+00:00,recovery_scenario,iperf_tcp,30,10,,ryu_controller,457802,29.6,60637184,18826,108975,127801,129,1283.0515
2026-04-25T09:25:45.652565+00:00,recovery_scenario,iperf_tcp,30,10,,twin_core,457809,0.0,67702784,9353,2214,11567,0,0.0
2026-04-25T09:25:45.652565+00:00,recovery_scenario,iperf_tcp,30,10,,ryu_controller,457802,28.7,60637184,18826,109110,127936,135,1291.4055
2026-04-25T09:25:45.753431+00:00,recovery_scenario,iperf_tcp,30,10,,twin_core,457809,0.0,67702784,9353,2214,11567,0,0.0
2026-04-25T09:25:45.753431+00:00,recovery_scenario,iperf_tcp,30,10,,ryu_controller,457802,49.7,60637184,18826,109300,128126,190,1887.0286
2026-04-25T09:25:45.854764+00:00,recovery_scenario,iperf_tcp,30,10,,twin_core,457809,0.0,67702784,9353,2214,11567,0,0.0
2026-04-25T09:25:45.854764+00:00,recovery_scenario,iperf_tcp,30,10,,ryu_controller,457802,49.4,60637184,18826,109372,128198,72,711.1162
2026-04-25T09:25:45.957780+00:00,recovery_scenario,iperf_tcp,30,10,,twin_core,457809,0.0,67702784,9353,2214,11567,0,0.0
2026-04-25T09:25:45.957780+00:00,recovery_scenario,iperf_tcp,30,10,,ryu_controller,457802,58.3,60637184,18826,109516,128342,144,1399.4184
2026-04-25T09:25:46.058148+00:00,recovery_scenario,iperf_tcp,30,10,,twin_core,457809,10.0,67702784,9354,2215,11569,2,19.9218
2026-04-25T09:25:46.058148+00:00,recovery_scenario,iperf_tcp,30,10,,ryu_controller,457802,79.7,60637184,18826,109817,128643,301,2998.0272
2026-04-25T09:25:46.158686+00:00,recovery_scenario,iperf_tcp,30,10,,twin_core,457809,0.0,67702784,9354,2215,11569,0,0.0
2026-04-25T09:25:46.158686+00:00,recovery_scenario,iperf_tcp,30,10,,ryu_controller,457802,69.6,60637184,18826,110279,129105,462,4596.9567
2026-04-25T09:25:46.259119+00:00,recovery_scenario,iperf_tcp,30,10,,twin_core,457809,0.0,67702784,9354,2215,11569,0,0.0
2026-04-25T09:25:46.259119+00:00,recovery_scenario,iperf_tcp,30,10,,ryu_controller,457802,59.7,60637184,18826,110628,129454,349,3474.3113
2026-04-25T09:25:46.359545+00:00,recovery_scenario,iperf_tcp,30,10,,twin_core,457809,0.0,67702784,9354,2215,11569,0,0.0
2026-04-25T09:25:46.359545+00:00,recovery_scenario,iperf_tcp,30,10,,ryu_controller,457802,69.6,60637184,18826,110947,129773,319,3172.7698
2026-04-25T09:25:46.460117+00:00,recovery_scenario,iperf_tcp,30,10,,twin_core,457809,0.0,67702784,9354,2215,11569,0,0.0
2026-04-25T09:25:46.460117+00:00,recovery_scenario,iperf_tcp,30,10,,ryu_controller,457802,79.6,60637184,18826,111264,130090,317,3155.7459
2026-04-25T09:25:46.561135+00:00,recovery_scenario,iperf_tcp,30,10,,twin_core,457809,0.0,67702784,9355,2215,11570,1,9.8987
2026-04-25T09:25:46.561135+00:00,recovery_scenario,iperf_tcp,30,10,,ryu_controller,457802,69.3,60637184,18826,111570,130396,306,3028.9551
2026-04-25T09:25:46.663135+00:00,recovery_scenario,iperf_tcp,30,10,,twin_core,457809,0.0,67702784,9355,2215,11570,0,0.0
2026-04-25T09:25:46.663135+00:00,recovery_scenario,iperf_tcp,30,10,,ryu_controller,457802,58.8,60637184,18826,111888,130714,318,3117.9356
2026-04-25T09:25:46.765236+00:00,recovery_scenario,iperf_tcp,30,10,,twin_core,457809,0.0,67702784,9355,2215,11570,0,0.0
2026-04-25T09:25:46.765236+00:00,recovery_scenario,iperf_tcp,30,10,,ryu_controller,457802,78.2,60637184,18826,112184,131010,296,2886.2275
2026-04-25T09:25:46.866186+00:00,recovery_scenario,iperf_tcp,30,10,,twin_core,457809,0.0,67702784,9355,2215,11570,0,0.0
2026-04-25T09:25:46.866186+00:00,recovery_scenario,iperf_tcp,30,10,,ryu_controller,457802,69.4,60637184,18826,112409,131235,225,2237.2416
2026-04-25T09:25:46.968209+00:00,recovery_scenario,iperf_tcp,30,10,,twin_core,457809,0.0,67702784,9355,2215,11570,0,0.0
2026-04-25T09:25:46.968209+00:00,recovery_scenario,iperf_tcp,30,10,,ryu_controller,457802,68.6,60637184,18826,112592,131418,183,1783.5798
2026-04-25T09:25:47.070135+00:00,recovery_scenario,iperf_tcp,30,10,,twin_core,457809,0.0,67702784,9356,2215,11571,1,9.8105
2026-04-25T09:25:47.070135+00:00,recovery_scenario,iperf_tcp,30,10,,ryu_controller,457802,68.7,60637184,18826,112831,131657,239,2359.1177
2026-04-25T09:25:47.171690+00:00,recovery_scenario,iperf_tcp,30,10,,twin_core,457809,0.0,67702784,9356,2215,11571,0,0.0
2026-04-25T09:25:47.171690+00:00,recovery_scenario,iperf_tcp,30,10,,ryu_controller,457802,88.6,60637184,18826,113160,131986,329,3238.7675
2026-04-25T09:25:47.272147+00:00,recovery_scenario,iperf_tcp,30,10,,twin_core,457809,0.0,67702784,9356,2215,11571,0,0.0
2026-04-25T09:25:47.272147+00:00,recovery_scenario,iperf_tcp,30,10,,ryu_controller,457802,69.7,60637184,18826,113453,132279,293,2907.7743
2026-04-25T09:25:47.374138+00:00,recovery_scenario,iperf_tcp,30,10,,twin_core,457809,0.0,67702784,9356,2215,11571,0,0.0
2026-04-25T09:25:47.374138+00:00,recovery_scenario,iperf_tcp,30,10,,ryu_controller,457802,78.4,60637184,18826,113656,132482,203,1995.7083
2026-04-25T09:25:47.474659+00:00,recovery_scenario,iperf_tcp,30,10,,twin_core,457809,0.0,67702784,9356,2215,11571,0,0.0
2026-04-25T09:25:47.474659+00:00,recovery_scenario,iperf_tcp,30,10,,ryu_controller,457802,59.7,60637184,18826,113776,132602,120,1192.8195
2026-04-25T09:25:47.576161+00:00,recovery_scenario,iperf_tcp,30,10,,twin_core,457809,0.0,67702784,9357,2215,11572,1,9.8662
2026-04-25T09:25:47.576161+00:00,recovery_scenario,iperf_tcp,30,10,,ryu_controller,457802,69.1,60637184,18826,113855,132681,79,779.7959
2026-04-25T09:25:47.676636+00:00,recovery_scenario,iperf_tcp,30,10,,twin_core,457809,0.0,67702784,9357,2215,11572,0,0.0
2026-04-25T09:25:47.676636+00:00,recovery_scenario,iperf_tcp,30,10,,ryu_controller,457802,59.7,60637184,18826,113949,132775,94,934.8379
2026-04-25T09:25:47.777930+00:00,recovery_scenario,iperf_tcp,30,10,,twin_core,457809,9.9,67702784,9357,2215,11572,0,0.0
2026-04-25T09:25:47.777930+00:00,recovery_scenario,iperf_tcp,30,10,,ryu_controller,457802,68.3,60637184,18826,114095,132921,146,1424.8325
2026-04-25T09:25:47.879704+00:00,recovery_scenario,iperf_tcp,30,10,,twin_core,457809,0.0,67702784,9357,2215,11572,0,0.0
2026-04-25T09:25:47.879704+00:00,recovery_scenario,iperf_tcp,30,10,,ryu_controller,457802,69.6,60637184,18826,114221,133047,126,1253.3455
2026-04-25T09:25:47.981188+00:00,recovery_scenario,iperf_tcp,30,10,,twin_core,457809,0.0,67702784,9357,2215,11572,0,0.0
2026-04-25T09:25:47.981188+00:00,recovery_scenario,iperf_tcp,30,10,,ryu_controller,457802,68.9,60637184,18826,114330,133156,109,1073.0848
2026-04-25T09:25:48.085291+00:00,recovery_scenario,iperf_tcp,30,10,,twin_core,457809,0.0,67702784,9359,2215,11574,2,19.2248
2026-04-25T09:25:48.085291+00:00,recovery_scenario,iperf_tcp,30,10,,ryu_controller,457802,76.9,60637184,18826,114435,133261,105,1009.5117
2026-04-25T09:25:48.186130+00:00,recovery_scenario,iperf_tcp,30,10,,twin_core,457809,0.0,67702784,9359,2215,11574,0,0.0
2026-04-25T09:25:48.186130+00:00,recovery_scenario,iperf_tcp,30,10,,ryu_controller,457802,79.3,60637184,18826,114587,133413,152,1505.8516
2026-04-25T09:25:48.287826+00:00,recovery_scenario,iperf_tcp,30,10,,twin_core,457809,0.0,67702784,9359,2215,11574,0,0.0
2026-04-25T09:25:48.287826+00:00,recovery_scenario,iperf_tcp,30,10,,ryu_controller,457802,78.7,60637184,18826,114819,133645,232,2283.1814
2026-04-25T09:25:48.388469+00:00,recovery_scenario,iperf_tcp,30,10,,twin_core,457809,0.0,67702784,9359,2215,11574,0,0.0
2026-04-25T09:25:48.388469+00:00,recovery_scenario,iperf_tcp,30,10,,ryu_controller,457802,69.5,60637184,18826,114987,133813,168,1667.057
2026-04-25T09:25:48.489678+00:00,recovery_scenario,iperf_tcp,30,10,,twin_core,457809,0.0,67702784,9360,2215,11575,1,9.8942
2026-04-25T09:25:48.489678+00:00,recovery_scenario,iperf_tcp,30,10,,ryu_controller,457802,79.2,60637184,18826,115185,134011,198,1959.5056
2026-04-25T09:25:48.590064+00:00,recovery_scenario,iperf_tcp,30,10,,twin_core,457809,0.0,67702784,9360,2215,11575,0,0.0
2026-04-25T09:25:48.590064+00:00,recovery_scenario,iperf_tcp,30,10,,ryu_controller,457802,49.8,60637184,18826,115319,134145,134,1334.7929
2026-04-25T09:25:48.691656+00:00,recovery_scenario,iperf_tcp,30,10,,twin_core,457809,0.0,67702784,9360,2215,11575,0,0.0
2026-04-25T09:25:48.691656+00:00,recovery_scenario,iperf_tcp,30,10,,ryu_controller,457802,68.7,60637184,18826,115427,134253,108,1059.1054
2026-04-25T09:25:48.794722+00:00,recovery_scenario,iperf_tcp,30,10,,twin_core,457809,0.0,67702784,9360,2215,11575,0,0.0
2026-04-25T09:25:48.794722+00:00,recovery_scenario,iperf_tcp,30,10,,ryu_controller,457802,68.1,60637184,18826,115565,134391,138,1343.6485
2026-04-25T09:25:48.897806+00:00,recovery_scenario,iperf_tcp,30,10,,twin_core,457809,0.0,67702784,9360,2215,11575,0,0.0
2026-04-25T09:25:48.897806+00:00,recovery_scenario,iperf_tcp,30,10,,ryu_controller,457802,48.5,60637184,18826,115695,134521,130,1261.1113
2026-04-25T09:25:48.998299+00:00,recovery_scenario,iperf_tcp,30,10,,twin_core,457809,0.0,67702784,9361,2215,11576,1,9.9065
2026-04-25T09:25:48.998299+00:00,recovery_scenario,iperf_tcp,30,10,,ryu_controller,457802,59.4,60637184,18826,115775,134601,80,792.4069
2026-04-25T09:25:49.099178+00:00,recovery_scenario,iperf_tcp,30,10,,twin_core,457809,0.0,67702784,9361,2215,11576,0,0.0
2026-04-25T09:25:49.099178+00:00,recovery_scenario,iperf_tcp,30,10,,ryu_controller,457802,69.7,60637184,18826,115850,134676,75,746.3035
2026-04-25T09:25:49.199723+00:00,recovery_scenario,iperf_tcp,30,10,,twin_core,457809,9.9,67702784,9361,2215,11576,0,0.0
2026-04-25T09:25:49.199723+00:00,recovery_scenario,iperf_tcp,30,10,,ryu_controller,457802,49.8,60637184,18826,115940,134766,90,895.8992
2026-04-25T09:25:49.300234+00:00,recovery_scenario,iperf_tcp,30,10,,twin_core,457809,0.0,67702784,9361,2215,11576,0,0.0
2026-04-25T09:25:49.300234+00:00,recovery_scenario,iperf_tcp,30,10,,ryu_controller,457802,49.7,60637184,18826,116062,134888,122,1213.3209
2026-04-25T09:25:49.401449+00:00,recovery_scenario,iperf_tcp,30,10,,twin_core,457809,0.0,67702784,9361,2215,11576,0,0.0
2026-04-25T09:25:49.401449+00:00,recovery_scenario,iperf_tcp,30,10,,ryu_controller,457802,49.3,60637184,18826,116165,134991,103,1016.0837
2026-04-25T09:25:49.503762+00:00,recovery_scenario,iperf_tcp,30,10,,twin_core,457809,0.0,67702784,9362,2215,11577,1,9.7886
2026-04-25T09:25:49.503762+00:00,recovery_scenario,iperf_tcp,30,10,,ryu_controller,457802,49.0,60637184,18826,116257,135083,92,900.7614
2026-04-25T09:25:49.604453+00:00,recovery_scenario,iperf_tcp,30,10,,twin_core,457809,0.0,67702784,9362,2215,11577,0,0.0
2026-04-25T09:25:49.604453+00:00,recovery_scenario,iperf_tcp,30,10,,ryu_controller,457802,38.9,60637184,18826,116335,135161,78,757.6967
2026-04-25T09:25:49.707140+00:00,recovery_scenario,iperf_tcp,30,10,,twin_core,457809,0.0,67702784,9362,2215,11577,0,0.0
2026-04-25T09:25:49.707140+00:00,recovery_scenario,iperf_tcp,30,10,,ryu_controller,457802,49.8,60637184,18826,116400,135226,65,647.3484
2026-04-25T09:25:49.807742+00:00,recovery_scenario,iperf_tcp,30,10,,twin_core,457809,0.0,67702784,9362,2215,11577,0,0.0
2026-04-25T09:25:49.807742+00:00,recovery_scenario,iperf_tcp,30,10,,ryu_controller,457802,39.8,60637184,18826,116473,135299,73,725.32
2026-04-25T09:25:49.909757+00:00,recovery_scenario,iperf_tcp,30,10,,twin_core,457809,0.0,67702784,9362,2215,11577,0,0.0
2026-04-25T09:25:49.909757+00:00,recovery_scenario,iperf_tcp,30,10,,ryu_controller,457802,49.0,60637184,18826,116569,135395,96,939.9457
2026-04-25T09:25:50.013131+00:00,recovery_scenario,iperf_tcp,30,10,,twin_core,457809,9.7,67702784,9363,2215,11578,1,9.68
2026-04-25T09:25:50.013131+00:00,recovery_scenario,iperf_tcp,30,10,,ryu_controller,457802,38.7,60637184,18826,116642,135468,73,707.085
2026-04-25T09:25:50.113561+00:00,recovery_scenario,iperf_tcp,30,10,,twin_core,457809,0.0,67702784,9363,2215,11578,0,0.0
2026-04-25T09:25:50.113561+00:00,recovery_scenario,iperf_tcp,30,10,,ryu_controller,457802,49.8,60637184,18826,116736,135562,94,935.3569
2026-04-25T09:25:50.217398+00:00,recovery_scenario,iperf_tcp,30,10,,twin_core,457809,0.0,67702784,9363,2215,11578,0,0.0
2026-04-25T09:25:50.217398+00:00,recovery_scenario,iperf_tcp,30,10,,ryu_controller,457802,48.0,60637184,18826,116841,135667,105,1008.4286
2026-04-25T09:25:50.318442+00:00,recovery_scenario,iperf_tcp,30,10,,twin_core,457809,9.9,67702784,9363,2215,11578,0,0.0
2026-04-25T09:25:50.318442+00:00,recovery_scenario,iperf_tcp,30,10,,ryu_controller,457802,39.7,60637184,18826,116937,135763,96,952.0722
2026-04-25T09:25:50.419006+00:00,recovery_scenario,iperf_tcp,30,10,,twin_core,457809,0.0,67702784,9363,2215,11578,0,0.0
2026-04-25T09:25:50.419006+00:00,recovery_scenario,iperf_tcp,30,10,,ryu_controller,457802,59.8,60637184,18826,117173,135999,236,2350.2879
2026-04-25T09:25:50.521672+00:00,recovery_scenario,iperf_tcp,30,10,,twin_core,457809,0.0,67702784,9364,2216,11580,2,19.4704
2026-04-25T09:25:50.521672+00:00,recovery_scenario,iperf_tcp,30,10,,ryu_controller,457802,68.1,60637184,18826,117491,136317,318,3095.5754
2026-04-25T09:25:50.622230+00:00,recovery_scenario,iperf_tcp,30,10,,twin_core,457809,9.9,67702784,9364,2216,11580,0,0.0
2026-04-25T09:25:50.622230+00:00,recovery_scenario,iperf_tcp,30,10,,ryu_controller,457802,39.8,60637184,18831,117598,136429,112,1111.3548
2026-04-25T09:25:50.723034+00:00,recovery_scenario,iperf_tcp,30,10,,twin_core,457809,0.0,67702784,9364,2216,11580,0,0.0
2026-04-25T09:25:50.723034+00:00,recovery_scenario,iperf_tcp,30,10,,ryu_controller,457802,9.8,60637184,18834,117618,136452,23,226.3545
2026-04-25T09:25:50.825740+00:00,recovery_scenario,iperf_tcp,30,10,,twin_core,457809,0.0,67702784,9364,2216,11580,0,0.0
2026-04-25T09:25:50.825740+00:00,recovery_scenario,iperf_tcp,30,10,,ryu_controller,457802,19.7,60637184,18839,117692,136531,79,776.9803
2026-04-25T09:25:50.926215+00:00,recovery_scenario,iperf_tcp,30,10,,twin_core,457809,0.0,67702784,9364,2216,11580,0,0.0
2026-04-25T09:25:50.926215+00:00,recovery_scenario,iperf_tcp,30,10,,ryu_controller,457802,9.9,60637184,18847,117706,136553,22,217.7783
2026-04-25T09:25:51.029825+00:00,recovery_scenario,iperf_tcp,30,10,,twin_core,457809,9.7,67702784,9372,2222,11594,14,135.5733
2026-04-25T09:25:51.029825+00:00,recovery_scenario,iperf_tcp,30,10,,ryu_controller,457802,19.4,60637184,18856,117719,136575,22,213.0847
2026-04-25T09:25:51.131208+00:00,recovery_scenario,iperf_tcp,30,10,,twin_core,457809,9.9,67702784,9385,2229,11614,20,197.2658
2026-04-25T09:25:51.131208+00:00,recovery_scenario,iperf_tcp,30,10,,ryu_controller,457802,39.3,60637184,18871,117743,136614,39,378.6429
2026-04-25T09:25:51.221988+00:00,recovery_scenario,iperf_tcp,30,10,recovery_requested,,,,,,,,,
2026-04-25T09:25:51.234546+00:00,recovery_scenario,iperf_tcp,30,10,,twin_core,457809,0.0,67702784,9394,2236,11630,16,153.9719
2026-04-25T09:25:51.234546+00:00,recovery_scenario,iperf_tcp,30,10,,ryu_controller,457802,38.6,60637184,18879,117761,136640,26,253.4467
2026-04-25T09:25:51.336190+00:00,recovery_scenario,iperf_tcp,30,10,,twin_core,457809,0.0,67702784,9394,2236,11630,0,0.0
2026-04-25T09:25:51.336190+00:00,recovery_scenario,iperf_tcp,30,10,,ryu_controller,457802,29.5,60637184,18893,117825,136718,78,766.2385
2026-04-25T09:25:51.440020+00:00,recovery_scenario,iperf_tcp,30,10,,twin_core,457809,0.0,67702784,9394,2236,11630,0,0.0
2026-04-25T09:25:51.440020+00:00,recovery_scenario,iperf_tcp,30,10,,ryu_controller,457802,19.4,60637184,18902,117883,136785,67,652.219
2026-04-25T09:25:51.540640+00:00,recovery_scenario,iperf_tcp,30,10,,twin_core,457809,0.0,67702784,9394,2236,11630,0,0.0
2026-04-25T09:25:51.540640+00:00,recovery_scenario,iperf_tcp,30,10,,ryu_controller,457802,49.7,60637184,18906,117992,136898,113,1120.9648
2026-04-25T09:25:51.641965+00:00,recovery_scenario,iperf_tcp,30,10,,twin_core,457809,9.9,67702784,9394,2236,11630,0,0.0
2026-04-25T09:25:51.641965+00:00,recovery_scenario,iperf_tcp,30,10,,ryu_controller,457802,29.0,60637184,18920,118083,137003,105,1018.0554
2026-04-25T09:25:51.745337+00:00,recovery_scenario,iperf_tcp,30,10,,twin_core,457809,0.0,67702784,9395,2236,11631,1,9.8759
2026-04-25T09:25:51.745337+00:00,recovery_scenario,iperf_tcp,30,10,,ryu_controller,457802,49.4,60637184,18923,118179,137102,99,977.6967
2026-04-25T09:25:51.847189+00:00,recovery_scenario,iperf_tcp,30,10,,twin_core,457809,0.0,67702784,9395,2236,11631,0,0.0
2026-04-25T09:25:51.847189+00:00,recovery_scenario,iperf_tcp,30,10,,ryu_controller,457802,39.3,60637184,18930,118257,137187,85,834.4591
2026-04-25T09:25:51.950725+00:00,recovery_scenario,iperf_tcp,30,10,,twin_core,457809,0.0,67702784,9395,2236,11631,0,0.0
2026-04-25T09:25:51.950725+00:00,recovery_scenario,iperf_tcp,30,10,,ryu_controller,457802,48.2,60637184,18930,118360,137290,103,993.575
2026-04-25T09:25:52.051541+00:00,recovery_scenario,iperf_tcp,30,10,,twin_core,457809,0.0,67702784,9395,2236,11631,0,0.0
2026-04-25T09:25:52.051541+00:00,recovery_scenario,iperf_tcp,30,10,,ryu_controller,457802,47.8,60637184,18930,118529,137459,169,1615.5325
2026-04-25T09:25:52.156553+00:00,recovery_scenario,iperf_tcp,30,10,,twin_core,457809,0.0,67702784,9395,2236,11631,0,0.0
2026-04-25T09:25:52.156553+00:00,recovery_scenario,iperf_tcp,30,10,,ryu_controller,457802,62.4,60637184,18930,118632,137562,103,903.419
2026-04-25T09:25:52.270540+00:00,recovery_scenario,iperf_tcp,30,10,,twin_core,457809,0.0,67702784,9396,2236,11632,1,9.4585
2026-04-25T09:25:52.270540+00:00,recovery_scenario,iperf_tcp,30,10,,ryu_controller,457802,77.4,60637184,18930,118719,137649,87,856.7541
2026-04-25T09:25:52.373717+00:00,recovery_scenario,iperf_tcp,30,10,,twin_core,457809,0.0,67702784,9396,2236,11632,0,0.0
2026-04-25T09:25:52.373717+00:00,recovery_scenario,iperf_tcp,30,10,,ryu_controller,457802,96.5,60637184,18930,118735,137665,16,154.2955
2026-04-25T09:25:52.476765+00:00,recovery_scenario,iperf_tcp,30,10,,twin_core,457809,0.0,67702784,9396,2236,11632,0,0.0
2026-04-25T09:25:52.476765+00:00,recovery_scenario,iperf_tcp,30,10,,ryu_controller,457802,68.0,60637184,18930,118867,137797,132,1283.1779
2026-04-25T09:25:52.578893+00:00,recovery_scenario,iperf_tcp,30,10,,twin_core,457809,0.0,67702784,9396,2236,11632,0,0.0
2026-04-25T09:25:52.578893+00:00,recovery_scenario,iperf_tcp,30,10,,ryu_controller,457802,69.0,60637184,18930,118973,137903,106,1044.8821
2026-04-25T09:25:52.680436+00:00,recovery_scenario,iperf_tcp,30,10,,twin_core,457809,9.9,67702784,9396,2236,11632,0,0.0
2026-04-25T09:25:52.680436+00:00,recovery_scenario,iperf_tcp,30,10,,ryu_controller,457802,78.3,60637184,18930,119133,138063,160,1543.4999
2026-04-25T09:25:52.783888+00:00,recovery_scenario,iperf_tcp,30,10,,twin_core,457809,9.7,67702784,9397,2236,11633,1,9.728
2026-04-25T09:25:52.783888+00:00,recovery_scenario,iperf_tcp,30,10,,ryu_controller,457802,77.8,60637184,18930,119304,138234,171,1688.9872
2026-04-25T09:25:52.886801+00:00,recovery_scenario,iperf_tcp,30,10,,twin_core,457809,0.0,67702784,9397,2236,11633,0,0.0
2026-04-25T09:25:52.886801+00:00,recovery_scenario,iperf_tcp,30,10,,ryu_controller,457802,77.7,60637184,18930,119500,138430,196,1903.0232
2026-04-25T09:25:52.988130+00:00,recovery_scenario,iperf_tcp,30,10,,twin_core,457809,0.0,67702784,9397,2236,11633,0,0.0
2026-04-25T09:25:52.988130+00:00,recovery_scenario,iperf_tcp,30,10,,ryu_controller,457802,78.5,60637184,18930,119587,138517,87,853.2878
2026-04-25T09:25:53.089339+00:00,recovery_scenario,iperf_tcp,30,10,,twin_core,457809,0.0,67702784,9397,2236,11633,0,0.0
2026-04-25T09:25:53.089339+00:00,recovery_scenario,iperf_tcp,30,10,,ryu_controller,457802,78.4,60637184,18930,119693,138623,106,1030.3907
2026-04-25T09:25:53.192261+00:00,recovery_scenario,iperf_tcp,30,10,,twin_core,457809,0.0,67702784,9397,2236,11633,0,0.0
2026-04-25T09:25:53.192261+00:00,recovery_scenario,iperf_tcp,30,10,,ryu_controller,457802,78.6,60637184,18930,119791,138721,98,970.7213
2026-04-25T09:25:53.293232+00:00,recovery_scenario,iperf_tcp,30,10,,twin_core,457809,0.0,67702784,9398,2236,11634,1,9.8134
2026-04-25T09:25:53.293232+00:00,recovery_scenario,iperf_tcp,30,10,,ryu_controller,457802,68.7,60637184,18930,119854,138784,63,617.9304
2026-04-25T09:25:53.395145+00:00,recovery_scenario,iperf_tcp,30,10,,twin_core,457809,0.0,67702784,9398,2236,11634,0,0.0
2026-04-25T09:25:53.395145+00:00,recovery_scenario,iperf_tcp,30,10,,ryu_controller,457802,69.3,60637184,18930,119940,138870,86,850.7073
2026-04-25T09:25:53.497172+00:00,recovery_scenario,iperf_tcp,30,10,,twin_core,457809,9.8,67702784,9398,2236,11634,0,0.0
2026-04-25T09:25:53.497172+00:00,recovery_scenario,iperf_tcp,30,10,,ryu_controller,457802,88.1,60637184,18930,120080,139010,140,1370.6703
2026-04-25T09:25:53.598613+00:00,recovery_scenario,iperf_tcp,30,10,,twin_core,457809,0.0,67702784,9398,2236,11634,0,0.0
2026-04-25T09:25:53.598613+00:00,recovery_scenario,iperf_tcp,30,10,,ryu_controller,457802,77.1,60637184,18930,120250,139180,170,1636.5435
2026-04-25T09:25:53.702299+00:00,recovery_scenario,iperf_tcp,30,10,,twin_core,457809,0.0,67702784,9398,2236,11634,0,0.0
2026-04-25T09:25:53.702299+00:00,recovery_scenario,iperf_tcp,30,10,,ryu_controller,457802,69.6,60637184,18930,120389,139319,139,1380.2762
2026-04-25T09:25:53.803135+00:00,recovery_scenario,iperf_tcp,30,10,,twin_core,457809,0.0,67702784,9399,2241,11640,6,59.3812
2026-04-25T09:25:53.803135+00:00,recovery_scenario,iperf_tcp,30,10,,ryu_controller,457802,79.1,60637184,18930,120563,139493,174,1722.9447
2026-04-25T09:25:53.904662+00:00,recovery_scenario,iperf_tcp,30,10,,twin_core,457809,0.0,67702784,9399,2241,11640,0,0.0
2026-04-25T09:25:53.904662+00:00,recovery_scenario,iperf_tcp,30,10,,ryu_controller,457802,68.4,60637184,18930,120697,139627,134,1309.1683
2026-04-25T09:25:54.006560+00:00,recovery_scenario,iperf_tcp,30,10,,twin_core,457809,0.0,67702784,9399,2241,11640,0,0.0
2026-04-25T09:25:54.006560+00:00,recovery_scenario,iperf_tcp,30,10,,ryu_controller,457802,68.4,60637184,18930,120829,139759,132,1285.1528
2026-04-25T09:25:54.109177+00:00,recovery_scenario,iperf_tcp,30,10,,twin_core,457809,0.0,67702784,9399,2241,11640,0,0.0
2026-04-25T09:25:54.109177+00:00,recovery_scenario,iperf_tcp,30,10,,ryu_controller,457802,58.5,60637184,18930,120895,139825,66,646.4102
2026-04-25T09:25:54.211506+00:00,recovery_scenario,iperf_tcp,30,10,,twin_core,457809,0.0,67702784,9399,2241,11640,0,0.0
2026-04-25T09:25:54.211506+00:00,recovery_scenario,iperf_tcp,30,10,,ryu_controller,457802,68.6,60637184,18930,121024,139954,129,1265.33
2026-04-25T09:25:54.315126+00:00,recovery_scenario,iperf_tcp,30,10,,twin_core,457809,0.0,67702784,9400,2243,11643,3,28.8572
2026-04-25T09:25:54.315126+00:00,recovery_scenario,iperf_tcp,30,10,,ryu_controller,457802,57.7,60637184,18930,121180,140110,156,1499.4207
2026-04-25T09:25:54.417746+00:00,recovery_scenario,iperf_tcp,30,10,,twin_core,457809,0.0,67702784,9400,2243,11643,0,0.0
2026-04-25T09:25:54.417746+00:00,recovery_scenario,iperf_tcp,30,10,,ryu_controller,457802,79.1,60637184,18930,121487,140417,307,3036.2327
2026-04-25T09:25:54.519132+00:00,recovery_scenario,iperf_tcp,30,10,,twin_core,457809,0.0,67702784,9400,2243,11643,0,0.0
2026-04-25T09:25:54.519132+00:00,recovery_scenario,iperf_tcp,30,10,,ryu_controller,457802,59.2,60637184,18930,121684,140614,197,1943.6118
2026-04-25T09:25:54.620261+00:00,recovery_scenario,iperf_tcp,30,10,,twin_core,457809,0.0,67702784,9400,2243,11643,0,0.0
2026-04-25T09:25:54.620261+00:00,recovery_scenario,iperf_tcp,30,10,,ryu_controller,457802,78.5,60637184,18930,121868,140798,184,1794.7167
2026-04-25T09:25:54.722140+00:00,recovery_scenario,iperf_tcp,30,10,,twin_core,457809,9.8,67702784,9400,2243,11643,0,0.0
2026-04-25T09:25:54.722140+00:00,recovery_scenario,iperf_tcp,30,10,,ryu_controller,457802,79.0,60637184,18930,122009,140939,141,1400.2244
2026-04-25T09:25:54.823154+00:00,recovery_scenario,iperf_tcp,30,10,,twin_core,457809,0.0,67702784,9401,2243,11644,1,9.9041
2026-04-25T09:25:54.823154+00:00,recovery_scenario,iperf_tcp,30,10,,ryu_controller,457802,69.3,60637184,18930,122173,141103,164,1624.5019
2026-04-25T09:25:54.924745+00:00,recovery_scenario,iperf_tcp,30,10,,twin_core,457809,0.0,67702784,9401,2243,11644,0,0.0
2026-04-25T09:25:54.924745+00:00,recovery_scenario,iperf_tcp,30,10,,ryu_controller,457802,68.7,60637184,18930,122345,141275,172,1687.2984
2026-04-25T09:25:55.026131+00:00,recovery_scenario,iperf_tcp,30,10,,twin_core,457809,0.0,67702784,9401,2243,11644,0,0.0
2026-04-25T09:25:55.026131+00:00,recovery_scenario,iperf_tcp,30,10,,ryu_controller,457802,79.3,60637184,18930,122470,141400,125,1239.1689
2026-04-25T09:25:55.127696+00:00,recovery_scenario,iperf_tcp,30,10,,twin_core,457809,0.0,67702784,9401,2243,11644,0,0.0
2026-04-25T09:25:55.127696+00:00,recovery_scenario,iperf_tcp,30,10,,ryu_controller,457802,68.9,60637184,18930,122613,141543,143,1408.2534
2026-04-25T09:25:55.228489+00:00,recovery_scenario,iperf_tcp,30,10,,twin_core,457809,0.0,67702784,9401,2243,11644,0,0.0
2026-04-25T09:25:55.228489+00:00,recovery_scenario,iperf_tcp,30,10,,ryu_controller,457802,49.3,60637184,18930,122769,141699,156,1539.1766
2026-04-25T09:25:55.330743+00:00,recovery_scenario,iperf_tcp,30,10,,twin_core,457809,0.0,67702784,9402,2248,11650,6,58.9769
2026-04-25T09:25:55.330743+00:00,recovery_scenario,iperf_tcp,30,10,,ryu_controller,457802,59.0,60637184,18930,122925,141855,156,1534.214
2026-04-25T09:25:55.431882+00:00,recovery_scenario,iperf_tcp,30,10,,twin_core,457809,0.0,67702784,9402,2248,11650,0,0.0
2026-04-25T09:25:55.431882+00:00,recovery_scenario,iperf_tcp,30,10,,ryu_controller,457802,59.2,60637184,18930,123141,142071,216,2131.5461
2026-04-25T09:25:55.532685+00:00,recovery_scenario,iperf_tcp,30,10,,twin_core,457809,0.0,67702784,9402,2248,11650,0,0.0
2026-04-25T09:25:55.532685+00:00,recovery_scenario,iperf_tcp,30,10,,ryu_controller,457802,49.7,60637184,18930,123371,142301,230,2286.2345
2026-04-25T09:25:55.640719+00:00,recovery_scenario,iperf_tcp,30,10,,twin_core,457809,0.0,67702784,9402,2248,11650,0,0.0
2026-04-25T09:25:55.640719+00:00,recovery_scenario,iperf_tcp,30,10,,ryu_controller,457802,55.5,60637184,18930,123578,142508,207,1914.512
2026-04-25T09:25:55.741235+00:00,recovery_scenario,iperf_tcp,30,10,,twin_core,457809,0.0,67702784,9402,2248,11650,0,0.0
2026-04-25T09:25:55.741235+00:00,recovery_scenario,iperf_tcp,30,10,,ryu_controller,457802,49.7,60637184,18930,123710,142640,132,1310.1908
2026-04-25T09:25:55.841956+00:00,recovery_scenario,iperf_tcp,30,10,,twin_core,457809,0.0,67702784,9403,2248,11651,1,9.9384
2026-04-25T09:25:55.841956+00:00,recovery_scenario,iperf_tcp,30,10,,ryu_controller,457802,69.6,60637184,18930,123907,142837,197,1961.023
2026-04-25T09:25:55.942419+00:00,recovery_scenario,iperf_tcp,30,10,,twin_core,457809,0.0,67702784,9403,2248,11651,0,0.0
2026-04-25T09:25:55.942419+00:00,recovery_scenario,iperf_tcp,30,10,,ryu_controller,457802,59.7,60637184,18930,124071,143001,164,1630.1171
2026-04-25T09:25:56.045668+00:00,recovery_scenario,iperf_tcp,30,10,,twin_core,457809,19.4,67702784,9403,2248,11651,0,0.0
2026-04-25T09:25:56.045668+00:00,recovery_scenario,iperf_tcp,30,10,,ryu_controller,457802,48.5,60637184,18941,124203,143144,143,1386.839
2026-04-25T09:25:56.146081+00:00,recovery_scenario,iperf_tcp,30,10,,twin_core,457809,0.0,67702784,9403,2248,11651,0,0.0
2026-04-25T09:25:56.146081+00:00,recovery_scenario,iperf_tcp,30,10,,ryu_controller,457802,10.0,60637184,18954,124261,143215,71,707.438
2026-04-25T09:25:56.247391+00:00,recovery_scenario,iperf_tcp,30,10,,twin_core,457809,0.0,67702784,9403,2251,11654,3,29.5405
2026-04-25T09:25:56.247391+00:00,recovery_scenario,iperf_tcp,30,10,,ryu_controller,457802,9.8,60637184,18967,124272,143239,24,235.9496
2026-04-25T09:25:56.348164+00:00,recovery_scenario,iperf_tcp,30,10,,twin_core,457809,19.9,67702784,9428,2346,11774,120,1191.2894
2026-04-25T09:25:56.348164+00:00,recovery_scenario,iperf_tcp,30,10,,ryu_controller,457802,59.2,60637184,18998,124645,143643,404,3987.0446
2026-04-25T09:25:56.361863+00:00,recovery_scenario,iperf_tcp,30,10,scenario_teardown,,,,,,,,,
2026-04-25T09:25:56.449746+00:00,recovery_scenario,iperf_tcp,30,10,,twin_core,457809,9.8,67702784,9443,2373,11816,42,414.27
2026-04-25T09:25:56.449746+00:00,recovery_scenario,iperf_tcp,30,10,,ryu_controller,457802,19.9,60637184,19021,124678,143699,56,556.4709
2026-04-25T09:25:56.550209+00:00,recovery_scenario,iperf_tcp,30,10,,twin_core,457809,0.0,67702784,9462,2374,11836,20,199.0267
2026-04-25T09:25:56.550209+00:00,recovery_scenario,iperf_tcp,30,10,,ryu_controller,457802,19.9,60637184,19043,124692,143735,36,358.1216
2026-04-25T09:25:56.650872+00:00,recovery_scenario,iperf_tcp,30,10,,twin_core,457809,0.0,67702784,9485,2381,11866,30,298.1456
2026-04-25T09:25:56.650872+00:00,recovery_scenario,iperf_tcp,30,10,,ryu_controller,457802,69.6,60637184,19046,124702,143748,13,129.2392
2026-04-25T09:25:56.751411+00:00,recovery_scenario,iperf_tcp,30,10,,twin_core,457809,0.0,67702784,9485,2381,11866,0,0.0
2026-04-25T09:25:56.751411+00:00,recovery_scenario,iperf_tcp,30,10,,ryu_controller,457802,39.8,60637184,19073,124703,143776,28,278.3049
