timestamp,scenario_name,background_traffic,background_load_percent,repeat_index,event_name,process_name,pid,cpu_percent,rss_bytes
2026-04-24T21:35:26.687946+00:00,recovery_scenario,iperf_tcp,50,1,,twin_core,361501,0.0,68042752
2026-04-24T21:35:26.687946+00:00,recovery_scenario,iperf_tcp,50,1,,ryu_controller,361493,0.0,61358080
2026-04-24T21:35:26.789186+00:00,recovery_scenario,iperf_tcp,50,1,,twin_core,361501,0.0,68042752
2026-04-24T21:35:26.789186+00:00,recovery_scenario,iperf_tcp,50,1,,ryu_controller,361493,49.7,61358080
2026-04-24T21:35:26.889739+00:00,recovery_scenario,iperf_tcp,50,1,,twin_core,361501,9.9,68042752
2026-04-24T21:35:26.889739+00:00,recovery_scenario,iperf_tcp,50,1,,ryu_controller,361493,19.9,61358080
2026-04-24T21:35:26.944454+00:00,recovery_scenario,iperf_tcp,50,1,service_started,,,,
2026-04-24T21:35:26.990230+00:00,recovery_scenario,iperf_tcp,50,1,,twin_core,361501,19.9,68042752
2026-04-24T21:35:26.990230+00:00,recovery_scenario,iperf_tcp,50,1,,ryu_controller,361493,39.8,61358080
2026-04-24T21:35:27.090589+00:00,recovery_scenario,iperf_tcp,50,1,,twin_core,361501,0.0,68042752
2026-04-24T21:35:27.090589+00:00,recovery_scenario,iperf_tcp,50,1,,ryu_controller,361493,19.9,61358080
2026-04-24T21:35:27.191083+00:00,recovery_scenario,iperf_tcp,50,1,,twin_core,361501,0.0,68042752
2026-04-24T21:35:27.191083+00:00,recovery_scenario,iperf_tcp,50,1,,ryu_controller,361493,10.0,61358080
2026-04-24T21:35:27.291521+00:00,recovery_scenario,iperf_tcp,50,1,,twin_core,361501,0.0,68042752
2026-04-24T21:35:27.291521+00:00,recovery_scenario,iperf_tcp,50,1,,ryu_controller,361493,39.8,61358080
2026-04-24T21:35:27.392063+00:00,recovery_scenario,iperf_tcp,50,1,,twin_core,361501,0.0,68042752
2026-04-24T21:35:27.392063+00:00,recovery_scenario,iperf_tcp,50,1,,ryu_controller,361493,10.0,61358080
2026-04-24T21:35:27.492408+00:00,recovery_scenario,iperf_tcp,50,1,,twin_core,361501,0.0,68042752
2026-04-24T21:35:27.492408+00:00,recovery_scenario,iperf_tcp,50,1,,ryu_controller,361493,10.0,61358080
2026-04-24T21:35:27.592994+00:00,recovery_scenario,iperf_tcp,50,1,,twin_core,361501,0.0,68042752
2026-04-24T21:35:27.592994+00:00,recovery_scenario,iperf_tcp,50,1,,ryu_controller,361493,49.7,61358080
2026-04-24T21:35:27.697020+00:00,recovery_scenario,iperf_tcp,50,1,,twin_core,361501,0.0,68042752
2026-04-24T21:35:27.697020+00:00,recovery_scenario,iperf_tcp,50,1,,ryu_controller,361493,9.6,61358080
2026-04-24T21:35:27.797843+00:00,recovery_scenario,iperf_tcp,50,1,,twin_core,361501,0.0,68042752
2026-04-24T21:35:27.797843+00:00,recovery_scenario,iperf_tcp,50,1,,ryu_controller,361493,29.8,61358080
2026-04-24T21:35:27.898309+00:00,recovery_scenario,iperf_tcp,50,1,,twin_core,361501,0.0,68042752
2026-04-24T21:35:27.898309+00:00,recovery_scenario,iperf_tcp,50,1,,ryu_controller,361493,10.0,61358080
2026-04-24T21:35:27.998787+00:00,recovery_scenario,iperf_tcp,50,1,,twin_core,361501,0.0,68042752
2026-04-24T21:35:27.998787+00:00,recovery_scenario,iperf_tcp,50,1,,ryu_controller,361493,19.9,61358080
2026-04-24T21:35:28.099188+00:00,recovery_scenario,iperf_tcp,50,1,,twin_core,361501,0.0,68042752
2026-04-24T21:35:28.099188+00:00,recovery_scenario,iperf_tcp,50,1,,ryu_controller,361493,29.8,61358080
2026-04-24T21:35:28.199731+00:00,recovery_scenario,iperf_tcp,50,1,,twin_core,361501,0.0,68042752
2026-04-24T21:35:28.199731+00:00,recovery_scenario,iperf_tcp,50,1,,ryu_controller,361493,9.9,61358080
2026-04-24T21:35:28.300217+00:00,recovery_scenario,iperf_tcp,50,1,,twin_core,361501,0.0,68042752
2026-04-24T21:35:28.300217+00:00,recovery_scenario,iperf_tcp,50,1,,ryu_controller,361493,19.9,61358080
2026-04-24T21:35:28.402267+00:00,recovery_scenario,iperf_tcp,50,1,,twin_core,361501,9.8,68042752
2026-04-24T21:35:28.402267+00:00,recovery_scenario,iperf_tcp,50,1,,ryu_controller,361493,19.6,61358080
2026-04-24T21:35:28.512381+00:00,recovery_scenario,iperf_tcp,50,1,,twin_core,361501,0.0,68042752
2026-04-24T21:35:28.512381+00:00,recovery_scenario,iperf_tcp,50,1,,ryu_controller,361493,9.1,61358080
2026-04-24T21:35:28.613831+00:00,recovery_scenario,iperf_tcp,50,1,,twin_core,361501,0.0,68042752
2026-04-24T21:35:28.613831+00:00,recovery_scenario,iperf_tcp,50,1,,ryu_controller,361493,29.6,61358080
2026-04-24T21:35:28.714253+00:00,recovery_scenario,iperf_tcp,50,1,,twin_core,361501,0.0,68042752
2026-04-24T21:35:28.714253+00:00,recovery_scenario,iperf_tcp,50,1,,ryu_controller,361493,19.9,61358080
2026-04-24T21:35:28.814633+00:00,recovery_scenario,iperf_tcp,50,1,,twin_core,361501,0.0,68042752
2026-04-24T21:35:28.814633+00:00,recovery_scenario,iperf_tcp,50,1,,ryu_controller,361493,19.9,61358080
2026-04-24T21:35:28.915101+00:00,recovery_scenario,iperf_tcp,50,1,,twin_core,361501,0.0,68042752
2026-04-24T21:35:28.915101+00:00,recovery_scenario,iperf_tcp,50,1,,ryu_controller,361493,10.0,61358080
2026-04-24T21:35:29.017368+00:00,recovery_scenario,iperf_tcp,50,1,,twin_core,361501,9.8,68042752
2026-04-24T21:35:29.017368+00:00,recovery_scenario,iperf_tcp,50,1,,ryu_controller,361493,19.6,61358080
2026-04-24T21:35:29.117775+00:00,recovery_scenario,iperf_tcp,50,1,,twin_core,361501,0.0,68042752
2026-04-24T21:35:29.117775+00:00,recovery_scenario,iperf_tcp,50,1,,ryu_controller,361493,39.8,61358080
2026-04-24T21:35:29.218227+00:00,recovery_scenario,iperf_tcp,50,1,,twin_core,361501,0.0,68042752
2026-04-24T21:35:29.218227+00:00,recovery_scenario,iperf_tcp,50,1,,ryu_controller,361493,10.0,61358080
2026-04-24T21:35:29.319373+00:00,recovery_scenario,iperf_tcp,50,1,,twin_core,361501,0.0,68042752
2026-04-24T21:35:29.319373+00:00,recovery_scenario,iperf_tcp,50,1,,ryu_controller,361493,9.9,61358080
2026-04-24T21:35:29.422527+00:00,recovery_scenario,iperf_tcp,50,1,,twin_core,361501,0.0,68042752
2026-04-24T21:35:29.422527+00:00,recovery_scenario,iperf_tcp,50,1,,ryu_controller,361493,9.7,61358080
2026-04-24T21:35:29.523065+00:00,recovery_scenario,iperf_tcp,50,1,,twin_core,361501,9.9,68042752
2026-04-24T21:35:29.523065+00:00,recovery_scenario,iperf_tcp,50,1,,ryu_controller,361493,10.0,61358080
2026-04-24T21:35:29.623527+00:00,recovery_scenario,iperf_tcp,50,1,,twin_core,361501,0.0,68042752
2026-04-24T21:35:29.623527+00:00,recovery_scenario,iperf_tcp,50,1,,ryu_controller,361493,49.7,61358080
2026-04-24T21:35:29.726564+00:00,recovery_scenario,iperf_tcp,50,1,,twin_core,361501,0.0,68042752
2026-04-24T21:35:29.726564+00:00,recovery_scenario,iperf_tcp,50,1,,ryu_controller,361493,0.0,61358080
2026-04-24T21:35:29.827022+00:00,recovery_scenario,iperf_tcp,50,1,,twin_core,361501,0.0,68042752
2026-04-24T21:35:29.827022+00:00,recovery_scenario,iperf_tcp,50,1,,ryu_controller,361493,19.9,61358080
2026-04-24T21:35:29.929054+00:00,recovery_scenario,iperf_tcp,50,1,,twin_core,361501,0.0,68042752
2026-04-24T21:35:29.929054+00:00,recovery_scenario,iperf_tcp,50,1,,ryu_controller,361493,9.8,61358080
2026-04-24T21:35:30.030009+00:00,recovery_scenario,iperf_tcp,50,1,,twin_core,361501,0.0,68042752
2026-04-24T21:35:30.030009+00:00,recovery_scenario,iperf_tcp,50,1,,ryu_controller,361493,9.9,61358080
2026-04-24T21:35:30.130817+00:00,recovery_scenario,iperf_tcp,50,1,,twin_core,361501,0.0,68042752
2026-04-24T21:35:30.130817+00:00,recovery_scenario,iperf_tcp,50,1,,ryu_controller,361493,9.9,61358080
2026-04-24T21:35:30.231343+00:00,recovery_scenario,iperf_tcp,50,1,,twin_core,361501,0.0,68042752
2026-04-24T21:35:30.231343+00:00,recovery_scenario,iperf_tcp,50,1,,ryu_controller,361493,0.0,61358080
2026-04-24T21:35:30.331809+00:00,recovery_scenario,iperf_tcp,50,1,,twin_core,361501,0.0,68042752
2026-04-24T21:35:30.331809+00:00,recovery_scenario,iperf_tcp,50,1,,ryu_controller,361493,10.0,61358080
2026-04-24T21:35:30.435512+00:00,recovery_scenario,iperf_tcp,50,1,,twin_core,361501,0.0,68042752
2026-04-24T21:35:30.435512+00:00,recovery_scenario,iperf_tcp,50,1,,ryu_controller,361493,9.6,61358080
2026-04-24T21:35:30.536049+00:00,recovery_scenario,iperf_tcp,50,1,,twin_core,361501,0.0,68042752
2026-04-24T21:35:30.536049+00:00,recovery_scenario,iperf_tcp,50,1,,ryu_controller,361493,10.0,61358080
2026-04-24T21:35:30.636429+00:00,recovery_scenario,iperf_tcp,50,1,,twin_core,361501,0.0,68042752
2026-04-24T21:35:30.636429+00:00,recovery_scenario,iperf_tcp,50,1,,ryu_controller,361493,19.9,61358080
2026-04-24T21:35:30.736988+00:00,recovery_scenario,iperf_tcp,50,1,,twin_core,361501,0.0,68042752
2026-04-24T21:35:30.736988+00:00,recovery_scenario,iperf_tcp,50,1,,ryu_controller,361493,0.0,61358080
2026-04-24T21:35:30.837439+00:00,recovery_scenario,iperf_tcp,50,1,,twin_core,361501,0.0,68042752
2026-04-24T21:35:30.837439+00:00,recovery_scenario,iperf_tcp,50,1,,ryu_controller,361493,10.0,61358080
2026-04-24T21:35:30.938073+00:00,recovery_scenario,iperf_tcp,50,1,,twin_core,361501,9.9,68042752
2026-04-24T21:35:30.938073+00:00,recovery_scenario,iperf_tcp,50,1,,ryu_controller,361493,9.9,61358080
2026-04-24T21:35:31.038808+00:00,recovery_scenario,iperf_tcp,50,1,,twin_core,361501,0.0,68042752
2026-04-24T21:35:31.038808+00:00,recovery_scenario,iperf_tcp,50,1,,ryu_controller,361493,9.9,61358080
2026-04-24T21:35:31.139227+00:00,recovery_scenario,iperf_tcp,50,1,,twin_core,361501,19.9,68042752
2026-04-24T21:35:31.139227+00:00,recovery_scenario,iperf_tcp,50,1,,ryu_controller,361493,69.7,61358080
2026-04-24T21:35:31.239736+00:00,recovery_scenario,iperf_tcp,50,1,,twin_core,361501,0.0,68042752
2026-04-24T21:35:31.239736+00:00,recovery_scenario,iperf_tcp,50,1,,ryu_controller,361493,10.0,61358080
2026-04-24T21:35:31.340813+00:00,recovery_scenario,iperf_tcp,50,1,,twin_core,361501,0.0,68042752
2026-04-24T21:35:31.340813+00:00,recovery_scenario,iperf_tcp,50,1,,ryu_controller,361493,19.8,61358080
2026-04-24T21:35:31.441314+00:00,recovery_scenario,iperf_tcp,50,1,,twin_core,361501,0.0,68042752
2026-04-24T21:35:31.441314+00:00,recovery_scenario,iperf_tcp,50,1,,ryu_controller,361493,10.0,61358080
2026-04-24T21:35:31.541819+00:00,recovery_scenario,iperf_tcp,50,1,,twin_core,361501,0.0,68042752
2026-04-24T21:35:31.541819+00:00,recovery_scenario,iperf_tcp,50,1,,ryu_controller,361493,9.9,61358080
2026-04-24T21:35:31.642393+00:00,recovery_scenario,iperf_tcp,50,1,,twin_core,361501,9.9,68042752
2026-04-24T21:35:31.642393+00:00,recovery_scenario,iperf_tcp,50,1,,ryu_controller,361493,19.9,61358080
2026-04-24T21:35:31.743001+00:00,recovery_scenario,iperf_tcp,50,1,,twin_core,361501,0.0,68042752
2026-04-24T21:35:31.743001+00:00,recovery_scenario,iperf_tcp,50,1,,ryu_controller,361493,79.5,61358080
2026-04-24T21:35:31.843508+00:00,recovery_scenario,iperf_tcp,50,1,,twin_core,361501,0.0,68042752
2026-04-24T21:35:31.843508+00:00,recovery_scenario,iperf_tcp,50,1,,ryu_controller,361493,19.9,61358080
2026-04-24T21:35:31.943910+00:00,recovery_scenario,iperf_tcp,50,1,,twin_core,361501,0.0,68042752
2026-04-24T21:35:31.943910+00:00,recovery_scenario,iperf_tcp,50,1,,ryu_controller,361493,0.0,61358080
2026-04-24T21:35:32.044351+00:00,recovery_scenario,iperf_tcp,50,1,,twin_core,361501,0.0,68042752
2026-04-24T21:35:32.044351+00:00,recovery_scenario,iperf_tcp,50,1,,ryu_controller,361493,19.9,61358080
2026-04-24T21:35:32.144692+00:00,recovery_scenario,iperf_tcp,50,1,,twin_core,361501,0.0,68042752
2026-04-24T21:35:32.144692+00:00,recovery_scenario,iperf_tcp,50,1,,ryu_controller,361493,10.0,61358080
2026-04-24T21:35:32.245172+00:00,recovery_scenario,iperf_tcp,50,1,,twin_core,361501,0.0,68042752
2026-04-24T21:35:32.245172+00:00,recovery_scenario,iperf_tcp,50,1,,ryu_controller,361493,9.9,61358080
2026-04-24T21:35:32.348006+00:00,recovery_scenario,iperf_tcp,50,1,,twin_core,361501,0.0,68042752
2026-04-24T21:35:32.348006+00:00,recovery_scenario,iperf_tcp,50,1,,ryu_controller,361493,0.0,61358080
2026-04-24T21:35:32.448454+00:00,recovery_scenario,iperf_tcp,50,1,,twin_core,361501,0.0,68042752
2026-04-24T21:35:32.448454+00:00,recovery_scenario,iperf_tcp,50,1,,ryu_controller,361493,10.0,61358080
2026-04-24T21:35:32.552846+00:00,recovery_scenario,iperf_tcp,50,1,,twin_core,361501,9.6,68042752
2026-04-24T21:35:32.552846+00:00,recovery_scenario,iperf_tcp,50,1,,ryu_controller,361493,19.1,61358080
2026-04-24T21:35:32.654742+00:00,recovery_scenario,iperf_tcp,50,1,,twin_core,361501,0.0,68042752
2026-04-24T21:35:32.654742+00:00,recovery_scenario,iperf_tcp,50,1,,ryu_controller,361493,0.0,61358080
2026-04-24T21:35:32.762155+00:00,recovery_scenario,iperf_tcp,50,1,,twin_core,361501,0.0,68042752
2026-04-24T21:35:32.762155+00:00,recovery_scenario,iperf_tcp,50,1,,ryu_controller,361493,0.0,61358080
2026-04-24T21:35:32.851581+00:00,recovery_scenario,iperf_tcp,50,1,pingall_completed,,,,
2026-04-24T21:35:32.864899+00:00,recovery_scenario,iperf_tcp,50,1,,twin_core,361501,0.0,68042752
2026-04-24T21:35:32.864899+00:00,recovery_scenario,iperf_tcp,50,1,,ryu_controller,361493,0.0,61358080
2026-04-24T21:35:32.965459+00:00,recovery_scenario,iperf_tcp,50,1,,twin_core,361501,0.0,68042752
2026-04-24T21:35:32.965459+00:00,recovery_scenario,iperf_tcp,50,1,,ryu_controller,361493,9.9,61358080
2026-04-24T21:35:33.065975+00:00,recovery_scenario,iperf_tcp,50,1,,twin_core,361501,0.0,68042752
2026-04-24T21:35:33.065975+00:00,recovery_scenario,iperf_tcp,50,1,,ryu_controller,361493,9.9,61358080
2026-04-24T21:35:33.167789+00:00,recovery_scenario,iperf_tcp,50,1,,twin_core,361501,0.0,68042752
2026-04-24T21:35:33.167789+00:00,recovery_scenario,iperf_tcp,50,1,,ryu_controller,361493,9.8,61358080
2026-04-24T21:35:33.275077+00:00,recovery_scenario,iperf_tcp,50,1,,twin_core,361501,18.6,68046848
2026-04-24T21:35:33.275077+00:00,recovery_scenario,iperf_tcp,50,1,,ryu_controller,361493,74.5,61362176
2026-04-24T21:35:33.376692+00:00,recovery_scenario,iperf_tcp,50,1,,twin_core,361501,0.0,68046848
2026-04-24T21:35:33.376692+00:00,recovery_scenario,iperf_tcp,50,1,,ryu_controller,361493,0.0,61362176
2026-04-24T21:35:33.478671+00:00,recovery_scenario,iperf_tcp,50,1,,twin_core,361501,0.0,68046848
2026-04-24T21:35:33.478671+00:00,recovery_scenario,iperf_tcp,50,1,,ryu_controller,361493,9.8,61362176
2026-04-24T21:35:33.585540+00:00,recovery_scenario,iperf_tcp,50,1,,twin_core,361501,9.4,68046848
2026-04-24T21:35:33.585540+00:00,recovery_scenario,iperf_tcp,50,1,,ryu_controller,361493,0.0,61362176
2026-04-24T21:35:33.696100+00:00,recovery_scenario,iperf_tcp,50,1,,twin_core,361501,0.0,68046848
2026-04-24T21:35:33.696100+00:00,recovery_scenario,iperf_tcp,50,1,,ryu_controller,361493,0.0,61362176
2026-04-24T21:35:33.797122+00:00,recovery_scenario,iperf_tcp,50,1,,twin_core,361501,0.0,68046848
2026-04-24T21:35:33.797122+00:00,recovery_scenario,iperf_tcp,50,1,,ryu_controller,361493,69.5,61370368
2026-04-24T21:35:33.897734+00:00,recovery_scenario,iperf_tcp,50,1,,twin_core,361501,0.0,68046848
2026-04-24T21:35:33.897734+00:00,recovery_scenario,iperf_tcp,50,1,,ryu_controller,361493,19.9,61394944
2026-04-24T21:35:33.998134+00:00,recovery_scenario,iperf_tcp,50,1,,twin_core,361501,0.0,68046848
2026-04-24T21:35:33.998134+00:00,recovery_scenario,iperf_tcp,50,1,,ryu_controller,361493,0.0,61394944
2026-04-24T21:35:34.098627+00:00,recovery_scenario,iperf_tcp,50,1,,twin_core,361501,0.0,68046848
2026-04-24T21:35:34.098627+00:00,recovery_scenario,iperf_tcp,50,1,,ryu_controller,361493,9.9,61394944
2026-04-24T21:35:34.199186+00:00,recovery_scenario,iperf_tcp,50,1,,twin_core,361501,0.0,68046848
2026-04-24T21:35:34.199186+00:00,recovery_scenario,iperf_tcp,50,1,,ryu_controller,361493,0.0,61394944
2026-04-24T21:35:34.299984+00:00,recovery_scenario,iperf_tcp,50,1,,twin_core,361501,0.0,68046848
2026-04-24T21:35:34.299984+00:00,recovery_scenario,iperf_tcp,50,1,,ryu_controller,361493,0.0,61394944
2026-04-24T21:35:34.401090+00:00,recovery_scenario,iperf_tcp,50,1,,twin_core,361501,0.0,68046848
2026-04-24T21:35:34.401090+00:00,recovery_scenario,iperf_tcp,50,1,,ryu_controller,361493,0.0,61394944
2026-04-24T21:35:34.502359+00:00,recovery_scenario,iperf_tcp,50,1,,twin_core,361501,0.0,68046848
2026-04-24T21:35:34.502359+00:00,recovery_scenario,iperf_tcp,50,1,,ryu_controller,361493,0.0,61394944
2026-04-24T21:35:34.603791+00:00,recovery_scenario,iperf_tcp,50,1,,twin_core,361501,0.0,68046848
2026-04-24T21:35:34.603791+00:00,recovery_scenario,iperf_tcp,50,1,,ryu_controller,361493,9.9,61394944
2026-04-24T21:35:34.704919+00:00,recovery_scenario,iperf_tcp,50,1,,twin_core,361501,0.0,68046848
2026-04-24T21:35:34.704919+00:00,recovery_scenario,iperf_tcp,50,1,,ryu_controller,361493,0.0,61394944
2026-04-24T21:35:34.806557+00:00,recovery_scenario,iperf_tcp,50,1,,twin_core,361501,0.0,68046848
2026-04-24T21:35:34.806557+00:00,recovery_scenario,iperf_tcp,50,1,,ryu_controller,361493,0.0,61394944
2026-04-24T21:35:34.868995+00:00,recovery_scenario,iperf_tcp,50,1,background_traffic_started,,,,
2026-04-24T21:35:34.907947+00:00,recovery_scenario,iperf_tcp,50,1,,twin_core,361501,9.9,68046848
2026-04-24T21:35:34.907947+00:00,recovery_scenario,iperf_tcp,50,1,,ryu_controller,361493,9.9,61394944
2026-04-24T21:35:35.008350+00:00,recovery_scenario,iperf_tcp,50,1,,twin_core,361501,0.0,68046848
2026-04-24T21:35:35.008350+00:00,recovery_scenario,iperf_tcp,50,1,,ryu_controller,361493,49.4,61394944
2026-04-24T21:35:35.037685+00:00,recovery_scenario,iperf_tcp,50,1,fault_injected,,,,
2026-04-24T21:35:35.109547+00:00,recovery_scenario,iperf_tcp,50,1,,twin_core,361501,9.9,68046848
2026-04-24T21:35:35.109547+00:00,recovery_scenario,iperf_tcp,50,1,,ryu_controller,361493,59.7,61394944
2026-04-24T21:35:35.209998+00:00,recovery_scenario,iperf_tcp,50,1,,twin_core,361501,0.0,68046848
2026-04-24T21:35:35.209998+00:00,recovery_scenario,iperf_tcp,50,1,,ryu_controller,361493,69.7,61394944
2026-04-24T21:35:35.310782+00:00,recovery_scenario,iperf_tcp,50,1,,twin_core,361501,0.0,68046848
2026-04-24T21:35:35.310782+00:00,recovery_scenario,iperf_tcp,50,1,,ryu_controller,361493,99.3,61394944
2026-04-24T21:35:35.411184+00:00,recovery_scenario,iperf_tcp,50,1,,twin_core,361501,0.0,68046848
2026-04-24T21:35:35.411184+00:00,recovery_scenario,iperf_tcp,50,1,,ryu_controller,361493,89.6,61394944
2026-04-24T21:35:35.511842+00:00,recovery_scenario,iperf_tcp,50,1,,twin_core,361501,0.0,68046848
2026-04-24T21:35:35.511842+00:00,recovery_scenario,iperf_tcp,50,1,,ryu_controller,361493,109.2,61394944
2026-04-24T21:35:35.613030+00:00,recovery_scenario,iperf_tcp,50,1,,twin_core,361501,9.9,68046848
2026-04-24T21:35:35.613030+00:00,recovery_scenario,iperf_tcp,50,1,,ryu_controller,361493,88.8,61394944
2026-04-24T21:35:35.713741+00:00,recovery_scenario,iperf_tcp,50,1,,twin_core,361501,0.0,68046848
2026-04-24T21:35:35.713741+00:00,recovery_scenario,iperf_tcp,50,1,,ryu_controller,361493,109.2,61394944
2026-04-24T21:35:35.814638+00:00,recovery_scenario,iperf_tcp,50,1,,twin_core,361501,0.0,68046848
2026-04-24T21:35:35.814638+00:00,recovery_scenario,iperf_tcp,50,1,,ryu_controller,361493,97.9,61394944
2026-04-24T21:35:35.916754+00:00,recovery_scenario,iperf_tcp,50,1,,twin_core,361501,0.0,68046848
2026-04-24T21:35:35.916754+00:00,recovery_scenario,iperf_tcp,50,1,,ryu_controller,361493,99.3,61394944
2026-04-24T21:35:36.017364+00:00,recovery_scenario,iperf_tcp,50,1,,twin_core,361501,0.0,68046848
2026-04-24T21:35:36.017364+00:00,recovery_scenario,iperf_tcp,50,1,,ryu_controller,361493,98.7,61394944
2026-04-24T21:35:36.119446+00:00,recovery_scenario,iperf_tcp,50,1,,twin_core,361501,0.0,68046848
2026-04-24T21:35:36.119446+00:00,recovery_scenario,iperf_tcp,50,1,,ryu_controller,361493,98.4,61394944
2026-04-24T21:35:36.220092+00:00,recovery_scenario,iperf_tcp,50,1,,twin_core,361501,0.0,68046848
2026-04-24T21:35:36.220092+00:00,recovery_scenario,iperf_tcp,50,1,,ryu_controller,361493,89.0,61394944
2026-04-24T21:35:36.321235+00:00,recovery_scenario,iperf_tcp,50,1,,twin_core,361501,0.0,68046848
2026-04-24T21:35:36.321235+00:00,recovery_scenario,iperf_tcp,50,1,,ryu_controller,361493,89.6,61394944
2026-04-24T21:35:36.421807+00:00,recovery_scenario,iperf_tcp,50,1,,twin_core,361501,9.9,68046848
2026-04-24T21:35:36.421807+00:00,recovery_scenario,iperf_tcp,50,1,,ryu_controller,361493,89.5,61394944
2026-04-24T21:35:36.522172+00:00,recovery_scenario,iperf_tcp,50,1,,twin_core,361501,0.0,68046848
2026-04-24T21:35:36.522172+00:00,recovery_scenario,iperf_tcp,50,1,,ryu_controller,361493,89.1,61394944
2026-04-24T21:35:36.624830+00:00,recovery_scenario,iperf_tcp,50,1,,twin_core,361501,19.5,68046848
2026-04-24T21:35:36.624830+00:00,recovery_scenario,iperf_tcp,50,1,,ryu_controller,361493,78.4,61394944
2026-04-24T21:35:36.668684+00:00,recovery_scenario,iperf_tcp,50,1,recovery_requested,,,,
2026-04-24T21:35:36.725193+00:00,recovery_scenario,iperf_tcp,50,1,,twin_core,361501,10.0,68046848
2026-04-24T21:35:36.725193+00:00,recovery_scenario,iperf_tcp,50,1,,ryu_controller,361493,49.8,61394944
2026-04-24T21:35:36.825557+00:00,recovery_scenario,iperf_tcp,50,1,,twin_core,361501,0.0,68046848
2026-04-24T21:35:36.825557+00:00,recovery_scenario,iperf_tcp,50,1,,ryu_controller,361493,79.6,61394944
2026-04-24T21:35:36.926066+00:00,recovery_scenario,iperf_tcp,50,1,,twin_core,361501,0.0,68046848
2026-04-24T21:35:36.926066+00:00,recovery_scenario,iperf_tcp,50,1,,ryu_controller,361493,99.6,61394944
2026-04-24T21:35:37.026420+00:00,recovery_scenario,iperf_tcp,50,1,,twin_core,361501,0.0,68046848
2026-04-24T21:35:37.026420+00:00,recovery_scenario,iperf_tcp,50,1,,ryu_controller,361493,89.7,61394944
2026-04-24T21:35:37.128759+00:00,recovery_scenario,iperf_tcp,50,1,,twin_core,361501,0.0,68046848
2026-04-24T21:35:37.128759+00:00,recovery_scenario,iperf_tcp,50,1,,ryu_controller,361493,97.7,61394944
2026-04-24T21:35:37.229146+00:00,recovery_scenario,iperf_tcp,50,1,,twin_core,361501,0.0,68046848
2026-04-24T21:35:37.229146+00:00,recovery_scenario,iperf_tcp,50,1,,ryu_controller,361493,99.6,61394944
2026-04-24T21:35:37.329694+00:00,recovery_scenario,iperf_tcp,50,1,,twin_core,361501,0.0,68046848
2026-04-24T21:35:37.329694+00:00,recovery_scenario,iperf_tcp,50,1,,ryu_controller,361493,89.2,61394944
2026-04-24T21:35:37.430790+00:00,recovery_scenario,iperf_tcp,50,1,,twin_core,361501,0.0,68046848
2026-04-24T21:35:37.430790+00:00,recovery_scenario,iperf_tcp,50,1,,ryu_controller,361493,108.9,61394944
2026-04-24T21:35:37.531671+00:00,recovery_scenario,iperf_tcp,50,1,,twin_core,361501,0.0,68046848
2026-04-24T21:35:37.531671+00:00,recovery_scenario,iperf_tcp,50,1,,ryu_controller,361493,99.2,61394944
2026-04-24T21:35:37.632312+00:00,recovery_scenario,iperf_tcp,50,1,,twin_core,361501,0.0,68046848
2026-04-24T21:35:37.632312+00:00,recovery_scenario,iperf_tcp,50,1,,ryu_controller,361493,99.5,61394944
2026-04-24T21:35:37.733011+00:00,recovery_scenario,iperf_tcp,50,1,,twin_core,361501,0.0,68046848
2026-04-24T21:35:37.733011+00:00,recovery_scenario,iperf_tcp,50,1,,ryu_controller,361493,89.4,61394944
2026-04-24T21:35:37.833859+00:00,recovery_scenario,iperf_tcp,50,1,,twin_core,361501,0.0,68046848
2026-04-24T21:35:37.833859+00:00,recovery_scenario,iperf_tcp,50,1,,ryu_controller,361493,99.2,61394944
2026-04-24T21:35:37.934352+00:00,recovery_scenario,iperf_tcp,50,1,,twin_core,361501,0.0,68046848
2026-04-24T21:35:37.934352+00:00,recovery_scenario,iperf_tcp,50,1,,ryu_controller,361493,19.9,61394944
2026-04-24T21:35:38.035229+00:00,recovery_scenario,iperf_tcp,50,1,,twin_core,361501,0.0,68046848
2026-04-24T21:35:38.035229+00:00,recovery_scenario,iperf_tcp,50,1,,ryu_controller,361493,0.0,61394944
2026-04-24T21:35:38.135844+00:00,recovery_scenario,iperf_tcp,50,1,,twin_core,361501,0.0,68046848
2026-04-24T21:35:38.135844+00:00,recovery_scenario,iperf_tcp,50,1,,ryu_controller,361493,9.9,61394944
2026-04-24T21:35:38.236366+00:00,recovery_scenario,iperf_tcp,50,1,,twin_core,361501,0.0,68046848
2026-04-24T21:35:38.236366+00:00,recovery_scenario,iperf_tcp,50,1,,ryu_controller,361493,0.0,61394944
2026-04-24T21:35:38.337083+00:00,recovery_scenario,iperf_tcp,50,1,,twin_core,361501,0.0,68046848
2026-04-24T21:35:38.337083+00:00,recovery_scenario,iperf_tcp,50,1,,ryu_controller,361493,0.0,61394944
2026-04-24T21:35:38.437522+00:00,recovery_scenario,iperf_tcp,50,1,,twin_core,361501,0.0,68046848
2026-04-24T21:35:38.437522+00:00,recovery_scenario,iperf_tcp,50,1,,ryu_controller,361493,9.9,61394944
2026-04-24T21:35:38.538444+00:00,recovery_scenario,iperf_tcp,50,1,,twin_core,361501,0.0,68046848
2026-04-24T21:35:38.538444+00:00,recovery_scenario,iperf_tcp,50,1,,ryu_controller,361493,0.0,61394944
2026-04-24T21:35:38.638971+00:00,recovery_scenario,iperf_tcp,50,1,,twin_core,361501,10.0,68046848
2026-04-24T21:35:38.638971+00:00,recovery_scenario,iperf_tcp,50,1,,ryu_controller,361493,69.8,61394944
2026-04-24T21:35:38.739381+00:00,recovery_scenario,iperf_tcp,50,1,,twin_core,361501,19.9,68046848
2026-04-24T21:35:38.739381+00:00,recovery_scenario,iperf_tcp,50,1,,ryu_controller,361493,59.7,61394944
2026-04-24T21:35:38.840065+00:00,recovery_scenario,iperf_tcp,50,1,,twin_core,361501,0.0,68046848
2026-04-24T21:35:38.840065+00:00,recovery_scenario,iperf_tcp,50,1,,ryu_controller,361493,9.9,61394944
2026-04-24T21:35:38.940673+00:00,recovery_scenario,iperf_tcp,50,1,,twin_core,361501,0.0,68046848
2026-04-24T21:35:38.940673+00:00,recovery_scenario,iperf_tcp,50,1,,ryu_controller,361493,0.0,61394944
2026-04-24T21:35:39.041231+00:00,recovery_scenario,iperf_tcp,50,1,,twin_core,361501,0.0,68046848
2026-04-24T21:35:39.041231+00:00,recovery_scenario,iperf_tcp,50,1,,ryu_controller,361493,0.0,61394944
2026-04-24T21:35:39.141987+00:00,recovery_scenario,iperf_tcp,50,1,,twin_core,361501,0.0,68046848
2026-04-24T21:35:39.141987+00:00,recovery_scenario,iperf_tcp,50,1,,ryu_controller,361493,9.9,61394944
2026-04-24T21:35:39.242676+00:00,recovery_scenario,iperf_tcp,50,1,,twin_core,361501,9.9,68046848
2026-04-24T21:35:39.242676+00:00,recovery_scenario,iperf_tcp,50,1,,ryu_controller,361493,49.7,61394944
2026-04-24T21:35:39.268192+00:00,recovery_scenario,iperf_tcp,50,1,scenario_teardown,,,,
2026-04-24T21:35:39.343922+00:00,recovery_scenario,iperf_tcp,50,1,,twin_core,361501,9.9,68046848
2026-04-24T21:35:39.343922+00:00,recovery_scenario,iperf_tcp,50,1,,ryu_controller,361493,19.7,61394944
2026-04-24T21:35:39.444545+00:00,recovery_scenario,iperf_tcp,50,1,,twin_core,361501,9.9,68046848
2026-04-24T21:35:39.444545+00:00,recovery_scenario,iperf_tcp,50,1,,ryu_controller,361493,9.9,61394944
2026-04-24T21:35:39.545022+00:00,recovery_scenario,iperf_tcp,50,1,,twin_core,361501,0.0,68046848
2026-04-24T21:35:39.545022+00:00,recovery_scenario,iperf_tcp,50,1,,ryu_controller,361493,10.0,61394944
2026-04-24T21:35:39.646033+00:00,recovery_scenario,iperf_tcp,50,1,,twin_core,361501,0.0,68046848
2026-04-24T21:35:39.646033+00:00,recovery_scenario,iperf_tcp,50,1,,ryu_controller,361493,9.9,61394944
2026-04-24T21:35:39.746607+00:00,recovery_scenario,iperf_tcp,50,1,,twin_core,361501,0.0,68046848
2026-04-24T21:35:39.746607+00:00,recovery_scenario,iperf_tcp,50,1,,ryu_controller,361493,9.9,61394944
2026-04-24T21:35:40.215687+00:00,recovery_scenario,iperf_tcp,50,2,,twin_core,361501,0.0,68046848
2026-04-24T21:35:40.215687+00:00,recovery_scenario,iperf_tcp,50,2,,ryu_controller,361493,0.0,61394944
2026-04-24T21:35:40.336658+00:00,recovery_scenario,iperf_tcp,50,2,,twin_core,361501,8.1,68046848
2026-04-24T21:35:40.336658+00:00,recovery_scenario,iperf_tcp,50,2,,ryu_controller,361493,16.2,61394944
2026-04-24T21:35:40.441446+00:00,recovery_scenario,iperf_tcp,50,2,,twin_core,361501,0.0,68046848
2026-04-24T21:35:40.441446+00:00,recovery_scenario,iperf_tcp,50,2,,ryu_controller,361493,69.4,61394944
2026-04-24T21:35:40.541990+00:00,recovery_scenario,iperf_tcp,50,2,,twin_core,361501,9.9,68046848
2026-04-24T21:35:40.541990+00:00,recovery_scenario,iperf_tcp,50,2,,ryu_controller,361493,9.9,61394944
2026-04-24T21:35:40.551871+00:00,recovery_scenario,iperf_tcp,50,2,service_started,,,,
2026-04-24T21:35:40.642353+00:00,recovery_scenario,iperf_tcp,50,2,,twin_core,361501,10.0,68046848
2026-04-24T21:35:40.642353+00:00,recovery_scenario,iperf_tcp,50,2,,ryu_controller,361493,39.9,61394944
2026-04-24T21:35:40.742833+00:00,recovery_scenario,iperf_tcp,50,2,,twin_core,361501,0.0,68046848
2026-04-24T21:35:40.742833+00:00,recovery_scenario,iperf_tcp,50,2,,ryu_controller,361493,49.8,61394944
2026-04-24T21:35:40.843194+00:00,recovery_scenario,iperf_tcp,50,2,,twin_core,361501,0.0,68046848
2026-04-24T21:35:40.843194+00:00,recovery_scenario,iperf_tcp,50,2,,ryu_controller,361493,29.9,61394944
2026-04-24T21:35:40.945905+00:00,recovery_scenario,iperf_tcp,50,2,,twin_core,361501,9.7,68046848
2026-04-24T21:35:40.945905+00:00,recovery_scenario,iperf_tcp,50,2,,ryu_controller,361493,29.2,61394944
2026-04-24T21:35:41.046362+00:00,recovery_scenario,iperf_tcp,50,2,,twin_core,361501,0.0,68046848
2026-04-24T21:35:41.046362+00:00,recovery_scenario,iperf_tcp,50,2,,ryu_controller,361493,19.9,61394944
2026-04-24T21:35:41.147134+00:00,recovery_scenario,iperf_tcp,50,2,,twin_core,361501,0.0,68046848
2026-04-24T21:35:41.147134+00:00,recovery_scenario,iperf_tcp,50,2,,ryu_controller,361493,0.0,61394944
2026-04-24T21:35:41.248992+00:00,recovery_scenario,iperf_tcp,50,2,,twin_core,361501,0.0,68046848
2026-04-24T21:35:41.248992+00:00,recovery_scenario,iperf_tcp,50,2,,ryu_controller,361493,19.6,61394944
2026-04-24T21:35:41.358803+00:00,recovery_scenario,iperf_tcp,50,2,,twin_core,361501,0.0,68046848
2026-04-24T21:35:41.358803+00:00,recovery_scenario,iperf_tcp,50,2,,ryu_controller,361493,9.1,61394944
2026-04-24T21:35:41.459188+00:00,recovery_scenario,iperf_tcp,50,2,,twin_core,361501,10.0,68046848
2026-04-24T21:35:41.459188+00:00,recovery_scenario,iperf_tcp,50,2,,ryu_controller,361493,10.0,61394944
2026-04-24T21:35:41.559560+00:00,recovery_scenario,iperf_tcp,50,2,,twin_core,361501,0.0,68046848
2026-04-24T21:35:41.559560+00:00,recovery_scenario,iperf_tcp,50,2,,ryu_controller,361493,29.9,61394944
2026-04-24T21:35:41.660022+00:00,recovery_scenario,iperf_tcp,50,2,,twin_core,361501,0.0,68046848
2026-04-24T21:35:41.660022+00:00,recovery_scenario,iperf_tcp,50,2,,ryu_controller,361493,19.9,61394944
2026-04-24T21:35:41.760397+00:00,recovery_scenario,iperf_tcp,50,2,,twin_core,361501,0.0,68046848
2026-04-24T21:35:41.760397+00:00,recovery_scenario,iperf_tcp,50,2,,ryu_controller,361493,19.9,61394944
2026-04-24T21:35:41.860774+00:00,recovery_scenario,iperf_tcp,50,2,,twin_core,361501,0.0,68046848
2026-04-24T21:35:41.860774+00:00,recovery_scenario,iperf_tcp,50,2,,ryu_controller,361493,19.9,61394944
2026-04-24T21:35:41.968862+00:00,recovery_scenario,iperf_tcp,50,2,,twin_core,361501,0.0,68046848
2026-04-24T21:35:41.968862+00:00,recovery_scenario,iperf_tcp,50,2,,ryu_controller,361493,18.5,61394944
2026-04-24T21:35:42.077383+00:00,recovery_scenario,iperf_tcp,50,2,,twin_core,361501,0.0,68046848
2026-04-24T21:35:42.077383+00:00,recovery_scenario,iperf_tcp,50,2,,ryu_controller,361493,18.4,61394944
2026-04-24T21:35:42.177748+00:00,recovery_scenario,iperf_tcp,50,2,,twin_core,361501,0.0,68046848
2026-04-24T21:35:42.177748+00:00,recovery_scenario,iperf_tcp,50,2,,ryu_controller,361493,19.9,61394944
2026-04-24T21:35:42.278116+00:00,recovery_scenario,iperf_tcp,50,2,,twin_core,361501,0.0,68046848
2026-04-24T21:35:42.278116+00:00,recovery_scenario,iperf_tcp,50,2,,ryu_controller,361493,19.9,61394944
2026-04-24T21:35:42.378734+00:00,recovery_scenario,iperf_tcp,50,2,,twin_core,361501,0.0,68046848
2026-04-24T21:35:42.378734+00:00,recovery_scenario,iperf_tcp,50,2,,ryu_controller,361493,9.9,61394944
2026-04-24T21:35:42.480481+00:00,recovery_scenario,iperf_tcp,50,2,,twin_core,361501,0.0,68046848
2026-04-24T21:35:42.480481+00:00,recovery_scenario,iperf_tcp,50,2,,ryu_controller,361493,9.8,61394944
2026-04-24T21:35:42.581615+00:00,recovery_scenario,iperf_tcp,50,2,,twin_core,361501,0.0,68046848
2026-04-24T21:35:42.581615+00:00,recovery_scenario,iperf_tcp,50,2,,ryu_controller,361493,0.0,61394944
2026-04-24T21:35:42.697944+00:00,recovery_scenario,iperf_tcp,50,2,,twin_core,361501,68.7,68046848
2026-04-24T21:35:42.697944+00:00,recovery_scenario,iperf_tcp,50,2,,ryu_controller,361493,60.1,61394944
2026-04-24T21:35:42.798675+00:00,recovery_scenario,iperf_tcp,50,2,,twin_core,361501,19.8,68046848
2026-04-24T21:35:42.798675+00:00,recovery_scenario,iperf_tcp,50,2,,ryu_controller,361493,89.5,61394944
2026-04-24T21:35:42.899155+00:00,recovery_scenario,iperf_tcp,50,2,,twin_core,361501,0.0,68046848
2026-04-24T21:35:42.899155+00:00,recovery_scenario,iperf_tcp,50,2,,ryu_controller,361493,39.8,61394944
2026-04-24T21:35:42.999554+00:00,recovery_scenario,iperf_tcp,50,2,,twin_core,361501,0.0,68046848
2026-04-24T21:35:42.999554+00:00,recovery_scenario,iperf_tcp,50,2,,ryu_controller,361493,10.0,61394944
2026-04-24T21:35:43.102293+00:00,recovery_scenario,iperf_tcp,50,2,,twin_core,361501,0.0,68046848
2026-04-24T21:35:43.102293+00:00,recovery_scenario,iperf_tcp,50,2,,ryu_controller,361493,9.7,61394944
2026-04-24T21:35:43.203798+00:00,recovery_scenario,iperf_tcp,50,2,,twin_core,361501,0.0,68046848
2026-04-24T21:35:43.203798+00:00,recovery_scenario,iperf_tcp,50,2,,ryu_controller,361493,9.9,61394944
2026-04-24T21:35:43.304224+00:00,recovery_scenario,iperf_tcp,50,2,,twin_core,361501,10.0,68046848
2026-04-24T21:35:43.304224+00:00,recovery_scenario,iperf_tcp,50,2,,ryu_controller,361493,0.0,61394944
2026-04-24T21:35:43.409211+00:00,recovery_scenario,iperf_tcp,50,2,,twin_core,361501,0.0,68046848
2026-04-24T21:35:43.409211+00:00,recovery_scenario,iperf_tcp,50,2,,ryu_controller,361493,9.5,61394944
2026-04-24T21:35:43.509676+00:00,recovery_scenario,iperf_tcp,50,2,,twin_core,361501,0.0,68046848
2026-04-24T21:35:43.509676+00:00,recovery_scenario,iperf_tcp,50,2,,ryu_controller,361493,10.0,61394944
2026-04-24T21:35:43.610088+00:00,recovery_scenario,iperf_tcp,50,2,,twin_core,361501,0.0,68046848
2026-04-24T21:35:43.610088+00:00,recovery_scenario,iperf_tcp,50,2,,ryu_controller,361493,19.9,61394944
2026-04-24T21:35:43.710498+00:00,recovery_scenario,iperf_tcp,50,2,,twin_core,361501,0.0,68046848
2026-04-24T21:35:43.710498+00:00,recovery_scenario,iperf_tcp,50,2,,ryu_controller,361493,0.0,61394944
2026-04-24T21:35:43.812293+00:00,recovery_scenario,iperf_tcp,50,2,,twin_core,361501,0.0,68046848
2026-04-24T21:35:43.812293+00:00,recovery_scenario,iperf_tcp,50,2,,ryu_controller,361493,9.8,61394944
2026-04-24T21:35:43.913111+00:00,recovery_scenario,iperf_tcp,50,2,,twin_core,361501,0.0,68046848
2026-04-24T21:35:43.913111+00:00,recovery_scenario,iperf_tcp,50,2,,ryu_controller,361493,9.9,61394944
2026-04-24T21:35:44.013786+00:00,recovery_scenario,iperf_tcp,50,2,,twin_core,361501,0.0,68046848
2026-04-24T21:35:44.013786+00:00,recovery_scenario,iperf_tcp,50,2,,ryu_controller,361493,9.9,61394944
2026-04-24T21:35:44.114189+00:00,recovery_scenario,iperf_tcp,50,2,,twin_core,361501,0.0,68046848
2026-04-24T21:35:44.114189+00:00,recovery_scenario,iperf_tcp,50,2,,ryu_controller,361493,10.0,61394944
2026-04-24T21:35:44.214689+00:00,recovery_scenario,iperf_tcp,50,2,,twin_core,361501,9.9,68046848
2026-04-24T21:35:44.214689+00:00,recovery_scenario,iperf_tcp,50,2,,ryu_controller,361493,10.0,61394944
2026-04-24T21:35:44.315145+00:00,recovery_scenario,iperf_tcp,50,2,,twin_core,361501,0.0,68046848
2026-04-24T21:35:44.315145+00:00,recovery_scenario,iperf_tcp,50,2,,ryu_controller,361493,0.0,61394944
2026-04-24T21:35:44.417439+00:00,recovery_scenario,iperf_tcp,50,2,,twin_core,361501,0.0,68046848
2026-04-24T21:35:44.417439+00:00,recovery_scenario,iperf_tcp,50,2,,ryu_controller,361493,19.5,61394944
2026-04-24T21:35:44.519207+00:00,recovery_scenario,iperf_tcp,50,2,,twin_core,361501,0.0,68046848
2026-04-24T21:35:44.519207+00:00,recovery_scenario,iperf_tcp,50,2,,ryu_controller,361493,0.0,61394944
2026-04-24T21:35:44.622274+00:00,recovery_scenario,iperf_tcp,50,2,,twin_core,361501,0.0,68046848
2026-04-24T21:35:44.622274+00:00,recovery_scenario,iperf_tcp,50,2,,ryu_controller,361493,19.9,61394944
2026-04-24T21:35:44.722776+00:00,recovery_scenario,iperf_tcp,50,2,,twin_core,361501,0.0,68046848
2026-04-24T21:35:44.722776+00:00,recovery_scenario,iperf_tcp,50,2,,ryu_controller,361493,9.9,61394944
2026-04-24T21:35:44.823228+00:00,recovery_scenario,iperf_tcp,50,2,,twin_core,361501,10.0,68046848
2026-04-24T21:35:44.823228+00:00,recovery_scenario,iperf_tcp,50,2,,ryu_controller,361493,69.7,61394944
2026-04-24T21:35:44.925083+00:00,recovery_scenario,iperf_tcp,50,2,,twin_core,361501,19.6,68046848
2026-04-24T21:35:44.925083+00:00,recovery_scenario,iperf_tcp,50,2,,ryu_controller,361493,73.5,61394944
2026-04-24T21:35:45.034152+00:00,recovery_scenario,iperf_tcp,50,2,,twin_core,361501,9.2,68046848
2026-04-24T21:35:45.034152+00:00,recovery_scenario,iperf_tcp,50,2,,ryu_controller,361493,68.5,61394944
2026-04-24T21:35:45.134571+00:00,recovery_scenario,iperf_tcp,50,2,,twin_core,361501,0.0,68046848
2026-04-24T21:35:45.134571+00:00,recovery_scenario,iperf_tcp,50,2,,ryu_controller,361493,19.9,61394944
2026-04-24T21:35:45.235029+00:00,recovery_scenario,iperf_tcp,50,2,,twin_core,361501,0.0,68046848
2026-04-24T21:35:45.235029+00:00,recovery_scenario,iperf_tcp,50,2,,ryu_controller,361493,10.0,61394944
2026-04-24T21:35:45.335528+00:00,recovery_scenario,iperf_tcp,50,2,,twin_core,361501,10.0,68046848
2026-04-24T21:35:45.335528+00:00,recovery_scenario,iperf_tcp,50,2,,ryu_controller,361493,0.0,61394944
2026-04-24T21:35:45.436153+00:00,recovery_scenario,iperf_tcp,50,2,,twin_core,361501,0.0,68046848
2026-04-24T21:35:45.436153+00:00,recovery_scenario,iperf_tcp,50,2,,ryu_controller,361493,9.9,61394944
2026-04-24T21:35:45.536610+00:00,recovery_scenario,iperf_tcp,50,2,,twin_core,361501,0.0,68046848
2026-04-24T21:35:45.536610+00:00,recovery_scenario,iperf_tcp,50,2,,ryu_controller,361493,10.0,61394944
2026-04-24T21:35:45.637060+00:00,recovery_scenario,iperf_tcp,50,2,,twin_core,361501,0.0,68046848
2026-04-24T21:35:45.637060+00:00,recovery_scenario,iperf_tcp,50,2,,ryu_controller,361493,9.9,61394944
2026-04-24T21:35:45.737552+00:00,recovery_scenario,iperf_tcp,50,2,,twin_core,361501,0.0,68046848
2026-04-24T21:35:45.737552+00:00,recovery_scenario,iperf_tcp,50,2,,ryu_controller,361493,10.0,61394944
2026-04-24T21:35:45.838000+00:00,recovery_scenario,iperf_tcp,50,2,,twin_core,361501,0.0,68046848
2026-04-24T21:35:45.838000+00:00,recovery_scenario,iperf_tcp,50,2,,ryu_controller,361493,19.9,61394944
2026-04-24T21:35:45.938420+00:00,recovery_scenario,iperf_tcp,50,2,,twin_core,361501,0.0,68046848
2026-04-24T21:35:45.938420+00:00,recovery_scenario,iperf_tcp,50,2,,ryu_controller,361493,10.0,61394944
2026-04-24T21:35:46.040263+00:00,recovery_scenario,iperf_tcp,50,2,,twin_core,361501,0.0,68046848
2026-04-24T21:35:46.040263+00:00,recovery_scenario,iperf_tcp,50,2,,ryu_controller,361493,9.8,61394944
2026-04-24T21:35:46.141687+00:00,recovery_scenario,iperf_tcp,50,2,,twin_core,361501,0.0,68046848
2026-04-24T21:35:46.141687+00:00,recovery_scenario,iperf_tcp,50,2,,ryu_controller,361493,0.0,61394944
2026-04-24T21:35:46.242243+00:00,recovery_scenario,iperf_tcp,50,2,,twin_core,361501,0.0,68046848
2026-04-24T21:35:46.242243+00:00,recovery_scenario,iperf_tcp,50,2,,ryu_controller,361493,10.0,61394944
2026-04-24T21:35:46.344099+00:00,recovery_scenario,iperf_tcp,50,2,,twin_core,361501,0.0,68046848
2026-04-24T21:35:46.344099+00:00,recovery_scenario,iperf_tcp,50,2,,ryu_controller,361493,19.6,61394944
2026-04-24T21:35:46.445304+00:00,recovery_scenario,iperf_tcp,50,2,,twin_core,361501,0.0,68046848
2026-04-24T21:35:46.445304+00:00,recovery_scenario,iperf_tcp,50,2,,ryu_controller,361493,9.9,61394944
2026-04-24T21:35:46.549848+00:00,recovery_scenario,iperf_tcp,50,2,,twin_core,361501,0.0,68046848
2026-04-24T21:35:46.549848+00:00,recovery_scenario,iperf_tcp,50,2,,ryu_controller,361493,0.0,61394944
2026-04-24T21:35:46.606465+00:00,recovery_scenario,iperf_tcp,50,2,pingall_completed,,,,
2026-04-24T21:35:46.654442+00:00,recovery_scenario,iperf_tcp,50,2,,twin_core,361501,9.6,68046848
2026-04-24T21:35:46.654442+00:00,recovery_scenario,iperf_tcp,50,2,,ryu_controller,361493,0.0,61394944
2026-04-24T21:35:46.762123+00:00,recovery_scenario,iperf_tcp,50,2,,twin_core,361501,0.0,68046848
2026-04-24T21:35:46.762123+00:00,recovery_scenario,iperf_tcp,50,2,,ryu_controller,361493,0.0,61394944
2026-04-24T21:35:46.864870+00:00,recovery_scenario,iperf_tcp,50,2,,twin_core,361501,9.7,68046848
2026-04-24T21:35:46.864870+00:00,recovery_scenario,iperf_tcp,50,2,,ryu_controller,361493,19.5,61394944
2026-04-24T21:35:46.972800+00:00,recovery_scenario,iperf_tcp,50,2,,twin_core,361501,9.3,68046848
2026-04-24T21:35:46.972800+00:00,recovery_scenario,iperf_tcp,50,2,,ryu_controller,361493,55.6,61440000
2026-04-24T21:35:47.077902+00:00,recovery_scenario,iperf_tcp,50,2,,twin_core,361501,0.0,68046848
2026-04-24T21:35:47.077902+00:00,recovery_scenario,iperf_tcp,50,2,,ryu_controller,361493,57.1,61476864
2026-04-24T21:35:47.178354+00:00,recovery_scenario,iperf_tcp,50,2,,twin_core,361501,0.0,68046848
2026-04-24T21:35:47.178354+00:00,recovery_scenario,iperf_tcp,50,2,,ryu_controller,361493,99.3,61476864
2026-04-24T21:35:47.279302+00:00,recovery_scenario,iperf_tcp,50,2,,twin_core,361501,0.0,68046848
2026-04-24T21:35:47.279302+00:00,recovery_scenario,iperf_tcp,50,2,,ryu_controller,361493,0.0,61476864
2026-04-24T21:35:47.380221+00:00,recovery_scenario,iperf_tcp,50,2,,twin_core,361501,0.0,68046848
2026-04-24T21:35:47.380221+00:00,recovery_scenario,iperf_tcp,50,2,,ryu_controller,361493,9.9,61476864
2026-04-24T21:35:47.521390+00:00,recovery_scenario,iperf_tcp,50,2,,twin_core,361501,21.0,68046848
2026-04-24T21:35:47.521390+00:00,recovery_scenario,iperf_tcp,50,2,,ryu_controller,361493,27.9,61476864
2026-04-24T21:35:47.625889+00:00,recovery_scenario,iperf_tcp,50,2,,twin_core,361501,0.0,68046848
2026-04-24T21:35:47.625889+00:00,recovery_scenario,iperf_tcp,50,2,,ryu_controller,361493,0.0,61476864
2026-04-24T21:35:47.727218+00:00,recovery_scenario,iperf_tcp,50,2,,twin_core,361501,9.9,68046848
2026-04-24T21:35:47.727218+00:00,recovery_scenario,iperf_tcp,50,2,,ryu_controller,361493,9.8,61476864
2026-04-24T21:35:47.828392+00:00,recovery_scenario,iperf_tcp,50,2,,twin_core,361501,0.0,68046848
2026-04-24T21:35:47.828392+00:00,recovery_scenario,iperf_tcp,50,2,,ryu_controller,361493,0.0,61476864
2026-04-24T21:35:47.930014+00:00,recovery_scenario,iperf_tcp,50,2,,twin_core,361501,0.0,68046848
2026-04-24T21:35:47.930014+00:00,recovery_scenario,iperf_tcp,50,2,,ryu_controller,361493,0.0,61476864
2026-04-24T21:35:48.075627+00:00,recovery_scenario,iperf_tcp,50,2,,twin_core,361501,6.9,68046848
2026-04-24T21:35:48.075627+00:00,recovery_scenario,iperf_tcp,50,2,,ryu_controller,361493,13.7,61476864
2026-04-24T21:35:48.183644+00:00,recovery_scenario,iperf_tcp,50,2,,twin_core,361501,0.0,68046848
2026-04-24T21:35:48.183644+00:00,recovery_scenario,iperf_tcp,50,2,,ryu_controller,361493,83.2,61476864
2026-04-24T21:35:48.284760+00:00,recovery_scenario,iperf_tcp,50,2,,twin_core,361501,0.0,68046848
2026-04-24T21:35:48.284760+00:00,recovery_scenario,iperf_tcp,50,2,,ryu_controller,361493,29.8,61476864
2026-04-24T21:35:48.387299+00:00,recovery_scenario,iperf_tcp,50,2,,twin_core,361501,0.0,68046848
2026-04-24T21:35:48.387299+00:00,recovery_scenario,iperf_tcp,50,2,,ryu_controller,361493,39.0,61476864
2026-04-24T21:35:48.487766+00:00,recovery_scenario,iperf_tcp,50,2,,twin_core,361501,0.0,68046848
2026-04-24T21:35:48.487766+00:00,recovery_scenario,iperf_tcp,50,2,,ryu_controller,361493,9.8,61476864
2026-04-24T21:35:48.590678+00:00,recovery_scenario,iperf_tcp,50,2,,twin_core,361501,0.0,68046848
2026-04-24T21:35:48.590678+00:00,recovery_scenario,iperf_tcp,50,2,,ryu_controller,361493,9.9,61476864
2026-04-24T21:35:48.645026+00:00,recovery_scenario,iperf_tcp,50,2,background_traffic_started,,,,
2026-04-24T21:35:48.693031+00:00,recovery_scenario,iperf_tcp,50,2,,twin_core,361501,9.8,68046848
2026-04-24T21:35:48.693031+00:00,recovery_scenario,iperf_tcp,50,2,,ryu_controller,361493,29.4,61476864
2026-04-24T21:35:48.795755+00:00,recovery_scenario,iperf_tcp,50,2,fault_injected,,,,
2026-04-24T21:35:48.798658+00:00,recovery_scenario,iperf_tcp,50,2,,twin_core,361501,28.3,68059136
2026-04-24T21:35:48.798658+00:00,recovery_scenario,iperf_tcp,50,2,,ryu_controller,361493,75.4,61476864
2026-04-24T21:35:48.899797+00:00,recovery_scenario,iperf_tcp,50,2,,twin_core,361501,0.0,68059136
2026-04-24T21:35:48.899797+00:00,recovery_scenario,iperf_tcp,50,2,,ryu_controller,361493,89.4,61476864
2026-04-24T21:35:49.000465+00:00,recovery_scenario,iperf_tcp,50,2,,twin_core,361501,19.9,68059136
2026-04-24T21:35:49.000465+00:00,recovery_scenario,iperf_tcp,50,2,,ryu_controller,361493,79.4,61476864
2026-04-24T21:35:49.101160+00:00,recovery_scenario,iperf_tcp,50,2,,twin_core,361501,0.0,68059136
2026-04-24T21:35:49.101160+00:00,recovery_scenario,iperf_tcp,50,2,,ryu_controller,361493,39.3,61476864
2026-04-24T21:35:49.203238+00:00,recovery_scenario,iperf_tcp,50,2,,twin_core,361501,9.9,68059136
2026-04-24T21:35:49.203238+00:00,recovery_scenario,iperf_tcp,50,2,,ryu_controller,361493,9.9,61476864
2026-04-24T21:35:49.303844+00:00,recovery_scenario,iperf_tcp,50,2,,twin_core,361501,0.0,68059136
2026-04-24T21:35:49.303844+00:00,recovery_scenario,iperf_tcp,50,2,,ryu_controller,361493,59.5,61476864
2026-04-24T21:35:49.404626+00:00,recovery_scenario,iperf_tcp,50,2,,twin_core,361501,9.9,68059136
2026-04-24T21:35:49.404626+00:00,recovery_scenario,iperf_tcp,50,2,,ryu_controller,361493,79.5,61476864
2026-04-24T21:35:49.441146+00:00,recovery_scenario,iperf_tcp,50,2,recovery_requested,,,,
2026-04-24T21:35:49.505193+00:00,recovery_scenario,iperf_tcp,50,2,,twin_core,361501,9.9,68059136
2026-04-24T21:35:49.505193+00:00,recovery_scenario,iperf_tcp,50,2,,ryu_controller,361493,69.6,61476864
2026-04-24T21:35:49.605986+00:00,recovery_scenario,iperf_tcp,50,2,,twin_core,361501,0.0,68059136
2026-04-24T21:35:49.605986+00:00,recovery_scenario,iperf_tcp,50,2,,ryu_controller,361493,109.2,61476864
2026-04-24T21:35:49.706663+00:00,recovery_scenario,iperf_tcp,50,2,,twin_core,361501,0.0,68059136
2026-04-24T21:35:49.706663+00:00,recovery_scenario,iperf_tcp,50,2,,ryu_controller,361493,99.3,61476864
2026-04-24T21:35:49.807348+00:00,recovery_scenario,iperf_tcp,50,2,,twin_core,361501,0.0,68059136
2026-04-24T21:35:49.807348+00:00,recovery_scenario,iperf_tcp,50,2,,ryu_controller,361493,79.5,61476864
2026-04-24T21:35:49.907939+00:00,recovery_scenario,iperf_tcp,50,2,,twin_core,361501,0.0,68059136
2026-04-24T21:35:49.907939+00:00,recovery_scenario,iperf_tcp,50,2,,ryu_controller,361493,39.6,61476864
2026-04-24T21:35:50.009075+00:00,recovery_scenario,iperf_tcp,50,2,,twin_core,361501,0.0,68059136
2026-04-24T21:35:50.009075+00:00,recovery_scenario,iperf_tcp,50,2,,ryu_controller,361493,0.0,61476864
2026-04-24T21:35:50.109662+00:00,recovery_scenario,iperf_tcp,50,2,,twin_core,361501,0.0,68059136
2026-04-24T21:35:50.109662+00:00,recovery_scenario,iperf_tcp,50,2,,ryu_controller,361493,0.0,61476864
2026-04-24T21:35:50.217004+00:00,recovery_scenario,iperf_tcp,50,2,,twin_core,361501,0.0,68059136
2026-04-24T21:35:50.217004+00:00,recovery_scenario,iperf_tcp,50,2,,ryu_controller,361493,8.2,61476864
2026-04-24T21:35:50.339090+00:00,recovery_scenario,iperf_tcp,50,2,,twin_core,361501,8.1,68059136
2026-04-24T21:35:50.339090+00:00,recovery_scenario,iperf_tcp,50,2,,ryu_controller,361493,27.9,61476864
2026-04-24T21:35:50.460044+00:00,recovery_scenario,iperf_tcp,50,2,,twin_core,361501,16.7,68059136
2026-04-24T21:35:50.460044+00:00,recovery_scenario,iperf_tcp,50,2,,ryu_controller,361493,62.8,61476864
2026-04-24T21:35:50.575369+00:00,recovery_scenario,iperf_tcp,50,2,,twin_core,361501,0.0,68059136
2026-04-24T21:35:50.575369+00:00,recovery_scenario,iperf_tcp,50,2,,ryu_controller,361493,83.5,61476864
2026-04-24T21:35:50.677837+00:00,recovery_scenario,iperf_tcp,50,2,,twin_core,361501,0.0,68059136
2026-04-24T21:35:50.677837+00:00,recovery_scenario,iperf_tcp,50,2,,ryu_controller,361493,29.4,61476864
2026-04-24T21:35:50.784218+00:00,recovery_scenario,iperf_tcp,50,2,,twin_core,361501,0.0,68059136
2026-04-24T21:35:50.784218+00:00,recovery_scenario,iperf_tcp,50,2,,ryu_controller,361493,9.4,61476864
2026-04-24T21:35:50.893250+00:00,recovery_scenario,iperf_tcp,50,2,,twin_core,361501,0.0,68059136
2026-04-24T21:35:50.893250+00:00,recovery_scenario,iperf_tcp,50,2,,ryu_controller,361493,9.2,61476864
2026-04-24T21:35:50.994625+00:00,recovery_scenario,iperf_tcp,50,2,,twin_core,361501,8.5,68059136
2026-04-24T21:35:50.994625+00:00,recovery_scenario,iperf_tcp,50,2,,ryu_controller,361493,84.1,61476864
2026-04-24T21:35:51.124873+00:00,recovery_scenario,iperf_tcp,50,2,,twin_core,361501,17.5,68059136
2026-04-24T21:35:51.124873+00:00,recovery_scenario,iperf_tcp,50,2,,ryu_controller,361493,59.6,61476864
2026-04-24T21:35:51.245752+00:00,recovery_scenario,iperf_tcp,50,2,,twin_core,361501,33.1,68059136
2026-04-24T21:35:51.245752+00:00,recovery_scenario,iperf_tcp,50,2,,ryu_controller,361493,99.3,61476864
2026-04-24T21:35:51.350765+00:00,recovery_scenario,iperf_tcp,50,2,,twin_core,361501,47.6,68059136
2026-04-24T21:35:51.350765+00:00,recovery_scenario,iperf_tcp,50,2,,ryu_controller,361493,47.6,61476864
2026-04-24T21:35:51.451887+00:00,recovery_scenario,iperf_tcp,50,2,,twin_core,361501,0.0,68059136
2026-04-24T21:35:51.451887+00:00,recovery_scenario,iperf_tcp,50,2,,ryu_controller,361493,77.4,61476864
2026-04-24T21:35:51.555426+00:00,recovery_scenario,iperf_tcp,50,2,,twin_core,361501,9.7,68059136
2026-04-24T21:35:51.555426+00:00,recovery_scenario,iperf_tcp,50,2,,ryu_controller,361493,59.0,61476864
2026-04-24T21:35:51.681274+00:00,recovery_scenario,iperf_tcp,50,2,,twin_core,361501,15.9,68059136
2026-04-24T21:35:51.681274+00:00,recovery_scenario,iperf_tcp,50,2,,ryu_controller,361493,70.3,61476864
2026-04-24T21:35:51.799480+00:00,recovery_scenario,iperf_tcp,50,2,,twin_core,361501,42.1,68059136
2026-04-24T21:35:51.799480+00:00,recovery_scenario,iperf_tcp,50,2,,ryu_controller,361493,72.7,61476864
2026-04-24T21:35:51.984120+00:00,recovery_scenario,iperf_tcp,50,2,,twin_core,361501,0.0,68059136
2026-04-24T21:35:51.984120+00:00,recovery_scenario,iperf_tcp,50,2,,ryu_controller,361493,83.7,61476864
2026-04-24T21:35:52.138115+00:00,recovery_scenario,iperf_tcp,50,2,,twin_core,361501,0.0,68059136
2026-04-24T21:35:52.138115+00:00,recovery_scenario,iperf_tcp,50,2,,ryu_controller,361493,39.0,61476864
2026-04-24T21:35:52.239534+00:00,recovery_scenario,iperf_tcp,50,2,,twin_core,361501,9.9,68059136
2026-04-24T21:35:52.239534+00:00,recovery_scenario,iperf_tcp,50,2,,ryu_controller,361493,69.0,61476864
2026-04-24T21:35:52.354763+00:00,recovery_scenario,iperf_tcp,50,2,,twin_core,361501,0.0,68059136
2026-04-24T21:35:52.354763+00:00,recovery_scenario,iperf_tcp,50,2,,ryu_controller,361493,95.4,61476864
2026-04-24T21:35:52.459066+00:00,recovery_scenario,iperf_tcp,50,2,,twin_core,361501,9.6,68059136
2026-04-24T21:35:52.459066+00:00,recovery_scenario,iperf_tcp,50,2,,ryu_controller,361493,67.1,61476864
2026-04-24T21:35:52.560038+00:00,recovery_scenario,iperf_tcp,50,2,,twin_core,361501,9.8,68059136
2026-04-24T21:35:52.560038+00:00,recovery_scenario,iperf_tcp,50,2,,ryu_controller,361493,84.3,61476864
2026-04-24T21:35:52.679396+00:00,recovery_scenario,iperf_tcp,50,2,,twin_core,361501,42.2,68059136
2026-04-24T21:35:52.679396+00:00,recovery_scenario,iperf_tcp,50,2,,ryu_controller,361493,78.9,61476864
2026-04-24T21:35:52.781298+00:00,recovery_scenario,iperf_tcp,50,2,,twin_core,361501,19.6,68059136
2026-04-24T21:35:52.781298+00:00,recovery_scenario,iperf_tcp,50,2,,ryu_controller,361493,77.5,61476864
2026-04-24T21:35:52.893146+00:00,recovery_scenario,iperf_tcp,50,2,,twin_core,361501,8.9,68059136
2026-04-24T21:35:52.893146+00:00,recovery_scenario,iperf_tcp,50,2,,ryu_controller,361493,99.1,61476864
2026-04-24T21:35:52.995138+00:00,recovery_scenario,iperf_tcp,50,2,,twin_core,361501,57.8,68059136
2026-04-24T21:35:52.995138+00:00,recovery_scenario,iperf_tcp,50,2,,ryu_controller,361493,77.0,61476864
2026-04-24T21:35:53.125972+00:00,recovery_scenario,iperf_tcp,50,2,,twin_core,361501,22.3,68059136
2026-04-24T21:35:53.125972+00:00,recovery_scenario,iperf_tcp,50,2,,ryu_controller,361493,59.5,61476864
2026-04-24T21:35:53.234236+00:00,recovery_scenario,iperf_tcp,50,2,,twin_core,361501,38.9,68059136
2026-04-24T21:35:53.234236+00:00,recovery_scenario,iperf_tcp,50,2,,ryu_controller,361493,65.1,61476864
2026-04-24T21:35:53.385159+00:00,recovery_scenario,iperf_tcp,50,2,,twin_core,361501,39.8,68059136
2026-04-24T21:35:53.385159+00:00,recovery_scenario,iperf_tcp,50,2,,ryu_controller,361493,45.1,61476864
2026-04-24T21:35:53.496196+00:00,recovery_scenario,iperf_tcp,50,2,,twin_core,361501,27.0,68059136
2026-04-24T21:35:53.496196+00:00,recovery_scenario,iperf_tcp,50,2,,ryu_controller,361493,49.2,61476864
2026-04-24T21:35:53.609317+00:00,recovery_scenario,iperf_tcp,50,2,,twin_core,361501,8.8,68059136
2026-04-24T21:35:53.609317+00:00,recovery_scenario,iperf_tcp,50,2,,ryu_controller,361493,79.5,61476864
2026-04-24T21:35:53.731360+00:00,recovery_scenario,iperf_tcp,50,2,,twin_core,361501,0.0,68059136
2026-04-24T21:35:53.731360+00:00,recovery_scenario,iperf_tcp,50,2,,ryu_controller,361493,90.1,61476864
2026-04-24T21:35:53.832478+00:00,recovery_scenario,iperf_tcp,50,2,,twin_core,361501,0.0,68059136
2026-04-24T21:35:53.832478+00:00,recovery_scenario,iperf_tcp,50,2,,ryu_controller,361493,88.0,61476864
2026-04-24T21:35:53.974610+00:00,recovery_scenario,iperf_tcp,50,2,,twin_core,361501,39.9,68059136
2026-04-24T21:35:53.974610+00:00,recovery_scenario,iperf_tcp,50,2,,ryu_controller,361493,60.3,61476864
2026-04-24T21:35:54.108354+00:00,recovery_scenario,iperf_tcp,50,2,,twin_core,361501,0.0,68059136
2026-04-24T21:35:54.108354+00:00,recovery_scenario,iperf_tcp,50,2,,ryu_controller,361493,87.4,61476864
2026-04-24T21:35:54.211825+00:00,recovery_scenario,iperf_tcp,50,2,,twin_core,361501,19.4,68059136
2026-04-24T21:35:54.211825+00:00,recovery_scenario,iperf_tcp,50,2,,ryu_controller,361493,67.9,61476864
2026-04-24T21:35:54.340864+00:00,recovery_scenario,iperf_tcp,50,2,,twin_core,361501,31.0,68059136
2026-04-24T21:35:54.340864+00:00,recovery_scenario,iperf_tcp,50,2,,ryu_controller,361493,55.4,61476864
2026-04-24T21:35:54.460877+00:00,recovery_scenario,iperf_tcp,50,2,,twin_core,361501,16.7,68059136
2026-04-24T21:35:54.460877+00:00,recovery_scenario,iperf_tcp,50,2,,ryu_controller,361493,57.2,61476864
2026-04-24T21:35:54.591136+00:00,recovery_scenario,iperf_tcp,50,2,,twin_core,361501,7.7,68059136
2026-04-24T21:35:54.591136+00:00,recovery_scenario,iperf_tcp,50,2,,ryu_controller,361493,76.3,61476864
2026-04-24T21:35:54.693044+00:00,recovery_scenario,iperf_tcp,50,2,,twin_core,361501,9.8,68059136
2026-04-24T21:35:54.693044+00:00,recovery_scenario,iperf_tcp,50,2,,ryu_controller,361493,88.5,61476864
2026-04-24T21:35:54.794103+00:00,recovery_scenario,iperf_tcp,50,2,,twin_core,361501,0.0,68059136
2026-04-24T21:35:54.794103+00:00,recovery_scenario,iperf_tcp,50,2,,ryu_controller,361493,59.7,61476864
2026-04-24T21:35:54.897964+00:00,recovery_scenario,iperf_tcp,50,2,,twin_core,361501,0.0,68059136
2026-04-24T21:35:54.897964+00:00,recovery_scenario,iperf_tcp,50,2,,ryu_controller,361493,96.0,61476864
2026-04-24T21:35:55.004404+00:00,recovery_scenario,iperf_tcp,50,2,,twin_core,361501,46.6,68059136
2026-04-24T21:35:55.004404+00:00,recovery_scenario,iperf_tcp,50,2,,ryu_controller,361493,73.3,61476864
2026-04-24T21:35:55.108764+00:00,recovery_scenario,iperf_tcp,50,2,,twin_core,361501,29.0,68059136
2026-04-24T21:35:55.108764+00:00,recovery_scenario,iperf_tcp,50,2,,ryu_controller,361493,79.0,61476864
2026-04-24T21:35:55.109123+00:00,recovery_scenario,iperf_tcp,50,2,scenario_teardown,,,,
2026-04-24T21:35:55.233273+00:00,recovery_scenario,iperf_tcp,50,2,,twin_core,361501,16.1,68059136
2026-04-24T21:35:55.233273+00:00,recovery_scenario,iperf_tcp,50,2,,ryu_controller,361493,40.1,61476864
2026-04-24T21:35:55.442906+00:00,recovery_scenario,iperf_tcp,50,2,,twin_core,361501,92.9,68059136
2026-04-24T21:35:55.442906+00:00,recovery_scenario,iperf_tcp,50,2,,ryu_controller,361493,69.2,61476864
2026-04-24T21:35:55.556211+00:00,recovery_scenario,iperf_tcp,50,2,,twin_core,361501,83.6,68059136
2026-04-24T21:35:55.556211+00:00,recovery_scenario,iperf_tcp,50,2,,ryu_controller,361493,94.3,61476864
2026-04-24T21:35:55.657683+00:00,recovery_scenario,iperf_tcp,50,2,,twin_core,361501,78.7,68059136
2026-04-24T21:35:55.657683+00:00,recovery_scenario,iperf_tcp,50,2,,ryu_controller,361493,59.3,61476864
2026-04-24T21:35:55.776385+00:00,recovery_scenario,iperf_tcp,50,2,,twin_core,361501,52.7,68059136
2026-04-24T21:35:55.776385+00:00,recovery_scenario,iperf_tcp,50,2,,ryu_controller,361493,77.4,61476864
2026-04-24T21:35:55.943073+00:00,recovery_scenario,iperf_tcp,50,2,,twin_core,361501,18.0,68059136
2026-04-24T21:35:55.943073+00:00,recovery_scenario,iperf_tcp,50,2,,ryu_controller,361493,47.2,61476864
2026-04-24T21:35:56.074840+00:00,recovery_scenario,iperf_tcp,50,2,,twin_core,361501,17.0,68059136
2026-04-24T21:35:56.074840+00:00,recovery_scenario,iperf_tcp,50,2,,ryu_controller,361493,79.2,61476864
2026-04-24T21:35:56.205463+00:00,recovery_scenario,iperf_tcp,50,2,,twin_core,361501,22.6,68059136
2026-04-24T21:35:56.205463+00:00,recovery_scenario,iperf_tcp,50,2,,ryu_controller,361493,73.2,61476864
2026-04-24T21:35:56.323540+00:00,recovery_scenario,iperf_tcp,50,2,,twin_core,361501,8.6,68059136
2026-04-24T21:35:56.323540+00:00,recovery_scenario,iperf_tcp,50,2,,ryu_controller,361493,78.3,61476864
2026-04-24T21:35:56.426021+00:00,recovery_scenario,iperf_tcp,50,2,,twin_core,361501,9.8,68059136
2026-04-24T21:35:56.426021+00:00,recovery_scenario,iperf_tcp,50,2,,ryu_controller,361493,48.8,61476864
2026-04-24T21:35:56.527262+00:00,recovery_scenario,iperf_tcp,50,2,,twin_core,361501,9.7,68059136
2026-04-24T21:35:56.527262+00:00,recovery_scenario,iperf_tcp,50,2,,ryu_controller,361493,28.7,61476864
2026-04-24T21:35:56.632966+00:00,recovery_scenario,iperf_tcp,50,2,,twin_core,361501,9.7,68059136
2026-04-24T21:35:56.632966+00:00,recovery_scenario,iperf_tcp,50,2,,ryu_controller,361493,29.4,61476864
2026-04-24T21:35:56.737960+00:00,recovery_scenario,iperf_tcp,50,2,,twin_core,361501,19.1,68059136
2026-04-24T21:35:56.737960+00:00,recovery_scenario,iperf_tcp,50,2,,ryu_controller,361493,57.3,61476864
2026-04-24T21:35:56.839218+00:00,recovery_scenario,iperf_tcp,50,2,,twin_core,361501,0.0,68059136
2026-04-24T21:35:56.839218+00:00,recovery_scenario,iperf_tcp,50,2,,ryu_controller,361493,19.6,61476864
2026-04-24T21:35:56.940382+00:00,recovery_scenario,iperf_tcp,50,2,,twin_core,361501,0.0,68059136
2026-04-24T21:35:56.940382+00:00,recovery_scenario,iperf_tcp,50,2,,ryu_controller,361493,39.1,61476864
2026-04-24T21:35:57.042752+00:00,recovery_scenario,iperf_tcp,50,2,,twin_core,361501,9.8,68059136
2026-04-24T21:35:57.042752+00:00,recovery_scenario,iperf_tcp,50,2,,ryu_controller,361493,56.5,61476864
2026-04-24T21:35:57.149109+00:00,recovery_scenario,iperf_tcp,50,2,,twin_core,361501,0.0,68059136
2026-04-24T21:35:57.149109+00:00,recovery_scenario,iperf_tcp,50,2,,ryu_controller,361493,29.6,61476864
2026-04-24T21:35:57.250575+00:00,recovery_scenario,iperf_tcp,50,2,,twin_core,361501,9.8,68059136
2026-04-24T21:35:57.250575+00:00,recovery_scenario,iperf_tcp,50,2,,ryu_controller,361493,0.0,61476864
2026-04-24T21:35:57.356036+00:00,recovery_scenario,iperf_tcp,50,2,,twin_core,361501,18.8,68059136
2026-04-24T21:35:57.356036+00:00,recovery_scenario,iperf_tcp,50,2,,ryu_controller,361493,0.0,61476864
2026-04-24T21:35:57.466564+00:00,recovery_scenario,iperf_tcp,50,2,,twin_core,361501,0.0,68059136
2026-04-24T21:35:57.466564+00:00,recovery_scenario,iperf_tcp,50,2,,ryu_controller,361493,29.3,61476864
2026-04-24T21:35:57.567545+00:00,recovery_scenario,iperf_tcp,50,2,,twin_core,361501,0.0,68059136
2026-04-24T21:35:57.567545+00:00,recovery_scenario,iperf_tcp,50,2,,ryu_controller,361493,9.9,61476864
2026-04-24T21:35:57.671565+00:00,recovery_scenario,iperf_tcp,50,2,,twin_core,361501,9.6,68059136
2026-04-24T21:35:57.671565+00:00,recovery_scenario,iperf_tcp,50,2,,ryu_controller,361493,9.5,61476864
2026-04-24T21:35:57.783520+00:00,recovery_scenario,iperf_tcp,50,2,,twin_core,361501,0.0,68059136
2026-04-24T21:35:57.783520+00:00,recovery_scenario,iperf_tcp,50,2,,ryu_controller,361493,9.0,61476864
2026-04-24T21:35:57.885012+00:00,recovery_scenario,iperf_tcp,50,2,,twin_core,361501,0.0,68059136
2026-04-24T21:35:57.885012+00:00,recovery_scenario,iperf_tcp,50,2,,ryu_controller,361493,0.0,61476864
2026-04-24T21:35:57.987105+00:00,recovery_scenario,iperf_tcp,50,2,,twin_core,361501,0.0,68059136
2026-04-24T21:35:57.987105+00:00,recovery_scenario,iperf_tcp,50,2,,ryu_controller,361493,0.0,61476864
2026-04-24T21:35:58.088107+00:00,recovery_scenario,iperf_tcp,50,2,,twin_core,361501,0.0,68059136
2026-04-24T21:35:58.088107+00:00,recovery_scenario,iperf_tcp,50,2,,ryu_controller,361493,0.0,61476864
2026-04-24T21:35:58.194151+00:00,recovery_scenario,iperf_tcp,50,2,,twin_core,361501,9.4,68059136
2026-04-24T21:35:58.194151+00:00,recovery_scenario,iperf_tcp,50,2,,ryu_controller,361493,0.0,61476864
2026-04-24T21:35:58.296870+00:00,recovery_scenario,iperf_tcp,50,2,,twin_core,361501,0.0,68059136
2026-04-24T21:35:58.296870+00:00,recovery_scenario,iperf_tcp,50,2,,ryu_controller,361493,0.0,61476864
2026-04-24T21:35:58.400977+00:00,recovery_scenario,iperf_tcp,50,2,,twin_core,361501,9.6,68059136
2026-04-24T21:35:58.400977+00:00,recovery_scenario,iperf_tcp,50,2,,ryu_controller,361493,9.6,61476864
2026-04-24T21:35:59.060812+00:00,recovery_scenario,iperf_tcp,50,3,,twin_core,361501,1994.4,68063232
2026-04-24T21:35:59.060812+00:00,recovery_scenario,iperf_tcp,50,3,,ryu_controller,361493,0.0,61476864
2026-04-24T21:35:59.164290+00:00,recovery_scenario,iperf_tcp,50,3,,twin_core,361501,0.0,68063232
2026-04-24T21:35:59.164290+00:00,recovery_scenario,iperf_tcp,50,3,,ryu_controller,361493,19.9,61476864
2026-04-24T21:35:59.264775+00:00,recovery_scenario,iperf_tcp,50,3,,twin_core,361501,10.0,68063232
2026-04-24T21:35:59.264775+00:00,recovery_scenario,iperf_tcp,50,3,,ryu_controller,361493,39.8,61476864
2026-04-24T21:35:59.350365+00:00,recovery_scenario,iperf_tcp,50,3,service_started,,,,
2026-04-24T21:35:59.365370+00:00,recovery_scenario,iperf_tcp,50,3,,twin_core,361501,0.0,68063232
2026-04-24T21:35:59.365370+00:00,recovery_scenario,iperf_tcp,50,3,,ryu_controller,361493,39.8,61476864
2026-04-24T21:35:59.485051+00:00,recovery_scenario,iperf_tcp,50,3,,twin_core,361501,25.0,68063232
2026-04-24T21:35:59.485051+00:00,recovery_scenario,iperf_tcp,50,3,,ryu_controller,361493,33.0,61476864
2026-04-24T21:35:59.587122+00:00,recovery_scenario,iperf_tcp,50,3,,twin_core,361501,0.0,68063232
2026-04-24T21:35:59.587122+00:00,recovery_scenario,iperf_tcp,50,3,,ryu_controller,361493,29.9,61476864
2026-04-24T21:35:59.687687+00:00,recovery_scenario,iperf_tcp,50,3,,twin_core,361501,0.0,68063232
2026-04-24T21:35:59.687687+00:00,recovery_scenario,iperf_tcp,50,3,,ryu_controller,361493,19.8,61476864
2026-04-24T21:35:59.788555+00:00,recovery_scenario,iperf_tcp,50,3,,twin_core,361501,0.0,68063232
2026-04-24T21:35:59.788555+00:00,recovery_scenario,iperf_tcp,50,3,,ryu_controller,361493,29.8,61476864
2026-04-24T21:35:59.889974+00:00,recovery_scenario,iperf_tcp,50,3,,twin_core,361501,0.0,68063232
2026-04-24T21:35:59.889974+00:00,recovery_scenario,iperf_tcp,50,3,,ryu_controller,361493,9.9,61476864
2026-04-24T21:35:59.990510+00:00,recovery_scenario,iperf_tcp,50,3,,twin_core,361501,0.0,68063232
2026-04-24T21:35:59.990510+00:00,recovery_scenario,iperf_tcp,50,3,,ryu_controller,361493,19.9,61476864
2026-04-24T21:36:00.091635+00:00,recovery_scenario,iperf_tcp,50,3,,twin_core,361501,0.0,68063232
2026-04-24T21:36:00.091635+00:00,recovery_scenario,iperf_tcp,50,3,,ryu_controller,361493,49.5,61476864
2026-04-24T21:36:00.228093+00:00,recovery_scenario,iperf_tcp,50,3,,twin_core,361501,7.3,68063232
2026-04-24T21:36:00.228093+00:00,recovery_scenario,iperf_tcp,50,3,,ryu_controller,361493,44.0,61476864
2026-04-24T21:36:00.339889+00:00,recovery_scenario,iperf_tcp,50,3,,twin_core,361501,17.9,68063232
2026-04-24T21:36:00.339889+00:00,recovery_scenario,iperf_tcp,50,3,,ryu_controller,361493,100.4,61476864
2026-04-24T21:36:00.490978+00:00,recovery_scenario,iperf_tcp,50,3,,twin_core,361501,26.9,68063232
2026-04-24T21:36:00.490978+00:00,recovery_scenario,iperf_tcp,50,3,,ryu_controller,361493,75.9,61476864
2026-04-24T21:36:00.659277+00:00,recovery_scenario,iperf_tcp,50,3,,twin_core,361501,0.0,68063232
2026-04-24T21:36:00.659277+00:00,recovery_scenario,iperf_tcp,50,3,,ryu_controller,361493,0.0,61476864
2026-04-24T21:36:00.770852+00:00,recovery_scenario,iperf_tcp,50,3,,twin_core,361501,0.0,68063232
2026-04-24T21:36:00.770852+00:00,recovery_scenario,iperf_tcp,50,3,,ryu_controller,361493,8.9,61476864
2026-04-24T21:36:00.894458+00:00,recovery_scenario,iperf_tcp,50,3,,twin_core,361501,0.0,68063232
2026-04-24T21:36:00.894458+00:00,recovery_scenario,iperf_tcp,50,3,,ryu_controller,361493,32.4,61476864
2026-04-24T21:36:01.092132+00:00,recovery_scenario,iperf_tcp,50,3,,twin_core,361501,5.1,68063232
2026-04-24T21:36:01.092132+00:00,recovery_scenario,iperf_tcp,50,3,,ryu_controller,361493,131.5,61476864
2026-04-24T21:36:01.274048+00:00,recovery_scenario,iperf_tcp,50,3,,twin_core,361501,0.0,68063232
2026-04-24T21:36:01.274048+00:00,recovery_scenario,iperf_tcp,50,3,,ryu_controller,361493,93.6,61476864
2026-04-24T21:36:01.378292+00:00,recovery_scenario,iperf_tcp,50,3,,twin_core,361501,0.0,68063232
2026-04-24T21:36:01.378292+00:00,recovery_scenario,iperf_tcp,50,3,,ryu_controller,361493,98.7,61476864
2026-04-24T21:36:01.501821+00:00,recovery_scenario,iperf_tcp,50,3,,twin_core,361501,64.8,68063232
2026-04-24T21:36:01.501821+00:00,recovery_scenario,iperf_tcp,50,3,,ryu_controller,361493,107.0,61476864
2026-04-24T21:36:01.608939+00:00,recovery_scenario,iperf_tcp,50,3,,twin_core,361501,9.3,68063232
2026-04-24T21:36:01.608939+00:00,recovery_scenario,iperf_tcp,50,3,,ryu_controller,361493,97.8,61476864
2026-04-24T21:36:01.710021+00:00,recovery_scenario,iperf_tcp,50,3,,twin_core,361501,0.0,68063232
2026-04-24T21:36:01.710021+00:00,recovery_scenario,iperf_tcp,50,3,,ryu_controller,361493,98.9,61476864
2026-04-24T21:36:01.826898+00:00,recovery_scenario,iperf_tcp,50,3,,twin_core,361501,8.5,68063232
2026-04-24T21:36:01.826898+00:00,recovery_scenario,iperf_tcp,50,3,,ryu_controller,361493,106.5,61476864
2026-04-24T21:36:01.934885+00:00,recovery_scenario,iperf_tcp,50,3,,twin_core,361501,37.0,68063232
2026-04-24T21:36:01.934885+00:00,recovery_scenario,iperf_tcp,50,3,,ryu_controller,361493,89.6,61476864
2026-04-24T21:36:02.051082+00:00,recovery_scenario,iperf_tcp,50,3,,twin_core,361501,17.5,68063232
2026-04-24T21:36:02.051082+00:00,recovery_scenario,iperf_tcp,50,3,,ryu_controller,361493,106.1,61476864
2026-04-24T21:36:02.164995+00:00,recovery_scenario,iperf_tcp,50,3,,twin_core,361501,16.4,68063232
2026-04-24T21:36:02.164995+00:00,recovery_scenario,iperf_tcp,50,3,,ryu_controller,361493,81.0,61476864
2026-04-24T21:36:02.302746+00:00,recovery_scenario,iperf_tcp,50,3,,twin_core,361501,30.5,68063232
2026-04-24T21:36:02.302746+00:00,recovery_scenario,iperf_tcp,50,3,,ryu_controller,361493,96.1,61476864
2026-04-24T21:36:02.410859+00:00,recovery_scenario,iperf_tcp,50,3,,twin_core,361501,18.7,68063232
2026-04-24T21:36:02.410859+00:00,recovery_scenario,iperf_tcp,50,3,,ryu_controller,361493,76.9,61476864
2026-04-24T21:36:02.514530+00:00,recovery_scenario,iperf_tcp,50,3,,twin_core,361501,9.7,68063232
2026-04-24T21:36:02.514530+00:00,recovery_scenario,iperf_tcp,50,3,,ryu_controller,361493,87.2,61476864
2026-04-24T21:36:02.626149+00:00,recovery_scenario,iperf_tcp,50,3,,twin_core,361501,0.0,68063232
2026-04-24T21:36:02.626149+00:00,recovery_scenario,iperf_tcp,50,3,,ryu_controller,361493,53.8,61476864
2026-04-24T21:36:02.757362+00:00,recovery_scenario,iperf_tcp,50,3,,twin_core,361501,7.6,68063232
2026-04-24T21:36:02.757362+00:00,recovery_scenario,iperf_tcp,50,3,,ryu_controller,361493,68.3,61476864
2026-04-24T21:36:02.870447+00:00,recovery_scenario,iperf_tcp,50,3,,twin_core,361501,26.6,68063232
2026-04-24T21:36:02.870447+00:00,recovery_scenario,iperf_tcp,50,3,,ryu_controller,361493,79.8,61476864
2026-04-24T21:36:02.973214+00:00,recovery_scenario,iperf_tcp,50,3,,twin_core,361501,0.0,68063232
2026-04-24T21:36:02.973214+00:00,recovery_scenario,iperf_tcp,50,3,,ryu_controller,361493,68.3,61476864
2026-04-24T21:36:03.077205+00:00,recovery_scenario,iperf_tcp,50,3,,twin_core,361501,9.0,68063232
2026-04-24T21:36:03.077205+00:00,recovery_scenario,iperf_tcp,50,3,,ryu_controller,361493,78.7,61476864
2026-04-24T21:36:03.191202+00:00,recovery_scenario,iperf_tcp,50,3,,twin_core,361501,65.6,68063232
2026-04-24T21:36:03.191202+00:00,recovery_scenario,iperf_tcp,50,3,,ryu_controller,361493,33.8,61476864
2026-04-24T21:36:03.309564+00:00,recovery_scenario,iperf_tcp,50,3,,twin_core,361501,8.5,68063232
2026-04-24T21:36:03.309564+00:00,recovery_scenario,iperf_tcp,50,3,,ryu_controller,361493,28.9,61476864
2026-04-24T21:36:03.413476+00:00,recovery_scenario,iperf_tcp,50,3,,twin_core,361501,9.6,68063232
2026-04-24T21:36:03.413476+00:00,recovery_scenario,iperf_tcp,50,3,,ryu_controller,361493,19.3,61476864
2026-04-24T21:36:03.516008+00:00,recovery_scenario,iperf_tcp,50,3,,twin_core,361501,0.0,68063232
2026-04-24T21:36:03.516008+00:00,recovery_scenario,iperf_tcp,50,3,,ryu_controller,361493,9.8,61476864
2026-04-24T21:36:03.620919+00:00,recovery_scenario,iperf_tcp,50,3,,twin_core,361501,0.0,68063232
2026-04-24T21:36:03.620919+00:00,recovery_scenario,iperf_tcp,50,3,,ryu_controller,361493,9.4,61476864
2026-04-24T21:36:03.723693+00:00,recovery_scenario,iperf_tcp,50,3,,twin_core,361501,0.0,68063232
2026-04-24T21:36:03.723693+00:00,recovery_scenario,iperf_tcp,50,3,,ryu_controller,361493,39.6,61476864
2026-04-24T21:36:03.825544+00:00,recovery_scenario,iperf_tcp,50,3,,twin_core,361501,9.8,68063232
2026-04-24T21:36:03.825544+00:00,recovery_scenario,iperf_tcp,50,3,,ryu_controller,361493,9.8,61476864
2026-04-24T21:36:03.937521+00:00,recovery_scenario,iperf_tcp,50,3,,twin_core,361501,0.0,68063232
2026-04-24T21:36:03.937521+00:00,recovery_scenario,iperf_tcp,50,3,,ryu_controller,361493,78.7,61476864
2026-04-24T21:36:04.042779+00:00,recovery_scenario,iperf_tcp,50,3,,twin_core,361501,9.5,68063232
2026-04-24T21:36:04.042779+00:00,recovery_scenario,iperf_tcp,50,3,,ryu_controller,361493,28.1,61476864
2026-04-24T21:36:04.152839+00:00,recovery_scenario,iperf_tcp,50,3,,twin_core,361501,17.8,68063232
2026-04-24T21:36:04.152839+00:00,recovery_scenario,iperf_tcp,50,3,,ryu_controller,361493,80.6,61476864
2026-04-24T21:36:04.310692+00:00,recovery_scenario,iperf_tcp,50,3,,twin_core,361501,12.4,68063232
2026-04-24T21:36:04.310692+00:00,recovery_scenario,iperf_tcp,50,3,,ryu_controller,361493,73.7,61476864
2026-04-24T21:36:04.425163+00:00,recovery_scenario,iperf_tcp,50,3,,twin_core,361501,18.5,68063232
2026-04-24T21:36:04.425163+00:00,recovery_scenario,iperf_tcp,50,3,,ryu_controller,361493,77.1,61476864
2026-04-24T21:36:04.527497+00:00,recovery_scenario,iperf_tcp,50,3,,twin_core,361501,9.8,68063232
2026-04-24T21:36:04.527497+00:00,recovery_scenario,iperf_tcp,50,3,,ryu_controller,361493,47.6,61476864
2026-04-24T21:36:04.632468+00:00,recovery_scenario,iperf_tcp,50,3,,twin_core,361501,0.0,68063232
2026-04-24T21:36:04.632468+00:00,recovery_scenario,iperf_tcp,50,3,,ryu_controller,361493,39.2,61476864
2026-04-24T21:36:04.739838+00:00,recovery_scenario,iperf_tcp,50,3,,twin_core,361501,0.0,68063232
2026-04-24T21:36:04.739838+00:00,recovery_scenario,iperf_tcp,50,3,,ryu_controller,361493,56.1,61476864
2026-04-24T21:36:04.841083+00:00,recovery_scenario,iperf_tcp,50,3,,twin_core,361501,0.0,68063232
2026-04-24T21:36:04.841083+00:00,recovery_scenario,iperf_tcp,50,3,,ryu_controller,361493,88.8,61476864
2026-04-24T21:36:04.942577+00:00,recovery_scenario,iperf_tcp,50,3,,twin_core,361501,0.0,68063232
2026-04-24T21:36:04.942577+00:00,recovery_scenario,iperf_tcp,50,3,,ryu_controller,361493,65.9,61476864
2026-04-24T21:36:05.050018+00:00,recovery_scenario,iperf_tcp,50,3,,twin_core,361501,18.6,68063232
2026-04-24T21:36:05.050018+00:00,recovery_scenario,iperf_tcp,50,3,,ryu_controller,361493,9.4,61476864
2026-04-24T21:36:05.154659+00:00,recovery_scenario,iperf_tcp,50,3,,twin_core,361501,9.6,68063232
2026-04-24T21:36:05.154659+00:00,recovery_scenario,iperf_tcp,50,3,,ryu_controller,361493,39.7,61476864
2026-04-24T21:36:05.255337+00:00,recovery_scenario,iperf_tcp,50,3,,twin_core,361501,9.9,68063232
2026-04-24T21:36:05.255337+00:00,recovery_scenario,iperf_tcp,50,3,,ryu_controller,361493,77.8,61476864
2026-04-24T21:36:05.358453+00:00,recovery_scenario,iperf_tcp,50,3,,twin_core,361501,19.5,68063232
2026-04-24T21:36:05.358453+00:00,recovery_scenario,iperf_tcp,50,3,,ryu_controller,361493,88.9,61476864
2026-04-24T21:36:05.459265+00:00,recovery_scenario,iperf_tcp,50,3,,twin_core,361501,9.9,68063232
2026-04-24T21:36:05.459265+00:00,recovery_scenario,iperf_tcp,50,3,,ryu_controller,361493,69.6,61476864
2026-04-24T21:36:05.559810+00:00,recovery_scenario,iperf_tcp,50,3,,twin_core,361501,0.0,68063232
2026-04-24T21:36:05.559810+00:00,recovery_scenario,iperf_tcp,50,3,,ryu_controller,361493,9.9,61476864
2026-04-24T21:36:05.660272+00:00,recovery_scenario,iperf_tcp,50,3,,twin_core,361501,0.0,68063232
2026-04-24T21:36:05.660272+00:00,recovery_scenario,iperf_tcp,50,3,,ryu_controller,361493,10.0,61476864
2026-04-24T21:36:05.762551+00:00,recovery_scenario,iperf_tcp,50,3,,twin_core,361501,0.0,68063232
2026-04-24T21:36:05.762551+00:00,recovery_scenario,iperf_tcp,50,3,,ryu_controller,361493,9.8,61476864
2026-04-24T21:36:05.864046+00:00,recovery_scenario,iperf_tcp,50,3,,twin_core,361501,0.0,68063232
2026-04-24T21:36:05.864046+00:00,recovery_scenario,iperf_tcp,50,3,,ryu_controller,361493,9.9,61476864
2026-04-24T21:36:05.974262+00:00,recovery_scenario,iperf_tcp,50,3,,twin_core,361501,9.1,68063232
2026-04-24T21:36:05.974262+00:00,recovery_scenario,iperf_tcp,50,3,,ryu_controller,361493,0.0,61476864
2026-04-24T21:36:06.074839+00:00,recovery_scenario,iperf_tcp,50,3,,twin_core,361501,0.0,68063232
2026-04-24T21:36:06.074839+00:00,recovery_scenario,iperf_tcp,50,3,,ryu_controller,361493,10.0,61476864
2026-04-24T21:36:06.175761+00:00,recovery_scenario,iperf_tcp,50,3,,twin_core,361501,0.0,68063232
2026-04-24T21:36:06.175761+00:00,recovery_scenario,iperf_tcp,50,3,,ryu_controller,361493,19.8,61476864
2026-04-24T21:36:06.278539+00:00,recovery_scenario,iperf_tcp,50,3,,twin_core,361501,0.0,68063232
2026-04-24T21:36:06.278539+00:00,recovery_scenario,iperf_tcp,50,3,,ryu_controller,361493,9.7,61476864
2026-04-24T21:36:06.380642+00:00,recovery_scenario,iperf_tcp,50,3,,twin_core,361501,0.0,68063232
2026-04-24T21:36:06.380642+00:00,recovery_scenario,iperf_tcp,50,3,,ryu_controller,361493,0.0,61476864
2026-04-24T21:36:06.481288+00:00,recovery_scenario,iperf_tcp,50,3,,twin_core,361501,0.0,68063232
2026-04-24T21:36:06.481288+00:00,recovery_scenario,iperf_tcp,50,3,,ryu_controller,361493,0.0,61476864
2026-04-24T21:36:06.581748+00:00,recovery_scenario,iperf_tcp,50,3,,twin_core,361501,0.0,68063232
2026-04-24T21:36:06.581748+00:00,recovery_scenario,iperf_tcp,50,3,,ryu_controller,361493,19.9,61476864
2026-04-24T21:36:06.682188+00:00,recovery_scenario,iperf_tcp,50,3,,twin_core,361501,0.0,68063232
2026-04-24T21:36:06.682188+00:00,recovery_scenario,iperf_tcp,50,3,,ryu_controller,361493,10.0,61476864
2026-04-24T21:36:06.784507+00:00,recovery_scenario,iperf_tcp,50,3,,twin_core,361501,9.8,68063232
2026-04-24T21:36:06.784507+00:00,recovery_scenario,iperf_tcp,50,3,,ryu_controller,361493,0.0,61476864
2026-04-24T21:36:06.885177+00:00,recovery_scenario,iperf_tcp,50,3,,twin_core,361501,0.0,68063232
2026-04-24T21:36:06.885177+00:00,recovery_scenario,iperf_tcp,50,3,,ryu_controller,361493,0.0,61476864
2026-04-24T21:36:06.985673+00:00,recovery_scenario,iperf_tcp,50,3,,twin_core,361501,0.0,68063232
2026-04-24T21:36:06.985673+00:00,recovery_scenario,iperf_tcp,50,3,,ryu_controller,361493,0.0,61476864
2026-04-24T21:36:07.088473+00:00,recovery_scenario,iperf_tcp,50,3,,twin_core,361501,0.0,68063232
2026-04-24T21:36:07.088473+00:00,recovery_scenario,iperf_tcp,50,3,,ryu_controller,361493,19.5,61476864
2026-04-24T21:36:07.189049+00:00,recovery_scenario,iperf_tcp,50,3,,twin_core,361501,0.0,68063232
2026-04-24T21:36:07.189049+00:00,recovery_scenario,iperf_tcp,50,3,,ryu_controller,361493,0.0,61476864
2026-04-24T21:36:07.289502+00:00,recovery_scenario,iperf_tcp,50,3,,twin_core,361501,0.0,68063232
2026-04-24T21:36:07.289502+00:00,recovery_scenario,iperf_tcp,50,3,,ryu_controller,361493,0.0,61476864
2026-04-24T21:36:07.390282+00:00,recovery_scenario,iperf_tcp,50,3,,twin_core,361501,0.0,68063232
2026-04-24T21:36:07.390282+00:00,recovery_scenario,iperf_tcp,50,3,,ryu_controller,361493,0.0,61476864
2026-04-24T21:36:07.490774+00:00,recovery_scenario,iperf_tcp,50,3,,twin_core,361501,9.9,68063232
2026-04-24T21:36:07.490774+00:00,recovery_scenario,iperf_tcp,50,3,,ryu_controller,361493,59.6,61476864
2026-04-24T21:36:07.629491+00:00,recovery_scenario,iperf_tcp,50,3,,twin_core,361501,7.2,68063232
2026-04-24T21:36:07.629491+00:00,recovery_scenario,iperf_tcp,50,3,,ryu_controller,361493,101.0,61476864
2026-04-24T21:36:07.730131+00:00,recovery_scenario,iperf_tcp,50,3,,twin_core,361501,19.9,68063232
2026-04-24T21:36:07.730131+00:00,recovery_scenario,iperf_tcp,50,3,,ryu_controller,361493,79.5,61476864
2026-04-24T21:36:07.833891+00:00,recovery_scenario,iperf_tcp,50,3,,twin_core,361501,9.6,68063232
2026-04-24T21:36:07.833891+00:00,recovery_scenario,iperf_tcp,50,3,,ryu_controller,361493,66.4,61476864
2026-04-24T21:36:07.937398+00:00,recovery_scenario,iperf_tcp,50,3,,twin_core,361501,9.7,68067328
2026-04-24T21:36:07.937398+00:00,recovery_scenario,iperf_tcp,50,3,,ryu_controller,361493,58.7,61476864
2026-04-24T21:36:08.043883+00:00,recovery_scenario,iperf_tcp,50,3,,twin_core,361501,0.0,68067328
2026-04-24T21:36:08.043883+00:00,recovery_scenario,iperf_tcp,50,3,,ryu_controller,361493,0.0,61476864
2026-04-24T21:36:08.152981+00:00,recovery_scenario,iperf_tcp,50,3,,twin_core,361501,0.0,68067328
2026-04-24T21:36:08.152981+00:00,recovery_scenario,iperf_tcp,50,3,,ryu_controller,361493,0.0,61476864
2026-04-24T21:36:08.262059+00:00,recovery_scenario,iperf_tcp,50,3,,twin_core,361501,0.0,68067328
2026-04-24T21:36:08.262059+00:00,recovery_scenario,iperf_tcp,50,3,,ryu_controller,361493,0.0,61476864
2026-04-24T21:36:08.372273+00:00,recovery_scenario,iperf_tcp,50,3,,twin_core,361501,0.0,68067328
2026-04-24T21:36:08.372273+00:00,recovery_scenario,iperf_tcp,50,3,,ryu_controller,361493,9.1,61476864
2026-04-24T21:36:08.396559+00:00,recovery_scenario,iperf_tcp,50,3,pingall_completed,,,,
2026-04-24T21:36:08.474454+00:00,recovery_scenario,iperf_tcp,50,3,,twin_core,361501,9.8,68067328
2026-04-24T21:36:08.474454+00:00,recovery_scenario,iperf_tcp,50,3,,ryu_controller,361493,0.0,61476864
2026-04-24T21:36:08.578491+00:00,recovery_scenario,iperf_tcp,50,3,,twin_core,361501,0.0,68067328
2026-04-24T21:36:08.578491+00:00,recovery_scenario,iperf_tcp,50,3,,ryu_controller,361493,0.0,61476864
2026-04-24T21:36:08.688873+00:00,recovery_scenario,iperf_tcp,50,3,,twin_core,361501,9.1,68067328
2026-04-24T21:36:08.688873+00:00,recovery_scenario,iperf_tcp,50,3,,ryu_controller,361493,0.0,61476864
2026-04-24T21:36:08.797552+00:00,recovery_scenario,iperf_tcp,50,3,,twin_core,361501,0.0,68067328
2026-04-24T21:36:08.797552+00:00,recovery_scenario,iperf_tcp,50,3,,ryu_controller,361493,0.0,61476864
2026-04-24T21:36:08.906595+00:00,recovery_scenario,iperf_tcp,50,3,,twin_core,361501,9.2,68067328
2026-04-24T21:36:08.906595+00:00,recovery_scenario,iperf_tcp,50,3,,ryu_controller,361493,0.0,61476864
2026-04-24T21:36:09.008657+00:00,recovery_scenario,iperf_tcp,50,3,,twin_core,361501,0.0,68067328
2026-04-24T21:36:09.008657+00:00,recovery_scenario,iperf_tcp,50,3,,ryu_controller,361493,0.0,61476864
2026-04-24T21:36:09.120123+00:00,recovery_scenario,iperf_tcp,50,3,,twin_core,361501,0.0,68067328
2026-04-24T21:36:09.120123+00:00,recovery_scenario,iperf_tcp,50,3,,ryu_controller,361493,0.0,61476864
2026-04-24T21:36:09.227781+00:00,recovery_scenario,iperf_tcp,50,3,,twin_core,361501,0.0,68067328
2026-04-24T21:36:09.227781+00:00,recovery_scenario,iperf_tcp,50,3,,ryu_controller,361493,9.3,61476864
2026-04-24T21:36:09.336982+00:00,recovery_scenario,iperf_tcp,50,3,,twin_core,361501,0.0,68067328
2026-04-24T21:36:09.336982+00:00,recovery_scenario,iperf_tcp,50,3,,ryu_controller,361493,0.0,61476864
2026-04-24T21:36:09.441969+00:00,recovery_scenario,iperf_tcp,50,3,,twin_core,361501,0.0,68067328
2026-04-24T21:36:09.441969+00:00,recovery_scenario,iperf_tcp,50,3,,ryu_controller,361493,0.0,61476864
2026-04-24T21:36:09.543206+00:00,recovery_scenario,iperf_tcp,50,3,,twin_core,361501,0.0,68067328
2026-04-24T21:36:09.543206+00:00,recovery_scenario,iperf_tcp,50,3,,ryu_controller,361493,0.0,61476864
2026-04-24T21:36:09.644000+00:00,recovery_scenario,iperf_tcp,50,3,,twin_core,361501,0.0,68067328
2026-04-24T21:36:09.644000+00:00,recovery_scenario,iperf_tcp,50,3,,ryu_controller,361493,0.0,61476864
2026-04-24T21:36:09.744479+00:00,recovery_scenario,iperf_tcp,50,3,,twin_core,361501,0.0,68067328
2026-04-24T21:36:09.744479+00:00,recovery_scenario,iperf_tcp,50,3,,ryu_controller,361493,0.0,61476864
2026-04-24T21:36:09.845647+00:00,recovery_scenario,iperf_tcp,50,3,,twin_core,361501,0.0,68067328
2026-04-24T21:36:09.845647+00:00,recovery_scenario,iperf_tcp,50,3,,ryu_controller,361493,0.0,61476864
2026-04-24T21:36:09.958965+00:00,recovery_scenario,iperf_tcp,50,3,,twin_core,361501,8.8,68067328
2026-04-24T21:36:09.958965+00:00,recovery_scenario,iperf_tcp,50,3,,ryu_controller,361493,61.9,61476864
2026-04-24T21:36:10.059558+00:00,recovery_scenario,iperf_tcp,50,3,,twin_core,361501,19.9,68067328
2026-04-24T21:36:10.059558+00:00,recovery_scenario,iperf_tcp,50,3,,ryu_controller,361493,79.5,61476864
2026-04-24T21:36:10.160942+00:00,recovery_scenario,iperf_tcp,50,3,,twin_core,361501,0.0,68067328
2026-04-24T21:36:10.160942+00:00,recovery_scenario,iperf_tcp,50,3,,ryu_controller,361493,88.8,61489152
2026-04-24T21:36:10.291546+00:00,recovery_scenario,iperf_tcp,50,3,,twin_core,361501,45.9,68067328
2026-04-24T21:36:10.291546+00:00,recovery_scenario,iperf_tcp,50,3,,ryu_controller,361493,91.6,61530112
2026-04-24T21:36:10.392458+00:00,recovery_scenario,iperf_tcp,50,3,,twin_core,361501,9.9,68067328
2026-04-24T21:36:10.392458+00:00,recovery_scenario,iperf_tcp,50,3,,ryu_controller,361493,97.7,61530112
2026-04-24T21:36:10.450980+00:00,recovery_scenario,iperf_tcp,50,3,background_traffic_started,,,,
2026-04-24T21:36:10.498122+00:00,recovery_scenario,iperf_tcp,50,3,,twin_core,361501,9.5,68075520
2026-04-24T21:36:10.498122+00:00,recovery_scenario,iperf_tcp,50,3,,ryu_controller,361493,77.1,61530112
2026-04-24T21:36:10.599815+00:00,recovery_scenario,iperf_tcp,50,3,,twin_core,361501,19.6,68075520
2026-04-24T21:36:10.599815+00:00,recovery_scenario,iperf_tcp,50,3,,ryu_controller,361493,88.0,61530112
2026-04-24T21:36:10.619051+00:00,recovery_scenario,iperf_tcp,50,3,fault_injected,,,,
2026-04-24T21:36:10.701014+00:00,recovery_scenario,iperf_tcp,50,3,,twin_core,361501,9.9,68079616
2026-04-24T21:36:10.701014+00:00,recovery_scenario,iperf_tcp,50,3,,ryu_controller,361493,59.7,61530112
2026-04-24T21:36:10.801500+00:00,recovery_scenario,iperf_tcp,50,3,,twin_core,361501,0.0,68079616
2026-04-24T21:36:10.801500+00:00,recovery_scenario,iperf_tcp,50,3,,ryu_controller,361493,109.4,61530112
2026-04-24T21:36:10.902062+00:00,recovery_scenario,iperf_tcp,50,3,,twin_core,361501,0.0,68079616
2026-04-24T21:36:10.902062+00:00,recovery_scenario,iperf_tcp,50,3,,ryu_controller,361493,89.4,61530112
2026-04-24T21:36:11.003288+00:00,recovery_scenario,iperf_tcp,50,3,,twin_core,361501,0.0,68079616
2026-04-24T21:36:11.003288+00:00,recovery_scenario,iperf_tcp,50,3,,ryu_controller,361493,9.8,61530112
2026-04-24T21:36:11.105081+00:00,recovery_scenario,iperf_tcp,50,3,,twin_core,361501,0.0,68079616
2026-04-24T21:36:11.105081+00:00,recovery_scenario,iperf_tcp,50,3,,ryu_controller,361493,0.0,61530112
2026-04-24T21:36:11.205974+00:00,recovery_scenario,iperf_tcp,50,3,,twin_core,361501,0.0,68079616
2026-04-24T21:36:11.205974+00:00,recovery_scenario,iperf_tcp,50,3,,ryu_controller,361493,9.9,61530112
2026-04-24T21:36:11.306474+00:00,recovery_scenario,iperf_tcp,50,3,,twin_core,361501,0.0,68079616
2026-04-24T21:36:11.306474+00:00,recovery_scenario,iperf_tcp,50,3,,ryu_controller,361493,0.0,61530112
2026-04-24T21:36:11.407051+00:00,recovery_scenario,iperf_tcp,50,3,,twin_core,361501,0.0,68079616
2026-04-24T21:36:11.407051+00:00,recovery_scenario,iperf_tcp,50,3,,ryu_controller,361493,29.9,61530112
2026-04-24T21:36:11.507584+00:00,recovery_scenario,iperf_tcp,50,3,,twin_core,361501,0.0,68079616
2026-04-24T21:36:11.507584+00:00,recovery_scenario,iperf_tcp,50,3,,ryu_controller,361493,0.0,61530112
2026-04-24T21:36:11.608501+00:00,recovery_scenario,iperf_tcp,50,3,,twin_core,361501,0.0,68079616
2026-04-24T21:36:11.608501+00:00,recovery_scenario,iperf_tcp,50,3,,ryu_controller,361493,9.9,61530112
2026-04-24T21:36:11.709415+00:00,recovery_scenario,iperf_tcp,50,3,,twin_core,361501,9.9,68079616
2026-04-24T21:36:11.709415+00:00,recovery_scenario,iperf_tcp,50,3,,ryu_controller,361493,9.9,61530112
2026-04-24T21:36:11.810158+00:00,recovery_scenario,iperf_tcp,50,3,,twin_core,361501,0.0,68079616
2026-04-24T21:36:11.810158+00:00,recovery_scenario,iperf_tcp,50,3,,ryu_controller,361493,0.0,61530112
2026-04-24T21:36:11.911042+00:00,recovery_scenario,iperf_tcp,50,3,,twin_core,361501,0.0,68079616
2026-04-24T21:36:11.911042+00:00,recovery_scenario,iperf_tcp,50,3,,ryu_controller,361493,19.9,61530112
2026-04-24T21:36:12.011554+00:00,recovery_scenario,iperf_tcp,50,3,,twin_core,361501,0.0,68079616
2026-04-24T21:36:12.011554+00:00,recovery_scenario,iperf_tcp,50,3,,ryu_controller,361493,9.9,61530112
2026-04-24T21:36:12.112896+00:00,recovery_scenario,iperf_tcp,50,3,,twin_core,361501,0.0,68079616
2026-04-24T21:36:12.112896+00:00,recovery_scenario,iperf_tcp,50,3,,ryu_controller,361493,0.0,61530112
2026-04-24T21:36:12.214926+00:00,recovery_scenario,iperf_tcp,50,3,,twin_core,361501,0.0,68079616
2026-04-24T21:36:12.214926+00:00,recovery_scenario,iperf_tcp,50,3,,ryu_controller,361493,0.0,61530112
2026-04-24T21:36:12.315393+00:00,recovery_scenario,iperf_tcp,50,3,,twin_core,361501,10.0,68079616
2026-04-24T21:36:12.315393+00:00,recovery_scenario,iperf_tcp,50,3,,ryu_controller,361493,0.0,61530112
2026-04-24T21:36:12.416002+00:00,recovery_scenario,iperf_tcp,50,3,,twin_core,361501,0.0,68079616
2026-04-24T21:36:12.416002+00:00,recovery_scenario,iperf_tcp,50,3,,ryu_controller,361493,39.8,61530112
2026-04-24T21:36:12.516864+00:00,recovery_scenario,iperf_tcp,50,3,,twin_core,361501,9.9,68079616
2026-04-24T21:36:12.516864+00:00,recovery_scenario,iperf_tcp,50,3,,ryu_controller,361493,89.1,61530112
2026-04-24T21:36:12.617821+00:00,recovery_scenario,iperf_tcp,50,3,,twin_core,361501,9.9,68079616
2026-04-24T21:36:12.617821+00:00,recovery_scenario,iperf_tcp,50,3,,ryu_controller,361493,68.7,61530112
2026-04-24T21:36:12.719483+00:00,recovery_scenario,iperf_tcp,50,3,,twin_core,361501,9.8,68079616
2026-04-24T21:36:12.719483+00:00,recovery_scenario,iperf_tcp,50,3,,ryu_controller,361493,59.4,61530112
2026-04-24T21:36:12.749099+00:00,recovery_scenario,iperf_tcp,50,3,recovery_requested,,,,
2026-04-24T21:36:12.820435+00:00,recovery_scenario,iperf_tcp,50,3,,twin_core,361501,0.0,68079616
2026-04-24T21:36:12.820435+00:00,recovery_scenario,iperf_tcp,50,3,,ryu_controller,361493,49.7,61530112
2026-04-24T21:36:12.921093+00:00,recovery_scenario,iperf_tcp,50,3,,twin_core,361501,9.9,68079616
2026-04-24T21:36:12.921093+00:00,recovery_scenario,iperf_tcp,50,3,,ryu_controller,361493,49.4,61530112
2026-04-24T21:36:13.022333+00:00,recovery_scenario,iperf_tcp,50,3,,twin_core,361501,0.0,68079616
2026-04-24T21:36:13.022333+00:00,recovery_scenario,iperf_tcp,50,3,,ryu_controller,361493,79.3,61530112
2026-04-24T21:36:13.123088+00:00,recovery_scenario,iperf_tcp,50,3,,twin_core,361501,0.0,68079616
2026-04-24T21:36:13.123088+00:00,recovery_scenario,iperf_tcp,50,3,,ryu_controller,361493,109.5,61530112
2026-04-24T21:36:13.223450+00:00,recovery_scenario,iperf_tcp,50,3,,twin_core,361501,0.0,68079616
2026-04-24T21:36:13.223450+00:00,recovery_scenario,iperf_tcp,50,3,,ryu_controller,361493,99.4,61530112
2026-04-24T21:36:13.324274+00:00,recovery_scenario,iperf_tcp,50,3,,twin_core,361501,9.9,68079616
2026-04-24T21:36:13.324274+00:00,recovery_scenario,iperf_tcp,50,3,,ryu_controller,361493,89.3,61530112
2026-04-24T21:36:13.424929+00:00,recovery_scenario,iperf_tcp,50,3,,twin_core,361501,0.0,68079616
2026-04-24T21:36:13.424929+00:00,recovery_scenario,iperf_tcp,50,3,,ryu_controller,361493,99.5,61530112
2026-04-24T21:36:13.525335+00:00,recovery_scenario,iperf_tcp,50,3,,twin_core,361501,0.0,68079616
2026-04-24T21:36:13.525335+00:00,recovery_scenario,iperf_tcp,50,3,,ryu_controller,361493,99.6,61530112
2026-04-24T21:36:13.625696+00:00,recovery_scenario,iperf_tcp,50,3,,twin_core,361501,0.0,68079616
2026-04-24T21:36:13.625696+00:00,recovery_scenario,iperf_tcp,50,3,,ryu_controller,361493,109.5,61530112
2026-04-24T21:36:13.726288+00:00,recovery_scenario,iperf_tcp,50,3,,twin_core,361501,0.0,68079616
2026-04-24T21:36:13.726288+00:00,recovery_scenario,iperf_tcp,50,3,,ryu_controller,361493,69.2,61530112
2026-04-24T21:36:13.828104+00:00,recovery_scenario,iperf_tcp,50,3,,twin_core,361501,0.0,68079616
2026-04-24T21:36:13.828104+00:00,recovery_scenario,iperf_tcp,50,3,,ryu_controller,361493,29.4,61530112
2026-04-24T21:36:13.929317+00:00,recovery_scenario,iperf_tcp,50,3,,twin_core,361501,0.0,68079616
2026-04-24T21:36:13.929317+00:00,recovery_scenario,iperf_tcp,50,3,,ryu_controller,361493,0.0,61530112
2026-04-24T21:36:14.030552+00:00,recovery_scenario,iperf_tcp,50,3,,twin_core,361501,0.0,68079616
2026-04-24T21:36:14.030552+00:00,recovery_scenario,iperf_tcp,50,3,,ryu_controller,361493,19.8,61530112
2026-04-24T21:36:14.131730+00:00,recovery_scenario,iperf_tcp,50,3,,twin_core,361501,0.0,68079616
2026-04-24T21:36:14.131730+00:00,recovery_scenario,iperf_tcp,50,3,,ryu_controller,361493,0.0,61530112
2026-04-24T21:36:14.238736+00:00,recovery_scenario,iperf_tcp,50,3,,twin_core,361501,0.0,68079616
2026-04-24T21:36:14.238736+00:00,recovery_scenario,iperf_tcp,50,3,,ryu_controller,361493,0.0,61530112
2026-04-24T21:36:14.343417+00:00,recovery_scenario,iperf_tcp,50,3,,twin_core,361501,0.0,68079616
2026-04-24T21:36:14.343417+00:00,recovery_scenario,iperf_tcp,50,3,,ryu_controller,361493,48.8,61530112
2026-04-24T21:36:14.447015+00:00,recovery_scenario,iperf_tcp,50,3,,twin_core,361501,0.0,68079616
2026-04-24T21:36:14.447015+00:00,recovery_scenario,iperf_tcp,50,3,,ryu_controller,361493,9.7,61530112
2026-04-24T21:36:14.547472+00:00,recovery_scenario,iperf_tcp,50,3,,twin_core,361501,0.0,68079616
2026-04-24T21:36:14.547472+00:00,recovery_scenario,iperf_tcp,50,3,,ryu_controller,361493,49.6,61530112
2026-04-24T21:36:14.648167+00:00,recovery_scenario,iperf_tcp,50,3,,twin_core,361501,29.7,68079616
2026-04-24T21:36:14.648167+00:00,recovery_scenario,iperf_tcp,50,3,,ryu_controller,361493,78.8,61530112
2026-04-24T21:36:14.750365+00:00,recovery_scenario,iperf_tcp,50,3,,twin_core,361501,0.0,68079616
2026-04-24T21:36:14.750365+00:00,recovery_scenario,iperf_tcp,50,3,,ryu_controller,361493,59.2,61530112
2026-04-24T21:36:14.852672+00:00,recovery_scenario,iperf_tcp,50,3,,twin_core,361501,19.3,68079616
2026-04-24T21:36:14.852672+00:00,recovery_scenario,iperf_tcp,50,3,,ryu_controller,361493,77.3,61534208
2026-04-24T21:36:14.943168+00:00,recovery_scenario,iperf_tcp,50,3,scenario_teardown,,,,
2026-04-24T21:36:14.954622+00:00,recovery_scenario,iperf_tcp,50,3,,twin_core,361501,19.9,68079616
2026-04-24T21:36:14.954622+00:00,recovery_scenario,iperf_tcp,50,3,,ryu_controller,361493,79.3,61534208
2026-04-24T21:36:15.056130+00:00,recovery_scenario,iperf_tcp,50,3,,twin_core,361501,0.0,68079616
2026-04-24T21:36:15.056130+00:00,recovery_scenario,iperf_tcp,50,3,,ryu_controller,361493,9.9,61534208
2026-04-24T21:36:15.156495+00:00,recovery_scenario,iperf_tcp,50,3,,twin_core,361501,0.0,68079616
2026-04-24T21:36:15.156495+00:00,recovery_scenario,iperf_tcp,50,3,,ryu_controller,361493,9.9,61534208
2026-04-24T21:36:15.257356+00:00,recovery_scenario,iperf_tcp,50,3,,twin_core,361501,0.0,68079616
2026-04-24T21:36:15.257356+00:00,recovery_scenario,iperf_tcp,50,3,,ryu_controller,361493,9.9,61534208
2026-04-24T21:36:15.358047+00:00,recovery_scenario,iperf_tcp,50,3,,twin_core,361501,9.9,68079616
2026-04-24T21:36:15.358047+00:00,recovery_scenario,iperf_tcp,50,3,,ryu_controller,361493,9.9,61534208
2026-04-24T21:36:15.953088+00:00,recovery_scenario,iperf_tcp,50,4,,twin_core,361501,0.0,68079616
2026-04-24T21:36:15.953088+00:00,recovery_scenario,iperf_tcp,50,4,,ryu_controller,361493,0.0,61534208
2026-04-24T21:36:16.055149+00:00,recovery_scenario,iperf_tcp,50,4,,twin_core,361501,19.6,68079616
2026-04-24T21:36:16.055149+00:00,recovery_scenario,iperf_tcp,50,4,,ryu_controller,361493,39.6,61534208
2026-04-24T21:36:16.172315+00:00,recovery_scenario,iperf_tcp,50,4,,twin_core,361501,0.0,68079616
2026-04-24T21:36:16.172315+00:00,recovery_scenario,iperf_tcp,50,4,,ryu_controller,361493,16.9,61534208
2026-04-24T21:36:16.290924+00:00,recovery_scenario,iperf_tcp,50,4,,twin_core,361501,0.0,68079616
2026-04-24T21:36:16.290924+00:00,recovery_scenario,iperf_tcp,50,4,,ryu_controller,361493,67.8,61534208
2026-04-24T21:36:16.393990+00:00,recovery_scenario,iperf_tcp,50,4,,twin_core,361501,9.7,68079616
2026-04-24T21:36:16.393990+00:00,recovery_scenario,iperf_tcp,50,4,,ryu_controller,361493,76.6,61534208
2026-04-24T21:36:16.510131+00:00,recovery_scenario,iperf_tcp,50,4,,twin_core,361501,8.7,68079616
2026-04-24T21:36:16.510131+00:00,recovery_scenario,iperf_tcp,50,4,,ryu_controller,361493,68.8,61534208
2026-04-24T21:36:16.624838+00:00,recovery_scenario,iperf_tcp,50,4,,twin_core,361501,26.2,68079616
2026-04-24T21:36:16.624838+00:00,recovery_scenario,iperf_tcp,50,4,,ryu_controller,361493,35.1,61534208
2026-04-24T21:36:16.728247+00:00,recovery_scenario,iperf_tcp,50,4,,twin_core,361501,0.0,68079616
2026-04-24T21:36:16.728247+00:00,recovery_scenario,iperf_tcp,50,4,,ryu_controller,361493,52.0,61534208
2026-04-24T21:36:16.841366+00:00,recovery_scenario,iperf_tcp,50,4,,twin_core,361501,35.4,68079616
2026-04-24T21:36:16.841366+00:00,recovery_scenario,iperf_tcp,50,4,,ryu_controller,361493,79.0,61534208
2026-04-24T21:36:16.949596+00:00,recovery_scenario,iperf_tcp,50,4,,twin_core,361501,0.0,68079616
2026-04-24T21:36:16.949596+00:00,recovery_scenario,iperf_tcp,50,4,,ryu_controller,361493,101.5,61534208
2026-04-24T21:36:17.066385+00:00,recovery_scenario,iperf_tcp,50,4,,twin_core,361501,8.6,68079616
2026-04-24T21:36:17.066385+00:00,recovery_scenario,iperf_tcp,50,4,,ryu_controller,361493,93.2,61534208
2026-04-24T21:36:17.167443+00:00,recovery_scenario,iperf_tcp,50,4,,twin_core,361501,9.9,68079616
2026-04-24T21:36:17.167443+00:00,recovery_scenario,iperf_tcp,50,4,,ryu_controller,361493,88.1,61534208
2026-04-24T21:36:17.273580+00:00,recovery_scenario,iperf_tcp,50,4,,twin_core,361501,9.4,68079616
2026-04-24T21:36:17.273580+00:00,recovery_scenario,iperf_tcp,50,4,,ryu_controller,361493,57.3,61534208
2026-04-24T21:36:17.338089+00:00,recovery_scenario,iperf_tcp,50,4,service_started,,,,
2026-04-24T21:36:17.374213+00:00,recovery_scenario,iperf_tcp,50,4,,twin_core,361501,29.7,68079616
2026-04-24T21:36:17.374213+00:00,recovery_scenario,iperf_tcp,50,4,,ryu_controller,361493,59.4,61534208
2026-04-24T21:36:17.475569+00:00,recovery_scenario,iperf_tcp,50,4,,twin_core,361501,9.9,68079616
2026-04-24T21:36:17.475569+00:00,recovery_scenario,iperf_tcp,50,4,,ryu_controller,361493,69.5,61534208
2026-04-24T21:36:17.576014+00:00,recovery_scenario,iperf_tcp,50,4,,twin_core,361501,0.0,68079616
2026-04-24T21:36:17.576014+00:00,recovery_scenario,iperf_tcp,50,4,,ryu_controller,361493,29.9,61534208
2026-04-24T21:36:17.676377+00:00,recovery_scenario,iperf_tcp,50,4,,twin_core,361501,0.0,68079616
2026-04-24T21:36:17.676377+00:00,recovery_scenario,iperf_tcp,50,4,,ryu_controller,361493,29.9,61534208
2026-04-24T21:36:17.776822+00:00,recovery_scenario,iperf_tcp,50,4,,twin_core,361501,0.0,68079616
2026-04-24T21:36:17.776822+00:00,recovery_scenario,iperf_tcp,50,4,,ryu_controller,361493,10.0,61534208
2026-04-24T21:36:17.877224+00:00,recovery_scenario,iperf_tcp,50,4,,twin_core,361501,0.0,68079616
2026-04-24T21:36:17.877224+00:00,recovery_scenario,iperf_tcp,50,4,,ryu_controller,361493,19.9,61534208
2026-04-24T21:36:17.977802+00:00,recovery_scenario,iperf_tcp,50,4,,twin_core,361501,0.0,68079616
2026-04-24T21:36:17.977802+00:00,recovery_scenario,iperf_tcp,50,4,,ryu_controller,361493,19.9,61534208
2026-04-24T21:36:18.080674+00:00,recovery_scenario,iperf_tcp,50,4,,twin_core,361501,0.0,68079616
2026-04-24T21:36:18.080674+00:00,recovery_scenario,iperf_tcp,50,4,,ryu_controller,361493,0.0,61534208
2026-04-24T21:36:18.189069+00:00,recovery_scenario,iperf_tcp,50,4,,twin_core,361501,0.0,68079616
2026-04-24T21:36:18.189069+00:00,recovery_scenario,iperf_tcp,50,4,,ryu_controller,361493,9.3,61534208
2026-04-24T21:36:18.289519+00:00,recovery_scenario,iperf_tcp,50,4,,twin_core,361501,0.0,68079616
2026-04-24T21:36:18.289519+00:00,recovery_scenario,iperf_tcp,50,4,,ryu_controller,361493,9.9,61534208
2026-04-24T21:36:18.391202+00:00,recovery_scenario,iperf_tcp,50,4,,twin_core,361501,0.0,68079616
2026-04-24T21:36:18.391202+00:00,recovery_scenario,iperf_tcp,50,4,,ryu_controller,361493,0.0,61534208
2026-04-24T21:36:18.495179+00:00,recovery_scenario,iperf_tcp,50,4,,twin_core,361501,9.6,68079616
2026-04-24T21:36:18.495179+00:00,recovery_scenario,iperf_tcp,50,4,,ryu_controller,361493,9.6,61534208
2026-04-24T21:36:18.595993+00:00,recovery_scenario,iperf_tcp,50,4,,twin_core,361501,0.0,68079616
2026-04-24T21:36:18.595993+00:00,recovery_scenario,iperf_tcp,50,4,,ryu_controller,361493,0.0,61534208
2026-04-24T21:36:18.703314+00:00,recovery_scenario,iperf_tcp,50,4,,twin_core,361501,0.0,68079616
2026-04-24T21:36:18.703314+00:00,recovery_scenario,iperf_tcp,50,4,,ryu_controller,361493,0.0,61534208
2026-04-24T21:36:18.809759+00:00,recovery_scenario,iperf_tcp,50,4,,twin_core,361501,0.0,68079616
2026-04-24T21:36:18.809759+00:00,recovery_scenario,iperf_tcp,50,4,,ryu_controller,361493,9.4,61534208
2026-04-24T21:36:18.914875+00:00,recovery_scenario,iperf_tcp,50,4,,twin_core,361501,0.0,68079616
2026-04-24T21:36:18.914875+00:00,recovery_scenario,iperf_tcp,50,4,,ryu_controller,361493,0.0,61534208
2026-04-24T21:36:19.015358+00:00,recovery_scenario,iperf_tcp,50,4,,twin_core,361501,0.0,68079616
2026-04-24T21:36:19.015358+00:00,recovery_scenario,iperf_tcp,50,4,,ryu_controller,361493,0.0,61534208
2026-04-24T21:36:19.122657+00:00,recovery_scenario,iperf_tcp,50,4,,twin_core,361501,0.0,68079616
2026-04-24T21:36:19.122657+00:00,recovery_scenario,iperf_tcp,50,4,,ryu_controller,361493,9.3,61534208
2026-04-24T21:36:19.223575+00:00,recovery_scenario,iperf_tcp,50,4,,twin_core,361501,0.0,68079616
2026-04-24T21:36:19.223575+00:00,recovery_scenario,iperf_tcp,50,4,,ryu_controller,361493,0.0,61534208
2026-04-24T21:36:19.324163+00:00,recovery_scenario,iperf_tcp,50,4,,twin_core,361501,0.0,68079616
2026-04-24T21:36:19.324163+00:00,recovery_scenario,iperf_tcp,50,4,,ryu_controller,361493,39.8,61534208
2026-04-24T21:36:19.429764+00:00,recovery_scenario,iperf_tcp,50,4,,twin_core,361501,0.0,68079616
2026-04-24T21:36:19.429764+00:00,recovery_scenario,iperf_tcp,50,4,,ryu_controller,361493,0.0,61534208
2026-04-24T21:36:19.535133+00:00,recovery_scenario,iperf_tcp,50,4,,twin_core,361501,19.0,68079616
2026-04-24T21:36:19.535133+00:00,recovery_scenario,iperf_tcp,50,4,,ryu_controller,361493,38.0,61534208
2026-04-24T21:36:19.635780+00:00,recovery_scenario,iperf_tcp,50,4,,twin_core,361501,0.0,68079616
2026-04-24T21:36:19.635780+00:00,recovery_scenario,iperf_tcp,50,4,,ryu_controller,361493,9.9,61534208
2026-04-24T21:36:19.737858+00:00,recovery_scenario,iperf_tcp,50,4,,twin_core,361501,0.0,68079616
2026-04-24T21:36:19.737858+00:00,recovery_scenario,iperf_tcp,50,4,,ryu_controller,361493,9.8,61534208
2026-04-24T21:36:19.838462+00:00,recovery_scenario,iperf_tcp,50,4,,twin_core,361501,0.0,68079616
2026-04-24T21:36:19.838462+00:00,recovery_scenario,iperf_tcp,50,4,,ryu_controller,361493,10.0,61534208
2026-04-24T21:36:19.940271+00:00,recovery_scenario,iperf_tcp,50,4,,twin_core,361501,0.0,68079616
2026-04-24T21:36:19.940271+00:00,recovery_scenario,iperf_tcp,50,4,,ryu_controller,361493,9.8,61534208
2026-04-24T21:36:20.040875+00:00,recovery_scenario,iperf_tcp,50,4,,twin_core,361501,9.9,68079616
2026-04-24T21:36:20.040875+00:00,recovery_scenario,iperf_tcp,50,4,,ryu_controller,361493,19.9,61534208
2026-04-24T21:36:20.142372+00:00,recovery_scenario,iperf_tcp,50,4,,twin_core,361501,0.0,68079616
2026-04-24T21:36:20.142372+00:00,recovery_scenario,iperf_tcp,50,4,,ryu_controller,361493,9.8,61534208
2026-04-24T21:36:20.243054+00:00,recovery_scenario,iperf_tcp,50,4,,twin_core,361501,0.0,68079616
2026-04-24T21:36:20.243054+00:00,recovery_scenario,iperf_tcp,50,4,,ryu_controller,361493,0.0,61534208
2026-04-24T21:36:20.343533+00:00,recovery_scenario,iperf_tcp,50,4,,twin_core,361501,0.0,68079616
2026-04-24T21:36:20.343533+00:00,recovery_scenario,iperf_tcp,50,4,,ryu_controller,361493,19.9,61534208
2026-04-24T21:36:20.444045+00:00,recovery_scenario,iperf_tcp,50,4,,twin_core,361501,0.0,68079616
2026-04-24T21:36:20.444045+00:00,recovery_scenario,iperf_tcp,50,4,,ryu_controller,361493,10.0,61534208
2026-04-24T21:36:20.544458+00:00,recovery_scenario,iperf_tcp,50,4,,twin_core,361501,0.0,68079616
2026-04-24T21:36:20.544458+00:00,recovery_scenario,iperf_tcp,50,4,,ryu_controller,361493,10.0,61534208
2026-04-24T21:36:20.644891+00:00,recovery_scenario,iperf_tcp,50,4,,twin_core,361501,0.0,68079616
2026-04-24T21:36:20.644891+00:00,recovery_scenario,iperf_tcp,50,4,,ryu_controller,361493,9.8,61534208
2026-04-24T21:36:20.747312+00:00,recovery_scenario,iperf_tcp,50,4,,twin_core,361501,0.0,68079616
2026-04-24T21:36:20.747312+00:00,recovery_scenario,iperf_tcp,50,4,,ryu_controller,361493,9.9,61534208
2026-04-24T21:36:20.847769+00:00,recovery_scenario,iperf_tcp,50,4,,twin_core,361501,0.0,68079616
2026-04-24T21:36:20.847769+00:00,recovery_scenario,iperf_tcp,50,4,,ryu_controller,361493,9.9,61534208
2026-04-24T21:36:20.948906+00:00,recovery_scenario,iperf_tcp,50,4,,twin_core,361501,9.9,68079616
2026-04-24T21:36:20.948906+00:00,recovery_scenario,iperf_tcp,50,4,,ryu_controller,361493,19.6,61534208
2026-04-24T21:36:21.052356+00:00,recovery_scenario,iperf_tcp,50,4,,twin_core,361501,0.0,68079616
2026-04-24T21:36:21.052356+00:00,recovery_scenario,iperf_tcp,50,4,,ryu_controller,361493,58.0,61534208
2026-04-24T21:36:21.154366+00:00,recovery_scenario,iperf_tcp,50,4,,twin_core,361501,0.0,68079616
2026-04-24T21:36:21.154366+00:00,recovery_scenario,iperf_tcp,50,4,,ryu_controller,361493,29.6,61534208
2026-04-24T21:36:21.259372+00:00,recovery_scenario,iperf_tcp,50,4,,twin_core,361501,0.0,68079616
2026-04-24T21:36:21.259372+00:00,recovery_scenario,iperf_tcp,50,4,,ryu_controller,361493,19.1,61534208
2026-04-24T21:36:21.359915+00:00,recovery_scenario,iperf_tcp,50,4,,twin_core,361501,0.0,68079616
2026-04-24T21:36:21.359915+00:00,recovery_scenario,iperf_tcp,50,4,,ryu_controller,361493,59.7,61534208
2026-04-24T21:36:21.460327+00:00,recovery_scenario,iperf_tcp,50,4,,twin_core,361501,0.0,68079616
2026-04-24T21:36:21.460327+00:00,recovery_scenario,iperf_tcp,50,4,,ryu_controller,361493,59.6,61546496
2026-04-24T21:36:21.561037+00:00,recovery_scenario,iperf_tcp,50,4,,twin_core,361501,9.9,68079616
2026-04-24T21:36:21.561037+00:00,recovery_scenario,iperf_tcp,50,4,,ryu_controller,361493,59.7,61546496
2026-04-24T21:36:21.663079+00:00,recovery_scenario,iperf_tcp,50,4,,twin_core,361501,19.6,68079616
2026-04-24T21:36:21.663079+00:00,recovery_scenario,iperf_tcp,50,4,,ryu_controller,361493,68.4,61546496
2026-04-24T21:36:21.764002+00:00,recovery_scenario,iperf_tcp,50,4,,twin_core,361501,9.9,68079616
2026-04-24T21:36:21.764002+00:00,recovery_scenario,iperf_tcp,50,4,,ryu_controller,361493,0.0,61546496
2026-04-24T21:36:21.864514+00:00,recovery_scenario,iperf_tcp,50,4,,twin_core,361501,0.0,68079616
2026-04-24T21:36:21.864514+00:00,recovery_scenario,iperf_tcp,50,4,,ryu_controller,361493,9.9,61546496
2026-04-24T21:36:21.965128+00:00,recovery_scenario,iperf_tcp,50,4,,twin_core,361501,0.0,68079616
2026-04-24T21:36:21.965128+00:00,recovery_scenario,iperf_tcp,50,4,,ryu_controller,361493,19.9,61546496
2026-04-24T21:36:22.067386+00:00,recovery_scenario,iperf_tcp,50,4,,twin_core,361501,0.0,68079616
2026-04-24T21:36:22.067386+00:00,recovery_scenario,iperf_tcp,50,4,,ryu_controller,361493,9.8,61546496
2026-04-24T21:36:22.170157+00:00,recovery_scenario,iperf_tcp,50,4,,twin_core,361501,0.0,68079616
2026-04-24T21:36:22.170157+00:00,recovery_scenario,iperf_tcp,50,4,,ryu_controller,361493,19.5,61546496
2026-04-24T21:36:22.272945+00:00,recovery_scenario,iperf_tcp,50,4,,twin_core,361501,0.0,68079616
2026-04-24T21:36:22.272945+00:00,recovery_scenario,iperf_tcp,50,4,,ryu_controller,361493,0.0,61546496
2026-04-24T21:36:22.373381+00:00,recovery_scenario,iperf_tcp,50,4,,twin_core,361501,0.0,68079616
2026-04-24T21:36:22.373381+00:00,recovery_scenario,iperf_tcp,50,4,,ryu_controller,361493,19.9,61546496
2026-04-24T21:36:22.473971+00:00,recovery_scenario,iperf_tcp,50,4,,twin_core,361501,0.0,68079616
2026-04-24T21:36:22.473971+00:00,recovery_scenario,iperf_tcp,50,4,,ryu_controller,361493,9.9,61546496
2026-04-24T21:36:22.574447+00:00,recovery_scenario,iperf_tcp,50,4,,twin_core,361501,0.0,68079616
2026-04-24T21:36:22.574447+00:00,recovery_scenario,iperf_tcp,50,4,,ryu_controller,361493,10.0,61546496
2026-04-24T21:36:22.679032+00:00,recovery_scenario,iperf_tcp,50,4,,twin_core,361501,0.0,68079616
2026-04-24T21:36:22.679032+00:00,recovery_scenario,iperf_tcp,50,4,,ryu_controller,361493,9.5,61546496
2026-04-24T21:36:22.780078+00:00,recovery_scenario,iperf_tcp,50,4,,twin_core,361501,9.9,68079616
2026-04-24T21:36:22.780078+00:00,recovery_scenario,iperf_tcp,50,4,,ryu_controller,361493,0.0,61546496
2026-04-24T21:36:22.880906+00:00,recovery_scenario,iperf_tcp,50,4,,twin_core,361501,0.0,68079616
2026-04-24T21:36:22.880906+00:00,recovery_scenario,iperf_tcp,50,4,,ryu_controller,361493,0.0,61546496
2026-04-24T21:36:22.981836+00:00,recovery_scenario,iperf_tcp,50,4,,twin_core,361501,0.0,68079616
2026-04-24T21:36:22.981836+00:00,recovery_scenario,iperf_tcp,50,4,,ryu_controller,361493,19.8,61546496
2026-04-24T21:36:23.082276+00:00,recovery_scenario,iperf_tcp,50,4,,twin_core,361501,0.0,68079616
2026-04-24T21:36:23.082276+00:00,recovery_scenario,iperf_tcp,50,4,,ryu_controller,361493,0.0,61546496
2026-04-24T21:36:23.182781+00:00,recovery_scenario,iperf_tcp,50,4,,twin_core,361501,0.0,68079616
2026-04-24T21:36:23.182781+00:00,recovery_scenario,iperf_tcp,50,4,,ryu_controller,361493,0.0,61546496
2026-04-24T21:36:23.283485+00:00,recovery_scenario,iperf_tcp,50,4,,twin_core,361501,0.0,68079616
2026-04-24T21:36:23.283485+00:00,recovery_scenario,iperf_tcp,50,4,,ryu_controller,361493,0.0,61546496
2026-04-24T21:36:23.386372+00:00,recovery_scenario,iperf_tcp,50,4,,twin_core,361501,0.0,68079616
2026-04-24T21:36:23.386372+00:00,recovery_scenario,iperf_tcp,50,4,,ryu_controller,361493,9.7,61546496
2026-04-24T21:36:23.487521+00:00,recovery_scenario,iperf_tcp,50,4,,twin_core,361501,9.9,68079616
2026-04-24T21:36:23.487521+00:00,recovery_scenario,iperf_tcp,50,4,,ryu_controller,361493,39.8,61546496
2026-04-24T21:36:23.589611+00:00,recovery_scenario,iperf_tcp,50,4,,twin_core,361501,9.7,68079616
2026-04-24T21:36:23.589611+00:00,recovery_scenario,iperf_tcp,50,4,,ryu_controller,361493,48.4,61710336
2026-04-24T21:36:23.590943+00:00,recovery_scenario,iperf_tcp,50,4,pingall_completed,,,,
2026-04-24T21:36:23.692806+00:00,recovery_scenario,iperf_tcp,50,4,,twin_core,361501,9.7,68079616
2026-04-24T21:36:23.692806+00:00,recovery_scenario,iperf_tcp,50,4,,ryu_controller,361493,39.3,61771776
2026-04-24T21:36:23.793835+00:00,recovery_scenario,iperf_tcp,50,4,,twin_core,361501,0.0,68079616
2026-04-24T21:36:23.793835+00:00,recovery_scenario,iperf_tcp,50,4,,ryu_controller,361493,98.9,61771776
2026-04-24T21:36:23.897220+00:00,recovery_scenario,iperf_tcp,50,4,,twin_core,361501,0.0,68079616
2026-04-24T21:36:23.897220+00:00,recovery_scenario,iperf_tcp,50,4,,ryu_controller,361493,28.9,61771776
2026-04-24T21:36:24.002512+00:00,recovery_scenario,iperf_tcp,50,4,,twin_core,361501,0.0,68079616
2026-04-24T21:36:24.002512+00:00,recovery_scenario,iperf_tcp,50,4,,ryu_controller,361493,0.0,61771776
2026-04-24T21:36:24.113014+00:00,recovery_scenario,iperf_tcp,50,4,,twin_core,361501,0.0,68079616
2026-04-24T21:36:24.113014+00:00,recovery_scenario,iperf_tcp,50,4,,ryu_controller,361493,0.0,61771776
2026-04-24T21:36:24.215207+00:00,recovery_scenario,iperf_tcp,50,4,,twin_core,361501,0.0,68079616
2026-04-24T21:36:24.215207+00:00,recovery_scenario,iperf_tcp,50,4,,ryu_controller,361493,9.8,61771776
2026-04-24T21:36:24.323759+00:00,recovery_scenario,iperf_tcp,50,4,,twin_core,361501,0.0,68079616
2026-04-24T21:36:24.323759+00:00,recovery_scenario,iperf_tcp,50,4,,ryu_controller,361493,0.0,61771776
2026-04-24T21:36:24.428445+00:00,recovery_scenario,iperf_tcp,50,4,,twin_core,361501,9.6,68079616
2026-04-24T21:36:24.428445+00:00,recovery_scenario,iperf_tcp,50,4,,ryu_controller,361493,9.5,61771776
2026-04-24T21:36:24.533323+00:00,recovery_scenario,iperf_tcp,50,4,,twin_core,361501,0.0,68079616
2026-04-24T21:36:24.533323+00:00,recovery_scenario,iperf_tcp,50,4,,ryu_controller,361493,0.0,61771776
2026-04-24T21:36:24.633957+00:00,recovery_scenario,iperf_tcp,50,4,,twin_core,361501,0.0,68079616
2026-04-24T21:36:24.633957+00:00,recovery_scenario,iperf_tcp,50,4,,ryu_controller,361493,0.0,61771776
2026-04-24T21:36:24.735937+00:00,recovery_scenario,iperf_tcp,50,4,,twin_core,361501,0.0,68079616
2026-04-24T21:36:24.735937+00:00,recovery_scenario,iperf_tcp,50,4,,ryu_controller,361493,0.0,61771776
2026-04-24T21:36:24.836325+00:00,recovery_scenario,iperf_tcp,50,4,,twin_core,361501,0.0,68079616
2026-04-24T21:36:24.836325+00:00,recovery_scenario,iperf_tcp,50,4,,ryu_controller,361493,10.0,61771776
2026-04-24T21:36:24.936928+00:00,recovery_scenario,iperf_tcp,50,4,,twin_core,361501,0.0,68079616
2026-04-24T21:36:24.936928+00:00,recovery_scenario,iperf_tcp,50,4,,ryu_controller,361493,0.0,61771776
2026-04-24T21:36:25.038202+00:00,recovery_scenario,iperf_tcp,50,4,,twin_core,361501,0.0,68079616
2026-04-24T21:36:25.038202+00:00,recovery_scenario,iperf_tcp,50,4,,ryu_controller,361493,0.0,61771776
2026-04-24T21:36:25.138789+00:00,recovery_scenario,iperf_tcp,50,4,,twin_core,361501,0.0,68079616
2026-04-24T21:36:25.138789+00:00,recovery_scenario,iperf_tcp,50,4,,ryu_controller,361493,0.0,61771776
2026-04-24T21:36:25.239468+00:00,recovery_scenario,iperf_tcp,50,4,,twin_core,361501,0.0,68079616
2026-04-24T21:36:25.239468+00:00,recovery_scenario,iperf_tcp,50,4,,ryu_controller,361493,9.9,61771776
2026-04-24T21:36:25.341279+00:00,recovery_scenario,iperf_tcp,50,4,,twin_core,361501,0.0,68079616
2026-04-24T21:36:25.341279+00:00,recovery_scenario,iperf_tcp,50,4,,ryu_controller,361493,0.0,61771776
2026-04-24T21:36:25.441789+00:00,recovery_scenario,iperf_tcp,50,4,,twin_core,361501,0.0,68079616
2026-04-24T21:36:25.441789+00:00,recovery_scenario,iperf_tcp,50,4,,ryu_controller,361493,0.0,61771776
2026-04-24T21:36:25.542798+00:00,recovery_scenario,iperf_tcp,50,4,,twin_core,361501,0.0,68079616
2026-04-24T21:36:25.542798+00:00,recovery_scenario,iperf_tcp,50,4,,ryu_controller,361493,0.0,61771776
2026-04-24T21:36:25.633418+00:00,recovery_scenario,iperf_tcp,50,4,background_traffic_started,,,,
2026-04-24T21:36:25.644636+00:00,recovery_scenario,iperf_tcp,50,4,,twin_core,361501,19.6,68079616
2026-04-24T21:36:25.644636+00:00,recovery_scenario,iperf_tcp,50,4,,ryu_controller,361493,39.2,61771776
2026-04-24T21:36:25.745541+00:00,recovery_scenario,iperf_tcp,50,4,,twin_core,361501,0.0,68079616
2026-04-24T21:36:25.745541+00:00,recovery_scenario,iperf_tcp,50,4,,ryu_controller,361493,49.2,61771776
2026-04-24T21:36:25.847264+00:00,recovery_scenario,iperf_tcp,50,4,,twin_core,361501,0.0,68079616
2026-04-24T21:36:25.847264+00:00,recovery_scenario,iperf_tcp,50,4,,ryu_controller,361493,48.6,61771776
2026-04-24T21:36:25.951535+00:00,recovery_scenario,iperf_tcp,50,4,,twin_core,361501,9.7,68079616
2026-04-24T21:36:25.951535+00:00,recovery_scenario,iperf_tcp,50,4,,ryu_controller,361493,38.9,61771776
2026-04-24T21:36:26.053141+00:00,recovery_scenario,iperf_tcp,50,4,,twin_core,361501,9.8,68079616
2026-04-24T21:36:26.053141+00:00,recovery_scenario,iperf_tcp,50,4,,ryu_controller,361493,57.4,61771776
2026-04-24T21:36:26.106796+00:00,recovery_scenario,iperf_tcp,50,4,fault_injected,,,,
2026-04-24T21:36:26.157394+00:00,recovery_scenario,iperf_tcp,50,4,,twin_core,361501,9.6,68100096
2026-04-24T21:36:26.157394+00:00,recovery_scenario,iperf_tcp,50,4,,ryu_controller,361493,39.7,61771776
2026-04-24T21:36:26.258376+00:00,recovery_scenario,iperf_tcp,50,4,,twin_core,361501,0.0,68100096
2026-04-24T21:36:26.258376+00:00,recovery_scenario,iperf_tcp,50,4,,ryu_controller,361493,39.5,61771776
2026-04-24T21:36:26.389486+00:00,recovery_scenario,iperf_tcp,50,4,,twin_core,361501,0.0,68100096
2026-04-24T21:36:26.389486+00:00,recovery_scenario,iperf_tcp,50,4,,ryu_controller,361493,90.0,61771776
2026-04-24T21:36:26.492486+00:00,recovery_scenario,iperf_tcp,50,4,,twin_core,361501,0.0,68100096
2026-04-24T21:36:26.492486+00:00,recovery_scenario,iperf_tcp,50,4,,ryu_controller,361493,89.6,61771776
2026-04-24T21:36:26.608973+00:00,recovery_scenario,iperf_tcp,50,4,,twin_core,361501,0.0,68100096
2026-04-24T21:36:26.608973+00:00,recovery_scenario,iperf_tcp,50,4,,ryu_controller,361493,102.9,61771776
2026-04-24T21:36:26.740185+00:00,recovery_scenario,iperf_tcp,50,4,,twin_core,361501,7.6,68100096
2026-04-24T21:36:26.740185+00:00,recovery_scenario,iperf_tcp,50,4,,ryu_controller,361493,76.2,61771776
2026-04-24T21:36:26.840800+00:00,recovery_scenario,iperf_tcp,50,4,,twin_core,361501,0.0,68100096
2026-04-24T21:36:26.840800+00:00,recovery_scenario,iperf_tcp,50,4,,ryu_controller,361493,119.3,61771776
2026-04-24T21:36:26.942033+00:00,recovery_scenario,iperf_tcp,50,4,,twin_core,361501,9.9,68100096
2026-04-24T21:36:26.942033+00:00,recovery_scenario,iperf_tcp,50,4,,ryu_controller,361493,96.9,61771776
2026-04-24T21:36:27.075475+00:00,recovery_scenario,iperf_tcp,50,4,,twin_core,361501,7.5,68100096
2026-04-24T21:36:27.075475+00:00,recovery_scenario,iperf_tcp,50,4,,ryu_controller,361493,45.5,61771776
2026-04-24T21:36:27.227508+00:00,recovery_scenario,iperf_tcp,50,4,,twin_core,361501,6.3,68100096
2026-04-24T21:36:27.227508+00:00,recovery_scenario,iperf_tcp,50,4,,ryu_controller,361493,88.3,61771776
2026-04-24T21:36:27.365368+00:00,recovery_scenario,iperf_tcp,50,4,,twin_core,361501,0.0,68100096
2026-04-24T21:36:27.365368+00:00,recovery_scenario,iperf_tcp,50,4,,ryu_controller,361493,92.2,61771776
2026-04-24T21:36:27.466152+00:00,recovery_scenario,iperf_tcp,50,4,,twin_core,361501,0.0,68100096
2026-04-24T21:36:27.466152+00:00,recovery_scenario,iperf_tcp,50,4,,ryu_controller,361493,95.0,61771776
2026-04-24T21:36:27.571602+00:00,recovery_scenario,iperf_tcp,50,4,,twin_core,361501,19.0,68100096
2026-04-24T21:36:27.571602+00:00,recovery_scenario,iperf_tcp,50,4,,ryu_controller,361493,108.3,61771776
2026-04-24T21:36:27.674302+00:00,recovery_scenario,iperf_tcp,50,4,,twin_core,361501,0.0,68100096
2026-04-24T21:36:27.674302+00:00,recovery_scenario,iperf_tcp,50,4,,ryu_controller,361493,68.7,61771776
2026-04-24T21:36:27.775143+00:00,recovery_scenario,iperf_tcp,50,4,,twin_core,361501,0.0,68100096
2026-04-24T21:36:27.775143+00:00,recovery_scenario,iperf_tcp,50,4,,ryu_controller,361493,99.2,61771776
2026-04-24T21:36:27.875671+00:00,recovery_scenario,iperf_tcp,50,4,,twin_core,361501,0.0,68100096
2026-04-24T21:36:27.875671+00:00,recovery_scenario,iperf_tcp,50,4,,ryu_controller,361493,107.4,61771776
2026-04-24T21:36:27.986484+00:00,recovery_scenario,iperf_tcp,50,4,,twin_core,361501,0.0,68100096
2026-04-24T21:36:27.986484+00:00,recovery_scenario,iperf_tcp,50,4,,ryu_controller,361493,90.5,61771776
2026-04-24T21:36:28.088767+00:00,recovery_scenario,iperf_tcp,50,4,,twin_core,361501,9.9,68100096
2026-04-24T21:36:28.088767+00:00,recovery_scenario,iperf_tcp,50,4,,ryu_controller,361493,99.1,61771776
2026-04-24T21:36:28.189655+00:00,recovery_scenario,iperf_tcp,50,4,,twin_core,361501,0.0,68100096
2026-04-24T21:36:28.189655+00:00,recovery_scenario,iperf_tcp,50,4,,ryu_controller,361493,108.8,61771776
2026-04-24T21:36:28.290831+00:00,recovery_scenario,iperf_tcp,50,4,,twin_core,361501,0.0,68100096
2026-04-24T21:36:28.290831+00:00,recovery_scenario,iperf_tcp,50,4,,ryu_controller,361493,99.3,61771776
2026-04-24T21:36:28.391423+00:00,recovery_scenario,iperf_tcp,50,4,,twin_core,361501,0.0,68100096
2026-04-24T21:36:28.391423+00:00,recovery_scenario,iperf_tcp,50,4,,ryu_controller,361493,89.5,61775872
2026-04-24T21:36:28.491883+00:00,recovery_scenario,iperf_tcp,50,4,,twin_core,361501,0.0,68100096
2026-04-24T21:36:28.491883+00:00,recovery_scenario,iperf_tcp,50,4,,ryu_controller,361493,109.5,61784064
2026-04-24T21:36:28.592258+00:00,recovery_scenario,iperf_tcp,50,4,,twin_core,361501,0.0,68100096
2026-04-24T21:36:28.592258+00:00,recovery_scenario,iperf_tcp,50,4,,ryu_controller,361493,99.4,61784064
2026-04-24T21:36:28.693296+00:00,recovery_scenario,iperf_tcp,50,4,,twin_core,361501,0.0,68100096
2026-04-24T21:36:28.693296+00:00,recovery_scenario,iperf_tcp,50,4,,ryu_controller,361493,98.9,61784064
2026-04-24T21:36:28.794229+00:00,recovery_scenario,iperf_tcp,50,4,,twin_core,361501,0.0,68100096
2026-04-24T21:36:28.794229+00:00,recovery_scenario,iperf_tcp,50,4,,ryu_controller,361493,89.4,61784064
2026-04-24T21:36:28.894892+00:00,recovery_scenario,iperf_tcp,50,4,,twin_core,361501,9.9,68100096
2026-04-24T21:36:28.894892+00:00,recovery_scenario,iperf_tcp,50,4,,ryu_controller,361493,108.7,61784064
2026-04-24T21:36:28.996210+00:00,recovery_scenario,iperf_tcp,50,4,,twin_core,361501,0.0,68100096
2026-04-24T21:36:28.996210+00:00,recovery_scenario,iperf_tcp,50,4,,ryu_controller,361493,9.9,61784064
2026-04-24T21:36:29.097111+00:00,recovery_scenario,iperf_tcp,50,4,,twin_core,361501,0.0,68100096
2026-04-24T21:36:29.097111+00:00,recovery_scenario,iperf_tcp,50,4,,ryu_controller,361493,19.7,61784064
2026-04-24T21:36:29.198328+00:00,recovery_scenario,iperf_tcp,50,4,,twin_core,361501,0.0,68100096
2026-04-24T21:36:29.198328+00:00,recovery_scenario,iperf_tcp,50,4,,ryu_controller,361493,0.0,61784064
2026-04-24T21:36:29.299435+00:00,recovery_scenario,iperf_tcp,50,4,,twin_core,361501,9.9,68100096
2026-04-24T21:36:29.299435+00:00,recovery_scenario,iperf_tcp,50,4,,ryu_controller,361493,49.4,61784064
2026-04-24T21:36:29.402624+00:00,recovery_scenario,iperf_tcp,50,4,recovery_requested,,,,
2026-04-24T21:36:29.402688+00:00,recovery_scenario,iperf_tcp,50,4,,twin_core,361501,19.4,68100096
2026-04-24T21:36:29.402688+00:00,recovery_scenario,iperf_tcp,50,4,,ryu_controller,361493,93.2,61784064
2026-04-24T21:36:29.508404+00:00,recovery_scenario,iperf_tcp,50,4,,twin_core,361501,9.5,68100096
2026-04-24T21:36:29.508404+00:00,recovery_scenario,iperf_tcp,50,4,,ryu_controller,361493,29.5,61784064
2026-04-24T21:36:29.609498+00:00,recovery_scenario,iperf_tcp,50,4,,twin_core,361501,0.0,68100096
2026-04-24T21:36:29.609498+00:00,recovery_scenario,iperf_tcp,50,4,,ryu_controller,361493,19.9,61784064
2026-04-24T21:36:29.710013+00:00,recovery_scenario,iperf_tcp,50,4,,twin_core,361501,0.0,68100096
2026-04-24T21:36:29.710013+00:00,recovery_scenario,iperf_tcp,50,4,,ryu_controller,361493,39.6,61784064
2026-04-24T21:36:29.811193+00:00,recovery_scenario,iperf_tcp,50,4,,twin_core,361501,0.0,68100096
2026-04-24T21:36:29.811193+00:00,recovery_scenario,iperf_tcp,50,4,,ryu_controller,361493,39.7,61784064
2026-04-24T21:36:29.912869+00:00,recovery_scenario,iperf_tcp,50,4,,twin_core,361501,0.0,68100096
2026-04-24T21:36:29.912869+00:00,recovery_scenario,iperf_tcp,50,4,,ryu_controller,361493,107.6,61792256
2026-04-24T21:36:30.014200+00:00,recovery_scenario,iperf_tcp,50,4,,twin_core,361501,0.0,68100096
2026-04-24T21:36:30.014200+00:00,recovery_scenario,iperf_tcp,50,4,,ryu_controller,361493,109.3,61792256
2026-04-24T21:36:30.114813+00:00,recovery_scenario,iperf_tcp,50,4,,twin_core,361501,0.0,68100096
2026-04-24T21:36:30.114813+00:00,recovery_scenario,iperf_tcp,50,4,,ryu_controller,361493,89.5,61792256
2026-04-24T21:36:30.216230+00:00,recovery_scenario,iperf_tcp,50,4,,twin_core,361501,0.0,68100096
2026-04-24T21:36:30.216230+00:00,recovery_scenario,iperf_tcp,50,4,,ryu_controller,361493,98.5,61792256
2026-04-24T21:36:30.316918+00:00,recovery_scenario,iperf_tcp,50,4,,twin_core,361501,0.0,68100096
2026-04-24T21:36:30.316918+00:00,recovery_scenario,iperf_tcp,50,4,,ryu_controller,361493,109.4,61792256
2026-04-24T21:36:30.417862+00:00,recovery_scenario,iperf_tcp,50,4,,twin_core,361501,0.0,68100096
2026-04-24T21:36:30.417862+00:00,recovery_scenario,iperf_tcp,50,4,,ryu_controller,361493,89.1,61792256
2026-04-24T21:36:30.518325+00:00,recovery_scenario,iperf_tcp,50,4,,twin_core,361501,0.0,68100096
2026-04-24T21:36:30.518325+00:00,recovery_scenario,iperf_tcp,50,4,,ryu_controller,361493,98.8,61792256
2026-04-24T21:36:30.620485+00:00,recovery_scenario,iperf_tcp,50,4,,twin_core,361501,0.0,68100096
2026-04-24T21:36:30.620485+00:00,recovery_scenario,iperf_tcp,50,4,,ryu_controller,361493,98.5,61792256
2026-04-24T21:36:30.721295+00:00,recovery_scenario,iperf_tcp,50,4,,twin_core,361501,0.0,68100096
2026-04-24T21:36:30.721295+00:00,recovery_scenario,iperf_tcp,50,4,,ryu_controller,361493,29.7,61792256
2026-04-24T21:36:30.822378+00:00,recovery_scenario,iperf_tcp,50,4,,twin_core,361501,0.0,68100096
2026-04-24T21:36:30.822378+00:00,recovery_scenario,iperf_tcp,50,4,,ryu_controller,361493,9.9,61792256
2026-04-24T21:36:30.923540+00:00,recovery_scenario,iperf_tcp,50,4,,twin_core,361501,29.7,68100096
2026-04-24T21:36:30.923540+00:00,recovery_scenario,iperf_tcp,50,4,,ryu_controller,361493,59.3,61792256
2026-04-24T21:36:31.024615+00:00,recovery_scenario,iperf_tcp,50,4,,twin_core,361501,0.0,68100096
2026-04-24T21:36:31.024615+00:00,recovery_scenario,iperf_tcp,50,4,,ryu_controller,361493,69.2,61792256
2026-04-24T21:36:31.125627+00:00,recovery_scenario,iperf_tcp,50,4,,twin_core,361501,0.0,68100096
2026-04-24T21:36:31.125627+00:00,recovery_scenario,iperf_tcp,50,4,,ryu_controller,361493,0.0,61792256
2026-04-24T21:36:31.226548+00:00,recovery_scenario,iperf_tcp,50,4,,twin_core,361501,0.0,68100096
2026-04-24T21:36:31.226548+00:00,recovery_scenario,iperf_tcp,50,4,,ryu_controller,361493,9.9,61792256
2026-04-24T21:36:31.327527+00:00,recovery_scenario,iperf_tcp,50,4,,twin_core,361501,0.0,68100096
2026-04-24T21:36:31.327527+00:00,recovery_scenario,iperf_tcp,50,4,,ryu_controller,361493,0.0,61792256
2026-04-24T21:36:31.428215+00:00,recovery_scenario,iperf_tcp,50,4,,twin_core,361501,9.9,68100096
2026-04-24T21:36:31.428215+00:00,recovery_scenario,iperf_tcp,50,4,,ryu_controller,361493,9.9,61792256
2026-04-24T21:36:31.517520+00:00,recovery_scenario,iperf_tcp,50,4,scenario_teardown,,,,
2026-04-24T21:36:31.529209+00:00,recovery_scenario,iperf_tcp,50,4,,twin_core,361501,29.7,68100096
2026-04-24T21:36:31.529209+00:00,recovery_scenario,iperf_tcp,50,4,,ryu_controller,361493,69.0,61792256
2026-04-24T21:36:31.630380+00:00,recovery_scenario,iperf_tcp,50,4,,twin_core,361501,0.0,68100096
2026-04-24T21:36:31.630380+00:00,recovery_scenario,iperf_tcp,50,4,,ryu_controller,361493,0.0,61792256
2026-04-24T21:36:31.731047+00:00,recovery_scenario,iperf_tcp,50,4,,twin_core,361501,0.0,68100096
2026-04-24T21:36:31.731047+00:00,recovery_scenario,iperf_tcp,50,4,,ryu_controller,361493,19.9,61792256
2026-04-24T21:36:31.831455+00:00,recovery_scenario,iperf_tcp,50,4,,twin_core,361501,0.0,68100096
2026-04-24T21:36:31.831455+00:00,recovery_scenario,iperf_tcp,50,4,,ryu_controller,361493,10.0,61792256
2026-04-24T21:36:31.932050+00:00,recovery_scenario,iperf_tcp,50,4,,twin_core,361501,0.0,68100096
2026-04-24T21:36:31.932050+00:00,recovery_scenario,iperf_tcp,50,4,,ryu_controller,361493,0.0,61792256
2026-04-24T21:36:32.555267+00:00,recovery_scenario,iperf_tcp,50,5,,twin_core,361501,0.0,68100096
2026-04-24T21:36:32.555267+00:00,recovery_scenario,iperf_tcp,50,5,,ryu_controller,361493,0.0,61792256
2026-04-24T21:36:32.657143+00:00,recovery_scenario,iperf_tcp,50,5,,twin_core,361501,9.8,68100096
2026-04-24T21:36:32.657143+00:00,recovery_scenario,iperf_tcp,50,5,,ryu_controller,361493,39.8,61792256
2026-04-24T21:36:32.757549+00:00,recovery_scenario,iperf_tcp,50,5,,twin_core,361501,0.0,68100096
2026-04-24T21:36:32.757549+00:00,recovery_scenario,iperf_tcp,50,5,,ryu_controller,361493,29.8,61792256
2026-04-24T21:36:32.807009+00:00,recovery_scenario,iperf_tcp,50,5,service_started,,,,
2026-04-24T21:36:32.858354+00:00,recovery_scenario,iperf_tcp,50,5,,twin_core,361501,9.9,68100096
2026-04-24T21:36:32.858354+00:00,recovery_scenario,iperf_tcp,50,5,,ryu_controller,361493,49.8,61792256
2026-04-24T21:36:32.958768+00:00,recovery_scenario,iperf_tcp,50,5,,twin_core,361501,10.0,68100096
2026-04-24T21:36:32.958768+00:00,recovery_scenario,iperf_tcp,50,5,,ryu_controller,361493,19.9,61792256
2026-04-24T21:36:33.059186+00:00,recovery_scenario,iperf_tcp,50,5,,twin_core,361501,0.0,68100096
2026-04-24T21:36:33.059186+00:00,recovery_scenario,iperf_tcp,50,5,,ryu_controller,361493,49.8,61792256
2026-04-24T21:36:33.159753+00:00,recovery_scenario,iperf_tcp,50,5,,twin_core,361501,0.0,68100096
2026-04-24T21:36:33.159753+00:00,recovery_scenario,iperf_tcp,50,5,,ryu_controller,361493,10.0,61792256
2026-04-24T21:36:33.263194+00:00,recovery_scenario,iperf_tcp,50,5,,twin_core,361501,0.0,68100096
2026-04-24T21:36:33.263194+00:00,recovery_scenario,iperf_tcp,50,5,,ryu_controller,361493,29.0,61792256
2026-04-24T21:36:33.363679+00:00,recovery_scenario,iperf_tcp,50,5,,twin_core,361501,0.0,68100096
2026-04-24T21:36:33.363679+00:00,recovery_scenario,iperf_tcp,50,5,,ryu_controller,361493,9.9,61792256
2026-04-24T21:36:33.464467+00:00,recovery_scenario,iperf_tcp,50,5,,twin_core,361501,0.0,68100096
2026-04-24T21:36:33.464467+00:00,recovery_scenario,iperf_tcp,50,5,,ryu_controller,361493,19.9,61792256
2026-04-24T21:36:33.566792+00:00,recovery_scenario,iperf_tcp,50,5,,twin_core,361501,0.0,68100096
2026-04-24T21:36:33.566792+00:00,recovery_scenario,iperf_tcp,50,5,,ryu_controller,361493,19.5,61792256
2026-04-24T21:36:33.667196+00:00,recovery_scenario,iperf_tcp,50,5,,twin_core,361501,0.0,68100096
2026-04-24T21:36:33.667196+00:00,recovery_scenario,iperf_tcp,50,5,,ryu_controller,361493,29.9,61792256
2026-04-24T21:36:33.773643+00:00,recovery_scenario,iperf_tcp,50,5,,twin_core,361501,0.0,68100096
2026-04-24T21:36:33.773643+00:00,recovery_scenario,iperf_tcp,50,5,,ryu_controller,361493,18.8,61792256
2026-04-24T21:36:33.874074+00:00,recovery_scenario,iperf_tcp,50,5,,twin_core,361501,0.0,68100096
2026-04-24T21:36:33.874074+00:00,recovery_scenario,iperf_tcp,50,5,,ryu_controller,361493,19.9,61792256
2026-04-24T21:36:33.974438+00:00,recovery_scenario,iperf_tcp,50,5,,twin_core,361501,0.0,68100096
2026-04-24T21:36:33.974438+00:00,recovery_scenario,iperf_tcp,50,5,,ryu_controller,361493,19.9,61792256
2026-04-24T21:36:34.078172+00:00,recovery_scenario,iperf_tcp,50,5,,twin_core,361501,0.0,68100096
2026-04-24T21:36:34.078172+00:00,recovery_scenario,iperf_tcp,50,5,,ryu_controller,361493,19.1,61792256
2026-04-24T21:36:34.180815+00:00,recovery_scenario,iperf_tcp,50,5,,twin_core,361501,0.0,68100096
2026-04-24T21:36:34.180815+00:00,recovery_scenario,iperf_tcp,50,5,,ryu_controller,361493,9.8,61792256
2026-04-24T21:36:34.282612+00:00,recovery_scenario,iperf_tcp,50,5,,twin_core,361501,9.8,68100096
2026-04-24T21:36:34.282612+00:00,recovery_scenario,iperf_tcp,50,5,,ryu_controller,361493,29.4,61792256
2026-04-24T21:36:34.383554+00:00,recovery_scenario,iperf_tcp,50,5,,twin_core,361501,0.0,68100096
2026-04-24T21:36:34.383554+00:00,recovery_scenario,iperf_tcp,50,5,,ryu_controller,361493,19.8,61792256
2026-04-24T21:36:34.493574+00:00,recovery_scenario,iperf_tcp,50,5,,twin_core,361501,0.0,68100096
2026-04-24T21:36:34.493574+00:00,recovery_scenario,iperf_tcp,50,5,,ryu_controller,361493,9.1,61792256
2026-04-24T21:36:34.594005+00:00,recovery_scenario,iperf_tcp,50,5,,twin_core,361501,0.0,68100096
2026-04-24T21:36:34.594005+00:00,recovery_scenario,iperf_tcp,50,5,,ryu_controller,361493,19.9,61792256
2026-04-24T21:36:34.694446+00:00,recovery_scenario,iperf_tcp,50,5,,twin_core,361501,10.0,68100096
2026-04-24T21:36:34.694446+00:00,recovery_scenario,iperf_tcp,50,5,,ryu_controller,361493,9.9,61792256
2026-04-24T21:36:34.795073+00:00,recovery_scenario,iperf_tcp,50,5,,twin_core,361501,0.0,68100096
2026-04-24T21:36:34.795073+00:00,recovery_scenario,iperf_tcp,50,5,,ryu_controller,361493,10.0,61792256
2026-04-24T21:36:34.895675+00:00,recovery_scenario,iperf_tcp,50,5,,twin_core,361501,0.0,68100096
2026-04-24T21:36:34.895675+00:00,recovery_scenario,iperf_tcp,50,5,,ryu_controller,361493,29.6,61792256
2026-04-24T21:36:34.998569+00:00,recovery_scenario,iperf_tcp,50,5,,twin_core,361501,9.8,68100096
2026-04-24T21:36:34.998569+00:00,recovery_scenario,iperf_tcp,50,5,,ryu_controller,361493,29.4,61792256
2026-04-24T21:36:35.099043+00:00,recovery_scenario,iperf_tcp,50,5,,twin_core,361501,0.0,68100096
2026-04-24T21:36:35.099043+00:00,recovery_scenario,iperf_tcp,50,5,,ryu_controller,361493,39.9,61792256
2026-04-24T21:36:35.199410+00:00,recovery_scenario,iperf_tcp,50,5,,twin_core,361501,0.0,68100096
2026-04-24T21:36:35.199410+00:00,recovery_scenario,iperf_tcp,50,5,,ryu_controller,361493,19.9,61792256
2026-04-24T21:36:35.301045+00:00,recovery_scenario,iperf_tcp,50,5,,twin_core,361501,0.0,68100096
2026-04-24T21:36:35.301045+00:00,recovery_scenario,iperf_tcp,50,5,,ryu_controller,361493,9.8,61792256
2026-04-24T21:36:35.405171+00:00,recovery_scenario,iperf_tcp,50,5,,twin_core,361501,0.0,68100096
2026-04-24T21:36:35.405171+00:00,recovery_scenario,iperf_tcp,50,5,,ryu_controller,361493,9.6,61792256
2026-04-24T21:36:35.505650+00:00,recovery_scenario,iperf_tcp,50,5,,twin_core,361501,0.0,68100096
2026-04-24T21:36:35.505650+00:00,recovery_scenario,iperf_tcp,50,5,,ryu_controller,361493,0.0,61792256
2026-04-24T21:36:35.607313+00:00,recovery_scenario,iperf_tcp,50,5,,twin_core,361501,0.0,68100096
2026-04-24T21:36:35.607313+00:00,recovery_scenario,iperf_tcp,50,5,,ryu_controller,361493,0.0,61792256
2026-04-24T21:36:35.707761+00:00,recovery_scenario,iperf_tcp,50,5,,twin_core,361501,0.0,68100096
2026-04-24T21:36:35.707761+00:00,recovery_scenario,iperf_tcp,50,5,,ryu_controller,361493,29.9,61792256
2026-04-24T21:36:35.808378+00:00,recovery_scenario,iperf_tcp,50,5,,twin_core,361501,0.0,68100096
2026-04-24T21:36:35.808378+00:00,recovery_scenario,iperf_tcp,50,5,,ryu_controller,361493,9.9,61792256
2026-04-24T21:36:35.908884+00:00,recovery_scenario,iperf_tcp,50,5,,twin_core,361501,0.0,68100096
2026-04-24T21:36:35.908884+00:00,recovery_scenario,iperf_tcp,50,5,,ryu_controller,361493,9.9,61792256
2026-04-24T21:36:36.009328+00:00,recovery_scenario,iperf_tcp,50,5,,twin_core,361501,0.0,68100096
2026-04-24T21:36:36.009328+00:00,recovery_scenario,iperf_tcp,50,5,,ryu_controller,361493,10.0,61792256
2026-04-24T21:36:36.110951+00:00,recovery_scenario,iperf_tcp,50,5,,twin_core,361501,9.8,68100096
2026-04-24T21:36:36.110951+00:00,recovery_scenario,iperf_tcp,50,5,,ryu_controller,361493,0.0,61792256
2026-04-24T21:36:36.211357+00:00,recovery_scenario,iperf_tcp,50,5,,twin_core,361501,0.0,68100096
2026-04-24T21:36:36.211357+00:00,recovery_scenario,iperf_tcp,50,5,,ryu_controller,361493,19.9,61792256
2026-04-24T21:36:36.312189+00:00,recovery_scenario,iperf_tcp,50,5,,twin_core,361501,0.0,68100096
2026-04-24T21:36:36.312189+00:00,recovery_scenario,iperf_tcp,50,5,,ryu_controller,361493,0.0,61792256
2026-04-24T21:36:36.413629+00:00,recovery_scenario,iperf_tcp,50,5,,twin_core,361501,0.0,68100096
2026-04-24T21:36:36.413629+00:00,recovery_scenario,iperf_tcp,50,5,,ryu_controller,361493,9.9,61792256
2026-04-24T21:36:36.514360+00:00,recovery_scenario,iperf_tcp,50,5,,twin_core,361501,0.0,68100096
2026-04-24T21:36:36.514360+00:00,recovery_scenario,iperf_tcp,50,5,,ryu_controller,361493,9.9,61792256
2026-04-24T21:36:36.614768+00:00,recovery_scenario,iperf_tcp,50,5,,twin_core,361501,0.0,68100096
2026-04-24T21:36:36.614768+00:00,recovery_scenario,iperf_tcp,50,5,,ryu_controller,361493,0.0,61792256
2026-04-24T21:36:36.715434+00:00,recovery_scenario,iperf_tcp,50,5,,twin_core,361501,0.0,68100096
2026-04-24T21:36:36.715434+00:00,recovery_scenario,iperf_tcp,50,5,,ryu_controller,361493,19.8,61792256
2026-04-24T21:36:36.816099+00:00,recovery_scenario,iperf_tcp,50,5,,twin_core,361501,0.0,68100096
2026-04-24T21:36:36.816099+00:00,recovery_scenario,iperf_tcp,50,5,,ryu_controller,361493,19.9,61792256
2026-04-24T21:36:36.917812+00:00,recovery_scenario,iperf_tcp,50,5,,twin_core,361501,0.0,68100096
2026-04-24T21:36:36.917812+00:00,recovery_scenario,iperf_tcp,50,5,,ryu_controller,361493,0.0,61792256
2026-04-24T21:36:37.022291+00:00,recovery_scenario,iperf_tcp,50,5,,twin_core,361501,19.1,68100096
2026-04-24T21:36:37.022291+00:00,recovery_scenario,iperf_tcp,50,5,,ryu_controller,361493,67.0,61792256
2026-04-24T21:36:37.122775+00:00,recovery_scenario,iperf_tcp,50,5,,twin_core,361501,0.0,68100096
2026-04-24T21:36:37.122775+00:00,recovery_scenario,iperf_tcp,50,5,,ryu_controller,361493,19.9,61792256
2026-04-24T21:36:37.223157+00:00,recovery_scenario,iperf_tcp,50,5,,twin_core,361501,0.0,68100096
2026-04-24T21:36:37.223157+00:00,recovery_scenario,iperf_tcp,50,5,,ryu_controller,361493,59.7,61792256
2026-04-24T21:36:37.325003+00:00,recovery_scenario,iperf_tcp,50,5,,twin_core,361501,0.0,68100096
2026-04-24T21:36:37.325003+00:00,recovery_scenario,iperf_tcp,50,5,,ryu_controller,361493,19.6,61792256
2026-04-24T21:36:37.431346+00:00,recovery_scenario,iperf_tcp,50,5,,twin_core,361501,0.0,68100096
2026-04-24T21:36:37.431346+00:00,recovery_scenario,iperf_tcp,50,5,,ryu_controller,361493,9.4,61792256
2026-04-24T21:36:37.533280+00:00,recovery_scenario,iperf_tcp,50,5,,twin_core,361501,0.0,68100096
2026-04-24T21:36:37.533280+00:00,recovery_scenario,iperf_tcp,50,5,,ryu_controller,361493,9.8,61792256
2026-04-24T21:36:37.634164+00:00,recovery_scenario,iperf_tcp,50,5,,twin_core,361501,0.0,68100096
2026-04-24T21:36:37.634164+00:00,recovery_scenario,iperf_tcp,50,5,,ryu_controller,361493,19.9,61792256
2026-04-24T21:36:37.734585+00:00,recovery_scenario,iperf_tcp,50,5,,twin_core,361501,0.0,68100096
2026-04-24T21:36:37.734585+00:00,recovery_scenario,iperf_tcp,50,5,,ryu_controller,361493,19.9,61792256
2026-04-24T21:36:37.844806+00:00,recovery_scenario,iperf_tcp,50,5,,twin_core,361501,0.0,68100096
2026-04-24T21:36:37.844806+00:00,recovery_scenario,iperf_tcp,50,5,,ryu_controller,361493,0.0,61792256
2026-04-24T21:36:37.945412+00:00,recovery_scenario,iperf_tcp,50,5,,twin_core,361501,0.0,68100096
2026-04-24T21:36:37.945412+00:00,recovery_scenario,iperf_tcp,50,5,,ryu_controller,361493,19.8,61792256
2026-04-24T21:36:38.046144+00:00,recovery_scenario,iperf_tcp,50,5,,twin_core,361501,9.9,68100096
2026-04-24T21:36:38.046144+00:00,recovery_scenario,iperf_tcp,50,5,,ryu_controller,361493,19.9,61792256
2026-04-24T21:36:38.151236+00:00,recovery_scenario,iperf_tcp,50,5,,twin_core,361501,9.5,68100096
2026-04-24T21:36:38.151236+00:00,recovery_scenario,iperf_tcp,50,5,,ryu_controller,361493,9.5,61792256
2026-04-24T21:36:38.251838+00:00,recovery_scenario,iperf_tcp,50,5,,twin_core,361501,0.0,68100096
2026-04-24T21:36:38.251838+00:00,recovery_scenario,iperf_tcp,50,5,,ryu_controller,361493,9.9,61792256
2026-04-24T21:36:38.360280+00:00,recovery_scenario,iperf_tcp,50,5,,twin_core,361501,0.0,68100096
2026-04-24T21:36:38.360280+00:00,recovery_scenario,iperf_tcp,50,5,,ryu_controller,361493,0.0,61792256
2026-04-24T21:36:38.470275+00:00,recovery_scenario,iperf_tcp,50,5,,twin_core,361501,0.0,68100096
2026-04-24T21:36:38.470275+00:00,recovery_scenario,iperf_tcp,50,5,,ryu_controller,361493,0.0,61792256
2026-04-24T21:36:38.609541+00:00,recovery_scenario,iperf_tcp,50,5,,twin_core,361501,0.0,68100096
2026-04-24T21:36:38.609541+00:00,recovery_scenario,iperf_tcp,50,5,,ryu_controller,361493,57.6,61792256
2026-04-24T21:36:38.710536+00:00,recovery_scenario,iperf_tcp,50,5,,twin_core,361501,9.9,68100096
2026-04-24T21:36:38.710536+00:00,recovery_scenario,iperf_tcp,50,5,,ryu_controller,361493,29.1,61792256
2026-04-24T21:36:38.808783+00:00,recovery_scenario,iperf_tcp,50,5,pingall_completed,,,,
2026-04-24T21:36:38.819801+00:00,recovery_scenario,iperf_tcp,50,5,,twin_core,361501,0.0,68100096
2026-04-24T21:36:38.819801+00:00,recovery_scenario,iperf_tcp,50,5,,ryu_controller,361493,9.4,61792256
2026-04-24T21:36:38.923094+00:00,recovery_scenario,iperf_tcp,50,5,,twin_core,361501,0.0,68100096
2026-04-24T21:36:38.923094+00:00,recovery_scenario,iperf_tcp,50,5,,ryu_controller,361493,0.0,61792256
2026-04-24T21:36:39.023536+00:00,recovery_scenario,iperf_tcp,50,5,,twin_core,361501,0.0,68100096
2026-04-24T21:36:39.023536+00:00,recovery_scenario,iperf_tcp,50,5,,ryu_controller,361493,10.0,61792256
2026-04-24T21:36:39.125678+00:00,recovery_scenario,iperf_tcp,50,5,,twin_core,361501,19.6,68100096
2026-04-24T21:36:39.125678+00:00,recovery_scenario,iperf_tcp,50,5,,ryu_controller,361493,68.5,61796352
2026-04-24T21:36:39.226195+00:00,recovery_scenario,iperf_tcp,50,5,,twin_core,361501,0.0,68100096
2026-04-24T21:36:39.226195+00:00,recovery_scenario,iperf_tcp,50,5,,ryu_controller,361493,19.9,61796352
2026-04-24T21:36:39.330487+00:00,recovery_scenario,iperf_tcp,50,5,,twin_core,361501,0.0,68100096
2026-04-24T21:36:39.330487+00:00,recovery_scenario,iperf_tcp,50,5,,ryu_controller,361493,57.5,61796352
2026-04-24T21:36:39.431074+00:00,recovery_scenario,iperf_tcp,50,5,,twin_core,361501,0.0,68100096
2026-04-24T21:36:39.431074+00:00,recovery_scenario,iperf_tcp,50,5,,ryu_controller,361493,0.0,61796352
2026-04-24T21:36:39.535275+00:00,recovery_scenario,iperf_tcp,50,5,,twin_core,361501,0.0,68100096
2026-04-24T21:36:39.535275+00:00,recovery_scenario,iperf_tcp,50,5,,ryu_controller,361493,0.0,61796352
2026-04-24T21:36:39.635832+00:00,recovery_scenario,iperf_tcp,50,5,,twin_core,361501,9.9,68100096
2026-04-24T21:36:39.635832+00:00,recovery_scenario,iperf_tcp,50,5,,ryu_controller,361493,9.9,61796352
2026-04-24T21:36:39.736896+00:00,recovery_scenario,iperf_tcp,50,5,,twin_core,361501,0.0,68100096
2026-04-24T21:36:39.736896+00:00,recovery_scenario,iperf_tcp,50,5,,ryu_controller,361493,0.0,61796352
2026-04-24T21:36:39.853467+00:00,recovery_scenario,iperf_tcp,50,5,,twin_core,361501,0.0,68100096
2026-04-24T21:36:39.853467+00:00,recovery_scenario,iperf_tcp,50,5,,ryu_controller,361493,25.8,61796352
2026-04-24T21:36:39.954010+00:00,recovery_scenario,iperf_tcp,50,5,,twin_core,361501,0.0,68100096
2026-04-24T21:36:39.954010+00:00,recovery_scenario,iperf_tcp,50,5,,ryu_controller,361493,0.0,61796352
2026-04-24T21:36:40.054575+00:00,recovery_scenario,iperf_tcp,50,5,,twin_core,361501,0.0,68100096
2026-04-24T21:36:40.054575+00:00,recovery_scenario,iperf_tcp,50,5,,ryu_controller,361493,0.0,61796352
2026-04-24T21:36:40.155419+00:00,recovery_scenario,iperf_tcp,50,5,,twin_core,361501,0.0,68100096
2026-04-24T21:36:40.155419+00:00,recovery_scenario,iperf_tcp,50,5,,ryu_controller,361493,0.0,61796352
2026-04-24T21:36:40.256163+00:00,recovery_scenario,iperf_tcp,50,5,,twin_core,361501,0.0,68100096
2026-04-24T21:36:40.256163+00:00,recovery_scenario,iperf_tcp,50,5,,ryu_controller,361493,9.9,61796352
2026-04-24T21:36:40.356691+00:00,recovery_scenario,iperf_tcp,50,5,,twin_core,361501,0.0,68100096
2026-04-24T21:36:40.356691+00:00,recovery_scenario,iperf_tcp,50,5,,ryu_controller,361493,0.0,61796352
2026-04-24T21:36:40.457890+00:00,recovery_scenario,iperf_tcp,50,5,,twin_core,361501,0.0,68100096
2026-04-24T21:36:40.457890+00:00,recovery_scenario,iperf_tcp,50,5,,ryu_controller,361493,0.0,61796352
2026-04-24T21:36:40.559557+00:00,recovery_scenario,iperf_tcp,50,5,,twin_core,361501,0.0,68100096
2026-04-24T21:36:40.559557+00:00,recovery_scenario,iperf_tcp,50,5,,ryu_controller,361493,0.0,61796352
2026-04-24T21:36:40.661463+00:00,recovery_scenario,iperf_tcp,50,5,,twin_core,361501,0.0,68100096
2026-04-24T21:36:40.661463+00:00,recovery_scenario,iperf_tcp,50,5,,ryu_controller,361493,9.9,61796352
2026-04-24T21:36:40.763101+00:00,recovery_scenario,iperf_tcp,50,5,,twin_core,361501,0.0,68100096
2026-04-24T21:36:40.763101+00:00,recovery_scenario,iperf_tcp,50,5,,ryu_controller,361493,0.0,61796352
2026-04-24T21:36:40.856821+00:00,recovery_scenario,iperf_tcp,50,5,background_traffic_started,,,,
2026-04-24T21:36:40.867829+00:00,recovery_scenario,iperf_tcp,50,5,,twin_core,361501,9.8,68100096
2026-04-24T21:36:40.867829+00:00,recovery_scenario,iperf_tcp,50,5,,ryu_controller,361493,0.0,61796352
2026-04-24T21:36:40.969341+00:00,recovery_scenario,iperf_tcp,50,5,,twin_core,361501,0.0,68100096
2026-04-24T21:36:40.969341+00:00,recovery_scenario,iperf_tcp,50,5,,ryu_controller,361493,39.2,61796352
2026-04-24T21:36:41.071935+00:00,recovery_scenario,iperf_tcp,50,5,,twin_core,361501,9.8,68100096
2026-04-24T21:36:41.071935+00:00,recovery_scenario,iperf_tcp,50,5,,ryu_controller,361493,49.4,61796352
2026-04-24T21:36:41.102403+00:00,recovery_scenario,iperf_tcp,50,5,fault_injected,,,,
2026-04-24T21:36:41.173690+00:00,recovery_scenario,iperf_tcp,50,5,,twin_core,361501,0.0,68112384
2026-04-24T21:36:41.173690+00:00,recovery_scenario,iperf_tcp,50,5,,ryu_controller,361493,38.6,61796352
2026-04-24T21:36:41.276897+00:00,recovery_scenario,iperf_tcp,50,5,,twin_core,361501,0.0,68112384
2026-04-24T21:36:41.276897+00:00,recovery_scenario,iperf_tcp,50,5,,ryu_controller,361493,39.6,61796352
2026-04-24T21:36:41.377297+00:00,recovery_scenario,iperf_tcp,50,5,,twin_core,361501,0.0,68112384
2026-04-24T21:36:41.377297+00:00,recovery_scenario,iperf_tcp,50,5,,ryu_controller,361493,89.7,61820928
2026-04-24T21:36:41.477664+00:00,recovery_scenario,iperf_tcp,50,5,,twin_core,361501,10.0,68112384
2026-04-24T21:36:41.477664+00:00,recovery_scenario,iperf_tcp,50,5,,ryu_controller,361493,89.5,61820928
2026-04-24T21:36:41.578926+00:00,recovery_scenario,iperf_tcp,50,5,,twin_core,361501,0.0,68112384
2026-04-24T21:36:41.578926+00:00,recovery_scenario,iperf_tcp,50,5,,ryu_controller,361493,98.6,61820928
2026-04-24T21:36:41.680911+00:00,recovery_scenario,iperf_tcp,50,5,,twin_core,361501,0.0,68112384
2026-04-24T21:36:41.680911+00:00,recovery_scenario,iperf_tcp,50,5,,ryu_controller,361493,98.1,61820928
2026-04-24T21:36:41.781773+00:00,recovery_scenario,iperf_tcp,50,5,,twin_core,361501,0.0,68112384
2026-04-24T21:36:41.781773+00:00,recovery_scenario,iperf_tcp,50,5,,ryu_controller,361493,79.4,61820928
2026-04-24T21:36:41.882364+00:00,recovery_scenario,iperf_tcp,50,5,,twin_core,361501,0.0,68112384
2026-04-24T21:36:41.882364+00:00,recovery_scenario,iperf_tcp,50,5,,ryu_controller,361493,89.4,61820928
2026-04-24T21:36:41.983079+00:00,recovery_scenario,iperf_tcp,50,5,,twin_core,361501,0.0,68112384
2026-04-24T21:36:41.983079+00:00,recovery_scenario,iperf_tcp,50,5,,ryu_controller,361493,99.6,61825024
2026-04-24T21:36:42.101097+00:00,recovery_scenario,iperf_tcp,50,5,,twin_core,361501,8.4,68112384
2026-04-24T21:36:42.101097+00:00,recovery_scenario,iperf_tcp,50,5,,ryu_controller,361493,100.8,61825024
2026-04-24T21:36:42.202614+00:00,recovery_scenario,iperf_tcp,50,5,,twin_core,361501,0.0,68112384
2026-04-24T21:36:42.202614+00:00,recovery_scenario,iperf_tcp,50,5,,ryu_controller,361493,89.3,61825024
2026-04-24T21:36:42.303335+00:00,recovery_scenario,iperf_tcp,50,5,,twin_core,361501,0.0,68112384
2026-04-24T21:36:42.303335+00:00,recovery_scenario,iperf_tcp,50,5,,ryu_controller,361493,99.6,61825024
2026-04-24T21:36:42.403800+00:00,recovery_scenario,iperf_tcp,50,5,,twin_core,361501,0.0,68112384
2026-04-24T21:36:42.403800+00:00,recovery_scenario,iperf_tcp,50,5,,ryu_controller,361493,99.0,61825024
2026-04-24T21:36:42.505070+00:00,recovery_scenario,iperf_tcp,50,5,,twin_core,361501,0.0,68112384
2026-04-24T21:36:42.505070+00:00,recovery_scenario,iperf_tcp,50,5,,ryu_controller,361493,109.1,61829120
2026-04-24T21:36:42.606024+00:00,recovery_scenario,iperf_tcp,50,5,,twin_core,361501,0.0,68112384
2026-04-24T21:36:42.606024+00:00,recovery_scenario,iperf_tcp,50,5,,ryu_controller,361493,89.0,61829120
2026-04-24T21:36:42.707154+00:00,recovery_scenario,iperf_tcp,50,5,,twin_core,361501,0.0,68112384
2026-04-24T21:36:42.707154+00:00,recovery_scenario,iperf_tcp,50,5,,ryu_controller,361493,109.2,61829120
2026-04-24T21:36:42.807591+00:00,recovery_scenario,iperf_tcp,50,5,,twin_core,361501,0.0,68112384
2026-04-24T21:36:42.807591+00:00,recovery_scenario,iperf_tcp,50,5,,ryu_controller,361493,89.2,61829120
2026-04-24T21:36:42.908500+00:00,recovery_scenario,iperf_tcp,50,5,,twin_core,361501,9.9,68112384
2026-04-24T21:36:42.908500+00:00,recovery_scenario,iperf_tcp,50,5,,ryu_controller,361493,109.5,61829120
2026-04-24T21:36:43.009631+00:00,recovery_scenario,iperf_tcp,50,5,,twin_core,361501,0.0,68112384
2026-04-24T21:36:43.009631+00:00,recovery_scenario,iperf_tcp,50,5,,ryu_controller,361493,39.5,61829120
2026-04-24T21:36:43.110330+00:00,recovery_scenario,iperf_tcp,50,5,,twin_core,361501,9.9,68112384
2026-04-24T21:36:43.110330+00:00,recovery_scenario,iperf_tcp,50,5,,ryu_controller,361493,9.9,61829120
2026-04-24T21:36:43.211446+00:00,recovery_scenario,iperf_tcp,50,5,,twin_core,361501,9.9,68112384
2026-04-24T21:36:43.211446+00:00,recovery_scenario,iperf_tcp,50,5,,ryu_controller,361493,69.3,61829120
2026-04-24T21:36:43.266517+00:00,recovery_scenario,iperf_tcp,50,5,recovery_requested,,,,
2026-04-24T21:36:43.312424+00:00,recovery_scenario,iperf_tcp,50,5,,twin_core,361501,19.8,68116480
2026-04-24T21:36:43.312424+00:00,recovery_scenario,iperf_tcp,50,5,,ryu_controller,361493,49.7,61829120
2026-04-24T21:36:43.413334+00:00,recovery_scenario,iperf_tcp,50,5,,twin_core,361501,0.0,68116480
2026-04-24T21:36:43.413334+00:00,recovery_scenario,iperf_tcp,50,5,,ryu_controller,361493,9.9,61829120
2026-04-24T21:36:43.513843+00:00,recovery_scenario,iperf_tcp,50,5,,twin_core,361501,0.0,68116480
2026-04-24T21:36:43.513843+00:00,recovery_scenario,iperf_tcp,50,5,,ryu_controller,361493,19.9,61829120
2026-04-24T21:36:43.614460+00:00,recovery_scenario,iperf_tcp,50,5,,twin_core,361501,0.0,68116480
2026-04-24T21:36:43.614460+00:00,recovery_scenario,iperf_tcp,50,5,,ryu_controller,361493,109.3,61829120
2026-04-24T21:36:43.715141+00:00,recovery_scenario,iperf_tcp,50,5,,twin_core,361501,0.0,68116480
2026-04-24T21:36:43.715141+00:00,recovery_scenario,iperf_tcp,50,5,,ryu_controller,361493,99.0,61829120
2026-04-24T21:36:43.816370+00:00,recovery_scenario,iperf_tcp,50,5,,twin_core,361501,0.0,68116480
2026-04-24T21:36:43.816370+00:00,recovery_scenario,iperf_tcp,50,5,,ryu_controller,361493,98.9,61829120
2026-04-24T21:36:43.917486+00:00,recovery_scenario,iperf_tcp,50,5,,twin_core,361501,0.0,68116480
2026-04-24T21:36:43.917486+00:00,recovery_scenario,iperf_tcp,50,5,,ryu_controller,361493,98.6,61829120
2026-04-24T21:36:44.019058+00:00,recovery_scenario,iperf_tcp,50,5,,twin_core,361501,0.0,68116480
2026-04-24T21:36:44.019058+00:00,recovery_scenario,iperf_tcp,50,5,,ryu_controller,361493,108.2,61829120
2026-04-24T21:36:44.120360+00:00,recovery_scenario,iperf_tcp,50,5,,twin_core,361501,0.0,68116480
2026-04-24T21:36:44.120360+00:00,recovery_scenario,iperf_tcp,50,5,,ryu_controller,361493,89.3,61829120
2026-04-24T21:36:44.221386+00:00,recovery_scenario,iperf_tcp,50,5,,twin_core,361501,0.0,68116480
2026-04-24T21:36:44.221386+00:00,recovery_scenario,iperf_tcp,50,5,,ryu_controller,361493,99.1,61829120
2026-04-24T21:36:44.322406+00:00,recovery_scenario,iperf_tcp,50,5,,twin_core,361501,0.0,68116480
2026-04-24T21:36:44.322406+00:00,recovery_scenario,iperf_tcp,50,5,,ryu_controller,361493,96.8,61829120
2026-04-24T21:36:44.425319+00:00,recovery_scenario,iperf_tcp,50,5,,twin_core,361501,0.0,68116480
2026-04-24T21:36:44.425319+00:00,recovery_scenario,iperf_tcp,50,5,,ryu_controller,361493,69.6,61829120
2026-04-24T21:36:44.526222+00:00,recovery_scenario,iperf_tcp,50,5,,twin_core,361501,0.0,68116480
2026-04-24T21:36:44.526222+00:00,recovery_scenario,iperf_tcp,50,5,,ryu_controller,361493,19.7,61829120
2026-04-24T21:36:44.627405+00:00,recovery_scenario,iperf_tcp,50,5,,twin_core,361501,0.0,68116480
2026-04-24T21:36:44.627405+00:00,recovery_scenario,iperf_tcp,50,5,,ryu_controller,361493,9.9,61829120
2026-04-24T21:36:44.729331+00:00,recovery_scenario,iperf_tcp,50,5,,twin_core,361501,9.8,68116480
2026-04-24T21:36:44.729331+00:00,recovery_scenario,iperf_tcp,50,5,,ryu_controller,361493,9.8,61829120
2026-04-24T21:36:44.829933+00:00,recovery_scenario,iperf_tcp,50,5,,twin_core,361501,0.0,68116480
2026-04-24T21:36:44.829933+00:00,recovery_scenario,iperf_tcp,50,5,,ryu_controller,361493,9.9,61829120
2026-04-24T21:36:44.930624+00:00,recovery_scenario,iperf_tcp,50,5,,twin_core,361501,9.9,68116480
2026-04-24T21:36:44.930624+00:00,recovery_scenario,iperf_tcp,50,5,,ryu_controller,361493,0.0,61829120
2026-04-24T21:36:45.031502+00:00,recovery_scenario,iperf_tcp,50,5,,twin_core,361501,9.9,68116480
2026-04-24T21:36:45.031502+00:00,recovery_scenario,iperf_tcp,50,5,,ryu_controller,361493,79.1,61829120
2026-04-24T21:36:45.132794+00:00,recovery_scenario,iperf_tcp,50,5,,twin_core,361501,0.0,68116480
2026-04-24T21:36:45.132794+00:00,recovery_scenario,iperf_tcp,50,5,,ryu_controller,361493,49.5,61829120
2026-04-24T21:36:45.233983+00:00,recovery_scenario,iperf_tcp,50,5,,twin_core,361501,9.9,68116480
2026-04-24T21:36:45.233983+00:00,recovery_scenario,iperf_tcp,50,5,,ryu_controller,361493,29.7,61829120
2026-04-24T21:36:45.334654+00:00,recovery_scenario,iperf_tcp,50,5,,twin_core,361501,10.0,68116480
2026-04-24T21:36:45.334654+00:00,recovery_scenario,iperf_tcp,50,5,,ryu_controller,361493,49.4,61829120
2026-04-24T21:36:45.377693+00:00,recovery_scenario,iperf_tcp,50,5,scenario_teardown,,,,
2026-04-24T21:36:45.436199+00:00,recovery_scenario,iperf_tcp,50,5,,twin_core,361501,19.7,68116480
2026-04-24T21:36:45.436199+00:00,recovery_scenario,iperf_tcp,50,5,,ryu_controller,361493,39.7,61829120
2026-04-24T21:36:45.536655+00:00,recovery_scenario,iperf_tcp,50,5,,twin_core,361501,0.0,68116480
2026-04-24T21:36:45.536655+00:00,recovery_scenario,iperf_tcp,50,5,,ryu_controller,361493,9.9,61829120
2026-04-24T21:36:45.637353+00:00,recovery_scenario,iperf_tcp,50,5,,twin_core,361501,0.0,68116480
2026-04-24T21:36:45.637353+00:00,recovery_scenario,iperf_tcp,50,5,,ryu_controller,361493,9.9,61829120
2026-04-24T21:36:45.738325+00:00,recovery_scenario,iperf_tcp,50,5,,twin_core,361501,9.9,68116480
2026-04-24T21:36:45.738325+00:00,recovery_scenario,iperf_tcp,50,5,,ryu_controller,361493,9.9,61829120
2026-04-24T21:36:46.286358+00:00,recovery_scenario,iperf_tcp,50,6,,twin_core,361501,0.0,68116480
2026-04-24T21:36:46.286358+00:00,recovery_scenario,iperf_tcp,50,6,,ryu_controller,361493,0.0,61829120
2026-04-24T21:36:46.388479+00:00,recovery_scenario,iperf_tcp,50,6,,twin_core,361501,0.0,68116480
2026-04-24T21:36:46.388479+00:00,recovery_scenario,iperf_tcp,50,6,,ryu_controller,361493,49.5,61829120
2026-04-24T21:36:46.489527+00:00,recovery_scenario,iperf_tcp,50,6,,twin_core,361501,9.9,68116480
2026-04-24T21:36:46.489527+00:00,recovery_scenario,iperf_tcp,50,6,,ryu_controller,361493,39.7,61829120
2026-04-24T21:36:46.560104+00:00,recovery_scenario,iperf_tcp,50,6,service_started,,,,
2026-04-24T21:36:46.590224+00:00,recovery_scenario,iperf_tcp,50,6,,twin_core,361501,19.9,68120576
2026-04-24T21:36:46.590224+00:00,recovery_scenario,iperf_tcp,50,6,,ryu_controller,361493,29.9,61829120
2026-04-24T21:36:46.690609+00:00,recovery_scenario,iperf_tcp,50,6,,twin_core,361501,10.0,68120576
2026-04-24T21:36:46.690609+00:00,recovery_scenario,iperf_tcp,50,6,,ryu_controller,361493,39.8,61829120
2026-04-24T21:36:46.791109+00:00,recovery_scenario,iperf_tcp,50,6,,twin_core,361501,0.0,68120576
2026-04-24T21:36:46.791109+00:00,recovery_scenario,iperf_tcp,50,6,,ryu_controller,361493,29.9,61829120
2026-04-24T21:36:46.891546+00:00,recovery_scenario,iperf_tcp,50,6,,twin_core,361501,0.0,68120576
2026-04-24T21:36:46.891546+00:00,recovery_scenario,iperf_tcp,50,6,,ryu_controller,361493,0.0,61829120
2026-04-24T21:36:46.993155+00:00,recovery_scenario,iperf_tcp,50,6,,twin_core,361501,0.0,68120576
2026-04-24T21:36:46.993155+00:00,recovery_scenario,iperf_tcp,50,6,,ryu_controller,361493,29.6,61829120
2026-04-24T21:36:47.093611+00:00,recovery_scenario,iperf_tcp,50,6,,twin_core,361501,0.0,68120576
2026-04-24T21:36:47.093611+00:00,recovery_scenario,iperf_tcp,50,6,,ryu_controller,361493,19.9,61829120
2026-04-24T21:36:47.194079+00:00,recovery_scenario,iperf_tcp,50,6,,twin_core,361501,0.0,68120576
2026-04-24T21:36:47.194079+00:00,recovery_scenario,iperf_tcp,50,6,,ryu_controller,361493,39.9,61829120
2026-04-24T21:36:47.294611+00:00,recovery_scenario,iperf_tcp,50,6,,twin_core,361501,0.0,68120576
2026-04-24T21:36:47.294611+00:00,recovery_scenario,iperf_tcp,50,6,,ryu_controller,361493,19.9,61829120
2026-04-24T21:36:47.395216+00:00,recovery_scenario,iperf_tcp,50,6,,twin_core,361501,0.0,68120576
2026-04-24T21:36:47.395216+00:00,recovery_scenario,iperf_tcp,50,6,,ryu_controller,361493,19.9,61829120
2026-04-24T21:36:47.501798+00:00,recovery_scenario,iperf_tcp,50,6,,twin_core,361501,0.0,68120576
2026-04-24T21:36:47.501798+00:00,recovery_scenario,iperf_tcp,50,6,,ryu_controller,361493,9.4,61829120
2026-04-24T21:36:47.602302+00:00,recovery_scenario,iperf_tcp,50,6,,twin_core,361501,0.0,68120576
2026-04-24T21:36:47.602302+00:00,recovery_scenario,iperf_tcp,50,6,,ryu_controller,361493,29.9,61829120
2026-04-24T21:36:47.702806+00:00,recovery_scenario,iperf_tcp,50,6,,twin_core,361501,0.0,68120576
2026-04-24T21:36:47.702806+00:00,recovery_scenario,iperf_tcp,50,6,,ryu_controller,361493,19.9,61829120
2026-04-24T21:36:47.803190+00:00,recovery_scenario,iperf_tcp,50,6,,twin_core,361501,0.0,68120576
2026-04-24T21:36:47.803190+00:00,recovery_scenario,iperf_tcp,50,6,,ryu_controller,361493,19.9,61829120
2026-04-24T21:36:47.903630+00:00,recovery_scenario,iperf_tcp,50,6,,twin_core,361501,0.0,68120576
2026-04-24T21:36:47.903630+00:00,recovery_scenario,iperf_tcp,50,6,,ryu_controller,361493,10.0,61829120
2026-04-24T21:36:48.005579+00:00,recovery_scenario,iperf_tcp,50,6,,twin_core,361501,0.0,68120576
2026-04-24T21:36:48.005579+00:00,recovery_scenario,iperf_tcp,50,6,,ryu_controller,361493,29.4,61829120
2026-04-24T21:36:48.106006+00:00,recovery_scenario,iperf_tcp,50,6,,twin_core,361501,0.0,68120576
2026-04-24T21:36:48.106006+00:00,recovery_scenario,iperf_tcp,50,6,,ryu_controller,361493,19.9,61829120
2026-04-24T21:36:48.206455+00:00,recovery_scenario,iperf_tcp,50,6,,twin_core,361501,0.0,68120576
2026-04-24T21:36:48.206455+00:00,recovery_scenario,iperf_tcp,50,6,,ryu_controller,361493,29.9,61829120
2026-04-24T21:36:48.306944+00:00,recovery_scenario,iperf_tcp,50,6,,twin_core,361501,0.0,68120576
2026-04-24T21:36:48.306944+00:00,recovery_scenario,iperf_tcp,50,6,,ryu_controller,361493,19.9,61829120
2026-04-24T21:36:48.407330+00:00,recovery_scenario,iperf_tcp,50,6,,twin_core,361501,0.0,68120576
2026-04-24T21:36:48.407330+00:00,recovery_scenario,iperf_tcp,50,6,,ryu_controller,361493,10.0,61829120
2026-04-24T21:36:48.507756+00:00,recovery_scenario,iperf_tcp,50,6,,twin_core,361501,0.0,68120576
2026-04-24T21:36:48.507756+00:00,recovery_scenario,iperf_tcp,50,6,,ryu_controller,361493,10.0,61829120
2026-04-24T21:36:48.608267+00:00,recovery_scenario,iperf_tcp,50,6,,twin_core,361501,0.0,68120576
2026-04-24T21:36:48.608267+00:00,recovery_scenario,iperf_tcp,50,6,,ryu_controller,361493,10.0,61829120
2026-04-24T21:36:48.708685+00:00,recovery_scenario,iperf_tcp,50,6,,twin_core,361501,10.0,68120576
2026-04-24T21:36:48.708685+00:00,recovery_scenario,iperf_tcp,50,6,,ryu_controller,361493,59.7,61829120
2026-04-24T21:36:48.809219+00:00,recovery_scenario,iperf_tcp,50,6,,twin_core,361501,0.0,68120576
2026-04-24T21:36:48.809219+00:00,recovery_scenario,iperf_tcp,50,6,,ryu_controller,361493,10.0,61829120
2026-04-24T21:36:48.909687+00:00,recovery_scenario,iperf_tcp,50,6,,twin_core,361501,0.0,68120576
2026-04-24T21:36:48.909687+00:00,recovery_scenario,iperf_tcp,50,6,,ryu_controller,361493,19.9,61829120
2026-04-24T21:36:49.013655+00:00,recovery_scenario,iperf_tcp,50,6,,twin_core,361501,0.0,68120576
2026-04-24T21:36:49.013655+00:00,recovery_scenario,iperf_tcp,50,6,,ryu_controller,361493,9.6,61829120
2026-04-24T21:36:49.114189+00:00,recovery_scenario,iperf_tcp,50,6,,twin_core,361501,0.0,68120576
2026-04-24T21:36:49.114189+00:00,recovery_scenario,iperf_tcp,50,6,,ryu_controller,361493,0.0,61829120
2026-04-24T21:36:49.214739+00:00,recovery_scenario,iperf_tcp,50,6,,twin_core,361501,0.0,68120576
2026-04-24T21:36:49.214739+00:00,recovery_scenario,iperf_tcp,50,6,,ryu_controller,361493,59.7,61829120
2026-04-24T21:36:49.316860+00:00,recovery_scenario,iperf_tcp,50,6,,twin_core,361501,9.8,68120576
2026-04-24T21:36:49.316860+00:00,recovery_scenario,iperf_tcp,50,6,,ryu_controller,361493,0.0,61829120
2026-04-24T21:36:49.417422+00:00,recovery_scenario,iperf_tcp,50,6,,twin_core,361501,0.0,68120576
2026-04-24T21:36:49.417422+00:00,recovery_scenario,iperf_tcp,50,6,,ryu_controller,361493,10.0,61829120
2026-04-24T21:36:49.519649+00:00,recovery_scenario,iperf_tcp,50,6,,twin_core,361501,0.0,68120576
2026-04-24T21:36:49.519649+00:00,recovery_scenario,iperf_tcp,50,6,,ryu_controller,361493,19.5,61829120
2026-04-24T21:36:49.620188+00:00,recovery_scenario,iperf_tcp,50,6,,twin_core,361501,0.0,68120576
2026-04-24T21:36:49.620188+00:00,recovery_scenario,iperf_tcp,50,6,,ryu_controller,361493,10.0,61829120
2026-04-24T21:36:49.721303+00:00,recovery_scenario,iperf_tcp,50,6,,twin_core,361501,0.0,68120576
2026-04-24T21:36:49.721303+00:00,recovery_scenario,iperf_tcp,50,6,,ryu_controller,361493,9.9,61829120
2026-04-24T21:36:49.821963+00:00,recovery_scenario,iperf_tcp,50,6,,twin_core,361501,0.0,68120576
2026-04-24T21:36:49.821963+00:00,recovery_scenario,iperf_tcp,50,6,,ryu_controller,361493,9.9,61829120
2026-04-24T21:36:49.922381+00:00,recovery_scenario,iperf_tcp,50,6,,twin_core,361501,0.0,68120576
2026-04-24T21:36:49.922381+00:00,recovery_scenario,iperf_tcp,50,6,,ryu_controller,361493,10.0,61829120
2026-04-24T21:36:50.022779+00:00,recovery_scenario,iperf_tcp,50,6,,twin_core,361501,0.0,68120576
2026-04-24T21:36:50.022779+00:00,recovery_scenario,iperf_tcp,50,6,,ryu_controller,361493,19.9,61829120
2026-04-24T21:36:50.123189+00:00,recovery_scenario,iperf_tcp,50,6,,twin_core,361501,0.0,68120576
2026-04-24T21:36:50.123189+00:00,recovery_scenario,iperf_tcp,50,6,,ryu_controller,361493,0.0,61829120
2026-04-24T21:36:50.223573+00:00,recovery_scenario,iperf_tcp,50,6,,twin_core,361501,0.0,68120576
2026-04-24T21:36:50.223573+00:00,recovery_scenario,iperf_tcp,50,6,,ryu_controller,361493,9.9,61829120
2026-04-24T21:36:50.324126+00:00,recovery_scenario,iperf_tcp,50,6,,twin_core,361501,0.0,68120576
2026-04-24T21:36:50.324126+00:00,recovery_scenario,iperf_tcp,50,6,,ryu_controller,361493,10.0,61829120
2026-04-24T21:36:50.424530+00:00,recovery_scenario,iperf_tcp,50,6,,twin_core,361501,10.0,68120576
2026-04-24T21:36:50.424530+00:00,recovery_scenario,iperf_tcp,50,6,,ryu_controller,361493,0.0,61829120
2026-04-24T21:36:50.525198+00:00,recovery_scenario,iperf_tcp,50,6,,twin_core,361501,0.0,68120576
2026-04-24T21:36:50.525198+00:00,recovery_scenario,iperf_tcp,50,6,,ryu_controller,361493,9.9,61829120
2026-04-24T21:36:50.625605+00:00,recovery_scenario,iperf_tcp,50,6,,twin_core,361501,10.0,68120576
2026-04-24T21:36:50.625605+00:00,recovery_scenario,iperf_tcp,50,6,,ryu_controller,361493,19.9,61829120
2026-04-24T21:36:50.726059+00:00,recovery_scenario,iperf_tcp,50,6,,twin_core,361501,10.0,68120576
2026-04-24T21:36:50.726059+00:00,recovery_scenario,iperf_tcp,50,6,,ryu_controller,361493,49.8,61829120
2026-04-24T21:36:50.826392+00:00,recovery_scenario,iperf_tcp,50,6,,twin_core,361501,0.0,68120576
2026-04-24T21:36:50.826392+00:00,recovery_scenario,iperf_tcp,50,6,,ryu_controller,361493,19.9,61829120
2026-04-24T21:36:50.926788+00:00,recovery_scenario,iperf_tcp,50,6,,twin_core,361501,0.0,68120576
2026-04-24T21:36:50.926788+00:00,recovery_scenario,iperf_tcp,50,6,,ryu_controller,361493,19.9,61829120
2026-04-24T21:36:51.027181+00:00,recovery_scenario,iperf_tcp,50,6,,twin_core,361501,0.0,68120576
2026-04-24T21:36:51.027181+00:00,recovery_scenario,iperf_tcp,50,6,,ryu_controller,361493,10.0,61829120
2026-04-24T21:36:51.127532+00:00,recovery_scenario,iperf_tcp,50,6,,twin_core,361501,0.0,68120576
2026-04-24T21:36:51.127532+00:00,recovery_scenario,iperf_tcp,50,6,,ryu_controller,361493,10.0,61829120
2026-04-24T21:36:51.228039+00:00,recovery_scenario,iperf_tcp,50,6,,twin_core,361501,0.0,68120576
2026-04-24T21:36:51.228039+00:00,recovery_scenario,iperf_tcp,50,6,,ryu_controller,361493,10.0,61829120
2026-04-24T21:36:51.330500+00:00,recovery_scenario,iperf_tcp,50,6,,twin_core,361501,9.8,68120576
2026-04-24T21:36:51.330500+00:00,recovery_scenario,iperf_tcp,50,6,,ryu_controller,361493,68.3,61829120
2026-04-24T21:36:51.433243+00:00,recovery_scenario,iperf_tcp,50,6,,twin_core,361501,0.0,68120576
2026-04-24T21:36:51.433243+00:00,recovery_scenario,iperf_tcp,50,6,,ryu_controller,361493,9.7,61829120
2026-04-24T21:36:51.533767+00:00,recovery_scenario,iperf_tcp,50,6,,twin_core,361501,0.0,68120576
2026-04-24T21:36:51.533767+00:00,recovery_scenario,iperf_tcp,50,6,,ryu_controller,361493,9.9,61829120
2026-04-24T21:36:51.634187+00:00,recovery_scenario,iperf_tcp,50,6,,twin_core,361501,0.0,68120576
2026-04-24T21:36:51.634187+00:00,recovery_scenario,iperf_tcp,50,6,,ryu_controller,361493,9.9,61829120
2026-04-24T21:36:51.734690+00:00,recovery_scenario,iperf_tcp,50,6,,twin_core,361501,0.0,68120576
2026-04-24T21:36:51.734690+00:00,recovery_scenario,iperf_tcp,50,6,,ryu_controller,361493,10.0,61829120
2026-04-24T21:36:51.835339+00:00,recovery_scenario,iperf_tcp,50,6,,twin_core,361501,0.0,68120576
2026-04-24T21:36:51.835339+00:00,recovery_scenario,iperf_tcp,50,6,,ryu_controller,361493,19.9,61829120
2026-04-24T21:36:51.935784+00:00,recovery_scenario,iperf_tcp,50,6,,twin_core,361501,0.0,68120576
2026-04-24T21:36:51.935784+00:00,recovery_scenario,iperf_tcp,50,6,,ryu_controller,361493,10.0,61829120
2026-04-24T21:36:52.045046+00:00,recovery_scenario,iperf_tcp,50,6,,twin_core,361501,0.0,68120576
2026-04-24T21:36:52.045046+00:00,recovery_scenario,iperf_tcp,50,6,,ryu_controller,361493,9.1,61829120
2026-04-24T21:36:52.145765+00:00,recovery_scenario,iperf_tcp,50,6,,twin_core,361501,0.0,68120576
2026-04-24T21:36:52.145765+00:00,recovery_scenario,iperf_tcp,50,6,,ryu_controller,361493,0.0,61829120
2026-04-24T21:36:52.248140+00:00,recovery_scenario,iperf_tcp,50,6,,twin_core,361501,0.0,68120576
2026-04-24T21:36:52.248140+00:00,recovery_scenario,iperf_tcp,50,6,,ryu_controller,361493,0.0,61829120
2026-04-24T21:36:52.348595+00:00,recovery_scenario,iperf_tcp,50,6,,twin_core,361501,0.0,68120576
2026-04-24T21:36:52.348595+00:00,recovery_scenario,iperf_tcp,50,6,,ryu_controller,361493,29.9,61829120
2026-04-24T21:36:52.449078+00:00,recovery_scenario,iperf_tcp,50,6,,twin_core,361501,0.0,68120576
2026-04-24T21:36:52.449078+00:00,recovery_scenario,iperf_tcp,50,6,,ryu_controller,361493,0.0,61829120
2026-04-24T21:36:52.466949+00:00,recovery_scenario,iperf_tcp,50,6,pingall_completed,,,,
2026-04-24T21:36:52.552407+00:00,recovery_scenario,iperf_tcp,50,6,,twin_core,361501,9.7,68120576
2026-04-24T21:36:52.552407+00:00,recovery_scenario,iperf_tcp,50,6,,ryu_controller,361493,0.0,61829120
2026-04-24T21:36:52.659757+00:00,recovery_scenario,iperf_tcp,50,6,,twin_core,361501,0.0,68120576
2026-04-24T21:36:52.659757+00:00,recovery_scenario,iperf_tcp,50,6,,ryu_controller,361493,0.0,61829120
2026-04-24T21:36:52.760325+00:00,recovery_scenario,iperf_tcp,50,6,,twin_core,361501,0.0,68120576
2026-04-24T21:36:52.760325+00:00,recovery_scenario,iperf_tcp,50,6,,ryu_controller,361493,9.9,61829120
2026-04-24T21:36:52.861829+00:00,recovery_scenario,iperf_tcp,50,6,,twin_core,361501,9.9,68120576
2026-04-24T21:36:52.861829+00:00,recovery_scenario,iperf_tcp,50,6,,ryu_controller,361493,88.5,61829120
2026-04-24T21:36:52.962664+00:00,recovery_scenario,iperf_tcp,50,6,,twin_core,361501,0.0,68124672
2026-04-24T21:36:52.962664+00:00,recovery_scenario,iperf_tcp,50,6,,ryu_controller,361493,59.6,61829120
2026-04-24T21:36:53.071114+00:00,recovery_scenario,iperf_tcp,50,6,,twin_core,361501,0.0,68124672
2026-04-24T21:36:53.071114+00:00,recovery_scenario,iperf_tcp,50,6,,ryu_controller,361493,0.0,61829120
2026-04-24T21:36:53.179179+00:00,recovery_scenario,iperf_tcp,50,6,,twin_core,361501,0.0,68124672
2026-04-24T21:36:53.179179+00:00,recovery_scenario,iperf_tcp,50,6,,ryu_controller,361493,0.0,61829120
2026-04-24T21:36:53.290007+00:00,recovery_scenario,iperf_tcp,50,6,,twin_core,361501,0.0,68124672
2026-04-24T21:36:53.290007+00:00,recovery_scenario,iperf_tcp,50,6,,ryu_controller,361493,9.1,61829120
2026-04-24T21:36:53.391280+00:00,recovery_scenario,iperf_tcp,50,6,,twin_core,361501,9.9,68124672
2026-04-24T21:36:53.391280+00:00,recovery_scenario,iperf_tcp,50,6,,ryu_controller,361493,69.3,61829120
2026-04-24T21:36:53.491763+00:00,recovery_scenario,iperf_tcp,50,6,,twin_core,361501,10.0,68124672
2026-04-24T21:36:53.491763+00:00,recovery_scenario,iperf_tcp,50,6,,ryu_controller,361493,10.0,61829120
2026-04-24T21:36:53.592228+00:00,recovery_scenario,iperf_tcp,50,6,,twin_core,361501,0.0,68124672
2026-04-24T21:36:53.592228+00:00,recovery_scenario,iperf_tcp,50,6,,ryu_controller,361493,10.0,61829120
2026-04-24T21:36:53.692689+00:00,recovery_scenario,iperf_tcp,50,6,,twin_core,361501,0.0,68124672
2026-04-24T21:36:53.692689+00:00,recovery_scenario,iperf_tcp,50,6,,ryu_controller,361493,0.0,61829120
2026-04-24T21:36:53.795762+00:00,recovery_scenario,iperf_tcp,50,6,,twin_core,361501,0.0,68124672
2026-04-24T21:36:53.795762+00:00,recovery_scenario,iperf_tcp,50,6,,ryu_controller,361493,0.0,61829120
2026-04-24T21:36:53.896214+00:00,recovery_scenario,iperf_tcp,50,6,,twin_core,361501,0.0,68124672
2026-04-24T21:36:53.896214+00:00,recovery_scenario,iperf_tcp,50,6,,ryu_controller,361493,0.0,61829120
2026-04-24T21:36:53.996841+00:00,recovery_scenario,iperf_tcp,50,6,,twin_core,361501,0.0,68124672
2026-04-24T21:36:53.996841+00:00,recovery_scenario,iperf_tcp,50,6,,ryu_controller,361493,9.9,61829120
2026-04-24T21:36:54.097469+00:00,recovery_scenario,iperf_tcp,50,6,,twin_core,361501,0.0,68124672
2026-04-24T21:36:54.097469+00:00,recovery_scenario,iperf_tcp,50,6,,ryu_controller,361493,9.9,61829120
2026-04-24T21:36:54.198607+00:00,recovery_scenario,iperf_tcp,50,6,,twin_core,361501,0.0,68124672
2026-04-24T21:36:54.198607+00:00,recovery_scenario,iperf_tcp,50,6,,ryu_controller,361493,0.0,61829120
2026-04-24T21:36:54.300236+00:00,recovery_scenario,iperf_tcp,50,6,,twin_core,361501,0.0,68124672
2026-04-24T21:36:54.300236+00:00,recovery_scenario,iperf_tcp,50,6,,ryu_controller,361493,0.0,61829120
2026-04-24T21:36:54.401446+00:00,recovery_scenario,iperf_tcp,50,6,,twin_core,361501,0.0,68124672
2026-04-24T21:36:54.401446+00:00,recovery_scenario,iperf_tcp,50,6,,ryu_controller,361493,9.7,61829120
2026-04-24T21:36:54.483672+00:00,recovery_scenario,iperf_tcp,50,6,background_traffic_started,,,,
2026-04-24T21:36:54.505861+00:00,recovery_scenario,iperf_tcp,50,6,,twin_core,361501,0.0,68124672
2026-04-24T21:36:54.505861+00:00,recovery_scenario,iperf_tcp,50,6,,ryu_controller,361493,0.0,61829120
2026-04-24T21:36:54.606236+00:00,recovery_scenario,iperf_tcp,50,6,,twin_core,361501,10.0,68124672
2026-04-24T21:36:54.606236+00:00,recovery_scenario,iperf_tcp,50,6,,ryu_controller,361493,39.8,61829120
2026-04-24T21:36:54.704315+00:00,recovery_scenario,iperf_tcp,50,6,fault_injected,,,,
2026-04-24T21:36:54.708048+00:00,recovery_scenario,iperf_tcp,50,6,,twin_core,361501,0.0,68128768
2026-04-24T21:36:54.708048+00:00,recovery_scenario,iperf_tcp,50,6,,ryu_controller,361493,39.2,61829120
2026-04-24T21:36:54.808821+00:00,recovery_scenario,iperf_tcp,50,6,,twin_core,361501,0.0,68128768
2026-04-24T21:36:54.808821+00:00,recovery_scenario,iperf_tcp,50,6,,ryu_controller,361493,39.8,61829120
2026-04-24T21:36:54.911077+00:00,recovery_scenario,iperf_tcp,50,6,,twin_core,361501,0.0,68128768
2026-04-24T21:36:54.911077+00:00,recovery_scenario,iperf_tcp,50,6,,ryu_controller,361493,48.5,61829120
2026-04-24T21:36:55.019335+00:00,recovery_scenario,iperf_tcp,50,6,,twin_core,361501,9.2,68128768
2026-04-24T21:36:55.019335+00:00,recovery_scenario,iperf_tcp,50,6,,ryu_controller,361493,46.2,61829120
2026-04-24T21:36:55.121967+00:00,recovery_scenario,iperf_tcp,50,6,,twin_core,361501,0.0,68128768
2026-04-24T21:36:55.121967+00:00,recovery_scenario,iperf_tcp,50,6,,ryu_controller,361493,38.8,61829120
2026-04-24T21:36:55.225135+00:00,recovery_scenario,iperf_tcp,50,6,,twin_core,361501,9.7,68128768
2026-04-24T21:36:55.225135+00:00,recovery_scenario,iperf_tcp,50,6,,ryu_controller,361493,48.7,61829120
2026-04-24T21:36:55.326537+00:00,recovery_scenario,iperf_tcp,50,6,,twin_core,361501,0.0,68128768
2026-04-24T21:36:55.326537+00:00,recovery_scenario,iperf_tcp,50,6,,ryu_controller,361493,39.6,61829120
2026-04-24T21:36:55.428214+00:00,recovery_scenario,iperf_tcp,50,6,,twin_core,361501,0.0,68128768
2026-04-24T21:36:55.428214+00:00,recovery_scenario,iperf_tcp,50,6,,ryu_controller,361493,69.0,61829120
2026-04-24T21:36:55.529357+00:00,recovery_scenario,iperf_tcp,50,6,,twin_core,361501,0.0,68128768
2026-04-24T21:36:55.529357+00:00,recovery_scenario,iperf_tcp,50,6,,ryu_controller,361493,69.3,61829120
2026-04-24T21:36:55.629683+00:00,recovery_scenario,iperf_tcp,50,6,,twin_core,361501,10.0,68128768
2026-04-24T21:36:55.629683+00:00,recovery_scenario,iperf_tcp,50,6,,ryu_controller,361493,99.6,61829120
2026-04-24T21:36:55.730168+00:00,recovery_scenario,iperf_tcp,50,6,,twin_core,361501,0.0,68128768
2026-04-24T21:36:55.730168+00:00,recovery_scenario,iperf_tcp,50,6,,ryu_controller,361493,89.7,61829120
2026-04-24T21:36:55.830675+00:00,recovery_scenario,iperf_tcp,50,6,,twin_core,361501,0.0,68128768
2026-04-24T21:36:55.830675+00:00,recovery_scenario,iperf_tcp,50,6,,ryu_controller,361493,89.5,61829120
2026-04-24T21:36:55.931691+00:00,recovery_scenario,iperf_tcp,50,6,,twin_core,361501,0.0,68128768
2026-04-24T21:36:55.931691+00:00,recovery_scenario,iperf_tcp,50,6,,ryu_controller,361493,89.0,61829120
2026-04-24T21:36:56.032883+00:00,recovery_scenario,iperf_tcp,50,6,,twin_core,361501,0.0,68128768
2026-04-24T21:36:56.032883+00:00,recovery_scenario,iperf_tcp,50,6,,ryu_controller,361493,89.1,61829120
2026-04-24T21:36:56.133555+00:00,recovery_scenario,iperf_tcp,50,6,,twin_core,361501,0.0,68128768
2026-04-24T21:36:56.133555+00:00,recovery_scenario,iperf_tcp,50,6,,ryu_controller,361493,98.2,61829120
2026-04-24T21:36:56.235254+00:00,recovery_scenario,iperf_tcp,50,6,,twin_core,361501,0.0,68128768
2026-04-24T21:36:56.235254+00:00,recovery_scenario,iperf_tcp,50,6,,ryu_controller,361493,79.4,61829120
2026-04-24T21:36:56.335860+00:00,recovery_scenario,iperf_tcp,50,6,,twin_core,361501,0.0,68128768
2026-04-24T21:36:56.335860+00:00,recovery_scenario,iperf_tcp,50,6,,ryu_controller,361493,99.4,61829120
2026-04-24T21:36:56.436623+00:00,recovery_scenario,iperf_tcp,50,6,,twin_core,361501,0.0,68128768
2026-04-24T21:36:56.436623+00:00,recovery_scenario,iperf_tcp,50,6,,ryu_controller,361493,89.4,61829120
2026-04-24T21:36:56.537178+00:00,recovery_scenario,iperf_tcp,50,6,,twin_core,361501,9.9,68128768
2026-04-24T21:36:56.537178+00:00,recovery_scenario,iperf_tcp,50,6,,ryu_controller,361493,79.7,61829120
2026-04-24T21:36:56.637593+00:00,recovery_scenario,iperf_tcp,50,6,,twin_core,361501,10.0,68128768
2026-04-24T21:36:56.637593+00:00,recovery_scenario,iperf_tcp,50,6,,ryu_controller,361493,79.3,61829120
2026-04-24T21:36:56.738561+00:00,recovery_scenario,iperf_tcp,50,6,,twin_core,361501,0.0,68128768
2026-04-24T21:36:56.738561+00:00,recovery_scenario,iperf_tcp,50,6,,ryu_controller,361493,9.9,61829120
2026-04-24T21:36:56.841347+00:00,recovery_scenario,iperf_tcp,50,6,,twin_core,361501,19.5,68128768
2026-04-24T21:36:56.841347+00:00,recovery_scenario,iperf_tcp,50,6,,ryu_controller,361493,58.1,61829120
2026-04-24T21:36:56.884397+00:00,recovery_scenario,iperf_tcp,50,6,recovery_requested,,,,
2026-04-24T21:36:56.947034+00:00,recovery_scenario,iperf_tcp,50,6,,twin_core,361501,9.5,68128768
2026-04-24T21:36:56.947034+00:00,recovery_scenario,iperf_tcp,50,6,,ryu_controller,361493,47.7,61829120
2026-04-24T21:36:57.048175+00:00,recovery_scenario,iperf_tcp,50,6,,twin_core,361501,0.0,68128768
2026-04-24T21:36:57.048175+00:00,recovery_scenario,iperf_tcp,50,6,,ryu_controller,361493,29.7,61829120
2026-04-24T21:36:57.148603+00:00,recovery_scenario,iperf_tcp,50,6,,twin_core,361501,0.0,68128768
2026-04-24T21:36:57.148603+00:00,recovery_scenario,iperf_tcp,50,6,,ryu_controller,361493,19.9,61829120
2026-04-24T21:36:57.249348+00:00,recovery_scenario,iperf_tcp,50,6,,twin_core,361501,0.0,68128768
2026-04-24T21:36:57.249348+00:00,recovery_scenario,iperf_tcp,50,6,,ryu_controller,361493,29.9,61829120
2026-04-24T21:36:57.350009+00:00,recovery_scenario,iperf_tcp,50,6,,twin_core,361501,0.0,68128768
2026-04-24T21:36:57.350009+00:00,recovery_scenario,iperf_tcp,50,6,,ryu_controller,361493,39.7,61829120
2026-04-24T21:36:57.450467+00:00,recovery_scenario,iperf_tcp,50,6,,twin_core,361501,10.0,68128768
2026-04-24T21:36:57.450467+00:00,recovery_scenario,iperf_tcp,50,6,,ryu_controller,361493,59.7,61829120
2026-04-24T21:36:57.551013+00:00,recovery_scenario,iperf_tcp,50,6,,twin_core,361501,0.0,68128768
2026-04-24T21:36:57.551013+00:00,recovery_scenario,iperf_tcp,50,6,,ryu_controller,361493,89.5,61829120
2026-04-24T21:36:57.651558+00:00,recovery_scenario,iperf_tcp,50,6,,twin_core,361501,0.0,68128768
2026-04-24T21:36:57.651558+00:00,recovery_scenario,iperf_tcp,50,6,,ryu_controller,361493,99.3,61829120
2026-04-24T21:36:57.752343+00:00,recovery_scenario,iperf_tcp,50,6,,twin_core,361501,0.0,68128768
2026-04-24T21:36:57.752343+00:00,recovery_scenario,iperf_tcp,50,6,,ryu_controller,361493,98.9,61829120
2026-04-24T21:36:57.855018+00:00,recovery_scenario,iperf_tcp,50,6,,twin_core,361501,0.0,68128768
2026-04-24T21:36:57.855018+00:00,recovery_scenario,iperf_tcp,50,6,,ryu_controller,361493,96.9,61829120
2026-04-24T21:36:57.957883+00:00,recovery_scenario,iperf_tcp,50,6,,twin_core,361501,0.0,68128768
2026-04-24T21:36:57.957883+00:00,recovery_scenario,iperf_tcp,50,6,,ryu_controller,361493,98.1,61829120
2026-04-24T21:36:58.058944+00:00,recovery_scenario,iperf_tcp,50,6,,twin_core,361501,0.0,68128768
2026-04-24T21:36:58.058944+00:00,recovery_scenario,iperf_tcp,50,6,,ryu_controller,361493,98.9,61829120
2026-04-24T21:36:58.183263+00:00,recovery_scenario,iperf_tcp,50,6,,twin_core,361501,8.0,68128768
2026-04-24T21:36:58.183263+00:00,recovery_scenario,iperf_tcp,50,6,,ryu_controller,361493,78.3,61829120
2026-04-24T21:36:58.324125+00:00,recovery_scenario,iperf_tcp,50,6,,twin_core,361501,0.0,68128768
2026-04-24T21:36:58.324125+00:00,recovery_scenario,iperf_tcp,50,6,,ryu_controller,361493,72.8,61829120
2026-04-24T21:36:58.424829+00:00,recovery_scenario,iperf_tcp,50,6,,twin_core,361501,0.0,68128768
2026-04-24T21:36:58.424829+00:00,recovery_scenario,iperf_tcp,50,6,,ryu_controller,361493,99.4,61829120
2026-04-24T21:36:58.540558+00:00,recovery_scenario,iperf_tcp,50,6,,twin_core,361501,0.0,68128768
2026-04-24T21:36:58.540558+00:00,recovery_scenario,iperf_tcp,50,6,,ryu_controller,361493,94.9,61829120
2026-04-24T21:36:58.641578+00:00,recovery_scenario,iperf_tcp,50,6,,twin_core,361501,0.0,68128768
2026-04-24T21:36:58.641578+00:00,recovery_scenario,iperf_tcp,50,6,,ryu_controller,361493,99.0,61829120
2026-04-24T21:36:58.742217+00:00,recovery_scenario,iperf_tcp,50,6,,twin_core,361501,0.0,68128768
2026-04-24T21:36:58.742217+00:00,recovery_scenario,iperf_tcp,50,6,,ryu_controller,361493,99.1,61829120
2026-04-24T21:36:58.843376+00:00,recovery_scenario,iperf_tcp,50,6,,twin_core,361501,9.9,68128768
2026-04-24T21:36:58.843376+00:00,recovery_scenario,iperf_tcp,50,6,,ryu_controller,361493,98.8,61829120
2026-04-24T21:36:58.944423+00:00,recovery_scenario,iperf_tcp,50,6,,twin_core,361501,0.0,68128768
2026-04-24T21:36:58.944423+00:00,recovery_scenario,iperf_tcp,50,6,,ryu_controller,361493,99.3,61833216
2026-04-24T21:36:59.045990+00:00,recovery_scenario,iperf_tcp,50,6,,twin_core,361501,0.0,68128768
2026-04-24T21:36:59.045990+00:00,recovery_scenario,iperf_tcp,50,6,,ryu_controller,361493,107.6,61833216
2026-04-24T21:36:59.147617+00:00,recovery_scenario,iperf_tcp,50,6,,twin_core,361501,0.0,68128768
2026-04-24T21:36:59.147617+00:00,recovery_scenario,iperf_tcp,50,6,,ryu_controller,361493,89.2,61833216
2026-04-24T21:36:59.248127+00:00,recovery_scenario,iperf_tcp,50,6,,twin_core,361501,0.0,68128768
2026-04-24T21:36:59.248127+00:00,recovery_scenario,iperf_tcp,50,6,,ryu_controller,361493,99.5,61833216
2026-04-24T21:36:59.350870+00:00,recovery_scenario,iperf_tcp,50,6,,twin_core,361501,0.0,68128768
2026-04-24T21:36:59.350870+00:00,recovery_scenario,iperf_tcp,50,6,,ryu_controller,361493,106.2,61833216
2026-04-24T21:36:59.452814+00:00,recovery_scenario,iperf_tcp,50,6,,twin_core,361501,0.0,68128768
2026-04-24T21:36:59.452814+00:00,recovery_scenario,iperf_tcp,50,6,,ryu_controller,361493,89.1,61833216
2026-04-24T21:36:59.553286+00:00,recovery_scenario,iperf_tcp,50,6,,twin_core,361501,9.9,68128768
2026-04-24T21:36:59.553286+00:00,recovery_scenario,iperf_tcp,50,6,,ryu_controller,361493,109.4,61833216
2026-04-24T21:36:59.658204+00:00,recovery_scenario,iperf_tcp,50,6,,twin_core,361501,9.5,68128768
2026-04-24T21:36:59.658204+00:00,recovery_scenario,iperf_tcp,50,6,,ryu_controller,361493,73.7,61833216
2026-04-24T21:36:59.762522+00:00,recovery_scenario,iperf_tcp,50,6,,twin_core,361501,0.0,68128768
2026-04-24T21:36:59.762522+00:00,recovery_scenario,iperf_tcp,50,6,,ryu_controller,361493,19.8,61833216
2026-04-24T21:36:59.863542+00:00,recovery_scenario,iperf_tcp,50,6,,twin_core,361501,0.0,68128768
2026-04-24T21:36:59.863542+00:00,recovery_scenario,iperf_tcp,50,6,,ryu_controller,361493,9.9,61833216
2026-04-24T21:36:59.964233+00:00,recovery_scenario,iperf_tcp,50,6,,twin_core,361501,19.9,68128768
2026-04-24T21:36:59.964233+00:00,recovery_scenario,iperf_tcp,50,6,,ryu_controller,361493,39.9,61833216
2026-04-24T21:37:00.017515+00:00,recovery_scenario,iperf_tcp,50,6,scenario_teardown,,,,
2026-04-24T21:37:00.064627+00:00,recovery_scenario,iperf_tcp,50,6,,twin_core,361501,19.9,68128768
2026-04-24T21:37:00.064627+00:00,recovery_scenario,iperf_tcp,50,6,,ryu_controller,361493,59.7,61833216
2026-04-24T21:37:00.165139+00:00,recovery_scenario,iperf_tcp,50,6,,twin_core,361501,0.0,68128768
2026-04-24T21:37:00.165139+00:00,recovery_scenario,iperf_tcp,50,6,,ryu_controller,361493,10.0,61833216
2026-04-24T21:37:00.265524+00:00,recovery_scenario,iperf_tcp,50,6,,twin_core,361501,0.0,68128768
2026-04-24T21:37:00.265524+00:00,recovery_scenario,iperf_tcp,50,6,,ryu_controller,361493,10.0,61833216
2026-04-24T21:37:00.366050+00:00,recovery_scenario,iperf_tcp,50,6,,twin_core,361501,9.9,68128768
2026-04-24T21:37:00.366050+00:00,recovery_scenario,iperf_tcp,50,6,,ryu_controller,361493,9.9,61833216
2026-04-24T21:37:00.466466+00:00,recovery_scenario,iperf_tcp,50,6,,twin_core,361501,0.0,68128768
2026-04-24T21:37:00.466466+00:00,recovery_scenario,iperf_tcp,50,6,,ryu_controller,361493,19.9,61833216
2026-04-24T21:37:01.001532+00:00,recovery_scenario,iperf_tcp,50,7,,twin_core,361501,0.0,68128768
2026-04-24T21:37:01.001532+00:00,recovery_scenario,iperf_tcp,50,7,,ryu_controller,361493,0.0,61833216
2026-04-24T21:37:01.101976+00:00,recovery_scenario,iperf_tcp,50,7,,twin_core,361501,0.0,68128768
2026-04-24T21:37:01.101976+00:00,recovery_scenario,iperf_tcp,50,7,,ryu_controller,361493,39.9,61833216
2026-04-24T21:37:01.202397+00:00,recovery_scenario,iperf_tcp,50,7,,twin_core,361501,10.0,68128768
2026-04-24T21:37:01.202397+00:00,recovery_scenario,iperf_tcp,50,7,,ryu_controller,361493,19.9,61833216
2026-04-24T21:37:01.277978+00:00,recovery_scenario,iperf_tcp,50,7,service_started,,,,
2026-04-24T21:37:01.302777+00:00,recovery_scenario,iperf_tcp,50,7,,twin_core,361501,19.9,68128768
2026-04-24T21:37:01.302777+00:00,recovery_scenario,iperf_tcp,50,7,,ryu_controller,361493,49.8,61833216
2026-04-24T21:37:01.403164+00:00,recovery_scenario,iperf_tcp,50,7,,twin_core,361501,0.0,68128768
2026-04-24T21:37:01.403164+00:00,recovery_scenario,iperf_tcp,50,7,,ryu_controller,361493,49.8,61833216
2026-04-24T21:37:01.505628+00:00,recovery_scenario,iperf_tcp,50,7,,twin_core,361501,0.0,68128768
2026-04-24T21:37:01.505628+00:00,recovery_scenario,iperf_tcp,50,7,,ryu_controller,361493,19.5,61833216
2026-04-24T21:37:01.608301+00:00,recovery_scenario,iperf_tcp,50,7,,twin_core,361501,0.0,68128768
2026-04-24T21:37:01.608301+00:00,recovery_scenario,iperf_tcp,50,7,,ryu_controller,361493,19.5,61833216
2026-04-24T21:37:01.708687+00:00,recovery_scenario,iperf_tcp,50,7,,twin_core,361501,0.0,68128768
2026-04-24T21:37:01.708687+00:00,recovery_scenario,iperf_tcp,50,7,,ryu_controller,361493,29.9,61833216
2026-04-24T21:37:01.809130+00:00,recovery_scenario,iperf_tcp,50,7,,twin_core,361501,0.0,68128768
2026-04-24T21:37:01.809130+00:00,recovery_scenario,iperf_tcp,50,7,,ryu_controller,361493,19.9,61833216
2026-04-24T21:37:01.910919+00:00,recovery_scenario,iperf_tcp,50,7,,twin_core,361501,9.8,68128768
2026-04-24T21:37:01.910919+00:00,recovery_scenario,iperf_tcp,50,7,,ryu_controller,361493,19.6,61833216
2026-04-24T21:37:02.011449+00:00,recovery_scenario,iperf_tcp,50,7,,twin_core,361501,0.0,68128768
2026-04-24T21:37:02.011449+00:00,recovery_scenario,iperf_tcp,50,7,,ryu_controller,361493,19.9,61833216
2026-04-24T21:37:02.112113+00:00,recovery_scenario,iperf_tcp,50,7,,twin_core,361501,0.0,68128768
2026-04-24T21:37:02.112113+00:00,recovery_scenario,iperf_tcp,50,7,,ryu_controller,361493,19.9,61833216
2026-04-24T21:37:02.212571+00:00,recovery_scenario,iperf_tcp,50,7,,twin_core,361501,0.0,68128768
2026-04-24T21:37:02.212571+00:00,recovery_scenario,iperf_tcp,50,7,,ryu_controller,361493,0.0,61833216
2026-04-24T21:37:02.313191+00:00,recovery_scenario,iperf_tcp,50,7,,twin_core,361501,0.0,68128768
2026-04-24T21:37:02.313191+00:00,recovery_scenario,iperf_tcp,50,7,,ryu_controller,361493,29.9,61833216
2026-04-24T21:37:02.413632+00:00,recovery_scenario,iperf_tcp,50,7,,twin_core,361501,0.0,68128768
2026-04-24T21:37:02.413632+00:00,recovery_scenario,iperf_tcp,50,7,,ryu_controller,361493,19.9,61833216
2026-04-24T21:37:02.514072+00:00,recovery_scenario,iperf_tcp,50,7,,twin_core,361501,0.0,68128768
2026-04-24T21:37:02.514072+00:00,recovery_scenario,iperf_tcp,50,7,,ryu_controller,361493,29.9,61833216
2026-04-24T21:37:02.614482+00:00,recovery_scenario,iperf_tcp,50,7,,twin_core,361501,0.0,68128768
2026-04-24T21:37:02.614482+00:00,recovery_scenario,iperf_tcp,50,7,,ryu_controller,361493,19.9,61833216
2026-04-24T21:37:02.715004+00:00,recovery_scenario,iperf_tcp,50,7,,twin_core,361501,0.0,68128768
2026-04-24T21:37:02.715004+00:00,recovery_scenario,iperf_tcp,50,7,,ryu_controller,361493,10.0,61833216
2026-04-24T21:37:02.818934+00:00,recovery_scenario,iperf_tcp,50,7,,twin_core,361501,0.0,68128768
2026-04-24T21:37:02.818934+00:00,recovery_scenario,iperf_tcp,50,7,,ryu_controller,361493,19.2,61833216
2026-04-24T21:37:02.922784+00:00,recovery_scenario,iperf_tcp,50,7,,twin_core,361501,0.0,68128768
2026-04-24T21:37:02.922784+00:00,recovery_scenario,iperf_tcp,50,7,,ryu_controller,361493,9.6,61833216
2026-04-24T21:37:03.023258+00:00,recovery_scenario,iperf_tcp,50,7,,twin_core,361501,0.0,68128768
2026-04-24T21:37:03.023258+00:00,recovery_scenario,iperf_tcp,50,7,,ryu_controller,361493,39.9,61833216
2026-04-24T21:37:03.128364+00:00,recovery_scenario,iperf_tcp,50,7,,twin_core,361501,9.5,68128768
2026-04-24T21:37:03.128364+00:00,recovery_scenario,iperf_tcp,50,7,,ryu_controller,361493,9.5,61833216
2026-04-24T21:37:03.229112+00:00,recovery_scenario,iperf_tcp,50,7,,twin_core,361501,0.0,68128768
2026-04-24T21:37:03.229112+00:00,recovery_scenario,iperf_tcp,50,7,,ryu_controller,361493,9.9,61833216
2026-04-24T21:37:03.330645+00:00,recovery_scenario,iperf_tcp,50,7,,twin_core,361501,0.0,68128768
2026-04-24T21:37:03.330645+00:00,recovery_scenario,iperf_tcp,50,7,,ryu_controller,361493,9.8,61833216
2026-04-24T21:37:03.431251+00:00,recovery_scenario,iperf_tcp,50,7,,twin_core,361501,9.9,68128768
2026-04-24T21:37:03.431251+00:00,recovery_scenario,iperf_tcp,50,7,,ryu_controller,361493,49.6,61833216
2026-04-24T21:37:03.534273+00:00,recovery_scenario,iperf_tcp,50,7,,twin_core,361501,0.0,68128768
2026-04-24T21:37:03.534273+00:00,recovery_scenario,iperf_tcp,50,7,,ryu_controller,361493,19.5,61833216
2026-04-24T21:37:03.634638+00:00,recovery_scenario,iperf_tcp,50,7,,twin_core,361501,0.0,68128768
2026-04-24T21:37:03.634638+00:00,recovery_scenario,iperf_tcp,50,7,,ryu_controller,361493,19.9,61833216
2026-04-24T21:37:03.735116+00:00,recovery_scenario,iperf_tcp,50,7,,twin_core,361501,0.0,68128768
2026-04-24T21:37:03.735116+00:00,recovery_scenario,iperf_tcp,50,7,,ryu_controller,361493,19.9,61833216
2026-04-24T21:37:03.835487+00:00,recovery_scenario,iperf_tcp,50,7,,twin_core,361501,0.0,68128768
2026-04-24T21:37:03.835487+00:00,recovery_scenario,iperf_tcp,50,7,,ryu_controller,361493,29.8,61833216
2026-04-24T21:37:03.936091+00:00,recovery_scenario,iperf_tcp,50,7,,twin_core,361501,0.0,68128768
2026-04-24T21:37:03.936091+00:00,recovery_scenario,iperf_tcp,50,7,,ryu_controller,361493,10.0,61833216
2026-04-24T21:37:04.037855+00:00,recovery_scenario,iperf_tcp,50,7,,twin_core,361501,0.0,68128768
2026-04-24T21:37:04.037855+00:00,recovery_scenario,iperf_tcp,50,7,,ryu_controller,361493,0.0,61833216
2026-04-24T21:37:04.138369+00:00,recovery_scenario,iperf_tcp,50,7,,twin_core,361501,0.0,68128768
2026-04-24T21:37:04.138369+00:00,recovery_scenario,iperf_tcp,50,7,,ryu_controller,361493,19.9,61833216
2026-04-24T21:37:04.239959+00:00,recovery_scenario,iperf_tcp,50,7,,twin_core,361501,0.0,68128768
2026-04-24T21:37:04.239959+00:00,recovery_scenario,iperf_tcp,50,7,,ryu_controller,361493,9.8,61833216
2026-04-24T21:37:04.341378+00:00,recovery_scenario,iperf_tcp,50,7,,twin_core,361501,0.0,68128768
2026-04-24T21:37:04.341378+00:00,recovery_scenario,iperf_tcp,50,7,,ryu_controller,361493,9.9,61833216
2026-04-24T21:37:04.441853+00:00,recovery_scenario,iperf_tcp,50,7,,twin_core,361501,10.0,68128768
2026-04-24T21:37:04.441853+00:00,recovery_scenario,iperf_tcp,50,7,,ryu_controller,361493,0.0,61833216
2026-04-24T21:37:04.542272+00:00,recovery_scenario,iperf_tcp,50,7,,twin_core,361501,0.0,68128768
2026-04-24T21:37:04.542272+00:00,recovery_scenario,iperf_tcp,50,7,,ryu_controller,361493,10.0,61833216
2026-04-24T21:37:04.642689+00:00,recovery_scenario,iperf_tcp,50,7,,twin_core,361501,0.0,68128768
2026-04-24T21:37:04.642689+00:00,recovery_scenario,iperf_tcp,50,7,,ryu_controller,361493,10.0,61833216
2026-04-24T21:37:04.743211+00:00,recovery_scenario,iperf_tcp,50,7,,twin_core,361501,0.0,68128768
2026-04-24T21:37:04.743211+00:00,recovery_scenario,iperf_tcp,50,7,,ryu_controller,361493,10.0,61833216
2026-04-24T21:37:04.843598+00:00,recovery_scenario,iperf_tcp,50,7,,twin_core,361501,0.0,68128768
2026-04-24T21:37:04.843598+00:00,recovery_scenario,iperf_tcp,50,7,,ryu_controller,361493,9.9,61833216
2026-04-24T21:37:04.944147+00:00,recovery_scenario,iperf_tcp,50,7,,twin_core,361501,0.0,68128768
2026-04-24T21:37:04.944147+00:00,recovery_scenario,iperf_tcp,50,7,,ryu_controller,361493,10.0,61833216
2026-04-24T21:37:05.044518+00:00,recovery_scenario,iperf_tcp,50,7,,twin_core,361501,0.0,68128768
2026-04-24T21:37:05.044518+00:00,recovery_scenario,iperf_tcp,50,7,,ryu_controller,361493,19.9,61833216
2026-04-24T21:37:05.148519+00:00,recovery_scenario,iperf_tcp,50,7,,twin_core,361501,0.0,68128768
2026-04-24T21:37:05.148519+00:00,recovery_scenario,iperf_tcp,50,7,,ryu_controller,361493,0.0,61833216
2026-04-24T21:37:05.249854+00:00,recovery_scenario,iperf_tcp,50,7,,twin_core,361501,0.0,68128768
2026-04-24T21:37:05.249854+00:00,recovery_scenario,iperf_tcp,50,7,,ryu_controller,361493,19.7,61833216
2026-04-24T21:37:05.350886+00:00,recovery_scenario,iperf_tcp,50,7,,twin_core,361501,0.0,68128768
2026-04-24T21:37:05.350886+00:00,recovery_scenario,iperf_tcp,50,7,,ryu_controller,361493,9.9,61833216
2026-04-24T21:37:05.451394+00:00,recovery_scenario,iperf_tcp,50,7,,twin_core,361501,10.0,68128768
2026-04-24T21:37:05.451394+00:00,recovery_scenario,iperf_tcp,50,7,,ryu_controller,361493,49.8,61833216
2026-04-24T21:37:05.552836+00:00,recovery_scenario,iperf_tcp,50,7,,twin_core,361501,9.9,68128768
2026-04-24T21:37:05.552836+00:00,recovery_scenario,iperf_tcp,50,7,,ryu_controller,361493,19.7,61845504
2026-04-24T21:37:05.655003+00:00,recovery_scenario,iperf_tcp,50,7,,twin_core,361501,0.0,68128768
2026-04-24T21:37:05.655003+00:00,recovery_scenario,iperf_tcp,50,7,,ryu_controller,361493,9.8,61845504
2026-04-24T21:37:05.760130+00:00,recovery_scenario,iperf_tcp,50,7,,twin_core,361501,0.0,68128768
2026-04-24T21:37:05.760130+00:00,recovery_scenario,iperf_tcp,50,7,,ryu_controller,361493,19.0,61845504
2026-04-24T21:37:05.860767+00:00,recovery_scenario,iperf_tcp,50,7,,twin_core,361501,0.0,68128768
2026-04-24T21:37:05.860767+00:00,recovery_scenario,iperf_tcp,50,7,,ryu_controller,361493,69.6,61845504
2026-04-24T21:37:05.961220+00:00,recovery_scenario,iperf_tcp,50,7,,twin_core,361501,0.0,68128768
2026-04-24T21:37:05.961220+00:00,recovery_scenario,iperf_tcp,50,7,,ryu_controller,361493,0.0,61845504
2026-04-24T21:37:06.062041+00:00,recovery_scenario,iperf_tcp,50,7,,twin_core,361501,0.0,68128768
2026-04-24T21:37:06.062041+00:00,recovery_scenario,iperf_tcp,50,7,,ryu_controller,361493,9.9,61845504
2026-04-24T21:37:06.162427+00:00,recovery_scenario,iperf_tcp,50,7,,twin_core,361501,0.0,68128768
2026-04-24T21:37:06.162427+00:00,recovery_scenario,iperf_tcp,50,7,,ryu_controller,361493,19.9,61845504
2026-04-24T21:37:06.262925+00:00,recovery_scenario,iperf_tcp,50,7,,twin_core,361501,10.0,68128768
2026-04-24T21:37:06.262925+00:00,recovery_scenario,iperf_tcp,50,7,,ryu_controller,361493,19.9,61845504
2026-04-24T21:37:06.363361+00:00,recovery_scenario,iperf_tcp,50,7,,twin_core,361501,0.0,68128768
2026-04-24T21:37:06.363361+00:00,recovery_scenario,iperf_tcp,50,7,,ryu_controller,361493,9.9,61845504
2026-04-24T21:37:06.463910+00:00,recovery_scenario,iperf_tcp,50,7,,twin_core,361501,9.9,68128768
2026-04-24T21:37:06.463910+00:00,recovery_scenario,iperf_tcp,50,7,,ryu_controller,361493,10.0,61845504
2026-04-24T21:37:06.564341+00:00,recovery_scenario,iperf_tcp,50,7,,twin_core,361501,0.0,68128768
2026-04-24T21:37:06.564341+00:00,recovery_scenario,iperf_tcp,50,7,,ryu_controller,361493,19.9,61845504
2026-04-24T21:37:06.664818+00:00,recovery_scenario,iperf_tcp,50,7,,twin_core,361501,0.0,68128768
2026-04-24T21:37:06.664818+00:00,recovery_scenario,iperf_tcp,50,7,,ryu_controller,361493,10.0,61845504
2026-04-24T21:37:06.766789+00:00,recovery_scenario,iperf_tcp,50,7,,twin_core,361501,0.0,68128768
2026-04-24T21:37:06.766789+00:00,recovery_scenario,iperf_tcp,50,7,,ryu_controller,361493,9.8,61845504
2026-04-24T21:37:06.867543+00:00,recovery_scenario,iperf_tcp,50,7,,twin_core,361501,0.0,68128768
2026-04-24T21:37:06.867543+00:00,recovery_scenario,iperf_tcp,50,7,,ryu_controller,361493,9.9,61845504
2026-04-24T21:37:06.971208+00:00,recovery_scenario,iperf_tcp,50,7,,twin_core,361501,0.0,68128768
2026-04-24T21:37:06.971208+00:00,recovery_scenario,iperf_tcp,50,7,,ryu_controller,361493,0.0,61845504
2026-04-24T21:37:07.073126+00:00,recovery_scenario,iperf_tcp,50,7,,twin_core,361501,0.0,68128768
2026-04-24T21:37:07.073126+00:00,recovery_scenario,iperf_tcp,50,7,,ryu_controller,361493,0.0,61845504
2026-04-24T21:37:07.173632+00:00,recovery_scenario,iperf_tcp,50,7,,twin_core,361501,0.0,68128768
2026-04-24T21:37:07.173632+00:00,recovery_scenario,iperf_tcp,50,7,,ryu_controller,361493,9.9,61845504
2026-04-24T21:37:07.197329+00:00,recovery_scenario,iperf_tcp,50,7,pingall_completed,,,,
2026-04-24T21:37:07.274880+00:00,recovery_scenario,iperf_tcp,50,7,,twin_core,361501,0.0,68128768
2026-04-24T21:37:07.274880+00:00,recovery_scenario,iperf_tcp,50,7,,ryu_controller,361493,9.9,61845504
2026-04-24T21:37:07.378502+00:00,recovery_scenario,iperf_tcp,50,7,,twin_core,361501,0.0,68128768
2026-04-24T21:37:07.378502+00:00,recovery_scenario,iperf_tcp,50,7,,ryu_controller,361493,0.0,61845504
2026-04-24T21:37:07.479071+00:00,recovery_scenario,iperf_tcp,50,7,,twin_core,361501,0.0,68128768
2026-04-24T21:37:07.479071+00:00,recovery_scenario,iperf_tcp,50,7,,ryu_controller,361493,0.0,61845504
2026-04-24T21:37:07.582280+00:00,recovery_scenario,iperf_tcp,50,7,,twin_core,361501,9.7,68157440
2026-04-24T21:37:07.582280+00:00,recovery_scenario,iperf_tcp,50,7,,ryu_controller,361493,68.2,61939712
2026-04-24T21:37:07.682776+00:00,recovery_scenario,iperf_tcp,50,7,,twin_core,361501,0.0,68157440
2026-04-24T21:37:07.682776+00:00,recovery_scenario,iperf_tcp,50,7,,ryu_controller,361493,9.9,61939712
2026-04-24T21:37:07.789878+00:00,recovery_scenario,iperf_tcp,50,7,,twin_core,361501,0.0,68157440
2026-04-24T21:37:07.789878+00:00,recovery_scenario,iperf_tcp,50,7,,ryu_controller,361493,0.0,61939712
2026-04-24T21:37:07.890440+00:00,recovery_scenario,iperf_tcp,50,7,,twin_core,361501,0.0,68157440
2026-04-24T21:37:07.890440+00:00,recovery_scenario,iperf_tcp,50,7,,ryu_controller,361493,29.9,61939712
2026-04-24T21:37:07.991955+00:00,recovery_scenario,iperf_tcp,50,7,,twin_core,361501,9.8,68157440
2026-04-24T21:37:07.991955+00:00,recovery_scenario,iperf_tcp,50,7,,ryu_controller,361493,59.0,61939712
2026-04-24T21:37:08.093816+00:00,recovery_scenario,iperf_tcp,50,7,,twin_core,361501,0.0,68157440
2026-04-24T21:37:08.093816+00:00,recovery_scenario,iperf_tcp,50,7,,ryu_controller,361493,0.0,61939712
2026-04-24T21:37:08.196622+00:00,recovery_scenario,iperf_tcp,50,7,,twin_core,361501,0.0,68157440
2026-04-24T21:37:08.196622+00:00,recovery_scenario,iperf_tcp,50,7,,ryu_controller,361493,0.0,61939712
2026-04-24T21:37:08.297668+00:00,recovery_scenario,iperf_tcp,50,7,,twin_core,361501,0.0,68157440
2026-04-24T21:37:08.297668+00:00,recovery_scenario,iperf_tcp,50,7,,ryu_controller,361493,0.0,61939712
2026-04-24T21:37:08.398759+00:00,recovery_scenario,iperf_tcp,50,7,,twin_core,361501,0.0,68157440
2026-04-24T21:37:08.398759+00:00,recovery_scenario,iperf_tcp,50,7,,ryu_controller,361493,0.0,61939712
2026-04-24T21:37:08.499645+00:00,recovery_scenario,iperf_tcp,50,7,,twin_core,361501,0.0,68157440
2026-04-24T21:37:08.499645+00:00,recovery_scenario,iperf_tcp,50,7,,ryu_controller,361493,9.9,61939712
2026-04-24T21:37:08.600121+00:00,recovery_scenario,iperf_tcp,50,7,,twin_core,361501,0.0,68157440
2026-04-24T21:37:08.600121+00:00,recovery_scenario,iperf_tcp,50,7,,ryu_controller,361493,0.0,61939712
2026-04-24T21:37:08.700639+00:00,recovery_scenario,iperf_tcp,50,7,,twin_core,361501,9.9,68157440
2026-04-24T21:37:08.700639+00:00,recovery_scenario,iperf_tcp,50,7,,ryu_controller,361493,0.0,61939712
2026-04-24T21:37:08.801287+00:00,recovery_scenario,iperf_tcp,50,7,,twin_core,361501,0.0,68157440
2026-04-24T21:37:08.801287+00:00,recovery_scenario,iperf_tcp,50,7,,ryu_controller,361493,0.0,61939712
2026-04-24T21:37:08.902498+00:00,recovery_scenario,iperf_tcp,50,7,,twin_core,361501,0.0,68157440
2026-04-24T21:37:08.902498+00:00,recovery_scenario,iperf_tcp,50,7,,ryu_controller,361493,9.8,61939712
2026-04-24T21:37:09.003845+00:00,recovery_scenario,iperf_tcp,50,7,,twin_core,361501,0.0,68157440
2026-04-24T21:37:09.003845+00:00,recovery_scenario,iperf_tcp,50,7,,ryu_controller,361493,0.0,61939712
2026-04-24T21:37:09.105773+00:00,recovery_scenario,iperf_tcp,50,7,,twin_core,361501,0.0,68157440
2026-04-24T21:37:09.105773+00:00,recovery_scenario,iperf_tcp,50,7,,ryu_controller,361493,0.0,61939712
2026-04-24T21:37:09.206871+00:00,recovery_scenario,iperf_tcp,50,7,,twin_core,361501,0.0,68157440
2026-04-24T21:37:09.206871+00:00,recovery_scenario,iperf_tcp,50,7,,ryu_controller,361493,0.0,61939712
2026-04-24T21:37:09.219892+00:00,recovery_scenario,iperf_tcp,50,7,background_traffic_started,,,,
2026-04-24T21:37:09.308316+00:00,recovery_scenario,iperf_tcp,50,7,,twin_core,361501,9.9,68157440
2026-04-24T21:37:09.308316+00:00,recovery_scenario,iperf_tcp,50,7,,ryu_controller,361493,49.3,61939712
2026-04-24T21:37:09.356436+00:00,recovery_scenario,iperf_tcp,50,7,fault_injected,,,,
2026-04-24T21:37:09.408810+00:00,recovery_scenario,iperf_tcp,50,7,,twin_core,361501,10.0,68161536
2026-04-24T21:37:09.408810+00:00,recovery_scenario,iperf_tcp,50,7,,ryu_controller,361493,59.7,61960192
2026-04-24T21:37:09.510263+00:00,recovery_scenario,iperf_tcp,50,7,,twin_core,361501,0.0,68161536
2026-04-24T21:37:09.510263+00:00,recovery_scenario,iperf_tcp,50,7,,ryu_controller,361493,69.0,61960192
2026-04-24T21:37:09.610808+00:00,recovery_scenario,iperf_tcp,50,7,,twin_core,361501,0.0,68161536
2026-04-24T21:37:09.610808+00:00,recovery_scenario,iperf_tcp,50,7,,ryu_controller,361493,89.6,61960192
2026-04-24T21:37:09.711799+00:00,recovery_scenario,iperf_tcp,50,7,,twin_core,361501,0.0,68161536
2026-04-24T21:37:09.711799+00:00,recovery_scenario,iperf_tcp,50,7,,ryu_controller,361493,98.7,61960192
2026-04-24T21:37:09.812527+00:00,recovery_scenario,iperf_tcp,50,7,,twin_core,361501,0.0,68161536
2026-04-24T21:37:09.812527+00:00,recovery_scenario,iperf_tcp,50,7,,ryu_controller,361493,99.3,61960192
2026-04-24T21:37:09.913588+00:00,recovery_scenario,iperf_tcp,50,7,,twin_core,361501,0.0,68161536
2026-04-24T21:37:09.913588+00:00,recovery_scenario,iperf_tcp,50,7,,ryu_controller,361493,99.0,61960192
2026-04-24T21:37:10.014379+00:00,recovery_scenario,iperf_tcp,50,7,,twin_core,361501,0.0,68161536
2026-04-24T21:37:10.014379+00:00,recovery_scenario,iperf_tcp,50,7,,ryu_controller,361493,99.3,61964288
2026-04-24T21:37:10.114921+00:00,recovery_scenario,iperf_tcp,50,7,,twin_core,361501,0.0,68161536
2026-04-24T21:37:10.114921+00:00,recovery_scenario,iperf_tcp,50,7,,ryu_controller,361493,89.5,61964288
2026-04-24T21:37:10.215863+00:00,recovery_scenario,iperf_tcp,50,7,,twin_core,361501,0.0,68161536
2026-04-24T21:37:10.215863+00:00,recovery_scenario,iperf_tcp,50,7,,ryu_controller,361493,109.1,61964288
2026-04-24T21:37:10.324040+00:00,recovery_scenario,iperf_tcp,50,7,,twin_core,361501,9.2,68161536
2026-04-24T21:37:10.324040+00:00,recovery_scenario,iperf_tcp,50,7,,ryu_controller,361493,82.8,61964288
2026-04-24T21:37:10.433179+00:00,recovery_scenario,iperf_tcp,50,7,,twin_core,361501,0.0,68161536
2026-04-24T21:37:10.433179+00:00,recovery_scenario,iperf_tcp,50,7,,ryu_controller,361493,100.3,61964288
2026-04-24T21:37:10.537633+00:00,recovery_scenario,iperf_tcp,50,7,,twin_core,361501,0.0,68161536
2026-04-24T21:37:10.537633+00:00,recovery_scenario,iperf_tcp,50,7,,ryu_controller,361493,86.7,61964288
2026-04-24T21:37:10.638593+00:00,recovery_scenario,iperf_tcp,50,7,,twin_core,361501,0.0,68161536
2026-04-24T21:37:10.638593+00:00,recovery_scenario,iperf_tcp,50,7,,ryu_controller,361493,79.4,61964288
2026-04-24T21:37:10.739244+00:00,recovery_scenario,iperf_tcp,50,7,,twin_core,361501,9.9,68161536
2026-04-24T21:37:10.739244+00:00,recovery_scenario,iperf_tcp,50,7,,ryu_controller,361493,79.6,61964288
2026-04-24T21:37:10.839905+00:00,recovery_scenario,iperf_tcp,50,7,,twin_core,361501,9.9,68161536
2026-04-24T21:37:10.839905+00:00,recovery_scenario,iperf_tcp,50,7,,ryu_controller,361493,88.8,61964288
2026-04-24T21:37:10.941054+00:00,recovery_scenario,iperf_tcp,50,7,,twin_core,361501,0.0,68161536
2026-04-24T21:37:10.941054+00:00,recovery_scenario,iperf_tcp,50,7,,ryu_controller,361493,49.8,61964288
2026-04-24T21:37:11.041505+00:00,recovery_scenario,iperf_tcp,50,7,,twin_core,361501,0.0,68161536
2026-04-24T21:37:11.041505+00:00,recovery_scenario,iperf_tcp,50,7,,ryu_controller,361493,9.9,61964288
2026-04-24T21:37:11.142151+00:00,recovery_scenario,iperf_tcp,50,7,,twin_core,361501,0.0,68161536
2026-04-24T21:37:11.142151+00:00,recovery_scenario,iperf_tcp,50,7,,ryu_controller,361493,0.0,61964288
2026-04-24T21:37:11.242848+00:00,recovery_scenario,iperf_tcp,50,7,,twin_core,361501,0.0,68161536
2026-04-24T21:37:11.242848+00:00,recovery_scenario,iperf_tcp,50,7,,ryu_controller,361493,0.0,61964288
2026-04-24T21:37:11.343468+00:00,recovery_scenario,iperf_tcp,50,7,,twin_core,361501,0.0,68161536
2026-04-24T21:37:11.343468+00:00,recovery_scenario,iperf_tcp,50,7,,ryu_controller,361493,19.8,61964288
2026-04-24T21:37:11.444616+00:00,recovery_scenario,iperf_tcp,50,7,,twin_core,361501,19.8,68161536
2026-04-24T21:37:11.444616+00:00,recovery_scenario,iperf_tcp,50,7,,ryu_controller,361493,49.4,61964288
2026-04-24T21:37:11.503454+00:00,recovery_scenario,iperf_tcp,50,7,recovery_requested,,,,
2026-04-24T21:37:11.545434+00:00,recovery_scenario,iperf_tcp,50,7,,twin_core,361501,9.9,68161536
2026-04-24T21:37:11.545434+00:00,recovery_scenario,iperf_tcp,50,7,,ryu_controller,361493,59.6,61964288
2026-04-24T21:37:11.646453+00:00,recovery_scenario,iperf_tcp,50,7,,twin_core,361501,0.0,68161536
2026-04-24T21:37:11.646453+00:00,recovery_scenario,iperf_tcp,50,7,,ryu_controller,361493,19.8,61964288
2026-04-24T21:37:11.747247+00:00,recovery_scenario,iperf_tcp,50,7,,twin_core,361501,0.0,68161536
2026-04-24T21:37:11.747247+00:00,recovery_scenario,iperf_tcp,50,7,,ryu_controller,361493,39.5,61964288
2026-04-24T21:37:11.848442+00:00,recovery_scenario,iperf_tcp,50,7,,twin_core,361501,0.0,68161536
2026-04-24T21:37:11.848442+00:00,recovery_scenario,iperf_tcp,50,7,,ryu_controller,361493,49.4,61964288
2026-04-24T21:37:11.949402+00:00,recovery_scenario,iperf_tcp,50,7,,twin_core,361501,0.0,68161536
2026-04-24T21:37:11.949402+00:00,recovery_scenario,iperf_tcp,50,7,,ryu_controller,361493,89.6,61964288
2026-04-24T21:37:12.049868+00:00,recovery_scenario,iperf_tcp,50,7,,twin_core,361501,0.0,68161536
2026-04-24T21:37:12.049868+00:00,recovery_scenario,iperf_tcp,50,7,,ryu_controller,361493,89.5,61964288
2026-04-24T21:37:12.150437+00:00,recovery_scenario,iperf_tcp,50,7,,twin_core,361501,0.0,68161536
2026-04-24T21:37:12.150437+00:00,recovery_scenario,iperf_tcp,50,7,,ryu_controller,361493,89.1,61964288
2026-04-24T21:37:12.252142+00:00,recovery_scenario,iperf_tcp,50,7,,twin_core,361501,0.0,68161536
2026-04-24T21:37:12.252142+00:00,recovery_scenario,iperf_tcp,50,7,,ryu_controller,361493,108.8,61964288
2026-04-24T21:37:12.352647+00:00,recovery_scenario,iperf_tcp,50,7,,twin_core,361501,0.0,68161536
2026-04-24T21:37:12.352647+00:00,recovery_scenario,iperf_tcp,50,7,,ryu_controller,361493,99.1,61964288
2026-04-24T21:37:12.454482+00:00,recovery_scenario,iperf_tcp,50,7,,twin_core,361501,0.0,68161536
2026-04-24T21:37:12.454482+00:00,recovery_scenario,iperf_tcp,50,7,,ryu_controller,361493,88.5,61964288
2026-04-24T21:37:12.555297+00:00,recovery_scenario,iperf_tcp,50,7,,twin_core,361501,0.0,68161536
2026-04-24T21:37:12.555297+00:00,recovery_scenario,iperf_tcp,50,7,,ryu_controller,361493,99.2,61964288
2026-04-24T21:37:12.656107+00:00,recovery_scenario,iperf_tcp,50,7,,twin_core,361501,0.0,68161536
2026-04-24T21:37:12.656107+00:00,recovery_scenario,iperf_tcp,50,7,,ryu_controller,361493,109.1,61964288
2026-04-24T21:37:12.756812+00:00,recovery_scenario,iperf_tcp,50,7,,twin_core,361501,0.0,68161536
2026-04-24T21:37:12.756812+00:00,recovery_scenario,iperf_tcp,50,7,,ryu_controller,361493,79.6,61964288
2026-04-24T21:37:12.857367+00:00,recovery_scenario,iperf_tcp,50,7,,twin_core,361501,0.0,68161536
2026-04-24T21:37:12.857367+00:00,recovery_scenario,iperf_tcp,50,7,,ryu_controller,361493,0.0,61964288
2026-04-24T21:37:12.959193+00:00,recovery_scenario,iperf_tcp,50,7,,twin_core,361501,19.6,68161536
2026-04-24T21:37:12.959193+00:00,recovery_scenario,iperf_tcp,50,7,,ryu_controller,361493,68.8,61964288
2026-04-24T21:37:13.059617+00:00,recovery_scenario,iperf_tcp,50,7,,twin_core,361501,10.0,68161536
2026-04-24T21:37:13.059617+00:00,recovery_scenario,iperf_tcp,50,7,,ryu_controller,361493,79.6,61964288
2026-04-24T21:37:13.069564+00:00,recovery_scenario,iperf_tcp,50,7,scenario_teardown,,,,
2026-04-24T21:37:13.160120+00:00,recovery_scenario,iperf_tcp,50,7,,twin_core,361501,9.9,68161536
2026-04-24T21:37:13.160120+00:00,recovery_scenario,iperf_tcp,50,7,,ryu_controller,361493,19.9,61964288
2026-04-24T21:37:13.260518+00:00,recovery_scenario,iperf_tcp,50,7,,twin_core,361501,0.0,68161536
2026-04-24T21:37:13.260518+00:00,recovery_scenario,iperf_tcp,50,7,,ryu_controller,361493,9.9,61964288
2026-04-24T21:37:13.361121+00:00,recovery_scenario,iperf_tcp,50,7,,twin_core,361501,0.0,68161536
2026-04-24T21:37:13.361121+00:00,recovery_scenario,iperf_tcp,50,7,,ryu_controller,361493,9.9,61964288
2026-04-24T21:37:13.914359+00:00,recovery_scenario,iperf_tcp,50,8,,twin_core,361501,0.0,68161536
2026-04-24T21:37:13.914359+00:00,recovery_scenario,iperf_tcp,50,8,,ryu_controller,361493,0.0,61964288
2026-04-24T21:37:14.016140+00:00,recovery_scenario,iperf_tcp,50,8,,twin_core,361501,9.8,68161536
2026-04-24T21:37:14.016140+00:00,recovery_scenario,iperf_tcp,50,8,,ryu_controller,361493,39.9,61964288
2026-04-24T21:37:14.116571+00:00,recovery_scenario,iperf_tcp,50,8,,twin_core,361501,10.0,68161536
2026-04-24T21:37:14.116571+00:00,recovery_scenario,iperf_tcp,50,8,,ryu_controller,361493,9.9,61964288
2026-04-24T21:37:14.161273+00:00,recovery_scenario,iperf_tcp,50,8,service_started,,,,
2026-04-24T21:37:14.217304+00:00,recovery_scenario,iperf_tcp,50,8,,twin_core,361501,9.9,68165632
2026-04-24T21:37:14.217304+00:00,recovery_scenario,iperf_tcp,50,8,,ryu_controller,361493,39.8,61964288
2026-04-24T21:37:14.317764+00:00,recovery_scenario,iperf_tcp,50,8,,twin_core,361501,10.0,68165632
2026-04-24T21:37:14.317764+00:00,recovery_scenario,iperf_tcp,50,8,,ryu_controller,361493,19.9,61964288
2026-04-24T21:37:14.418248+00:00,recovery_scenario,iperf_tcp,50,8,,twin_core,361501,0.0,68165632
2026-04-24T21:37:14.418248+00:00,recovery_scenario,iperf_tcp,50,8,,ryu_controller,361493,29.9,61964288
2026-04-24T21:37:14.518691+00:00,recovery_scenario,iperf_tcp,50,8,,twin_core,361501,0.0,68165632
2026-04-24T21:37:14.518691+00:00,recovery_scenario,iperf_tcp,50,8,,ryu_controller,361493,10.0,61964288
2026-04-24T21:37:14.619112+00:00,recovery_scenario,iperf_tcp,50,8,,twin_core,361501,0.0,68165632
2026-04-24T21:37:14.619112+00:00,recovery_scenario,iperf_tcp,50,8,,ryu_controller,361493,10.0,61964288
2026-04-24T21:37:14.719574+00:00,recovery_scenario,iperf_tcp,50,8,,twin_core,361501,0.0,68165632
2026-04-24T21:37:14.719574+00:00,recovery_scenario,iperf_tcp,50,8,,ryu_controller,361493,9.9,61964288
2026-04-24T21:37:14.821491+00:00,recovery_scenario,iperf_tcp,50,8,,twin_core,361501,0.0,68165632
2026-04-24T21:37:14.821491+00:00,recovery_scenario,iperf_tcp,50,8,,ryu_controller,361493,29.4,61964288
2026-04-24T21:37:14.922038+00:00,recovery_scenario,iperf_tcp,50,8,,twin_core,361501,0.0,68165632
2026-04-24T21:37:14.922038+00:00,recovery_scenario,iperf_tcp,50,8,,ryu_controller,361493,19.9,61964288
2026-04-24T21:37:15.022627+00:00,recovery_scenario,iperf_tcp,50,8,,twin_core,361501,0.0,68165632
2026-04-24T21:37:15.022627+00:00,recovery_scenario,iperf_tcp,50,8,,ryu_controller,361493,59.7,61972480
2026-04-24T21:37:15.123101+00:00,recovery_scenario,iperf_tcp,50,8,,twin_core,361501,0.0,68165632
2026-04-24T21:37:15.123101+00:00,recovery_scenario,iperf_tcp,50,8,,ryu_controller,361493,39.8,61976576
2026-04-24T21:37:15.223531+00:00,recovery_scenario,iperf_tcp,50,8,,twin_core,361501,0.0,68165632
2026-04-24T21:37:15.223531+00:00,recovery_scenario,iperf_tcp,50,8,,ryu_controller,361493,10.0,61976576
2026-04-24T21:37:15.324045+00:00,recovery_scenario,iperf_tcp,50,8,,twin_core,361501,0.0,68165632
2026-04-24T21:37:15.324045+00:00,recovery_scenario,iperf_tcp,50,8,,ryu_controller,361493,29.9,61976576
2026-04-24T21:37:15.424433+00:00,recovery_scenario,iperf_tcp,50,8,,twin_core,361501,0.0,68165632
2026-04-24T21:37:15.424433+00:00,recovery_scenario,iperf_tcp,50,8,,ryu_controller,361493,10.0,61976576
2026-04-24T21:37:15.524982+00:00,recovery_scenario,iperf_tcp,50,8,,twin_core,361501,0.0,68165632
2026-04-24T21:37:15.524982+00:00,recovery_scenario,iperf_tcp,50,8,,ryu_controller,361493,19.9,61976576
2026-04-24T21:37:15.625931+00:00,recovery_scenario,iperf_tcp,50,8,,twin_core,361501,0.0,68165632
2026-04-24T21:37:15.625931+00:00,recovery_scenario,iperf_tcp,50,8,,ryu_controller,361493,9.9,61976576
2026-04-24T21:37:15.726343+00:00,recovery_scenario,iperf_tcp,50,8,,twin_core,361501,0.0,68165632
2026-04-24T21:37:15.726343+00:00,recovery_scenario,iperf_tcp,50,8,,ryu_controller,361493,0.0,61976576
2026-04-24T21:37:15.826762+00:00,recovery_scenario,iperf_tcp,50,8,,twin_core,361501,0.0,68165632
2026-04-24T21:37:15.826762+00:00,recovery_scenario,iperf_tcp,50,8,,ryu_controller,361493,19.9,61976576
2026-04-24T21:37:15.927147+00:00,recovery_scenario,iperf_tcp,50,8,,twin_core,361501,0.0,68165632
2026-04-24T21:37:15.927147+00:00,recovery_scenario,iperf_tcp,50,8,,ryu_controller,361493,10.0,61976576
2026-04-24T21:37:16.027880+00:00,recovery_scenario,iperf_tcp,50,8,,twin_core,361501,0.0,68165632
2026-04-24T21:37:16.027880+00:00,recovery_scenario,iperf_tcp,50,8,,ryu_controller,361493,19.6,61976576
2026-04-24T21:37:16.129582+00:00,recovery_scenario,iperf_tcp,50,8,,twin_core,361501,9.8,68165632
2026-04-24T21:37:16.129582+00:00,recovery_scenario,iperf_tcp,50,8,,ryu_controller,361493,0.0,61976576
2026-04-24T21:37:16.230461+00:00,recovery_scenario,iperf_tcp,50,8,,twin_core,361501,0.0,68165632
2026-04-24T21:37:16.230461+00:00,recovery_scenario,iperf_tcp,50,8,,ryu_controller,361493,9.9,61976576
2026-04-24T21:37:16.331082+00:00,recovery_scenario,iperf_tcp,50,8,,twin_core,361501,9.9,68165632
2026-04-24T21:37:16.331082+00:00,recovery_scenario,iperf_tcp,50,8,,ryu_controller,361493,39.7,61976576
2026-04-24T21:37:16.431523+00:00,recovery_scenario,iperf_tcp,50,8,,twin_core,361501,0.0,68165632
2026-04-24T21:37:16.431523+00:00,recovery_scenario,iperf_tcp,50,8,,ryu_controller,361493,29.8,61976576
2026-04-24T21:37:16.534096+00:00,recovery_scenario,iperf_tcp,50,8,,twin_core,361501,0.0,68165632
2026-04-24T21:37:16.534096+00:00,recovery_scenario,iperf_tcp,50,8,,ryu_controller,361493,9.8,61976576
2026-04-24T21:37:16.634534+00:00,recovery_scenario,iperf_tcp,50,8,,twin_core,361501,0.0,68165632
2026-04-24T21:37:16.634534+00:00,recovery_scenario,iperf_tcp,50,8,,ryu_controller,361493,10.0,61976576
2026-04-24T21:37:16.736171+00:00,recovery_scenario,iperf_tcp,50,8,,twin_core,361501,0.0,68165632
2026-04-24T21:37:16.736171+00:00,recovery_scenario,iperf_tcp,50,8,,ryu_controller,361493,9.8,61976576
2026-04-24T21:37:16.836606+00:00,recovery_scenario,iperf_tcp,50,8,,twin_core,361501,10.0,68165632
2026-04-24T21:37:16.836606+00:00,recovery_scenario,iperf_tcp,50,8,,ryu_controller,361493,10.0,61976576
2026-04-24T21:37:16.937086+00:00,recovery_scenario,iperf_tcp,50,8,,twin_core,361501,0.0,68165632
2026-04-24T21:37:16.937086+00:00,recovery_scenario,iperf_tcp,50,8,,ryu_controller,361493,10.0,61976576
2026-04-24T21:37:17.037534+00:00,recovery_scenario,iperf_tcp,50,8,,twin_core,361501,0.0,68165632
2026-04-24T21:37:17.037534+00:00,recovery_scenario,iperf_tcp,50,8,,ryu_controller,361493,9.9,61976576
2026-04-24T21:37:17.138179+00:00,recovery_scenario,iperf_tcp,50,8,,twin_core,361501,0.0,68165632
2026-04-24T21:37:17.138179+00:00,recovery_scenario,iperf_tcp,50,8,,ryu_controller,361493,59.7,61976576
2026-04-24T21:37:17.238587+00:00,recovery_scenario,iperf_tcp,50,8,,twin_core,361501,0.0,68165632
2026-04-24T21:37:17.238587+00:00,recovery_scenario,iperf_tcp,50,8,,ryu_controller,361493,0.0,61976576
2026-04-24T21:37:17.339091+00:00,recovery_scenario,iperf_tcp,50,8,,twin_core,361501,0.0,68165632
2026-04-24T21:37:17.339091+00:00,recovery_scenario,iperf_tcp,50,8,,ryu_controller,361493,10.0,61976576
2026-04-24T21:37:17.439553+00:00,recovery_scenario,iperf_tcp,50,8,,twin_core,361501,0.0,68165632
2026-04-24T21:37:17.439553+00:00,recovery_scenario,iperf_tcp,50,8,,ryu_controller,361493,19.9,61976576
2026-04-24T21:37:17.540329+00:00,recovery_scenario,iperf_tcp,50,8,,twin_core,361501,0.0,68165632
2026-04-24T21:37:17.540329+00:00,recovery_scenario,iperf_tcp,50,8,,ryu_controller,361493,10.0,61976576
2026-04-24T21:37:17.640772+00:00,recovery_scenario,iperf_tcp,50,8,,twin_core,361501,0.0,68165632
2026-04-24T21:37:17.640772+00:00,recovery_scenario,iperf_tcp,50,8,,ryu_controller,361493,10.0,61976576
2026-04-24T21:37:17.742952+00:00,recovery_scenario,iperf_tcp,50,8,,twin_core,361501,0.0,68165632
2026-04-24T21:37:17.742952+00:00,recovery_scenario,iperf_tcp,50,8,,ryu_controller,361493,9.8,61976576
2026-04-24T21:37:17.843393+00:00,recovery_scenario,iperf_tcp,50,8,,twin_core,361501,0.0,68165632
2026-04-24T21:37:17.843393+00:00,recovery_scenario,iperf_tcp,50,8,,ryu_controller,361493,10.0,61976576
2026-04-24T21:37:17.945990+00:00,recovery_scenario,iperf_tcp,50,8,,twin_core,361501,0.0,68165632
2026-04-24T21:37:17.945990+00:00,recovery_scenario,iperf_tcp,50,8,,ryu_controller,361493,0.0,61976576
2026-04-24T21:37:18.046475+00:00,recovery_scenario,iperf_tcp,50,8,,twin_core,361501,0.0,68165632
2026-04-24T21:37:18.046475+00:00,recovery_scenario,iperf_tcp,50,8,,ryu_controller,361493,0.0,61976576
2026-04-24T21:37:18.146998+00:00,recovery_scenario,iperf_tcp,50,8,,twin_core,361501,0.0,68165632
2026-04-24T21:37:18.146998+00:00,recovery_scenario,iperf_tcp,50,8,,ryu_controller,361493,19.9,61976576
2026-04-24T21:37:18.253672+00:00,recovery_scenario,iperf_tcp,50,8,,twin_core,361501,9.4,68165632
2026-04-24T21:37:18.253672+00:00,recovery_scenario,iperf_tcp,50,8,,ryu_controller,361493,9.4,61976576
2026-04-24T21:37:18.358209+00:00,recovery_scenario,iperf_tcp,50,8,,twin_core,361501,19.2,68202496
2026-04-24T21:37:18.358209+00:00,recovery_scenario,iperf_tcp,50,8,,ryu_controller,361493,67.0,61976576
2026-04-24T21:37:18.458592+00:00,recovery_scenario,iperf_tcp,50,8,,twin_core,361501,0.0,68202496
2026-04-24T21:37:18.458592+00:00,recovery_scenario,iperf_tcp,50,8,,ryu_controller,361493,10.0,61976576
2026-04-24T21:37:18.560673+00:00,recovery_scenario,iperf_tcp,50,8,,twin_core,361501,0.0,68202496
2026-04-24T21:37:18.560673+00:00,recovery_scenario,iperf_tcp,50,8,,ryu_controller,361493,19.6,61976576
2026-04-24T21:37:18.661151+00:00,recovery_scenario,iperf_tcp,50,8,,twin_core,361501,0.0,68202496
2026-04-24T21:37:18.661151+00:00,recovery_scenario,iperf_tcp,50,8,,ryu_controller,361493,0.0,61976576
2026-04-24T21:37:18.763958+00:00,recovery_scenario,iperf_tcp,50,8,,twin_core,361501,0.0,68202496
2026-04-24T21:37:18.763958+00:00,recovery_scenario,iperf_tcp,50,8,,ryu_controller,361493,9.7,61976576
2026-04-24T21:37:18.864542+00:00,recovery_scenario,iperf_tcp,50,8,,twin_core,361501,0.0,68202496
2026-04-24T21:37:18.864542+00:00,recovery_scenario,iperf_tcp,50,8,,ryu_controller,361493,0.0,61976576
2026-04-24T21:37:18.965285+00:00,recovery_scenario,iperf_tcp,50,8,,twin_core,361501,9.9,68202496
2026-04-24T21:37:18.965285+00:00,recovery_scenario,iperf_tcp,50,8,,ryu_controller,361493,19.9,61976576
2026-04-24T21:37:19.067748+00:00,recovery_scenario,iperf_tcp,50,8,,twin_core,361501,0.0,68202496
2026-04-24T21:37:19.067748+00:00,recovery_scenario,iperf_tcp,50,8,,ryu_controller,361493,9.8,61976576
2026-04-24T21:37:19.168314+00:00,recovery_scenario,iperf_tcp,50,8,,twin_core,361501,0.0,68202496
2026-04-24T21:37:19.168314+00:00,recovery_scenario,iperf_tcp,50,8,,ryu_controller,361493,49.8,61976576
2026-04-24T21:37:19.270176+00:00,recovery_scenario,iperf_tcp,50,8,,twin_core,361501,0.0,68202496
2026-04-24T21:37:19.270176+00:00,recovery_scenario,iperf_tcp,50,8,,ryu_controller,361493,97.3,61976576
2026-04-24T21:37:19.371466+00:00,recovery_scenario,iperf_tcp,50,8,,twin_core,361501,0.0,68202496
2026-04-24T21:37:19.371466+00:00,recovery_scenario,iperf_tcp,50,8,,ryu_controller,361493,29.8,61976576
2026-04-24T21:37:19.472129+00:00,recovery_scenario,iperf_tcp,50,8,,twin_core,361501,0.0,68202496
2026-04-24T21:37:19.472129+00:00,recovery_scenario,iperf_tcp,50,8,,ryu_controller,361493,29.8,61976576
2026-04-24T21:37:19.572506+00:00,recovery_scenario,iperf_tcp,50,8,,twin_core,361501,0.0,68202496
2026-04-24T21:37:19.572506+00:00,recovery_scenario,iperf_tcp,50,8,,ryu_controller,361493,19.9,61976576
2026-04-24T21:37:19.676018+00:00,recovery_scenario,iperf_tcp,50,8,,twin_core,361501,0.0,68202496
2026-04-24T21:37:19.676018+00:00,recovery_scenario,iperf_tcp,50,8,,ryu_controller,361493,0.0,61976576
2026-04-24T21:37:19.776436+00:00,recovery_scenario,iperf_tcp,50,8,,twin_core,361501,0.0,68202496
2026-04-24T21:37:19.776436+00:00,recovery_scenario,iperf_tcp,50,8,,ryu_controller,361493,0.0,61976576
2026-04-24T21:37:19.878909+00:00,recovery_scenario,iperf_tcp,50,8,,twin_core,361501,0.0,68202496
2026-04-24T21:37:19.878909+00:00,recovery_scenario,iperf_tcp,50,8,,ryu_controller,361493,9.8,61976576
2026-04-24T21:37:19.979471+00:00,recovery_scenario,iperf_tcp,50,8,,twin_core,361501,0.0,68202496
2026-04-24T21:37:19.979471+00:00,recovery_scenario,iperf_tcp,50,8,,ryu_controller,361493,9.9,61976576
2026-04-24T21:37:20.018069+00:00,recovery_scenario,iperf_tcp,50,8,pingall_completed,,,,
2026-04-24T21:37:20.080043+00:00,recovery_scenario,iperf_tcp,50,8,,twin_core,361501,9.9,68202496
2026-04-24T21:37:20.080043+00:00,recovery_scenario,iperf_tcp,50,8,,ryu_controller,361493,0.0,61976576
2026-04-24T21:37:20.184548+00:00,recovery_scenario,iperf_tcp,50,8,,twin_core,361501,0.0,68202496
2026-04-24T21:37:20.184548+00:00,recovery_scenario,iperf_tcp,50,8,,ryu_controller,361493,9.5,61976576
2026-04-24T21:37:20.289850+00:00,recovery_scenario,iperf_tcp,50,8,,twin_core,361501,0.0,68202496
2026-04-24T21:37:20.289850+00:00,recovery_scenario,iperf_tcp,50,8,,ryu_controller,361493,0.0,61976576
2026-04-24T21:37:20.390354+00:00,recovery_scenario,iperf_tcp,50,8,,twin_core,361501,0.0,68202496
2026-04-24T21:37:20.390354+00:00,recovery_scenario,iperf_tcp,50,8,,ryu_controller,361493,29.9,61976576
2026-04-24T21:37:20.490773+00:00,recovery_scenario,iperf_tcp,50,8,,twin_core,361501,10.0,68227072
2026-04-24T21:37:20.490773+00:00,recovery_scenario,iperf_tcp,50,8,,ryu_controller,361493,49.8,61976576
2026-04-24T21:37:20.594934+00:00,recovery_scenario,iperf_tcp,50,8,,twin_core,361501,0.0,68227072
2026-04-24T21:37:20.594934+00:00,recovery_scenario,iperf_tcp,50,8,,ryu_controller,361493,9.6,61976576
2026-04-24T21:37:20.698837+00:00,recovery_scenario,iperf_tcp,50,8,,twin_core,361501,0.0,68227072
2026-04-24T21:37:20.698837+00:00,recovery_scenario,iperf_tcp,50,8,,ryu_controller,361493,0.0,61976576
2026-04-24T21:37:20.801692+00:00,recovery_scenario,iperf_tcp,50,8,,twin_core,361501,0.0,68227072
2026-04-24T21:37:20.801692+00:00,recovery_scenario,iperf_tcp,50,8,,ryu_controller,361493,0.0,61976576
2026-04-24T21:37:20.906114+00:00,recovery_scenario,iperf_tcp,50,8,,twin_core,361501,0.0,68227072
2026-04-24T21:37:20.906114+00:00,recovery_scenario,iperf_tcp,50,8,,ryu_controller,361493,0.0,61976576
2026-04-24T21:37:21.007151+00:00,recovery_scenario,iperf_tcp,50,8,,twin_core,361501,0.0,68227072
2026-04-24T21:37:21.007151+00:00,recovery_scenario,iperf_tcp,50,8,,ryu_controller,361493,0.0,61976576
2026-04-24T21:37:21.108095+00:00,recovery_scenario,iperf_tcp,50,8,,twin_core,361501,0.0,68227072
2026-04-24T21:37:21.108095+00:00,recovery_scenario,iperf_tcp,50,8,,ryu_controller,361493,10.0,61976576
2026-04-24T21:37:21.208497+00:00,recovery_scenario,iperf_tcp,50,8,,twin_core,361501,0.0,68227072
2026-04-24T21:37:21.208497+00:00,recovery_scenario,iperf_tcp,50,8,,ryu_controller,361493,0.0,61976576
2026-04-24T21:37:21.309275+00:00,recovery_scenario,iperf_tcp,50,8,,twin_core,361501,0.0,68227072
2026-04-24T21:37:21.309275+00:00,recovery_scenario,iperf_tcp,50,8,,ryu_controller,361493,0.0,61976576
2026-04-24T21:37:21.410472+00:00,recovery_scenario,iperf_tcp,50,8,,twin_core,361501,9.9,68227072
2026-04-24T21:37:21.410472+00:00,recovery_scenario,iperf_tcp,50,8,,ryu_controller,361493,88.9,61976576
2026-04-24T21:37:21.510968+00:00,recovery_scenario,iperf_tcp,50,8,,twin_core,361501,0.0,68227072
2026-04-24T21:37:21.510968+00:00,recovery_scenario,iperf_tcp,50,8,,ryu_controller,361493,0.0,61976576
2026-04-24T21:37:21.612089+00:00,recovery_scenario,iperf_tcp,50,8,,twin_core,361501,0.0,68227072
2026-04-24T21:37:21.612089+00:00,recovery_scenario,iperf_tcp,50,8,,ryu_controller,361493,9.8,61976576
2026-04-24T21:37:21.713964+00:00,recovery_scenario,iperf_tcp,50,8,,twin_core,361501,0.0,68227072
2026-04-24T21:37:21.713964+00:00,recovery_scenario,iperf_tcp,50,8,,ryu_controller,361493,0.0,61976576
2026-04-24T21:37:21.816032+00:00,recovery_scenario,iperf_tcp,50,8,,twin_core,361501,0.0,68227072
2026-04-24T21:37:21.816032+00:00,recovery_scenario,iperf_tcp,50,8,,ryu_controller,361493,0.0,61976576
2026-04-24T21:37:21.918460+00:00,recovery_scenario,iperf_tcp,50,8,,twin_core,361501,0.0,68227072
2026-04-24T21:37:21.918460+00:00,recovery_scenario,iperf_tcp,50,8,,ryu_controller,361493,0.0,61976576
2026-04-24T21:37:22.021003+00:00,recovery_scenario,iperf_tcp,50,8,,twin_core,361501,0.0,68227072
2026-04-24T21:37:22.021003+00:00,recovery_scenario,iperf_tcp,50,8,,ryu_controller,361493,0.0,61976576
2026-04-24T21:37:22.030816+00:00,recovery_scenario,iperf_tcp,50,8,background_traffic_started,,,,
2026-04-24T21:37:22.123203+00:00,recovery_scenario,iperf_tcp,50,8,,twin_core,361501,19.6,68227072
2026-04-24T21:37:22.123203+00:00,recovery_scenario,iperf_tcp,50,8,,ryu_controller,361493,39.5,61976576
2026-04-24T21:37:22.224662+00:00,recovery_scenario,iperf_tcp,50,8,,twin_core,361501,0.0,68227072
2026-04-24T21:37:22.224662+00:00,recovery_scenario,iperf_tcp,50,8,,ryu_controller,361493,38.5,61976576
2026-04-24T21:37:22.233384+00:00,recovery_scenario,iperf_tcp,50,8,fault_injected,,,,
2026-04-24T21:37:22.329136+00:00,recovery_scenario,iperf_tcp,50,8,,twin_core,361501,9.6,68231168
2026-04-24T21:37:22.329136+00:00,recovery_scenario,iperf_tcp,50,8,,ryu_controller,361493,78.4,61988864
2026-04-24T21:37:22.431845+00:00,recovery_scenario,iperf_tcp,50,8,,twin_core,361501,0.0,68231168
2026-04-24T21:37:22.431845+00:00,recovery_scenario,iperf_tcp,50,8,,ryu_controller,361493,107.6,61988864
2026-04-24T21:37:22.532250+00:00,recovery_scenario,iperf_tcp,50,8,,twin_core,361501,0.0,68231168
2026-04-24T21:37:22.532250+00:00,recovery_scenario,iperf_tcp,50,8,,ryu_controller,361493,89.4,61988864
2026-04-24T21:37:22.633272+00:00,recovery_scenario,iperf_tcp,50,8,,twin_core,361501,9.9,68231168
2026-04-24T21:37:22.633272+00:00,recovery_scenario,iperf_tcp,50,8,,ryu_controller,361493,98.7,61988864
2026-04-24T21:37:22.734398+00:00,recovery_scenario,iperf_tcp,50,8,,twin_core,361501,0.0,68231168
2026-04-24T21:37:22.734398+00:00,recovery_scenario,iperf_tcp,50,8,,ryu_controller,361493,98.9,61988864
2026-04-24T21:37:22.835413+00:00,recovery_scenario,iperf_tcp,50,8,,twin_core,361501,0.0,68231168
2026-04-24T21:37:22.835413+00:00,recovery_scenario,iperf_tcp,50,8,,ryu_controller,361493,99.2,61988864
2026-04-24T21:37:22.936269+00:00,recovery_scenario,iperf_tcp,50,8,,twin_core,361501,0.0,68231168
2026-04-24T21:37:22.936269+00:00,recovery_scenario,iperf_tcp,50,8,,ryu_controller,361493,109.1,61988864
2026-04-24T21:37:23.040865+00:00,recovery_scenario,iperf_tcp,50,8,,twin_core,361501,0.0,68231168
2026-04-24T21:37:23.040865+00:00,recovery_scenario,iperf_tcp,50,8,,ryu_controller,361493,64.6,61988864
2026-04-24T21:37:23.231542+00:00,recovery_scenario,iperf_tcp,50,8,,twin_core,361501,36.8,68231168
2026-04-24T21:37:23.231542+00:00,recovery_scenario,iperf_tcp,50,8,,ryu_controller,361493,82.3,61988864
2026-04-24T21:37:23.332135+00:00,recovery_scenario,iperf_tcp,50,8,,twin_core,361501,0.0,68231168
2026-04-24T21:37:23.332135+00:00,recovery_scenario,iperf_tcp,50,8,,ryu_controller,361493,99.5,61988864
2026-04-24T21:37:23.432586+00:00,recovery_scenario,iperf_tcp,50,8,,twin_core,361501,0.0,68231168
2026-04-24T21:37:23.432586+00:00,recovery_scenario,iperf_tcp,50,8,,ryu_controller,361493,109.4,61988864
2026-04-24T21:37:23.533496+00:00,recovery_scenario,iperf_tcp,50,8,,twin_core,361501,9.9,68231168
2026-04-24T21:37:23.533496+00:00,recovery_scenario,iperf_tcp,50,8,,ryu_controller,361493,89.1,61988864
2026-04-24T21:37:23.634214+00:00,recovery_scenario,iperf_tcp,50,8,,twin_core,361501,0.0,68231168
2026-04-24T21:37:23.634214+00:00,recovery_scenario,iperf_tcp,50,8,,ryu_controller,361493,99.1,61988864
2026-04-24T21:37:23.735264+00:00,recovery_scenario,iperf_tcp,50,8,,twin_core,361501,19.8,68231168
2026-04-24T21:37:23.735264+00:00,recovery_scenario,iperf_tcp,50,8,,ryu_controller,361493,99.3,61988864
2026-04-24T21:37:23.836360+00:00,recovery_scenario,iperf_tcp,50,8,,twin_core,361501,9.9,68231168
2026-04-24T21:37:23.836360+00:00,recovery_scenario,iperf_tcp,50,8,,ryu_controller,361493,78.7,61988864
2026-04-24T21:37:23.856249+00:00,recovery_scenario,iperf_tcp,50,8,recovery_requested,,,,
2026-04-24T21:37:23.937834+00:00,recovery_scenario,iperf_tcp,50,8,,twin_core,361501,19.7,68231168
2026-04-24T21:37:23.937834+00:00,recovery_scenario,iperf_tcp,50,8,,ryu_controller,361493,29.4,61988864
2026-04-24T21:37:24.039618+00:00,recovery_scenario,iperf_tcp,50,8,,twin_core,361501,0.0,68231168
2026-04-24T21:37:24.039618+00:00,recovery_scenario,iperf_tcp,50,8,,ryu_controller,361493,39.6,61988864
2026-04-24T21:37:24.140834+00:00,recovery_scenario,iperf_tcp,50,8,,twin_core,361501,0.0,68231168
2026-04-24T21:37:24.140834+00:00,recovery_scenario,iperf_tcp,50,8,,ryu_controller,361493,49.5,61988864
2026-04-24T21:37:24.243853+00:00,recovery_scenario,iperf_tcp,50,8,,twin_core,361501,0.0,68231168
2026-04-24T21:37:24.243853+00:00,recovery_scenario,iperf_tcp,50,8,,ryu_controller,361493,87.6,61988864
2026-04-24T21:37:24.344218+00:00,recovery_scenario,iperf_tcp,50,8,,twin_core,361501,0.0,68231168
2026-04-24T21:37:24.344218+00:00,recovery_scenario,iperf_tcp,50,8,,ryu_controller,361493,99.6,61988864
2026-04-24T21:37:24.444604+00:00,recovery_scenario,iperf_tcp,50,8,,twin_core,361501,0.0,68231168
2026-04-24T21:37:24.444604+00:00,recovery_scenario,iperf_tcp,50,8,,ryu_controller,361493,99.5,61988864
2026-04-24T21:37:24.545153+00:00,recovery_scenario,iperf_tcp,50,8,,twin_core,361501,0.0,68231168
2026-04-24T21:37:24.545153+00:00,recovery_scenario,iperf_tcp,50,8,,ryu_controller,361493,99.5,61988864
2026-04-24T21:37:24.645627+00:00,recovery_scenario,iperf_tcp,50,8,,twin_core,361501,0.0,68231168
2026-04-24T21:37:24.645627+00:00,recovery_scenario,iperf_tcp,50,8,,ryu_controller,361493,99.4,61988864
2026-04-24T21:37:24.747288+00:00,recovery_scenario,iperf_tcp,50,8,,twin_core,361501,0.0,68231168
2026-04-24T21:37:24.747288+00:00,recovery_scenario,iperf_tcp,50,8,,ryu_controller,361493,98.4,61988864
2026-04-24T21:37:24.847787+00:00,recovery_scenario,iperf_tcp,50,8,,twin_core,361501,0.0,68231168
2026-04-24T21:37:24.847787+00:00,recovery_scenario,iperf_tcp,50,8,,ryu_controller,361493,99.6,61988864
2026-04-24T21:37:24.948208+00:00,recovery_scenario,iperf_tcp,50,8,,twin_core,361501,0.0,68231168
2026-04-24T21:37:24.948208+00:00,recovery_scenario,iperf_tcp,50,8,,ryu_controller,361493,99.5,61988864
2026-04-24T21:37:25.048661+00:00,recovery_scenario,iperf_tcp,50,8,,twin_core,361501,0.0,68231168
2026-04-24T21:37:25.048661+00:00,recovery_scenario,iperf_tcp,50,8,,ryu_controller,361493,99.5,61988864
2026-04-24T21:37:25.149150+00:00,recovery_scenario,iperf_tcp,50,8,,twin_core,361501,0.0,68231168
2026-04-24T21:37:25.149150+00:00,recovery_scenario,iperf_tcp,50,8,,ryu_controller,361493,99.6,61988864
2026-04-24T21:37:25.249533+00:00,recovery_scenario,iperf_tcp,50,8,,twin_core,361501,0.0,68231168
2026-04-24T21:37:25.249533+00:00,recovery_scenario,iperf_tcp,50,8,,ryu_controller,361493,99.5,61988864
2026-04-24T21:37:25.350435+00:00,recovery_scenario,iperf_tcp,50,8,,twin_core,361501,9.9,68231168
2026-04-24T21:37:25.350435+00:00,recovery_scenario,iperf_tcp,50,8,,ryu_controller,361493,98.4,61988864
2026-04-24T21:37:25.451808+00:00,recovery_scenario,iperf_tcp,50,8,,twin_core,361501,0.0,68231168
2026-04-24T21:37:25.451808+00:00,recovery_scenario,iperf_tcp,50,8,,ryu_controller,361493,99.4,61988864
2026-04-24T21:37:25.552361+00:00,recovery_scenario,iperf_tcp,50,8,,twin_core,361501,0.0,68231168
2026-04-24T21:37:25.552361+00:00,recovery_scenario,iperf_tcp,50,8,,ryu_controller,361493,99.5,61988864
2026-04-24T21:37:25.652776+00:00,recovery_scenario,iperf_tcp,50,8,,twin_core,361501,0.0,68231168
2026-04-24T21:37:25.652776+00:00,recovery_scenario,iperf_tcp,50,8,,ryu_controller,361493,99.5,61988864
2026-04-24T21:37:25.753388+00:00,recovery_scenario,iperf_tcp,50,8,,twin_core,361501,9.9,68231168
2026-04-24T21:37:25.753388+00:00,recovery_scenario,iperf_tcp,50,8,,ryu_controller,361493,89.6,61988864
2026-04-24T21:37:25.853831+00:00,recovery_scenario,iperf_tcp,50,8,,twin_core,361501,10.0,68231168
2026-04-24T21:37:25.853831+00:00,recovery_scenario,iperf_tcp,50,8,,ryu_controller,361493,79.6,61988864
2026-04-24T21:37:25.954485+00:00,recovery_scenario,iperf_tcp,50,8,,twin_core,361501,29.8,68231168
2026-04-24T21:37:25.954485+00:00,recovery_scenario,iperf_tcp,50,8,,ryu_controller,361493,69.5,61988864
2026-04-24T21:37:25.960040+00:00,recovery_scenario,iperf_tcp,50,8,scenario_teardown,,,,
2026-04-24T21:37:26.055154+00:00,recovery_scenario,iperf_tcp,50,8,,twin_core,361501,9.9,68231168
2026-04-24T21:37:26.055154+00:00,recovery_scenario,iperf_tcp,50,8,,ryu_controller,361493,9.9,61988864
2026-04-24T21:37:26.155608+00:00,recovery_scenario,iperf_tcp,50,8,,twin_core,361501,0.0,68231168
2026-04-24T21:37:26.155608+00:00,recovery_scenario,iperf_tcp,50,8,,ryu_controller,361493,19.9,61988864
2026-04-24T21:37:26.256162+00:00,recovery_scenario,iperf_tcp,50,8,,twin_core,361501,0.0,68231168
2026-04-24T21:37:26.256162+00:00,recovery_scenario,iperf_tcp,50,8,,ryu_controller,361493,9.9,61988864
2026-04-24T21:37:26.801111+00:00,recovery_scenario,iperf_tcp,50,9,,twin_core,361501,0.0,68231168
2026-04-24T21:37:26.801111+00:00,recovery_scenario,iperf_tcp,50,9,,ryu_controller,361493,0.0,61988864
2026-04-24T21:37:26.902902+00:00,recovery_scenario,iperf_tcp,50,9,,twin_core,361501,9.8,68231168
2026-04-24T21:37:26.902902+00:00,recovery_scenario,iperf_tcp,50,9,,ryu_controller,361493,39.8,61988864
2026-04-24T21:37:27.003438+00:00,recovery_scenario,iperf_tcp,50,9,,twin_core,361501,9.9,68231168
2026-04-24T21:37:27.003438+00:00,recovery_scenario,iperf_tcp,50,9,,ryu_controller,361493,19.8,61988864
2026-04-24T21:37:27.053944+00:00,recovery_scenario,iperf_tcp,50,9,service_started,,,,
2026-04-24T21:37:27.104168+00:00,recovery_scenario,iperf_tcp,50,9,,twin_core,361501,19.9,68231168
2026-04-24T21:37:27.104168+00:00,recovery_scenario,iperf_tcp,50,9,,ryu_controller,361493,49.8,61988864
2026-04-24T21:37:27.205525+00:00,recovery_scenario,iperf_tcp,50,9,,twin_core,361501,0.0,68231168
2026-04-24T21:37:27.205525+00:00,recovery_scenario,iperf_tcp,50,9,,ryu_controller,361493,9.9,61988864
2026-04-24T21:37:27.306008+00:00,recovery_scenario,iperf_tcp,50,9,,twin_core,361501,0.0,68231168
2026-04-24T21:37:27.306008+00:00,recovery_scenario,iperf_tcp,50,9,,ryu_controller,361493,10.0,61988864
2026-04-24T21:37:27.406404+00:00,recovery_scenario,iperf_tcp,50,9,,twin_core,361501,0.0,68231168
2026-04-24T21:37:27.406404+00:00,recovery_scenario,iperf_tcp,50,9,,ryu_controller,361493,19.9,61988864
2026-04-24T21:37:27.506972+00:00,recovery_scenario,iperf_tcp,50,9,,twin_core,361501,0.0,68231168
2026-04-24T21:37:27.506972+00:00,recovery_scenario,iperf_tcp,50,9,,ryu_controller,361493,29.4,61988864
2026-04-24T21:37:27.609025+00:00,recovery_scenario,iperf_tcp,50,9,,twin_core,361501,0.0,68231168
2026-04-24T21:37:27.609025+00:00,recovery_scenario,iperf_tcp,50,9,,ryu_controller,361493,19.9,61988864
2026-04-24T21:37:27.709463+00:00,recovery_scenario,iperf_tcp,50,9,,twin_core,361501,0.0,68231168
2026-04-24T21:37:27.709463+00:00,recovery_scenario,iperf_tcp,50,9,,ryu_controller,361493,10.0,61988864
2026-04-24T21:37:27.812205+00:00,recovery_scenario,iperf_tcp,50,9,,twin_core,361501,0.0,68231168
2026-04-24T21:37:27.812205+00:00,recovery_scenario,iperf_tcp,50,9,,ryu_controller,361493,19.5,61988864
2026-04-24T21:37:27.912679+00:00,recovery_scenario,iperf_tcp,50,9,,twin_core,361501,0.0,68231168
2026-04-24T21:37:27.912679+00:00,recovery_scenario,iperf_tcp,50,9,,ryu_controller,361493,59.5,61988864
2026-04-24T21:37:28.014921+00:00,recovery_scenario,iperf_tcp,50,9,,twin_core,361501,0.0,68231168
2026-04-24T21:37:28.014921+00:00,recovery_scenario,iperf_tcp,50,9,,ryu_controller,361493,29.4,61988864
2026-04-24T21:37:28.116280+00:00,recovery_scenario,iperf_tcp,50,9,,twin_core,361501,0.0,68231168
2026-04-24T21:37:28.116280+00:00,recovery_scenario,iperf_tcp,50,9,,ryu_controller,361493,29.6,61988864
2026-04-24T21:37:28.216810+00:00,recovery_scenario,iperf_tcp,50,9,,twin_core,361501,0.0,68231168
2026-04-24T21:37:28.216810+00:00,recovery_scenario,iperf_tcp,50,9,,ryu_controller,361493,9.9,61988864
2026-04-24T21:37:28.320984+00:00,recovery_scenario,iperf_tcp,50,9,,twin_core,361501,0.0,68231168
2026-04-24T21:37:28.320984+00:00,recovery_scenario,iperf_tcp,50,9,,ryu_controller,361493,9.6,61988864
2026-04-24T21:37:28.421435+00:00,recovery_scenario,iperf_tcp,50,9,,twin_core,361501,10.0,68231168
2026-04-24T21:37:28.421435+00:00,recovery_scenario,iperf_tcp,50,9,,ryu_controller,361493,29.9,61988864
2026-04-24T21:37:28.521842+00:00,recovery_scenario,iperf_tcp,50,9,,twin_core,361501,0.0,68231168
2026-04-24T21:37:28.521842+00:00,recovery_scenario,iperf_tcp,50,9,,ryu_controller,361493,29.9,61988864
2026-04-24T21:37:28.622248+00:00,recovery_scenario,iperf_tcp,50,9,,twin_core,361501,0.0,68231168
2026-04-24T21:37:28.622248+00:00,recovery_scenario,iperf_tcp,50,9,,ryu_controller,361493,9.9,61988864
2026-04-24T21:37:28.722840+00:00,recovery_scenario,iperf_tcp,50,9,,twin_core,361501,0.0,68231168
2026-04-24T21:37:28.722840+00:00,recovery_scenario,iperf_tcp,50,9,,ryu_controller,361493,10.0,61988864
2026-04-24T21:37:28.823211+00:00,recovery_scenario,iperf_tcp,50,9,,twin_core,361501,0.0,68231168
2026-04-24T21:37:28.823211+00:00,recovery_scenario,iperf_tcp,50,9,,ryu_controller,361493,19.9,61988864
2026-04-24T21:37:28.923672+00:00,recovery_scenario,iperf_tcp,50,9,,twin_core,361501,0.0,68231168
2026-04-24T21:37:28.923672+00:00,recovery_scenario,iperf_tcp,50,9,,ryu_controller,361493,19.9,61988864
2026-04-24T21:37:29.024095+00:00,recovery_scenario,iperf_tcp,50,9,,twin_core,361501,0.0,68231168
2026-04-24T21:37:29.024095+00:00,recovery_scenario,iperf_tcp,50,9,,ryu_controller,361493,10.0,61988864
2026-04-24T21:37:29.124621+00:00,recovery_scenario,iperf_tcp,50,9,,twin_core,361501,0.0,68231168
2026-04-24T21:37:29.124621+00:00,recovery_scenario,iperf_tcp,50,9,,ryu_controller,361493,19.9,61988864
2026-04-24T21:37:29.225354+00:00,recovery_scenario,iperf_tcp,50,9,,twin_core,361501,9.9,68231168
2026-04-24T21:37:29.225354+00:00,recovery_scenario,iperf_tcp,50,9,,ryu_controller,361493,39.8,61988864
2026-04-24T21:37:29.325795+00:00,recovery_scenario,iperf_tcp,50,9,,twin_core,361501,0.0,68231168
2026-04-24T21:37:29.325795+00:00,recovery_scenario,iperf_tcp,50,9,,ryu_controller,361493,10.0,61988864
2026-04-24T21:37:29.426188+00:00,recovery_scenario,iperf_tcp,50,9,,twin_core,361501,0.0,68231168
2026-04-24T21:37:29.426188+00:00,recovery_scenario,iperf_tcp,50,9,,ryu_controller,361493,19.9,61988864
2026-04-24T21:37:29.528073+00:00,recovery_scenario,iperf_tcp,50,9,,twin_core,361501,0.0,68231168
2026-04-24T21:37:29.528073+00:00,recovery_scenario,iperf_tcp,50,9,,ryu_controller,361493,9.8,61988864
2026-04-24T21:37:29.631449+00:00,recovery_scenario,iperf_tcp,50,9,,twin_core,361501,0.0,68231168
2026-04-24T21:37:29.631449+00:00,recovery_scenario,iperf_tcp,50,9,,ryu_controller,361493,0.0,61988864
2026-04-24T21:37:29.731966+00:00,recovery_scenario,iperf_tcp,50,9,,twin_core,361501,0.0,68231168
2026-04-24T21:37:29.731966+00:00,recovery_scenario,iperf_tcp,50,9,,ryu_controller,361493,10.0,61988864
2026-04-24T21:37:29.834633+00:00,recovery_scenario,iperf_tcp,50,9,,twin_core,361501,0.0,68231168
2026-04-24T21:37:29.834633+00:00,recovery_scenario,iperf_tcp,50,9,,ryu_controller,361493,9.7,61988864
2026-04-24T21:37:29.935307+00:00,recovery_scenario,iperf_tcp,50,9,,twin_core,361501,9.9,68231168
2026-04-24T21:37:29.935307+00:00,recovery_scenario,iperf_tcp,50,9,,ryu_controller,361493,9.9,61988864
2026-04-24T21:37:30.037752+00:00,recovery_scenario,iperf_tcp,50,9,,twin_core,361501,0.0,68231168
2026-04-24T21:37:30.037752+00:00,recovery_scenario,iperf_tcp,50,9,,ryu_controller,361493,68.2,61988864
2026-04-24T21:37:30.138579+00:00,recovery_scenario,iperf_tcp,50,9,,twin_core,361501,0.0,68231168
2026-04-24T21:37:30.138579+00:00,recovery_scenario,iperf_tcp,50,9,,ryu_controller,361493,9.9,61988864
2026-04-24T21:37:30.239186+00:00,recovery_scenario,iperf_tcp,50,9,,twin_core,361501,0.0,68231168
2026-04-24T21:37:30.239186+00:00,recovery_scenario,iperf_tcp,50,9,,ryu_controller,361493,9.9,61988864
2026-04-24T21:37:30.339648+00:00,recovery_scenario,iperf_tcp,50,9,,twin_core,361501,0.0,68231168
2026-04-24T21:37:30.339648+00:00,recovery_scenario,iperf_tcp,50,9,,ryu_controller,361493,9.9,61988864
2026-04-24T21:37:30.440398+00:00,recovery_scenario,iperf_tcp,50,9,,twin_core,361501,0.0,68231168
2026-04-24T21:37:30.440398+00:00,recovery_scenario,iperf_tcp,50,9,,ryu_controller,361493,10.0,61988864
2026-04-24T21:37:30.542352+00:00,recovery_scenario,iperf_tcp,50,9,,twin_core,361501,0.0,68231168
2026-04-24T21:37:30.542352+00:00,recovery_scenario,iperf_tcp,50,9,,ryu_controller,361493,9.8,61988864
2026-04-24T21:37:30.644622+00:00,recovery_scenario,iperf_tcp,50,9,,twin_core,361501,0.0,68231168
2026-04-24T21:37:30.644622+00:00,recovery_scenario,iperf_tcp,50,9,,ryu_controller,361493,0.0,61988864
2026-04-24T21:37:30.746247+00:00,recovery_scenario,iperf_tcp,50,9,,twin_core,361501,0.0,68231168
2026-04-24T21:37:30.746247+00:00,recovery_scenario,iperf_tcp,50,9,,ryu_controller,361493,9.8,61988864
2026-04-24T21:37:30.849540+00:00,recovery_scenario,iperf_tcp,50,9,,twin_core,361501,0.0,68231168
2026-04-24T21:37:30.849540+00:00,recovery_scenario,iperf_tcp,50,9,,ryu_controller,361493,9.7,61988864
2026-04-24T21:37:30.950047+00:00,recovery_scenario,iperf_tcp,50,9,,twin_core,361501,0.0,68231168
2026-04-24T21:37:30.950047+00:00,recovery_scenario,iperf_tcp,50,9,,ryu_controller,361493,0.0,61988864
2026-04-24T21:37:31.050438+00:00,recovery_scenario,iperf_tcp,50,9,,twin_core,361501,10.0,68231168
2026-04-24T21:37:31.050438+00:00,recovery_scenario,iperf_tcp,50,9,,ryu_controller,361493,29.9,61988864
2026-04-24T21:37:31.151673+00:00,recovery_scenario,iperf_tcp,50,9,,twin_core,361501,0.0,68231168
2026-04-24T21:37:31.151673+00:00,recovery_scenario,iperf_tcp,50,9,,ryu_controller,361493,9.9,61988864
2026-04-24T21:37:31.252432+00:00,recovery_scenario,iperf_tcp,50,9,,twin_core,361501,19.9,68255744
2026-04-24T21:37:31.252432+00:00,recovery_scenario,iperf_tcp,50,9,,ryu_controller,361493,69.6,61988864
2026-04-24T21:37:31.352938+00:00,recovery_scenario,iperf_tcp,50,9,,twin_core,361501,0.0,68255744
2026-04-24T21:37:31.352938+00:00,recovery_scenario,iperf_tcp,50,9,,ryu_controller,361493,0.0,61988864
2026-04-24T21:37:31.453316+00:00,recovery_scenario,iperf_tcp,50,9,,twin_core,361501,0.0,68255744
2026-04-24T21:37:31.453316+00:00,recovery_scenario,iperf_tcp,50,9,,ryu_controller,361493,10.0,61988864
2026-04-24T21:37:31.554875+00:00,recovery_scenario,iperf_tcp,50,9,,twin_core,361501,0.0,68255744
2026-04-24T21:37:31.554875+00:00,recovery_scenario,iperf_tcp,50,9,,ryu_controller,361493,19.7,61988864
2026-04-24T21:37:31.655438+00:00,recovery_scenario,iperf_tcp,50,9,,twin_core,361501,0.0,68255744
2026-04-24T21:37:31.655438+00:00,recovery_scenario,iperf_tcp,50,9,,ryu_controller,361493,10.0,61988864
2026-04-24T21:37:31.755943+00:00,recovery_scenario,iperf_tcp,50,9,,twin_core,361501,0.0,68255744
2026-04-24T21:37:31.755943+00:00,recovery_scenario,iperf_tcp,50,9,,ryu_controller,361493,0.0,61988864
2026-04-24T21:37:31.856365+00:00,recovery_scenario,iperf_tcp,50,9,,twin_core,361501,0.0,68255744
2026-04-24T21:37:31.856365+00:00,recovery_scenario,iperf_tcp,50,9,,ryu_controller,361493,19.9,61988864
2026-04-24T21:37:31.956841+00:00,recovery_scenario,iperf_tcp,50,9,,twin_core,361501,0.0,68255744
2026-04-24T21:37:31.956841+00:00,recovery_scenario,iperf_tcp,50,9,,ryu_controller,361493,29.9,61988864
2026-04-24T21:37:32.057233+00:00,recovery_scenario,iperf_tcp,50,9,,twin_core,361501,0.0,68255744
2026-04-24T21:37:32.057233+00:00,recovery_scenario,iperf_tcp,50,9,,ryu_controller,361493,39.8,61988864
2026-04-24T21:37:32.157743+00:00,recovery_scenario,iperf_tcp,50,9,,twin_core,361501,0.0,68255744
2026-04-24T21:37:32.157743+00:00,recovery_scenario,iperf_tcp,50,9,,ryu_controller,361493,39.8,61988864
2026-04-24T21:37:32.258359+00:00,recovery_scenario,iperf_tcp,50,9,,twin_core,361501,0.0,68255744
2026-04-24T21:37:32.258359+00:00,recovery_scenario,iperf_tcp,50,9,,ryu_controller,361493,9.9,61992960
2026-04-24T21:37:32.359277+00:00,recovery_scenario,iperf_tcp,50,9,,twin_core,361501,9.9,68255744
2026-04-24T21:37:32.359277+00:00,recovery_scenario,iperf_tcp,50,9,,ryu_controller,361493,19.8,61992960
2026-04-24T21:37:32.459750+00:00,recovery_scenario,iperf_tcp,50,9,,twin_core,361501,0.0,68255744
2026-04-24T21:37:32.459750+00:00,recovery_scenario,iperf_tcp,50,9,,ryu_controller,361493,10.0,61992960
2026-04-24T21:37:32.563091+00:00,recovery_scenario,iperf_tcp,50,9,,twin_core,361501,0.0,68255744
2026-04-24T21:37:32.563091+00:00,recovery_scenario,iperf_tcp,50,9,,ryu_controller,361493,9.7,61992960
2026-04-24T21:37:32.669571+00:00,recovery_scenario,iperf_tcp,50,9,,twin_core,361501,0.0,68255744
2026-04-24T21:37:32.669571+00:00,recovery_scenario,iperf_tcp,50,9,,ryu_controller,361493,0.0,61992960
2026-04-24T21:37:32.770055+00:00,recovery_scenario,iperf_tcp,50,9,,twin_core,361501,0.0,68255744
2026-04-24T21:37:32.770055+00:00,recovery_scenario,iperf_tcp,50,9,,ryu_controller,361493,10.0,61992960
2026-04-24T21:37:32.877480+00:00,recovery_scenario,iperf_tcp,50,9,,twin_core,361501,0.0,68255744
2026-04-24T21:37:32.877480+00:00,recovery_scenario,iperf_tcp,50,9,,ryu_controller,361493,18.6,61992960
2026-04-24T21:37:32.971327+00:00,recovery_scenario,iperf_tcp,50,9,pingall_completed,,,,
2026-04-24T21:37:32.982001+00:00,recovery_scenario,iperf_tcp,50,9,,twin_core,361501,0.0,68255744
2026-04-24T21:37:32.982001+00:00,recovery_scenario,iperf_tcp,50,9,,ryu_controller,361493,0.0,61992960
2026-04-24T21:37:33.086760+00:00,recovery_scenario,iperf_tcp,50,9,,twin_core,361501,0.0,68255744
2026-04-24T21:37:33.086760+00:00,recovery_scenario,iperf_tcp,50,9,,ryu_controller,361493,0.0,61992960
2026-04-24T21:37:33.197036+00:00,recovery_scenario,iperf_tcp,50,9,,twin_core,361501,9.1,68255744
2026-04-24T21:37:33.197036+00:00,recovery_scenario,iperf_tcp,50,9,,ryu_controller,361493,9.1,61992960
2026-04-24T21:37:33.297645+00:00,recovery_scenario,iperf_tcp,50,9,,twin_core,361501,0.0,68255744
2026-04-24T21:37:33.297645+00:00,recovery_scenario,iperf_tcp,50,9,,ryu_controller,361493,29.8,61992960
2026-04-24T21:37:33.400764+00:00,recovery_scenario,iperf_tcp,50,9,,twin_core,361501,19.4,68288512
2026-04-24T21:37:33.400764+00:00,recovery_scenario,iperf_tcp,50,9,,ryu_controller,361493,58.2,61992960
2026-04-24T21:37:33.510604+00:00,recovery_scenario,iperf_tcp,50,9,,twin_core,361501,0.0,68288512
2026-04-24T21:37:33.510604+00:00,recovery_scenario,iperf_tcp,50,9,,ryu_controller,361493,0.0,61992960
2026-04-24T21:37:33.611549+00:00,recovery_scenario,iperf_tcp,50,9,,twin_core,361501,0.0,68288512
2026-04-24T21:37:33.611549+00:00,recovery_scenario,iperf_tcp,50,9,,ryu_controller,361493,0.0,61992960
2026-04-24T21:37:33.712473+00:00,recovery_scenario,iperf_tcp,50,9,,twin_core,361501,0.0,68288512
2026-04-24T21:37:33.712473+00:00,recovery_scenario,iperf_tcp,50,9,,ryu_controller,361493,0.0,61992960
2026-04-24T21:37:33.817369+00:00,recovery_scenario,iperf_tcp,50,9,,twin_core,361501,0.0,68288512
2026-04-24T21:37:33.817369+00:00,recovery_scenario,iperf_tcp,50,9,,ryu_controller,361493,0.0,61992960
2026-04-24T21:37:33.920086+00:00,recovery_scenario,iperf_tcp,50,9,,twin_core,361501,0.0,68288512
2026-04-24T21:37:33.920086+00:00,recovery_scenario,iperf_tcp,50,9,,ryu_controller,361493,0.0,61992960
2026-04-24T21:37:34.022090+00:00,recovery_scenario,iperf_tcp,50,9,,twin_core,361501,9.8,68288512
2026-04-24T21:37:34.022090+00:00,recovery_scenario,iperf_tcp,50,9,,ryu_controller,361493,9.9,61992960
2026-04-24T21:37:34.123047+00:00,recovery_scenario,iperf_tcp,50,9,,twin_core,361501,0.0,68288512
2026-04-24T21:37:34.123047+00:00,recovery_scenario,iperf_tcp,50,9,,ryu_controller,361493,19.9,61992960
2026-04-24T21:37:34.223430+00:00,recovery_scenario,iperf_tcp,50,9,,twin_core,361501,0.0,68288512
2026-04-24T21:37:34.223430+00:00,recovery_scenario,iperf_tcp,50,9,,ryu_controller,361493,69.7,61992960
2026-04-24T21:37:34.323926+00:00,recovery_scenario,iperf_tcp,50,9,,twin_core,361501,0.0,68288512
2026-04-24T21:37:34.323926+00:00,recovery_scenario,iperf_tcp,50,9,,ryu_controller,361493,0.0,61992960
2026-04-24T21:37:34.424418+00:00,recovery_scenario,iperf_tcp,50,9,,twin_core,361501,0.0,68288512
2026-04-24T21:37:34.424418+00:00,recovery_scenario,iperf_tcp,50,9,,ryu_controller,361493,9.9,61992960
2026-04-24T21:37:34.525961+00:00,recovery_scenario,iperf_tcp,50,9,,twin_core,361501,0.0,68288512
2026-04-24T21:37:34.525961+00:00,recovery_scenario,iperf_tcp,50,9,,ryu_controller,361493,0.0,61992960
2026-04-24T21:37:34.626783+00:00,recovery_scenario,iperf_tcp,50,9,,twin_core,361501,0.0,68288512
2026-04-24T21:37:34.626783+00:00,recovery_scenario,iperf_tcp,50,9,,ryu_controller,361493,0.0,61992960
2026-04-24T21:37:34.727988+00:00,recovery_scenario,iperf_tcp,50,9,,twin_core,361501,0.0,68288512
2026-04-24T21:37:34.727988+00:00,recovery_scenario,iperf_tcp,50,9,,ryu_controller,361493,0.0,61992960
2026-04-24T21:37:34.828904+00:00,recovery_scenario,iperf_tcp,50,9,,twin_core,361501,0.0,68288512
2026-04-24T21:37:34.828904+00:00,recovery_scenario,iperf_tcp,50,9,,ryu_controller,361493,0.0,61992960
2026-04-24T21:37:34.934325+00:00,recovery_scenario,iperf_tcp,50,9,,twin_core,361501,0.0,68288512
2026-04-24T21:37:34.934325+00:00,recovery_scenario,iperf_tcp,50,9,,ryu_controller,361493,0.0,61992960
2026-04-24T21:37:35.001772+00:00,recovery_scenario,iperf_tcp,50,9,background_traffic_started,,,,
2026-04-24T21:37:35.036815+00:00,recovery_scenario,iperf_tcp,50,9,,twin_core,361501,0.0,68288512
2026-04-24T21:37:35.036815+00:00,recovery_scenario,iperf_tcp,50,9,,ryu_controller,361493,19.5,61992960
2026-04-24T21:37:35.138183+00:00,recovery_scenario,iperf_tcp,50,9,,twin_core,361501,9.9,68288512
2026-04-24T21:37:35.138183+00:00,recovery_scenario,iperf_tcp,50,9,,ryu_controller,361493,39.5,61992960
2026-04-24T21:37:35.189081+00:00,recovery_scenario,iperf_tcp,50,9,fault_injected,,,,
2026-04-24T21:37:35.240826+00:00,recovery_scenario,iperf_tcp,50,9,,twin_core,361501,0.0,68288512
2026-04-24T21:37:35.240826+00:00,recovery_scenario,iperf_tcp,50,9,,ryu_controller,361493,48.7,62021632
2026-04-24T21:37:35.341189+00:00,recovery_scenario,iperf_tcp,50,9,,twin_core,361501,0.0,68288512
2026-04-24T21:37:35.341189+00:00,recovery_scenario,iperf_tcp,50,9,,ryu_controller,361493,69.7,62021632
2026-04-24T21:37:35.441565+00:00,recovery_scenario,iperf_tcp,50,9,,twin_core,361501,10.0,68288512
2026-04-24T21:37:35.441565+00:00,recovery_scenario,iperf_tcp,50,9,,ryu_controller,361493,89.5,62021632
2026-04-24T21:37:35.542094+00:00,recovery_scenario,iperf_tcp,50,9,,twin_core,361501,0.0,68288512
2026-04-24T21:37:35.542094+00:00,recovery_scenario,iperf_tcp,50,9,,ryu_controller,361493,66.9,62021632
2026-04-24T21:37:35.647039+00:00,recovery_scenario,iperf_tcp,50,9,,twin_core,361501,9.5,68288512
2026-04-24T21:37:35.647039+00:00,recovery_scenario,iperf_tcp,50,9,,ryu_controller,361493,89.4,62021632
2026-04-24T21:37:35.747429+00:00,recovery_scenario,iperf_tcp,50,9,,twin_core,361501,0.0,68288512
2026-04-24T21:37:35.747429+00:00,recovery_scenario,iperf_tcp,50,9,,ryu_controller,361493,69.7,62021632
2026-04-24T21:37:35.847881+00:00,recovery_scenario,iperf_tcp,50,9,,twin_core,361501,0.0,68288512
2026-04-24T21:37:35.847881+00:00,recovery_scenario,iperf_tcp,50,9,,ryu_controller,361493,79.5,62021632
2026-04-24T21:37:35.948527+00:00,recovery_scenario,iperf_tcp,50,9,,twin_core,361501,0.0,68288512
2026-04-24T21:37:35.948527+00:00,recovery_scenario,iperf_tcp,50,9,,ryu_controller,361493,99.4,62021632
2026-04-24T21:37:36.049389+00:00,recovery_scenario,iperf_tcp,50,9,,twin_core,361501,0.0,68288512
2026-04-24T21:37:36.049389+00:00,recovery_scenario,iperf_tcp,50,9,,ryu_controller,361493,89.1,62021632
2026-04-24T21:37:36.150084+00:00,recovery_scenario,iperf_tcp,50,9,,twin_core,361501,0.0,68288512
2026-04-24T21:37:36.150084+00:00,recovery_scenario,iperf_tcp,50,9,,ryu_controller,361493,99.3,62021632
2026-04-24T21:37:36.250877+00:00,recovery_scenario,iperf_tcp,50,9,,twin_core,361501,0.0,68288512
2026-04-24T21:37:36.250877+00:00,recovery_scenario,iperf_tcp,50,9,,ryu_controller,361493,89.3,62021632
2026-04-24T21:37:36.351592+00:00,recovery_scenario,iperf_tcp,50,9,,twin_core,361501,0.0,68288512
2026-04-24T21:37:36.351592+00:00,recovery_scenario,iperf_tcp,50,9,,ryu_controller,361493,89.4,62021632
2026-04-24T21:37:36.452183+00:00,recovery_scenario,iperf_tcp,50,9,,twin_core,361501,0.0,68288512
2026-04-24T21:37:36.452183+00:00,recovery_scenario,iperf_tcp,50,9,,ryu_controller,361493,99.6,62021632
2026-04-24T21:37:36.552776+00:00,recovery_scenario,iperf_tcp,50,9,,twin_core,361501,0.0,68288512
2026-04-24T21:37:36.552776+00:00,recovery_scenario,iperf_tcp,50,9,,ryu_controller,361493,79.5,62021632
2026-04-24T21:37:36.653551+00:00,recovery_scenario,iperf_tcp,50,9,,twin_core,361501,9.9,68288512
2026-04-24T21:37:36.653551+00:00,recovery_scenario,iperf_tcp,50,9,,ryu_controller,361493,109.0,62021632
2026-04-24T21:37:36.754624+00:00,recovery_scenario,iperf_tcp,50,9,,twin_core,361501,0.0,68288512
2026-04-24T21:37:36.754624+00:00,recovery_scenario,iperf_tcp,50,9,,ryu_controller,361493,78.9,62021632
2026-04-24T21:37:36.857112+00:00,recovery_scenario,iperf_tcp,50,9,,twin_core,361501,9.8,68288512
2026-04-24T21:37:36.857112+00:00,recovery_scenario,iperf_tcp,50,9,,ryu_controller,361493,19.4,62021632
2026-04-24T21:37:36.958766+00:00,recovery_scenario,iperf_tcp,50,9,,twin_core,361501,0.0,68288512
2026-04-24T21:37:36.958766+00:00,recovery_scenario,iperf_tcp,50,9,,ryu_controller,361493,9.9,62021632
2026-04-24T21:37:37.060400+00:00,recovery_scenario,iperf_tcp,50,9,,twin_core,361501,0.0,68288512
2026-04-24T21:37:37.060400+00:00,recovery_scenario,iperf_tcp,50,9,,ryu_controller,361493,0.0,62021632
2026-04-24T21:37:37.162340+00:00,recovery_scenario,iperf_tcp,50,9,,twin_core,361501,0.0,68288512
2026-04-24T21:37:37.162340+00:00,recovery_scenario,iperf_tcp,50,9,,ryu_controller,361493,9.8,62021632
2026-04-24T21:37:37.263266+00:00,recovery_scenario,iperf_tcp,50,9,,twin_core,361501,9.9,68288512
2026-04-24T21:37:37.263266+00:00,recovery_scenario,iperf_tcp,50,9,,ryu_controller,361493,39.8,62021632
2026-04-24T21:37:37.331630+00:00,recovery_scenario,iperf_tcp,50,9,recovery_requested,,,,
2026-04-24T21:37:37.364034+00:00,recovery_scenario,iperf_tcp,50,9,,twin_core,361501,19.8,68292608
2026-04-24T21:37:37.364034+00:00,recovery_scenario,iperf_tcp,50,9,,ryu_controller,361493,49.6,62021632
2026-04-24T21:37:37.465832+00:00,recovery_scenario,iperf_tcp,50,9,,twin_core,361501,0.0,68292608
2026-04-24T21:37:37.465832+00:00,recovery_scenario,iperf_tcp,50,9,,ryu_controller,361493,48.7,62021632
2026-04-24T21:37:37.568104+00:00,recovery_scenario,iperf_tcp,50,9,,twin_core,361501,0.0,68292608
2026-04-24T21:37:37.568104+00:00,recovery_scenario,iperf_tcp,50,9,,ryu_controller,361493,49.4,62021632
2026-04-24T21:37:37.668483+00:00,recovery_scenario,iperf_tcp,50,9,,twin_core,361501,0.0,68292608
2026-04-24T21:37:37.668483+00:00,recovery_scenario,iperf_tcp,50,9,,ryu_controller,361493,59.7,62021632
2026-04-24T21:37:37.769112+00:00,recovery_scenario,iperf_tcp,50,9,,twin_core,361501,0.0,68292608
2026-04-24T21:37:37.769112+00:00,recovery_scenario,iperf_tcp,50,9,,ryu_controller,361493,79.4,62025728
2026-04-24T21:37:37.869874+00:00,recovery_scenario,iperf_tcp,50,9,,twin_core,361501,0.0,68292608
2026-04-24T21:37:37.869874+00:00,recovery_scenario,iperf_tcp,50,9,,ryu_controller,361493,99.4,62025728
2026-04-24T21:37:37.970293+00:00,recovery_scenario,iperf_tcp,50,9,,twin_core,361501,0.0,68292608
2026-04-24T21:37:37.970293+00:00,recovery_scenario,iperf_tcp,50,9,,ryu_controller,361493,109.5,62025728
2026-04-24T21:37:38.070741+00:00,recovery_scenario,iperf_tcp,50,9,,twin_core,361501,0.0,68292608
2026-04-24T21:37:38.070741+00:00,recovery_scenario,iperf_tcp,50,9,,ryu_controller,361493,89.4,62025728
2026-04-24T21:37:38.171405+00:00,recovery_scenario,iperf_tcp,50,9,,twin_core,361501,0.0,68292608
2026-04-24T21:37:38.171405+00:00,recovery_scenario,iperf_tcp,50,9,,ryu_controller,361493,99.1,62025728
2026-04-24T21:37:38.272331+00:00,recovery_scenario,iperf_tcp,50,9,,twin_core,361501,9.9,68292608
2026-04-24T21:37:38.272331+00:00,recovery_scenario,iperf_tcp,50,9,,ryu_controller,361493,109.5,62025728
2026-04-24T21:37:38.372857+00:00,recovery_scenario,iperf_tcp,50,9,,twin_core,361501,0.0,68292608
2026-04-24T21:37:38.372857+00:00,recovery_scenario,iperf_tcp,50,9,,ryu_controller,361493,89.5,62025728
2026-04-24T21:37:38.473296+00:00,recovery_scenario,iperf_tcp,50,9,,twin_core,361501,0.0,68292608
2026-04-24T21:37:38.473296+00:00,recovery_scenario,iperf_tcp,50,9,,ryu_controller,361493,98.9,62025728
2026-04-24T21:37:38.574508+00:00,recovery_scenario,iperf_tcp,50,9,,twin_core,361501,0.0,68292608
2026-04-24T21:37:38.574508+00:00,recovery_scenario,iperf_tcp,50,9,,ryu_controller,361493,109.1,62025728
2026-04-24T21:37:38.675262+00:00,recovery_scenario,iperf_tcp,50,9,,twin_core,361501,0.0,68292608
2026-04-24T21:37:38.675262+00:00,recovery_scenario,iperf_tcp,50,9,,ryu_controller,361493,89.6,62025728
2026-04-24T21:37:38.775924+00:00,recovery_scenario,iperf_tcp,50,9,,twin_core,361501,0.0,68292608
2026-04-24T21:37:38.775924+00:00,recovery_scenario,iperf_tcp,50,9,,ryu_controller,361493,99.1,62025728
2026-04-24T21:37:38.876550+00:00,recovery_scenario,iperf_tcp,50,9,,twin_core,361501,0.0,68292608
2026-04-24T21:37:38.876550+00:00,recovery_scenario,iperf_tcp,50,9,,ryu_controller,361493,99.5,62025728
2026-04-24T21:37:38.977231+00:00,recovery_scenario,iperf_tcp,50,9,,twin_core,361501,19.9,68292608
2026-04-24T21:37:38.977231+00:00,recovery_scenario,iperf_tcp,50,9,,ryu_controller,361493,49.7,62025728
2026-04-24T21:37:39.078079+00:00,recovery_scenario,iperf_tcp,50,9,,twin_core,361501,0.0,68292608
2026-04-24T21:37:39.078079+00:00,recovery_scenario,iperf_tcp,50,9,,ryu_controller,361493,0.0,62025728
2026-04-24T21:37:39.178615+00:00,recovery_scenario,iperf_tcp,50,9,,twin_core,361501,0.0,68292608
2026-04-24T21:37:39.178615+00:00,recovery_scenario,iperf_tcp,50,9,,ryu_controller,361493,9.9,62025728
2026-04-24T21:37:39.279328+00:00,recovery_scenario,iperf_tcp,50,9,,twin_core,361501,9.9,68292608
2026-04-24T21:37:39.279328+00:00,recovery_scenario,iperf_tcp,50,9,,ryu_controller,361493,0.0,62025728
2026-04-24T21:37:39.380220+00:00,recovery_scenario,iperf_tcp,50,9,,twin_core,361501,0.0,68292608
2026-04-24T21:37:39.380220+00:00,recovery_scenario,iperf_tcp,50,9,,ryu_controller,361493,39.8,62025728
2026-04-24T21:37:39.437683+00:00,recovery_scenario,iperf_tcp,50,9,scenario_teardown,,,,
2026-04-24T21:37:39.480898+00:00,recovery_scenario,iperf_tcp,50,9,,twin_core,361501,9.9,68292608
2026-04-24T21:37:39.480898+00:00,recovery_scenario,iperf_tcp,50,9,,ryu_controller,361493,49.6,62025728
2026-04-24T21:37:39.581800+00:00,recovery_scenario,iperf_tcp,50,9,,twin_core,361501,0.0,68292608
2026-04-24T21:37:39.581800+00:00,recovery_scenario,iperf_tcp,50,9,,ryu_controller,361493,19.8,62025728
2026-04-24T21:37:39.682158+00:00,recovery_scenario,iperf_tcp,50,9,,twin_core,361501,0.0,68292608
2026-04-24T21:37:39.682158+00:00,recovery_scenario,iperf_tcp,50,9,,ryu_controller,361493,10.0,62025728
2026-04-24T21:37:39.782543+00:00,recovery_scenario,iperf_tcp,50,9,,twin_core,361501,10.0,68292608
2026-04-24T21:37:39.782543+00:00,recovery_scenario,iperf_tcp,50,9,,ryu_controller,361493,9.9,62025728
2026-04-24T21:37:40.475220+00:00,recovery_scenario,iperf_tcp,50,10,,twin_core,361501,0.0,68292608
2026-04-24T21:37:40.475220+00:00,recovery_scenario,iperf_tcp,50,10,,ryu_controller,361493,0.0,62025728
2026-04-24T21:37:40.575729+00:00,recovery_scenario,iperf_tcp,50,10,,twin_core,361501,0.0,68292608
2026-04-24T21:37:40.575729+00:00,recovery_scenario,iperf_tcp,50,10,,ryu_controller,361493,19.9,62025728
2026-04-24T21:37:40.676152+00:00,recovery_scenario,iperf_tcp,50,10,,twin_core,361501,10.0,68292608
2026-04-24T21:37:40.676152+00:00,recovery_scenario,iperf_tcp,50,10,,ryu_controller,361493,49.8,62025728
2026-04-24T21:37:40.745222+00:00,recovery_scenario,iperf_tcp,50,10,service_started,,,,
2026-04-24T21:37:40.776481+00:00,recovery_scenario,iperf_tcp,50,10,,twin_core,361501,10.0,68292608
2026-04-24T21:37:40.776481+00:00,recovery_scenario,iperf_tcp,50,10,,ryu_controller,361493,29.9,62025728
2026-04-24T21:37:40.878210+00:00,recovery_scenario,iperf_tcp,50,10,,twin_core,361501,19.7,68292608
2026-04-24T21:37:40.878210+00:00,recovery_scenario,iperf_tcp,50,10,,ryu_controller,361493,39.3,62025728
2026-04-24T21:37:40.978896+00:00,recovery_scenario,iperf_tcp,50,10,,twin_core,361501,0.0,68292608
2026-04-24T21:37:40.978896+00:00,recovery_scenario,iperf_tcp,50,10,,ryu_controller,361493,39.7,62025728
2026-04-24T21:37:41.079331+00:00,recovery_scenario,iperf_tcp,50,10,,twin_core,361501,0.0,68292608
2026-04-24T21:37:41.079331+00:00,recovery_scenario,iperf_tcp,50,10,,ryu_controller,361493,10.0,62025728
2026-04-24T21:37:41.179816+00:00,recovery_scenario,iperf_tcp,50,10,,twin_core,361501,0.0,68292608
2026-04-24T21:37:41.179816+00:00,recovery_scenario,iperf_tcp,50,10,,ryu_controller,361493,39.8,62025728
2026-04-24T21:37:41.280220+00:00,recovery_scenario,iperf_tcp,50,10,,twin_core,361501,0.0,68292608
2026-04-24T21:37:41.280220+00:00,recovery_scenario,iperf_tcp,50,10,,ryu_controller,361493,19.9,62025728
2026-04-24T21:37:41.382011+00:00,recovery_scenario,iperf_tcp,50,10,,twin_core,361501,0.0,68292608
2026-04-24T21:37:41.382011+00:00,recovery_scenario,iperf_tcp,50,10,,ryu_controller,361493,19.7,62025728
2026-04-24T21:37:41.482518+00:00,recovery_scenario,iperf_tcp,50,10,,twin_core,361501,0.0,68292608
2026-04-24T21:37:41.482518+00:00,recovery_scenario,iperf_tcp,50,10,,ryu_controller,361493,19.9,62025728
2026-04-24T21:37:41.583080+00:00,recovery_scenario,iperf_tcp,50,10,,twin_core,361501,0.0,68292608
2026-04-24T21:37:41.583080+00:00,recovery_scenario,iperf_tcp,50,10,,ryu_controller,361493,9.9,62025728
2026-04-24T21:37:41.683743+00:00,recovery_scenario,iperf_tcp,50,10,,twin_core,361501,0.0,68292608
2026-04-24T21:37:41.683743+00:00,recovery_scenario,iperf_tcp,50,10,,ryu_controller,361493,19.9,62025728
2026-04-24T21:37:41.784162+00:00,recovery_scenario,iperf_tcp,50,10,,twin_core,361501,0.0,68292608
2026-04-24T21:37:41.784162+00:00,recovery_scenario,iperf_tcp,50,10,,ryu_controller,361493,10.0,62025728
2026-04-24T21:37:41.884591+00:00,recovery_scenario,iperf_tcp,50,10,,twin_core,361501,0.0,68292608
2026-04-24T21:37:41.884591+00:00,recovery_scenario,iperf_tcp,50,10,,ryu_controller,361493,29.8,62025728
2026-04-24T21:37:41.985136+00:00,recovery_scenario,iperf_tcp,50,10,,twin_core,361501,0.0,68292608
2026-04-24T21:37:41.985136+00:00,recovery_scenario,iperf_tcp,50,10,,ryu_controller,361493,10.0,62025728
2026-04-24T21:37:42.085546+00:00,recovery_scenario,iperf_tcp,50,10,,twin_core,361501,0.0,68292608
2026-04-24T21:37:42.085546+00:00,recovery_scenario,iperf_tcp,50,10,,ryu_controller,361493,10.0,62025728
2026-04-24T21:37:42.185956+00:00,recovery_scenario,iperf_tcp,50,10,,twin_core,361501,0.0,68292608
2026-04-24T21:37:42.185956+00:00,recovery_scenario,iperf_tcp,50,10,,ryu_controller,361493,29.9,62025728
2026-04-24T21:37:42.286325+00:00,recovery_scenario,iperf_tcp,50,10,,twin_core,361501,0.0,68292608
2026-04-24T21:37:42.286325+00:00,recovery_scenario,iperf_tcp,50,10,,ryu_controller,361493,19.9,62025728
2026-04-24T21:37:42.386688+00:00,recovery_scenario,iperf_tcp,50,10,,twin_core,361501,0.0,68292608
2026-04-24T21:37:42.386688+00:00,recovery_scenario,iperf_tcp,50,10,,ryu_controller,361493,29.9,62025728
2026-04-24T21:37:42.487102+00:00,recovery_scenario,iperf_tcp,50,10,,twin_core,361501,0.0,68292608
2026-04-24T21:37:42.487102+00:00,recovery_scenario,iperf_tcp,50,10,,ryu_controller,361493,19.9,62025728
2026-04-24T21:37:42.589971+00:00,recovery_scenario,iperf_tcp,50,10,,twin_core,361501,0.0,68292608
2026-04-24T21:37:42.589971+00:00,recovery_scenario,iperf_tcp,50,10,,ryu_controller,361493,9.7,62025728
2026-04-24T21:37:42.693385+00:00,recovery_scenario,iperf_tcp,50,10,,twin_core,361501,0.0,68292608
2026-04-24T21:37:42.693385+00:00,recovery_scenario,iperf_tcp,50,10,,ryu_controller,361493,19.3,62025728
2026-04-24T21:37:42.795636+00:00,recovery_scenario,iperf_tcp,50,10,,twin_core,361501,9.8,68292608
2026-04-24T21:37:42.795636+00:00,recovery_scenario,iperf_tcp,50,10,,ryu_controller,361493,9.8,62025728
2026-04-24T21:37:42.896259+00:00,recovery_scenario,iperf_tcp,50,10,,twin_core,361501,0.0,68292608
2026-04-24T21:37:42.896259+00:00,recovery_scenario,iperf_tcp,50,10,,ryu_controller,361493,39.8,62025728
2026-04-24T21:37:42.996822+00:00,recovery_scenario,iperf_tcp,50,10,,twin_core,361501,0.0,68292608
2026-04-24T21:37:42.996822+00:00,recovery_scenario,iperf_tcp,50,10,,ryu_controller,361493,19.9,62025728
2026-04-24T21:37:43.097216+00:00,recovery_scenario,iperf_tcp,50,10,,twin_core,361501,0.0,68292608
2026-04-24T21:37:43.097216+00:00,recovery_scenario,iperf_tcp,50,10,,ryu_controller,361493,39.8,62025728
2026-04-24T21:37:43.197665+00:00,recovery_scenario,iperf_tcp,50,10,,twin_core,361501,9.9,68292608
2026-04-24T21:37:43.197665+00:00,recovery_scenario,iperf_tcp,50,10,,ryu_controller,361493,9.9,62025728
2026-04-24T21:37:43.298169+00:00,recovery_scenario,iperf_tcp,50,10,,twin_core,361501,0.0,68292608
2026-04-24T21:37:43.298169+00:00,recovery_scenario,iperf_tcp,50,10,,ryu_controller,361493,10.0,62025728
2026-04-24T21:37:43.398632+00:00,recovery_scenario,iperf_tcp,50,10,,twin_core,361501,0.0,68292608
2026-04-24T21:37:43.398632+00:00,recovery_scenario,iperf_tcp,50,10,,ryu_controller,361493,0.0,62025728
2026-04-24T21:37:43.499139+00:00,recovery_scenario,iperf_tcp,50,10,,twin_core,361501,0.0,68292608
2026-04-24T21:37:43.499139+00:00,recovery_scenario,iperf_tcp,50,10,,ryu_controller,361493,10.0,62025728
2026-04-24T21:37:43.599590+00:00,recovery_scenario,iperf_tcp,50,10,,twin_core,361501,0.0,68292608
2026-04-24T21:37:43.599590+00:00,recovery_scenario,iperf_tcp,50,10,,ryu_controller,361493,0.0,62025728
2026-04-24T21:37:43.700110+00:00,recovery_scenario,iperf_tcp,50,10,,twin_core,361501,0.0,68292608
2026-04-24T21:37:43.700110+00:00,recovery_scenario,iperf_tcp,50,10,,ryu_controller,361493,29.8,62025728
2026-04-24T21:37:43.800615+00:00,recovery_scenario,iperf_tcp,50,10,,twin_core,361501,0.0,68292608
2026-04-24T21:37:43.800615+00:00,recovery_scenario,iperf_tcp,50,10,,ryu_controller,361493,9.9,62025728
2026-04-24T21:37:43.902438+00:00,recovery_scenario,iperf_tcp,50,10,,twin_core,361501,0.0,68292608
2026-04-24T21:37:43.902438+00:00,recovery_scenario,iperf_tcp,50,10,,ryu_controller,361493,9.8,62025728
2026-04-24T21:37:44.004190+00:00,recovery_scenario,iperf_tcp,50,10,,twin_core,361501,0.0,68292608
2026-04-24T21:37:44.004190+00:00,recovery_scenario,iperf_tcp,50,10,,ryu_controller,361493,9.8,62025728
2026-04-24T21:37:44.104625+00:00,recovery_scenario,iperf_tcp,50,10,,twin_core,361501,10.0,68292608
2026-04-24T21:37:44.104625+00:00,recovery_scenario,iperf_tcp,50,10,,ryu_controller,361493,0.0,62025728
2026-04-24T21:37:44.207272+00:00,recovery_scenario,iperf_tcp,50,10,,twin_core,361501,0.0,68292608
2026-04-24T21:37:44.207272+00:00,recovery_scenario,iperf_tcp,50,10,,ryu_controller,361493,9.7,62025728
2026-04-24T21:37:44.307733+00:00,recovery_scenario,iperf_tcp,50,10,,twin_core,361501,0.0,68292608
2026-04-24T21:37:44.307733+00:00,recovery_scenario,iperf_tcp,50,10,,ryu_controller,361493,10.0,62025728
2026-04-24T21:37:44.408129+00:00,recovery_scenario,iperf_tcp,50,10,,twin_core,361501,0.0,68292608
2026-04-24T21:37:44.408129+00:00,recovery_scenario,iperf_tcp,50,10,,ryu_controller,361493,10.0,62025728
2026-04-24T21:37:44.509288+00:00,recovery_scenario,iperf_tcp,50,10,,twin_core,361501,0.0,68292608
2026-04-24T21:37:44.509288+00:00,recovery_scenario,iperf_tcp,50,10,,ryu_controller,361493,9.9,62025728
2026-04-24T21:37:44.610959+00:00,recovery_scenario,iperf_tcp,50,10,,twin_core,361501,0.0,68292608
2026-04-24T21:37:44.610959+00:00,recovery_scenario,iperf_tcp,50,10,,ryu_controller,361493,0.0,62025728
2026-04-24T21:37:44.711453+00:00,recovery_scenario,iperf_tcp,50,10,,twin_core,361501,10.0,68292608
2026-04-24T21:37:44.711453+00:00,recovery_scenario,iperf_tcp,50,10,,ryu_controller,361493,9.9,62025728
2026-04-24T21:37:44.812169+00:00,recovery_scenario,iperf_tcp,50,10,,twin_core,361501,0.0,68292608
2026-04-24T21:37:44.812169+00:00,recovery_scenario,iperf_tcp,50,10,,ryu_controller,361493,9.9,62025728
2026-04-24T21:37:44.913133+00:00,recovery_scenario,iperf_tcp,50,10,,twin_core,361501,9.9,68292608
2026-04-24T21:37:44.913133+00:00,recovery_scenario,iperf_tcp,50,10,,ryu_controller,361493,49.3,62033920
2026-04-24T21:37:45.014046+00:00,recovery_scenario,iperf_tcp,50,10,,twin_core,361501,9.9,68292608
2026-04-24T21:37:45.014046+00:00,recovery_scenario,iperf_tcp,50,10,,ryu_controller,361493,89.6,62054400
2026-04-24T21:37:45.114476+00:00,recovery_scenario,iperf_tcp,50,10,,twin_core,361501,0.0,68337664
2026-04-24T21:37:45.114476+00:00,recovery_scenario,iperf_tcp,50,10,,ryu_controller,361493,69.7,62054400
2026-04-24T21:37:45.214968+00:00,recovery_scenario,iperf_tcp,50,10,,twin_core,361501,9.9,68337664
2026-04-24T21:37:45.214968+00:00,recovery_scenario,iperf_tcp,50,10,,ryu_controller,361493,29.8,62054400
2026-04-24T21:37:45.315651+00:00,recovery_scenario,iperf_tcp,50,10,,twin_core,361501,0.0,68337664
2026-04-24T21:37:45.315651+00:00,recovery_scenario,iperf_tcp,50,10,,ryu_controller,361493,9.9,62054400
2026-04-24T21:37:45.416189+00:00,recovery_scenario,iperf_tcp,50,10,,twin_core,361501,0.0,68337664
2026-04-24T21:37:45.416189+00:00,recovery_scenario,iperf_tcp,50,10,,ryu_controller,361493,10.0,62054400
2026-04-24T21:37:45.516585+00:00,recovery_scenario,iperf_tcp,50,10,,twin_core,361501,0.0,68337664
2026-04-24T21:37:45.516585+00:00,recovery_scenario,iperf_tcp,50,10,,ryu_controller,361493,10.0,62054400
2026-04-24T21:37:45.617035+00:00,recovery_scenario,iperf_tcp,50,10,,twin_core,361501,0.0,68337664
2026-04-24T21:37:45.617035+00:00,recovery_scenario,iperf_tcp,50,10,,ryu_controller,361493,19.9,62054400
2026-04-24T21:37:45.718692+00:00,recovery_scenario,iperf_tcp,50,10,,twin_core,361501,0.0,68337664
2026-04-24T21:37:45.718692+00:00,recovery_scenario,iperf_tcp,50,10,,ryu_controller,361493,9.8,62054400
2026-04-24T21:37:45.822930+00:00,recovery_scenario,iperf_tcp,50,10,,twin_core,361501,0.0,68337664
2026-04-24T21:37:45.822930+00:00,recovery_scenario,iperf_tcp,50,10,,ryu_controller,361493,9.6,62054400
2026-04-24T21:37:45.923411+00:00,recovery_scenario,iperf_tcp,50,10,,twin_core,361501,0.0,68337664
2026-04-24T21:37:45.923411+00:00,recovery_scenario,iperf_tcp,50,10,,ryu_controller,361493,9.9,62054400
2026-04-24T21:37:46.024671+00:00,recovery_scenario,iperf_tcp,50,10,,twin_core,361501,0.0,68337664
2026-04-24T21:37:46.024671+00:00,recovery_scenario,iperf_tcp,50,10,,ryu_controller,361493,0.0,62054400
2026-04-24T21:37:46.128413+00:00,recovery_scenario,iperf_tcp,50,10,,twin_core,361501,0.0,68337664
2026-04-24T21:37:46.128413+00:00,recovery_scenario,iperf_tcp,50,10,,ryu_controller,361493,9.6,62054400
2026-04-24T21:37:46.229855+00:00,recovery_scenario,iperf_tcp,50,10,,twin_core,361501,0.0,68337664
2026-04-24T21:37:46.229855+00:00,recovery_scenario,iperf_tcp,50,10,,ryu_controller,361493,9.9,62054400
2026-04-24T21:37:46.333501+00:00,recovery_scenario,iperf_tcp,50,10,,twin_core,361501,0.0,68337664
2026-04-24T21:37:46.333501+00:00,recovery_scenario,iperf_tcp,50,10,,ryu_controller,361493,0.0,62054400
2026-04-24T21:37:46.437237+00:00,recovery_scenario,iperf_tcp,50,10,,twin_core,361501,0.0,68337664
2026-04-24T21:37:46.437237+00:00,recovery_scenario,iperf_tcp,50,10,,ryu_controller,361493,0.0,62054400
2026-04-24T21:37:46.537998+00:00,recovery_scenario,iperf_tcp,50,10,,twin_core,361501,0.0,68337664
2026-04-24T21:37:46.537998+00:00,recovery_scenario,iperf_tcp,50,10,,ryu_controller,361493,0.0,62054400
2026-04-24T21:37:46.638513+00:00,recovery_scenario,iperf_tcp,50,10,,twin_core,361501,0.0,68337664
2026-04-24T21:37:46.638513+00:00,recovery_scenario,iperf_tcp,50,10,,ryu_controller,361493,29.8,62054400
2026-04-24T21:37:46.681556+00:00,recovery_scenario,iperf_tcp,50,10,pingall_completed,,,,
2026-04-24T21:37:46.742676+00:00,recovery_scenario,iperf_tcp,50,10,,twin_core,361501,9.6,68337664
2026-04-24T21:37:46.742676+00:00,recovery_scenario,iperf_tcp,50,10,,ryu_controller,361493,0.0,62054400
2026-04-24T21:37:46.852897+00:00,recovery_scenario,iperf_tcp,50,10,,twin_core,361501,0.0,68337664
2026-04-24T21:37:46.852897+00:00,recovery_scenario,iperf_tcp,50,10,,ryu_controller,361493,9.1,62054400
2026-04-24T21:37:46.961366+00:00,recovery_scenario,iperf_tcp,50,10,,twin_core,361501,0.0,68337664
2026-04-24T21:37:46.961366+00:00,recovery_scenario,iperf_tcp,50,10,,ryu_controller,361493,0.0,62054400
2026-04-24T21:37:47.062122+00:00,recovery_scenario,iperf_tcp,50,10,,twin_core,361501,0.0,68337664
2026-04-24T21:37:47.062122+00:00,recovery_scenario,iperf_tcp,50,10,,ryu_controller,361493,39.8,62054400
2026-04-24T21:37:47.163138+00:00,recovery_scenario,iperf_tcp,50,10,,twin_core,361501,19.8,68358144
2026-04-24T21:37:47.163138+00:00,recovery_scenario,iperf_tcp,50,10,,ryu_controller,361493,79.1,62070784
2026-04-24T21:37:47.266015+00:00,recovery_scenario,iperf_tcp,50,10,,twin_core,361501,0.0,68358144
2026-04-24T21:37:47.266015+00:00,recovery_scenario,iperf_tcp,50,10,,ryu_controller,361493,48.6,62070784
2026-04-24T21:37:47.368160+00:00,recovery_scenario,iperf_tcp,50,10,,twin_core,361501,0.0,68358144
2026-04-24T21:37:47.368160+00:00,recovery_scenario,iperf_tcp,50,10,,ryu_controller,361493,0.0,62070784
2026-04-24T21:37:47.481764+00:00,recovery_scenario,iperf_tcp,50,10,,twin_core,361501,0.0,68358144
2026-04-24T21:37:47.481764+00:00,recovery_scenario,iperf_tcp,50,10,,ryu_controller,361493,0.0,62070784
2026-04-24T21:37:47.596422+00:00,recovery_scenario,iperf_tcp,50,10,,twin_core,361501,8.7,68358144
2026-04-24T21:37:47.596422+00:00,recovery_scenario,iperf_tcp,50,10,,ryu_controller,361493,8.7,62070784
2026-04-24T21:37:47.704155+00:00,recovery_scenario,iperf_tcp,50,10,,twin_core,361501,0.0,68358144
2026-04-24T21:37:47.704155+00:00,recovery_scenario,iperf_tcp,50,10,,ryu_controller,361493,0.0,62070784
2026-04-24T21:37:47.804810+00:00,recovery_scenario,iperf_tcp,50,10,,twin_core,361501,0.0,68358144
2026-04-24T21:37:47.804810+00:00,recovery_scenario,iperf_tcp,50,10,,ryu_controller,361493,0.0,62070784
2026-04-24T21:37:47.905372+00:00,recovery_scenario,iperf_tcp,50,10,,twin_core,361501,0.0,68358144
2026-04-24T21:37:47.905372+00:00,recovery_scenario,iperf_tcp,50,10,,ryu_controller,361493,0.0,62070784
2026-04-24T21:37:48.005833+00:00,recovery_scenario,iperf_tcp,50,10,,twin_core,361501,0.0,68358144
2026-04-24T21:37:48.005833+00:00,recovery_scenario,iperf_tcp,50,10,,ryu_controller,361493,0.0,62070784
2026-04-24T21:37:48.106351+00:00,recovery_scenario,iperf_tcp,50,10,,twin_core,361501,0.0,68358144
2026-04-24T21:37:48.106351+00:00,recovery_scenario,iperf_tcp,50,10,,ryu_controller,361493,9.9,62070784
2026-04-24T21:37:48.207128+00:00,recovery_scenario,iperf_tcp,50,10,,twin_core,361501,0.0,68358144
2026-04-24T21:37:48.207128+00:00,recovery_scenario,iperf_tcp,50,10,,ryu_controller,361493,0.0,62070784
2026-04-24T21:37:48.308209+00:00,recovery_scenario,iperf_tcp,50,10,,twin_core,361501,0.0,68358144
2026-04-24T21:37:48.308209+00:00,recovery_scenario,iperf_tcp,50,10,,ryu_controller,361493,0.0,62070784
2026-04-24T21:37:48.411566+00:00,recovery_scenario,iperf_tcp,50,10,,twin_core,361501,0.0,68358144
2026-04-24T21:37:48.411566+00:00,recovery_scenario,iperf_tcp,50,10,,ryu_controller,361493,9.7,62070784
2026-04-24T21:37:48.514434+00:00,recovery_scenario,iperf_tcp,50,10,,twin_core,361501,0.0,68358144
2026-04-24T21:37:48.514434+00:00,recovery_scenario,iperf_tcp,50,10,,ryu_controller,361493,0.0,62070784
2026-04-24T21:37:48.615047+00:00,recovery_scenario,iperf_tcp,50,10,,twin_core,361501,0.0,68358144
2026-04-24T21:37:48.615047+00:00,recovery_scenario,iperf_tcp,50,10,,ryu_controller,361493,9.9,62070784
2026-04-24T21:37:48.705044+00:00,recovery_scenario,iperf_tcp,50,10,background_traffic_started,,,,
2026-04-24T21:37:48.716772+00:00,recovery_scenario,iperf_tcp,50,10,,twin_core,361501,9.8,68358144
2026-04-24T21:37:48.716772+00:00,recovery_scenario,iperf_tcp,50,10,,ryu_controller,361493,0.0,62070784
2026-04-24T21:37:48.817141+00:00,recovery_scenario,iperf_tcp,50,10,,twin_core,361501,0.0,68358144
2026-04-24T21:37:48.817141+00:00,recovery_scenario,iperf_tcp,50,10,,ryu_controller,361493,39.8,62070784
2026-04-24T21:37:48.917550+00:00,recovery_scenario,iperf_tcp,50,10,,twin_core,361501,10.0,68358144
2026-04-24T21:37:48.917550+00:00,recovery_scenario,iperf_tcp,50,10,,ryu_controller,361493,39.8,62070784
2026-04-24T21:37:48.932238+00:00,recovery_scenario,iperf_tcp,50,10,fault_injected,,,,
2026-04-24T21:37:49.018555+00:00,recovery_scenario,iperf_tcp,50,10,,twin_core,361501,9.9,68366336
2026-04-24T21:37:49.018555+00:00,recovery_scenario,iperf_tcp,50,10,,ryu_controller,361493,59.4,62070784
2026-04-24T21:37:49.119008+00:00,recovery_scenario,iperf_tcp,50,10,,twin_core,361501,0.0,68366336
2026-04-24T21:37:49.119008+00:00,recovery_scenario,iperf_tcp,50,10,,ryu_controller,361493,79.6,62070784
2026-04-24T21:37:49.219481+00:00,recovery_scenario,iperf_tcp,50,10,,twin_core,361501,0.0,68366336
2026-04-24T21:37:49.219481+00:00,recovery_scenario,iperf_tcp,50,10,,ryu_controller,361493,89.5,62070784
2026-04-24T21:37:49.320084+00:00,recovery_scenario,iperf_tcp,50,10,,twin_core,361501,0.0,68366336
2026-04-24T21:37:49.320084+00:00,recovery_scenario,iperf_tcp,50,10,,ryu_controller,361493,99.7,62070784
2026-04-24T21:37:49.420446+00:00,recovery_scenario,iperf_tcp,50,10,,twin_core,361501,9.9,68366336
2026-04-24T21:37:49.420446+00:00,recovery_scenario,iperf_tcp,50,10,,ryu_controller,361493,98.8,62070784
2026-04-24T21:37:49.522688+00:00,recovery_scenario,iperf_tcp,50,10,,twin_core,361501,0.0,68366336
2026-04-24T21:37:49.522688+00:00,recovery_scenario,iperf_tcp,50,10,,ryu_controller,361493,98.5,62070784
2026-04-24T21:37:49.623171+00:00,recovery_scenario,iperf_tcp,50,10,,twin_core,361501,0.0,68366336
2026-04-24T21:37:49.623171+00:00,recovery_scenario,iperf_tcp,50,10,,ryu_controller,361493,99.6,62070784
2026-04-24T21:37:49.723903+00:00,recovery_scenario,iperf_tcp,50,10,,twin_core,361501,0.0,68366336
2026-04-24T21:37:49.723903+00:00,recovery_scenario,iperf_tcp,50,10,,ryu_controller,361493,99.3,62070784
2026-04-24T21:37:49.824387+00:00,recovery_scenario,iperf_tcp,50,10,,twin_core,361501,0.0,68366336
2026-04-24T21:37:49.824387+00:00,recovery_scenario,iperf_tcp,50,10,,ryu_controller,361493,89.2,62070784
2026-04-24T21:37:49.925385+00:00,recovery_scenario,iperf_tcp,50,10,,twin_core,361501,0.0,68366336
2026-04-24T21:37:49.925385+00:00,recovery_scenario,iperf_tcp,50,10,,ryu_controller,361493,99.4,62070784
2026-04-24T21:37:50.026425+00:00,recovery_scenario,iperf_tcp,50,10,,twin_core,361501,0.0,68366336
2026-04-24T21:37:50.026425+00:00,recovery_scenario,iperf_tcp,50,10,,ryu_controller,361493,98.9,62070784
2026-04-24T21:37:50.127580+00:00,recovery_scenario,iperf_tcp,50,10,,twin_core,361501,0.0,68366336
2026-04-24T21:37:50.127580+00:00,recovery_scenario,iperf_tcp,50,10,,ryu_controller,361493,79.1,62070784
2026-04-24T21:37:50.228017+00:00,recovery_scenario,iperf_tcp,50,10,,twin_core,361501,0.0,68366336
2026-04-24T21:37:50.228017+00:00,recovery_scenario,iperf_tcp,50,10,,ryu_controller,361493,89.7,62070784
2026-04-24T21:37:50.329198+00:00,recovery_scenario,iperf_tcp,50,10,,twin_core,361501,9.9,68366336
2026-04-24T21:37:50.329198+00:00,recovery_scenario,iperf_tcp,50,10,,ryu_controller,361493,79.0,62070784
2026-04-24T21:37:50.430973+00:00,recovery_scenario,iperf_tcp,50,10,,twin_core,361501,0.0,68366336
2026-04-24T21:37:50.430973+00:00,recovery_scenario,iperf_tcp,50,10,,ryu_controller,361493,39.3,62070784
2026-04-24T21:37:50.531403+00:00,recovery_scenario,iperf_tcp,50,10,,twin_core,361501,19.9,68366336
2026-04-24T21:37:50.531403+00:00,recovery_scenario,iperf_tcp,50,10,,ryu_controller,361493,49.8,62070784
2026-04-24T21:37:50.580346+00:00,recovery_scenario,iperf_tcp,50,10,recovery_requested,,,,
2026-04-24T21:37:50.631893+00:00,recovery_scenario,iperf_tcp,50,10,,twin_core,361501,9.9,68366336
2026-04-24T21:37:50.631893+00:00,recovery_scenario,iperf_tcp,50,10,,ryu_controller,361493,49.7,62070784
2026-04-24T21:37:50.733005+00:00,recovery_scenario,iperf_tcp,50,10,,twin_core,361501,0.0,68366336
2026-04-24T21:37:50.733005+00:00,recovery_scenario,iperf_tcp,50,10,,ryu_controller,361493,59.3,62070784
2026-04-24T21:37:50.833567+00:00,recovery_scenario,iperf_tcp,50,10,,twin_core,361501,0.0,68366336
2026-04-24T21:37:50.833567+00:00,recovery_scenario,iperf_tcp,50,10,,ryu_controller,361493,79.6,62070784
2026-04-24T21:37:50.934189+00:00,recovery_scenario,iperf_tcp,50,10,,twin_core,361501,0.0,68366336
2026-04-24T21:37:50.934189+00:00,recovery_scenario,iperf_tcp,50,10,,ryu_controller,361493,99.5,62070784
2026-04-24T21:37:51.034823+00:00,recovery_scenario,iperf_tcp,50,10,,twin_core,361501,0.0,68366336
2026-04-24T21:37:51.034823+00:00,recovery_scenario,iperf_tcp,50,10,,ryu_controller,361493,89.4,62070784
2026-04-24T21:37:51.137131+00:00,recovery_scenario,iperf_tcp,50,10,,twin_core,361501,0.0,68366336
2026-04-24T21:37:51.137131+00:00,recovery_scenario,iperf_tcp,50,10,,ryu_controller,361493,97.4,62070784
2026-04-24T21:37:51.238398+00:00,recovery_scenario,iperf_tcp,50,10,,twin_core,361501,0.0,68366336
2026-04-24T21:37:51.238398+00:00,recovery_scenario,iperf_tcp,50,10,,ryu_controller,361493,89.1,62070784
2026-04-24T21:37:51.339865+00:00,recovery_scenario,iperf_tcp,50,10,,twin_core,361501,0.0,68366336
2026-04-24T21:37:51.339865+00:00,recovery_scenario,iperf_tcp,50,10,,ryu_controller,361493,78.5,62070784
2026-04-24T21:37:51.441042+00:00,recovery_scenario,iperf_tcp,50,10,,twin_core,361501,0.0,68366336
2026-04-24T21:37:51.441042+00:00,recovery_scenario,iperf_tcp,50,10,,ryu_controller,361493,99.2,62070784
2026-04-24T21:37:51.542296+00:00,recovery_scenario,iperf_tcp,50,10,,twin_core,361501,0.0,68366336
2026-04-24T21:37:51.542296+00:00,recovery_scenario,iperf_tcp,50,10,,ryu_controller,361493,88.8,62070784
2026-04-24T21:37:51.645765+00:00,recovery_scenario,iperf_tcp,50,10,,twin_core,361501,0.0,68366336
2026-04-24T21:37:51.645765+00:00,recovery_scenario,iperf_tcp,50,10,,ryu_controller,361493,96.8,62070784
2026-04-24T21:37:51.746132+00:00,recovery_scenario,iperf_tcp,50,10,,twin_core,361501,0.0,68366336
2026-04-24T21:37:51.746132+00:00,recovery_scenario,iperf_tcp,50,10,,ryu_controller,361493,99.6,62070784
2026-04-24T21:37:51.846536+00:00,recovery_scenario,iperf_tcp,50,10,,twin_core,361501,0.0,68366336
2026-04-24T21:37:51.846536+00:00,recovery_scenario,iperf_tcp,50,10,,ryu_controller,361493,89.6,62070784
2026-04-24T21:37:51.946987+00:00,recovery_scenario,iperf_tcp,50,10,,twin_core,361501,0.0,68366336
2026-04-24T21:37:51.946987+00:00,recovery_scenario,iperf_tcp,50,10,,ryu_controller,361493,109.6,62070784
2026-04-24T21:37:52.047363+00:00,recovery_scenario,iperf_tcp,50,10,,twin_core,361501,0.0,68366336
2026-04-24T21:37:52.047363+00:00,recovery_scenario,iperf_tcp,50,10,,ryu_controller,361493,99.6,62070784
2026-04-24T21:37:52.147881+00:00,recovery_scenario,iperf_tcp,50,10,,twin_core,361501,0.0,68366336
2026-04-24T21:37:52.147881+00:00,recovery_scenario,iperf_tcp,50,10,,ryu_controller,361493,99.5,62070784
2026-04-24T21:37:52.248256+00:00,recovery_scenario,iperf_tcp,50,10,,twin_core,361501,0.0,68366336
2026-04-24T21:37:52.248256+00:00,recovery_scenario,iperf_tcp,50,10,,ryu_controller,361493,89.6,62070784
2026-04-24T21:37:52.348788+00:00,recovery_scenario,iperf_tcp,50,10,,twin_core,361501,0.0,68366336
2026-04-24T21:37:52.348788+00:00,recovery_scenario,iperf_tcp,50,10,,ryu_controller,361493,109.3,62070784
2026-04-24T21:37:52.450369+00:00,recovery_scenario,iperf_tcp,50,10,,twin_core,361501,0.0,68366336
2026-04-24T21:37:52.450369+00:00,recovery_scenario,iperf_tcp,50,10,,ryu_controller,361493,88.4,62070784
2026-04-24T21:37:52.551949+00:00,recovery_scenario,iperf_tcp,50,10,,twin_core,361501,9.8,68366336
2026-04-24T21:37:52.551949+00:00,recovery_scenario,iperf_tcp,50,10,,ryu_controller,361493,108.7,62070784
2026-04-24T21:37:52.652305+00:00,recovery_scenario,iperf_tcp,50,10,,twin_core,361501,10.0,68366336
2026-04-24T21:37:52.652305+00:00,recovery_scenario,iperf_tcp,50,10,,ryu_controller,361493,87.5,62070784
2026-04-24T21:37:52.766148+00:00,recovery_scenario,iperf_tcp,50,10,,twin_core,361501,17.4,68366336
2026-04-24T21:37:52.766148+00:00,recovery_scenario,iperf_tcp,50,10,,ryu_controller,361493,86.5,62070784
2026-04-24T21:37:52.917298+00:00,recovery_scenario,iperf_tcp,50,10,,twin_core,361501,6.6,68366336
2026-04-24T21:37:52.917298+00:00,recovery_scenario,iperf_tcp,50,10,,ryu_controller,361493,99.1,62070784
2026-04-24T21:37:53.018509+00:00,recovery_scenario,iperf_tcp,50,10,,twin_core,361501,0.0,68366336
2026-04-24T21:37:53.018509+00:00,recovery_scenario,iperf_tcp,50,10,,ryu_controller,361493,0.0,62070784
2026-04-24T21:37:53.119176+00:00,recovery_scenario,iperf_tcp,50,10,,twin_core,361501,9.9,68366336
2026-04-24T21:37:53.119176+00:00,recovery_scenario,iperf_tcp,50,10,,ryu_controller,361493,19.9,62070784
2026-04-24T21:37:53.207024+00:00,recovery_scenario,iperf_tcp,50,10,scenario_teardown,,,,
2026-04-24T21:37:53.220201+00:00,recovery_scenario,iperf_tcp,50,10,,twin_core,361501,19.8,68370432
2026-04-24T21:37:53.220201+00:00,recovery_scenario,iperf_tcp,50,10,,ryu_controller,361493,79.2,62070784
2026-04-24T21:37:53.320989+00:00,recovery_scenario,iperf_tcp,50,10,,twin_core,361501,0.0,68370432
2026-04-24T21:37:53.320989+00:00,recovery_scenario,iperf_tcp,50,10,,ryu_controller,361493,29.7,62070784
2026-04-24T21:37:53.421923+00:00,recovery_scenario,iperf_tcp,50,10,,twin_core,361501,0.0,68370432
2026-04-24T21:37:53.421923+00:00,recovery_scenario,iperf_tcp,50,10,,ryu_controller,361493,19.9,62070784
2026-04-24T21:37:53.522471+00:00,recovery_scenario,iperf_tcp,50,10,,twin_core,361501,9.9,68370432
2026-04-24T21:37:53.522471+00:00,recovery_scenario,iperf_tcp,50,10,,ryu_controller,361493,19.9,62070784
2026-04-24T21:37:53.623017+00:00,recovery_scenario,iperf_tcp,50,10,,twin_core,361501,0.0,68370432
2026-04-24T21:37:53.623017+00:00,recovery_scenario,iperf_tcp,50,10,,ryu_controller,361493,0.0,62070784
