timestamp,scenario_name,background_traffic,background_load_percent,repeat_index,event_name,process_name,pid,cpu_percent,rss_bytes,ctx_switches_voluntary,ctx_switches_involuntary,ctx_switches_total,ctx_switches_delta,ctx_switches_per_second
2026-04-25T09:26:00.306340+00:00,recovery_scenario,iperf_tcp,50,1,,twin_core,467944,0.0,65171456,388,37,425,0,0.0
2026-04-25T09:26:00.306340+00:00,recovery_scenario,iperf_tcp,50,1,,ryu_controller,467937,0.0,57663488,7,5,12,0,0.0
2026-04-25T09:26:00.408113+00:00,recovery_scenario,iperf_tcp,50,1,,twin_core,467944,0.0,65224704,407,41,448,23,228.9063
2026-04-25T09:26:00.408113+00:00,recovery_scenario,iperf_tcp,50,1,,ryu_controller,467937,19.9,58007552,15,13,28,16,158.8843
2026-04-25T09:26:00.508954+00:00,recovery_scenario,iperf_tcp,50,1,,twin_core,467944,19.8,65228800,482,43,525,77,763.9326
2026-04-25T09:26:00.508954+00:00,recovery_scenario,iperf_tcp,50,1,,ryu_controller,467937,29.8,58023936,22,17,39,11,109.3831
2026-04-25T09:26:00.610071+00:00,recovery_scenario,iperf_tcp,50,1,,twin_core,467944,9.9,65228800,550,47,597,72,712.1428
2026-04-25T09:26:00.610071+00:00,recovery_scenario,iperf_tcp,50,1,,ryu_controller,467937,29.5,58032128,47,21,68,29,284.6784
2026-04-25T09:26:00.658200+00:00,recovery_scenario,iperf_tcp,50,1,service_started,,,,,,,,,
2026-04-25T09:26:00.711858+00:00,recovery_scenario,iperf_tcp,50,1,,twin_core,467944,9.8,65892352,588,48,636,39,383.1215
2026-04-25T09:26:00.711858+00:00,recovery_scenario,iperf_tcp,50,1,,ryu_controller,467937,59.4,58130432,97,21,118,50,494.9449
2026-04-25T09:26:00.817343+00:00,recovery_scenario,iperf_tcp,50,1,,twin_core,467944,9.5,66023424,589,48,637,1,9.4529
2026-04-25T09:26:00.817343+00:00,recovery_scenario,iperf_tcp,50,1,,ryu_controller,467937,18.9,58146816,120,21,141,23,217.1845
2026-04-25T09:26:00.918335+00:00,recovery_scenario,iperf_tcp,50,1,,twin_core,467944,0.0,66023424,589,48,637,0,0.0
2026-04-25T09:26:00.918335+00:00,recovery_scenario,iperf_tcp,50,1,,ryu_controller,467937,29.8,58159104,151,21,172,31,307.5122
2026-04-25T09:26:01.019184+00:00,recovery_scenario,iperf_tcp,50,1,,twin_core,467944,0.0,66023424,589,48,637,0,0.0
2026-04-25T09:26:01.019184+00:00,recovery_scenario,iperf_tcp,50,1,,ryu_controller,467937,29.7,58171392,173,21,194,22,217.7155
2026-04-25T09:26:01.121210+00:00,recovery_scenario,iperf_tcp,50,1,,twin_core,467944,0.0,66023424,589,48,637,0,0.0
2026-04-25T09:26:01.121210+00:00,recovery_scenario,iperf_tcp,50,1,,ryu_controller,467937,9.8,58171392,196,21,217,23,226.0557
2026-04-25T09:26:01.221809+00:00,recovery_scenario,iperf_tcp,50,1,,twin_core,467944,0.0,66023424,589,48,637,0,0.0
2026-04-25T09:26:01.221809+00:00,recovery_scenario,iperf_tcp,50,1,,ryu_controller,467937,19.9,58183680,210,21,231,14,139.224
2026-04-25T09:26:01.322400+00:00,recovery_scenario,iperf_tcp,50,1,,twin_core,467944,0.0,66023424,589,48,637,0,0.0
2026-04-25T09:26:01.322400+00:00,recovery_scenario,iperf_tcp,50,1,,ryu_controller,467937,19.9,58187776,233,21,254,23,228.4175
2026-04-25T09:26:01.423050+00:00,recovery_scenario,iperf_tcp,50,1,,twin_core,467944,0.0,66023424,589,48,637,0,0.0
2026-04-25T09:26:01.423050+00:00,recovery_scenario,iperf_tcp,50,1,,ryu_controller,467937,10.0,58191872,245,21,266,12,119.4683
2026-04-25T09:26:01.523572+00:00,recovery_scenario,iperf_tcp,50,1,,twin_core,467944,0.0,66023424,589,48,637,0,0.0
2026-04-25T09:26:01.523572+00:00,recovery_scenario,iperf_tcp,50,1,,ryu_controller,467937,19.9,58191872,262,21,283,17,168.9958
2026-04-25T09:26:01.625112+00:00,recovery_scenario,iperf_tcp,50,1,,twin_core,467944,0.0,66023424,589,48,637,0,0.0
2026-04-25T09:26:01.625112+00:00,recovery_scenario,iperf_tcp,50,1,,ryu_controller,467937,19.7,58191872,272,21,293,10,98.5677
2026-04-25T09:26:01.725702+00:00,recovery_scenario,iperf_tcp,50,1,,twin_core,467944,0.0,66023424,589,48,637,0,0.0
2026-04-25T09:26:01.725702+00:00,recovery_scenario,iperf_tcp,50,1,,ryu_controller,467937,19.9,58195968,306,21,327,34,337.7533
2026-04-25T09:26:01.826231+00:00,recovery_scenario,iperf_tcp,50,1,,twin_core,467944,0.0,66023424,589,48,637,0,0.0
2026-04-25T09:26:01.826231+00:00,recovery_scenario,iperf_tcp,50,1,,ryu_controller,467937,19.9,58208256,337,21,358,31,307.9452
2026-04-25T09:26:01.926917+00:00,recovery_scenario,iperf_tcp,50,1,,twin_core,467944,0.0,66023424,589,48,637,0,0.0
2026-04-25T09:26:01.926917+00:00,recovery_scenario,iperf_tcp,50,1,,ryu_controller,467937,19.9,58216448,358,21,379,21,208.8687
2026-04-25T09:26:02.028869+00:00,recovery_scenario,iperf_tcp,50,1,,twin_core,467944,0.0,66023424,589,48,637,0,0.0
2026-04-25T09:26:02.028869+00:00,recovery_scenario,iperf_tcp,50,1,,ryu_controller,467937,19.6,58224640,382,22,404,25,245.3015
2026-04-25T09:26:02.129785+00:00,recovery_scenario,iperf_tcp,50,1,,twin_core,467944,0.0,66023424,589,48,637,0,0.0
2026-04-25T09:26:02.129785+00:00,recovery_scenario,iperf_tcp,50,1,,ryu_controller,467937,69.4,58339328,430,22,452,48,475.5819
2026-04-25T09:26:02.230261+00:00,recovery_scenario,iperf_tcp,50,1,,twin_core,467944,0.0,66023424,589,48,637,0,0.0
2026-04-25T09:26:02.230261+00:00,recovery_scenario,iperf_tcp,50,1,,ryu_controller,467937,19.9,58339328,457,22,479,27,268.7807
2026-04-25T09:26:02.330922+00:00,recovery_scenario,iperf_tcp,50,1,,twin_core,467944,9.9,66023424,589,48,637,0,0.0
2026-04-25T09:26:02.330922+00:00,recovery_scenario,iperf_tcp,50,1,,ryu_controller,467937,19.9,58339328,478,22,500,21,208.5864
2026-04-25T09:26:02.431678+00:00,recovery_scenario,iperf_tcp,50,1,,twin_core,467944,0.0,66023424,589,48,637,0,0.0
2026-04-25T09:26:02.431678+00:00,recovery_scenario,iperf_tcp,50,1,,ryu_controller,467937,9.9,58339328,489,22,511,11,109.1456
2026-04-25T09:26:02.532221+00:00,recovery_scenario,iperf_tcp,50,1,,twin_core,467944,0.0,66023424,589,48,637,0,0.0
2026-04-25T09:26:02.532221+00:00,recovery_scenario,iperf_tcp,50,1,,ryu_controller,467937,19.9,58343424,507,22,529,18,179.0443
2026-04-25T09:26:02.633017+00:00,recovery_scenario,iperf_tcp,50,1,,twin_core,467944,0.0,66023424,589,48,637,0,0.0
2026-04-25T09:26:02.633017+00:00,recovery_scenario,iperf_tcp,50,1,,ryu_controller,467937,19.8,58347520,536,22,558,29,287.6935
2026-04-25T09:26:02.733492+00:00,recovery_scenario,iperf_tcp,50,1,,twin_core,467944,0.0,66023424,589,48,637,0,0.0
2026-04-25T09:26:02.733492+00:00,recovery_scenario,iperf_tcp,50,1,,ryu_controller,467937,10.0,58351616,552,22,574,16,159.2537
2026-04-25T09:26:02.834458+00:00,recovery_scenario,iperf_tcp,50,1,,twin_core,467944,19.8,66084864,596,48,644,7,69.3196
2026-04-25T09:26:02.834458+00:00,recovery_scenario,iperf_tcp,50,1,,ryu_controller,467937,49.5,58376192,607,22,629,55,544.6916
2026-04-25T09:26:02.935346+00:00,recovery_scenario,iperf_tcp,50,1,,twin_core,467944,0.0,66084864,599,48,647,3,29.734
2026-04-25T09:26:02.935346+00:00,recovery_scenario,iperf_tcp,50,1,,ryu_controller,467937,19.8,58380288,631,22,653,24,237.2263
2026-04-25T09:26:03.036147+00:00,recovery_scenario,iperf_tcp,50,1,,twin_core,467944,0.0,66084864,604,48,652,5,49.6282
2026-04-25T09:26:03.036147+00:00,recovery_scenario,iperf_tcp,50,1,,ryu_controller,467937,9.9,58380288,644,22,666,13,129.4028
2026-04-25T09:26:03.136614+00:00,recovery_scenario,iperf_tcp,50,1,,twin_core,467944,0.0,66084864,607,48,655,3,29.8419
2026-04-25T09:26:03.136614+00:00,recovery_scenario,iperf_tcp,50,1,,ryu_controller,467937,9.9,58380288,671,22,693,27,268.5115
2026-04-25T09:26:03.237189+00:00,recovery_scenario,iperf_tcp,50,1,,twin_core,467944,0.0,66084864,610,48,658,3,29.8171
2026-04-25T09:26:03.237189+00:00,recovery_scenario,iperf_tcp,50,1,,ryu_controller,467937,0.0,58380288,678,22,700,7,69.4467
2026-04-25T09:26:03.338003+00:00,recovery_scenario,iperf_tcp,50,1,,twin_core,467944,0.0,66084864,610,48,658,0,0.0
2026-04-25T09:26:03.338003+00:00,recovery_scenario,iperf_tcp,50,1,,ryu_controller,467937,9.9,58380288,687,22,709,9,89.4851
2026-04-25T09:26:03.440437+00:00,recovery_scenario,iperf_tcp,50,1,,twin_core,467944,0.0,66084864,613,48,661,3,29.171
2026-04-25T09:26:03.440437+00:00,recovery_scenario,iperf_tcp,50,1,,ryu_controller,467937,0.0,58384384,698,22,720,11,106.7081
2026-04-25T09:26:03.541726+00:00,recovery_scenario,iperf_tcp,50,1,,twin_core,467944,9.9,66084864,619,48,667,6,59.4541
2026-04-25T09:26:03.541726+00:00,recovery_scenario,iperf_tcp,50,1,,ryu_controller,467937,9.9,58384384,704,22,726,6,59.587
2026-04-25T09:26:03.642278+00:00,recovery_scenario,iperf_tcp,50,1,,twin_core,467944,0.0,66084864,625,48,673,6,59.7282
2026-04-25T09:26:03.642278+00:00,recovery_scenario,iperf_tcp,50,1,,ryu_controller,467937,10.0,58400768,730,22,752,26,258.9307
2026-04-25T09:26:03.743795+00:00,recovery_scenario,iperf_tcp,50,1,,twin_core,467944,0.0,66084864,628,48,676,3,29.5119
2026-04-25T09:26:03.743795+00:00,recovery_scenario,iperf_tcp,50,1,,ryu_controller,467937,9.8,58408960,746,22,768,16,157.2702
2026-04-25T09:26:03.844461+00:00,recovery_scenario,iperf_tcp,50,1,,twin_core,467944,0.0,66084864,631,48,679,3,29.8064
2026-04-25T09:26:03.844461+00:00,recovery_scenario,iperf_tcp,50,1,,ryu_controller,467937,19.9,58408960,773,22,795,27,268.4082
2026-04-25T09:26:03.945108+00:00,recovery_scenario,iperf_tcp,50,1,,twin_core,467944,0.0,66084864,634,48,682,3,29.835
2026-04-25T09:26:03.945108+00:00,recovery_scenario,iperf_tcp,50,1,,ryu_controller,467937,9.9,58408960,782,22,804,9,89.5132
2026-04-25T09:26:04.045648+00:00,recovery_scenario,iperf_tcp,50,1,,twin_core,467944,0.0,66084864,640,48,688,6,59.6526
2026-04-25T09:26:04.045648+00:00,recovery_scenario,iperf_tcp,50,1,,ryu_controller,467937,0.0,58408960,791,22,813,9,89.4722
2026-04-25T09:26:04.146172+00:00,recovery_scenario,iperf_tcp,50,1,,twin_core,467944,0.0,66084864,646,48,694,6,59.7208
2026-04-25T09:26:04.146172+00:00,recovery_scenario,iperf_tcp,50,1,,ryu_controller,467937,39.8,58568704,823,22,845,32,318.5729
2026-04-25T09:26:04.246717+00:00,recovery_scenario,iperf_tcp,50,1,,twin_core,467944,0.0,66084864,649,48,697,3,29.8141
2026-04-25T09:26:04.246717+00:00,recovery_scenario,iperf_tcp,50,1,,ryu_controller,467937,39.7,58687488,856,22,878,33,327.8296
2026-04-25T09:26:04.348935+00:00,recovery_scenario,iperf_tcp,50,1,,twin_core,467944,0.0,66084864,652,48,700,3,29.355
2026-04-25T09:26:04.348935+00:00,recovery_scenario,iperf_tcp,50,1,,ryu_controller,467937,9.8,58687488,864,22,886,8,78.2903
2026-04-25T09:26:04.449466+00:00,recovery_scenario,iperf_tcp,50,1,,twin_core,467944,0.0,66084864,652,48,700,0,0.0
2026-04-25T09:26:04.449466+00:00,recovery_scenario,iperf_tcp,50,1,,ryu_controller,467937,9.9,58687488,872,22,894,8,79.5884
2026-04-25T09:26:04.551647+00:00,recovery_scenario,iperf_tcp,50,1,,twin_core,467944,0.0,66084864,655,48,703,3,29.3523
2026-04-25T09:26:04.551647+00:00,recovery_scenario,iperf_tcp,50,1,,ryu_controller,467937,9.8,58687488,883,22,905,11,107.6108
2026-04-25T09:26:04.652220+00:00,recovery_scenario,iperf_tcp,50,1,,twin_core,467944,9.9,66084864,661,48,709,6,59.6571
2026-04-25T09:26:04.652220+00:00,recovery_scenario,iperf_tcp,50,1,,ryu_controller,467937,0.0,58687488,886,22,908,3,29.8164
2026-04-25T09:26:04.752862+00:00,recovery_scenario,iperf_tcp,50,1,,twin_core,467944,0.0,66084864,669,48,717,8,79.5552
2026-04-25T09:26:04.752862+00:00,recovery_scenario,iperf_tcp,50,1,,ryu_controller,467937,19.9,58687488,907,22,929,21,208.9542
2026-04-25T09:26:04.853323+00:00,recovery_scenario,iperf_tcp,50,1,,twin_core,467944,10.0,66088960,676,49,725,8,79.6322
2026-04-25T09:26:04.853323+00:00,recovery_scenario,iperf_tcp,50,1,,ryu_controller,467937,49.7,58699776,933,22,955,26,258.6169
2026-04-25T09:26:04.953861+00:00,recovery_scenario,iperf_tcp,50,1,,twin_core,467944,9.9,66199552,676,49,725,0,0.0
2026-04-25T09:26:04.953861+00:00,recovery_scenario,iperf_tcp,50,1,,ryu_controller,467937,29.8,58712064,955,22,977,22,218.855
2026-04-25T09:26:05.060456+00:00,recovery_scenario,iperf_tcp,50,1,,twin_core,467944,0.0,66199552,682,49,731,6,56.262
2026-04-25T09:26:05.060456+00:00,recovery_scenario,iperf_tcp,50,1,,ryu_controller,467937,9.4,58712064,959,22,981,4,37.5072
2026-04-25T09:26:05.161005+00:00,recovery_scenario,iperf_tcp,50,1,,twin_core,467944,9.9,66199552,690,49,739,8,79.5813
2026-04-25T09:26:05.161005+00:00,recovery_scenario,iperf_tcp,50,1,,ryu_controller,467937,0.0,58712064,967,22,989,8,79.5291
2026-04-25T09:26:05.263267+00:00,recovery_scenario,iperf_tcp,50,1,,twin_core,467944,0.0,66199552,695,49,744,5,48.9189
2026-04-25T09:26:05.263267+00:00,recovery_scenario,iperf_tcp,50,1,,ryu_controller,467937,19.6,58712064,989,22,1011,22,215.2088
2026-04-25T09:26:05.363854+00:00,recovery_scenario,iperf_tcp,50,1,,twin_core,467944,0.0,66199552,696,49,745,1,9.9387
2026-04-25T09:26:05.363854+00:00,recovery_scenario,iperf_tcp,50,1,,ryu_controller,467937,19.9,58716160,1010,22,1032,21,208.8959
2026-04-25T09:26:05.465345+00:00,recovery_scenario,iperf_tcp,50,1,,twin_core,467944,0.0,66199552,699,49,748,3,29.5729
2026-04-25T09:26:05.465345+00:00,recovery_scenario,iperf_tcp,50,1,,ryu_controller,467937,9.8,58716160,1020,22,1042,10,98.3656
2026-04-25T09:26:05.567859+00:00,recovery_scenario,iperf_tcp,50,1,,twin_core,467944,0.0,66199552,705,49,754,6,58.4915
2026-04-25T09:26:05.567859+00:00,recovery_scenario,iperf_tcp,50,1,,ryu_controller,467937,9.8,58716160,1035,22,1057,15,146.5315
2026-04-25T09:26:05.668411+00:00,recovery_scenario,iperf_tcp,50,1,,twin_core,467944,0.0,66199552,714,49,763,9,89.2961
2026-04-25T09:26:05.668411+00:00,recovery_scenario,iperf_tcp,50,1,,ryu_controller,467937,19.8,58720256,1060,22,1082,25,248.0145
2026-04-25T09:26:05.769184+00:00,recovery_scenario,iperf_tcp,50,1,,twin_core,467944,0.0,66199552,717,49,766,3,29.8554
2026-04-25T09:26:05.769184+00:00,recovery_scenario,iperf_tcp,50,1,,ryu_controller,467937,10.0,58720256,1077,22,1099,17,169.2135
2026-04-25T09:26:05.869714+00:00,recovery_scenario,iperf_tcp,50,1,,twin_core,467944,0.0,66199552,720,49,769,3,29.827
2026-04-25T09:26:05.869714+00:00,recovery_scenario,iperf_tcp,50,1,,ryu_controller,467937,9.9,58720256,1106,22,1128,29,288.3115
2026-04-25T09:26:05.970348+00:00,recovery_scenario,iperf_tcp,50,1,,twin_core,467944,0.0,66199552,726,49,775,6,59.5542
2026-04-25T09:26:05.970348+00:00,recovery_scenario,iperf_tcp,50,1,,ryu_controller,467937,19.9,58720256,1127,22,1149,21,208.4437
2026-04-25T09:26:06.071329+00:00,recovery_scenario,iperf_tcp,50,1,,twin_core,467944,9.9,66199552,732,49,781,6,58.7565
2026-04-25T09:26:06.071329+00:00,recovery_scenario,iperf_tcp,50,1,,ryu_controller,467937,19.6,58720256,1137,22,1159,10,97.6788
2026-04-25T09:26:06.174830+00:00,recovery_scenario,iperf_tcp,50,1,,twin_core,467944,0.0,66199552,737,49,786,5,48.9257
2026-04-25T09:26:06.174830+00:00,recovery_scenario,iperf_tcp,50,1,,ryu_controller,467937,39.2,58720256,1163,23,1186,27,264.9046
2026-04-25T09:26:06.275340+00:00,recovery_scenario,iperf_tcp,50,1,,twin_core,467944,0.0,66199552,737,49,786,0,0.0
2026-04-25T09:26:06.275340+00:00,recovery_scenario,iperf_tcp,50,1,,ryu_controller,467937,69.6,58740736,1191,24,1215,29,288.1573
2026-04-25T09:26:06.375984+00:00,recovery_scenario,iperf_tcp,50,1,,twin_core,467944,0.0,66199552,743,49,792,6,59.5937
2026-04-25T09:26:06.375984+00:00,recovery_scenario,iperf_tcp,50,1,,ryu_controller,467937,29.8,58744832,1215,24,1239,24,238.6503
2026-04-25T09:26:06.478826+00:00,recovery_scenario,iperf_tcp,50,1,,twin_core,467944,0.0,66199552,749,49,798,6,58.3324
2026-04-25T09:26:06.478826+00:00,recovery_scenario,iperf_tcp,50,1,,ryu_controller,467937,0.0,58744832,1219,24,1243,4,38.8861
2026-04-25T09:26:06.579946+00:00,recovery_scenario,iperf_tcp,50,1,,twin_core,467944,0.0,66199552,751,49,800,2,19.7465
2026-04-25T09:26:06.579946+00:00,recovery_scenario,iperf_tcp,50,1,,ryu_controller,467937,9.9,58744832,1222,24,1246,3,29.6212
2026-04-25T09:26:06.681667+00:00,recovery_scenario,iperf_tcp,50,1,,twin_core,467944,0.0,66199552,754,49,803,3,29.5385
2026-04-25T09:26:06.681667+00:00,recovery_scenario,iperf_tcp,50,1,,ryu_controller,467937,9.8,58744832,1233,24,1257,11,108.3076
2026-04-25T09:26:06.780501+00:00,recovery_scenario,iperf_tcp,50,1,pingall_completed,,,,,,,,,
2026-04-25T09:26:06.789009+00:00,recovery_scenario,iperf_tcp,50,1,,twin_core,467944,9.3,66207744,767,49,816,13,121.1792
2026-04-25T09:26:06.789009+00:00,recovery_scenario,iperf_tcp,50,1,,ryu_controller,467937,0.0,58744832,1237,24,1261,4,37.2916
2026-04-25T09:26:06.894755+00:00,recovery_scenario,iperf_tcp,50,1,,twin_core,467944,0.0,66207744,769,50,819,3,28.3719
2026-04-25T09:26:06.894755+00:00,recovery_scenario,iperf_tcp,50,1,,ryu_controller,467937,0.0,58748928,1241,24,1265,4,37.8088
2026-04-25T09:26:06.995421+00:00,recovery_scenario,iperf_tcp,50,1,,twin_core,467944,19.9,66277376,769,50,819,0,0.0
2026-04-25T09:26:06.995421+00:00,recovery_scenario,iperf_tcp,50,1,,ryu_controller,467937,89.2,58789888,1291,24,1315,50,495.6968
2026-04-25T09:26:07.096132+00:00,recovery_scenario,iperf_tcp,50,1,,twin_core,467944,0.0,66277376,769,50,819,0,0.0
2026-04-25T09:26:07.096132+00:00,recovery_scenario,iperf_tcp,50,1,,ryu_controller,467937,0.0,58789888,1296,24,1320,5,49.782
2026-04-25T09:26:07.198306+00:00,recovery_scenario,iperf_tcp,50,1,,twin_core,467944,0.0,66277376,769,50,819,0,0.0
2026-04-25T09:26:07.198306+00:00,recovery_scenario,iperf_tcp,50,1,,ryu_controller,467937,9.8,58789888,1307,24,1331,11,107.4764
2026-04-25T09:26:07.300010+00:00,recovery_scenario,iperf_tcp,50,1,,twin_core,467944,0.0,66277376,769,50,819,0,0.0
2026-04-25T09:26:07.300010+00:00,recovery_scenario,iperf_tcp,50,1,,ryu_controller,467937,0.0,58789888,1325,24,1349,18,176.6995
2026-04-25T09:26:07.404466+00:00,recovery_scenario,iperf_tcp,50,1,,twin_core,467944,0.0,66277376,769,50,819,0,0.0
2026-04-25T09:26:07.404466+00:00,recovery_scenario,iperf_tcp,50,1,,ryu_controller,467937,0.0,58789888,1329,24,1353,4,38.3746
2026-04-25T09:26:07.505242+00:00,recovery_scenario,iperf_tcp,50,1,,twin_core,467944,0.0,66277376,769,50,819,0,0.0
2026-04-25T09:26:07.505242+00:00,recovery_scenario,iperf_tcp,50,1,,ryu_controller,467937,0.0,58789888,1332,24,1356,3,29.7376
2026-04-25T09:26:07.610033+00:00,recovery_scenario,iperf_tcp,50,1,,twin_core,467944,0.0,66277376,769,50,819,0,0.0
2026-04-25T09:26:07.610033+00:00,recovery_scenario,iperf_tcp,50,1,,ryu_controller,467937,0.0,58789888,1334,24,1358,2,18.8406
2026-04-25T09:26:07.716156+00:00,recovery_scenario,iperf_tcp,50,1,,twin_core,467944,0.0,66277376,769,50,819,0,0.0
2026-04-25T09:26:07.716156+00:00,recovery_scenario,iperf_tcp,50,1,,ryu_controller,467937,0.0,58789888,1338,24,1362,4,38.04
2026-04-25T09:26:07.817300+00:00,recovery_scenario,iperf_tcp,50,1,,twin_core,467944,9.9,66277376,774,50,824,5,49.5978
2026-04-25T09:26:07.817300+00:00,recovery_scenario,iperf_tcp,50,1,,ryu_controller,467937,0.0,58789888,1340,24,1364,2,19.8684
2026-04-25T09:26:07.917880+00:00,recovery_scenario,iperf_tcp,50,1,,twin_core,467944,0.0,66277376,774,50,824,0,0.0
2026-04-25T09:26:07.917880+00:00,recovery_scenario,iperf_tcp,50,1,,ryu_controller,467937,10.0,58789888,1348,24,1372,8,79.6056
2026-04-25T09:26:08.019062+00:00,recovery_scenario,iperf_tcp,50,1,,twin_core,467944,0.0,66277376,774,50,824,0,0.0
2026-04-25T09:26:08.019062+00:00,recovery_scenario,iperf_tcp,50,1,,ryu_controller,467937,0.0,58789888,1366,24,1390,18,177.889
2026-04-25T09:26:08.119530+00:00,recovery_scenario,iperf_tcp,50,1,,twin_core,467944,0.0,66277376,774,50,824,0,0.0
2026-04-25T09:26:08.119530+00:00,recovery_scenario,iperf_tcp,50,1,,ryu_controller,467937,0.0,58789888,1370,24,1394,4,39.7646
2026-04-25T09:26:08.220142+00:00,recovery_scenario,iperf_tcp,50,1,,twin_core,467944,0.0,66277376,774,50,824,0,0.0
2026-04-25T09:26:08.220142+00:00,recovery_scenario,iperf_tcp,50,1,,ryu_controller,467937,0.0,58789888,1374,29,1403,9,89.067
2026-04-25T09:26:08.321238+00:00,recovery_scenario,iperf_tcp,50,1,,twin_core,467944,0.0,66277376,774,50,824,0,0.0
2026-04-25T09:26:08.321238+00:00,recovery_scenario,iperf_tcp,50,1,,ryu_controller,467937,9.8,58789888,1379,34,1413,10,98.0905
2026-04-25T09:26:08.423535+00:00,recovery_scenario,iperf_tcp,50,1,,twin_core,467944,0.0,66277376,774,50,824,0,0.0
2026-04-25T09:26:08.423535+00:00,recovery_scenario,iperf_tcp,50,1,,ryu_controller,467937,79.1,58802176,1393,130,1523,110,1088.4033
2026-04-25T09:26:08.527273+00:00,recovery_scenario,iperf_tcp,50,1,,twin_core,467944,0.0,66277376,774,50,824,0,0.0
2026-04-25T09:26:08.527273+00:00,recovery_scenario,iperf_tcp,50,1,,ryu_controller,467937,66.9,58802176,1412,298,1710,187,1785.7091
2026-04-25T09:26:08.629265+00:00,recovery_scenario,iperf_tcp,50,1,,twin_core,467944,0.0,66277376,774,50,824,0,0.0
2026-04-25T09:26:08.629265+00:00,recovery_scenario,iperf_tcp,50,1,,ryu_controller,467937,29.3,58802176,1418,352,1770,60,586.4375
2026-04-25T09:26:08.731239+00:00,recovery_scenario,iperf_tcp,50,1,,twin_core,467944,0.0,66277376,774,50,824,0,0.0
2026-04-25T09:26:08.731239+00:00,recovery_scenario,iperf_tcp,50,1,,ryu_controller,467937,0.0,58802176,1422,359,1781,11,109.2475
2026-04-25T09:26:08.805308+00:00,recovery_scenario,iperf_tcp,50,1,background_traffic_started,,,,,,,,,
2026-04-25T09:26:08.832552+00:00,recovery_scenario,iperf_tcp,50,1,,twin_core,467944,9.8,66293760,778,57,835,11,107.4997
2026-04-25T09:26:08.832552+00:00,recovery_scenario,iperf_tcp,50,1,,ryu_controller,467937,9.8,58802176,1425,376,1801,20,195.7635
2026-04-25T09:26:08.937822+00:00,recovery_scenario,iperf_tcp,50,1,,twin_core,467944,9.6,66342912,787,85,872,37,354.9499
2026-04-25T09:26:08.937822+00:00,recovery_scenario,iperf_tcp,50,1,,ryu_controller,467937,67.0,58888192,1437,644,2081,280,2680.552
2026-04-25T09:26:09.039099+00:00,recovery_scenario,iperf_tcp,50,1,,twin_core,467944,9.9,66441216,804,119,923,51,502.5075
2026-04-25T09:26:09.039099+00:00,recovery_scenario,iperf_tcp,50,1,,ryu_controller,467937,69.0,58925056,1453,829,2282,201,1977.0213
2026-04-25T09:26:09.122429+00:00,recovery_scenario,iperf_tcp,50,1,fault_injected,,,,,,,,,
2026-04-25T09:26:09.140238+00:00,recovery_scenario,iperf_tcp,50,1,,twin_core,467944,19.8,66551808,808,146,954,31,306.9884
2026-04-25T09:26:09.140238+00:00,recovery_scenario,iperf_tcp,50,1,,ryu_controller,467937,59.6,59039744,1459,1139,2598,316,3140.5332
2026-04-25T09:26:09.240983+00:00,recovery_scenario,iperf_tcp,50,1,,twin_core,467944,0.0,66568192,809,146,955,1,9.9112
2026-04-25T09:26:09.240983+00:00,recovery_scenario,iperf_tcp,50,1,,ryu_controller,467937,69.3,59305984,1460,1548,3008,410,4008.9918
2026-04-25T09:26:09.343137+00:00,recovery_scenario,iperf_tcp,50,1,,twin_core,467944,0.0,66568192,809,146,955,0,0.0
2026-04-25T09:26:09.343137+00:00,recovery_scenario,iperf_tcp,50,1,,ryu_controller,467937,98.2,59383808,1460,1720,3180,172,1711.5496
2026-04-25T09:26:09.444341+00:00,recovery_scenario,iperf_tcp,50,1,,twin_core,467944,0.0,66568192,809,146,955,0,0.0
2026-04-25T09:26:09.444341+00:00,recovery_scenario,iperf_tcp,50,1,,ryu_controller,467937,98.5,59400192,1460,1926,3386,206,2028.3356
2026-04-25T09:26:09.545804+00:00,recovery_scenario,iperf_tcp,50,1,,twin_core,467944,0.0,66568192,809,146,955,0,0.0
2026-04-25T09:26:09.545804+00:00,recovery_scenario,iperf_tcp,50,1,,ryu_controller,467937,98.9,59432960,1460,2098,3558,172,1701.4517
2026-04-25T09:26:09.646249+00:00,recovery_scenario,iperf_tcp,50,1,,twin_core,467944,0.0,66568192,809,146,955,0,0.0
2026-04-25T09:26:09.646249+00:00,recovery_scenario,iperf_tcp,50,1,,ryu_controller,467937,88.6,59441152,1460,2181,3641,83,808.6465
2026-04-25T09:26:09.749031+00:00,recovery_scenario,iperf_tcp,50,1,,twin_core,467944,0.0,66568192,811,146,957,2,19.4684
2026-04-25T09:26:09.749031+00:00,recovery_scenario,iperf_tcp,50,1,,ryu_controller,467937,98.4,59441152,1460,2404,3864,223,2216.4799
2026-04-25T09:26:09.849514+00:00,recovery_scenario,iperf_tcp,50,1,,twin_core,467944,0.0,66568192,811,146,957,0,0.0
2026-04-25T09:26:09.849514+00:00,recovery_scenario,iperf_tcp,50,1,,ryu_controller,467937,89.4,59445248,1460,2668,4128,264,2621.3659
2026-04-25T09:26:09.952618+00:00,recovery_scenario,iperf_tcp,50,1,,twin_core,467944,0.0,66568192,811,146,957,0,0.0
2026-04-25T09:26:09.952618+00:00,recovery_scenario,iperf_tcp,50,1,,ryu_controller,467937,97.2,59449344,1460,2860,4320,192,1867.1288
2026-04-25T09:26:10.053020+00:00,recovery_scenario,iperf_tcp,50,1,,twin_core,467944,0.0,66568192,811,146,957,0,0.0
2026-04-25T09:26:10.053020+00:00,recovery_scenario,iperf_tcp,50,1,,ryu_controller,467937,89.7,59453440,1460,2916,4376,56,557.8802
2026-04-25T09:26:10.153393+00:00,recovery_scenario,iperf_tcp,50,1,,twin_core,467944,10.0,66568192,812,146,958,1,9.9627
2026-04-25T09:26:10.153393+00:00,recovery_scenario,iperf_tcp,50,1,,ryu_controller,467937,99.5,59457536,1460,3018,4478,102,1014.9289
2026-04-25T09:26:10.253913+00:00,recovery_scenario,iperf_tcp,50,1,,twin_core,467944,0.0,66568192,812,146,958,0,0.0
2026-04-25T09:26:10.253913+00:00,recovery_scenario,iperf_tcp,50,1,,ryu_controller,467937,89.6,59457536,1460,3272,4732,254,2529.8264
2026-04-25T09:26:10.354336+00:00,recovery_scenario,iperf_tcp,50,1,,twin_core,467944,0.0,66576384,812,146,958,0,0.0
2026-04-25T09:26:10.354336+00:00,recovery_scenario,iperf_tcp,50,1,,ryu_controller,467937,49.6,59457536,1471,3371,4842,110,1091.5259
2026-04-25T09:26:10.455109+00:00,recovery_scenario,iperf_tcp,50,1,,twin_core,467944,0.0,66576384,812,146,958,0,0.0
2026-04-25T09:26:10.455109+00:00,recovery_scenario,iperf_tcp,50,1,,ryu_controller,467937,0.0,59457536,1484,3373,4857,15,149.3288
2026-04-25T09:26:10.555504+00:00,recovery_scenario,iperf_tcp,50,1,,twin_core,467944,0.0,66576384,812,146,958,0,0.0
2026-04-25T09:26:10.555504+00:00,recovery_scenario,iperf_tcp,50,1,,ryu_controller,467937,0.0,59457536,1503,3373,4876,19,188.6773
2026-04-25T09:26:10.656335+00:00,recovery_scenario,iperf_tcp,50,1,,twin_core,467944,0.0,66580480,818,151,969,11,108.9962
2026-04-25T09:26:10.656335+00:00,recovery_scenario,iperf_tcp,50,1,,ryu_controller,467937,69.3,59457536,1560,3479,5039,163,1612.1571
2026-04-25T09:26:10.734486+00:00,recovery_scenario,iperf_tcp,50,1,recovery_requested,,,,,,,,,
2026-04-25T09:26:10.757412+00:00,recovery_scenario,iperf_tcp,50,1,,twin_core,467944,29.7,66588672,843,205,1048,79,781.7414
2026-04-25T09:26:10.757412+00:00,recovery_scenario,iperf_tcp,50,1,,ryu_controller,467937,49.5,59457536,1592,3602,5194,155,1534.8513
2026-04-25T09:26:10.858509+00:00,recovery_scenario,iperf_tcp,50,1,,twin_core,467944,0.0,66588672,843,205,1048,0,0.0
2026-04-25T09:26:10.858509+00:00,recovery_scenario,iperf_tcp,50,1,,ryu_controller,467937,49.1,59457536,1628,3707,5335,141,1374.5875
2026-04-25T09:26:10.961044+00:00,recovery_scenario,iperf_tcp,50,1,,twin_core,467944,0.0,66588672,843,205,1048,0,0.0
2026-04-25T09:26:10.961044+00:00,recovery_scenario,iperf_tcp,50,1,,ryu_controller,467937,39.4,59457536,1652,4007,5659,324,3221.4224
2026-04-25T09:26:11.061905+00:00,recovery_scenario,iperf_tcp,50,1,,twin_core,467944,0.0,66588672,843,205,1048,0,0.0
2026-04-25T09:26:11.061905+00:00,recovery_scenario,iperf_tcp,50,1,,ryu_controller,467937,69.4,59457536,1667,4229,5896,237,2349.9709
2026-04-25T09:26:11.163660+00:00,recovery_scenario,iperf_tcp,50,1,,twin_core,467944,0.0,66588672,843,205,1048,0,0.0
2026-04-25T09:26:11.163660+00:00,recovery_scenario,iperf_tcp,50,1,,ryu_controller,467937,98.3,59461632,1667,4467,6134,238,2339.6494
2026-04-25T09:26:11.264056+00:00,recovery_scenario,iperf_tcp,50,1,,twin_core,467944,0.0,66588672,844,206,1050,2,19.9224
2026-04-25T09:26:11.264056+00:00,recovery_scenario,iperf_tcp,50,1,,ryu_controller,467937,89.6,59461632,1667,4658,6325,191,1902.5614
2026-04-25T09:26:11.364437+00:00,recovery_scenario,iperf_tcp,50,1,,twin_core,467944,0.0,66588672,844,206,1050,0,0.0
2026-04-25T09:26:11.364437+00:00,recovery_scenario,iperf_tcp,50,1,,ryu_controller,467937,99.5,59461632,1667,4746,6413,88,874.2205
2026-04-25T09:26:11.466643+00:00,recovery_scenario,iperf_tcp,50,1,,twin_core,467944,0.0,66588672,844,206,1050,0,0.0
2026-04-25T09:26:11.466643+00:00,recovery_scenario,iperf_tcp,50,1,,ryu_controller,467937,88.2,59461632,1667,4803,6470,57,558.9801
2026-04-25T09:26:11.567082+00:00,recovery_scenario,iperf_tcp,50,1,,twin_core,467944,0.0,66588672,844,206,1050,0,0.0
2026-04-25T09:26:11.567082+00:00,recovery_scenario,iperf_tcp,50,1,,ryu_controller,467937,89.6,59461632,1667,4927,6594,124,1234.8858
2026-04-25T09:26:11.667491+00:00,recovery_scenario,iperf_tcp,50,1,,twin_core,467944,0.0,66588672,844,206,1050,0,0.0
2026-04-25T09:26:11.667491+00:00,recovery_scenario,iperf_tcp,50,1,,ryu_controller,467937,99.5,59461632,1667,5074,6741,147,1462.8458
2026-04-25T09:26:11.768370+00:00,recovery_scenario,iperf_tcp,50,1,,twin_core,467944,0.0,66588672,845,206,1051,1,9.9052
2026-04-25T09:26:11.768370+00:00,recovery_scenario,iperf_tcp,50,1,,ryu_controller,467937,79.1,59461632,1667,5327,6994,253,2482.368
2026-04-25T09:26:11.870520+00:00,recovery_scenario,iperf_tcp,50,1,,twin_core,467944,0.0,66588672,845,206,1051,0,0.0
2026-04-25T09:26:11.870520+00:00,recovery_scenario,iperf_tcp,50,1,,ryu_controller,467937,88.1,59461632,1667,5533,7200,206,2032.9236
2026-04-25T09:26:11.971786+00:00,recovery_scenario,iperf_tcp,50,1,,twin_core,467944,0.0,66588672,845,206,1051,0,0.0
2026-04-25T09:26:11.971786+00:00,recovery_scenario,iperf_tcp,50,1,,ryu_controller,467937,88.8,59461632,1667,5850,7517,317,3104.2552
2026-04-25T09:26:12.073356+00:00,recovery_scenario,iperf_tcp,50,1,,twin_core,467944,0.0,66588672,845,206,1051,0,0.0
2026-04-25T09:26:12.073356+00:00,recovery_scenario,iperf_tcp,50,1,,ryu_controller,467937,88.9,59461632,1669,6138,7807,290,2886.3434
2026-04-25T09:26:12.173789+00:00,recovery_scenario,iperf_tcp,50,1,,twin_core,467944,0.0,66588672,845,206,1051,0,0.0
2026-04-25T09:26:12.173789+00:00,recovery_scenario,iperf_tcp,50,1,,ryu_controller,467937,0.0,59461632,1681,6138,7819,12,119.1696
2026-04-25T09:26:12.274801+00:00,recovery_scenario,iperf_tcp,50,1,,twin_core,467944,0.0,66588672,846,206,1052,1,9.918
2026-04-25T09:26:12.274801+00:00,recovery_scenario,iperf_tcp,50,1,,ryu_controller,467937,0.0,59461632,1686,6141,7827,8,79.3115
2026-04-25T09:26:12.375487+00:00,recovery_scenario,iperf_tcp,50,1,,twin_core,467944,9.9,66588672,846,206,1052,0,0.0
2026-04-25T09:26:12.375487+00:00,recovery_scenario,iperf_tcp,50,1,,ryu_controller,467937,59.4,59461632,1729,6259,7988,161,1595.0955
2026-04-25T09:26:12.476324+00:00,recovery_scenario,iperf_tcp,50,1,,twin_core,467944,9.9,66588672,846,206,1052,0,0.0
2026-04-25T09:26:12.476324+00:00,recovery_scenario,iperf_tcp,50,1,,ryu_controller,467937,0.0,59461632,1735,6260,7995,7,69.4319
2026-04-25T09:26:12.577167+00:00,recovery_scenario,iperf_tcp,50,1,,twin_core,467944,0.0,66588672,846,206,1052,0,0.0
2026-04-25T09:26:12.577167+00:00,recovery_scenario,iperf_tcp,50,1,,ryu_controller,467937,0.0,59461632,1739,6261,8000,5,49.6221
2026-04-25T09:26:12.677966+00:00,recovery_scenario,iperf_tcp,50,1,,twin_core,467944,0.0,66588672,846,206,1052,0,0.0
2026-04-25T09:26:12.677966+00:00,recovery_scenario,iperf_tcp,50,1,,ryu_controller,467937,29.7,59461632,1767,6276,8043,43,427.1266
2026-04-25T09:26:12.779061+00:00,recovery_scenario,iperf_tcp,50,1,,twin_core,467944,0.0,66588672,863,222,1085,33,325.3035
2026-04-25T09:26:12.779061+00:00,recovery_scenario,iperf_tcp,50,1,,ryu_controller,467937,39.4,59461632,1818,6292,8110,67,660.2919
2026-04-25T09:26:12.808015+00:00,recovery_scenario,iperf_tcp,50,1,scenario_teardown,,,,,,,,,
2026-04-25T09:26:12.880129+00:00,recovery_scenario,iperf_tcp,50,1,,twin_core,467944,19.8,66592768,892,245,1137,52,517.3131
2026-04-25T09:26:12.880129+00:00,recovery_scenario,iperf_tcp,50,1,,ryu_controller,467937,29.9,59461632,1850,6301,8151,41,407.998
2026-04-25T09:26:12.980653+00:00,recovery_scenario,iperf_tcp,50,1,,twin_core,467944,0.0,66592768,915,245,1160,23,228.8013
2026-04-25T09:26:12.980653+00:00,recovery_scenario,iperf_tcp,50,1,,ryu_controller,467937,9.9,59461632,1857,6303,8160,9,89.524
2026-04-25T09:26:13.081123+00:00,recovery_scenario,iperf_tcp,50,1,,twin_core,467944,0.0,66592768,931,245,1176,16,159.2421
2026-04-25T09:26:13.081123+00:00,recovery_scenario,iperf_tcp,50,1,,ryu_controller,467937,10.0,59461632,1864,6306,8170,10,99.535
2026-04-25T09:26:13.568720+00:00,recovery_scenario,iperf_tcp,50,2,,twin_core,467944,0.0,66625536,1325,297,1622,0,0.0
2026-04-25T09:26:13.568720+00:00,recovery_scenario,iperf_tcp,50,2,,ryu_controller,467937,0.0,59461632,1925,6309,8234,0,0.0
2026-04-25T09:26:13.670199+00:00,recovery_scenario,iperf_tcp,50,2,,twin_core,467944,0.0,66629632,1394,303,1697,75,738.8846
2026-04-25T09:26:13.670199+00:00,recovery_scenario,iperf_tcp,50,2,,ryu_controller,467937,29.9,59461632,1949,6313,8262,28,278.7654
2026-04-25T09:26:13.770705+00:00,recovery_scenario,iperf_tcp,50,2,,twin_core,467944,9.9,66629632,1504,305,1809,112,1114.3006
2026-04-25T09:26:13.770705+00:00,recovery_scenario,iperf_tcp,50,2,,ryu_controller,467937,9.9,59461632,1982,6314,8296,34,338.2453
2026-04-25T09:26:13.790299+00:00,recovery_scenario,iperf_tcp,50,2,service_started,,,,,,,,,
2026-04-25T09:26:13.871104+00:00,recovery_scenario,iperf_tcp,50,2,,twin_core,467944,10.0,66629632,1528,305,1833,24,238.9851
2026-04-25T09:26:13.871104+00:00,recovery_scenario,iperf_tcp,50,2,,ryu_controller,467937,49.8,59465728,2055,6315,8370,74,736.8639
2026-04-25T09:26:13.973237+00:00,recovery_scenario,iperf_tcp,50,2,,twin_core,467944,0.0,66633728,1529,305,1834,1,9.7908
2026-04-25T09:26:13.973237+00:00,recovery_scenario,iperf_tcp,50,2,,ryu_controller,467937,19.6,59465728,2101,6315,8416,46,450.324
2026-04-25T09:26:14.077766+00:00,recovery_scenario,iperf_tcp,50,2,,twin_core,467944,0.0,66633728,1529,305,1834,0,0.0
2026-04-25T09:26:14.077766+00:00,recovery_scenario,iperf_tcp,50,2,,ryu_controller,467937,9.6,59465728,2130,6315,8445,29,277.4285
2026-04-25T09:26:14.181529+00:00,recovery_scenario,iperf_tcp,50,2,,twin_core,467944,0.0,66633728,1529,305,1834,0,0.0
2026-04-25T09:26:14.181529+00:00,recovery_scenario,iperf_tcp,50,2,,ryu_controller,467937,9.6,59465728,2149,6315,8464,19,183.0018
2026-04-25T09:26:14.282022+00:00,recovery_scenario,iperf_tcp,50,2,,twin_core,467944,0.0,66633728,1529,305,1834,0,0.0
2026-04-25T09:26:14.282022+00:00,recovery_scenario,iperf_tcp,50,2,,ryu_controller,467937,10.0,59465728,2176,6315,8491,27,268.9535
2026-04-25T09:26:14.382449+00:00,recovery_scenario,iperf_tcp,50,2,,twin_core,467944,0.0,66633728,1529,305,1834,0,0.0
2026-04-25T09:26:14.382449+00:00,recovery_scenario,iperf_tcp,50,2,,ryu_controller,467937,19.9,59465728,2213,6315,8528,37,367.9315
2026-04-25T09:26:14.483045+00:00,recovery_scenario,iperf_tcp,50,2,,twin_core,467944,0.0,66633728,1529,305,1834,0,0.0
2026-04-25T09:26:14.483045+00:00,recovery_scenario,iperf_tcp,50,2,,ryu_controller,467937,19.9,59465728,2265,6315,8580,52,517.5014
2026-04-25T09:26:14.583477+00:00,recovery_scenario,iperf_tcp,50,2,,twin_core,467944,0.0,66633728,1529,305,1834,0,0.0
2026-04-25T09:26:14.583477+00:00,recovery_scenario,iperf_tcp,50,2,,ryu_controller,467937,19.9,59465728,2280,6316,8596,16,159.2552
2026-04-25T09:26:14.683988+00:00,recovery_scenario,iperf_tcp,50,2,,twin_core,467944,0.0,66633728,1529,305,1834,0,0.0
2026-04-25T09:26:14.683988+00:00,recovery_scenario,iperf_tcp,50,2,,ryu_controller,467937,9.9,59465728,2299,6316,8615,19,188.9972
2026-04-25T09:26:14.784453+00:00,recovery_scenario,iperf_tcp,50,2,,twin_core,467944,0.0,66633728,1529,305,1834,0,0.0
2026-04-25T09:26:14.784453+00:00,recovery_scenario,iperf_tcp,50,2,,ryu_controller,467937,29.9,59465728,2351,6316,8667,52,517.4826
2026-04-25T09:26:14.889768+00:00,recovery_scenario,iperf_tcp,50,2,,twin_core,467944,0.0,66633728,1529,305,1834,0,0.0
2026-04-25T09:26:14.889768+00:00,recovery_scenario,iperf_tcp,50,2,,ryu_controller,467937,28.5,59465728,2405,6316,8721,54,512.943
2026-04-25T09:26:14.990211+00:00,recovery_scenario,iperf_tcp,50,2,,twin_core,467944,0.0,66633728,1529,305,1834,0,0.0
2026-04-25T09:26:14.990211+00:00,recovery_scenario,iperf_tcp,50,2,,ryu_controller,467937,29.9,59465728,2443,6316,8759,38,378.5124
2026-04-25T09:26:15.090708+00:00,recovery_scenario,iperf_tcp,50,2,,twin_core,467944,10.0,66633728,1529,305,1834,0,0.0
2026-04-25T09:26:15.090708+00:00,recovery_scenario,iperf_tcp,50,2,,ryu_controller,467937,10.0,59465728,2476,6316,8792,33,328.3854
2026-04-25T09:26:15.192643+00:00,recovery_scenario,iperf_tcp,50,2,,twin_core,467944,0.0,66633728,1529,305,1834,0,0.0
2026-04-25T09:26:15.192643+00:00,recovery_scenario,iperf_tcp,50,2,,ryu_controller,467937,9.8,59465728,2486,6316,8802,10,98.0563
2026-04-25T09:26:15.293087+00:00,recovery_scenario,iperf_tcp,50,2,,twin_core,467944,0.0,66633728,1529,305,1834,0,0.0
2026-04-25T09:26:15.293087+00:00,recovery_scenario,iperf_tcp,50,2,,ryu_controller,467937,0.0,59465728,2493,6316,8809,7,69.7083
2026-04-25T09:26:15.398442+00:00,recovery_scenario,iperf_tcp,50,2,,twin_core,467944,0.0,66633728,1529,305,1834,0,0.0
2026-04-25T09:26:15.398442+00:00,recovery_scenario,iperf_tcp,50,2,,ryu_controller,467937,9.5,59465728,2513,6316,8829,20,189.6316
2026-04-25T09:26:15.499017+00:00,recovery_scenario,iperf_tcp,50,2,,twin_core,467944,0.0,66633728,1529,305,1834,0,0.0
2026-04-25T09:26:15.499017+00:00,recovery_scenario,iperf_tcp,50,2,,ryu_controller,467937,19.9,59465728,2546,6317,8863,34,338.4692
2026-04-25T09:26:15.601257+00:00,recovery_scenario,iperf_tcp,50,2,,twin_core,467944,0.0,66633728,1529,305,1834,0,0.0
2026-04-25T09:26:15.601257+00:00,recovery_scenario,iperf_tcp,50,2,,ryu_controller,467937,29.3,59465728,2581,6317,8898,35,342.2759
2026-04-25T09:26:15.701759+00:00,recovery_scenario,iperf_tcp,50,2,,twin_core,467944,0.0,66633728,1529,305,1834,0,0.0
2026-04-25T09:26:15.701759+00:00,recovery_scenario,iperf_tcp,50,2,,ryu_controller,467937,10.0,59465728,2606,6317,8923,25,248.7609
2026-04-25T09:26:15.802191+00:00,recovery_scenario,iperf_tcp,50,2,,twin_core,467944,0.0,66633728,1529,305,1834,0,0.0
2026-04-25T09:26:15.802191+00:00,recovery_scenario,iperf_tcp,50,2,,ryu_controller,467937,0.0,59465728,2620,6317,8937,14,139.3419
2026-04-25T09:26:15.904844+00:00,recovery_scenario,iperf_tcp,50,2,,twin_core,467944,19.5,66633728,1531,305,1836,2,19.495
2026-04-25T09:26:15.904844+00:00,recovery_scenario,iperf_tcp,50,2,,ryu_controller,467937,39.0,59469824,2690,6317,9007,70,682.4645
2026-04-25T09:26:16.005219+00:00,recovery_scenario,iperf_tcp,50,2,,twin_core,467944,0.0,66633728,1537,305,1842,6,59.7621
2026-04-25T09:26:16.005219+00:00,recovery_scenario,iperf_tcp,50,2,,ryu_controller,467937,10.0,59469824,2718,6317,9035,28,278.8598
2026-04-25T09:26:16.107092+00:00,recovery_scenario,iperf_tcp,50,2,,twin_core,467944,0.0,66633728,1540,305,1845,3,29.4335
2026-04-25T09:26:16.107092+00:00,recovery_scenario,iperf_tcp,50,2,,ryu_controller,467937,9.8,59469824,2739,6317,9056,21,205.9912
2026-04-25T09:26:16.207618+00:00,recovery_scenario,iperf_tcp,50,2,,twin_core,467944,0.0,66633728,1543,305,1848,3,29.8485
2026-04-25T09:26:16.207618+00:00,recovery_scenario,iperf_tcp,50,2,,ryu_controller,467937,10.0,59469824,2753,6317,9070,14,139.3046
2026-04-25T09:26:16.308070+00:00,recovery_scenario,iperf_tcp,50,2,,twin_core,467944,0.0,66633728,1546,305,1851,3,29.8778
2026-04-25T09:26:16.308070+00:00,recovery_scenario,iperf_tcp,50,2,,ryu_controller,467937,10.0,59469824,2758,6317,9075,5,49.7997
2026-04-25T09:26:16.408472+00:00,recovery_scenario,iperf_tcp,50,2,,twin_core,467944,0.0,66633728,1546,305,1851,0,0.0
2026-04-25T09:26:16.408472+00:00,recovery_scenario,iperf_tcp,50,2,,ryu_controller,467937,10.0,59469824,2781,6317,9098,23,228.9134
2026-04-25T09:26:16.510306+00:00,recovery_scenario,iperf_tcp,50,2,,twin_core,467944,0.0,66633728,1549,305,1854,3,29.4679
2026-04-25T09:26:16.510306+00:00,recovery_scenario,iperf_tcp,50,2,,ryu_controller,467937,9.8,59469824,2793,6317,9110,12,117.679
2026-04-25T09:26:16.610984+00:00,recovery_scenario,iperf_tcp,50,2,,twin_core,467944,0.0,66633728,1555,305,1860,6,59.6166
2026-04-25T09:26:16.610984+00:00,recovery_scenario,iperf_tcp,50,2,,ryu_controller,467937,0.0,59469824,2806,6317,9123,13,129.4002
2026-04-25T09:26:16.714961+00:00,recovery_scenario,iperf_tcp,50,2,,twin_core,467944,0.0,66633728,1561,305,1866,6,57.6823
2026-04-25T09:26:16.714961+00:00,recovery_scenario,iperf_tcp,50,2,,ryu_controller,467937,9.6,59469824,2827,6317,9144,21,201.8503
2026-04-25T09:26:16.815440+00:00,recovery_scenario,iperf_tcp,50,2,,twin_core,467944,0.0,66633728,1564,305,1869,3,29.8018
2026-04-25T09:26:16.815440+00:00,recovery_scenario,iperf_tcp,50,2,,ryu_controller,467937,49.7,59473920,2878,6317,9195,51,506.622
2026-04-25T09:26:16.916086+00:00,recovery_scenario,iperf_tcp,50,2,,twin_core,467944,0.0,66633728,1567,305,1872,3,29.8744
2026-04-25T09:26:16.916086+00:00,recovery_scenario,iperf_tcp,50,2,,ryu_controller,467937,10.0,59473920,2906,6317,9223,28,278.8806
2026-04-25T09:26:17.019306+00:00,recovery_scenario,iperf_tcp,50,2,,twin_core,467944,0.0,66633728,1570,305,1875,3,29.045
2026-04-25T09:26:17.019306+00:00,recovery_scenario,iperf_tcp,50,2,,ryu_controller,467937,9.7,59473920,2920,6317,9237,14,135.4615
2026-04-25T09:26:17.119839+00:00,recovery_scenario,iperf_tcp,50,2,,twin_core,467944,0.0,66633728,1582,305,1887,12,119.4399
2026-04-25T09:26:17.119839+00:00,recovery_scenario,iperf_tcp,50,2,,ryu_controller,467937,10.0,59473920,2937,6317,9254,17,169.3032
2026-04-25T09:26:17.220279+00:00,recovery_scenario,iperf_tcp,50,2,,twin_core,467944,0.0,66633728,1585,306,1891,4,39.8088
2026-04-25T09:26:17.220279+00:00,recovery_scenario,iperf_tcp,50,2,,ryu_controller,467937,9.9,59473920,2952,6317,9269,15,149.0749
2026-04-25T09:26:17.321144+00:00,recovery_scenario,iperf_tcp,50,2,,twin_core,467944,9.9,66633728,1588,306,1894,3,29.757
2026-04-25T09:26:17.321144+00:00,recovery_scenario,iperf_tcp,50,2,,ryu_controller,467937,0.0,59473920,2965,6317,9282,13,129.1458
2026-04-25T09:26:17.421544+00:00,recovery_scenario,iperf_tcp,50,2,,twin_core,467944,0.0,66633728,1591,306,1897,3,29.8499
2026-04-25T09:26:17.421544+00:00,recovery_scenario,iperf_tcp,50,2,,ryu_controller,467937,9.9,59473920,2977,6317,9294,12,119.3699
2026-04-25T09:26:17.522050+00:00,recovery_scenario,iperf_tcp,50,2,,twin_core,467944,0.0,66633728,1594,306,1900,3,29.8786
2026-04-25T09:26:17.522050+00:00,recovery_scenario,iperf_tcp,50,2,,ryu_controller,467937,0.0,59473920,2989,6317,9306,12,119.5279
2026-04-25T09:26:17.622456+00:00,recovery_scenario,iperf_tcp,50,2,,twin_core,467944,0.0,66633728,1603,306,1909,9,89.525
2026-04-25T09:26:17.622456+00:00,recovery_scenario,iperf_tcp,50,2,,ryu_controller,467937,9.9,59473920,3002,6317,9319,13,129.2959
2026-04-25T09:26:17.723003+00:00,recovery_scenario,iperf_tcp,50,2,,twin_core,467944,0.0,66633728,1609,306,1915,6,59.741
2026-04-25T09:26:17.723003+00:00,recovery_scenario,iperf_tcp,50,2,,ryu_controller,467937,10.0,59473920,3023,6317,9340,21,209.1084
2026-04-25T09:26:17.823426+00:00,recovery_scenario,iperf_tcp,50,2,,twin_core,467944,0.0,66633728,1612,306,1918,3,29.8607
2026-04-25T09:26:17.823426+00:00,recovery_scenario,iperf_tcp,50,2,,ryu_controller,467937,10.0,59473920,3053,6317,9370,30,298.5976
2026-04-25T09:26:17.923894+00:00,recovery_scenario,iperf_tcp,50,2,,twin_core,467944,0.0,66633728,1619,306,1925,7,69.6941
2026-04-25T09:26:17.923894+00:00,recovery_scenario,iperf_tcp,50,2,,ryu_controller,467937,49.6,59473920,3096,6317,9413,43,426.8531
2026-04-25T09:26:18.024634+00:00,recovery_scenario,iperf_tcp,50,2,,twin_core,467944,19.9,66654208,1631,306,1937,12,119.1607
2026-04-25T09:26:18.024634+00:00,recovery_scenario,iperf_tcp,50,2,,ryu_controller,467937,19.9,59527168,3117,6318,9435,22,219.139
2026-04-25T09:26:18.125033+00:00,recovery_scenario,iperf_tcp,50,2,,twin_core,467944,0.0,66654208,1634,306,1940,3,29.8747
2026-04-25T09:26:18.125033+00:00,recovery_scenario,iperf_tcp,50,2,,ryu_controller,467937,10.0,59527168,3137,6318,9455,20,199.1502
2026-04-25T09:26:18.225463+00:00,recovery_scenario,iperf_tcp,50,2,,twin_core,467944,0.0,66654208,1634,306,1940,0,0.0
2026-04-25T09:26:18.225463+00:00,recovery_scenario,iperf_tcp,50,2,,ryu_controller,467937,0.0,59527168,3146,6318,9464,9,89.5878
2026-04-25T09:26:18.325910+00:00,recovery_scenario,iperf_tcp,50,2,,twin_core,467944,0.0,66654208,1638,306,1944,4,39.8392
2026-04-25T09:26:18.325910+00:00,recovery_scenario,iperf_tcp,50,2,,ryu_controller,467937,10.0,59527168,3157,6318,9475,11,109.5458
2026-04-25T09:26:18.426350+00:00,recovery_scenario,iperf_tcp,50,2,,twin_core,467944,0.0,66654208,1647,306,1953,9,89.5911
2026-04-25T09:26:18.426350+00:00,recovery_scenario,iperf_tcp,50,2,,ryu_controller,467937,0.0,59527168,3160,6318,9478,3,29.7773
2026-04-25T09:26:18.527095+00:00,recovery_scenario,iperf_tcp,50,2,,twin_core,467944,0.0,66654208,1657,306,1963,10,99.2694
2026-04-25T09:26:18.527095+00:00,recovery_scenario,iperf_tcp,50,2,,ryu_controller,467937,10.0,59527168,3182,6318,9500,22,219.063
2026-04-25T09:26:18.627498+00:00,recovery_scenario,iperf_tcp,50,2,,twin_core,467944,0.0,66654208,1657,306,1963,0,0.0
2026-04-25T09:26:18.627498+00:00,recovery_scenario,iperf_tcp,50,2,,ryu_controller,467937,0.0,59527168,3195,6318,9513,13,129.4602
2026-04-25T09:26:18.727924+00:00,recovery_scenario,iperf_tcp,50,2,,twin_core,467944,0.0,66654208,1660,306,1966,3,29.8751
2026-04-25T09:26:18.727924+00:00,recovery_scenario,iperf_tcp,50,2,,ryu_controller,467937,19.9,59527168,3222,6318,9540,27,268.8265
2026-04-25T09:26:18.828365+00:00,recovery_scenario,iperf_tcp,50,2,,twin_core,467944,0.0,66654208,1666,306,1972,6,59.7422
2026-04-25T09:26:18.828365+00:00,recovery_scenario,iperf_tcp,50,2,,ryu_controller,467937,10.0,59527168,3246,6318,9564,24,238.7877
2026-04-25T09:26:18.928924+00:00,recovery_scenario,iperf_tcp,50,2,,twin_core,467944,0.0,66654208,1678,306,1984,12,119.3422
2026-04-25T09:26:18.928924+00:00,recovery_scenario,iperf_tcp,50,2,,ryu_controller,467937,69.7,59547648,3299,6318,9617,53,527.5448
2026-04-25T09:26:19.031645+00:00,recovery_scenario,iperf_tcp,50,2,,twin_core,467944,0.0,66654208,1678,306,1984,0,0.0
2026-04-25T09:26:19.031645+00:00,recovery_scenario,iperf_tcp,50,2,,ryu_controller,467937,9.7,59547648,3317,6318,9635,18,175.0723
2026-04-25T09:26:19.134311+00:00,recovery_scenario,iperf_tcp,50,2,,twin_core,467944,0.0,66654208,1681,306,1987,3,29.225
2026-04-25T09:26:19.134311+00:00,recovery_scenario,iperf_tcp,50,2,,ryu_controller,467937,0.0,59547648,3322,6318,9640,5,48.6922
2026-04-25T09:26:19.238905+00:00,recovery_scenario,iperf_tcp,50,2,,twin_core,467944,0.0,66654208,1687,306,1993,6,57.362
2026-04-25T09:26:19.238905+00:00,recovery_scenario,iperf_tcp,50,2,,ryu_controller,467937,0.0,59547648,3332,6318,9650,10,95.6327
2026-04-25T09:26:19.339408+00:00,recovery_scenario,iperf_tcp,50,2,,twin_core,467944,0.0,66654208,1693,306,1999,6,59.6982
2026-04-25T09:26:19.339408+00:00,recovery_scenario,iperf_tcp,50,2,,ryu_controller,467937,10.0,59547648,3341,6318,9659,9,89.5564
2026-04-25T09:26:19.439911+00:00,recovery_scenario,iperf_tcp,50,2,,twin_core,467944,0.0,66654208,1696,306,2002,3,29.8658
2026-04-25T09:26:19.439911+00:00,recovery_scenario,iperf_tcp,50,2,,ryu_controller,467937,19.9,59547648,3363,6318,9681,22,219.0424
2026-04-25T09:26:19.540332+00:00,recovery_scenario,iperf_tcp,50,2,,twin_core,467944,10.0,66654208,1699,306,2005,3,29.8673
2026-04-25T09:26:19.540332+00:00,recovery_scenario,iperf_tcp,50,2,,ryu_controller,467937,0.0,59547648,3371,6318,9689,8,79.6038
2026-04-25T09:26:19.594031+00:00,recovery_scenario,iperf_tcp,50,2,pingall_completed,,,,,,,,,
2026-04-25T09:26:19.650491+00:00,recovery_scenario,iperf_tcp,50,2,,twin_core,467944,0.0,66654208,1711,306,2017,12,108.9129
2026-04-25T09:26:19.650491+00:00,recovery_scenario,iperf_tcp,50,2,,ryu_controller,467937,0.0,59547648,3374,6318,9692,3,27.2363
2026-04-25T09:26:19.759653+00:00,recovery_scenario,iperf_tcp,50,2,,twin_core,467944,0.0,66654208,1711,306,2017,0,0.0
2026-04-25T09:26:19.759653+00:00,recovery_scenario,iperf_tcp,50,2,,ryu_controller,467937,9.2,59547648,3377,6318,9695,3,27.4516
2026-04-25T09:26:19.861666+00:00,recovery_scenario,iperf_tcp,50,2,,twin_core,467944,0.0,66654208,1711,306,2017,0,0.0
2026-04-25T09:26:19.861666+00:00,recovery_scenario,iperf_tcp,50,2,,ryu_controller,467937,0.0,59547648,3393,6318,9711,16,156.9745
2026-04-25T09:26:19.968016+00:00,recovery_scenario,iperf_tcp,50,2,,twin_core,467944,0.0,66654208,1711,306,2017,0,0.0
2026-04-25T09:26:19.968016+00:00,recovery_scenario,iperf_tcp,50,2,,ryu_controller,467937,28.2,59547648,3448,6318,9766,55,517.8714
2026-04-25T09:26:20.069952+00:00,recovery_scenario,iperf_tcp,50,2,,twin_core,467944,9.8,66686976,1711,306,2017,0,0.0
2026-04-25T09:26:20.069952+00:00,recovery_scenario,iperf_tcp,50,2,,ryu_controller,467937,39.2,59805696,3487,6318,9805,39,382.2134
2026-04-25T09:26:20.174274+00:00,recovery_scenario,iperf_tcp,50,2,,twin_core,467944,0.0,66686976,1711,306,2017,0,0.0
2026-04-25T09:26:20.174274+00:00,recovery_scenario,iperf_tcp,50,2,,ryu_controller,467937,0.0,59805696,3496,6318,9814,9,86.2304
2026-04-25T09:26:20.274831+00:00,recovery_scenario,iperf_tcp,50,2,,twin_core,467944,0.0,66686976,1711,306,2017,0,0.0
2026-04-25T09:26:20.274831+00:00,recovery_scenario,iperf_tcp,50,2,,ryu_controller,467937,0.0,59805696,3504,6318,9822,8,79.5515
2026-04-25T09:26:20.381555+00:00,recovery_scenario,iperf_tcp,50,2,,twin_core,467944,0.0,66686976,1711,306,2017,0,0.0
2026-04-25T09:26:20.381555+00:00,recovery_scenario,iperf_tcp,50,2,,ryu_controller,467937,0.0,59805696,3525,6318,9843,21,196.7261
2026-04-25T09:26:20.482144+00:00,recovery_scenario,iperf_tcp,50,2,,twin_core,467944,0.0,66686976,1711,306,2017,0,0.0
2026-04-25T09:26:20.482144+00:00,recovery_scenario,iperf_tcp,50,2,,ryu_controller,467937,0.0,59805696,3554,6318,9872,29,288.504
2026-04-25T09:26:20.584765+00:00,recovery_scenario,iperf_tcp,50,2,,twin_core,467944,0.0,66686976,1711,306,2017,0,0.0
2026-04-25T09:26:20.584765+00:00,recovery_scenario,iperf_tcp,50,2,,ryu_controller,467937,9.7,59805696,3582,6318,9900,28,272.4494
2026-04-25T09:26:20.685418+00:00,recovery_scenario,iperf_tcp,50,2,,twin_core,467944,0.0,66686976,1716,306,2022,5,49.6905
2026-04-25T09:26:20.685418+00:00,recovery_scenario,iperf_tcp,50,2,,ryu_controller,467937,0.0,59805696,3604,6318,9922,22,218.7846
2026-04-25T09:26:20.785950+00:00,recovery_scenario,iperf_tcp,50,2,,twin_core,467944,0.0,66686976,1716,306,2022,0,0.0
2026-04-25T09:26:20.785950+00:00,recovery_scenario,iperf_tcp,50,2,,ryu_controller,467937,0.0,59805696,3620,6318,9938,16,159.2895
2026-04-25T09:26:20.886405+00:00,recovery_scenario,iperf_tcp,50,2,,twin_core,467944,0.0,66686976,1716,306,2022,0,0.0
2026-04-25T09:26:20.886405+00:00,recovery_scenario,iperf_tcp,50,2,,ryu_controller,467937,0.0,59805696,3660,6318,9978,40,397.8634
2026-04-25T09:26:20.986935+00:00,recovery_scenario,iperf_tcp,50,2,,twin_core,467944,0.0,66686976,1716,306,2022,0,0.0
2026-04-25T09:26:20.986935+00:00,recovery_scenario,iperf_tcp,50,2,,ryu_controller,467937,79.7,59830272,3709,6377,10086,108,1075.6229
2026-04-25T09:26:21.088133+00:00,recovery_scenario,iperf_tcp,50,2,,twin_core,467944,0.0,66686976,1716,306,2022,0,0.0
2026-04-25T09:26:21.088133+00:00,recovery_scenario,iperf_tcp,50,2,,ryu_controller,467937,0.0,59830272,3738,6377,10115,29,286.2328
2026-04-25T09:26:21.188715+00:00,recovery_scenario,iperf_tcp,50,2,,twin_core,467944,0.0,66686976,1716,306,2022,0,0.0
2026-04-25T09:26:21.188715+00:00,recovery_scenario,iperf_tcp,50,2,,ryu_controller,467937,0.0,59830272,3749,6379,10128,13,129.3519
2026-04-25T09:26:21.289127+00:00,recovery_scenario,iperf_tcp,50,2,,twin_core,467944,0.0,66686976,1716,306,2022,0,0.0
2026-04-25T09:26:21.289127+00:00,recovery_scenario,iperf_tcp,50,2,,ryu_controller,467937,0.0,59830272,3757,6382,10139,11,108.5142
2026-04-25T09:26:21.390534+00:00,recovery_scenario,iperf_tcp,50,2,,twin_core,467944,0.0,66686976,1716,306,2022,0,0.0
2026-04-25T09:26:21.390534+00:00,recovery_scenario,iperf_tcp,50,2,,ryu_controller,467937,0.0,59830272,3780,6386,10166,27,268.5119
2026-04-25T09:26:21.492132+00:00,recovery_scenario,iperf_tcp,50,2,,twin_core,467944,0.0,66686976,1716,306,2022,0,0.0
2026-04-25T09:26:21.492132+00:00,recovery_scenario,iperf_tcp,50,2,,ryu_controller,467937,0.0,59830272,3792,6390,10182,16,157.5889
2026-04-25T09:26:21.593128+00:00,recovery_scenario,iperf_tcp,50,2,,twin_core,467944,0.0,66686976,1716,306,2022,0,0.0
2026-04-25T09:26:21.593128+00:00,recovery_scenario,iperf_tcp,50,2,,ryu_controller,467937,9.9,59830272,3802,6393,10195,13,127.7675
2026-04-25T09:26:21.611101+00:00,recovery_scenario,iperf_tcp,50,2,background_traffic_started,,,,,,,,,
2026-04-25T09:26:21.695085+00:00,recovery_scenario,iperf_tcp,50,2,,twin_core,467944,9.8,66686976,1730,342,2072,50,489.842
2026-04-25T09:26:21.695085+00:00,recovery_scenario,iperf_tcp,50,2,,ryu_controller,467937,29.4,59830272,3823,6538,10361,166,1635.4213
2026-04-25T09:26:21.796411+00:00,recovery_scenario,iperf_tcp,50,2,,twin_core,467944,19.7,66686976,1745,357,2102,30,293.7077
2026-04-25T09:26:21.796411+00:00,recovery_scenario,iperf_tcp,50,2,,ryu_controller,467937,39.2,59830272,3836,6731,10567,206,2015.3931
2026-04-25T09:26:21.835301+00:00,recovery_scenario,iperf_tcp,50,2,fault_injected,,,,,,,,,
2026-04-25T09:26:21.898141+00:00,recovery_scenario,iperf_tcp,50,2,,twin_core,467944,0.0,66732032,1749,368,2117,15,147.2265
2026-04-25T09:26:21.898141+00:00,recovery_scenario,iperf_tcp,50,2,,ryu_controller,467937,39.1,59830272,3838,6932,10770,203,1965.0427
2026-04-25T09:26:22.001401+00:00,recovery_scenario,iperf_tcp,50,2,,twin_core,467944,0.0,66732032,1749,368,2117,0,0.0
2026-04-25T09:26:22.001401+00:00,recovery_scenario,iperf_tcp,50,2,,ryu_controller,467937,58.9,59830272,3838,7280,11118,348,3453.6208
2026-04-25T09:26:22.102194+00:00,recovery_scenario,iperf_tcp,50,2,,twin_core,467944,0.0,66732032,1749,368,2117,0,0.0
2026-04-25T09:26:22.102194+00:00,recovery_scenario,iperf_tcp,50,2,,ryu_controller,467937,69.7,59879424,3838,7534,11372,254,2528.0953
2026-04-25T09:26:22.203425+00:00,recovery_scenario,iperf_tcp,50,2,,twin_core,467944,0.0,66732032,1749,368,2117,0,0.0
2026-04-25T09:26:22.203425+00:00,recovery_scenario,iperf_tcp,50,2,,ryu_controller,467937,78.8,59908096,3838,7855,11693,321,3162.7206
2026-04-25T09:26:22.305845+00:00,recovery_scenario,iperf_tcp,50,2,,twin_core,467944,0.0,66732032,1749,368,2117,0,0.0
2026-04-25T09:26:22.305845+00:00,recovery_scenario,iperf_tcp,50,2,,ryu_controller,467937,77.7,59936768,3838,8199,12037,344,3343.3948
2026-04-25T09:26:22.407906+00:00,recovery_scenario,iperf_tcp,50,2,,twin_core,467944,0.0,66732032,1750,368,2118,1,9.7164
2026-04-25T09:26:22.407906+00:00,recovery_scenario,iperf_tcp,50,2,,ryu_controller,467937,87.8,59940864,3838,8591,12429,392,3826.9471
2026-04-25T09:26:22.510098+00:00,recovery_scenario,iperf_tcp,50,2,,twin_core,467944,0.0,66732032,1750,368,2118,0,0.0
2026-04-25T09:26:22.510098+00:00,recovery_scenario,iperf_tcp,50,2,,ryu_controller,467937,69.2,59940864,3838,8946,12784,355,3510.2443
2026-04-25T09:26:22.610682+00:00,recovery_scenario,iperf_tcp,50,2,,twin_core,467944,0.0,66732032,1750,368,2118,0,0.0
2026-04-25T09:26:22.610682+00:00,recovery_scenario,iperf_tcp,50,2,,ryu_controller,467937,88.2,59940864,3838,9319,13157,373,3657.0981
2026-04-25T09:26:22.712675+00:00,recovery_scenario,iperf_tcp,50,2,,twin_core,467944,9.8,66732032,1750,368,2118,0,0.0
2026-04-25T09:26:22.712675+00:00,recovery_scenario,iperf_tcp,50,2,,ryu_controller,467937,89.5,59940864,3838,9737,13575,418,4155.8467
2026-04-25T09:26:22.813137+00:00,recovery_scenario,iperf_tcp,50,2,,twin_core,467944,0.0,66732032,1750,368,2118,0,0.0
2026-04-25T09:26:22.813137+00:00,recovery_scenario,iperf_tcp,50,2,,ryu_controller,467937,89.5,59940864,3838,10110,13948,373,3706.6765
2026-04-25T09:26:22.913728+00:00,recovery_scenario,iperf_tcp,50,2,,twin_core,467944,0.0,66732032,1751,368,2119,1,9.9472
2026-04-25T09:26:22.913728+00:00,recovery_scenario,iperf_tcp,50,2,,ryu_controller,467937,99.4,59953152,3838,10529,14367,419,4169.1879
2026-04-25T09:26:23.014292+00:00,recovery_scenario,iperf_tcp,50,2,,twin_core,467944,0.0,66732032,1751,368,2119,0,0.0
2026-04-25T09:26:23.014292+00:00,recovery_scenario,iperf_tcp,50,2,,ryu_controller,467937,89.5,59953152,3838,10986,14824,457,4531.635
2026-04-25T09:26:23.115334+00:00,recovery_scenario,iperf_tcp,50,2,,twin_core,467944,0.0,66732032,1751,368,2119,0,0.0
2026-04-25T09:26:23.115334+00:00,recovery_scenario,iperf_tcp,50,2,,ryu_controller,467937,89.1,59953152,3838,11439,15277,453,4490.1731
2026-04-25T09:26:23.216050+00:00,recovery_scenario,iperf_tcp,50,2,,twin_core,467944,0.0,66732032,1751,368,2119,0,0.0
2026-04-25T09:26:23.216050+00:00,recovery_scenario,iperf_tcp,50,2,,ryu_controller,467937,99.4,59953152,3838,11771,15609,332,3299.344
2026-04-25T09:26:23.316795+00:00,recovery_scenario,iperf_tcp,50,2,,twin_core,467944,0.0,66732032,1751,368,2119,0,0.0
2026-04-25T09:26:23.316795+00:00,recovery_scenario,iperf_tcp,50,2,,ryu_controller,467937,99.1,59953152,3838,12018,15856,247,2451.7584
2026-04-25T09:26:23.417573+00:00,recovery_scenario,iperf_tcp,50,2,,twin_core,467944,19.8,66756608,1752,370,2122,3,29.7226
2026-04-25T09:26:23.417573+00:00,recovery_scenario,iperf_tcp,50,2,,ryu_controller,467937,59.3,59957248,3855,12131,15986,130,1280.6165
2026-04-25T09:26:23.519043+00:00,recovery_scenario,iperf_tcp,50,2,,twin_core,467944,0.0,66756608,1752,370,2122,0,0.0
2026-04-25T09:26:23.519043+00:00,recovery_scenario,iperf_tcp,50,2,,ryu_controller,467937,9.9,59957248,3877,12147,16024,38,377.3472
2026-04-25T09:26:23.619723+00:00,recovery_scenario,iperf_tcp,50,2,,twin_core,467944,0.0,66756608,1752,370,2122,0,0.0
2026-04-25T09:26:23.619723+00:00,recovery_scenario,iperf_tcp,50,2,,ryu_controller,467937,0.0,59957248,3894,12147,16041,17,168.9847
2026-04-25T09:26:23.720207+00:00,recovery_scenario,iperf_tcp,50,2,,twin_core,467944,0.0,66756608,1752,370,2122,0,0.0
2026-04-25T09:26:23.720207+00:00,recovery_scenario,iperf_tcp,50,2,,ryu_controller,467937,9.9,59957248,3923,12147,16070,29,288.0578
2026-04-25T09:26:23.820958+00:00,recovery_scenario,iperf_tcp,50,2,,twin_core,467944,0.0,66756608,1752,370,2122,0,0.0
2026-04-25T09:26:23.820958+00:00,recovery_scenario,iperf_tcp,50,2,,ryu_controller,467937,0.0,59957248,3939,12147,16086,16,159.1537
2026-04-25T09:26:23.921352+00:00,recovery_scenario,iperf_tcp,50,2,,twin_core,467944,10.0,66756608,1777,381,2158,36,358.5859
2026-04-25T09:26:23.921352+00:00,recovery_scenario,iperf_tcp,50,2,,ryu_controller,467937,49.8,59957248,3993,12171,16164,78,776.2579
2026-04-25T09:26:23.946647+00:00,recovery_scenario,iperf_tcp,50,2,recovery_requested,,,,,,,,,
2026-04-25T09:26:24.022089+00:00,recovery_scenario,iperf_tcp,50,2,,twin_core,467944,0.0,66760704,1783,385,2168,10,99.0638
2026-04-25T09:26:24.022089+00:00,recovery_scenario,iperf_tcp,50,2,,ryu_controller,467937,39.5,59957248,4020,12176,16196,32,314.6448
2026-04-25T09:26:24.123884+00:00,recovery_scenario,iperf_tcp,50,2,,twin_core,467944,0.0,66760704,1783,385,2168,0,0.0
2026-04-25T09:26:24.123884+00:00,recovery_scenario,iperf_tcp,50,2,,ryu_controller,467937,39.5,59957248,4047,12176,16223,27,267.505
2026-04-25T09:26:24.224544+00:00,recovery_scenario,iperf_tcp,50,2,,twin_core,467944,0.0,66760704,1783,385,2168,0,0.0
2026-04-25T09:26:24.224544+00:00,recovery_scenario,iperf_tcp,50,2,,ryu_controller,467937,19.9,59957248,4084,12178,16262,39,387.4038
2026-04-25T09:26:24.325246+00:00,recovery_scenario,iperf_tcp,50,2,,twin_core,467944,0.0,66760704,1783,385,2168,0,0.0
2026-04-25T09:26:24.325246+00:00,recovery_scenario,iperf_tcp,50,2,,ryu_controller,467937,39.8,59957248,4103,12189,16292,30,298.6189
2026-04-25T09:26:24.425750+00:00,recovery_scenario,iperf_tcp,50,2,,twin_core,467944,0.0,66760704,1783,385,2168,0,0.0
2026-04-25T09:26:24.425750+00:00,recovery_scenario,iperf_tcp,50,2,,ryu_controller,467937,99.5,59957248,4103,12191,16294,2,19.8961
2026-04-25T09:26:24.526196+00:00,recovery_scenario,iperf_tcp,50,2,,twin_core,467944,0.0,66760704,1784,385,2169,1,9.9459
2026-04-25T09:26:24.526196+00:00,recovery_scenario,iperf_tcp,50,2,,ryu_controller,467937,89.5,59957248,4103,12208,16311,17,168.7932
2026-04-25T09:26:24.626959+00:00,recovery_scenario,iperf_tcp,50,2,,twin_core,467944,0.0,66760704,1784,385,2169,0,0.0
2026-04-25T09:26:24.626959+00:00,recovery_scenario,iperf_tcp,50,2,,ryu_controller,467937,109.0,59957248,4103,12209,16312,1,9.9212
2026-04-25T09:26:24.727715+00:00,recovery_scenario,iperf_tcp,50,2,,twin_core,467944,0.0,66760704,1784,385,2169,0,0.0
2026-04-25T09:26:24.727715+00:00,recovery_scenario,iperf_tcp,50,2,,ryu_controller,467937,99.3,59957248,4103,12213,16316,4,39.7338
2026-04-25T09:26:24.828302+00:00,recovery_scenario,iperf_tcp,50,2,,twin_core,467944,0.0,66760704,1784,385,2169,0,0.0
2026-04-25T09:26:24.828302+00:00,recovery_scenario,iperf_tcp,50,2,,ryu_controller,467937,99.6,59957248,4103,12215,16318,2,19.9306
2026-04-25T09:26:24.928795+00:00,recovery_scenario,iperf_tcp,50,2,,twin_core,467944,0.0,66760704,1784,385,2169,0,0.0
2026-04-25T09:26:24.928795+00:00,recovery_scenario,iperf_tcp,50,2,,ryu_controller,467937,99.3,59957248,4103,12215,16318,0,0.0
2026-04-25T09:26:25.029488+00:00,recovery_scenario,iperf_tcp,50,2,,twin_core,467944,9.9,66760704,1785,385,2170,1,9.926
2026-04-25T09:26:25.029488+00:00,recovery_scenario,iperf_tcp,50,2,,ryu_controller,467937,89.2,59957248,4103,12219,16322,4,39.6609
2026-04-25T09:26:25.131222+00:00,recovery_scenario,iperf_tcp,50,2,,twin_core,467944,0.0,66760704,1785,385,2170,0,0.0
2026-04-25T09:26:25.131222+00:00,recovery_scenario,iperf_tcp,50,2,,ryu_controller,467937,107.7,59957248,4103,12220,16323,1,9.7734
2026-04-25T09:26:25.232898+00:00,recovery_scenario,iperf_tcp,50,2,,twin_core,467944,0.0,66760704,1785,385,2170,0,0.0
2026-04-25T09:26:25.232898+00:00,recovery_scenario,iperf_tcp,50,2,,ryu_controller,467937,88.9,59957248,4103,12252,16355,32,312.6937
2026-04-25T09:26:25.335169+00:00,recovery_scenario,iperf_tcp,50,2,,twin_core,467944,0.0,66760704,1785,385,2170,0,0.0
2026-04-25T09:26:25.335169+00:00,recovery_scenario,iperf_tcp,50,2,,ryu_controller,467937,107.8,59957248,4103,12261,16364,9,89.3612
2026-04-25T09:26:25.437824+00:00,recovery_scenario,iperf_tcp,50,2,,twin_core,467944,9.7,66760704,1785,385,2170,0,0.0
2026-04-25T09:26:25.437824+00:00,recovery_scenario,iperf_tcp,50,2,,ryu_controller,467937,96.1,59977728,4103,12264,16367,3,28.7795
2026-04-25T09:26:25.540106+00:00,recovery_scenario,iperf_tcp,50,2,,twin_core,467944,0.0,66760704,1786,385,2171,1,9.8
2026-04-25T09:26:25.540106+00:00,recovery_scenario,iperf_tcp,50,2,,ryu_controller,467937,108.2,59990016,4103,12268,16371,4,39.418
2026-04-25T09:26:25.641354+00:00,recovery_scenario,iperf_tcp,50,2,,twin_core,467944,0.0,66760704,1786,385,2171,0,0.0
2026-04-25T09:26:25.641354+00:00,recovery_scenario,iperf_tcp,50,2,,ryu_controller,467937,89.4,59998208,4103,12275,16378,7,69.5419
2026-04-25T09:26:25.742005+00:00,recovery_scenario,iperf_tcp,50,2,,twin_core,467944,9.9,66760704,1786,385,2171,0,0.0
2026-04-25T09:26:25.742005+00:00,recovery_scenario,iperf_tcp,50,2,,ryu_controller,467937,99.5,59998208,4103,12299,16402,24,238.87
2026-04-25T09:26:25.842561+00:00,recovery_scenario,iperf_tcp,50,2,,twin_core,467944,0.0,66789376,1786,385,2171,0,0.0
2026-04-25T09:26:25.842561+00:00,recovery_scenario,iperf_tcp,50,2,,ryu_controller,467937,39.7,59998208,4112,12316,16428,26,257.7074
2026-04-25T09:26:25.943847+00:00,recovery_scenario,iperf_tcp,50,2,,twin_core,467944,0.0,66789376,1786,385,2171,0,0.0
2026-04-25T09:26:25.943847+00:00,recovery_scenario,iperf_tcp,50,2,,ryu_controller,467937,9.9,59998208,4126,12316,16442,14,138.5112
2026-04-25T09:26:26.027640+00:00,recovery_scenario,iperf_tcp,50,2,scenario_teardown,,,,,,,,,
2026-04-25T09:26:26.044473+00:00,recovery_scenario,iperf_tcp,50,2,,twin_core,467944,19.9,66793472,1816,389,2205,34,337.7618
2026-04-25T09:26:26.044473+00:00,recovery_scenario,iperf_tcp,50,2,,ryu_controller,467937,49.7,59998208,4185,12323,16508,66,656.1964
2026-04-25T09:26:26.145052+00:00,recovery_scenario,iperf_tcp,50,2,,twin_core,467944,9.9,66793472,1840,389,2229,24,238.8922
2026-04-25T09:26:26.145052+00:00,recovery_scenario,iperf_tcp,50,2,,ryu_controller,467937,19.9,59998208,4198,12326,16524,16,159.3008
2026-04-25T09:26:26.245456+00:00,recovery_scenario,iperf_tcp,50,2,,twin_core,467944,0.0,66793472,1866,389,2255,26,258.7643
2026-04-25T09:26:26.245456+00:00,recovery_scenario,iperf_tcp,50,2,,ryu_controller,467937,19.9,59998208,4205,12338,16543,19,189.0818
2026-04-25T09:26:26.345970+00:00,recovery_scenario,iperf_tcp,50,2,,twin_core,467944,0.0,66793472,1870,390,2260,5,49.7808
2026-04-25T09:26:26.345970+00:00,recovery_scenario,iperf_tcp,50,2,,ryu_controller,467937,0.0,59998208,4213,12339,16552,9,89.6148
2026-04-25T09:26:26.796170+00:00,recovery_scenario,iperf_tcp,50,3,,twin_core,467944,0.0,66793472,2268,469,2737,0,0.0
2026-04-25T09:26:26.796170+00:00,recovery_scenario,iperf_tcp,50,3,,ryu_controller,467937,0.0,59998208,4292,12340,16632,0,0.0
2026-04-25T09:26:26.897671+00:00,recovery_scenario,iperf_tcp,50,3,,twin_core,467944,9.9,66793472,2338,479,2817,80,786.3308
2026-04-25T09:26:26.897671+00:00,recovery_scenario,iperf_tcp,50,3,,ryu_controller,467937,49.6,59998208,4310,12349,16659,27,267.7857
2026-04-25T09:26:26.998387+00:00,recovery_scenario,iperf_tcp,50,3,,twin_core,467944,9.9,66793472,2449,480,2929,112,1114.3047
2026-04-25T09:26:26.998387+00:00,recovery_scenario,iperf_tcp,50,3,,ryu_controller,467937,19.9,59998208,4352,12353,16705,46,456.9674
2026-04-25T09:26:27.014915+00:00,recovery_scenario,iperf_tcp,50,3,service_started,,,,,,,,,
2026-04-25T09:26:27.099042+00:00,recovery_scenario,iperf_tcp,50,3,,twin_core,467944,9.9,66826240,2465,481,2946,17,168.8877
2026-04-25T09:26:27.099042+00:00,recovery_scenario,iperf_tcp,50,3,,ryu_controller,467937,49.8,59998208,4419,12353,16772,67,667.1794
2026-04-25T09:26:27.199440+00:00,recovery_scenario,iperf_tcp,50,3,,twin_core,467944,0.0,66826240,2466,481,2947,1,9.959
2026-04-25T09:26:27.199440+00:00,recovery_scenario,iperf_tcp,50,3,,ryu_controller,467937,10.0,59998208,4444,12353,16797,25,248.996
2026-04-25T09:26:27.299828+00:00,recovery_scenario,iperf_tcp,50,3,,twin_core,467944,0.0,66826240,2466,481,2947,0,0.0
2026-04-25T09:26:27.299828+00:00,recovery_scenario,iperf_tcp,50,3,,ryu_controller,467937,10.0,59998208,4470,12353,16823,26,258.9756
2026-04-25T09:26:27.400235+00:00,recovery_scenario,iperf_tcp,50,3,,twin_core,467944,0.0,66826240,2466,481,2947,0,0.0
2026-04-25T09:26:27.400235+00:00,recovery_scenario,iperf_tcp,50,3,,ryu_controller,467937,10.0,59998208,4498,12353,16851,28,278.8772
2026-04-25T09:26:27.500653+00:00,recovery_scenario,iperf_tcp,50,3,,twin_core,467944,0.0,66826240,2466,481,2947,0,0.0
2026-04-25T09:26:27.500653+00:00,recovery_scenario,iperf_tcp,50,3,,ryu_controller,467937,19.9,59998208,4530,12353,16883,32,318.5754
2026-04-25T09:26:27.601093+00:00,recovery_scenario,iperf_tcp,50,3,,twin_core,467944,0.0,66826240,2466,481,2947,0,0.0
2026-04-25T09:26:27.601093+00:00,recovery_scenario,iperf_tcp,50,3,,ryu_controller,467937,10.0,59998208,4550,12353,16903,20,199.1126
2026-04-25T09:26:27.701539+00:00,recovery_scenario,iperf_tcp,50,3,,twin_core,467944,0.0,66826240,2466,481,2947,0,0.0
2026-04-25T09:26:27.701539+00:00,recovery_scenario,iperf_tcp,50,3,,ryu_controller,467937,9.9,59998208,4578,12353,16931,28,278.4699
2026-04-25T09:26:27.802083+00:00,recovery_scenario,iperf_tcp,50,3,,twin_core,467944,0.0,66826240,2466,481,2947,0,0.0
2026-04-25T09:26:27.802083+00:00,recovery_scenario,iperf_tcp,50,3,,ryu_controller,467937,29.9,59998208,4614,12353,16967,36,358.5395
2026-04-25T09:26:27.902546+00:00,recovery_scenario,iperf_tcp,50,3,,twin_core,467944,0.0,66826240,2466,481,2947,0,0.0
2026-04-25T09:26:27.902546+00:00,recovery_scenario,iperf_tcp,50,3,,ryu_controller,467937,29.8,59998208,4668,12353,17021,54,536.9413
2026-04-25T09:26:28.003054+00:00,recovery_scenario,iperf_tcp,50,3,,twin_core,467944,0.0,66826240,2466,481,2947,0,0.0
2026-04-25T09:26:28.003054+00:00,recovery_scenario,iperf_tcp,50,3,,ryu_controller,467937,10.0,59998208,4688,12353,17041,20,199.1932
2026-04-25T09:26:28.103464+00:00,recovery_scenario,iperf_tcp,50,3,,twin_core,467944,0.0,66826240,2466,481,2947,0,0.0
2026-04-25T09:26:28.103464+00:00,recovery_scenario,iperf_tcp,50,3,,ryu_controller,467937,19.9,59998208,4728,12353,17081,40,397.8584
2026-04-25T09:26:28.204075+00:00,recovery_scenario,iperf_tcp,50,3,,twin_core,467944,0.0,66826240,2466,481,2947,0,0.0
2026-04-25T09:26:28.204075+00:00,recovery_scenario,iperf_tcp,50,3,,ryu_controller,467937,9.9,59998208,4755,12354,17109,28,278.5945
2026-04-25T09:26:28.304503+00:00,recovery_scenario,iperf_tcp,50,3,,twin_core,467944,0.0,66826240,2466,481,2947,0,0.0
2026-04-25T09:26:28.304503+00:00,recovery_scenario,iperf_tcp,50,3,,ryu_controller,467937,10.0,59998208,4778,12354,17132,23,228.8577
2026-04-25T09:26:28.405065+00:00,recovery_scenario,iperf_tcp,50,3,,twin_core,467944,0.0,66826240,2466,481,2947,0,0.0
2026-04-25T09:26:28.405065+00:00,recovery_scenario,iperf_tcp,50,3,,ryu_controller,467937,10.0,59998208,4803,12354,17157,25,248.7533
2026-04-25T09:26:28.505510+00:00,recovery_scenario,iperf_tcp,50,3,,twin_core,467944,0.0,66826240,2466,481,2947,0,0.0
2026-04-25T09:26:28.505510+00:00,recovery_scenario,iperf_tcp,50,3,,ryu_controller,467937,19.9,59998208,4839,12354,17193,36,358.2892
2026-04-25T09:26:28.606049+00:00,recovery_scenario,iperf_tcp,50,3,,twin_core,467944,0.0,66826240,2466,481,2947,0,0.0
2026-04-25T09:26:28.606049+00:00,recovery_scenario,iperf_tcp,50,3,,ryu_controller,467937,10.0,59998208,4864,12354,17218,25,248.8684
2026-04-25T09:26:28.706433+00:00,recovery_scenario,iperf_tcp,50,3,,twin_core,467944,0.0,66826240,2466,481,2947,0,0.0
2026-04-25T09:26:28.706433+00:00,recovery_scenario,iperf_tcp,50,3,,ryu_controller,467937,19.9,59998208,4903,12355,17258,40,398.259
2026-04-25T09:26:28.806897+00:00,recovery_scenario,iperf_tcp,50,3,,twin_core,467944,0.0,66826240,2466,481,2947,0,0.0
2026-04-25T09:26:28.806897+00:00,recovery_scenario,iperf_tcp,50,3,,ryu_controller,467937,19.9,59998208,4936,12355,17291,33,328.4164
2026-04-25T09:26:28.907772+00:00,recovery_scenario,iperf_tcp,50,3,,twin_core,467944,0.0,66826240,2466,481,2947,0,0.0
2026-04-25T09:26:28.907772+00:00,recovery_scenario,iperf_tcp,50,3,,ryu_controller,467937,0.0,59998208,4967,12355,17322,31,307.335
2026-04-25T09:26:29.008222+00:00,recovery_scenario,iperf_tcp,50,3,,twin_core,467944,0.0,66826240,2466,481,2947,0,0.0
2026-04-25T09:26:29.008222+00:00,recovery_scenario,iperf_tcp,50,3,,ryu_controller,467937,19.9,59998208,5013,12355,17368,46,458.1094
2026-04-25T09:26:29.108633+00:00,recovery_scenario,iperf_tcp,50,3,,twin_core,467944,19.9,66850816,2466,481,2947,0,0.0
2026-04-25T09:26:29.108633+00:00,recovery_scenario,iperf_tcp,50,3,,ryu_controller,467937,39.8,60006400,5077,12355,17432,64,637.4707
2026-04-25T09:26:29.210681+00:00,recovery_scenario,iperf_tcp,50,3,,twin_core,467944,0.0,66850816,2474,482,2956,9,88.1935
2026-04-25T09:26:29.210681+00:00,recovery_scenario,iperf_tcp,50,3,,ryu_controller,467937,9.8,60006400,5106,12355,17461,29,284.1862
2026-04-25T09:26:29.311071+00:00,recovery_scenario,iperf_tcp,50,3,,twin_core,467944,0.0,66850816,2477,482,2959,3,29.879
2026-04-25T09:26:29.311071+00:00,recovery_scenario,iperf_tcp,50,3,,ryu_controller,467937,10.0,60006400,5124,12355,17479,18,179.2261
2026-04-25T09:26:29.411497+00:00,recovery_scenario,iperf_tcp,50,3,,twin_core,467944,0.0,66850816,2480,482,2962,3,29.8704
2026-04-25T09:26:29.411497+00:00,recovery_scenario,iperf_tcp,50,3,,ryu_controller,467937,10.0,60006400,5131,12355,17486,7,69.7125
2026-04-25T09:26:29.511937+00:00,recovery_scenario,iperf_tcp,50,3,,twin_core,467944,0.0,66850816,2480,482,2962,0,0.0
2026-04-25T09:26:29.511937+00:00,recovery_scenario,iperf_tcp,50,3,,ryu_controller,467937,0.0,60006400,5142,12355,17497,11,109.4274
2026-04-25T09:26:29.612455+00:00,recovery_scenario,iperf_tcp,50,3,,twin_core,467944,0.0,66850816,2483,482,2965,3,29.8385
2026-04-25T09:26:29.612455+00:00,recovery_scenario,iperf_tcp,50,3,,ryu_controller,467937,9.9,60006400,5154,12355,17509,12,119.3712
2026-04-25T09:26:29.714204+00:00,recovery_scenario,iperf_tcp,50,3,,twin_core,467944,0.0,66850816,2486,482,2968,3,29.5111
2026-04-25T09:26:29.714204+00:00,recovery_scenario,iperf_tcp,50,3,,ryu_controller,467937,9.8,60006400,5174,12355,17529,20,196.7858
2026-04-25T09:26:29.814609+00:00,recovery_scenario,iperf_tcp,50,3,,twin_core,467944,10.0,66850816,2491,482,2973,5,49.7928
2026-04-25T09:26:29.814609+00:00,recovery_scenario,iperf_tcp,50,3,,ryu_controller,467937,0.0,60006400,5179,12355,17534,5,49.7874
2026-04-25T09:26:29.915070+00:00,recovery_scenario,iperf_tcp,50,3,,twin_core,467944,0.0,66850816,2496,482,2978,5,49.7845
2026-04-25T09:26:29.915070+00:00,recovery_scenario,iperf_tcp,50,3,,ryu_controller,467937,69.6,60006400,5225,12355,17580,46,457.1922
2026-04-25T09:26:30.015679+00:00,recovery_scenario,iperf_tcp,50,3,,twin_core,467944,0.0,66850816,2501,482,2983,5,49.6817
2026-04-25T09:26:30.015679+00:00,recovery_scenario,iperf_tcp,50,3,,ryu_controller,467937,10.0,60006400,5246,12355,17601,21,209.0389
2026-04-25T09:26:30.118227+00:00,recovery_scenario,iperf_tcp,50,3,,twin_core,467944,0.0,66850816,2504,482,2986,3,29.2607
2026-04-25T09:26:30.118227+00:00,recovery_scenario,iperf_tcp,50,3,,ryu_controller,467937,9.8,60006400,5262,12355,17617,16,156.0769
2026-04-25T09:26:30.218721+00:00,recovery_scenario,iperf_tcp,50,3,,twin_core,467944,0.0,66850816,2507,482,2989,3,29.8243
2026-04-25T09:26:30.218721+00:00,recovery_scenario,iperf_tcp,50,3,,ryu_controller,467937,9.9,60006400,5279,12355,17634,17,168.9241
2026-04-25T09:26:30.319259+00:00,recovery_scenario,iperf_tcp,50,3,,twin_core,467944,0.0,66850816,2516,482,2998,9,89.5906
2026-04-25T09:26:30.319259+00:00,recovery_scenario,iperf_tcp,50,3,,ryu_controller,467937,0.0,60006400,5286,12355,17641,7,69.7065
2026-04-25T09:26:30.419820+00:00,recovery_scenario,iperf_tcp,50,3,,twin_core,467944,0.0,66850816,2519,482,3001,3,29.836
2026-04-25T09:26:30.419820+00:00,recovery_scenario,iperf_tcp,50,3,,ryu_controller,467937,9.9,60006400,5307,12355,17662,21,208.8418
2026-04-25T09:26:30.520247+00:00,recovery_scenario,iperf_tcp,50,3,,twin_core,467944,0.0,66850816,2522,482,3004,3,29.8638
2026-04-25T09:26:30.520247+00:00,recovery_scenario,iperf_tcp,50,3,,ryu_controller,467937,10.0,60006400,5322,12355,17677,15,149.075
2026-04-25T09:26:30.620913+00:00,recovery_scenario,iperf_tcp,50,3,,twin_core,467944,0.0,66850816,2525,482,3007,3,29.788
2026-04-25T09:26:30.620913+00:00,recovery_scenario,iperf_tcp,50,3,,ryu_controller,467937,9.9,60006400,5335,12355,17690,13,129.2814
2026-04-25T09:26:30.723223+00:00,recovery_scenario,iperf_tcp,50,3,,twin_core,467944,0.0,66850816,2528,482,3010,3,29.3317
2026-04-25T09:26:30.723223+00:00,recovery_scenario,iperf_tcp,50,3,,ryu_controller,467937,0.0,60006400,5347,12355,17702,12,117.3302
2026-04-25T09:26:30.823671+00:00,recovery_scenario,iperf_tcp,50,3,,twin_core,467944,0.0,66850816,2534,482,3016,6,59.7562
2026-04-25T09:26:30.823671+00:00,recovery_scenario,iperf_tcp,50,3,,ryu_controller,467937,0.0,60006400,5352,12355,17707,5,49.7996
2026-04-25T09:26:30.924177+00:00,recovery_scenario,iperf_tcp,50,3,,twin_core,467944,0.0,66850816,2543,482,3025,9,89.5186
2026-04-25T09:26:30.924177+00:00,recovery_scenario,iperf_tcp,50,3,,ryu_controller,467937,19.9,60006400,5390,12355,17745,38,377.9362
2026-04-25T09:26:31.024704+00:00,recovery_scenario,iperf_tcp,50,3,,twin_core,467944,0.0,66850816,2549,482,3031,6,59.7046
2026-04-25T09:26:31.024704+00:00,recovery_scenario,iperf_tcp,50,3,,ryu_controller,467937,0.0,60006400,5411,12355,17766,21,209.0036
2026-04-25T09:26:31.125111+00:00,recovery_scenario,iperf_tcp,50,3,,twin_core,467944,0.0,66850816,2552,482,3034,3,29.8856
2026-04-25T09:26:31.125111+00:00,recovery_scenario,iperf_tcp,50,3,,ryu_controller,467937,19.9,60006400,5436,12355,17791,25,249.0691
2026-04-25T09:26:31.225519+00:00,recovery_scenario,iperf_tcp,50,3,,twin_core,467944,19.9,66904064,2558,482,3040,6,59.6789
2026-04-25T09:26:31.225519+00:00,recovery_scenario,iperf_tcp,50,3,,ryu_controller,467937,49.7,60006400,5467,12355,17822,31,308.2415
2026-04-25T09:26:31.326174+00:00,recovery_scenario,iperf_tcp,50,3,,twin_core,467944,0.0,66904064,2567,482,3049,9,89.5071
2026-04-25T09:26:31.326174+00:00,recovery_scenario,iperf_tcp,50,3,,ryu_controller,467937,9.9,60006400,5491,12355,17846,24,238.7431
2026-04-25T09:26:31.427044+00:00,recovery_scenario,iperf_tcp,50,3,,twin_core,467944,0.0,66904064,2570,482,3052,3,29.7255
2026-04-25T09:26:31.427044+00:00,recovery_scenario,iperf_tcp,50,3,,ryu_controller,467937,9.9,60006400,5511,12355,17866,20,198.1313
2026-04-25T09:26:31.532391+00:00,recovery_scenario,iperf_tcp,50,3,,twin_core,467944,0.0,66904064,2573,482,3055,3,28.3416
2026-04-25T09:26:31.532391+00:00,recovery_scenario,iperf_tcp,50,3,,ryu_controller,467937,0.0,60006400,5516,12355,17871,5,47.2123
2026-04-25T09:26:31.637772+00:00,recovery_scenario,iperf_tcp,50,3,,twin_core,467944,0.0,66904064,2578,482,3060,5,47.6671
2026-04-25T09:26:31.637772+00:00,recovery_scenario,iperf_tcp,50,3,,ryu_controller,467937,0.0,60006400,5520,12355,17875,4,38.1477
2026-04-25T09:26:31.739476+00:00,recovery_scenario,iperf_tcp,50,3,,twin_core,467944,0.0,66904064,2590,482,3072,12,117.9519
2026-04-25T09:26:31.739476+00:00,recovery_scenario,iperf_tcp,50,3,,ryu_controller,467937,0.0,60006400,5524,12355,17879,4,39.3232
2026-04-25T09:26:31.840010+00:00,recovery_scenario,iperf_tcp,50,3,,twin_core,467944,9.9,66904064,2593,482,3075,3,29.8676
2026-04-25T09:26:31.840010+00:00,recovery_scenario,iperf_tcp,50,3,,ryu_controller,467937,19.9,60006400,5557,12355,17912,33,328.5844
2026-04-25T09:26:31.940461+00:00,recovery_scenario,iperf_tcp,50,3,,twin_core,467944,0.0,66904064,2593,482,3075,0,0.0
2026-04-25T09:26:31.940461+00:00,recovery_scenario,iperf_tcp,50,3,,ryu_controller,467937,29.8,60006400,5587,12356,17943,31,308.282
2026-04-25T09:26:32.042499+00:00,recovery_scenario,iperf_tcp,50,3,,twin_core,467944,0.0,66904064,2599,482,3081,6,58.8113
2026-04-25T09:26:32.042499+00:00,recovery_scenario,iperf_tcp,50,3,,ryu_controller,467937,39.2,60006400,5606,12358,17964,21,205.8392
2026-04-25T09:26:32.144365+00:00,recovery_scenario,iperf_tcp,50,3,,twin_core,467944,0.0,66904064,2608,482,3090,9,88.4212
2026-04-25T09:26:32.144365+00:00,recovery_scenario,iperf_tcp,50,3,,ryu_controller,467937,9.8,60006400,5631,12358,17989,25,245.2293
2026-04-25T09:26:32.244969+00:00,recovery_scenario,iperf_tcp,50,3,,twin_core,467944,0.0,66904064,2614,482,3096,6,59.6484
2026-04-25T09:26:32.244969+00:00,recovery_scenario,iperf_tcp,50,3,,ryu_controller,467937,10.0,60006400,5656,12358,18014,25,248.9981
2026-04-25T09:26:32.347221+00:00,recovery_scenario,iperf_tcp,50,3,,twin_core,467944,0.0,66904064,2614,482,3096,0,0.0
2026-04-25T09:26:32.347221+00:00,recovery_scenario,iperf_tcp,50,3,,ryu_controller,467937,18.5,60006400,5661,12358,18019,5,46.2051
2026-04-25T09:26:32.453677+00:00,recovery_scenario,iperf_tcp,50,3,,twin_core,467944,9.4,66904064,2617,482,3099,3,29.7294
2026-04-25T09:26:32.453677+00:00,recovery_scenario,iperf_tcp,50,3,,ryu_controller,467937,39.7,60006400,5675,12360,18035,16,158.7083
2026-04-25T09:26:32.559004+00:00,recovery_scenario,iperf_tcp,50,3,,twin_core,467944,0.0,66904064,2623,482,3105,6,57.0503
2026-04-25T09:26:32.559004+00:00,recovery_scenario,iperf_tcp,50,3,,ryu_controller,467937,0.0,60006400,5685,12360,18045,10,95.1203
2026-04-25T09:26:32.662360+00:00,recovery_scenario,iperf_tcp,50,3,,twin_core,467944,0.0,66904064,2629,482,3111,6,58.0462
2026-04-25T09:26:32.662360+00:00,recovery_scenario,iperf_tcp,50,3,,ryu_controller,467937,0.0,60006400,5696,12360,18056,11,106.4216
2026-04-25T09:26:32.764922+00:00,recovery_scenario,iperf_tcp,50,3,,twin_core,467944,0.0,66904064,2632,482,3114,3,29.2749
2026-04-25T09:26:32.764922+00:00,recovery_scenario,iperf_tcp,50,3,,ryu_controller,467937,29.3,60006400,5727,12360,18087,31,302.5639
2026-04-25T09:26:32.869451+00:00,recovery_scenario,iperf_tcp,50,3,,twin_core,467944,0.0,66904064,2635,482,3117,3,28.6709
2026-04-25T09:26:32.869451+00:00,recovery_scenario,iperf_tcp,50,3,,ryu_controller,467937,0.0,60006400,5730,12360,18090,3,28.6636
2026-04-25T09:26:32.911671+00:00,recovery_scenario,iperf_tcp,50,3,pingall_completed,,,,,,,,,
2026-04-25T09:26:32.976056+00:00,recovery_scenario,iperf_tcp,50,3,,twin_core,467944,0.0,66904064,2646,482,3128,11,103.2568
2026-04-25T09:26:32.976056+00:00,recovery_scenario,iperf_tcp,50,3,,ryu_controller,467937,0.0,60006400,5751,12360,18111,21,197.1538
2026-04-25T09:26:33.076513+00:00,recovery_scenario,iperf_tcp,50,3,,twin_core,467944,0.0,66904064,2646,482,3128,0,0.0
2026-04-25T09:26:33.076513+00:00,recovery_scenario,iperf_tcp,50,3,,ryu_controller,467937,0.0,60006400,5755,12360,18115,4,39.8106
2026-04-25T09:26:33.177080+00:00,recovery_scenario,iperf_tcp,50,3,,twin_core,467944,9.9,66904064,2646,482,3128,0,0.0
2026-04-25T09:26:33.177080+00:00,recovery_scenario,iperf_tcp,50,3,,ryu_controller,467937,0.0,60006400,5759,12360,18119,4,39.611
2026-04-25T09:26:33.278018+00:00,recovery_scenario,iperf_tcp,50,3,,twin_core,467944,9.9,66953216,2646,482,3128,0,0.0
2026-04-25T09:26:33.278018+00:00,recovery_scenario,iperf_tcp,50,3,,ryu_controller,467937,89.4,60014592,5802,12363,18165,46,458.1146
2026-04-25T09:26:33.381534+00:00,recovery_scenario,iperf_tcp,50,3,,twin_core,467944,0.0,66953216,2646,482,3128,0,0.0
2026-04-25T09:26:33.381534+00:00,recovery_scenario,iperf_tcp,50,3,,ryu_controller,467937,0.0,60014592,5806,12363,18169,4,38.5616
2026-04-25T09:26:33.482665+00:00,recovery_scenario,iperf_tcp,50,3,,twin_core,467944,0.0,66953216,2646,482,3128,0,0.0
2026-04-25T09:26:33.482665+00:00,recovery_scenario,iperf_tcp,50,3,,ryu_controller,467937,0.0,60014592,5809,12363,18172,3,29.6914
2026-04-25T09:26:33.592739+00:00,recovery_scenario,iperf_tcp,50,3,,twin_core,467944,0.0,66953216,2646,482,3128,0,0.0
2026-04-25T09:26:33.592739+00:00,recovery_scenario,iperf_tcp,50,3,,ryu_controller,467937,0.0,60014592,5813,12363,18176,4,36.2468
2026-04-25T09:26:33.703863+00:00,recovery_scenario,iperf_tcp,50,3,,twin_core,467944,0.0,66953216,2646,482,3128,0,0.0
2026-04-25T09:26:33.703863+00:00,recovery_scenario,iperf_tcp,50,3,,ryu_controller,467937,8.9,60014592,5817,12363,18180,4,35.59
2026-04-25T09:26:33.815337+00:00,recovery_scenario,iperf_tcp,50,3,,twin_core,467944,0.0,66953216,2646,482,3128,0,0.0
2026-04-25T09:26:33.815337+00:00,recovery_scenario,iperf_tcp,50,3,,ryu_controller,467937,0.0,60014592,5819,12363,18182,2,18.1122
2026-04-25T09:26:33.928462+00:00,recovery_scenario,iperf_tcp,50,3,,twin_core,467944,17.6,66953216,2648,482,3130,2,15.5698
2026-04-25T09:26:33.928462+00:00,recovery_scenario,iperf_tcp,50,3,,ryu_controller,467937,0.0,60014592,5823,12363,18186,4,31.1094
2026-04-25T09:26:34.044954+00:00,recovery_scenario,iperf_tcp,50,3,,twin_core,467944,0.0,66953216,2653,482,3135,5,49.6303
2026-04-25T09:26:34.044954+00:00,recovery_scenario,iperf_tcp,50,3,,ryu_controller,467937,59.7,60014592,5862,12363,18225,39,388.2756
2026-04-25T09:26:34.145372+00:00,recovery_scenario,iperf_tcp,50,3,,twin_core,467944,0.0,66953216,2653,482,3135,0,0.0
2026-04-25T09:26:34.145372+00:00,recovery_scenario,iperf_tcp,50,3,,ryu_controller,467937,19.9,60014592,5898,12363,18261,36,357.6262
2026-04-25T09:26:34.246121+00:00,recovery_scenario,iperf_tcp,50,3,,twin_core,467944,0.0,66953216,2653,482,3135,0,0.0
2026-04-25T09:26:34.246121+00:00,recovery_scenario,iperf_tcp,50,3,,ryu_controller,467937,9.9,60014592,5937,12364,18301,40,397.8157
2026-04-25T09:26:34.346762+00:00,recovery_scenario,iperf_tcp,50,3,,twin_core,467944,0.0,66953216,2653,482,3135,0,0.0
2026-04-25T09:26:34.346762+00:00,recovery_scenario,iperf_tcp,50,3,,ryu_controller,467937,0.0,60014592,5955,12364,18319,18,178.6933
2026-04-25T09:26:34.448638+00:00,recovery_scenario,iperf_tcp,50,3,,twin_core,467944,0.0,66953216,2653,482,3135,0,0.0
2026-04-25T09:26:34.448638+00:00,recovery_scenario,iperf_tcp,50,3,,ryu_controller,467937,0.0,60014592,5969,12367,18336,17,165.1261
2026-04-25T09:26:34.550414+00:00,recovery_scenario,iperf_tcp,50,3,,twin_core,467944,0.0,66953216,2653,482,3135,0,0.0
2026-04-25T09:26:34.550414+00:00,recovery_scenario,iperf_tcp,50,3,,ryu_controller,467937,0.0,60014592,5977,12372,18349,13,128.7823
2026-04-25T09:26:34.651303+00:00,recovery_scenario,iperf_tcp,50,3,,twin_core,467944,0.0,66953216,2653,482,3135,0,0.0
2026-04-25T09:26:34.651303+00:00,recovery_scenario,iperf_tcp,50,3,,ryu_controller,467937,0.0,60014592,5993,12382,18375,26,256.481
2026-04-25T09:26:34.752921+00:00,recovery_scenario,iperf_tcp,50,3,,twin_core,467944,0.0,66953216,2653,482,3135,0,0.0
2026-04-25T09:26:34.752921+00:00,recovery_scenario,iperf_tcp,50,3,,ryu_controller,467937,0.0,60014592,6008,12387,18395,20,195.3412
2026-04-25T09:26:34.855053+00:00,recovery_scenario,iperf_tcp,50,3,,twin_core,467944,9.8,66953216,2653,482,3135,0,0.0
2026-04-25T09:26:34.855053+00:00,recovery_scenario,iperf_tcp,50,3,,ryu_controller,467937,0.0,60014592,6023,12394,18417,22,215.5984
2026-04-25T09:26:34.945309+00:00,recovery_scenario,iperf_tcp,50,3,background_traffic_started,,,,,,,,,
2026-04-25T09:26:34.956970+00:00,recovery_scenario,iperf_tcp,50,3,,twin_core,467944,0.0,66953216,2654,492,3146,11,109.557
2026-04-25T09:26:34.956970+00:00,recovery_scenario,iperf_tcp,50,3,,ryu_controller,467937,10.0,60014592,6059,12402,18461,44,438.4165
2026-04-25T09:26:35.057398+00:00,recovery_scenario,iperf_tcp,50,3,,twin_core,467944,10.0,66953216,2672,519,3191,45,448.0931
2026-04-25T09:26:35.057398+00:00,recovery_scenario,iperf_tcp,50,3,,ryu_controller,467937,39.8,60014592,6077,12479,18556,95,945.2115
2026-04-25T09:26:35.134352+00:00,recovery_scenario,iperf_tcp,50,3,fault_injected,,,,,,,,,
2026-04-25T09:26:35.160643+00:00,recovery_scenario,iperf_tcp,50,3,,twin_core,467944,0.0,66965504,2684,541,3225,34,329.2725
2026-04-25T09:26:35.160643+00:00,recovery_scenario,iperf_tcp,50,3,,ryu_controller,467937,48.5,60014592,6089,12578,18667,111,1075.6889
2026-04-25T09:26:35.261050+00:00,recovery_scenario,iperf_tcp,50,3,,twin_core,467944,0.0,66965504,2684,541,3225,0,0.0
2026-04-25T09:26:35.261050+00:00,recovery_scenario,iperf_tcp,50,3,,ryu_controller,467937,69.7,60014592,6089,12796,18885,218,2171.2629
2026-04-25T09:26:35.362707+00:00,recovery_scenario,iperf_tcp,50,3,,twin_core,467944,0.0,66965504,2684,541,3225,0,0.0
2026-04-25T09:26:35.362707+00:00,recovery_scenario,iperf_tcp,50,3,,ryu_controller,467937,98.4,60035072,6089,12919,19008,123,1209.6648
2026-04-25T09:26:35.463115+00:00,recovery_scenario,iperf_tcp,50,3,,twin_core,467944,0.0,66965504,2684,541,3225,0,0.0
2026-04-25T09:26:35.463115+00:00,recovery_scenario,iperf_tcp,50,3,,ryu_controller,467937,89.6,60035072,6089,13045,19134,126,1255.3461
2026-04-25T09:26:35.563503+00:00,recovery_scenario,iperf_tcp,50,3,,twin_core,467944,10.0,66965504,2684,541,3225,0,0.0
2026-04-25T09:26:35.563503+00:00,recovery_scenario,iperf_tcp,50,3,,ryu_controller,467937,99.4,60035072,6089,13157,19246,112,1113.3212
2026-04-25T09:26:35.664714+00:00,recovery_scenario,iperf_tcp,50,3,,twin_core,467944,0.0,66965504,2685,541,3226,1,9.8986
2026-04-25T09:26:35.664714+00:00,recovery_scenario,iperf_tcp,50,3,,ryu_controller,467937,99.0,60035072,6089,13276,19365,119,1178.2691
2026-04-25T09:26:35.765085+00:00,recovery_scenario,iperf_tcp,50,3,,twin_core,467944,0.0,66965504,2685,541,3226,0,0.0
2026-04-25T09:26:35.765085+00:00,recovery_scenario,iperf_tcp,50,3,,ryu_controller,467937,99.6,60035072,6089,13427,19516,151,1503.6973
2026-04-25T09:26:35.865751+00:00,recovery_scenario,iperf_tcp,50,3,,twin_core,467944,9.9,66965504,2685,541,3226,0,0.0
2026-04-25T09:26:35.865751+00:00,recovery_scenario,iperf_tcp,50,3,,ryu_controller,467937,89.4,60035072,6089,13583,19672,156,1549.7558
2026-04-25T09:26:35.966753+00:00,recovery_scenario,iperf_tcp,50,3,,twin_core,467944,0.0,66965504,2685,541,3226,0,0.0
2026-04-25T09:26:35.966753+00:00,recovery_scenario,iperf_tcp,50,3,,ryu_controller,467937,99.0,60035072,6089,13804,19893,221,2188.6114
2026-04-25T09:26:36.067149+00:00,recovery_scenario,iperf_tcp,50,3,,twin_core,467944,0.0,66965504,2685,541,3226,0,0.0
2026-04-25T09:26:36.067149+00:00,recovery_scenario,iperf_tcp,50,3,,ryu_controller,467937,89.7,60035072,6089,14018,20107,214,2131.7143
2026-04-25T09:26:36.168733+00:00,recovery_scenario,iperf_tcp,50,3,,twin_core,467944,9.8,66969600,2690,550,3240,14,137.8223
2026-04-25T09:26:36.168733+00:00,recovery_scenario,iperf_tcp,50,3,,ryu_controller,467937,88.6,60035072,6096,14162,20258,151,1482.2041
2026-04-25T09:26:36.262000+00:00,recovery_scenario,iperf_tcp,50,3,recovery_requested,,,,,,,,,
2026-04-25T09:26:36.269538+00:00,recovery_scenario,iperf_tcp,50,3,,twin_core,467944,9.9,66973696,2719,569,3288,48,475.3935
2026-04-25T09:26:36.269538+00:00,recovery_scenario,iperf_tcp,50,3,,ryu_controller,467937,69.3,60035072,6127,14270,20397,139,1380.7561
2026-04-25T09:26:36.373414+00:00,recovery_scenario,iperf_tcp,50,3,,twin_core,467944,0.0,66973696,2719,569,3288,0,0.0
2026-04-25T09:26:36.373414+00:00,recovery_scenario,iperf_tcp,50,3,,ryu_controller,467937,28.9,60035072,6154,14400,20554,157,1511.0911
2026-04-25T09:26:36.473975+00:00,recovery_scenario,iperf_tcp,50,3,,twin_core,467944,0.0,66973696,2719,569,3288,0,0.0
2026-04-25T09:26:36.473975+00:00,recovery_scenario,iperf_tcp,50,3,,ryu_controller,467937,79.7,60035072,6154,14568,20722,168,1673.1113
2026-04-25T09:26:36.574462+00:00,recovery_scenario,iperf_tcp,50,3,,twin_core,467944,0.0,66973696,2719,569,3288,0,0.0
2026-04-25T09:26:36.574462+00:00,recovery_scenario,iperf_tcp,50,3,,ryu_controller,467937,109.4,60035072,6154,14599,20753,31,308.1671
2026-04-25T09:26:36.674948+00:00,recovery_scenario,iperf_tcp,50,3,,twin_core,467944,0.0,66973696,2719,569,3288,0,0.0
2026-04-25T09:26:36.674948+00:00,recovery_scenario,iperf_tcp,50,3,,ryu_controller,467937,99.6,60035072,6154,14600,20754,1,9.9619
2026-04-25T09:26:36.775347+00:00,recovery_scenario,iperf_tcp,50,3,,twin_core,467944,0.0,66973696,2720,569,3289,1,9.9385
2026-04-25T09:26:36.775347+00:00,recovery_scenario,iperf_tcp,50,3,,ryu_controller,467937,99.4,60035072,6154,14605,20759,5,49.653
2026-04-25T09:26:36.876088+00:00,recovery_scenario,iperf_tcp,50,3,,twin_core,467944,0.0,66973696,2720,569,3289,0,0.0
2026-04-25T09:26:36.876088+00:00,recovery_scenario,iperf_tcp,50,3,,ryu_controller,467937,99.5,60035072,6154,14619,20773,14,139.4222
2026-04-25T09:26:36.976538+00:00,recovery_scenario,iperf_tcp,50,3,,twin_core,467944,0.0,66973696,2720,569,3289,0,0.0
2026-04-25T09:26:36.976538+00:00,recovery_scenario,iperf_tcp,50,3,,ryu_controller,467937,99.3,60035072,6154,14626,20780,7,69.5191
2026-04-25T09:26:37.077167+00:00,recovery_scenario,iperf_tcp,50,3,,twin_core,467944,0.0,66973696,2720,569,3289,0,0.0
2026-04-25T09:26:37.077167+00:00,recovery_scenario,iperf_tcp,50,3,,ryu_controller,467937,89.6,60035072,6154,14632,20786,6,59.7107
2026-04-25T09:26:37.177852+00:00,recovery_scenario,iperf_tcp,50,3,,twin_core,467944,0.0,66973696,2720,569,3289,0,0.0
2026-04-25T09:26:37.177852+00:00,recovery_scenario,iperf_tcp,50,3,,ryu_controller,467937,108.9,60035072,6154,14644,20798,12,118.8383
2026-04-25T09:26:37.300936+00:00,recovery_scenario,iperf_tcp,50,3,,twin_core,467944,7.0,66973696,2721,570,3291,2,13.4509
2026-04-25T09:26:37.300936+00:00,recovery_scenario,iperf_tcp,50,3,,ryu_controller,467937,70.5,60035072,6154,14719,20873,75,470.9444
2026-04-25T09:26:37.438087+00:00,recovery_scenario,iperf_tcp,50,3,,twin_core,467944,17.1,66973696,2721,570,3291,0,0.0
2026-04-25T09:26:37.438087+00:00,recovery_scenario,iperf_tcp,50,3,,ryu_controller,467937,85.9,60035072,6154,14923,21077,204,2011.0167
2026-04-25T09:26:37.539521+00:00,recovery_scenario,iperf_tcp,50,3,,twin_core,467944,0.0,66973696,2721,570,3291,0,0.0
2026-04-25T09:26:37.539521+00:00,recovery_scenario,iperf_tcp,50,3,,ryu_controller,467937,99.1,60035072,6154,15026,21180,103,1021.2338
2026-04-25T09:26:37.640181+00:00,recovery_scenario,iperf_tcp,50,3,,twin_core,467944,0.0,66973696,2721,570,3291,0,0.0
2026-04-25T09:26:37.640181+00:00,recovery_scenario,iperf_tcp,50,3,,ryu_controller,467937,49.8,60035072,6166,15030,21196,16,159.2257
2026-04-25T09:26:37.740975+00:00,recovery_scenario,iperf_tcp,50,3,,twin_core,467944,0.0,66973696,2721,570,3291,0,0.0
2026-04-25T09:26:37.740975+00:00,recovery_scenario,iperf_tcp,50,3,,ryu_controller,467937,9.9,60035072,6201,15030,21231,35,346.072
2026-04-25T09:26:37.842054+00:00,recovery_scenario,iperf_tcp,50,3,,twin_core,467944,0.0,66973696,2722,570,3292,1,9.9061
2026-04-25T09:26:37.842054+00:00,recovery_scenario,iperf_tcp,50,3,,ryu_controller,467937,0.0,60035072,6210,15030,21240,9,89.2853
2026-04-25T09:26:37.942702+00:00,recovery_scenario,iperf_tcp,50,3,,twin_core,467944,0.0,66973696,2722,570,3292,0,0.0
2026-04-25T09:26:37.942702+00:00,recovery_scenario,iperf_tcp,50,3,,ryu_controller,467937,9.9,60035072,6217,15032,21249,9,89.1492
2026-04-25T09:26:38.044072+00:00,recovery_scenario,iperf_tcp,50,3,,twin_core,467944,0.0,66973696,2722,570,3292,0,0.0
2026-04-25T09:26:38.044072+00:00,recovery_scenario,iperf_tcp,50,3,,ryu_controller,467937,0.0,60035072,6222,15032,21254,5,49.494
2026-04-25T09:26:38.144801+00:00,recovery_scenario,iperf_tcp,50,3,,twin_core,467944,9.9,66973696,2722,570,3292,0,0.0
2026-04-25T09:26:38.144801+00:00,recovery_scenario,iperf_tcp,50,3,,ryu_controller,467937,9.9,60035072,6232,15033,21265,11,109.0084
2026-04-25T09:26:38.245499+00:00,recovery_scenario,iperf_tcp,50,3,,twin_core,467944,9.9,66994176,2722,570,3292,0,0.0
2026-04-25T09:26:38.245499+00:00,recovery_scenario,iperf_tcp,50,3,,ryu_controller,467937,59.7,60035072,6286,15041,21327,62,615.258
2026-04-25T09:26:38.346393+00:00,recovery_scenario,iperf_tcp,50,3,,twin_core,467944,9.9,66994176,2735,571,3306,14,138.9716
2026-04-25T09:26:38.346393+00:00,recovery_scenario,iperf_tcp,50,3,,ryu_controller,467937,89.3,60035072,6335,15048,21383,56,556.1255
2026-04-25T09:26:38.397379+00:00,recovery_scenario,iperf_tcp,50,3,scenario_teardown,,,,,,,,,
2026-04-25T09:26:38.447029+00:00,recovery_scenario,iperf_tcp,50,3,,twin_core,467944,19.9,66994176,2758,587,3345,39,387.1066
2026-04-25T09:26:38.447029+00:00,recovery_scenario,iperf_tcp,50,3,,ryu_controller,467937,29.8,60035072,6372,15060,21432,49,486.1341
2026-04-25T09:26:38.547879+00:00,recovery_scenario,iperf_tcp,50,3,,twin_core,467944,9.9,66994176,2782,589,3371,26,257.5042
2026-04-25T09:26:38.547879+00:00,recovery_scenario,iperf_tcp,50,3,,ryu_controller,467937,19.8,60035072,6381,15064,21445,13,128.9187
2026-04-25T09:26:38.648831+00:00,recovery_scenario,iperf_tcp,50,3,,twin_core,467944,0.0,66994176,2802,589,3391,20,198.5398
2026-04-25T09:26:38.648831+00:00,recovery_scenario,iperf_tcp,50,3,,ryu_controller,467937,19.9,60035072,6389,15066,21455,10,99.3367
2026-04-25T09:26:38.749316+00:00,recovery_scenario,iperf_tcp,50,3,,twin_core,467944,0.0,66994176,2802,589,3391,0,0.0
2026-04-25T09:26:38.749316+00:00,recovery_scenario,iperf_tcp,50,3,,ryu_controller,467937,0.0,60035072,6394,15066,21460,5,49.7233
2026-04-25T09:26:39.254499+00:00,recovery_scenario,iperf_tcp,50,4,,twin_core,467944,0.0,66994176,3205,628,3833,0,0.0
2026-04-25T09:26:39.254499+00:00,recovery_scenario,iperf_tcp,50,4,,ryu_controller,467937,0.0,60035072,6460,15070,21530,0,0.0
2026-04-25T09:26:39.356510+00:00,recovery_scenario,iperf_tcp,50,4,,twin_core,467944,9.8,66994176,3266,631,3897,64,636.2518
2026-04-25T09:26:39.356510+00:00,recovery_scenario,iperf_tcp,50,4,,ryu_controller,467937,39.8,60035072,6492,15088,21580,50,496.3338
2026-04-25T09:26:39.457154+00:00,recovery_scenario,iperf_tcp,50,4,,twin_core,467944,0.0,66994176,3380,634,4014,117,1163.1782
2026-04-25T09:26:39.457154+00:00,recovery_scenario,iperf_tcp,50,4,,ryu_controller,467937,29.8,60035072,6540,15090,21630,50,497.8936
2026-04-25T09:26:39.479886+00:00,recovery_scenario,iperf_tcp,50,4,service_started,,,,,,,,,
2026-04-25T09:26:39.559645+00:00,recovery_scenario,iperf_tcp,50,4,,twin_core,467944,19.5,66994176,3409,635,4044,30,292.6252
2026-04-25T09:26:39.559645+00:00,recovery_scenario,iperf_tcp,50,4,,ryu_controller,467937,39.0,60035072,6606,15092,21698,68,663.1652
2026-04-25T09:26:39.660156+00:00,recovery_scenario,iperf_tcp,50,4,,twin_core,467944,0.0,66994176,3410,635,4045,1,9.9539
2026-04-25T09:26:39.660156+00:00,recovery_scenario,iperf_tcp,50,4,,ryu_controller,467937,10.0,60035072,6632,15092,21724,26,258.8205
2026-04-25T09:26:39.761511+00:00,recovery_scenario,iperf_tcp,50,4,,twin_core,467944,0.0,66994176,3410,635,4045,0,0.0
2026-04-25T09:26:39.761511+00:00,recovery_scenario,iperf_tcp,50,4,,ryu_controller,467937,29.6,60035072,6671,15092,21763,39,384.2548
2026-04-25T09:26:39.862102+00:00,recovery_scenario,iperf_tcp,50,4,,twin_core,467944,0.0,66994176,3410,635,4045,0,0.0
2026-04-25T09:26:39.862102+00:00,recovery_scenario,iperf_tcp,50,4,,ryu_controller,467937,9.9,60035072,6689,15092,21781,18,178.5387
2026-04-25T09:26:39.971915+00:00,recovery_scenario,iperf_tcp,50,4,,twin_core,467944,0.0,66994176,3410,635,4045,0,0.0
2026-04-25T09:26:39.971915+00:00,recovery_scenario,iperf_tcp,50,4,,ryu_controller,467937,0.0,60035072,6692,15092,21784,3,27.3589
2026-04-25T09:26:40.077739+00:00,recovery_scenario,iperf_tcp,50,4,,twin_core,467944,0.0,66994176,3410,635,4045,0,0.0
2026-04-25T09:26:40.077739+00:00,recovery_scenario,iperf_tcp,50,4,,ryu_controller,467937,9.5,60035072,6713,15092,21805,21,198.8559
2026-04-25T09:26:40.178194+00:00,recovery_scenario,iperf_tcp,50,4,,twin_core,467944,0.0,66994176,3410,635,4045,0,0.0
2026-04-25T09:26:40.178194+00:00,recovery_scenario,iperf_tcp,50,4,,ryu_controller,467937,19.9,60035072,6749,15092,21841,36,358.2111
2026-04-25T09:26:40.278623+00:00,recovery_scenario,iperf_tcp,50,4,,twin_core,467944,0.0,66994176,3410,635,4045,0,0.0
2026-04-25T09:26:40.278623+00:00,recovery_scenario,iperf_tcp,50,4,,ryu_controller,467937,19.9,60035072,6782,15093,21875,34,338.6025
2026-04-25T09:26:40.379060+00:00,recovery_scenario,iperf_tcp,50,4,,twin_core,467944,0.0,66994176,3410,635,4045,0,0.0
2026-04-25T09:26:40.379060+00:00,recovery_scenario,iperf_tcp,50,4,,ryu_controller,467937,39.9,60035072,6851,15093,21944,69,687.46
2026-04-25T09:26:40.479428+00:00,recovery_scenario,iperf_tcp,50,4,,twin_core,467944,0.0,66994176,3410,635,4045,0,0.0
2026-04-25T09:26:40.479428+00:00,recovery_scenario,iperf_tcp,50,4,,ryu_controller,467937,19.9,60035072,6876,15093,21969,25,248.7521
2026-04-25T09:26:40.579941+00:00,recovery_scenario,iperf_tcp,50,4,,twin_core,467944,0.0,66994176,3410,635,4045,0,0.0
2026-04-25T09:26:40.579941+00:00,recovery_scenario,iperf_tcp,50,4,,ryu_controller,467937,19.9,60035072,6925,15093,22018,49,487.8853
2026-04-25T09:26:40.680438+00:00,recovery_scenario,iperf_tcp,50,4,,twin_core,467944,0.0,66994176,3410,635,4045,0,0.0
2026-04-25T09:26:40.680438+00:00,recovery_scenario,iperf_tcp,50,4,,ryu_controller,467937,9.9,60035072,6946,15093,22039,21,208.6592
2026-04-25T09:26:40.781440+00:00,recovery_scenario,iperf_tcp,50,4,,twin_core,467944,0.0,66994176,3410,635,4045,0,0.0
2026-04-25T09:26:40.781440+00:00,recovery_scenario,iperf_tcp,50,4,,ryu_controller,467937,9.9,60035072,6965,15093,22058,19,188.2604
2026-04-25T09:26:40.881948+00:00,recovery_scenario,iperf_tcp,50,4,,twin_core,467944,0.0,66994176,3410,635,4045,0,0.0
2026-04-25T09:26:40.881948+00:00,recovery_scenario,iperf_tcp,50,4,,ryu_controller,467937,39.8,60035072,6986,15093,22079,21,209.0457
2026-04-25T09:26:40.982435+00:00,recovery_scenario,iperf_tcp,50,4,,twin_core,467944,0.0,66994176,3410,635,4045,0,0.0
2026-04-25T09:26:40.982435+00:00,recovery_scenario,iperf_tcp,50,4,,ryu_controller,467937,19.9,60035072,7005,15093,22098,19,188.779
2026-04-25T09:26:41.083028+00:00,recovery_scenario,iperf_tcp,50,4,,twin_core,467944,0.0,66994176,3410,635,4045,0,0.0
2026-04-25T09:26:41.083028+00:00,recovery_scenario,iperf_tcp,50,4,,ryu_controller,467937,10.0,60035072,7029,15093,22122,24,238.9995
2026-04-25T09:26:41.183460+00:00,recovery_scenario,iperf_tcp,50,4,,twin_core,467944,0.0,66994176,3410,635,4045,0,0.0
2026-04-25T09:26:41.183460+00:00,recovery_scenario,iperf_tcp,50,4,,ryu_controller,467937,29.9,60035072,7069,15093,22162,40,398.1282
2026-04-25T09:26:41.283923+00:00,recovery_scenario,iperf_tcp,50,4,,twin_core,467944,10.0,66994176,3410,635,4045,0,0.0
2026-04-25T09:26:41.283923+00:00,recovery_scenario,iperf_tcp,50,4,,ryu_controller,467937,19.9,60035072,7119,15093,22212,50,497.6972
2026-04-25T09:26:41.388635+00:00,recovery_scenario,iperf_tcp,50,4,,twin_core,467944,0.0,66994176,3410,635,4045,0,0.0
2026-04-25T09:26:41.388635+00:00,recovery_scenario,iperf_tcp,50,4,,ryu_controller,467937,9.5,60035072,7166,15093,22259,47,448.6739
2026-04-25T09:26:41.490647+00:00,recovery_scenario,iperf_tcp,50,4,,twin_core,467944,0.0,66994176,3410,635,4045,0,0.0
2026-04-25T09:26:41.490647+00:00,recovery_scenario,iperf_tcp,50,4,,ryu_controller,467937,9.8,60035072,7172,15093,22265,6,58.8326
2026-04-25T09:26:41.591183+00:00,recovery_scenario,iperf_tcp,50,4,,twin_core,467944,9.9,66994176,3411,635,4046,1,9.9493
2026-04-25T09:26:41.591183+00:00,recovery_scenario,iperf_tcp,50,4,,ryu_controller,467937,29.9,60035072,7225,15093,22318,53,527.2857
2026-04-25T09:26:41.691688+00:00,recovery_scenario,iperf_tcp,50,4,,twin_core,467944,0.0,66994176,3418,635,4053,7,69.6346
2026-04-25T09:26:41.691688+00:00,recovery_scenario,iperf_tcp,50,4,,ryu_controller,467937,19.9,60035072,7256,15093,22349,31,308.3933
2026-04-25T09:26:41.793542+00:00,recovery_scenario,iperf_tcp,50,4,,twin_core,467944,0.0,66994176,3421,635,4056,3,29.4484
2026-04-25T09:26:41.793542+00:00,recovery_scenario,iperf_tcp,50,4,,ryu_controller,467937,9.8,60035072,7276,15093,22369,20,196.3688
2026-04-25T09:26:41.895417+00:00,recovery_scenario,iperf_tcp,50,4,,twin_core,467944,0.0,66994176,3424,635,4059,3,29.4519
2026-04-25T09:26:41.895417+00:00,recovery_scenario,iperf_tcp,50,4,,ryu_controller,467937,9.8,60035072,7307,15093,22400,31,304.1946
2026-04-25T09:26:41.997937+00:00,recovery_scenario,iperf_tcp,50,4,,twin_core,467944,0.0,66994176,3424,635,4059,0,0.0
2026-04-25T09:26:41.997937+00:00,recovery_scenario,iperf_tcp,50,4,,ryu_controller,467937,9.8,60035072,7322,15093,22415,15,146.3922
2026-04-25T09:26:42.099978+00:00,recovery_scenario,iperf_tcp,50,4,,twin_core,467944,0.0,66994176,3427,635,4062,3,29.3895
2026-04-25T09:26:42.099978+00:00,recovery_scenario,iperf_tcp,50,4,,ryu_controller,467937,9.8,60035072,7334,15093,22427,12,117.388
2026-04-25T09:26:42.200618+00:00,recovery_scenario,iperf_tcp,50,4,,twin_core,467944,0.0,66994176,3430,635,4065,3,29.8277
2026-04-25T09:26:42.200618+00:00,recovery_scenario,iperf_tcp,50,4,,ryu_controller,467937,9.9,60035072,7346,15093,22439,12,119.4935
2026-04-25T09:26:42.301260+00:00,recovery_scenario,iperf_tcp,50,4,,twin_core,467944,9.9,66994176,3434,635,4069,4,39.4929
2026-04-25T09:26:42.301260+00:00,recovery_scenario,iperf_tcp,50,4,,ryu_controller,467937,0.0,60035072,7351,15093,22444,5,49.3266
2026-04-25T09:26:42.402409+00:00,recovery_scenario,iperf_tcp,50,4,,twin_core,467944,0.0,66994176,3442,635,4077,8,79.3977
2026-04-25T09:26:42.402409+00:00,recovery_scenario,iperf_tcp,50,4,,ryu_controller,467937,29.8,60035072,7393,15093,22486,42,416.9334
2026-04-25T09:26:42.503158+00:00,recovery_scenario,iperf_tcp,50,4,,twin_core,467944,0.0,66994176,3445,635,4080,3,29.834
2026-04-25T09:26:42.503158+00:00,recovery_scenario,iperf_tcp,50,4,,ryu_controller,467937,39.8,60035072,7429,15093,22522,36,358.1275
2026-04-25T09:26:42.603648+00:00,recovery_scenario,iperf_tcp,50,4,,twin_core,467944,0.0,66994176,3448,635,4083,3,29.8567
2026-04-25T09:26:42.603648+00:00,recovery_scenario,iperf_tcp,50,4,,ryu_controller,467937,10.0,60035072,7441,15093,22534,12,119.4351
2026-04-25T09:26:42.704174+00:00,recovery_scenario,iperf_tcp,50,4,,twin_core,467944,0.0,66994176,3451,635,4086,3,29.8417
2026-04-25T09:26:42.704174+00:00,recovery_scenario,iperf_tcp,50,4,,ryu_controller,467937,9.9,60035072,7455,15093,22548,14,139.2529
2026-04-25T09:26:42.804682+00:00,recovery_scenario,iperf_tcp,50,4,,twin_core,467944,0.0,66994176,3460,635,4095,9,89.4528
2026-04-25T09:26:42.804682+00:00,recovery_scenario,iperf_tcp,50,4,,ryu_controller,467937,19.9,60035072,7462,15093,22555,7,69.5664
2026-04-25T09:26:42.905380+00:00,recovery_scenario,iperf_tcp,50,4,,twin_core,467944,0.0,66994176,3462,635,4097,2,19.8913
2026-04-25T09:26:42.905380+00:00,recovery_scenario,iperf_tcp,50,4,,ryu_controller,467937,19.9,60035072,7480,15093,22573,18,178.8822
2026-04-25T09:26:43.007269+00:00,recovery_scenario,iperf_tcp,50,4,,twin_core,467944,0.0,66994176,3465,635,4100,3,29.4291
2026-04-25T09:26:43.007269+00:00,recovery_scenario,iperf_tcp,50,4,,ryu_controller,467937,0.0,60035072,7495,15093,22588,15,147.1212
2026-04-25T09:26:43.107870+00:00,recovery_scenario,iperf_tcp,50,4,,twin_core,467944,0.0,66994176,3468,635,4103,3,29.8321
2026-04-25T09:26:43.107870+00:00,recovery_scenario,iperf_tcp,50,4,,ryu_controller,467937,10.0,60035072,7507,15093,22600,12,119.4598
2026-04-25T09:26:43.208337+00:00,recovery_scenario,iperf_tcp,50,4,,twin_core,467944,0.0,66994176,3471,635,4106,3,29.8488
2026-04-25T09:26:43.208337+00:00,recovery_scenario,iperf_tcp,50,4,,ryu_controller,467937,9.9,60035072,7519,15093,22612,12,119.3792
2026-04-25T09:26:43.314966+00:00,recovery_scenario,iperf_tcp,50,4,,twin_core,467944,0.0,66994176,3474,635,4109,3,28.1086
2026-04-25T09:26:43.314966+00:00,recovery_scenario,iperf_tcp,50,4,,ryu_controller,467937,0.0,60035072,7524,15093,22617,5,46.8385
2026-04-25T09:26:43.415667+00:00,recovery_scenario,iperf_tcp,50,4,,twin_core,467944,0.0,66994176,3486,635,4121,12,119.3393
2026-04-25T09:26:43.415667+00:00,recovery_scenario,iperf_tcp,50,4,,ryu_controller,467937,9.9,60035072,7550,15093,22643,26,258.646
2026-04-25T09:26:43.516125+00:00,recovery_scenario,iperf_tcp,50,4,,twin_core,467944,10.0,66994176,3489,635,4124,3,29.8469
2026-04-25T09:26:43.516125+00:00,recovery_scenario,iperf_tcp,50,4,,ryu_controller,467937,19.9,60035072,7567,15093,22660,17,168.8142
2026-04-25T09:26:43.616861+00:00,recovery_scenario,iperf_tcp,50,4,,twin_core,467944,0.0,66994176,3492,635,4127,3,29.8048
2026-04-25T09:26:43.616861+00:00,recovery_scenario,iperf_tcp,50,4,,ryu_controller,467937,49.7,60035072,7613,15093,22706,46,457.9945
2026-04-25T09:26:43.720460+00:00,recovery_scenario,iperf_tcp,50,4,,twin_core,467944,9.6,66994176,3495,635,4130,3,28.9237
2026-04-25T09:26:43.720460+00:00,recovery_scenario,iperf_tcp,50,4,,ryu_controller,467937,9.6,60035072,7628,15093,22721,15,144.553
2026-04-25T09:26:43.821373+00:00,recovery_scenario,iperf_tcp,50,4,,twin_core,467944,9.9,66994176,3503,635,4138,8,78.9691
2026-04-25T09:26:43.821373+00:00,recovery_scenario,iperf_tcp,50,4,,ryu_controller,467937,0.0,60035072,7631,15093,22724,3,29.5235
2026-04-25T09:26:43.925654+00:00,recovery_scenario,iperf_tcp,50,4,,twin_core,467944,0.0,66994176,3512,635,4147,9,86.6712
2026-04-25T09:26:43.925654+00:00,recovery_scenario,iperf_tcp,50,4,,ryu_controller,467937,9.6,60035072,7654,15093,22747,23,222.1806
2026-04-25T09:26:44.026633+00:00,recovery_scenario,iperf_tcp,50,4,,twin_core,467944,0.0,66994176,3515,635,4150,3,29.702
2026-04-25T09:26:44.026633+00:00,recovery_scenario,iperf_tcp,50,4,,ryu_controller,467937,19.8,60035072,7672,15093,22765,18,178.2245
2026-04-25T09:26:44.127138+00:00,recovery_scenario,iperf_tcp,50,4,,twin_core,467944,0.0,66994176,3518,635,4153,3,29.8776
2026-04-25T09:26:44.127138+00:00,recovery_scenario,iperf_tcp,50,4,,ryu_controller,467937,10.0,60035072,7685,15093,22778,13,129.5069
2026-04-25T09:26:44.227545+00:00,recovery_scenario,iperf_tcp,50,4,,twin_core,467944,0.0,66994176,3524,635,4159,6,59.7335
2026-04-25T09:26:44.227545+00:00,recovery_scenario,iperf_tcp,50,4,,ryu_controller,467937,0.0,60035072,7699,15093,22792,14,139.3396
2026-04-25T09:26:44.328072+00:00,recovery_scenario,iperf_tcp,50,4,,twin_core,467944,0.0,66994176,3533,635,4168,9,89.5428
2026-04-25T09:26:44.328072+00:00,recovery_scenario,iperf_tcp,50,4,,ryu_controller,467937,9.9,60035072,7708,15093,22801,9,89.5425
2026-04-25T09:26:44.428545+00:00,recovery_scenario,iperf_tcp,50,4,,twin_core,467944,0.0,66994176,3536,635,4171,3,29.8422
2026-04-25T09:26:44.428545+00:00,recovery_scenario,iperf_tcp,50,4,,ryu_controller,467937,19.9,60035072,7743,15093,22836,35,348.1984
2026-04-25T09:26:44.529081+00:00,recovery_scenario,iperf_tcp,50,4,,twin_core,467944,0.0,66994176,3539,635,4174,3,29.8052
2026-04-25T09:26:44.529081+00:00,recovery_scenario,iperf_tcp,50,4,,ryu_controller,467937,69.5,60035072,7801,15093,22894,58,575.8009
2026-04-25T09:26:44.629766+00:00,recovery_scenario,iperf_tcp,50,4,,twin_core,467944,0.0,66994176,3542,635,4177,3,29.8409
2026-04-25T09:26:44.629766+00:00,recovery_scenario,iperf_tcp,50,4,,ryu_controller,467937,9.9,60035072,7840,15093,22933,39,388.0152
2026-04-25T09:26:44.730289+00:00,recovery_scenario,iperf_tcp,50,4,,twin_core,467944,0.0,66994176,3551,635,4186,9,89.5112
2026-04-25T09:26:44.730289+00:00,recovery_scenario,iperf_tcp,50,4,,ryu_controller,467937,0.0,60035072,7844,15093,22937,4,39.7925
2026-04-25T09:26:44.833307+00:00,recovery_scenario,iperf_tcp,50,4,,twin_core,467944,0.0,66994176,3557,635,4192,6,58.1126
2026-04-25T09:26:44.833307+00:00,recovery_scenario,iperf_tcp,50,4,,ryu_controller,467937,9.7,60035072,7858,15093,22951,14,135.5313
2026-04-25T09:26:44.934096+00:00,recovery_scenario,iperf_tcp,50,4,,twin_core,467944,0.0,66994176,3557,635,4192,0,0.0
2026-04-25T09:26:44.934096+00:00,recovery_scenario,iperf_tcp,50,4,,ryu_controller,467937,0.0,60035072,7868,15093,22961,10,99.4849
2026-04-25T09:26:45.036813+00:00,recovery_scenario,iperf_tcp,50,4,,twin_core,467944,9.7,66994176,3562,635,4197,5,48.6889
2026-04-25T09:26:45.036813+00:00,recovery_scenario,iperf_tcp,50,4,,ryu_controller,467937,19.5,60035072,7899,15093,22992,31,301.9198
2026-04-25T09:26:45.141850+00:00,recovery_scenario,iperf_tcp,50,4,,twin_core,467944,0.0,66994176,3568,635,4203,6,57.1164
2026-04-25T09:26:45.141850+00:00,recovery_scenario,iperf_tcp,50,4,,ryu_controller,467937,9.5,60035072,7908,15093,23001,9,85.6647
2026-04-25T09:26:45.245840+00:00,recovery_scenario,iperf_tcp,50,4,,twin_core,467944,0.0,66994176,3571,635,4206,3,28.8115
2026-04-25T09:26:45.245840+00:00,recovery_scenario,iperf_tcp,50,4,,ryu_controller,467937,0.0,60035072,7911,15093,23004,3,28.7983
2026-04-25T09:26:45.348195+00:00,recovery_scenario,iperf_tcp,50,4,,twin_core,467944,0.0,66994176,3576,635,4211,5,48.8795
2026-04-25T09:26:45.348195+00:00,recovery_scenario,iperf_tcp,50,4,,ryu_controller,467937,0.0,60035072,7914,15093,23007,3,29.2508
2026-04-25T09:26:45.446036+00:00,recovery_scenario,iperf_tcp,50,4,pingall_completed,,,,,,,,,
2026-04-25T09:26:45.450551+00:00,recovery_scenario,iperf_tcp,50,4,,twin_core,467944,0.0,66994176,3586,637,4223,12,117.1111
2026-04-25T09:26:45.450551+00:00,recovery_scenario,iperf_tcp,50,4,,ryu_controller,467937,0.0,60035072,7918,15093,23011,4,39.1209
2026-04-25T09:26:45.553485+00:00,recovery_scenario,iperf_tcp,50,4,,twin_core,467944,0.0,66994176,3591,637,4228,5,48.6691
2026-04-25T09:26:45.553485+00:00,recovery_scenario,iperf_tcp,50,4,,ryu_controller,467937,9.7,60035072,7954,15093,23047,36,350.7897
2026-04-25T09:26:45.655078+00:00,recovery_scenario,iperf_tcp,50,4,,twin_core,467944,0.0,66994176,3591,637,4228,0,0.0
2026-04-25T09:26:45.655078+00:00,recovery_scenario,iperf_tcp,50,4,,ryu_controller,467937,29.6,60035072,7972,15093,23065,18,177.3407
2026-04-25T09:26:45.755448+00:00,recovery_scenario,iperf_tcp,50,4,,twin_core,467944,10.0,67039232,3591,637,4228,0,0.0
2026-04-25T09:26:45.755448+00:00,recovery_scenario,iperf_tcp,50,4,,ryu_controller,467937,49.8,60035072,8010,15094,23104,39,388.1295
2026-04-25T09:26:45.856330+00:00,recovery_scenario,iperf_tcp,50,4,,twin_core,467944,0.0,67039232,3591,637,4228,0,0.0
2026-04-25T09:26:45.856330+00:00,recovery_scenario,iperf_tcp,50,4,,ryu_controller,467937,0.0,60035072,8014,15094,23108,4,39.6677
2026-04-25T09:26:45.956769+00:00,recovery_scenario,iperf_tcp,50,4,,twin_core,467944,0.0,67039232,3591,637,4228,0,0.0
2026-04-25T09:26:45.956769+00:00,recovery_scenario,iperf_tcp,50,4,,ryu_controller,467937,0.0,60035072,8018,15094,23112,4,39.8408
2026-04-25T09:26:46.057178+00:00,recovery_scenario,iperf_tcp,50,4,,twin_core,467944,0.0,67039232,3591,637,4228,0,0.0
2026-04-25T09:26:46.057178+00:00,recovery_scenario,iperf_tcp,50,4,,ryu_controller,467937,0.0,60035072,8021,15094,23115,3,29.8544
2026-04-25T09:26:46.160909+00:00,recovery_scenario,iperf_tcp,50,4,,twin_core,467944,0.0,67039232,3591,637,4228,0,0.0
2026-04-25T09:26:46.160909+00:00,recovery_scenario,iperf_tcp,50,4,,ryu_controller,467937,0.0,60035072,8024,15094,23118,3,28.9128
2026-04-25T09:26:46.270838+00:00,recovery_scenario,iperf_tcp,50,4,,twin_core,467944,0.0,67039232,3591,637,4228,0,0.0
2026-04-25T09:26:46.270838+00:00,recovery_scenario,iperf_tcp,50,4,,ryu_controller,467937,0.0,60035072,8027,15094,23121,3,27.249
2026-04-25T09:26:46.381306+00:00,recovery_scenario,iperf_tcp,50,4,,twin_core,467944,9.0,67039232,3591,637,4228,0,0.0
2026-04-25T09:26:46.381306+00:00,recovery_scenario,iperf_tcp,50,4,,ryu_controller,467937,0.0,60035072,8031,15094,23125,4,36.0467
2026-04-25T09:26:46.482555+00:00,recovery_scenario,iperf_tcp,50,4,,twin_core,467944,9.9,67039232,3596,637,4233,5,49.5818
2026-04-25T09:26:46.482555+00:00,recovery_scenario,iperf_tcp,50,4,,ryu_controller,467937,0.0,60035072,8033,15094,23127,2,19.843
2026-04-25T09:26:46.583309+00:00,recovery_scenario,iperf_tcp,50,4,,twin_core,467944,0.0,67039232,3596,637,4233,0,0.0
2026-04-25T09:26:46.583309+00:00,recovery_scenario,iperf_tcp,50,4,,ryu_controller,467937,49.8,60035072,8074,15094,23168,41,408.3158
2026-04-25T09:26:46.683884+00:00,recovery_scenario,iperf_tcp,50,4,,twin_core,467944,0.0,67039232,3596,637,4233,0,0.0
2026-04-25T09:26:46.683884+00:00,recovery_scenario,iperf_tcp,50,4,,ryu_controller,467937,19.9,60051456,8102,15094,23196,28,278.137
2026-04-25T09:26:46.784384+00:00,recovery_scenario,iperf_tcp,50,4,,twin_core,467944,0.0,67039232,3596,637,4233,0,0.0
2026-04-25T09:26:46.784384+00:00,recovery_scenario,iperf_tcp,50,4,,ryu_controller,467937,0.0,60051456,8111,15095,23206,10,99.3518
2026-04-25T09:26:46.885000+00:00,recovery_scenario,iperf_tcp,50,4,,twin_core,467944,0.0,67039232,3596,637,4233,0,0.0
2026-04-25T09:26:46.885000+00:00,recovery_scenario,iperf_tcp,50,4,,ryu_controller,467937,0.0,60051456,8114,15095,23209,3,29.8711
2026-04-25T09:26:46.985792+00:00,recovery_scenario,iperf_tcp,50,4,,twin_core,467944,0.0,67039232,3596,637,4233,0,0.0
2026-04-25T09:26:46.985792+00:00,recovery_scenario,iperf_tcp,50,4,,ryu_controller,467937,9.9,60051456,8126,15096,23222,13,128.9696
2026-04-25T09:26:47.086776+00:00,recovery_scenario,iperf_tcp,50,4,,twin_core,467944,0.0,67039232,3596,637,4233,0,0.0
2026-04-25T09:26:47.086776+00:00,recovery_scenario,iperf_tcp,50,4,,ryu_controller,467937,0.0,60051456,8139,15099,23238,16,158.4588
2026-04-25T09:26:47.187716+00:00,recovery_scenario,iperf_tcp,50,4,,twin_core,467944,0.0,67039232,3596,637,4233,0,0.0
2026-04-25T09:26:47.187716+00:00,recovery_scenario,iperf_tcp,50,4,,ryu_controller,467937,0.0,60051456,8149,15102,23251,13,128.7424
2026-04-25T09:26:47.288201+00:00,recovery_scenario,iperf_tcp,50,4,,twin_core,467944,0.0,67039232,3596,637,4233,0,0.0
2026-04-25T09:26:47.288201+00:00,recovery_scenario,iperf_tcp,50,4,,ryu_controller,467937,0.0,60051456,8161,15103,23264,13,129.4071
2026-04-25T09:26:47.389654+00:00,recovery_scenario,iperf_tcp,50,4,,twin_core,467944,0.0,67039232,3596,637,4233,0,0.0
2026-04-25T09:26:47.389654+00:00,recovery_scenario,iperf_tcp,50,4,,ryu_controller,467937,0.0,60051456,8186,15103,23289,25,246.4415
2026-04-25T09:26:47.467105+00:00,recovery_scenario,iperf_tcp,50,4,background_traffic_started,,,,,,,,,
2026-04-25T09:26:47.490710+00:00,recovery_scenario,iperf_tcp,50,4,,twin_core,467944,0.0,67039232,3603,639,4242,9,89.0957
2026-04-25T09:26:47.490710+00:00,recovery_scenario,iperf_tcp,50,4,,ryu_controller,467937,9.9,60051456,8223,15112,23335,46,455.4599
2026-04-25T09:26:47.591069+00:00,recovery_scenario,iperf_tcp,50,4,,twin_core,467944,10.0,67039232,3618,646,4264,22,219.1543
2026-04-25T09:26:47.591069+00:00,recovery_scenario,iperf_tcp,50,4,,ryu_controller,467937,39.8,60051456,8235,15213,23448,113,1125.5692
2026-04-25T09:26:47.643346+00:00,recovery_scenario,iperf_tcp,50,4,fault_injected,,,,,,,,,
2026-04-25T09:26:47.693203+00:00,recovery_scenario,iperf_tcp,50,4,,twin_core,467944,0.0,67039232,3627,652,4279,15,144.7326
2026-04-25T09:26:47.693203+00:00,recovery_scenario,iperf_tcp,50,4,,ryu_controller,467937,57.5,60051456,8241,15274,23515,67,641.021
2026-04-25T09:26:47.796150+00:00,recovery_scenario,iperf_tcp,50,4,,twin_core,467944,9.7,67039232,3627,652,4279,0,0.0
2026-04-25T09:26:47.796150+00:00,recovery_scenario,iperf_tcp,50,4,,ryu_controller,467937,69.5,60067840,8241,15446,23687,172,1710.5885
2026-04-25T09:26:47.896756+00:00,recovery_scenario,iperf_tcp,50,4,,twin_core,467944,0.0,67039232,3627,652,4279,0,0.0
2026-04-25T09:26:47.896756+00:00,recovery_scenario,iperf_tcp,50,4,,ryu_controller,467937,99.1,60092416,8241,15616,23857,170,1683.4895
2026-04-25T09:26:47.999809+00:00,recovery_scenario,iperf_tcp,50,4,,twin_core,467944,0.0,67039232,3627,652,4279,0,0.0
2026-04-25T09:26:47.999809+00:00,recovery_scenario,iperf_tcp,50,4,,ryu_controller,467937,97.3,60092416,8241,15682,23923,66,642.7154
2026-04-25T09:26:48.100219+00:00,recovery_scenario,iperf_tcp,50,4,,twin_core,467944,0.0,67039232,3627,652,4279,0,0.0
2026-04-25T09:26:48.100219+00:00,recovery_scenario,iperf_tcp,50,4,,ryu_controller,467937,89.5,60092416,8241,15761,24002,79,784.3405
2026-04-25T09:26:48.201007+00:00,recovery_scenario,iperf_tcp,50,4,,twin_core,467944,0.0,67039232,3628,652,4280,1,9.867
2026-04-25T09:26:48.201007+00:00,recovery_scenario,iperf_tcp,50,4,,ryu_controller,467937,98.7,60092416,8241,15904,24145,143,1413.301
2026-04-25T09:26:48.302362+00:00,recovery_scenario,iperf_tcp,50,4,,twin_core,467944,0.0,67039232,3628,652,4280,0,0.0
2026-04-25T09:26:48.302362+00:00,recovery_scenario,iperf_tcp,50,4,,ryu_controller,467937,88.9,60092416,8241,16102,24343,198,1950.5552
2026-04-25T09:26:48.403650+00:00,recovery_scenario,iperf_tcp,50,4,,twin_core,467944,0.0,67039232,3628,652,4280,0,0.0
2026-04-25T09:26:48.403650+00:00,recovery_scenario,iperf_tcp,50,4,,ryu_controller,467937,69.5,60092416,8243,16430,24673,330,3285.3508
2026-04-25T09:26:48.504089+00:00,recovery_scenario,iperf_tcp,50,4,,twin_core,467944,10.0,67039232,3628,652,4280,0,0.0
2026-04-25T09:26:48.504089+00:00,recovery_scenario,iperf_tcp,50,4,,ryu_controller,467937,19.9,60092416,8270,16450,24720,47,467.6529
2026-04-25T09:26:48.604654+00:00,recovery_scenario,iperf_tcp,50,4,,twin_core,467944,0.0,67039232,3628,652,4280,0,0.0
2026-04-25T09:26:48.604654+00:00,recovery_scenario,iperf_tcp,50,4,,ryu_controller,467937,9.9,60092416,8306,16478,24784,64,636.6416
2026-04-25T09:26:48.705902+00:00,recovery_scenario,iperf_tcp,50,4,,twin_core,467944,0.0,67039232,3641,675,4316,36,355.6172
2026-04-25T09:26:48.705902+00:00,recovery_scenario,iperf_tcp,50,4,,ryu_controller,467937,59.3,60092416,8341,16718,25059,275,2717.797
2026-04-25T09:26:48.748838+00:00,recovery_scenario,iperf_tcp,50,4,recovery_requested,,,,,,,,,
2026-04-25T09:26:48.806335+00:00,recovery_scenario,iperf_tcp,50,4,,twin_core,467944,10.0,67039232,3659,701,4360,44,437.9031
2026-04-25T09:26:48.806335+00:00,recovery_scenario,iperf_tcp,50,4,,ryu_controller,467937,39.8,60092416,8376,16842,25218,159,1579.8433
2026-04-25T09:26:48.907147+00:00,recovery_scenario,iperf_tcp,50,4,,twin_core,467944,0.0,67039232,3659,701,4360,0,0.0
2026-04-25T09:26:48.907147+00:00,recovery_scenario,iperf_tcp,50,4,,ryu_controller,467937,19.9,60092416,8418,16911,25329,111,1103.0496
2026-04-25T09:26:49.008048+00:00,recovery_scenario,iperf_tcp,50,4,,twin_core,467944,0.0,67039232,3659,701,4360,0,0.0
2026-04-25T09:26:49.008048+00:00,recovery_scenario,iperf_tcp,50,4,,ryu_controller,467937,19.8,60092416,8460,16973,25433,104,1029.843
2026-04-25T09:26:49.108695+00:00,recovery_scenario,iperf_tcp,50,4,,twin_core,467944,0.0,67039232,3659,701,4360,0,0.0
2026-04-25T09:26:49.108695+00:00,recovery_scenario,iperf_tcp,50,4,,ryu_controller,467937,39.4,60092416,8492,17086,25578,145,1428.5231
2026-04-25T09:26:49.212174+00:00,recovery_scenario,iperf_tcp,50,4,,twin_core,467944,0.0,67039232,3659,701,4360,0,0.0
2026-04-25T09:26:49.212174+00:00,recovery_scenario,iperf_tcp,50,4,,ryu_controller,467937,29.3,60092416,8510,17333,25843,265,2585.1121
2026-04-25T09:26:49.312689+00:00,recovery_scenario,iperf_tcp,50,4,,twin_core,467944,0.0,67039232,3660,701,4361,1,9.94
2026-04-25T09:26:49.312689+00:00,recovery_scenario,iperf_tcp,50,4,,ryu_controller,467937,79.5,60092416,8510,17696,26206,363,3607.5916
2026-04-25T09:26:49.413857+00:00,recovery_scenario,iperf_tcp,50,4,,twin_core,467944,0.0,67039232,3660,701,4361,0,0.0
2026-04-25T09:26:49.413857+00:00,recovery_scenario,iperf_tcp,50,4,,ryu_controller,467937,79.1,60092416,8510,17966,26476,270,2669.4784
2026-04-25T09:26:49.514405+00:00,recovery_scenario,iperf_tcp,50,4,,twin_core,467944,0.0,67039232,3660,701,4361,0,0.0
2026-04-25T09:26:49.514405+00:00,recovery_scenario,iperf_tcp,50,4,,ryu_controller,467937,98.9,60092416,8510,18054,26564,88,870.0705
2026-04-25T09:26:49.615484+00:00,recovery_scenario,iperf_tcp,50,4,,twin_core,467944,0.0,67039232,3660,701,4361,0,0.0
2026-04-25T09:26:49.615484+00:00,recovery_scenario,iperf_tcp,50,4,,ryu_controller,467937,99.4,60092416,8510,18075,26585,21,208.7718
2026-04-25T09:26:49.716064+00:00,recovery_scenario,iperf_tcp,50,4,,twin_core,467944,0.0,67039232,3660,701,4361,0,0.0
2026-04-25T09:26:49.716064+00:00,recovery_scenario,iperf_tcp,50,4,,ryu_controller,467937,99.6,60092416,8510,18084,26594,9,89.6338
2026-04-25T09:26:49.816483+00:00,recovery_scenario,iperf_tcp,50,4,,twin_core,467944,0.0,67039232,3661,701,4362,1,9.9488
2026-04-25T09:26:49.816483+00:00,recovery_scenario,iperf_tcp,50,4,,ryu_controller,467937,89.5,60092416,8510,18086,26596,2,19.895
2026-04-25T09:26:49.917352+00:00,recovery_scenario,iperf_tcp,50,4,,twin_core,467944,0.0,67039232,3661,701,4362,0,0.0
2026-04-25T09:26:49.917352+00:00,recovery_scenario,iperf_tcp,50,4,,ryu_controller,467937,99.3,60092416,8510,18089,26599,3,29.721
2026-04-25T09:26:50.019738+00:00,recovery_scenario,iperf_tcp,50,4,,twin_core,467944,9.8,67039232,3661,701,4362,0,0.0
2026-04-25T09:26:50.019738+00:00,recovery_scenario,iperf_tcp,50,4,,ryu_controller,467937,107.3,60092416,8510,18112,26622,23,224.7897
2026-04-25T09:26:50.120233+00:00,recovery_scenario,iperf_tcp,50,4,,twin_core,467944,0.0,67039232,3661,701,4362,0,0.0
2026-04-25T09:26:50.120233+00:00,recovery_scenario,iperf_tcp,50,4,,ryu_controller,467937,89.5,60092416,8510,18138,26648,26,258.0558
2026-04-25T09:26:50.221057+00:00,recovery_scenario,iperf_tcp,50,4,,twin_core,467944,0.0,67039232,3661,701,4362,0,0.0
2026-04-25T09:26:50.221057+00:00,recovery_scenario,iperf_tcp,50,4,,ryu_controller,467937,99.2,60092416,8510,18204,26714,66,656.6763
2026-04-25T09:26:50.321910+00:00,recovery_scenario,iperf_tcp,50,4,,twin_core,467944,0.0,67039232,3662,702,4364,2,19.7814
2026-04-25T09:26:50.321910+00:00,recovery_scenario,iperf_tcp,50,4,,ryu_controller,467937,98.8,60092416,8510,18204,26714,0,0.0
2026-04-25T09:26:50.423371+00:00,recovery_scenario,iperf_tcp,50,4,,twin_core,467944,0.0,67039232,3662,702,4364,0,0.0
2026-04-25T09:26:50.423371+00:00,recovery_scenario,iperf_tcp,50,4,,ryu_controller,467937,98.7,60092416,8510,18208,26718,4,39.5973
2026-04-25T09:26:50.524165+00:00,recovery_scenario,iperf_tcp,50,4,,twin_core,467944,9.9,67039232,3662,702,4364,0,0.0
2026-04-25T09:26:50.524165+00:00,recovery_scenario,iperf_tcp,50,4,,ryu_controller,467937,99.4,60092416,8510,18216,26726,8,79.5793
2026-04-25T09:26:50.624719+00:00,recovery_scenario,iperf_tcp,50,4,,twin_core,467944,0.0,67039232,3662,702,4364,0,0.0
2026-04-25T09:26:50.624719+00:00,recovery_scenario,iperf_tcp,50,4,,ryu_controller,467937,89.3,60092416,8510,18218,26728,2,19.836
2026-04-25T09:26:50.725634+00:00,recovery_scenario,iperf_tcp,50,4,,twin_core,467944,0.0,67039232,3662,702,4364,0,0.0
2026-04-25T09:26:50.725634+00:00,recovery_scenario,iperf_tcp,50,4,,ryu_controller,467937,108.8,60092416,8510,18267,26777,49,484.4651
2026-04-25T09:26:50.826963+00:00,recovery_scenario,iperf_tcp,50,4,,twin_core,467944,0.0,67039232,3663,702,4365,1,9.7492
2026-04-25T09:26:50.826963+00:00,recovery_scenario,iperf_tcp,50,4,,ryu_controller,467937,87.7,60092416,8510,18393,26903,126,1227.8974
2026-04-25T09:26:50.929274+00:00,recovery_scenario,iperf_tcp,50,4,,twin_core,467944,9.8,67043328,3663,702,4365,0,0.0
2026-04-25T09:26:50.929274+00:00,recovery_scenario,iperf_tcp,50,4,,ryu_controller,467937,79.6,60092416,8515,18590,27105,202,2003.5596
2026-04-25T09:26:51.030458+00:00,recovery_scenario,iperf_tcp,50,4,,twin_core,467944,0.0,67043328,3663,702,4365,0,0.0
2026-04-25T09:26:51.030458+00:00,recovery_scenario,iperf_tcp,50,4,,ryu_controller,467937,9.8,60092416,8523,18625,27148,43,424.5239
2026-04-25T09:26:51.132646+00:00,recovery_scenario,iperf_tcp,50,4,,twin_core,467944,0.0,67043328,3663,702,4365,0,0.0
2026-04-25T09:26:51.132646+00:00,recovery_scenario,iperf_tcp,50,4,,ryu_controller,467937,0.0,60092416,8527,18627,27154,6,59.0056
2026-04-25T09:26:51.233028+00:00,recovery_scenario,iperf_tcp,50,4,,twin_core,467944,0.0,67043328,3663,702,4365,0,0.0
2026-04-25T09:26:51.233028+00:00,recovery_scenario,iperf_tcp,50,4,,ryu_controller,467937,0.0,60092416,8531,18630,27161,7,69.6543
2026-04-25T09:26:51.333920+00:00,recovery_scenario,iperf_tcp,50,4,,twin_core,467944,9.9,67043328,3688,702,4390,25,247.9271
2026-04-25T09:26:51.333920+00:00,recovery_scenario,iperf_tcp,50,4,,ryu_controller,467937,59.5,60092416,8567,19041,27608,447,4435.1517
2026-04-25T09:26:51.348547+00:00,recovery_scenario,iperf_tcp,50,4,scenario_teardown,,,,,,,,,
2026-04-25T09:26:51.434357+00:00,recovery_scenario,iperf_tcp,50,4,,twin_core,467944,10.0,67043328,3712,702,4414,24,238.8392
2026-04-25T09:26:51.434357+00:00,recovery_scenario,iperf_tcp,50,4,,ryu_controller,467937,19.9,60092416,8581,19130,27711,103,1023.7981
2026-04-25T09:26:51.534973+00:00,recovery_scenario,iperf_tcp,50,4,,twin_core,467944,0.0,67043328,3736,702,4438,24,238.2406
2026-04-25T09:26:51.534973+00:00,recovery_scenario,iperf_tcp,50,4,,ryu_controller,467937,9.9,60092416,8591,19138,27729,18,178.8106
2026-04-25T09:26:51.635671+00:00,recovery_scenario,iperf_tcp,50,4,,twin_core,467944,9.9,67043328,3749,702,4451,13,129.1405
2026-04-25T09:26:51.635671+00:00,recovery_scenario,iperf_tcp,50,4,,ryu_controller,467937,9.9,60092416,8616,19142,27758,29,288.0508
2026-04-25T09:26:52.158560+00:00,recovery_scenario,iperf_tcp,50,5,,twin_core,467944,3012.8,67047424,4144,752,4896,0,0.0
2026-04-25T09:26:52.158560+00:00,recovery_scenario,iperf_tcp,50,5,,ryu_controller,467937,0.0,60092416,8670,19146,27816,0,0.0
2026-04-25T09:26:52.260247+00:00,recovery_scenario,iperf_tcp,50,5,,twin_core,467944,0.0,67047424,4208,756,4964,68,677.1788
2026-04-25T09:26:52.260247+00:00,recovery_scenario,iperf_tcp,50,5,,ryu_controller,467937,39.8,60092416,8679,19157,27836,20,198.601
2026-04-25T09:26:52.361002+00:00,recovery_scenario,iperf_tcp,50,5,,twin_core,467944,9.9,67047424,4325,756,5081,117,1160.6766
2026-04-25T09:26:52.361002+00:00,recovery_scenario,iperf_tcp,50,5,,ryu_controller,467937,9.9,60092416,8717,19158,27875,39,386.0575
2026-04-25T09:26:52.380096+00:00,recovery_scenario,iperf_tcp,50,5,service_started,,,,,,,,,
2026-04-25T09:26:52.461991+00:00,recovery_scenario,iperf_tcp,50,5,,twin_core,467944,19.8,67055616,4349,756,5105,24,237.7868
2026-04-25T09:26:52.461991+00:00,recovery_scenario,iperf_tcp,50,5,,ryu_controller,467937,49.5,60092416,8779,19158,27937,62,617.3801
2026-04-25T09:26:52.563747+00:00,recovery_scenario,iperf_tcp,50,5,,twin_core,467944,0.0,67059712,4350,756,5106,1,9.8265
2026-04-25T09:26:52.563747+00:00,recovery_scenario,iperf_tcp,50,5,,ryu_controller,467937,9.8,60092416,8804,19158,27962,25,245.6521
2026-04-25T09:26:52.664169+00:00,recovery_scenario,iperf_tcp,50,5,,twin_core,467944,0.0,67059712,4350,756,5106,0,0.0
2026-04-25T09:26:52.664169+00:00,recovery_scenario,iperf_tcp,50,5,,ryu_controller,467937,0.0,60092416,8823,19158,27981,19,189.1406
2026-04-25T09:26:52.764720+00:00,recovery_scenario,iperf_tcp,50,5,,twin_core,467944,0.0,67059712,4350,756,5106,0,0.0
2026-04-25T09:26:52.764720+00:00,recovery_scenario,iperf_tcp,50,5,,ryu_controller,467937,9.9,60092416,8854,19158,28012,31,308.4313
2026-04-25T09:26:52.865153+00:00,recovery_scenario,iperf_tcp,50,5,,twin_core,467944,0.0,67059712,4350,756,5106,0,0.0
2026-04-25T09:26:52.865153+00:00,recovery_scenario,iperf_tcp,50,5,,ryu_controller,467937,19.9,60092416,8882,19158,28040,28,278.6897
2026-04-25T09:26:52.965654+00:00,recovery_scenario,iperf_tcp,50,5,,twin_core,467944,0.0,67059712,4350,756,5106,0,0.0
2026-04-25T09:26:52.965654+00:00,recovery_scenario,iperf_tcp,50,5,,ryu_controller,467937,39.8,60092416,8924,19158,28082,42,418.0445
2026-04-25T09:26:53.066781+00:00,recovery_scenario,iperf_tcp,50,5,,twin_core,467944,0.0,67059712,4350,756,5106,0,0.0
2026-04-25T09:26:53.066781+00:00,recovery_scenario,iperf_tcp,50,5,,ryu_controller,467937,49.4,60092416,8978,19160,28138,56,553.1969
2026-04-25T09:26:53.167311+00:00,recovery_scenario,iperf_tcp,50,5,,twin_core,467944,0.0,67059712,4350,756,5106,0,0.0
2026-04-25T09:26:53.167311+00:00,recovery_scenario,iperf_tcp,50,5,,ryu_controller,467937,29.8,60092416,9007,19161,28168,30,298.1362
2026-04-25T09:26:53.273869+00:00,recovery_scenario,iperf_tcp,50,5,,twin_core,467944,0.0,67059712,4350,756,5106,0,0.0
2026-04-25T09:26:53.273869+00:00,recovery_scenario,iperf_tcp,50,5,,ryu_controller,467937,9.4,60092416,9031,19161,28192,24,225.23
2026-04-25T09:26:53.381436+00:00,recovery_scenario,iperf_tcp,50,5,,twin_core,467944,0.0,67059712,4350,756,5106,0,0.0
2026-04-25T09:26:53.381436+00:00,recovery_scenario,iperf_tcp,50,5,,ryu_controller,467937,9.3,60092416,9049,19161,28210,18,167.5389
2026-04-25T09:26:53.487822+00:00,recovery_scenario,iperf_tcp,50,5,,twin_core,467944,0.0,67059712,4350,756,5106,0,0.0
2026-04-25T09:26:53.487822+00:00,recovery_scenario,iperf_tcp,50,5,,ryu_controller,467937,0.0,60092416,9088,19161,28249,39,366.4602
2026-04-25T09:26:53.589670+00:00,recovery_scenario,iperf_tcp,50,5,,twin_core,467944,0.0,67059712,4350,756,5106,0,0.0
2026-04-25T09:26:53.589670+00:00,recovery_scenario,iperf_tcp,50,5,,ryu_controller,467937,19.6,60092416,9110,19161,28271,22,215.8235
2026-04-25T09:26:53.690284+00:00,recovery_scenario,iperf_tcp,50,5,,twin_core,467944,0.0,67059712,4350,756,5106,0,0.0
2026-04-25T09:26:53.690284+00:00,recovery_scenario,iperf_tcp,50,5,,ryu_controller,467937,19.9,60092416,9152,19161,28313,42,417.5868
2026-04-25T09:26:53.790892+00:00,recovery_scenario,iperf_tcp,50,5,,twin_core,467944,0.0,67059712,4350,756,5106,0,0.0
2026-04-25T09:26:53.790892+00:00,recovery_scenario,iperf_tcp,50,5,,ryu_controller,467937,9.9,60092416,9188,19161,28349,36,356.2691
2026-04-25T09:26:53.891967+00:00,recovery_scenario,iperf_tcp,50,5,,twin_core,467944,0.0,67059712,4350,756,5106,0,0.0
2026-04-25T09:26:53.891967+00:00,recovery_scenario,iperf_tcp,50,5,,ryu_controller,467937,19.8,60092416,9231,19161,28392,43,427.6076
2026-04-25T09:26:53.993926+00:00,recovery_scenario,iperf_tcp,50,5,,twin_core,467944,0.0,67059712,4350,756,5106,0,0.0
2026-04-25T09:26:53.993926+00:00,recovery_scenario,iperf_tcp,50,5,,ryu_controller,467937,19.6,60092416,9285,19162,28447,55,539.7761
2026-04-25T09:26:54.094359+00:00,recovery_scenario,iperf_tcp,50,5,,twin_core,467944,0.0,67059712,4350,756,5106,0,0.0
2026-04-25T09:26:54.094359+00:00,recovery_scenario,iperf_tcp,50,5,,ryu_controller,467937,39.8,60092416,9348,19162,28510,63,627.1966
2026-04-25T09:26:54.194820+00:00,recovery_scenario,iperf_tcp,50,5,,twin_core,467944,0.0,67059712,4350,756,5106,0,0.0
2026-04-25T09:26:54.194820+00:00,recovery_scenario,iperf_tcp,50,5,,ryu_controller,467937,19.9,60092416,9391,19162,28553,43,428.1752
2026-04-25T09:26:54.295231+00:00,recovery_scenario,iperf_tcp,50,5,,twin_core,467944,0.0,67059712,4350,756,5106,0,0.0
2026-04-25T09:26:54.295231+00:00,recovery_scenario,iperf_tcp,50,5,,ryu_controller,467937,10.0,60092416,9418,19162,28580,27,268.8529
2026-04-25T09:26:54.404770+00:00,recovery_scenario,iperf_tcp,50,5,,twin_core,467944,0.0,67059712,4350,756,5106,0,0.0
2026-04-25T09:26:54.404770+00:00,recovery_scenario,iperf_tcp,50,5,,ryu_controller,467937,0.0,60092416,9431,19162,28593,13,118.6234
2026-04-25T09:26:54.505387+00:00,recovery_scenario,iperf_tcp,50,5,,twin_core,467944,19.9,67059712,4355,756,5111,5,49.7237
2026-04-25T09:26:54.505387+00:00,recovery_scenario,iperf_tcp,50,5,,ryu_controller,467937,69.6,60092416,9456,19163,28619,26,258.3044
2026-04-25T09:26:54.605953+00:00,recovery_scenario,iperf_tcp,50,5,,twin_core,467944,0.0,67063808,4361,756,5117,6,59.6416
2026-04-25T09:26:54.605953+00:00,recovery_scenario,iperf_tcp,50,5,,ryu_controller,467937,39.8,60092416,9494,19164,28658,39,388.2159
2026-04-25T09:26:54.706354+00:00,recovery_scenario,iperf_tcp,50,5,,twin_core,467944,0.0,67063808,4364,756,5120,3,29.8846
2026-04-25T09:26:54.706354+00:00,recovery_scenario,iperf_tcp,50,5,,ryu_controller,467937,10.0,60092416,9519,19164,28683,25,248.7638
2026-04-25T09:26:54.806902+00:00,recovery_scenario,iperf_tcp,50,5,,twin_core,467944,0.0,67063808,4367,756,5123,3,29.8229
2026-04-25T09:26:54.806902+00:00,recovery_scenario,iperf_tcp,50,5,,ryu_controller,467937,19.9,60092416,9553,19164,28717,34,338.1411
2026-04-25T09:26:54.907411+00:00,recovery_scenario,iperf_tcp,50,5,,twin_core,467944,0.0,67063808,4370,756,5126,3,29.8313
2026-04-25T09:26:54.907411+00:00,recovery_scenario,iperf_tcp,50,5,,ryu_controller,467937,0.0,60092416,9570,19164,28734,17,169.0915
2026-04-25T09:26:55.008006+00:00,recovery_scenario,iperf_tcp,50,5,,twin_core,467944,0.0,67063808,4370,756,5126,0,0.0
2026-04-25T09:26:55.008006+00:00,recovery_scenario,iperf_tcp,50,5,,ryu_controller,467937,19.9,60092416,9598,19164,28762,28,278.7252
2026-04-25T09:26:55.108409+00:00,recovery_scenario,iperf_tcp,50,5,,twin_core,467944,0.0,67063808,4373,756,5129,3,29.8778
2026-04-25T09:26:55.108409+00:00,recovery_scenario,iperf_tcp,50,5,,ryu_controller,467937,29.9,60092416,9642,19165,28807,45,447.6857
2026-04-25T09:26:55.208944+00:00,recovery_scenario,iperf_tcp,50,5,,twin_core,467944,0.0,67063808,4382,756,5138,9,89.4972
2026-04-25T09:26:55.208944+00:00,recovery_scenario,iperf_tcp,50,5,,ryu_controller,467937,10.0,60092416,9664,19165,28829,22,218.9771
2026-04-25T09:26:55.309395+00:00,recovery_scenario,iperf_tcp,50,5,,twin_core,467944,0.0,67063808,4385,756,5141,3,29.8507
2026-04-25T09:26:55.309395+00:00,recovery_scenario,iperf_tcp,50,5,,ryu_controller,467937,19.9,60092416,9684,19165,28849,20,198.9925
2026-04-25T09:26:55.414176+00:00,recovery_scenario,iperf_tcp,50,5,,twin_core,467944,0.0,67063808,4388,756,5144,3,28.6465
2026-04-25T09:26:55.414176+00:00,recovery_scenario,iperf_tcp,50,5,,ryu_controller,467937,0.0,60092416,9698,19165,28863,14,133.6904
2026-04-25T09:26:55.514666+00:00,recovery_scenario,iperf_tcp,50,5,,twin_core,467944,0.0,67063808,4391,756,5147,3,29.8562
2026-04-25T09:26:55.514666+00:00,recovery_scenario,iperf_tcp,50,5,,ryu_controller,467937,10.0,60092416,9709,19165,28874,11,109.4696
2026-04-25T09:26:55.615116+00:00,recovery_scenario,iperf_tcp,50,5,,twin_core,467944,0.0,67063808,4396,756,5152,5,49.776
2026-04-25T09:26:55.615116+00:00,recovery_scenario,iperf_tcp,50,5,,ryu_controller,467937,0.0,60092416,9723,19165,28888,14,139.3296
2026-04-25T09:26:55.715651+00:00,recovery_scenario,iperf_tcp,50,5,,twin_core,467944,9.9,67063808,4409,756,5165,13,129.1779
2026-04-25T09:26:55.715651+00:00,recovery_scenario,iperf_tcp,50,5,,ryu_controller,467937,9.9,60092416,9739,19165,28904,16,158.9989
2026-04-25T09:26:55.816230+00:00,recovery_scenario,iperf_tcp,50,5,,twin_core,467944,0.0,67063808,4412,756,5168,3,29.8594
2026-04-25T09:26:55.816230+00:00,recovery_scenario,iperf_tcp,50,5,,ryu_controller,467937,10.0,60092416,9754,19165,28919,15,149.3621
2026-04-25T09:26:55.917769+00:00,recovery_scenario,iperf_tcp,50,5,,twin_core,467944,0.0,67063808,4415,756,5171,3,29.5403
2026-04-25T09:26:55.917769+00:00,recovery_scenario,iperf_tcp,50,5,,ryu_controller,467937,9.8,60092416,9768,19165,28933,14,137.8477
2026-04-25T09:26:56.018210+00:00,recovery_scenario,iperf_tcp,50,5,,twin_core,467944,0.0,67063808,4418,756,5174,3,29.8805
2026-04-25T09:26:56.018210+00:00,recovery_scenario,iperf_tcp,50,5,,ryu_controller,467937,10.0,60092416,9790,19165,28955,22,219.145
2026-04-25T09:26:56.118699+00:00,recovery_scenario,iperf_tcp,50,5,,twin_core,467944,0.0,67063808,4418,756,5174,0,0.0
2026-04-25T09:26:56.118699+00:00,recovery_scenario,iperf_tcp,50,5,,ryu_controller,467937,0.0,60092416,9815,19165,28980,25,248.7345
2026-04-25T09:26:56.219136+00:00,recovery_scenario,iperf_tcp,50,5,,twin_core,467944,0.0,67063808,4429,756,5185,11,109.5098
2026-04-25T09:26:56.219136+00:00,recovery_scenario,iperf_tcp,50,5,,ryu_controller,467937,0.0,60092416,9817,19165,28982,2,19.9043
2026-04-25T09:26:56.319681+00:00,recovery_scenario,iperf_tcp,50,5,,twin_core,467944,0.0,67063808,4440,756,5196,11,109.4016
2026-04-25T09:26:56.319681+00:00,recovery_scenario,iperf_tcp,50,5,,ryu_controller,467937,19.9,60092416,9845,19165,29010,28,278.5273
2026-04-25T09:26:56.421230+00:00,recovery_scenario,iperf_tcp,50,5,,twin_core,467944,0.0,67063808,4443,756,5199,3,29.5395
2026-04-25T09:26:56.421230+00:00,recovery_scenario,iperf_tcp,50,5,,ryu_controller,467937,9.8,60092416,9863,19165,29028,18,177.2297
2026-04-25T09:26:56.525612+00:00,recovery_scenario,iperf_tcp,50,5,,twin_core,467944,0.0,67063808,4446,756,5202,3,28.674
2026-04-25T09:26:56.525612+00:00,recovery_scenario,iperf_tcp,50,5,,ryu_controller,467937,0.0,60092416,9867,19165,29032,4,38.2169
2026-04-25T09:26:56.626331+00:00,recovery_scenario,iperf_tcp,50,5,,twin_core,467944,9.9,67121152,4460,756,5216,14,139.3862
2026-04-25T09:26:56.626331+00:00,recovery_scenario,iperf_tcp,50,5,,ryu_controller,467937,49.8,60096512,9920,19165,29085,53,527.268
2026-04-25T09:26:56.728050+00:00,recovery_scenario,iperf_tcp,50,5,,twin_core,467944,9.8,67121152,4463,756,5219,3,29.4852
2026-04-25T09:26:56.728050+00:00,recovery_scenario,iperf_tcp,50,5,,ryu_controller,467937,9.8,60096512,9944,19165,29109,24,236.1518
2026-04-25T09:26:56.828484+00:00,recovery_scenario,iperf_tcp,50,5,,twin_core,467944,0.0,67121152,4466,756,5222,3,29.8668
2026-04-25T09:26:56.828484+00:00,recovery_scenario,iperf_tcp,50,5,,ryu_controller,467937,10.0,60096512,9957,19165,29122,13,129.4271
2026-04-25T09:26:56.932121+00:00,recovery_scenario,iperf_tcp,50,5,,twin_core,467944,0.0,67121152,4469,756,5225,3,28.9471
2026-04-25T09:26:56.932121+00:00,recovery_scenario,iperf_tcp,50,5,,ryu_controller,467937,0.0,60096512,9967,19165,29132,10,96.4641
2026-04-25T09:26:57.037407+00:00,recovery_scenario,iperf_tcp,50,5,,twin_core,467944,0.0,67121152,4475,756,5231,6,56.9216
2026-04-25T09:26:57.037407+00:00,recovery_scenario,iperf_tcp,50,5,,ryu_controller,467937,9.5,60096512,9971,19165,29136,4,37.9509
2026-04-25T09:26:57.137990+00:00,recovery_scenario,iperf_tcp,50,5,,twin_core,467944,0.0,67121152,4484,756,5240,9,89.6054
2026-04-25T09:26:57.137990+00:00,recovery_scenario,iperf_tcp,50,5,,ryu_controller,467937,69.7,60096512,10022,19165,29187,51,507.9065
2026-04-25T09:26:57.238406+00:00,recovery_scenario,iperf_tcp,50,5,,twin_core,467944,0.0,67121152,4487,756,5243,3,29.8752
2026-04-25T09:26:57.238406+00:00,recovery_scenario,iperf_tcp,50,5,,ryu_controller,467937,10.0,60096512,10056,19165,29221,34,338.2422
2026-04-25T09:26:57.338930+00:00,recovery_scenario,iperf_tcp,50,5,,twin_core,467944,9.9,67121152,4490,756,5246,3,29.8201
2026-04-25T09:26:57.338930+00:00,recovery_scenario,iperf_tcp,50,5,,ryu_controller,467937,9.9,60096512,10061,19165,29226,5,49.7416
2026-04-25T09:26:57.443861+00:00,recovery_scenario,iperf_tcp,50,5,,twin_core,467944,0.0,67121152,4493,756,5249,3,28.5945
2026-04-25T09:26:57.443861+00:00,recovery_scenario,iperf_tcp,50,5,,ryu_controller,467937,0.0,60096512,10065,19165,29230,4,38.1231
2026-04-25T09:26:57.545036+00:00,recovery_scenario,iperf_tcp,50,5,,twin_core,467944,0.0,67121152,4502,756,5258,9,89.0033
2026-04-25T09:26:57.545036+00:00,recovery_scenario,iperf_tcp,50,5,,ryu_controller,467937,9.9,60096512,10082,19165,29247,17,168.1546
2026-04-25T09:26:57.648105+00:00,recovery_scenario,iperf_tcp,50,5,,twin_core,467944,0.0,67121152,4508,756,5264,6,58.2193
2026-04-25T09:26:57.648105+00:00,recovery_scenario,iperf_tcp,50,5,,ryu_controller,467937,9.7,60096512,10120,19165,29285,38,368.744
2026-04-25T09:26:57.748494+00:00,recovery_scenario,iperf_tcp,50,5,,twin_core,467944,0.0,67121152,4508,756,5264,0,0.0
2026-04-25T09:26:57.748494+00:00,recovery_scenario,iperf_tcp,50,5,,ryu_controller,467937,0.0,60096512,10132,19165,29297,12,119.5888
2026-04-25T09:26:57.850649+00:00,recovery_scenario,iperf_tcp,50,5,,twin_core,467944,0.0,67121152,4514,756,5270,6,58.6892
2026-04-25T09:26:57.850649+00:00,recovery_scenario,iperf_tcp,50,5,,ryu_controller,467937,9.8,60096512,10154,19165,29319,22,215.1078
2026-04-25T09:26:57.960657+00:00,recovery_scenario,iperf_tcp,50,5,,twin_core,467944,0.0,67121152,4520,756,5276,6,54.5304
2026-04-25T09:26:57.960657+00:00,recovery_scenario,iperf_tcp,50,5,,ryu_controller,467937,0.0,60096512,10161,19165,29326,7,63.6172
2026-04-25T09:26:58.064971+00:00,recovery_scenario,iperf_tcp,50,5,,twin_core,467944,0.0,67121152,4524,756,5280,4,38.2904
2026-04-25T09:26:58.064971+00:00,recovery_scenario,iperf_tcp,50,5,,ryu_controller,467937,19.1,60096512,10176,19165,29341,15,143.24
2026-04-25T09:26:58.167694+00:00,recovery_scenario,iperf_tcp,50,5,,twin_core,467944,0.0,67121152,4529,756,5285,5,48.7813
2026-04-25T09:26:58.167694+00:00,recovery_scenario,iperf_tcp,50,5,,ryu_controller,467937,0.0,60096512,10191,19165,29356,15,146.7311
2026-04-25T09:26:58.248500+00:00,recovery_scenario,iperf_tcp,50,5,pingall_completed,,,,,,,,,
2026-04-25T09:26:58.268135+00:00,recovery_scenario,iperf_tcp,50,5,,twin_core,467944,0.0,67121152,4540,756,5296,11,109.4875
2026-04-25T09:26:58.268135+00:00,recovery_scenario,iperf_tcp,50,5,,ryu_controller,467937,0.0,60096512,10194,19165,29359,3,29.8585
2026-04-25T09:26:58.368621+00:00,recovery_scenario,iperf_tcp,50,5,,twin_core,467944,0.0,67121152,4540,756,5296,0,0.0
2026-04-25T09:26:58.368621+00:00,recovery_scenario,iperf_tcp,50,5,,ryu_controller,467937,19.9,60096512,10229,19166,29395,36,358.2358
2026-04-25T09:26:58.471776+00:00,recovery_scenario,iperf_tcp,50,5,,twin_core,467944,0.0,67121152,4540,756,5296,0,0.0
2026-04-25T09:26:58.471776+00:00,recovery_scenario,iperf_tcp,50,5,,ryu_controller,467937,0.0,60096512,10233,19166,29399,4,38.7731
2026-04-25T09:26:58.572248+00:00,recovery_scenario,iperf_tcp,50,5,,twin_core,467944,0.0,67121152,4540,756,5296,0,0.0
2026-04-25T09:26:58.572248+00:00,recovery_scenario,iperf_tcp,50,5,,ryu_controller,467937,0.0,60096512,10237,19166,29403,4,39.7608
2026-04-25T09:26:58.672908+00:00,recovery_scenario,iperf_tcp,50,5,,twin_core,467944,9.9,67121152,4540,756,5296,0,0.0
2026-04-25T09:26:58.672908+00:00,recovery_scenario,iperf_tcp,50,5,,ryu_controller,467937,59.7,60096512,10287,19166,29453,50,497.6345
2026-04-25T09:26:58.773349+00:00,recovery_scenario,iperf_tcp,50,5,,twin_core,467944,0.0,67174400,4540,756,5296,0,0.0
2026-04-25T09:26:58.773349+00:00,recovery_scenario,iperf_tcp,50,5,,ryu_controller,467937,9.9,60157952,10291,19166,29457,4,39.7678
2026-04-25T09:26:58.873915+00:00,recovery_scenario,iperf_tcp,50,5,,twin_core,467944,0.0,67174400,4540,756,5296,0,0.0
2026-04-25T09:26:58.873915+00:00,recovery_scenario,iperf_tcp,50,5,,ryu_controller,467937,10.0,60157952,10311,19166,29477,20,199.0469
2026-04-25T09:26:58.982843+00:00,recovery_scenario,iperf_tcp,50,5,,twin_core,467944,0.0,67174400,4540,756,5296,0,0.0
2026-04-25T09:26:58.982843+00:00,recovery_scenario,iperf_tcp,50,5,,ryu_controller,467937,0.0,60157952,10314,19166,29480,3,27.5261
2026-04-25T09:26:59.090706+00:00,recovery_scenario,iperf_tcp,50,5,,twin_core,467944,0.0,67174400,4540,756,5296,0,0.0
2026-04-25T09:26:59.090706+00:00,recovery_scenario,iperf_tcp,50,5,,ryu_controller,467937,0.0,60157952,10318,19166,29484,4,37.0298
2026-04-25T09:26:59.191456+00:00,recovery_scenario,iperf_tcp,50,5,,twin_core,467944,9.9,67174400,4540,756,5296,0,0.0
2026-04-25T09:26:59.191456+00:00,recovery_scenario,iperf_tcp,50,5,,ryu_controller,467937,59.6,60157952,10348,19166,29514,30,298.1145
2026-04-25T09:26:59.293429+00:00,recovery_scenario,iperf_tcp,50,5,,twin_core,467944,0.0,67174400,4545,756,5301,5,49.0426
2026-04-25T09:26:59.293429+00:00,recovery_scenario,iperf_tcp,50,5,,ryu_controller,467937,29.4,60162048,10370,19166,29536,22,215.7673
2026-04-25T09:26:59.395822+00:00,recovery_scenario,iperf_tcp,50,5,,twin_core,467944,0.0,67174400,4545,756,5301,0,0.0
2026-04-25T09:26:59.395822+00:00,recovery_scenario,iperf_tcp,50,5,,ryu_controller,467937,0.0,60162048,10373,19166,29539,3,29.3309
2026-04-25T09:26:59.496268+00:00,recovery_scenario,iperf_tcp,50,5,,twin_core,467944,0.0,67174400,4545,756,5301,0,0.0
2026-04-25T09:26:59.496268+00:00,recovery_scenario,iperf_tcp,50,5,,ryu_controller,467937,0.0,60162048,10375,19166,29541,2,19.8559
2026-04-25T09:26:59.597049+00:00,recovery_scenario,iperf_tcp,50,5,,twin_core,467944,0.0,67174400,4545,756,5301,0,0.0
2026-04-25T09:26:59.597049+00:00,recovery_scenario,iperf_tcp,50,5,,ryu_controller,467937,0.0,60162048,10378,19166,29544,3,29.8323
2026-04-25T09:26:59.698419+00:00,recovery_scenario,iperf_tcp,50,5,,twin_core,467944,0.0,67174400,4545,756,5301,0,0.0
2026-04-25T09:26:59.698419+00:00,recovery_scenario,iperf_tcp,50,5,,ryu_controller,467937,0.0,60162048,10402,19166,29568,24,236.8022
2026-04-25T09:26:59.799416+00:00,recovery_scenario,iperf_tcp,50,5,,twin_core,467944,0.0,67174400,4545,756,5301,0,0.0
2026-04-25T09:26:59.799416+00:00,recovery_scenario,iperf_tcp,50,5,,ryu_controller,467937,0.0,60162048,10405,19168,29573,5,49.4471
2026-04-25T09:26:59.900011+00:00,recovery_scenario,iperf_tcp,50,5,,twin_core,467944,0.0,67174400,4545,756,5301,0,0.0
2026-04-25T09:26:59.900011+00:00,recovery_scenario,iperf_tcp,50,5,,ryu_controller,467937,10.0,60162048,10409,19172,29581,8,79.6488
2026-04-25T09:27:00.000416+00:00,recovery_scenario,iperf_tcp,50,5,,twin_core,467944,0.0,67174400,4545,756,5301,0,0.0
2026-04-25T09:27:00.000416+00:00,recovery_scenario,iperf_tcp,50,5,,ryu_controller,467937,0.0,60162048,10424,19177,29601,20,198.9095
2026-04-25T09:27:00.101000+00:00,recovery_scenario,iperf_tcp,50,5,,twin_core,467944,0.0,67174400,4545,756,5301,0,0.0
2026-04-25T09:27:00.101000+00:00,recovery_scenario,iperf_tcp,50,5,,ryu_controller,467937,0.0,60162048,10461,19180,29641,40,398.1844
2026-04-25T09:27:00.201420+00:00,recovery_scenario,iperf_tcp,50,5,,twin_core,467944,0.0,67174400,4545,756,5301,0,0.0
2026-04-25T09:27:00.201420+00:00,recovery_scenario,iperf_tcp,50,5,,ryu_controller,467937,0.0,60162048,10494,19182,29676,35,348.4198
2026-04-25T09:27:00.262049+00:00,recovery_scenario,iperf_tcp,50,5,background_traffic_started,,,,,,,,,
2026-04-25T09:27:00.303710+00:00,recovery_scenario,iperf_tcp,50,5,,twin_core,467944,9.8,67174400,4555,764,5319,18,176.163
2026-04-25T09:27:00.303710+00:00,recovery_scenario,iperf_tcp,50,5,,ryu_controller,467937,9.8,60162048,10522,19201,29723,47,460.1035
2026-04-25T09:27:00.404068+00:00,recovery_scenario,iperf_tcp,50,5,,twin_core,467944,0.0,67174400,4572,770,5342,23,229.0707
2026-04-25T09:27:00.404068+00:00,recovery_scenario,iperf_tcp,50,5,,ryu_controller,467937,49.8,60162048,10548,19260,29808,85,840.2674
2026-04-25T09:27:00.423508+00:00,recovery_scenario,iperf_tcp,50,5,fault_injected,,,,,,,,,
2026-04-25T09:27:00.505231+00:00,recovery_scenario,iperf_tcp,50,5,,twin_core,467944,9.9,67203072,4582,775,5357,15,148.2431
2026-04-25T09:27:00.505231+00:00,recovery_scenario,iperf_tcp,50,5,,ryu_controller,467937,39.5,60178432,10553,19522,30075,267,2658.1805
2026-04-25T09:27:00.605739+00:00,recovery_scenario,iperf_tcp,50,5,,twin_core,467944,0.0,67203072,4582,775,5357,0,0.0
2026-04-25T09:27:00.605739+00:00,recovery_scenario,iperf_tcp,50,5,,ryu_controller,467937,79.6,60178432,10553,19743,30296,221,2200.2287
2026-04-25T09:27:00.706116+00:00,recovery_scenario,iperf_tcp,50,5,,twin_core,467944,0.0,67203072,4582,775,5357,0,0.0
2026-04-25T09:27:00.706116+00:00,recovery_scenario,iperf_tcp,50,5,,ryu_controller,467937,79.7,60178432,10553,20007,30560,264,2629.2415
2026-04-25T09:27:00.807760+00:00,recovery_scenario,iperf_tcp,50,5,,twin_core,467944,0.0,67203072,4582,775,5357,0,0.0
2026-04-25T09:27:00.807760+00:00,recovery_scenario,iperf_tcp,50,5,,ryu_controller,467937,98.3,60178432,10553,20057,30610,50,491.5522
2026-04-25T09:27:00.908260+00:00,recovery_scenario,iperf_tcp,50,5,,twin_core,467944,0.0,67203072,4582,775,5357,0,0.0
2026-04-25T09:27:00.908260+00:00,recovery_scenario,iperf_tcp,50,5,,ryu_controller,467937,69.6,60178432,10553,20324,30877,267,2654.4334
2026-04-25T09:27:01.011844+00:00,recovery_scenario,iperf_tcp,50,5,,twin_core,467944,0.0,67203072,4583,775,5358,1,9.6521
2026-04-25T09:27:01.011844+00:00,recovery_scenario,iperf_tcp,50,5,,ryu_controller,467937,86.9,60178432,10553,20595,31148,271,2618.6154
2026-04-25T09:27:01.112328+00:00,recovery_scenario,iperf_tcp,50,5,,twin_core,467944,0.0,67203072,4583,775,5358,0,0.0
2026-04-25T09:27:01.112328+00:00,recovery_scenario,iperf_tcp,50,5,,ryu_controller,467937,58.2,60178432,10553,20770,31323,175,1696.4177
2026-04-25T09:27:01.216367+00:00,recovery_scenario,iperf_tcp,50,5,,twin_core,467944,0.0,67203072,4583,775,5358,0,0.0
2026-04-25T09:27:01.216367+00:00,recovery_scenario,iperf_tcp,50,5,,ryu_controller,467937,88.7,60178432,10553,20849,31402,79,778.5129
2026-04-25T09:27:01.316991+00:00,recovery_scenario,iperf_tcp,50,5,,twin_core,467944,0.0,67203072,4583,775,5358,0,0.0
2026-04-25T09:27:01.316991+00:00,recovery_scenario,iperf_tcp,50,5,,ryu_controller,467937,99.4,60178432,10553,20966,31519,117,1164.1682
2026-04-25T09:27:01.417964+00:00,recovery_scenario,iperf_tcp,50,5,,twin_core,467944,0.0,67203072,4583,775,5358,0,0.0
2026-04-25T09:27:01.417964+00:00,recovery_scenario,iperf_tcp,50,5,,ryu_controller,467937,99.1,60178432,10553,21095,31648,129,1278.0526
2026-04-25T09:27:01.519680+00:00,recovery_scenario,iperf_tcp,50,5,,twin_core,467944,0.0,67203072,4584,775,5359,1,9.8263
2026-04-25T09:27:01.519680+00:00,recovery_scenario,iperf_tcp,50,5,,ryu_controller,467937,88.3,60178432,10553,21141,31694,46,451.2225
2026-04-25T09:27:01.620370+00:00,recovery_scenario,iperf_tcp,50,5,,twin_core,467944,9.9,67203072,4584,775,5359,0,0.0
2026-04-25T09:27:01.620370+00:00,recovery_scenario,iperf_tcp,50,5,,ryu_controller,467937,109.3,60178432,10553,21182,31735,41,407.3144
2026-04-25T09:27:01.721802+00:00,recovery_scenario,iperf_tcp,50,5,,twin_core,467944,0.0,67203072,4584,775,5359,0,0.0
2026-04-25T09:27:01.721802+00:00,recovery_scenario,iperf_tcp,50,5,,ryu_controller,467937,87.3,60178432,10553,21321,31874,139,1349.5651
2026-04-25T09:27:01.823978+00:00,recovery_scenario,iperf_tcp,50,5,,twin_core,467944,9.8,67203072,4584,775,5359,0,0.0
2026-04-25T09:27:01.823978+00:00,recovery_scenario,iperf_tcp,50,5,,ryu_controller,467937,89.6,60178432,10553,21516,32069,195,1941.901
2026-04-25T09:27:01.924472+00:00,recovery_scenario,iperf_tcp,50,5,,twin_core,467944,0.0,67203072,4584,775,5359,0,0.0
2026-04-25T09:27:01.924472+00:00,recovery_scenario,iperf_tcp,50,5,,ryu_controller,467937,59.5,60178432,10555,21643,32198,129,1278.9369
2026-04-25T09:27:02.027704+00:00,recovery_scenario,iperf_tcp,50,5,,twin_core,467944,9.7,67211264,4609,778,5387,28,271.7966
2026-04-25T09:27:02.027704+00:00,recovery_scenario,iperf_tcp,50,5,,ryu_controller,467937,68.1,60178432,10597,21671,32268,70,675.8789
2026-04-25T09:27:02.045366+00:00,recovery_scenario,iperf_tcp,50,5,recovery_requested,,,,,,,,,
2026-04-25T09:27:02.128900+00:00,recovery_scenario,iperf_tcp,50,5,,twin_core,467944,9.9,67215360,4617,800,5417,30,296.3758
2026-04-25T09:27:02.128900+00:00,recovery_scenario,iperf_tcp,50,5,,ryu_controller,467937,39.4,60178432,10638,21681,32319,51,506.3194
2026-04-25T09:27:02.229921+00:00,recovery_scenario,iperf_tcp,50,5,,twin_core,467944,0.0,67215360,4617,800,5417,0,0.0
2026-04-25T09:27:02.229921+00:00,recovery_scenario,iperf_tcp,50,5,,ryu_controller,467937,29.7,60178432,10671,21687,32358,39,386.3371
2026-04-25T09:27:02.330702+00:00,recovery_scenario,iperf_tcp,50,5,,twin_core,467944,9.9,67215360,4617,800,5417,0,0.0
2026-04-25T09:27:02.330702+00:00,recovery_scenario,iperf_tcp,50,5,,ryu_controller,467937,39.5,60178432,10704,21691,32395,37,364.2483
2026-04-25T09:27:02.432280+00:00,recovery_scenario,iperf_tcp,50,5,,twin_core,467944,0.0,67215360,4617,800,5417,0,0.0
2026-04-25T09:27:02.432280+00:00,recovery_scenario,iperf_tcp,50,5,,ryu_controller,467937,29.7,60178432,10736,21698,32434,39,386.3743
2026-04-25T09:27:02.533072+00:00,recovery_scenario,iperf_tcp,50,5,,twin_core,467944,0.0,67215360,4617,800,5417,0,0.0
2026-04-25T09:27:02.533072+00:00,recovery_scenario,iperf_tcp,50,5,,ryu_controller,467937,99.5,60178432,10738,21705,32443,9,89.5383
2026-04-25T09:27:02.633564+00:00,recovery_scenario,iperf_tcp,50,5,,twin_core,467944,0.0,67215360,4618,800,5418,1,9.9411
2026-04-25T09:27:02.633564+00:00,recovery_scenario,iperf_tcp,50,5,,ryu_controller,467937,99.4,60178432,10738,21707,32445,2,19.8632
2026-04-25T09:27:02.737163+00:00,recovery_scenario,iperf_tcp,50,5,,twin_core,467944,0.0,67215360,4618,800,5418,0,0.0
2026-04-25T09:27:02.737163+00:00,recovery_scenario,iperf_tcp,50,5,,ryu_controller,467937,105.8,60178432,10738,21707,32445,0,0.0
2026-04-25T09:27:02.838374+00:00,recovery_scenario,iperf_tcp,50,5,,twin_core,467944,0.0,67215360,4618,800,5418,0,0.0
2026-04-25T09:27:02.838374+00:00,recovery_scenario,iperf_tcp,50,5,,ryu_controller,467937,89.1,60178432,10738,21708,32446,1,9.917
2026-04-25T09:27:02.939221+00:00,recovery_scenario,iperf_tcp,50,5,,twin_core,467944,0.0,67215360,4618,800,5418,0,0.0
2026-04-25T09:27:02.939221+00:00,recovery_scenario,iperf_tcp,50,5,,ryu_controller,467937,98.8,60178432,10738,21710,32448,2,19.7425
2026-04-25T09:27:03.040486+00:00,recovery_scenario,iperf_tcp,50,5,,twin_core,467944,0.0,67215360,4618,800,5418,0,0.0
2026-04-25T09:27:03.040486+00:00,recovery_scenario,iperf_tcp,50,5,,ryu_controller,467937,108.8,60178432,10738,21711,32449,1,9.8957
2026-04-25T09:27:03.141688+00:00,recovery_scenario,iperf_tcp,50,5,,twin_core,467944,0.0,67215360,4619,800,5419,1,9.8914
2026-04-25T09:27:03.141688+00:00,recovery_scenario,iperf_tcp,50,5,,ryu_controller,467937,89.1,60178432,10738,21713,32451,2,19.8052
2026-04-25T09:27:03.242676+00:00,recovery_scenario,iperf_tcp,50,5,,twin_core,467944,0.0,67215360,4619,800,5419,0,0.0
2026-04-25T09:27:03.242676+00:00,recovery_scenario,iperf_tcp,50,5,,ryu_controller,467937,109.2,60178432,10738,21716,32454,3,29.7645
2026-04-25T09:27:03.343399+00:00,recovery_scenario,iperf_tcp,50,5,,twin_core,467944,0.0,67215360,4619,800,5419,0,0.0
2026-04-25T09:27:03.343399+00:00,recovery_scenario,iperf_tcp,50,5,,ryu_controller,467937,49.5,60178432,10771,21725,32496,42,415.1744
2026-04-25T09:27:03.444509+00:00,recovery_scenario,iperf_tcp,50,5,,twin_core,467944,0.0,67215360,4619,800,5419,0,0.0
2026-04-25T09:27:03.444509+00:00,recovery_scenario,iperf_tcp,50,5,,ryu_controller,467937,0.0,60178432,10776,21725,32501,5,49.6664
2026-04-25T09:27:03.545187+00:00,recovery_scenario,iperf_tcp,50,5,,twin_core,467944,0.0,67215360,4619,800,5419,0,0.0
2026-04-25T09:27:03.545187+00:00,recovery_scenario,iperf_tcp,50,5,,ryu_controller,467937,0.0,60178432,10781,21725,32506,5,49.7505
2026-04-25T09:27:03.645832+00:00,recovery_scenario,iperf_tcp,50,5,,twin_core,467944,0.0,67215360,4620,800,5420,1,9.9282
2026-04-25T09:27:03.645832+00:00,recovery_scenario,iperf_tcp,50,5,,ryu_controller,467937,0.0,60178432,10799,21725,32524,18,178.4083
2026-04-25T09:27:03.746569+00:00,recovery_scenario,iperf_tcp,50,5,,twin_core,467944,0.0,67215360,4620,800,5420,0,0.0
2026-04-25T09:27:03.746569+00:00,recovery_scenario,iperf_tcp,50,5,,ryu_controller,467937,0.0,60178432,10813,21725,32538,14,138.4766
2026-04-25T09:27:03.847798+00:00,recovery_scenario,iperf_tcp,50,5,,twin_core,467944,9.9,67215360,4620,800,5420,0,0.0
2026-04-25T09:27:03.847798+00:00,recovery_scenario,iperf_tcp,50,5,,ryu_controller,467937,9.9,60178432,10837,21725,32562,24,237.976
2026-04-25T09:27:03.949063+00:00,recovery_scenario,iperf_tcp,50,5,,twin_core,467944,0.0,67215360,4620,800,5420,0,0.0
2026-04-25T09:27:03.949063+00:00,recovery_scenario,iperf_tcp,50,5,,ryu_controller,467937,49.3,60178432,10852,21726,32578,16,157.8355
2026-04-25T09:27:04.049900+00:00,recovery_scenario,iperf_tcp,50,5,,twin_core,467944,19.8,67215360,4620,800,5420,0,0.0
2026-04-25T09:27:04.049900+00:00,recovery_scenario,iperf_tcp,50,5,,ryu_controller,467937,29.8,60178432,10864,21729,32593,15,149.1753
2026-04-25T09:27:04.124302+00:00,recovery_scenario,iperf_tcp,50,5,scenario_teardown,,,,,,,,,
2026-04-25T09:27:04.150712+00:00,recovery_scenario,iperf_tcp,50,5,,twin_core,467944,9.9,67215360,4653,805,5458,38,377.1885
2026-04-25T09:27:04.150712+00:00,recovery_scenario,iperf_tcp,50,5,,ryu_controller,467937,59.6,60178432,10918,21730,32648,55,546.0574
2026-04-25T09:27:04.251352+00:00,recovery_scenario,iperf_tcp,50,5,,twin_core,467944,0.0,67215360,4673,808,5481,23,228.428
2026-04-25T09:27:04.251352+00:00,recovery_scenario,iperf_tcp,50,5,,ryu_controller,467937,9.9,60178432,10948,21734,32682,34,336.8436
2026-04-25T09:27:04.352088+00:00,recovery_scenario,iperf_tcp,50,5,,twin_core,467944,0.0,67215360,4701,808,5509,28,277.8832
2026-04-25T09:27:04.352088+00:00,recovery_scenario,iperf_tcp,50,5,,ryu_controller,467937,19.9,60178432,10954,21738,32692,10,99.4484
2026-04-25T09:27:04.452765+00:00,recovery_scenario,iperf_tcp,50,5,,twin_core,467944,9.9,67215360,4701,808,5509,0,0.0
2026-04-25T09:27:04.452765+00:00,recovery_scenario,iperf_tcp,50,5,,ryu_controller,467937,0.0,60178432,10960,21742,32702,10,99.4212
2026-04-25T09:27:04.983305+00:00,recovery_scenario,iperf_tcp,50,6,,twin_core,467944,0.0,67215360,5103,873,5976,0,0.0
2026-04-25T09:27:04.983305+00:00,recovery_scenario,iperf_tcp,50,6,,ryu_controller,467937,0.0,60178432,11006,21744,32750,0,0.0
2026-04-25T09:27:05.084961+00:00,recovery_scenario,iperf_tcp,50,6,,twin_core,467944,0.0,67215360,5167,876,6043,67,665.3752
2026-04-25T09:27:05.084961+00:00,recovery_scenario,iperf_tcp,50,6,,ryu_controller,467937,49.7,60178432,11030,21759,32789,39,387.5474
2026-04-25T09:27:05.185658+00:00,recovery_scenario,iperf_tcp,50,6,,twin_core,467944,9.9,67215360,5284,877,6161,118,1173.43
2026-04-25T09:27:05.185658+00:00,recovery_scenario,iperf_tcp,50,6,,ryu_controller,467937,29.8,60178432,11064,21761,32825,36,358.1101
2026-04-25T09:27:05.206819+00:00,recovery_scenario,iperf_tcp,50,6,service_started,,,,,,,,,
2026-04-25T09:27:05.286081+00:00,recovery_scenario,iperf_tcp,50,6,,twin_core,467944,19.9,67219456,5310,877,6187,26,258.924
2026-04-25T09:27:05.286081+00:00,recovery_scenario,iperf_tcp,50,6,,ryu_controller,467937,29.9,60178432,11126,21762,32888,63,627.3743
2026-04-25T09:27:05.386665+00:00,recovery_scenario,iperf_tcp,50,6,,twin_core,467944,0.0,67219456,5311,877,6188,1,9.9392
2026-04-25T09:27:05.386665+00:00,recovery_scenario,iperf_tcp,50,6,,ryu_controller,467937,19.9,60178432,11176,21762,32938,50,496.9857
2026-04-25T09:27:05.487280+00:00,recovery_scenario,iperf_tcp,50,6,,twin_core,467944,0.0,67219456,5311,877,6188,0,0.0
2026-04-25T09:27:05.487280+00:00,recovery_scenario,iperf_tcp,50,6,,ryu_controller,467937,0.0,60178432,11195,21762,32957,19,188.8793
2026-04-25T09:27:05.587833+00:00,recovery_scenario,iperf_tcp,50,6,,twin_core,467944,0.0,67219456,5311,877,6188,0,0.0
2026-04-25T09:27:05.587833+00:00,recovery_scenario,iperf_tcp,50,6,,ryu_controller,467937,9.9,60178432,11215,21762,32977,20,198.8546
2026-04-25T09:27:05.688271+00:00,recovery_scenario,iperf_tcp,50,6,,twin_core,467944,0.0,67219456,5311,877,6188,0,0.0
2026-04-25T09:27:05.688271+00:00,recovery_scenario,iperf_tcp,50,6,,ryu_controller,467937,19.9,60178432,11253,21762,33015,38,378.0498
2026-04-25T09:27:05.788839+00:00,recovery_scenario,iperf_tcp,50,6,,twin_core,467944,0.0,67219456,5311,877,6188,0,0.0
2026-04-25T09:27:05.788839+00:00,recovery_scenario,iperf_tcp,50,6,,ryu_controller,467937,19.9,60178432,11285,21762,33047,32,318.5204
2026-04-25T09:27:05.896236+00:00,recovery_scenario,iperf_tcp,50,6,,twin_core,467944,0.0,67219456,5311,877,6188,0,0.0
2026-04-25T09:27:05.896236+00:00,recovery_scenario,iperf_tcp,50,6,,ryu_controller,467937,18.6,60178432,11312,21762,33074,27,251.2859
2026-04-25T09:27:05.996733+00:00,recovery_scenario,iperf_tcp,50,6,,twin_core,467944,0.0,67219456,5311,877,6188,0,0.0
2026-04-25T09:27:05.996733+00:00,recovery_scenario,iperf_tcp,50,6,,ryu_controller,467937,10.0,60178432,11330,21762,33092,18,179.1975
2026-04-25T09:27:06.097151+00:00,recovery_scenario,iperf_tcp,50,6,,twin_core,467944,0.0,67219456,5311,877,6188,0,0.0
2026-04-25T09:27:06.097151+00:00,recovery_scenario,iperf_tcp,50,6,,ryu_controller,467937,29.9,60178432,11381,21762,33143,51,507.9164
2026-04-25T09:27:06.197556+00:00,recovery_scenario,iperf_tcp,50,6,,twin_core,467944,0.0,67219456,5311,877,6188,0,0.0
2026-04-25T09:27:06.197556+00:00,recovery_scenario,iperf_tcp,50,6,,ryu_controller,467937,10.0,60178432,11406,21762,33168,25,248.8752
2026-04-25T09:27:06.298017+00:00,recovery_scenario,iperf_tcp,50,6,,twin_core,467944,0.0,67219456,5311,877,6188,0,0.0
2026-04-25T09:27:06.298017+00:00,recovery_scenario,iperf_tcp,50,6,,ryu_controller,467937,10.0,60178432,11437,21762,33199,31,308.7103
2026-04-25T09:27:06.398425+00:00,recovery_scenario,iperf_tcp,50,6,,twin_core,467944,10.0,67219456,5311,877,6188,0,0.0
2026-04-25T09:27:06.398425+00:00,recovery_scenario,iperf_tcp,50,6,,ryu_controller,467937,19.9,60178432,11468,21762,33230,31,308.1855
2026-04-25T09:27:06.499082+00:00,recovery_scenario,iperf_tcp,50,6,,twin_core,467944,0.0,67219456,5311,877,6188,0,0.0
2026-04-25T09:27:06.499082+00:00,recovery_scenario,iperf_tcp,50,6,,ryu_controller,467937,29.8,60178432,11499,21762,33261,31,308.4643
2026-04-25T09:27:06.600082+00:00,recovery_scenario,iperf_tcp,50,6,,twin_core,467944,0.0,67219456,5311,877,6188,0,0.0
2026-04-25T09:27:06.600082+00:00,recovery_scenario,iperf_tcp,50,6,,ryu_controller,467937,9.9,60178432,11523,21762,33285,24,237.4881
2026-04-25T09:27:06.702122+00:00,recovery_scenario,iperf_tcp,50,6,,twin_core,467944,0.0,67219456,5311,877,6188,0,0.0
2026-04-25T09:27:06.702122+00:00,recovery_scenario,iperf_tcp,50,6,,ryu_controller,467937,19.6,60178432,11552,21762,33314,29,284.395
2026-04-25T09:27:06.802568+00:00,recovery_scenario,iperf_tcp,50,6,,twin_core,467944,0.0,67219456,5311,877,6188,0,0.0
2026-04-25T09:27:06.802568+00:00,recovery_scenario,iperf_tcp,50,6,,ryu_controller,467937,10.0,60178432,11571,21763,33334,20,199.0327
2026-04-25T09:27:06.910755+00:00,recovery_scenario,iperf_tcp,50,6,,twin_core,467944,0.0,67219456,5311,877,6188,0,0.0
2026-04-25T09:27:06.910755+00:00,recovery_scenario,iperf_tcp,50,6,,ryu_controller,467937,18.5,60178432,11589,21763,33352,18,166.2273
2026-04-25T09:27:07.011314+00:00,recovery_scenario,iperf_tcp,50,6,,twin_core,467944,0.0,67219456,5311,877,6188,0,0.0
2026-04-25T09:27:07.011314+00:00,recovery_scenario,iperf_tcp,50,6,,ryu_controller,467937,0.0,60178432,11604,21763,33367,15,149.2916
2026-04-25T09:27:07.111791+00:00,recovery_scenario,iperf_tcp,50,6,,twin_core,467944,0.0,67219456,5311,877,6188,0,0.0
2026-04-25T09:27:07.111791+00:00,recovery_scenario,iperf_tcp,50,6,,ryu_controller,467937,19.9,60178432,11627,21763,33390,23,229.0517
2026-04-25T09:27:07.212219+00:00,recovery_scenario,iperf_tcp,50,6,,twin_core,467944,0.0,67219456,5311,877,6188,0,0.0
2026-04-25T09:27:07.212219+00:00,recovery_scenario,iperf_tcp,50,6,,ryu_controller,467937,10.0,60178432,11646,21763,33409,19,189.2158
2026-04-25T09:27:07.312821+00:00,recovery_scenario,iperf_tcp,50,6,,twin_core,467944,9.9,67223552,5313,877,6190,2,19.8319
2026-04-25T09:27:07.312821+00:00,recovery_scenario,iperf_tcp,50,6,,ryu_controller,467937,29.7,60178432,11699,21763,33462,53,525.5285
2026-04-25T09:27:07.413459+00:00,recovery_scenario,iperf_tcp,50,6,,twin_core,467944,0.0,67223552,5320,877,6197,7,69.7055
2026-04-25T09:27:07.413459+00:00,recovery_scenario,iperf_tcp,50,6,,ryu_controller,467937,19.9,60178432,11742,21763,33505,43,428.132
2026-04-25T09:27:07.513895+00:00,recovery_scenario,iperf_tcp,50,6,,twin_core,467944,0.0,67223552,5323,877,6200,3,29.8787
2026-04-25T09:27:07.513895+00:00,recovery_scenario,iperf_tcp,50,6,,ryu_controller,467937,10.0,60178432,11762,21763,33525,20,199.176
2026-04-25T09:27:07.614321+00:00,recovery_scenario,iperf_tcp,50,6,,twin_core,467944,0.0,67223552,5326,877,6203,3,29.8675
2026-04-25T09:27:07.614321+00:00,recovery_scenario,iperf_tcp,50,6,,ryu_controller,467937,19.9,60178432,11790,21763,33553,28,278.2077
2026-04-25T09:27:07.715015+00:00,recovery_scenario,iperf_tcp,50,6,,twin_core,467944,0.0,67223552,5329,877,6206,3,29.7978
2026-04-25T09:27:07.715015+00:00,recovery_scenario,iperf_tcp,50,6,,ryu_controller,467937,0.0,60178432,11796,21763,33559,6,59.7245
2026-04-25T09:27:07.815435+00:00,recovery_scenario,iperf_tcp,50,6,,twin_core,467944,0.0,67223552,5329,877,6206,0,0.0
2026-04-25T09:27:07.815435+00:00,recovery_scenario,iperf_tcp,50,6,,ryu_controller,467937,9.9,60178432,11813,21763,33576,17,169.0243
2026-04-25T09:27:07.916034+00:00,recovery_scenario,iperf_tcp,50,6,,twin_core,467944,0.0,67223552,5332,877,6209,3,29.8595
2026-04-25T09:27:07.916034+00:00,recovery_scenario,iperf_tcp,50,6,,ryu_controller,467937,10.0,60178432,11824,21763,33587,11,109.5124
2026-04-25T09:27:08.016446+00:00,recovery_scenario,iperf_tcp,50,6,,twin_core,467944,0.0,67223552,5338,877,6215,6,59.6764
2026-04-25T09:27:08.016446+00:00,recovery_scenario,iperf_tcp,50,6,,ryu_controller,467937,0.0,60178432,11829,21763,33592,5,49.7163
2026-04-25T09:27:08.117009+00:00,recovery_scenario,iperf_tcp,50,6,,twin_core,467944,0.0,67223552,5344,877,6221,6,59.7428
2026-04-25T09:27:08.117009+00:00,recovery_scenario,iperf_tcp,50,6,,ryu_controller,467937,69.7,60178432,11884,21767,33651,59,587.6715
2026-04-25T09:27:08.217450+00:00,recovery_scenario,iperf_tcp,50,6,,twin_core,467944,0.0,67223552,5347,877,6224,3,29.8352
2026-04-25T09:27:08.217450+00:00,recovery_scenario,iperf_tcp,50,6,,ryu_controller,467937,9.9,60178432,11903,21767,33670,19,188.9459
2026-04-25T09:27:08.317979+00:00,recovery_scenario,iperf_tcp,50,6,,twin_core,467944,0.0,67223552,5350,877,6227,3,29.863
2026-04-25T09:27:08.317979+00:00,recovery_scenario,iperf_tcp,50,6,,ryu_controller,467937,0.0,60178432,11935,21767,33702,32,318.4858
2026-04-25T09:27:08.418501+00:00,recovery_scenario,iperf_tcp,50,6,,twin_core,467944,0.0,67223552,5353,877,6230,3,29.8071
2026-04-25T09:27:08.418501+00:00,recovery_scenario,iperf_tcp,50,6,,ryu_controller,467937,9.9,60178432,11949,21767,33716,14,139.0846
2026-04-25T09:27:08.519144+00:00,recovery_scenario,iperf_tcp,50,6,,twin_core,467944,0.0,67223552,5362,877,6239,9,89.5556
2026-04-25T09:27:08.519144+00:00,recovery_scenario,iperf_tcp,50,6,,ryu_controller,467937,10.0,60178432,11959,21767,33726,10,99.5367
2026-04-25T09:27:08.619572+00:00,recovery_scenario,iperf_tcp,50,6,,twin_core,467944,0.0,67223552,5365,877,6242,3,29.8671
2026-04-25T09:27:08.619572+00:00,recovery_scenario,iperf_tcp,50,6,,ryu_controller,467937,10.0,60178432,11979,21767,33746,20,199.0981
2026-04-25T09:27:08.720033+00:00,recovery_scenario,iperf_tcp,50,6,,twin_core,467944,0.0,67223552,5368,877,6245,3,29.8565
2026-04-25T09:27:08.720033+00:00,recovery_scenario,iperf_tcp,50,6,,ryu_controller,467937,0.0,60178432,11994,21767,33761,15,149.2125
2026-04-25T09:27:08.820552+00:00,recovery_scenario,iperf_tcp,50,6,,twin_core,467944,0.0,67223552,5371,877,6248,3,29.8477
2026-04-25T09:27:08.820552+00:00,recovery_scenario,iperf_tcp,50,6,,ryu_controller,467937,10.0,60178432,12007,21767,33774,13,129.393
2026-04-25T09:27:08.921033+00:00,recovery_scenario,iperf_tcp,50,6,,twin_core,467944,0.0,67223552,5374,877,6251,3,29.854
2026-04-25T09:27:08.921033+00:00,recovery_scenario,iperf_tcp,50,6,,ryu_controller,467937,10.0,60178432,12019,21767,33786,12,119.4078
2026-04-25T09:27:09.021524+00:00,recovery_scenario,iperf_tcp,50,6,,twin_core,467944,0.0,67223552,5380,877,6257,6,59.6947
2026-04-25T09:27:09.021524+00:00,recovery_scenario,iperf_tcp,50,6,,ryu_controller,467937,0.0,60178432,12023,21767,33790,4,39.7957
2026-04-25T09:27:09.122029+00:00,recovery_scenario,iperf_tcp,50,6,,twin_core,467944,10.0,67223552,5389,877,6266,9,89.6162
2026-04-25T09:27:09.122029+00:00,recovery_scenario,iperf_tcp,50,6,,ryu_controller,467937,10.0,60178432,12061,21767,33828,38,378.4824
2026-04-25T09:27:09.222427+00:00,recovery_scenario,iperf_tcp,50,6,,twin_core,467944,0.0,67223552,5395,877,6272,6,59.7188
2026-04-25T09:27:09.222427+00:00,recovery_scenario,iperf_tcp,50,6,,ryu_controller,467937,19.9,60178432,12083,21767,33850,22,218.919
2026-04-25T09:27:09.322980+00:00,recovery_scenario,iperf_tcp,50,6,,twin_core,467944,9.9,67223552,5398,877,6275,3,29.8622
2026-04-25T09:27:09.322980+00:00,recovery_scenario,iperf_tcp,50,6,,ryu_controller,467937,19.9,60178432,12110,21767,33877,27,268.8231
2026-04-25T09:27:09.425565+00:00,recovery_scenario,iperf_tcp,50,6,,twin_core,467944,0.0,67235840,5404,877,6281,6,58.4276
2026-04-25T09:27:09.425565+00:00,recovery_scenario,iperf_tcp,50,6,,ryu_controller,467937,29.2,60178432,12141,21767,33908,31,301.8044
2026-04-25T09:27:09.526718+00:00,recovery_scenario,iperf_tcp,50,6,,twin_core,467944,0.0,67235840,5413,877,6290,9,89.0397
2026-04-25T09:27:09.526718+00:00,recovery_scenario,iperf_tcp,50,6,,ryu_controller,467937,9.9,60178432,12163,21767,33930,22,217.6699
2026-04-25T09:27:09.628817+00:00,recovery_scenario,iperf_tcp,50,6,,twin_core,467944,0.0,67235840,5416,877,6293,3,29.3803
2026-04-25T09:27:09.628817+00:00,recovery_scenario,iperf_tcp,50,6,,ryu_controller,467937,9.8,60178432,12177,21767,33944,14,137.1122
2026-04-25T09:27:09.729262+00:00,recovery_scenario,iperf_tcp,50,6,,twin_core,467944,0.0,67235840,5416,877,6293,0,0.0
2026-04-25T09:27:09.729262+00:00,recovery_scenario,iperf_tcp,50,6,,ryu_controller,467937,0.0,60178432,12182,21767,33949,5,49.7354
2026-04-25T09:27:09.829960+00:00,recovery_scenario,iperf_tcp,50,6,,twin_core,467944,9.9,67235840,5422,877,6299,6,59.5867
2026-04-25T09:27:09.829960+00:00,recovery_scenario,iperf_tcp,50,6,,ryu_controller,467937,9.9,60178432,12194,21767,33961,12,119.2718
2026-04-25T09:27:09.930378+00:00,recovery_scenario,iperf_tcp,50,6,,twin_core,467944,0.0,67235840,5434,877,6311,12,119.5381
2026-04-25T09:27:09.930378+00:00,recovery_scenario,iperf_tcp,50,6,,ryu_controller,467937,10.0,60178432,12207,21767,33974,13,129.4195
2026-04-25T09:27:10.030860+00:00,recovery_scenario,iperf_tcp,50,6,,twin_core,467944,0.0,67235840,5437,877,6314,3,29.8528
2026-04-25T09:27:10.030860+00:00,recovery_scenario,iperf_tcp,50,6,,ryu_controller,467937,10.0,60178432,12231,21767,33998,24,239.0022
2026-04-25T09:27:10.131277+00:00,recovery_scenario,iperf_tcp,50,6,,twin_core,467944,0.0,67235840,5437,877,6314,0,0.0
2026-04-25T09:27:10.131277+00:00,recovery_scenario,iperf_tcp,50,6,,ryu_controller,467937,19.9,60178432,12247,21767,34014,16,159.0512
2026-04-25T09:27:10.231878+00:00,recovery_scenario,iperf_tcp,50,6,,twin_core,467944,0.0,67235840,5443,877,6320,6,59.6455
2026-04-25T09:27:10.231878+00:00,recovery_scenario,iperf_tcp,50,6,,ryu_controller,467937,49.7,60178432,12295,21767,34062,48,477.7142
2026-04-25T09:27:10.332335+00:00,recovery_scenario,iperf_tcp,50,6,,twin_core,467944,0.0,67235840,5449,877,6326,6,59.7396
2026-04-25T09:27:10.332335+00:00,recovery_scenario,iperf_tcp,50,6,,ryu_controller,467937,0.0,60178432,12307,21767,34074,12,119.286
2026-04-25T09:27:10.432984+00:00,recovery_scenario,iperf_tcp,50,6,,twin_core,467944,0.0,67235840,5458,877,6335,9,89.3999
2026-04-25T09:27:10.432984+00:00,recovery_scenario,iperf_tcp,50,6,,ryu_controller,467937,9.9,60178432,12325,21767,34092,18,179.079
2026-04-25T09:27:10.535801+00:00,recovery_scenario,iperf_tcp,50,6,,twin_core,467944,0.0,67235840,5458,877,6335,0,0.0
2026-04-25T09:27:10.535801+00:00,recovery_scenario,iperf_tcp,50,6,,ryu_controller,467937,0.0,60178432,12335,21767,34102,10,97.2505
2026-04-25T09:27:10.636282+00:00,recovery_scenario,iperf_tcp,50,6,,twin_core,467944,0.0,67235840,5461,877,6338,3,29.8647
2026-04-25T09:27:10.636282+00:00,recovery_scenario,iperf_tcp,50,6,,ryu_controller,467937,19.9,60178432,12366,21767,34133,31,308.4817
2026-04-25T09:27:10.736786+00:00,recovery_scenario,iperf_tcp,50,6,,twin_core,467944,0.0,67235840,5467,877,6344,6,59.6864
2026-04-25T09:27:10.736786+00:00,recovery_scenario,iperf_tcp,50,6,,ryu_controller,467937,0.0,60178432,12370,21767,34137,4,39.8013
2026-04-25T09:27:10.839792+00:00,recovery_scenario,iperf_tcp,50,6,,twin_core,467944,0.0,67235840,5473,877,6350,6,58.2399
2026-04-25T09:27:10.839792+00:00,recovery_scenario,iperf_tcp,50,6,,ryu_controller,467937,9.7,60178432,12374,21767,34141,4,38.8211
2026-04-25T09:27:10.944452+00:00,recovery_scenario,iperf_tcp,50,6,,twin_core,467944,0.0,67235840,5476,877,6353,3,28.6627
2026-04-25T09:27:10.944452+00:00,recovery_scenario,iperf_tcp,50,6,,ryu_controller,467937,0.0,60178432,12385,21767,34152,11,105.1146
2026-04-25T09:27:11.047103+00:00,recovery_scenario,iperf_tcp,50,6,,twin_core,467944,0.0,67235840,5479,877,6356,3,29.2348
2026-04-25T09:27:11.047103+00:00,recovery_scenario,iperf_tcp,50,6,,ryu_controller,467937,0.0,60178432,12388,21767,34155,3,29.2316
2026-04-25T09:27:11.080358+00:00,recovery_scenario,iperf_tcp,50,6,pingall_completed,,,,,,,,,
2026-04-25T09:27:11.147635+00:00,recovery_scenario,iperf_tcp,50,6,,twin_core,467944,9.9,67235840,5494,877,6371,15,149.1709
2026-04-25T09:27:11.147635+00:00,recovery_scenario,iperf_tcp,50,6,,ryu_controller,467937,29.8,60178432,12424,21774,34198,43,427.3401
2026-04-25T09:27:11.248211+00:00,recovery_scenario,iperf_tcp,50,6,,twin_core,467944,0.0,67235840,5494,877,6371,0,0.0
2026-04-25T09:27:11.248211+00:00,recovery_scenario,iperf_tcp,50,6,,ryu_controller,467937,10.0,60178432,12438,21774,34212,14,139.3087
2026-04-25T09:27:11.348746+00:00,recovery_scenario,iperf_tcp,50,6,,twin_core,467944,0.0,67235840,5494,877,6371,0,0.0
2026-04-25T09:27:11.348746+00:00,recovery_scenario,iperf_tcp,50,6,,ryu_controller,467937,0.0,60178432,12442,21774,34216,4,39.7932
2026-04-25T09:27:11.449212+00:00,recovery_scenario,iperf_tcp,50,6,,twin_core,467944,19.9,67272704,5494,877,6371,0,0.0
2026-04-25T09:27:11.449212+00:00,recovery_scenario,iperf_tcp,50,6,,ryu_controller,467937,59.7,60276736,12495,21775,34270,54,537.7619
2026-04-25T09:27:11.549621+00:00,recovery_scenario,iperf_tcp,50,6,,twin_core,467944,0.0,67272704,5494,877,6371,0,0.0
2026-04-25T09:27:11.549621+00:00,recovery_scenario,iperf_tcp,50,6,,ryu_controller,467937,0.0,60276736,12498,21775,34273,3,29.8622
2026-04-25T09:27:11.650100+00:00,recovery_scenario,iperf_tcp,50,6,,twin_core,467944,0.0,67272704,5494,877,6371,0,0.0
2026-04-25T09:27:11.650100+00:00,recovery_scenario,iperf_tcp,50,6,,ryu_controller,467937,0.0,60276736,12511,21775,34286,13,129.3981
2026-04-25T09:27:11.754325+00:00,recovery_scenario,iperf_tcp,50,6,,twin_core,467944,0.0,67272704,5494,877,6371,0,0.0
2026-04-25T09:27:11.754325+00:00,recovery_scenario,iperf_tcp,50,6,,ryu_controller,467937,0.0,60276736,12524,21775,34299,13,124.0918
2026-04-25T09:27:11.857290+00:00,recovery_scenario,iperf_tcp,50,6,,twin_core,467944,0.0,67272704,5494,877,6371,0,0.0
2026-04-25T09:27:11.857290+00:00,recovery_scenario,iperf_tcp,50,6,,ryu_controller,467937,9.7,60276736,12550,21775,34325,26,252.9371
2026-04-25T09:27:11.961899+00:00,recovery_scenario,iperf_tcp,50,6,,twin_core,467944,0.0,67272704,5494,877,6371,0,0.0
2026-04-25T09:27:11.961899+00:00,recovery_scenario,iperf_tcp,50,6,,ryu_controller,467937,0.0,60276736,12553,21775,34328,3,28.5035
2026-04-25T09:27:12.063697+00:00,recovery_scenario,iperf_tcp,50,6,,twin_core,467944,0.0,67272704,5494,877,6371,0,0.0
2026-04-25T09:27:12.063697+00:00,recovery_scenario,iperf_tcp,50,6,,ryu_controller,467937,0.0,60276736,12575,21775,34350,22,207.5201
2026-04-25T09:27:12.169559+00:00,recovery_scenario,iperf_tcp,50,6,,twin_core,467944,0.0,67272704,5499,877,6376,5,49.0373
2026-04-25T09:27:12.169559+00:00,recovery_scenario,iperf_tcp,50,6,,ryu_controller,467937,9.9,60276736,12587,21775,34362,12,119.1065
2026-04-25T09:27:12.271377+00:00,recovery_scenario,iperf_tcp,50,6,,twin_core,467944,0.0,67272704,5499,877,6376,0,0.0
2026-04-25T09:27:12.271377+00:00,recovery_scenario,iperf_tcp,50,6,,ryu_controller,467937,68.7,60321792,12644,21776,34420,58,568.9634
2026-04-25T09:27:12.372096+00:00,recovery_scenario,iperf_tcp,50,6,,twin_core,467944,0.0,67272704,5499,877,6376,0,0.0
2026-04-25T09:27:12.372096+00:00,recovery_scenario,iperf_tcp,50,6,,ryu_controller,467937,9.9,60321792,12683,21776,34459,39,387.8752
2026-04-25T09:27:12.472690+00:00,recovery_scenario,iperf_tcp,50,6,,twin_core,467944,9.9,67272704,5499,877,6376,0,0.0
2026-04-25T09:27:12.472690+00:00,recovery_scenario,iperf_tcp,50,6,,ryu_controller,467937,0.0,60321792,12718,21776,34494,35,348.0054
2026-04-25T09:27:12.575647+00:00,recovery_scenario,iperf_tcp,50,6,,twin_core,467944,0.0,67272704,5499,877,6376,0,0.0
2026-04-25T09:27:12.575647+00:00,recovery_scenario,iperf_tcp,50,6,,ryu_controller,467937,0.0,60321792,12744,21777,34521,27,262.3679
2026-04-25T09:27:12.676099+00:00,recovery_scenario,iperf_tcp,50,6,,twin_core,467944,0.0,67272704,5499,877,6376,0,0.0
2026-04-25T09:27:12.676099+00:00,recovery_scenario,iperf_tcp,50,6,,ryu_controller,467937,0.0,60321792,12757,21780,34537,16,159.2626
2026-04-25T09:27:12.776567+00:00,recovery_scenario,iperf_tcp,50,6,,twin_core,467944,0.0,67272704,5499,877,6376,0,0.0
2026-04-25T09:27:12.776567+00:00,recovery_scenario,iperf_tcp,50,6,,ryu_controller,467937,0.0,60321792,12777,21782,34559,22,218.8798
2026-04-25T09:27:12.877078+00:00,recovery_scenario,iperf_tcp,50,6,,twin_core,467944,0.0,67272704,5499,877,6376,0,0.0
2026-04-25T09:27:12.877078+00:00,recovery_scenario,iperf_tcp,50,6,,ryu_controller,467937,0.0,60321792,12787,21789,34576,17,169.229
2026-04-25T09:27:12.977562+00:00,recovery_scenario,iperf_tcp,50,6,,twin_core,467944,0.0,67272704,5499,877,6376,0,0.0
2026-04-25T09:27:12.977562+00:00,recovery_scenario,iperf_tcp,50,6,,ryu_controller,467937,9.9,60321792,12797,21794,34591,15,149.1047
2026-04-25T09:27:13.078617+00:00,recovery_scenario,iperf_tcp,50,6,,twin_core,467944,0.0,67272704,5499,877,6376,0,0.0
2026-04-25T09:27:13.078617+00:00,recovery_scenario,iperf_tcp,50,6,,ryu_controller,467937,0.0,60321792,12822,21807,34629,38,376.333
2026-04-25T09:27:13.098028+00:00,recovery_scenario,iperf_tcp,50,6,background_traffic_started,,,,,,,,,
2026-04-25T09:27:13.180772+00:00,recovery_scenario,iperf_tcp,50,6,,twin_core,467944,0.0,67280896,5512,893,6405,29,283.7772
2026-04-25T09:27:13.180772+00:00,recovery_scenario,iperf_tcp,50,6,,ryu_controller,467937,29.4,60321792,12850,21925,34775,146,1428.9691
2026-04-25T09:27:13.241511+00:00,recovery_scenario,iperf_tcp,50,6,fault_injected,,,,,,,,,
2026-04-25T09:27:13.281542+00:00,recovery_scenario,iperf_tcp,50,6,,twin_core,467944,19.8,67284992,5530,907,6437,32,315.6779
2026-04-25T09:27:13.281542+00:00,recovery_scenario,iperf_tcp,50,6,,ryu_controller,467937,49.3,60334080,12866,22091,34957,182,1795.1392
2026-04-25T09:27:13.384862+00:00,recovery_scenario,iperf_tcp,50,6,,twin_core,467944,0.0,67284992,5530,907,6437,0,0.0
2026-04-25T09:27:13.384862+00:00,recovery_scenario,iperf_tcp,50,6,,ryu_controller,467937,58.4,60334080,12866,22391,35257,300,2878.2531
2026-04-25T09:27:13.486900+00:00,recovery_scenario,iperf_tcp,50,6,,twin_core,467944,0.0,67284992,5530,907,6437,0,0.0
2026-04-25T09:27:13.486900+00:00,recovery_scenario,iperf_tcp,50,6,,ryu_controller,467937,68.6,60334080,12866,22573,35439,182,1811.7358
2026-04-25T09:27:13.588615+00:00,recovery_scenario,iperf_tcp,50,6,,twin_core,467944,0.0,67284992,5530,907,6437,0,0.0
2026-04-25T09:27:13.588615+00:00,recovery_scenario,iperf_tcp,50,6,,ryu_controller,467937,108.1,60338176,12866,22581,35447,8,78.6024
2026-04-25T09:27:13.689169+00:00,recovery_scenario,iperf_tcp,50,6,,twin_core,467944,0.0,67284992,5530,907,6437,0,0.0
2026-04-25T09:27:13.689169+00:00,recovery_scenario,iperf_tcp,50,6,,ryu_controller,467937,89.5,60342272,12866,22593,35459,12,119.1563
2026-04-25T09:27:13.789909+00:00,recovery_scenario,iperf_tcp,50,6,,twin_core,467944,0.0,67284992,5531,907,6438,1,9.9288
2026-04-25T09:27:13.789909+00:00,recovery_scenario,iperf_tcp,50,6,,ryu_controller,467937,99.3,60342272,12866,22642,35508,49,487.0986
2026-04-25T09:27:13.890421+00:00,recovery_scenario,iperf_tcp,50,6,,twin_core,467944,0.0,67284992,5531,907,6438,0,0.0
2026-04-25T09:27:13.890421+00:00,recovery_scenario,iperf_tcp,50,6,,ryu_controller,467937,99.5,60342272,12866,22773,35639,131,1301.6372
2026-04-25T09:27:13.991083+00:00,recovery_scenario,iperf_tcp,50,6,,twin_core,467944,0.0,67284992,5531,907,6438,0,0.0
2026-04-25T09:27:13.991083+00:00,recovery_scenario,iperf_tcp,50,6,,ryu_controller,467937,99.4,60342272,12866,22869,35735,96,956.0703
2026-04-25T09:27:14.091470+00:00,recovery_scenario,iperf_tcp,50,6,,twin_core,467944,0.0,67284992,5531,907,6438,0,0.0
2026-04-25T09:27:14.091470+00:00,recovery_scenario,iperf_tcp,50,6,,ryu_controller,467937,79.4,60342272,12866,22987,35853,118,1171.4937
2026-04-25T09:27:14.192245+00:00,recovery_scenario,iperf_tcp,50,6,,twin_core,467944,0.0,67284992,5531,907,6438,0,0.0
2026-04-25T09:27:14.192245+00:00,recovery_scenario,iperf_tcp,50,6,,ryu_controller,467937,99.6,60342272,12866,23324,36190,337,3355.4158
2026-04-25T09:27:14.292752+00:00,recovery_scenario,iperf_tcp,50,6,,twin_core,467944,0.0,67284992,5532,907,6439,1,9.9496
2026-04-25T09:27:14.292752+00:00,recovery_scenario,iperf_tcp,50,6,,ryu_controller,467937,99.5,60350464,12866,23581,36447,257,2557.0618
2026-04-25T09:27:14.393115+00:00,recovery_scenario,iperf_tcp,50,6,,twin_core,467944,0.0,67284992,5532,907,6439,0,0.0
2026-04-25T09:27:14.393115+00:00,recovery_scenario,iperf_tcp,50,6,,ryu_controller,467937,89.5,60358656,12866,23695,36561,114,1133.1869
2026-04-25T09:27:14.494096+00:00,recovery_scenario,iperf_tcp,50,6,,twin_core,467944,0.0,67284992,5532,907,6439,0,0.0
2026-04-25T09:27:14.494096+00:00,recovery_scenario,iperf_tcp,50,6,,ryu_controller,467937,99.1,60362752,12866,23834,36700,139,1378.6927
2026-04-25T09:27:14.594564+00:00,recovery_scenario,iperf_tcp,50,6,,twin_core,467944,0.0,67284992,5532,907,6439,0,0.0
2026-04-25T09:27:14.594564+00:00,recovery_scenario,iperf_tcp,50,6,,ryu_controller,467937,89.2,60362752,12866,24028,36894,194,1921.4774
2026-04-25T09:27:14.695504+00:00,recovery_scenario,iperf_tcp,50,6,,twin_core,467944,9.9,67284992,5532,907,6439,0,0.0
2026-04-25T09:27:14.695504+00:00,recovery_scenario,iperf_tcp,50,6,,ryu_controller,467937,99.2,60362752,12866,24252,37118,224,2221.7846
2026-04-25T09:27:14.796323+00:00,recovery_scenario,iperf_tcp,50,6,,twin_core,467944,0.0,67284992,5533,907,6440,1,9.9318
2026-04-25T09:27:14.796323+00:00,recovery_scenario,iperf_tcp,50,6,,ryu_controller,467937,89.4,60362752,12866,24372,37238,120,1192.1465
2026-04-25T09:27:14.897888+00:00,recovery_scenario,iperf_tcp,50,6,,twin_core,467944,9.8,67284992,5533,907,6440,0,0.0
2026-04-25T09:27:14.897888+00:00,recovery_scenario,iperf_tcp,50,6,,ryu_controller,467937,78.5,60362752,12872,24527,37399,161,1581.6823
2026-04-25T09:27:15.000358+00:00,recovery_scenario,iperf_tcp,50,6,,twin_core,467944,9.8,67284992,5533,907,6440,0,0.0
2026-04-25T09:27:15.000358+00:00,recovery_scenario,iperf_tcp,50,6,,ryu_controller,467937,19.5,60362752,12895,24551,37446,47,457.4561
2026-04-25T09:27:15.101871+00:00,recovery_scenario,iperf_tcp,50,6,,twin_core,467944,0.0,67284992,5533,907,6440,0,0.0
2026-04-25T09:27:15.101871+00:00,recovery_scenario,iperf_tcp,50,6,,ryu_controller,467937,9.9,60362752,12906,24552,37458,12,118.9086
2026-04-25T09:27:15.202441+00:00,recovery_scenario,iperf_tcp,50,6,,twin_core,467944,0.0,67284992,5533,907,6440,0,0.0
2026-04-25T09:27:15.202441+00:00,recovery_scenario,iperf_tcp,50,6,,ryu_controller,467937,9.9,60362752,12939,24552,37491,33,327.835
2026-04-25T09:27:15.303114+00:00,recovery_scenario,iperf_tcp,50,6,,twin_core,467944,9.9,67284992,5546,915,6461,21,208.7883
2026-04-25T09:27:15.303114+00:00,recovery_scenario,iperf_tcp,50,6,,ryu_controller,467937,29.8,60362752,12972,24620,37592,101,1004.5272
2026-04-25T09:27:15.384138+00:00,recovery_scenario,iperf_tcp,50,6,recovery_requested,,,,,,,,,
2026-04-25T09:27:15.403802+00:00,recovery_scenario,iperf_tcp,50,6,,twin_core,467944,0.0,67284992,5564,934,6498,37,367.5204
2026-04-25T09:27:15.403802+00:00,recovery_scenario,iperf_tcp,50,6,,ryu_controller,467937,69.5,60362752,12999,24807,37806,214,2125.7341
2026-04-25T09:27:15.504352+00:00,recovery_scenario,iperf_tcp,50,6,,twin_core,467944,0.0,67284992,5564,934,6498,0,0.0
2026-04-25T09:27:15.504352+00:00,recovery_scenario,iperf_tcp,50,6,,ryu_controller,467937,29.7,60362752,13036,24841,37877,71,703.2382
2026-04-25T09:27:15.607808+00:00,recovery_scenario,iperf_tcp,50,6,,twin_core,467944,0.0,67284992,5564,934,6498,0,0.0
2026-04-25T09:27:15.607808+00:00,recovery_scenario,iperf_tcp,50,6,,ryu_controller,467937,58.1,60362752,13051,25104,38155,278,2696.5372
2026-04-25T09:27:15.708394+00:00,recovery_scenario,iperf_tcp,50,6,,twin_core,467944,0.0,67284992,5564,934,6498,0,0.0
2026-04-25T09:27:15.708394+00:00,recovery_scenario,iperf_tcp,50,6,,ryu_controller,467937,99.6,60362752,13051,25484,38535,380,3783.0119
2026-04-25T09:27:15.809290+00:00,recovery_scenario,iperf_tcp,50,6,,twin_core,467944,0.0,67284992,5564,934,6498,0,0.0
2026-04-25T09:27:15.809290+00:00,recovery_scenario,iperf_tcp,50,6,,ryu_controller,467937,89.1,60362752,13051,25612,38663,128,1265.2126
2026-04-25T09:27:15.910251+00:00,recovery_scenario,iperf_tcp,50,6,,twin_core,467944,9.9,67284992,5565,934,6499,1,9.9234
2026-04-25T09:27:15.910251+00:00,recovery_scenario,iperf_tcp,50,6,,ryu_controller,467937,109.2,60362752,13051,25622,38673,10,99.3728
2026-04-25T09:27:16.010690+00:00,recovery_scenario,iperf_tcp,50,6,,twin_core,467944,0.0,67284992,5565,934,6499,0,0.0
2026-04-25T09:27:16.010690+00:00,recovery_scenario,iperf_tcp,50,6,,ryu_controller,467937,89.6,60362752,13051,25625,38676,3,29.8542
2026-04-25T09:27:16.111174+00:00,recovery_scenario,iperf_tcp,50,6,,twin_core,467944,0.0,67284992,5565,934,6499,0,0.0
2026-04-25T09:27:16.111174+00:00,recovery_scenario,iperf_tcp,50,6,,ryu_controller,467937,99.5,60362752,13051,25633,38684,8,79.6311
2026-04-25T09:27:16.211805+00:00,recovery_scenario,iperf_tcp,50,6,,twin_core,467944,0.0,67284992,5565,934,6499,0,0.0
2026-04-25T09:27:16.211805+00:00,recovery_scenario,iperf_tcp,50,6,,ryu_controller,467937,99.3,60362752,13051,25639,38690,6,59.5896
2026-04-25T09:27:16.312322+00:00,recovery_scenario,iperf_tcp,50,6,,twin_core,467944,0.0,67284992,5565,934,6499,0,0.0
2026-04-25T09:27:16.312322+00:00,recovery_scenario,iperf_tcp,50,6,,ryu_controller,467937,99.4,60362752,13051,25647,38698,8,79.4734
2026-04-25T09:27:16.413273+00:00,recovery_scenario,iperf_tcp,50,6,,twin_core,467944,0.0,67284992,5566,934,6500,1,9.9021
2026-04-25T09:27:16.413273+00:00,recovery_scenario,iperf_tcp,50,6,,ryu_controller,467937,99.2,60362752,13051,25652,38703,5,49.5194
2026-04-25T09:27:16.514187+00:00,recovery_scenario,iperf_tcp,50,6,,twin_core,467944,0.0,67284992,5566,934,6500,0,0.0
2026-04-25T09:27:16.514187+00:00,recovery_scenario,iperf_tcp,50,6,,ryu_controller,467937,98.8,60362752,13051,25670,38721,18,178.1013
2026-04-25T09:27:16.615073+00:00,recovery_scenario,iperf_tcp,50,6,,twin_core,467944,0.0,67284992,5566,934,6500,0,0.0
2026-04-25T09:27:16.615073+00:00,recovery_scenario,iperf_tcp,50,6,,ryu_controller,467937,39.6,60362752,13062,25680,38742,21,207.5792
2026-04-25T09:27:16.716229+00:00,recovery_scenario,iperf_tcp,50,6,,twin_core,467944,0.0,67284992,5566,934,6500,0,0.0
2026-04-25T09:27:16.716229+00:00,recovery_scenario,iperf_tcp,50,6,,ryu_controller,467937,0.0,60362752,13072,25680,38752,10,98.1471
2026-04-25T09:27:16.818303+00:00,recovery_scenario,iperf_tcp,50,6,,twin_core,467944,0.0,67284992,5566,934,6500,0,0.0
2026-04-25T09:27:16.818303+00:00,recovery_scenario,iperf_tcp,50,6,,ryu_controller,467937,9.8,60362752,13076,25680,38756,4,39.5582
2026-04-25T09:27:16.919216+00:00,recovery_scenario,iperf_tcp,50,6,,twin_core,467944,0.0,67284992,5567,934,6501,1,9.9398
2026-04-25T09:27:16.919216+00:00,recovery_scenario,iperf_tcp,50,6,,ryu_controller,467937,10.0,60362752,13081,25680,38761,5,49.7834
2026-04-25T09:27:17.019631+00:00,recovery_scenario,iperf_tcp,50,6,,twin_core,467944,19.9,67284992,5567,934,6501,0,0.0
2026-04-25T09:27:17.019631+00:00,recovery_scenario,iperf_tcp,50,6,,ryu_controller,467937,89.4,60362752,13098,25686,38784,23,228.4738
2026-04-25T09:27:17.120526+00:00,recovery_scenario,iperf_tcp,50,6,,twin_core,467944,0.0,67284992,5567,934,6501,0,0.0
2026-04-25T09:27:17.120526+00:00,recovery_scenario,iperf_tcp,50,6,,ryu_controller,467937,19.8,60362752,13108,25687,38795,11,109.0367
2026-04-25T09:27:17.221170+00:00,recovery_scenario,iperf_tcp,50,6,,twin_core,467944,0.0,67284992,5567,934,6501,0,0.0
2026-04-25T09:27:17.221170+00:00,recovery_scenario,iperf_tcp,50,6,,ryu_controller,467937,0.0,60362752,13123,25687,38810,15,148.3372
2026-04-25T09:27:17.322373+00:00,recovery_scenario,iperf_tcp,50,6,,twin_core,467944,0.0,67284992,5567,934,6501,0,0.0
2026-04-25T09:27:17.322373+00:00,recovery_scenario,iperf_tcp,50,6,,ryu_controller,467937,9.9,60362752,13142,25687,38829,19,188.598
2026-04-25T09:27:17.423049+00:00,recovery_scenario,iperf_tcp,50,6,,twin_core,467944,9.9,67284992,5579,934,6513,12,119.4632
2026-04-25T09:27:17.423049+00:00,recovery_scenario,iperf_tcp,50,6,,ryu_controller,467937,19.9,60362752,13166,25689,38855,26,258.9042
2026-04-25T09:27:17.478460+00:00,recovery_scenario,iperf_tcp,50,6,scenario_teardown,,,,,,,,,
2026-04-25T09:27:17.523481+00:00,recovery_scenario,iperf_tcp,50,6,,twin_core,467944,9.9,67284992,5606,935,6541,28,277.7689
2026-04-25T09:27:17.523481+00:00,recovery_scenario,iperf_tcp,50,6,,ryu_controller,467937,49.6,60362752,13202,25690,38892,37,366.7699
2026-04-25T09:27:17.630640+00:00,recovery_scenario,iperf_tcp,50,6,,twin_core,467944,9.4,67284992,5618,935,6553,12,111.9909
2026-04-25T09:27:17.630640+00:00,recovery_scenario,iperf_tcp,50,6,,ryu_controller,467937,9.3,60362752,13207,25693,38900,8,74.376
2026-04-25T09:27:17.731926+00:00,recovery_scenario,iperf_tcp,50,6,,twin_core,467944,0.0,67284992,5646,937,6583,30,297.124
2026-04-25T09:27:17.731926+00:00,recovery_scenario,iperf_tcp,50,6,,ryu_controller,467937,0.0,60362752,13214,25701,38915,15,149.2667
2026-04-25T09:27:17.832355+00:00,recovery_scenario,iperf_tcp,50,6,,twin_core,467944,0.0,67284992,5657,937,6594,11,109.5407
2026-04-25T09:27:17.832355+00:00,recovery_scenario,iperf_tcp,50,6,,ryu_controller,467937,19.9,60362752,13223,25709,38932,17,169.0554
2026-04-25T09:27:18.300127+00:00,recovery_scenario,iperf_tcp,50,7,,twin_core,467944,0.0,67284992,6056,979,7035,0,0.0
2026-04-25T09:27:18.300127+00:00,recovery_scenario,iperf_tcp,50,7,,ryu_controller,467937,0.0,60362752,13299,25714,39013,0,0.0
2026-04-25T09:27:18.401637+00:00,recovery_scenario,iperf_tcp,50,7,,twin_core,467944,0.0,67284992,6127,990,7117,82,816.4666
2026-04-25T09:27:18.401637+00:00,recovery_scenario,iperf_tcp,50,7,,ryu_controller,467937,49.8,60362752,13311,25744,39055,42,418.3013
2026-04-25T09:27:18.502096+00:00,recovery_scenario,iperf_tcp,50,7,,twin_core,467944,10.0,67284992,6239,990,7229,112,1114.8778
2026-04-25T09:27:18.502096+00:00,recovery_scenario,iperf_tcp,50,7,,ryu_controller,467937,19.9,60362752,13358,25745,39103,48,477.7731
2026-04-25T09:27:18.514150+00:00,recovery_scenario,iperf_tcp,50,7,service_started,,,,,,,,,
2026-04-25T09:27:18.603979+00:00,recovery_scenario,iperf_tcp,50,7,,twin_core,467944,9.8,67289088,6256,990,7246,17,166.8274
2026-04-25T09:27:18.603979+00:00,recovery_scenario,iperf_tcp,50,7,,ryu_controller,467937,49.1,60362752,13423,25746,39169,66,647.5981
2026-04-25T09:27:18.705736+00:00,recovery_scenario,iperf_tcp,50,7,,twin_core,467944,0.0,67289088,6257,990,7247,1,9.8238
2026-04-25T09:27:18.705736+00:00,recovery_scenario,iperf_tcp,50,7,,ryu_controller,467937,9.8,60362752,13445,25746,39191,22,216.1139
2026-04-25T09:27:18.806208+00:00,recovery_scenario,iperf_tcp,50,7,,twin_core,467944,0.0,67289088,6257,990,7247,0,0.0
2026-04-25T09:27:18.806208+00:00,recovery_scenario,iperf_tcp,50,7,,ryu_controller,467937,10.0,60362752,13482,25746,39228,37,368.5214
2026-04-25T09:27:18.906624+00:00,recovery_scenario,iperf_tcp,50,7,,twin_core,467944,0.0,67289088,6257,990,7247,0,0.0
2026-04-25T09:27:18.906624+00:00,recovery_scenario,iperf_tcp,50,7,,ryu_controller,467937,19.9,60362752,13512,25746,39258,30,298.7466
2026-04-25T09:27:19.008715+00:00,recovery_scenario,iperf_tcp,50,7,,twin_core,467944,0.0,67289088,6257,990,7247,0,0.0
2026-04-25T09:27:19.008715+00:00,recovery_scenario,iperf_tcp,50,7,,ryu_controller,467937,19.6,60362752,13531,25746,39277,19,186.1472
2026-04-25T09:27:19.109100+00:00,recovery_scenario,iperf_tcp,50,7,,twin_core,467944,0.0,67289088,6257,990,7247,0,0.0
2026-04-25T09:27:19.109100+00:00,recovery_scenario,iperf_tcp,50,7,,ryu_controller,467937,29.9,60362752,13587,25746,39333,56,557.6401
2026-04-25T09:27:19.209532+00:00,recovery_scenario,iperf_tcp,50,7,,twin_core,467944,0.0,67289088,6257,990,7247,0,0.0
2026-04-25T09:27:19.209532+00:00,recovery_scenario,iperf_tcp,50,7,,ryu_controller,467937,19.9,60362752,13622,25746,39368,35,348.5093
2026-04-25T09:27:19.309959+00:00,recovery_scenario,iperf_tcp,50,7,,twin_core,467944,0.0,67289088,6257,990,7247,0,0.0
2026-04-25T09:27:19.309959+00:00,recovery_scenario,iperf_tcp,50,7,,ryu_controller,467937,19.9,60362752,13655,25746,39401,33,328.6383
2026-04-25T09:27:19.410378+00:00,recovery_scenario,iperf_tcp,50,7,,twin_core,467944,0.0,67289088,6257,990,7247,0,0.0
2026-04-25T09:27:19.410378+00:00,recovery_scenario,iperf_tcp,50,7,,ryu_controller,467937,0.0,60362752,13663,25746,39409,8,79.5358
2026-04-25T09:27:19.512487+00:00,recovery_scenario,iperf_tcp,50,7,,twin_core,467944,0.0,67289088,6257,990,7247,0,0.0
2026-04-25T09:27:19.512487+00:00,recovery_scenario,iperf_tcp,50,7,,ryu_controller,467937,9.8,60362752,13687,25746,39433,24,235.2459
2026-04-25T09:27:19.612998+00:00,recovery_scenario,iperf_tcp,50,7,,twin_core,467944,0.0,67289088,6257,990,7247,0,0.0
2026-04-25T09:27:19.612998+00:00,recovery_scenario,iperf_tcp,50,7,,ryu_controller,467937,10.0,60362752,13716,25746,39462,29,288.7953
2026-04-25T09:27:19.713399+00:00,recovery_scenario,iperf_tcp,50,7,,twin_core,467944,0.0,67289088,6257,990,7247,0,0.0
2026-04-25T09:27:19.713399+00:00,recovery_scenario,iperf_tcp,50,7,,ryu_controller,467937,19.9,60362752,13753,25746,39499,37,368.4015
2026-04-25T09:27:19.813831+00:00,recovery_scenario,iperf_tcp,50,7,,twin_core,467944,0.0,67289088,6257,990,7247,0,0.0
2026-04-25T09:27:19.813831+00:00,recovery_scenario,iperf_tcp,50,7,,ryu_controller,467937,19.9,60362752,13784,25747,39531,32,318.7051
2026-04-25T09:27:19.914240+00:00,recovery_scenario,iperf_tcp,50,7,,twin_core,467944,0.0,67289088,6257,990,7247,0,0.0
2026-04-25T09:27:19.914240+00:00,recovery_scenario,iperf_tcp,50,7,,ryu_controller,467937,19.9,60362752,13834,25747,39581,50,497.4752
2026-04-25T09:27:20.014746+00:00,recovery_scenario,iperf_tcp,50,7,,twin_core,467944,0.0,67289088,6257,990,7247,0,0.0
2026-04-25T09:27:20.014746+00:00,recovery_scenario,iperf_tcp,50,7,,ryu_controller,467937,10.0,60362752,13867,25747,39614,33,328.5746
2026-04-25T09:27:20.115829+00:00,recovery_scenario,iperf_tcp,50,7,,twin_core,467944,0.0,67289088,6257,990,7247,0,0.0
2026-04-25T09:27:20.115829+00:00,recovery_scenario,iperf_tcp,50,7,,ryu_controller,467937,19.8,60362752,13907,25747,39654,40,395.684
2026-04-25T09:27:20.216279+00:00,recovery_scenario,iperf_tcp,50,7,,twin_core,467944,0.0,67289088,6257,990,7247,0,0.0
2026-04-25T09:27:20.216279+00:00,recovery_scenario,iperf_tcp,50,7,,ryu_controller,467937,19.9,60362752,13937,25748,39685,31,308.3759
2026-04-25T09:27:20.318473+00:00,recovery_scenario,iperf_tcp,50,7,,twin_core,467944,0.0,67289088,6257,990,7247,0,0.0
2026-04-25T09:27:20.318473+00:00,recovery_scenario,iperf_tcp,50,7,,ryu_controller,467937,19.6,60362752,13971,25748,39719,34,332.6584
2026-04-25T09:27:20.420377+00:00,recovery_scenario,iperf_tcp,50,7,,twin_core,467944,0.0,67289088,6257,990,7247,0,0.0
2026-04-25T09:27:20.420377+00:00,recovery_scenario,iperf_tcp,50,7,,ryu_controller,467937,0.0,60362752,13996,25748,39744,25,245.4884
2026-04-25T09:27:20.521277+00:00,recovery_scenario,iperf_tcp,50,7,,twin_core,467944,0.0,67289088,6257,990,7247,0,0.0
2026-04-25T09:27:20.521277+00:00,recovery_scenario,iperf_tcp,50,7,,ryu_controller,467937,9.9,60362752,14053,25748,39801,57,565.1922
2026-04-25T09:27:20.621721+00:00,recovery_scenario,iperf_tcp,50,7,,twin_core,467944,19.9,67289088,6259,990,7249,2,19.9121
2026-04-25T09:27:20.621721+00:00,recovery_scenario,iperf_tcp,50,7,,ryu_controller,467937,39.8,60362752,14124,25748,39872,71,706.9637
2026-04-25T09:27:20.723305+00:00,recovery_scenario,iperf_tcp,50,7,,twin_core,467944,0.0,67289088,6265,990,7255,6,59.0633
2026-04-25T09:27:20.723305+00:00,recovery_scenario,iperf_tcp,50,7,,ryu_controller,467937,19.7,60362752,14155,25749,39904,32,314.5654
2026-04-25T09:27:20.823897+00:00,recovery_scenario,iperf_tcp,50,7,,twin_core,467944,0.0,67289088,6268,990,7258,3,29.819
2026-04-25T09:27:20.823897+00:00,recovery_scenario,iperf_tcp,50,7,,ryu_controller,467937,9.9,60362752,14177,25749,39926,22,218.928
2026-04-25T09:27:20.924387+00:00,recovery_scenario,iperf_tcp,50,7,,twin_core,467944,0.0,67289088,6271,990,7261,3,29.8403
2026-04-25T09:27:20.924387+00:00,recovery_scenario,iperf_tcp,50,7,,ryu_controller,467937,9.9,60362752,14198,25749,39947,21,208.8723
2026-04-25T09:27:21.024887+00:00,recovery_scenario,iperf_tcp,50,7,,twin_core,467944,0.0,67289088,6274,990,7264,3,29.8728
2026-04-25T09:27:21.024887+00:00,recovery_scenario,iperf_tcp,50,7,,ryu_controller,467937,0.0,60362752,14205,25749,39954,7,69.7165
2026-04-25T09:27:21.125350+00:00,recovery_scenario,iperf_tcp,50,7,,twin_core,467944,10.0,67289088,6274,990,7264,0,0.0
2026-04-25T09:27:21.125350+00:00,recovery_scenario,iperf_tcp,50,7,,ryu_controller,467937,59.7,60362752,14261,25749,40010,56,556.945
2026-04-25T09:27:21.225875+00:00,recovery_scenario,iperf_tcp,50,7,,twin_core,467944,0.0,67289088,6277,990,7267,3,29.8224
2026-04-25T09:27:21.225875+00:00,recovery_scenario,iperf_tcp,50,7,,ryu_controller,467937,0.0,60362752,14275,25749,40024,14,139.2594
2026-04-25T09:27:21.326368+00:00,recovery_scenario,iperf_tcp,50,7,,twin_core,467944,0.0,67289088,6283,990,7273,6,59.7364
2026-04-25T09:27:21.326368+00:00,recovery_scenario,iperf_tcp,50,7,,ryu_controller,467937,10.0,60362752,14289,25749,40038,14,139.3598
2026-04-25T09:27:21.428276+00:00,recovery_scenario,iperf_tcp,50,7,,twin_core,467944,0.0,67289088,6289,990,7279,6,58.855
2026-04-25T09:27:21.428276+00:00,recovery_scenario,iperf_tcp,50,7,,ryu_controller,467937,9.8,60362752,14309,25749,40058,20,196.1577
2026-04-25T09:27:21.528779+00:00,recovery_scenario,iperf_tcp,50,7,,twin_core,467944,0.0,67289088,6292,990,7282,3,29.8614
2026-04-25T09:27:21.528779+00:00,recovery_scenario,iperf_tcp,50,7,,ryu_controller,467937,0.0,60362752,14324,25749,40073,15,149.3429
2026-04-25T09:27:21.644660+00:00,recovery_scenario,iperf_tcp,50,7,,twin_core,467944,0.0,67289088,6295,990,7285,3,25.8675
2026-04-25T09:27:21.644660+00:00,recovery_scenario,iperf_tcp,50,7,,ryu_controller,467937,8.6,60362752,14337,25749,40086,13,112.074
2026-04-25T09:27:21.745217+00:00,recovery_scenario,iperf_tcp,50,7,,twin_core,467944,0.0,67289088,6301,990,7291,6,59.7134
2026-04-25T09:27:21.745217+00:00,recovery_scenario,iperf_tcp,50,7,,ryu_controller,467937,10.0,60362752,14352,25749,40101,15,149.2911
2026-04-25T09:27:21.847083+00:00,recovery_scenario,iperf_tcp,50,7,,twin_core,467944,0.0,67289088,6310,990,7300,9,88.3668
2026-04-25T09:27:21.847083+00:00,recovery_scenario,iperf_tcp,50,7,,ryu_controller,467937,0.0,60362752,14368,25749,40117,16,157.1507
2026-04-25T09:27:21.947498+00:00,recovery_scenario,iperf_tcp,50,7,,twin_core,467944,0.0,67289088,6313,990,7303,3,29.8654
2026-04-25T09:27:21.947498+00:00,recovery_scenario,iperf_tcp,50,7,,ryu_controller,467937,10.0,60362752,14385,25749,40134,17,169.1592
2026-04-25T09:27:22.048045+00:00,recovery_scenario,iperf_tcp,50,7,,twin_core,467944,0.0,67289088,6316,990,7306,3,29.8502
2026-04-25T09:27:22.048045+00:00,recovery_scenario,iperf_tcp,50,7,,ryu_controller,467937,9.9,60362752,14398,25749,40147,13,129.4061
2026-04-25T09:27:22.148530+00:00,recovery_scenario,iperf_tcp,50,7,,twin_core,467944,0.0,67289088,6319,990,7309,3,29.7989
2026-04-25T09:27:22.148530+00:00,recovery_scenario,iperf_tcp,50,7,,ryu_controller,467937,9.9,60362752,14429,25749,40178,31,307.9173
2026-04-25T09:27:22.251341+00:00,recovery_scenario,iperf_tcp,50,7,,twin_core,467944,0.0,67289088,6322,990,7312,3,29.0448
2026-04-25T09:27:22.251341+00:00,recovery_scenario,iperf_tcp,50,7,,ryu_controller,467937,9.6,60362752,14439,25749,40188,10,96.3986
2026-04-25T09:27:22.357682+00:00,recovery_scenario,iperf_tcp,50,7,,twin_core,467944,33.0,67289088,6330,990,7320,8,60.1731
2026-04-25T09:27:22.357682+00:00,recovery_scenario,iperf_tcp,50,7,,ryu_controller,467937,36.8,60362752,14449,25749,40198,10,73.5829
2026-04-25T09:27:22.488865+00:00,recovery_scenario,iperf_tcp,50,7,,twin_core,467944,8.6,67289088,6333,990,7323,3,28.8517
2026-04-25T09:27:22.488865+00:00,recovery_scenario,iperf_tcp,50,7,,ryu_controller,467937,29.7,60362752,14459,25749,40208,10,99.3182
2026-04-25T09:27:22.589533+00:00,recovery_scenario,iperf_tcp,50,7,,twin_core,467944,0.0,67289088,6339,990,7329,6,59.5979
2026-04-25T09:27:22.589533+00:00,recovery_scenario,iperf_tcp,50,7,,ryu_controller,467937,9.9,60362752,14479,25749,40228,20,198.8847
2026-04-25T09:27:22.690015+00:00,recovery_scenario,iperf_tcp,50,7,,twin_core,467944,10.0,67289088,6339,990,7329,0,0.0
2026-04-25T09:27:22.690015+00:00,recovery_scenario,iperf_tcp,50,7,,ryu_controller,467937,69.7,60362752,14533,25749,40282,54,537.4187
2026-04-25T09:27:22.790506+00:00,recovery_scenario,iperf_tcp,50,7,,twin_core,467944,9.9,67309568,6345,990,7335,6,59.7048
2026-04-25T09:27:22.790506+00:00,recovery_scenario,iperf_tcp,50,7,,ryu_controller,467937,0.0,60362752,14537,25749,40286,4,39.7949
2026-04-25T09:27:22.891047+00:00,recovery_scenario,iperf_tcp,50,7,,twin_core,467944,0.0,67309568,6356,990,7346,11,109.4728
2026-04-25T09:27:22.891047+00:00,recovery_scenario,iperf_tcp,50,7,,ryu_controller,467937,10.0,60362752,14547,25749,40296,10,99.5331
2026-04-25T09:27:22.991487+00:00,recovery_scenario,iperf_tcp,50,7,,twin_core,467944,0.0,67309568,6360,990,7350,4,39.8027
2026-04-25T09:27:22.991487+00:00,recovery_scenario,iperf_tcp,50,7,,ryu_controller,467937,9.9,60362752,14567,25749,40316,20,198.9623
2026-04-25T09:27:23.092045+00:00,recovery_scenario,iperf_tcp,50,7,,twin_core,467944,0.0,67309568,6360,990,7350,0,0.0
2026-04-25T09:27:23.092045+00:00,recovery_scenario,iperf_tcp,50,7,,ryu_controller,467937,0.0,60362752,14577,25749,40326,10,99.3765
2026-04-25T09:27:23.194479+00:00,recovery_scenario,iperf_tcp,50,7,,twin_core,467944,9.8,67309568,6363,990,7353,3,29.3177
2026-04-25T09:27:23.194479+00:00,recovery_scenario,iperf_tcp,50,7,,ryu_controller,467937,58.6,60362752,14624,25750,40374,48,469.1879
2026-04-25T09:27:23.296531+00:00,recovery_scenario,iperf_tcp,50,7,,twin_core,467944,0.0,67309568,6369,990,7359,6,58.778
2026-04-25T09:27:23.296531+00:00,recovery_scenario,iperf_tcp,50,7,,ryu_controller,467937,9.8,60362752,14635,25750,40385,11,107.6817
2026-04-25T09:27:23.397094+00:00,recovery_scenario,iperf_tcp,50,7,,twin_core,467944,0.0,67309568,6378,990,7368,9,89.5602
2026-04-25T09:27:23.397094+00:00,recovery_scenario,iperf_tcp,50,7,,ryu_controller,467937,19.9,60362752,14657,25750,40407,22,219.0761
2026-04-25T09:27:23.498765+00:00,recovery_scenario,iperf_tcp,50,7,,twin_core,467944,0.0,67309568,6381,990,7371,3,29.4959
2026-04-25T09:27:23.498765+00:00,recovery_scenario,iperf_tcp,50,7,,ryu_controller,467937,9.8,60362752,14682,25750,40432,25,245.7433
2026-04-25T09:27:23.606657+00:00,recovery_scenario,iperf_tcp,50,7,,twin_core,467944,0.0,67309568,6384,990,7374,3,27.8071
2026-04-25T09:27:23.606657+00:00,recovery_scenario,iperf_tcp,50,7,,ryu_controller,467937,0.0,60362752,14688,25750,40438,6,55.6259
2026-04-25T09:27:23.707153+00:00,recovery_scenario,iperf_tcp,50,7,,twin_core,467944,0.0,67309568,6390,990,7380,6,59.725
2026-04-25T09:27:23.707153+00:00,recovery_scenario,iperf_tcp,50,7,,ryu_controller,467937,10.0,60362752,14720,25750,40470,32,318.4752
2026-04-25T09:27:23.807982+00:00,recovery_scenario,iperf_tcp,50,7,,twin_core,467944,0.0,67309568,6397,990,7387,7,69.3797
2026-04-25T09:27:23.807982+00:00,recovery_scenario,iperf_tcp,50,7,,ryu_controller,467937,0.0,60362752,14724,25750,40474,4,39.4907
2026-04-25T09:27:23.908958+00:00,recovery_scenario,iperf_tcp,50,7,,twin_core,467944,0.0,67309568,6404,990,7394,7,69.3749
2026-04-25T09:27:23.908958+00:00,recovery_scenario,iperf_tcp,50,7,,ryu_controller,467937,19.8,60362752,14753,25750,40503,29,288.6369
2026-04-25T09:27:24.009356+00:00,recovery_scenario,iperf_tcp,50,7,,twin_core,467944,0.0,67309568,6407,990,7397,3,29.8723
2026-04-25T09:27:24.009356+00:00,recovery_scenario,iperf_tcp,50,7,,ryu_controller,467937,9.9,60362752,14772,25750,40522,19,188.7772
2026-04-25T09:27:24.113507+00:00,recovery_scenario,iperf_tcp,50,7,,twin_core,467944,0.0,67309568,6413,990,7403,6,57.5477
2026-04-25T09:27:24.113507+00:00,recovery_scenario,iperf_tcp,50,7,,ryu_controller,467937,0.0,60362752,14778,25750,40528,6,57.6397
2026-04-25T09:27:24.214085+00:00,recovery_scenario,iperf_tcp,50,7,,twin_core,467944,9.9,67309568,6419,990,7409,6,59.7159
2026-04-25T09:27:24.214085+00:00,recovery_scenario,iperf_tcp,50,7,,ryu_controller,467937,0.0,60362752,14808,25750,40558,30,298.665
2026-04-25T09:27:24.315647+00:00,recovery_scenario,iperf_tcp,50,7,,twin_core,467944,0.0,67309568,6422,990,7412,3,29.5245
2026-04-25T09:27:24.315647+00:00,recovery_scenario,iperf_tcp,50,7,,ryu_controller,467937,0.0,60362752,14810,25750,40560,2,19.6726
2026-04-25T09:27:24.416229+00:00,recovery_scenario,iperf_tcp,50,7,,twin_core,467944,0.0,67309568,6425,990,7415,3,29.853
2026-04-25T09:27:24.416229+00:00,recovery_scenario,iperf_tcp,50,7,,ryu_controller,467937,10.0,60362752,14821,25750,40571,11,109.5521
2026-04-25T09:27:24.468798+00:00,recovery_scenario,iperf_tcp,50,7,pingall_completed,,,,,,,,,
2026-04-25T09:27:24.516640+00:00,recovery_scenario,iperf_tcp,50,7,,twin_core,467944,0.0,67309568,6438,990,7428,13,129.4079
2026-04-25T09:27:24.516640+00:00,recovery_scenario,iperf_tcp,50,7,,ryu_controller,467937,10.0,60362752,14839,25750,40589,18,179.1468
2026-04-25T09:27:24.618155+00:00,recovery_scenario,iperf_tcp,50,7,,twin_core,467944,0.0,67309568,6438,990,7428,0,0.0
2026-04-25T09:27:24.618155+00:00,recovery_scenario,iperf_tcp,50,7,,ryu_controller,467937,9.8,60362752,14842,25750,40592,3,29.5334
2026-04-25T09:27:24.718710+00:00,recovery_scenario,iperf_tcp,50,7,,twin_core,467944,9.9,67309568,6438,990,7428,0,0.0
2026-04-25T09:27:24.718710+00:00,recovery_scenario,iperf_tcp,50,7,,ryu_controller,467937,10.0,60362752,14863,25750,40613,21,209.1136
2026-04-25T09:27:24.821683+00:00,recovery_scenario,iperf_tcp,50,7,,twin_core,467944,0.0,67350528,6438,990,7428,0,0.0
2026-04-25T09:27:24.821683+00:00,recovery_scenario,iperf_tcp,50,7,,ryu_controller,467937,58.2,60362752,14898,25750,40648,35,339.5534
2026-04-25T09:27:24.924252+00:00,recovery_scenario,iperf_tcp,50,7,,twin_core,467944,0.0,67350528,6438,990,7428,0,0.0
2026-04-25T09:27:24.924252+00:00,recovery_scenario,iperf_tcp,50,7,,ryu_controller,467937,0.0,60362752,14901,25750,40651,3,29.222
2026-04-25T09:27:25.034264+00:00,recovery_scenario,iperf_tcp,50,7,,twin_core,467944,0.0,67350528,6438,990,7428,0,0.0
2026-04-25T09:27:25.034264+00:00,recovery_scenario,iperf_tcp,50,7,,ryu_controller,467937,9.1,60362752,14912,25750,40662,11,99.9608
2026-04-25T09:27:25.135357+00:00,recovery_scenario,iperf_tcp,50,7,,twin_core,467944,0.0,67350528,6438,990,7428,0,0.0
2026-04-25T09:27:25.135357+00:00,recovery_scenario,iperf_tcp,50,7,,ryu_controller,467937,0.0,60362752,14916,25750,40666,4,39.4153
2026-04-25T09:27:25.236375+00:00,recovery_scenario,iperf_tcp,50,7,,twin_core,467944,0.0,67350528,6438,990,7428,0,0.0
2026-04-25T09:27:25.236375+00:00,recovery_scenario,iperf_tcp,50,7,,ryu_controller,467937,19.9,60362752,14939,25751,40690,24,238.4699
2026-04-25T09:27:25.346486+00:00,recovery_scenario,iperf_tcp,50,7,,twin_core,467944,0.0,67350528,6438,990,7428,0,0.0
2026-04-25T09:27:25.346486+00:00,recovery_scenario,iperf_tcp,50,7,,ryu_controller,467937,45.5,60362752,14971,25751,40722,32,290.9277
2026-04-25T09:27:25.453632+00:00,recovery_scenario,iperf_tcp,50,7,,twin_core,467944,0.0,67350528,6438,990,7428,0,0.0
2026-04-25T09:27:25.453632+00:00,recovery_scenario,iperf_tcp,50,7,,ryu_controller,467937,0.0,60362752,14974,25751,40725,3,27.9357
2026-04-25T09:27:25.555827+00:00,recovery_scenario,iperf_tcp,50,7,,twin_core,467944,9.8,67350528,6443,990,7433,5,49.0203
2026-04-25T09:27:25.555827+00:00,recovery_scenario,iperf_tcp,50,7,,ryu_controller,467937,0.0,60362752,14978,25751,40729,4,39.258
2026-04-25T09:27:25.656301+00:00,recovery_scenario,iperf_tcp,50,7,,twin_core,467944,0.0,67350528,6443,990,7433,0,0.0
2026-04-25T09:27:25.656301+00:00,recovery_scenario,iperf_tcp,50,7,,ryu_controller,467937,0.0,60362752,14981,25751,40732,3,29.8248
2026-04-25T09:27:25.756989+00:00,recovery_scenario,iperf_tcp,50,7,,twin_core,467944,0.0,67350528,6443,990,7433,0,0.0
2026-04-25T09:27:25.756989+00:00,recovery_scenario,iperf_tcp,50,7,,ryu_controller,467937,0.0,60362752,15003,25752,40755,23,228.7148
2026-04-25T09:27:25.857436+00:00,recovery_scenario,iperf_tcp,50,7,,twin_core,467944,0.0,67350528,6443,990,7433,0,0.0
2026-04-25T09:27:25.857436+00:00,recovery_scenario,iperf_tcp,50,7,,ryu_controller,467937,0.0,60362752,15031,25753,40784,29,288.0526
2026-04-25T09:27:25.958439+00:00,recovery_scenario,iperf_tcp,50,7,,twin_core,467944,0.0,67350528,6443,990,7433,0,0.0
2026-04-25T09:27:25.958439+00:00,recovery_scenario,iperf_tcp,50,7,,ryu_controller,467937,0.0,60362752,15048,25755,40803,19,187.3936
2026-04-25T09:27:26.059743+00:00,recovery_scenario,iperf_tcp,50,7,,twin_core,467944,0.0,67350528,6443,990,7433,0,0.0
2026-04-25T09:27:26.059743+00:00,recovery_scenario,iperf_tcp,50,7,,ryu_controller,467937,19.8,60362752,15062,25757,40819,16,158.3917
2026-04-25T09:27:26.160737+00:00,recovery_scenario,iperf_tcp,50,7,,twin_core,467944,0.0,67350528,6443,990,7433,0,0.0
2026-04-25T09:27:26.160737+00:00,recovery_scenario,iperf_tcp,50,7,,ryu_controller,467937,0.0,60362752,15098,25761,40859,40,391.9773
2026-04-25T09:27:26.262858+00:00,recovery_scenario,iperf_tcp,50,7,,twin_core,467944,9.8,67350528,6443,990,7433,0,0.0
2026-04-25T09:27:26.262858+00:00,recovery_scenario,iperf_tcp,50,7,,ryu_controller,467937,0.0,60362752,15125,25762,40887,28,277.7146
2026-04-25T09:27:26.364205+00:00,recovery_scenario,iperf_tcp,50,7,,twin_core,467944,0.0,67350528,6443,990,7433,0,0.0
2026-04-25T09:27:26.364205+00:00,recovery_scenario,iperf_tcp,50,7,,ryu_controller,467937,0.0,60362752,15152,25762,40914,27,263.0997
2026-04-25T09:27:26.466932+00:00,recovery_scenario,iperf_tcp,50,7,,twin_core,467944,0.0,67350528,6443,990,7433,0,0.0
2026-04-25T09:27:26.466932+00:00,recovery_scenario,iperf_tcp,50,7,,ryu_controller,467937,0.0,60362752,15168,25764,40932,18,176.5518
2026-04-25T09:27:26.486788+00:00,recovery_scenario,iperf_tcp,50,7,background_traffic_started,,,,,,,,,
2026-04-25T09:27:26.569703+00:00,recovery_scenario,iperf_tcp,50,7,,twin_core,467944,0.0,67350528,6461,1005,7466,33,321.7024
2026-04-25T09:27:26.569703+00:00,recovery_scenario,iperf_tcp,50,7,,ryu_controller,467937,29.3,60362752,15199,25794,40993,61,597.0126
2026-04-25T09:27:26.641029+00:00,recovery_scenario,iperf_tcp,50,7,fault_injected,,,,,,,,,
2026-04-25T09:27:26.670103+00:00,recovery_scenario,iperf_tcp,50,7,,twin_core,467944,9.9,67411968,6472,1011,7483,17,168.2013
2026-04-25T09:27:26.670103+00:00,recovery_scenario,iperf_tcp,50,7,,ryu_controller,467937,39.5,60362752,15210,25828,41038,45,444.0935
2026-04-25T09:27:26.771673+00:00,recovery_scenario,iperf_tcp,50,7,,twin_core,467944,0.0,67411968,6472,1011,7483,0,0.0
2026-04-25T09:27:26.771673+00:00,recovery_scenario,iperf_tcp,50,7,,ryu_controller,467937,58.4,60362752,15210,26009,41219,181,1763.288
2026-04-25T09:27:26.874430+00:00,recovery_scenario,iperf_tcp,50,7,,twin_core,467944,0.0,67411968,6472,1011,7483,0,0.0
2026-04-25T09:27:26.874430+00:00,recovery_scenario,iperf_tcp,50,7,,ryu_controller,467937,69.4,60362752,15210,26303,41513,294,2915.6935
2026-04-25T09:27:26.974949+00:00,recovery_scenario,iperf_tcp,50,7,,twin_core,467944,0.0,67411968,6472,1011,7483,0,0.0
2026-04-25T09:27:26.974949+00:00,recovery_scenario,iperf_tcp,50,7,,ryu_controller,467937,89.6,60362752,15210,26596,41806,293,2917.1094
2026-04-25T09:27:27.076145+00:00,recovery_scenario,iperf_tcp,50,7,,twin_core,467944,0.0,67411968,6472,1011,7483,0,0.0
2026-04-25T09:27:27.076145+00:00,recovery_scenario,iperf_tcp,50,7,,ryu_controller,467937,79.0,60362752,15210,26930,42140,334,3299.2509
2026-04-25T09:27:27.177445+00:00,recovery_scenario,iperf_tcp,50,7,,twin_core,467944,0.0,67411968,6473,1012,7485,2,19.7345
2026-04-25T09:27:27.177445+00:00,recovery_scenario,iperf_tcp,50,7,,ryu_controller,467937,98.7,60362752,15210,27136,42346,206,2032.3102
2026-04-25T09:27:27.278176+00:00,recovery_scenario,iperf_tcp,50,7,,twin_core,467944,0.0,67411968,6473,1012,7485,0,0.0
2026-04-25T09:27:27.278176+00:00,recovery_scenario,iperf_tcp,50,7,,ryu_controller,467937,89.5,60362752,15210,27388,42598,252,2504.7394
2026-04-25T09:27:27.379179+00:00,recovery_scenario,iperf_tcp,50,7,,twin_core,467944,0.0,67411968,6473,1012,7485,0,0.0
2026-04-25T09:27:27.379179+00:00,recovery_scenario,iperf_tcp,50,7,,ryu_controller,467937,98.9,60362752,15210,27654,42864,266,2576.8916
2026-04-25T09:27:27.481816+00:00,recovery_scenario,iperf_tcp,50,7,,twin_core,467944,0.0,67411968,6473,1012,7485,0,0.0
2026-04-25T09:27:27.481816+00:00,recovery_scenario,iperf_tcp,50,7,,ryu_controller,467937,97.5,60362752,15210,27879,43089,225,2240.2033
2026-04-25T09:27:27.582267+00:00,recovery_scenario,iperf_tcp,50,7,,twin_core,467944,0.0,67411968,6473,1012,7485,0,0.0
2026-04-25T09:27:27.582267+00:00,recovery_scenario,iperf_tcp,50,7,,ryu_controller,467937,89.6,60362752,15210,28036,43246,157,1560.9113
2026-04-25T09:27:27.682834+00:00,recovery_scenario,iperf_tcp,50,7,,twin_core,467944,0.0,67411968,6474,1012,7486,1,9.9367
2026-04-25T09:27:27.682834+00:00,recovery_scenario,iperf_tcp,50,7,,ryu_controller,467937,99.4,60362752,15210,28173,43383,137,1362.3902
2026-04-25T09:27:27.783929+00:00,recovery_scenario,iperf_tcp,50,7,,twin_core,467944,9.9,67411968,6474,1012,7486,0,0.0
2026-04-25T09:27:27.783929+00:00,recovery_scenario,iperf_tcp,50,7,,ryu_controller,467937,79.1,60366848,15210,28502,43712,329,3254.3386
2026-04-25T09:27:27.884459+00:00,recovery_scenario,iperf_tcp,50,7,,twin_core,467944,9.9,67411968,6474,1012,7486,0,0.0
2026-04-25T09:27:27.884459+00:00,recovery_scenario,iperf_tcp,50,7,,ryu_controller,467937,69.5,60366848,15224,28681,43905,193,1914.1378
2026-04-25T09:27:27.985306+00:00,recovery_scenario,iperf_tcp,50,7,,twin_core,467944,0.0,67411968,6474,1012,7486,0,0.0
2026-04-25T09:27:27.985306+00:00,recovery_scenario,iperf_tcp,50,7,,ryu_controller,467937,0.0,60366848,15248,28681,43929,24,238.7835
2026-04-25T09:27:28.085845+00:00,recovery_scenario,iperf_tcp,50,7,,twin_core,467944,0.0,67411968,6474,1012,7486,0,0.0
2026-04-25T09:27:28.085845+00:00,recovery_scenario,iperf_tcp,50,7,,ryu_controller,467937,9.9,60366848,15265,28733,43998,69,686.8415
2026-04-25T09:27:28.186382+00:00,recovery_scenario,iperf_tcp,50,7,,twin_core,467944,9.9,67411968,6482,1025,7507,21,208.5008
2026-04-25T09:27:28.186382+00:00,recovery_scenario,iperf_tcp,50,7,,ryu_controller,467937,19.8,60366848,15300,28800,44100,102,1006.9501
2026-04-25T09:27:28.250525+00:00,recovery_scenario,iperf_tcp,50,7,recovery_requested,,,,,,,,,
2026-04-25T09:27:28.287563+00:00,recovery_scenario,iperf_tcp,50,7,,twin_core,467944,19.7,67416064,6507,1055,7562,55,543.189
2026-04-25T09:27:28.287563+00:00,recovery_scenario,iperf_tcp,50,7,,ryu_controller,467937,49.5,60366848,15347,28839,44186,86,853.5449
2026-04-25T09:27:28.388347+00:00,recovery_scenario,iperf_tcp,50,7,,twin_core,467944,0.0,67416064,6507,1055,7562,0,0.0
2026-04-25T09:27:28.388347+00:00,recovery_scenario,iperf_tcp,50,7,,ryu_controller,467937,19.8,60366848,15380,28848,44228,42,415.7545
2026-04-25T09:27:28.489435+00:00,recovery_scenario,iperf_tcp,50,7,,twin_core,467944,0.0,67416064,6507,1055,7562,0,0.0
2026-04-25T09:27:28.489435+00:00,recovery_scenario,iperf_tcp,50,7,,ryu_controller,467937,29.7,60366848,15417,29026,44443,215,2132.3508
2026-04-25T09:27:28.590443+00:00,recovery_scenario,iperf_tcp,50,7,,twin_core,467944,0.0,67416064,6507,1055,7562,0,0.0
2026-04-25T09:27:28.590443+00:00,recovery_scenario,iperf_tcp,50,7,,ryu_controller,467937,89.3,60366848,15417,29454,44871,428,4246.2801
2026-04-25T09:27:28.693674+00:00,recovery_scenario,iperf_tcp,50,7,,twin_core,467944,0.0,67416064,6507,1055,7562,0,0.0
2026-04-25T09:27:28.693674+00:00,recovery_scenario,iperf_tcp,50,7,,ryu_controller,467937,106.7,60366848,15417,29543,44960,89,863.2353
2026-04-25T09:27:28.794089+00:00,recovery_scenario,iperf_tcp,50,7,,twin_core,467944,0.0,67416064,6508,1057,7565,3,29.878
2026-04-25T09:27:28.794089+00:00,recovery_scenario,iperf_tcp,50,7,,ryu_controller,467937,89.6,60366848,15417,29607,45024,64,637.4495
2026-04-25T09:27:28.894497+00:00,recovery_scenario,iperf_tcp,50,7,,twin_core,467944,0.0,67416064,6508,1057,7565,0,0.0
2026-04-25T09:27:28.894497+00:00,recovery_scenario,iperf_tcp,50,7,,ryu_controller,467937,99.5,60366848,15417,29614,45031,7,69.6311
2026-04-25T09:27:28.995010+00:00,recovery_scenario,iperf_tcp,50,7,,twin_core,467944,0.0,67416064,6508,1057,7565,0,0.0
2026-04-25T09:27:28.995010+00:00,recovery_scenario,iperf_tcp,50,7,,ryu_controller,467937,99.6,60366848,15417,29626,45043,12,119.5086
2026-04-25T09:27:29.095418+00:00,recovery_scenario,iperf_tcp,50,7,,twin_core,467944,0.0,67416064,6508,1057,7565,0,0.0
2026-04-25T09:27:29.095418+00:00,recovery_scenario,iperf_tcp,50,7,,ryu_controller,467937,99.5,60366848,15417,29652,45069,26,258.6899
2026-04-25T09:27:29.195931+00:00,recovery_scenario,iperf_tcp,50,7,,twin_core,467944,0.0,67416064,6508,1057,7565,0,0.0
2026-04-25T09:27:29.195931+00:00,recovery_scenario,iperf_tcp,50,7,,ryu_controller,467937,89.6,60366848,15417,29660,45077,8,79.6729
2026-04-25T09:27:29.296366+00:00,recovery_scenario,iperf_tcp,50,7,,twin_core,467944,0.0,67416064,6509,1057,7566,1,9.9572
2026-04-25T09:27:29.296366+00:00,recovery_scenario,iperf_tcp,50,7,,ryu_controller,467937,109.4,60366848,15417,29692,45109,32,318.3448
2026-04-25T09:27:29.399662+00:00,recovery_scenario,iperf_tcp,50,7,,twin_core,467944,0.0,67416064,6509,1057,7566,0,0.0
2026-04-25T09:27:29.399662+00:00,recovery_scenario,iperf_tcp,50,7,,ryu_controller,467937,96.9,60366848,15417,29707,45124,15,145.363
2026-04-25T09:27:29.500163+00:00,recovery_scenario,iperf_tcp,50,7,,twin_core,467944,0.0,67416064,6509,1057,7566,0,0.0
2026-04-25T09:27:29.500163+00:00,recovery_scenario,iperf_tcp,50,7,,ryu_controller,467937,39.7,60366848,15426,29714,45140,16,158.549
2026-04-25T09:27:29.601177+00:00,recovery_scenario,iperf_tcp,50,7,,twin_core,467944,0.0,67416064,6509,1057,7566,0,0.0
2026-04-25T09:27:29.601177+00:00,recovery_scenario,iperf_tcp,50,7,,ryu_controller,467937,0.0,60366848,15432,29715,45147,7,69.4173
2026-04-25T09:27:29.701941+00:00,recovery_scenario,iperf_tcp,50,7,,twin_core,467944,0.0,67416064,6509,1057,7566,0,0.0
2026-04-25T09:27:29.701941+00:00,recovery_scenario,iperf_tcp,50,7,,ryu_controller,467937,0.0,60366848,15438,29715,45153,6,59.5729
2026-04-25T09:27:29.802519+00:00,recovery_scenario,iperf_tcp,50,7,,twin_core,467944,0.0,67416064,6510,1057,7567,1,9.94
2026-04-25T09:27:29.802519+00:00,recovery_scenario,iperf_tcp,50,7,,ryu_controller,467937,9.9,60366848,15468,29715,45183,30,298.4908
2026-04-25T09:27:29.903008+00:00,recovery_scenario,iperf_tcp,50,7,,twin_core,467944,10.0,67416064,6510,1057,7567,0,0.0
2026-04-25T09:27:29.903008+00:00,recovery_scenario,iperf_tcp,50,7,,ryu_controller,467937,49.8,60366848,15477,29719,45196,13,129.5121
2026-04-25T09:27:30.003435+00:00,recovery_scenario,iperf_tcp,50,7,,twin_core,467944,10.0,67416064,6510,1057,7567,0,0.0
2026-04-25T09:27:30.003435+00:00,recovery_scenario,iperf_tcp,50,7,,ryu_controller,467937,49.7,60366848,15495,29722,45217,21,208.7179
2026-04-25T09:27:30.104015+00:00,recovery_scenario,iperf_tcp,50,7,,twin_core,467944,0.0,67416064,6510,1057,7567,0,0.0
2026-04-25T09:27:30.104015+00:00,recovery_scenario,iperf_tcp,50,7,,ryu_controller,467937,0.0,60366848,15500,29723,45223,6,59.5941
2026-04-25T09:27:30.205107+00:00,recovery_scenario,iperf_tcp,50,7,,twin_core,467944,0.0,67416064,6510,1057,7567,0,0.0
2026-04-25T09:27:30.205107+00:00,recovery_scenario,iperf_tcp,50,7,,ryu_controller,467937,0.0,60366848,15503,29723,45226,3,29.6514
2026-04-25T09:27:30.305869+00:00,recovery_scenario,iperf_tcp,50,7,,twin_core,467944,9.9,67416064,6528,1057,7585,18,178.7914
2026-04-25T09:27:30.305869+00:00,recovery_scenario,iperf_tcp,50,7,,ryu_controller,467937,39.8,60366848,15552,29723,45275,49,487.2122
2026-04-25T09:27:30.340860+00:00,recovery_scenario,iperf_tcp,50,7,scenario_teardown,,,,,,,,,
2026-04-25T09:27:30.406510+00:00,recovery_scenario,iperf_tcp,50,7,,twin_core,467944,9.9,67420160,6553,1059,7612,27,268.4327
2026-04-25T09:27:30.406510+00:00,recovery_scenario,iperf_tcp,50,7,,ryu_controller,467937,29.8,60366848,15578,29730,45308,33,328.0601
2026-04-25T09:27:30.507171+00:00,recovery_scenario,iperf_tcp,50,7,,twin_core,467944,0.0,67420160,6581,1059,7640,28,278.3968
2026-04-25T09:27:30.507171+00:00,recovery_scenario,iperf_tcp,50,7,,ryu_controller,467937,9.9,60366848,15586,29733,45319,11,109.4063
2026-04-25T09:27:30.607720+00:00,recovery_scenario,iperf_tcp,50,7,,twin_core,467944,0.0,67420160,6597,1060,7657,17,168.9472
2026-04-25T09:27:30.607720+00:00,recovery_scenario,iperf_tcp,50,7,,ryu_controller,467937,9.9,60366848,15592,29745,45337,18,178.72
2026-04-25T09:27:30.708367+00:00,recovery_scenario,iperf_tcp,50,7,,twin_core,467944,0.0,67420160,6597,1060,7657,0,0.0
2026-04-25T09:27:30.708367+00:00,recovery_scenario,iperf_tcp,50,7,,ryu_controller,467937,0.0,60366848,15597,29745,45342,5,49.6803
2026-04-25T09:27:31.179509+00:00,recovery_scenario,iperf_tcp,50,8,,twin_core,467944,0.0,67420160,6998,1127,8125,0,0.0
2026-04-25T09:27:31.179509+00:00,recovery_scenario,iperf_tcp,50,8,,ryu_controller,467937,0.0,60366848,15641,29745,45386,0,0.0
2026-04-25T09:27:31.281171+00:00,recovery_scenario,iperf_tcp,50,8,,twin_core,467944,0.0,67420160,7058,1133,8191,66,655.9624
2026-04-25T09:27:31.281171+00:00,recovery_scenario,iperf_tcp,50,8,,ryu_controller,467937,29.8,60366848,15663,29749,45412,26,258.4106
2026-04-25T09:27:31.381714+00:00,recovery_scenario,iperf_tcp,50,8,,twin_core,467944,9.9,67420160,7173,1134,8307,116,1153.8344
2026-04-25T09:27:31.381714+00:00,recovery_scenario,iperf_tcp,50,8,,ryu_controller,467937,9.9,60366848,15697,29750,45447,35,348.1511
2026-04-25T09:27:31.404797+00:00,recovery_scenario,iperf_tcp,50,8,service_started,,,,,,,,,
2026-04-25T09:27:31.482112+00:00,recovery_scenario,iperf_tcp,50,8,,twin_core,467944,10.0,67420160,7199,1136,8335,28,278.8865
2026-04-25T09:27:31.482112+00:00,recovery_scenario,iperf_tcp,50,8,,ryu_controller,467937,59.8,60366848,15760,29750,45510,63,627.5318
2026-04-25T09:27:31.582507+00:00,recovery_scenario,iperf_tcp,50,8,,twin_core,467944,0.0,67420160,7200,1136,8336,1,9.9522
2026-04-25T09:27:31.582507+00:00,recovery_scenario,iperf_tcp,50,8,,ryu_controller,467937,19.9,60366848,15813,29750,45563,53,526.936
2026-04-25T09:27:31.683118+00:00,recovery_scenario,iperf_tcp,50,8,,twin_core,467944,0.0,67420160,7200,1136,8336,0,0.0
2026-04-25T09:27:31.683118+00:00,recovery_scenario,iperf_tcp,50,8,,ryu_controller,467937,19.9,60366848,15848,29750,45598,35,348.4268
2026-04-25T09:27:31.784819+00:00,recovery_scenario,iperf_tcp,50,8,,twin_core,467944,0.0,67420160,7200,1136,8336,0,0.0
2026-04-25T09:27:31.784819+00:00,recovery_scenario,iperf_tcp,50,8,,ryu_controller,467937,0.0,60366848,15866,29750,45616,18,176.925
2026-04-25T09:27:31.886088+00:00,recovery_scenario,iperf_tcp,50,8,,twin_core,467944,0.0,67420160,7200,1136,8336,0,0.0
2026-04-25T09:27:31.886088+00:00,recovery_scenario,iperf_tcp,50,8,,ryu_controller,467937,9.9,60366848,15881,29751,45632,16,157.9829
2026-04-25T09:27:31.986680+00:00,recovery_scenario,iperf_tcp,50,8,,twin_core,467944,0.0,67420160,7200,1136,8336,0,0.0
2026-04-25T09:27:31.986680+00:00,recovery_scenario,iperf_tcp,50,8,,ryu_controller,467937,39.8,60366848,15924,29751,45675,43,427.4904
2026-04-25T09:27:32.087184+00:00,recovery_scenario,iperf_tcp,50,8,,twin_core,467944,0.0,67420160,7200,1136,8336,0,0.0
2026-04-25T09:27:32.087184+00:00,recovery_scenario,iperf_tcp,50,8,,ryu_controller,467937,9.9,60366848,15945,29751,45696,21,209.0296
2026-04-25T09:27:32.187630+00:00,recovery_scenario,iperf_tcp,50,8,,twin_core,467944,0.0,67420160,7200,1136,8336,0,0.0
2026-04-25T09:27:32.187630+00:00,recovery_scenario,iperf_tcp,50,8,,ryu_controller,467937,19.9,60366848,15970,29751,45721,25,248.8413
2026-04-25T09:27:32.288072+00:00,recovery_scenario,iperf_tcp,50,8,,twin_core,467944,0.0,67420160,7200,1136,8336,0,0.0
2026-04-25T09:27:32.288072+00:00,recovery_scenario,iperf_tcp,50,8,,ryu_controller,467937,10.0,60366848,15990,29751,45741,20,199.2033
2026-04-25T09:27:32.388477+00:00,recovery_scenario,iperf_tcp,50,8,,twin_core,467944,0.0,67420160,7200,1136,8336,0,0.0
2026-04-25T09:27:32.388477+00:00,recovery_scenario,iperf_tcp,50,8,,ryu_controller,467937,10.0,60366848,16007,29751,45758,17,169.2368
2026-04-25T09:27:32.488914+00:00,recovery_scenario,iperf_tcp,50,8,,twin_core,467944,10.0,67420160,7200,1136,8336,0,0.0
2026-04-25T09:27:32.488914+00:00,recovery_scenario,iperf_tcp,50,8,,ryu_controller,467937,10.0,60366848,16043,29751,45794,36,358.5618
2026-04-25T09:27:32.591887+00:00,recovery_scenario,iperf_tcp,50,8,,twin_core,467944,0.0,67420160,7200,1136,8336,0,0.0
2026-04-25T09:27:32.591887+00:00,recovery_scenario,iperf_tcp,50,8,,ryu_controller,467937,29.0,60366848,16077,29751,45828,34,328.4956
2026-04-25T09:27:32.692860+00:00,recovery_scenario,iperf_tcp,50,8,,twin_core,467944,0.0,67420160,7200,1136,8336,0,0.0
2026-04-25T09:27:32.692860+00:00,recovery_scenario,iperf_tcp,50,8,,ryu_controller,467937,9.9,60366848,16109,29751,45860,32,318.589
2026-04-25T09:27:32.793271+00:00,recovery_scenario,iperf_tcp,50,8,,twin_core,467944,0.0,67420160,7200,1136,8336,0,0.0
2026-04-25T09:27:32.793271+00:00,recovery_scenario,iperf_tcp,50,8,,ryu_controller,467937,10.0,60366848,16133,29751,45884,24,238.9952
2026-04-25T09:27:32.893922+00:00,recovery_scenario,iperf_tcp,50,8,,twin_core,467944,0.0,67420160,7200,1136,8336,0,0.0
2026-04-25T09:27:32.893922+00:00,recovery_scenario,iperf_tcp,50,8,,ryu_controller,467937,9.9,60366848,16161,29751,45912,28,278.2133
2026-04-25T09:27:32.994361+00:00,recovery_scenario,iperf_tcp,50,8,,twin_core,467944,0.0,67420160,7200,1136,8336,0,0.0
2026-04-25T09:27:32.994361+00:00,recovery_scenario,iperf_tcp,50,8,,ryu_controller,467937,29.9,60366848,16209,29751,45960,48,477.7612
2026-04-25T09:27:33.096085+00:00,recovery_scenario,iperf_tcp,50,8,,twin_core,467944,0.0,67420160,7200,1136,8336,0,0.0
2026-04-25T09:27:33.096085+00:00,recovery_scenario,iperf_tcp,50,8,,ryu_controller,467937,19.7,60366848,16254,29751,46005,45,442.2582
2026-04-25T09:27:33.198417+00:00,recovery_scenario,iperf_tcp,50,8,,twin_core,467944,0.0,67420160,7200,1136,8336,0,0.0
2026-04-25T09:27:33.198417+00:00,recovery_scenario,iperf_tcp,50,8,,ryu_controller,467937,9.8,60366848,16284,29751,46035,30,293.0408
2026-04-25T09:27:33.298933+00:00,recovery_scenario,iperf_tcp,50,8,,twin_core,467944,0.0,67420160,7200,1136,8336,0,0.0
2026-04-25T09:27:33.298933+00:00,recovery_scenario,iperf_tcp,50,8,,ryu_controller,467937,10.0,60366848,16322,29751,46073,38,378.4447
2026-04-25T09:27:33.408015+00:00,recovery_scenario,iperf_tcp,50,8,,twin_core,467944,0.0,67420160,7200,1136,8336,0,0.0
2026-04-25T09:27:33.408015+00:00,recovery_scenario,iperf_tcp,50,8,,ryu_controller,467937,0.0,60366848,16358,29751,46109,36,329.822
2026-04-25T09:27:33.508565+00:00,recovery_scenario,iperf_tcp,50,8,,twin_core,467944,9.9,67420160,7201,1136,8337,1,9.9392
2026-04-25T09:27:33.508565+00:00,recovery_scenario,iperf_tcp,50,8,,ryu_controller,467937,39.8,60366848,16426,29751,46177,68,675.9128
2026-04-25T09:27:33.609091+00:00,recovery_scenario,iperf_tcp,50,8,,twin_core,467944,0.0,67420160,7208,1136,8344,7,69.7062
2026-04-25T09:27:33.609091+00:00,recovery_scenario,iperf_tcp,50,8,,ryu_controller,467937,19.9,60366848,16459,29751,46210,33,328.6597
2026-04-25T09:27:33.709495+00:00,recovery_scenario,iperf_tcp,50,8,,twin_core,467944,0.0,67420160,7211,1136,8347,3,29.8514
2026-04-25T09:27:33.709495+00:00,recovery_scenario,iperf_tcp,50,8,,ryu_controller,467937,10.0,60366848,16481,29751,46232,22,218.9023
2026-04-25T09:27:33.810000+00:00,recovery_scenario,iperf_tcp,50,8,,twin_core,467944,0.0,67420160,7214,1136,8350,3,29.8786
2026-04-25T09:27:33.810000+00:00,recovery_scenario,iperf_tcp,50,8,,ryu_controller,467937,10.0,60366848,16498,29751,46249,17,169.3008
2026-04-25T09:27:33.913064+00:00,recovery_scenario,iperf_tcp,50,8,,twin_core,467944,0.0,67420160,7216,1136,8352,2,19.3502
2026-04-25T09:27:33.913064+00:00,recovery_scenario,iperf_tcp,50,8,,ryu_controller,467937,0.0,60366848,16512,29751,46263,14,135.322
2026-04-25T09:27:34.016422+00:00,recovery_scenario,iperf_tcp,50,8,,twin_core,467944,0.0,67420160,7217,1136,8353,1,9.7035
2026-04-25T09:27:34.016422+00:00,recovery_scenario,iperf_tcp,50,8,,ryu_controller,467937,29.1,60366848,16546,29751,46297,34,330.1901
2026-04-25T09:27:34.116857+00:00,recovery_scenario,iperf_tcp,50,8,,twin_core,467944,0.0,67420160,7220,1136,8356,3,29.8537
2026-04-25T09:27:34.116857+00:00,recovery_scenario,iperf_tcp,50,8,,ryu_controller,467937,29.9,60366848,16585,29751,46336,39,388.1312
2026-04-25T09:27:34.217331+00:00,recovery_scenario,iperf_tcp,50,8,,twin_core,467944,10.0,67420160,7226,1136,8362,6,59.7285
2026-04-25T09:27:34.217331+00:00,recovery_scenario,iperf_tcp,50,8,,ryu_controller,467937,0.0,60366848,16599,29751,46350,14,139.1305
2026-04-25T09:27:34.317968+00:00,recovery_scenario,iperf_tcp,50,8,,twin_core,467944,0.0,67420160,7232,1136,8368,6,59.637
2026-04-25T09:27:34.317968+00:00,recovery_scenario,iperf_tcp,50,8,,ryu_controller,467937,19.9,60366848,16620,29751,46371,21,209.1175
2026-04-25T09:27:34.418398+00:00,recovery_scenario,iperf_tcp,50,8,,twin_core,467944,0.0,67420160,7235,1136,8371,3,29.839
2026-04-25T09:27:34.418398+00:00,recovery_scenario,iperf_tcp,50,8,,ryu_controller,467937,0.0,60366848,16633,29751,46384,13,129.2376
2026-04-25T09:27:34.519036+00:00,recovery_scenario,iperf_tcp,50,8,,twin_core,467944,0.0,67420160,7238,1136,8374,3,29.8255
2026-04-25T09:27:34.519036+00:00,recovery_scenario,iperf_tcp,50,8,,ryu_controller,467937,9.9,60366848,16646,29751,46397,13,129.2605
2026-04-25T09:27:34.619566+00:00,recovery_scenario,iperf_tcp,50,8,,twin_core,467944,0.0,67420160,7241,1136,8377,3,29.8321
2026-04-25T09:27:34.619566+00:00,recovery_scenario,iperf_tcp,50,8,,ryu_controller,467937,0.0,60366848,16660,29751,46411,14,139.2809
2026-04-25T09:27:34.720103+00:00,recovery_scenario,iperf_tcp,50,8,,twin_core,467944,0.0,67420160,7250,1136,8386,9,89.5704
2026-04-25T09:27:34.720103+00:00,recovery_scenario,iperf_tcp,50,8,,ryu_controller,467937,10.0,60366848,16675,29751,46426,15,149.2536
2026-04-25T09:27:34.820556+00:00,recovery_scenario,iperf_tcp,50,8,,twin_core,467944,0.0,67420160,7256,1136,8392,6,59.7043
2026-04-25T09:27:34.820556+00:00,recovery_scenario,iperf_tcp,50,8,,ryu_controller,467937,10.0,60366848,16691,29751,46442,16,159.2333
2026-04-25T09:27:34.924121+00:00,recovery_scenario,iperf_tcp,50,8,,twin_core,467944,0.0,67420160,7259,1136,8395,3,28.9692
2026-04-25T09:27:34.924121+00:00,recovery_scenario,iperf_tcp,50,8,,ryu_controller,467937,9.7,60366848,16705,29751,46456,14,121.6478
2026-04-25T09:27:35.036992+00:00,recovery_scenario,iperf_tcp,50,8,,twin_core,467944,8.9,67420160,7261,1136,8397,2,17.694
2026-04-25T09:27:35.036992+00:00,recovery_scenario,iperf_tcp,50,8,,ryu_controller,467937,8.8,60366848,16734,29751,46485,29,284.8324
2026-04-25T09:27:35.140708+00:00,recovery_scenario,iperf_tcp,50,8,,twin_core,467944,0.0,67420160,7266,1136,8402,5,48.2869
2026-04-25T09:27:35.140708+00:00,recovery_scenario,iperf_tcp,50,8,,ryu_controller,467937,0.0,60366848,16748,29751,46499,14,135.5836
2026-04-25T09:27:35.241175+00:00,recovery_scenario,iperf_tcp,50,8,,twin_core,467944,0.0,67420160,7278,1136,8414,12,119.51
2026-04-25T09:27:35.241175+00:00,recovery_scenario,iperf_tcp,50,8,,ryu_controller,467937,0.0,60366848,16753,29751,46504,5,49.8032
2026-04-25T09:27:35.341637+00:00,recovery_scenario,iperf_tcp,50,8,,twin_core,467944,0.0,67420160,7284,1136,8420,6,59.7288
2026-04-25T09:27:35.341637+00:00,recovery_scenario,iperf_tcp,50,8,,ryu_controller,467937,29.9,60366848,16779,29751,46530,26,258.8262
2026-04-25T09:27:35.442036+00:00,recovery_scenario,iperf_tcp,50,8,,twin_core,467944,0.0,67420160,7287,1136,8423,3,29.8781
2026-04-25T09:27:35.442036+00:00,recovery_scenario,iperf_tcp,50,8,,ryu_controller,467937,10.0,60366848,16796,29751,46547,17,169.2737
2026-04-25T09:27:35.542461+00:00,recovery_scenario,iperf_tcp,50,8,,twin_core,467944,10.0,67420160,7295,1136,8431,8,79.624
2026-04-25T09:27:35.542461+00:00,recovery_scenario,iperf_tcp,50,8,,ryu_controller,467937,29.8,60366848,16837,29751,46588,41,407.8068
2026-04-25T09:27:35.643013+00:00,recovery_scenario,iperf_tcp,50,8,,twin_core,467944,9.9,67440640,7307,1136,8443,12,119.4236
2026-04-25T09:27:35.643013+00:00,recovery_scenario,iperf_tcp,50,8,,ryu_controller,467937,19.9,60366848,16853,29751,46604,16,159.3816
2026-04-25T09:27:35.743405+00:00,recovery_scenario,iperf_tcp,50,8,,twin_core,467944,0.0,67440640,7310,1136,8446,3,29.8541
2026-04-25T09:27:35.743405+00:00,recovery_scenario,iperf_tcp,50,8,,ryu_controller,467937,9.9,60366848,16877,29751,46628,24,238.7621
2026-04-25T09:27:35.843907+00:00,recovery_scenario,iperf_tcp,50,8,,twin_core,467944,0.0,67440640,7313,1136,8449,3,29.8733
2026-04-25T09:27:35.843907+00:00,recovery_scenario,iperf_tcp,50,8,,ryu_controller,467937,10.0,60366848,16890,29751,46641,13,129.4796
2026-04-25T09:27:35.947886+00:00,recovery_scenario,iperf_tcp,50,8,,twin_core,467944,0.0,67440640,7316,1136,8452,3,28.8455
2026-04-25T09:27:35.947886+00:00,recovery_scenario,iperf_tcp,50,8,,ryu_controller,467937,0.0,60366848,16894,29751,46645,4,38.4533
2026-04-25T09:27:36.048386+00:00,recovery_scenario,iperf_tcp,50,8,,twin_core,467944,0.0,67440640,7322,1136,8458,6,59.7301
2026-04-25T09:27:36.048386+00:00,recovery_scenario,iperf_tcp,50,8,,ryu_controller,467937,9.9,60366848,16911,29751,46662,17,169.0337
2026-04-25T09:27:36.149633+00:00,recovery_scenario,iperf_tcp,50,8,,twin_core,467944,0.0,67440640,7332,1136,8468,10,98.6689
2026-04-25T09:27:36.149633+00:00,recovery_scenario,iperf_tcp,50,8,,ryu_controller,467937,69.1,60366848,16970,29751,46721,59,582.558
2026-04-25T09:27:36.251257+00:00,recovery_scenario,iperf_tcp,50,8,,twin_core,467944,0.0,67440640,7335,1136,8471,3,29.5328
2026-04-25T09:27:36.251257+00:00,recovery_scenario,iperf_tcp,50,8,,ryu_controller,467937,9.8,60366848,16995,29751,46746,25,246.1864
2026-04-25T09:27:36.351740+00:00,recovery_scenario,iperf_tcp,50,8,,twin_core,467944,10.0,67440640,7337,1136,8473,2,19.9102
2026-04-25T09:27:36.351740+00:00,recovery_scenario,iperf_tcp,50,8,,ryu_controller,467937,0.0,60366848,17001,29751,46752,6,59.7456
2026-04-25T09:27:36.453305+00:00,recovery_scenario,iperf_tcp,50,8,,twin_core,467944,0.0,67440640,7341,1136,8477,4,39.355
2026-04-25T09:27:36.453305+00:00,recovery_scenario,iperf_tcp,50,8,,ryu_controller,467937,0.0,60366848,17003,29751,46754,2,19.6548
2026-04-25T09:27:36.560628+00:00,recovery_scenario,iperf_tcp,50,8,,twin_core,467944,0.0,67440640,7350,1136,8486,9,83.8781
2026-04-25T09:27:36.560628+00:00,recovery_scenario,iperf_tcp,50,8,,ryu_controller,467937,18.6,60366848,17034,29751,46785,31,289.1962
2026-04-25T09:27:36.661124+00:00,recovery_scenario,iperf_tcp,50,8,,twin_core,467944,0.0,67440640,7356,1136,8492,6,59.7177
2026-04-25T09:27:36.661124+00:00,recovery_scenario,iperf_tcp,50,8,,ryu_controller,467937,10.0,60366848,17053,29751,46804,19,189.1194
2026-04-25T09:27:36.763626+00:00,recovery_scenario,iperf_tcp,50,8,,twin_core,467944,0.0,67440640,7356,1136,8492,0,0.0
2026-04-25T09:27:36.763626+00:00,recovery_scenario,iperf_tcp,50,8,,ryu_controller,467937,9.8,60366848,17087,29751,46838,34,331.7217
2026-04-25T09:27:36.864502+00:00,recovery_scenario,iperf_tcp,50,8,,twin_core,467944,0.0,67440640,7362,1136,8498,6,59.4422
2026-04-25T09:27:36.864502+00:00,recovery_scenario,iperf_tcp,50,8,,ryu_controller,467937,9.9,60366848,17095,29751,46846,8,79.2449
2026-04-25T09:27:36.965021+00:00,recovery_scenario,iperf_tcp,50,8,,twin_core,467944,10.0,67440640,7368,1136,8504,6,59.731
2026-04-25T09:27:36.965021+00:00,recovery_scenario,iperf_tcp,50,8,,ryu_controller,467937,19.9,60366848,17112,29751,46863,17,169.2433
2026-04-25T09:27:37.068166+00:00,recovery_scenario,iperf_tcp,50,8,,twin_core,467944,0.0,67440640,7371,1136,8507,3,29.0655
2026-04-25T09:27:37.068166+00:00,recovery_scenario,iperf_tcp,50,8,,ryu_controller,467937,0.0,60366848,17134,29751,46885,22,212.8962
2026-04-25T09:27:37.178423+00:00,recovery_scenario,iperf_tcp,50,8,,twin_core,467944,0.0,67440640,7374,1136,8510,3,27.1985
2026-04-25T09:27:37.178423+00:00,recovery_scenario,iperf_tcp,50,8,,ryu_controller,467937,0.0,60366848,17150,29751,46901,16,145.1789
2026-04-25T09:27:37.260111+00:00,recovery_scenario,iperf_tcp,50,8,pingall_completed,,,,,,,,,
2026-04-25T09:27:37.279018+00:00,recovery_scenario,iperf_tcp,50,8,,twin_core,467944,0.0,67440640,7390,1136,8526,16,159.2767
2026-04-25T09:27:37.279018+00:00,recovery_scenario,iperf_tcp,50,8,,ryu_controller,467937,19.9,60366848,17174,29752,46926,25,249.0086
2026-04-25T09:27:37.381243+00:00,recovery_scenario,iperf_tcp,50,8,,twin_core,467944,0.0,67440640,7390,1136,8526,0,0.0
2026-04-25T09:27:37.381243+00:00,recovery_scenario,iperf_tcp,50,8,,ryu_controller,467937,0.0,60366848,17177,29752,46929,3,29.2757
2026-04-25T09:27:37.490643+00:00,recovery_scenario,iperf_tcp,50,8,,twin_core,467944,0.0,67440640,7390,1136,8526,0,0.0
2026-04-25T09:27:37.490643+00:00,recovery_scenario,iperf_tcp,50,8,,ryu_controller,467937,0.0,60366848,17181,29752,46933,4,36.5827
2026-04-25T09:27:37.591319+00:00,recovery_scenario,iperf_tcp,50,8,,twin_core,467944,0.0,67440640,7390,1136,8526,0,0.0
2026-04-25T09:27:37.591319+00:00,recovery_scenario,iperf_tcp,50,8,,ryu_controller,467937,19.9,60366848,17198,29752,46950,17,168.8193
2026-04-25T09:27:37.693545+00:00,recovery_scenario,iperf_tcp,50,8,,twin_core,467944,9.8,67506176,7390,1136,8526,0,0.0
2026-04-25T09:27:37.693545+00:00,recovery_scenario,iperf_tcp,50,8,,ryu_controller,467937,49.0,60428288,17236,29752,46988,38,372.3933
2026-04-25T09:27:37.797875+00:00,recovery_scenario,iperf_tcp,50,8,,twin_core,467944,0.0,67506176,7390,1136,8526,0,0.0
2026-04-25T09:27:37.797875+00:00,recovery_scenario,iperf_tcp,50,8,,ryu_controller,467937,9.6,60428288,17247,29752,46999,11,105.4227
2026-04-25T09:27:37.898333+00:00,recovery_scenario,iperf_tcp,50,8,,twin_core,467944,10.0,67506176,7390,1136,8526,0,0.0
2026-04-25T09:27:37.898333+00:00,recovery_scenario,iperf_tcp,50,8,,ryu_controller,467937,0.0,60428288,17251,29752,47003,4,39.7559
2026-04-25T09:27:37.998948+00:00,recovery_scenario,iperf_tcp,50,8,,twin_core,467944,0.0,67506176,7390,1136,8526,0,0.0
2026-04-25T09:27:37.998948+00:00,recovery_scenario,iperf_tcp,50,8,,ryu_controller,467937,0.0,60428288,17253,29752,47005,2,19.8934
2026-04-25T09:27:38.099514+00:00,recovery_scenario,iperf_tcp,50,8,,twin_core,467944,0.0,67506176,7390,1136,8526,0,0.0
2026-04-25T09:27:38.099514+00:00,recovery_scenario,iperf_tcp,50,8,,ryu_controller,467937,0.0,60428288,17256,29752,47008,3,29.7871
2026-04-25T09:27:38.200349+00:00,recovery_scenario,iperf_tcp,50,8,,twin_core,467944,0.0,67506176,7390,1136,8526,0,0.0
2026-04-25T09:27:38.200349+00:00,recovery_scenario,iperf_tcp,50,8,,ryu_controller,467937,59.7,60428288,17299,29752,47051,43,427.0186
2026-04-25T09:27:38.300909+00:00,recovery_scenario,iperf_tcp,50,8,,twin_core,467944,0.0,67506176,7395,1136,8531,5,49.7092
2026-04-25T09:27:38.300909+00:00,recovery_scenario,iperf_tcp,50,8,,ryu_controller,467937,19.9,60436480,17309,29752,47061,10,99.5543
2026-04-25T09:27:38.401329+00:00,recovery_scenario,iperf_tcp,50,8,,twin_core,467944,0.0,67506176,7395,1136,8531,0,0.0
2026-04-25T09:27:38.401329+00:00,recovery_scenario,iperf_tcp,50,8,,ryu_controller,467937,0.0,60436480,17312,29752,47064,3,29.852
2026-04-25T09:27:38.501854+00:00,recovery_scenario,iperf_tcp,50,8,,twin_core,467944,0.0,67506176,7395,1136,8531,0,0.0
2026-04-25T09:27:38.501854+00:00,recovery_scenario,iperf_tcp,50,8,,ryu_controller,467937,0.0,60436480,17315,29752,47067,3,29.8586
2026-04-25T09:27:38.602310+00:00,recovery_scenario,iperf_tcp,50,8,,twin_core,467944,0.0,67506176,7395,1136,8531,0,0.0
2026-04-25T09:27:38.602310+00:00,recovery_scenario,iperf_tcp,50,8,,ryu_controller,467937,0.0,60436480,17328,29752,47080,13,129.2965
2026-04-25T09:27:38.702865+00:00,recovery_scenario,iperf_tcp,50,8,,twin_core,467944,0.0,67506176,7395,1136,8531,0,0.0
2026-04-25T09:27:38.702865+00:00,recovery_scenario,iperf_tcp,50,8,,ryu_controller,467937,0.0,60436480,17350,29752,47102,22,218.9624
2026-04-25T09:27:38.804006+00:00,recovery_scenario,iperf_tcp,50,8,,twin_core,467944,0.0,67506176,7395,1136,8531,0,0.0
2026-04-25T09:27:38.804006+00:00,recovery_scenario,iperf_tcp,50,8,,ryu_controller,467937,9.9,60436480,17367,29755,47122,20,197.3191
2026-04-25T09:27:38.905000+00:00,recovery_scenario,iperf_tcp,50,8,,twin_core,467944,0.0,67506176,7395,1136,8531,0,0.0
2026-04-25T09:27:38.905000+00:00,recovery_scenario,iperf_tcp,50,8,,ryu_controller,467937,0.0,60436480,17386,29764,47150,28,276.2904
2026-04-25T09:27:39.006167+00:00,recovery_scenario,iperf_tcp,50,8,,twin_core,467944,0.0,67506176,7395,1136,8531,0,0.0
2026-04-25T09:27:39.006167+00:00,recovery_scenario,iperf_tcp,50,8,,ryu_controller,467937,0.0,60436480,17401,29776,47177,27,266.5916
2026-04-25T09:27:39.107559+00:00,recovery_scenario,iperf_tcp,50,8,,twin_core,467944,0.0,67506176,7395,1136,8531,0,0.0
2026-04-25T09:27:39.107559+00:00,recovery_scenario,iperf_tcp,50,8,,ryu_controller,467937,0.0,60436480,17432,29787,47219,42,415.7091
2026-04-25T09:27:39.211691+00:00,recovery_scenario,iperf_tcp,50,8,,twin_core,467944,0.0,67506176,7395,1136,8531,0,0.0
2026-04-25T09:27:39.211691+00:00,recovery_scenario,iperf_tcp,50,8,,ryu_controller,467937,0.0,60436480,17464,29799,47263,44,423.7913
2026-04-25T09:27:39.272676+00:00,recovery_scenario,iperf_tcp,50,8,background_traffic_started,,,,,,,,,
2026-04-25T09:27:39.312129+00:00,recovery_scenario,iperf_tcp,50,8,,twin_core,467944,0.0,67506176,7405,1138,8543,12,119.5482
2026-04-25T09:27:39.312129+00:00,recovery_scenario,iperf_tcp,50,8,,ryu_controller,467937,29.9,60436480,17490,29830,47320,57,567.972
2026-04-25T09:27:39.414701+00:00,recovery_scenario,iperf_tcp,50,8,,twin_core,467944,9.7,67506176,7420,1139,8559,16,155.9666
2026-04-25T09:27:39.414701+00:00,recovery_scenario,iperf_tcp,50,8,,ryu_controller,467937,39.0,60436480,17512,29872,47384,64,623.8097
2026-04-25T09:27:39.444839+00:00,recovery_scenario,iperf_tcp,50,8,fault_injected,,,,,,,,,
2026-04-25T09:27:39.515089+00:00,recovery_scenario,iperf_tcp,50,8,,twin_core,467944,0.0,67522560,7426,1143,8569,10,99.6071
2026-04-25T09:27:39.515089+00:00,recovery_scenario,iperf_tcp,50,8,,ryu_controller,467937,49.8,60469248,17521,29923,47444,60,597.4822
2026-04-25T09:27:39.615764+00:00,recovery_scenario,iperf_tcp,50,8,,twin_core,467944,0.0,67522560,7426,1143,8569,0,0.0
2026-04-25T09:27:39.615764+00:00,recovery_scenario,iperf_tcp,50,8,,ryu_controller,467937,79.5,60469248,17521,30164,47685,241,2394.4684
2026-04-25T09:27:39.716151+00:00,recovery_scenario,iperf_tcp,50,8,,twin_core,467944,0.0,67522560,7426,1143,8569,0,0.0
2026-04-25T09:27:39.716151+00:00,recovery_scenario,iperf_tcp,50,8,,ryu_controller,467937,89.1,60477440,17521,30178,47699,14,138.4858
2026-04-25T09:27:39.817323+00:00,recovery_scenario,iperf_tcp,50,8,,twin_core,467944,9.9,67522560,7426,1143,8569,0,0.0
2026-04-25T09:27:39.817323+00:00,recovery_scenario,iperf_tcp,50,8,,ryu_controller,467937,99.2,60485632,17521,30186,47707,8,79.4027
2026-04-25T09:27:39.918044+00:00,recovery_scenario,iperf_tcp,50,8,,twin_core,467944,0.0,67522560,7426,1143,8569,0,0.0
2026-04-25T09:27:39.918044+00:00,recovery_scenario,iperf_tcp,50,8,,ryu_controller,467937,99.3,60485632,17521,30186,47707,0,0.0
2026-04-25T09:27:40.018978+00:00,recovery_scenario,iperf_tcp,50,8,,twin_core,467944,9.9,67522560,7427,1143,8570,1,9.9203
2026-04-25T09:27:40.018978+00:00,recovery_scenario,iperf_tcp,50,8,,ryu_controller,467937,109.1,60485632,17521,30187,47708,1,9.9408
2026-04-25T09:27:40.119454+00:00,recovery_scenario,iperf_tcp,50,8,,twin_core,467944,0.0,67522560,7427,1143,8570,0,0.0
2026-04-25T09:27:40.119454+00:00,recovery_scenario,iperf_tcp,50,8,,ryu_controller,467937,89.6,60485632,17521,30229,47750,42,417.9083
2026-04-25T09:27:40.219973+00:00,recovery_scenario,iperf_tcp,50,8,,twin_core,467944,0.0,67522560,7427,1143,8570,0,0.0
2026-04-25T09:27:40.219973+00:00,recovery_scenario,iperf_tcp,50,8,,ryu_controller,467937,89.2,60485632,17521,30311,47832,82,811.1696
2026-04-25T09:27:40.323763+00:00,recovery_scenario,iperf_tcp,50,8,,twin_core,467944,0.0,67522560,7427,1143,8570,0,0.0
2026-04-25T09:27:40.323763+00:00,recovery_scenario,iperf_tcp,50,8,,ryu_controller,467937,86.5,60489728,17521,30520,48041,209,2012.9191
2026-04-25T09:27:40.425010+00:00,recovery_scenario,iperf_tcp,50,8,,twin_core,467944,0.0,67522560,7427,1143,8570,0,0.0
2026-04-25T09:27:40.425010+00:00,recovery_scenario,iperf_tcp,50,8,,ryu_controller,467937,79.5,60489728,17521,30945,48466,425,4228.2763
2026-04-25T09:27:40.527664+00:00,recovery_scenario,iperf_tcp,50,8,,twin_core,467944,0.0,67522560,7428,1143,8571,1,9.7421
2026-04-25T09:27:40.527664+00:00,recovery_scenario,iperf_tcp,50,8,,ryu_controller,467937,77.9,60489728,17521,31322,48843,377,3673.5876
2026-04-25T09:27:40.628067+00:00,recovery_scenario,iperf_tcp,50,8,,twin_core,467944,0.0,67522560,7428,1143,8571,0,0.0
2026-04-25T09:27:40.628067+00:00,recovery_scenario,iperf_tcp,50,8,,ryu_controller,467937,69.7,60489728,17521,31554,49075,232,2310.933
2026-04-25T09:27:40.728444+00:00,recovery_scenario,iperf_tcp,50,8,,twin_core,467944,0.0,67522560,7428,1143,8571,0,0.0
2026-04-25T09:27:40.728444+00:00,recovery_scenario,iperf_tcp,50,8,,ryu_controller,467937,69.7,60489728,17521,31801,49322,247,2458.0034
2026-04-25T09:27:40.829647+00:00,recovery_scenario,iperf_tcp,50,8,,twin_core,467944,9.9,67522560,7428,1143,8571,0,0.0
2026-04-25T09:27:40.829647+00:00,recovery_scenario,iperf_tcp,50,8,,ryu_controller,467937,79.1,60489728,17521,32011,49532,210,2076.9806
2026-04-25T09:27:40.932629+00:00,recovery_scenario,iperf_tcp,50,8,,twin_core,467944,0.0,67522560,7428,1143,8571,0,0.0
2026-04-25T09:27:40.932629+00:00,recovery_scenario,iperf_tcp,50,8,,ryu_controller,467937,29.1,60489728,17538,32047,49585,53,514.5303
2026-04-25T09:27:41.033040+00:00,recovery_scenario,iperf_tcp,50,8,,twin_core,467944,10.0,67522560,7453,1155,8608,37,368.5188
2026-04-25T09:27:41.033040+00:00,recovery_scenario,iperf_tcp,50,8,,ryu_controller,467937,49.8,60489728,17565,32305,49870,285,2838.6743
2026-04-25T09:27:41.047600+00:00,recovery_scenario,iperf_tcp,50,8,recovery_requested,,,,,,,,,
2026-04-25T09:27:41.133492+00:00,recovery_scenario,iperf_tcp,50,8,,twin_core,467944,0.0,67522560,7459,1175,8634,26,258.4189
2026-04-25T09:27:41.133492+00:00,recovery_scenario,iperf_tcp,50,8,,ryu_controller,467937,19.9,60489728,17604,32376,49980,110,1092.9783
2026-04-25T09:27:41.234094+00:00,recovery_scenario,iperf_tcp,50,8,,twin_core,467944,9.9,67522560,7459,1175,8634,0,0.0
2026-04-25T09:27:41.234094+00:00,recovery_scenario,iperf_tcp,50,8,,ryu_controller,467937,29.9,60489728,17648,32467,50115,135,1344.5465
2026-04-25T09:27:41.334489+00:00,recovery_scenario,iperf_tcp,50,8,,twin_core,467944,0.0,67522560,7459,1175,8634,0,0.0
2026-04-25T09:27:41.334489+00:00,recovery_scenario,iperf_tcp,50,8,,ryu_controller,467937,39.8,60489728,17663,32735,50398,283,2815.0247
2026-04-25T09:27:41.435022+00:00,recovery_scenario,iperf_tcp,50,8,,twin_core,467944,0.0,67522560,7459,1175,8634,0,0.0
2026-04-25T09:27:41.435022+00:00,recovery_scenario,iperf_tcp,50,8,,ryu_controller,467937,59.8,60489728,17663,33036,50699,301,2998.0335
2026-04-25T09:27:41.537661+00:00,recovery_scenario,iperf_tcp,50,8,,twin_core,467944,0.0,67522560,7459,1175,8634,0,0.0
2026-04-25T09:27:41.537661+00:00,recovery_scenario,iperf_tcp,50,8,,ryu_controller,467937,87.7,60489728,17663,33197,50860,161,1568.7571
2026-04-25T09:27:41.638077+00:00,recovery_scenario,iperf_tcp,50,8,,twin_core,467944,0.0,67522560,7460,1175,8635,1,9.9585
2026-04-25T09:27:41.638077+00:00,recovery_scenario,iperf_tcp,50,8,,ryu_controller,467937,99.6,60489728,17663,33213,50876,16,159.3329
2026-04-25T09:27:41.738491+00:00,recovery_scenario,iperf_tcp,50,8,,twin_core,467944,0.0,67522560,7460,1175,8635,0,0.0
2026-04-25T09:27:41.738491+00:00,recovery_scenario,iperf_tcp,50,8,,ryu_controller,467937,99.5,60489728,17663,33217,50880,4,39.8003
2026-04-25T09:27:41.839006+00:00,recovery_scenario,iperf_tcp,50,8,,twin_core,467944,0.0,67522560,7460,1175,8635,0,0.0
2026-04-25T09:27:41.839006+00:00,recovery_scenario,iperf_tcp,50,8,,ryu_controller,467937,99.5,60489728,17663,33218,50881,1,9.9488
2026-04-25T09:27:41.939522+00:00,recovery_scenario,iperf_tcp,50,8,,twin_core,467944,0.0,67522560,7460,1175,8635,0,0.0
2026-04-25T09:27:41.939522+00:00,recovery_scenario,iperf_tcp,50,8,,ryu_controller,467937,99.2,60489728,17663,33224,50887,6,59.4866
2026-04-25T09:27:42.040348+00:00,recovery_scenario,iperf_tcp,50,8,,twin_core,467944,0.0,67522560,7460,1175,8635,0,0.0
2026-04-25T09:27:42.040348+00:00,recovery_scenario,iperf_tcp,50,8,,ryu_controller,467937,99.3,60489728,17663,33258,50921,34,337.7671
2026-04-25T09:27:42.141047+00:00,recovery_scenario,iperf_tcp,50,8,,twin_core,467944,0.0,67522560,7461,1175,8636,1,9.9347
2026-04-25T09:27:42.141047+00:00,recovery_scenario,iperf_tcp,50,8,,ryu_controller,467937,99.5,60489728,17663,33374,51037,116,1154.4071
2026-04-25T09:27:42.241443+00:00,recovery_scenario,iperf_tcp,50,8,,twin_core,467944,0.0,67522560,7461,1175,8636,0,0.0
2026-04-25T09:27:42.241443+00:00,recovery_scenario,iperf_tcp,50,8,,ryu_controller,467937,89.3,60489728,17663,33584,51247,210,2082.8852
2026-04-25T09:27:42.342291+00:00,recovery_scenario,iperf_tcp,50,8,,twin_core,467944,0.0,67522560,7461,1175,8636,0,0.0
2026-04-25T09:27:42.342291+00:00,recovery_scenario,iperf_tcp,50,8,,ryu_controller,467937,29.7,60489728,17670,33687,51357,110,1090.4754
2026-04-25T09:27:42.443203+00:00,recovery_scenario,iperf_tcp,50,8,,twin_core,467944,0.0,67522560,7461,1175,8636,0,0.0
2026-04-25T09:27:42.443203+00:00,recovery_scenario,iperf_tcp,50,8,,ryu_controller,467937,9.9,60489728,17674,33687,51361,4,39.7009
2026-04-25T09:27:42.544033+00:00,recovery_scenario,iperf_tcp,50,8,,twin_core,467944,0.0,67522560,7461,1175,8636,0,0.0
2026-04-25T09:27:42.544033+00:00,recovery_scenario,iperf_tcp,50,8,,ryu_controller,467937,0.0,60489728,17681,33688,51369,8,79.3149
2026-04-25T09:27:42.644915+00:00,recovery_scenario,iperf_tcp,50,8,,twin_core,467944,0.0,67522560,7462,1175,8637,1,9.9188
2026-04-25T09:27:42.644915+00:00,recovery_scenario,iperf_tcp,50,8,,ryu_controller,467937,0.0,60489728,17706,33689,51395,26,258.2397
2026-04-25T09:27:42.745518+00:00,recovery_scenario,iperf_tcp,50,8,,twin_core,467944,0.0,67522560,7462,1175,8637,0,0.0
2026-04-25T09:27:42.745518+00:00,recovery_scenario,iperf_tcp,50,8,,ryu_controller,467937,0.0,60489728,17720,33689,51409,14,139.0593
2026-04-25T09:27:42.847198+00:00,recovery_scenario,iperf_tcp,50,8,,twin_core,467944,0.0,67522560,7462,1175,8637,0,0.0
2026-04-25T09:27:42.847198+00:00,recovery_scenario,iperf_tcp,50,8,,ryu_controller,467937,9.8,60489728,17726,33708,51434,25,242.7557
2026-04-25T09:27:42.949844+00:00,recovery_scenario,iperf_tcp,50,8,,twin_core,467944,9.7,67522560,7462,1175,8637,0,0.0
2026-04-25T09:27:42.949844+00:00,recovery_scenario,iperf_tcp,50,8,,ryu_controller,467937,77.6,60489728,17740,34337,52077,643,6260.5951
2026-04-25T09:27:43.051916+00:00,recovery_scenario,iperf_tcp,50,8,,twin_core,467944,0.0,67534848,7462,1175,8637,0,0.0
2026-04-25T09:27:43.051916+00:00,recovery_scenario,iperf_tcp,50,8,,ryu_controller,467937,59.6,60489728,17752,34648,52400,323,3211.9788
2026-04-25T09:27:43.152703+00:00,recovery_scenario,iperf_tcp,50,8,,twin_core,467944,9.9,67534848,7481,1177,8658,21,207.9086
2026-04-25T09:27:43.152703+00:00,recovery_scenario,iperf_tcp,50,8,,ryu_controller,467937,79.2,60489728,17771,35030,52801,401,3967.9178
2026-04-25T09:27:43.204954+00:00,recovery_scenario,iperf_tcp,50,8,scenario_teardown,,,,,,,,,
2026-04-25T09:27:43.253866+00:00,recovery_scenario,iperf_tcp,50,8,,twin_core,467944,9.9,67534848,7501,1180,8681,23,226.3761
2026-04-25T09:27:43.253866+00:00,recovery_scenario,iperf_tcp,50,8,,ryu_controller,467937,39.4,60489728,17790,35204,52994,193,1901.5633
2026-04-25T09:27:43.354997+00:00,recovery_scenario,iperf_tcp,50,8,,twin_core,467944,9.9,67534848,7525,1181,8706,25,248.8217
2026-04-25T09:27:43.354997+00:00,recovery_scenario,iperf_tcp,50,8,,ryu_controller,467937,10.0,60489728,17802,35209,53011,17,169.2659
2026-04-25T09:27:43.455478+00:00,recovery_scenario,iperf_tcp,50,8,,twin_core,467944,0.0,67534848,7546,1181,8727,21,208.6243
2026-04-25T09:27:43.455478+00:00,recovery_scenario,iperf_tcp,50,8,,ryu_controller,467937,9.9,60489728,17806,35215,53021,10,99.3427
2026-04-25T09:27:43.556122+00:00,recovery_scenario,iperf_tcp,50,8,,twin_core,467944,0.0,67534848,7546,1181,8727,0,0.0
2026-04-25T09:27:43.556122+00:00,recovery_scenario,iperf_tcp,50,8,,ryu_controller,467937,10.0,60489728,17817,35217,53034,13,129.3823
2026-04-25T09:27:43.984723+00:00,recovery_scenario,iperf_tcp,50,9,,twin_core,467944,0.0,67534848,7949,1220,9169,0,0.0
2026-04-25T09:27:43.984723+00:00,recovery_scenario,iperf_tcp,50,9,,ryu_controller,467937,0.0,60489728,17857,35218,53075,0,0.0
2026-04-25T09:27:44.086101+00:00,recovery_scenario,iperf_tcp,50,9,,twin_core,467944,9.9,67534848,8019,1226,9245,76,757.0172
2026-04-25T09:27:44.086101+00:00,recovery_scenario,iperf_tcp,50,9,,ryu_controller,467937,29.9,60489728,17883,35220,53103,28,278.9016
2026-04-25T09:27:44.186568+00:00,recovery_scenario,iperf_tcp,50,9,,twin_core,467944,0.0,67534848,8130,1227,9357,112,1114.3796
2026-04-25T09:27:44.186568+00:00,recovery_scenario,iperf_tcp,50,9,,ryu_controller,467937,29.8,60489728,17916,35224,53140,37,368.083
2026-04-25T09:27:44.199840+00:00,recovery_scenario,iperf_tcp,50,9,service_started,,,,,,,,,
2026-04-25T09:27:44.287075+00:00,recovery_scenario,iperf_tcp,50,9,,twin_core,467944,19.9,67538944,8150,1227,9377,20,199.0527
2026-04-25T09:27:44.287075+00:00,recovery_scenario,iperf_tcp,50,9,,ryu_controller,467937,39.8,60489728,17982,35224,53206,66,656.9936
2026-04-25T09:27:44.387487+00:00,recovery_scenario,iperf_tcp,50,9,,twin_core,467944,0.0,67538944,8151,1227,9378,1,9.9536
2026-04-25T09:27:44.387487+00:00,recovery_scenario,iperf_tcp,50,9,,ryu_controller,467937,10.0,60489728,18020,35224,53244,38,378.2276
2026-04-25T09:27:44.487968+00:00,recovery_scenario,iperf_tcp,50,9,,twin_core,467944,0.0,67538944,8151,1227,9378,0,0.0
2026-04-25T09:27:44.487968+00:00,recovery_scenario,iperf_tcp,50,9,,ryu_controller,467937,19.9,60489728,18061,35224,53285,41,408.2614
2026-04-25T09:27:44.588452+00:00,recovery_scenario,iperf_tcp,50,9,,twin_core,467944,0.0,67538944,8151,1227,9378,0,0.0
2026-04-25T09:27:44.588452+00:00,recovery_scenario,iperf_tcp,50,9,,ryu_controller,467937,0.0,60489728,18073,35224,53297,12,119.2906
2026-04-25T09:27:44.691980+00:00,recovery_scenario,iperf_tcp,50,9,,twin_core,467944,0.0,67538944,8151,1227,9378,0,0.0
2026-04-25T09:27:44.691980+00:00,recovery_scenario,iperf_tcp,50,9,,ryu_controller,467937,9.7,60489728,18095,35224,53319,22,212.6322
2026-04-25T09:27:44.792481+00:00,recovery_scenario,iperf_tcp,50,9,,twin_core,467944,0.0,67538944,8151,1227,9378,0,0.0
2026-04-25T09:27:44.792481+00:00,recovery_scenario,iperf_tcp,50,9,,ryu_controller,467937,19.9,60489728,18129,35224,53353,34,338.1594
2026-04-25T09:27:44.892989+00:00,recovery_scenario,iperf_tcp,50,9,,twin_core,467944,0.0,67538944,8151,1227,9378,0,0.0
2026-04-25T09:27:44.892989+00:00,recovery_scenario,iperf_tcp,50,9,,ryu_controller,467937,10.0,60489728,18152,35224,53376,23,229.0663
2026-04-25T09:27:44.993395+00:00,recovery_scenario,iperf_tcp,50,9,,twin_core,467944,0.0,67538944,8151,1227,9378,0,0.0
2026-04-25T09:27:44.993395+00:00,recovery_scenario,iperf_tcp,50,9,,ryu_controller,467937,29.9,60489728,18201,35225,53426,50,497.7583
2026-04-25T09:27:45.093972+00:00,recovery_scenario,iperf_tcp,50,9,,twin_core,467944,0.0,67538944,8151,1227,9378,0,0.0
2026-04-25T09:27:45.093972+00:00,recovery_scenario,iperf_tcp,50,9,,ryu_controller,467937,39.8,60489728,18257,35225,53482,56,557.0274
2026-04-25T09:27:45.194381+00:00,recovery_scenario,iperf_tcp,50,9,,twin_core,467944,0.0,67538944,8151,1227,9378,0,0.0
2026-04-25T09:27:45.194381+00:00,recovery_scenario,iperf_tcp,50,9,,ryu_controller,467937,19.9,60489728,18281,35225,53506,24,238.742
2026-04-25T09:27:45.294908+00:00,recovery_scenario,iperf_tcp,50,9,,twin_core,467944,9.9,67538944,8151,1227,9378,0,0.0
2026-04-25T09:27:45.294908+00:00,recovery_scenario,iperf_tcp,50,9,,ryu_controller,467937,10.0,60489728,18327,35225,53552,46,458.1094
2026-04-25T09:27:45.395327+00:00,recovery_scenario,iperf_tcp,50,9,,twin_core,467944,0.0,67538944,8151,1227,9378,0,0.0
2026-04-25T09:27:45.395327+00:00,recovery_scenario,iperf_tcp,50,9,,ryu_controller,467937,29.9,60489728,18348,35225,53573,21,209.1069
2026-04-25T09:27:45.495743+00:00,recovery_scenario,iperf_tcp,50,9,,twin_core,467944,0.0,67538944,8151,1227,9378,0,0.0
2026-04-25T09:27:45.495743+00:00,recovery_scenario,iperf_tcp,50,9,,ryu_controller,467937,10.0,60489728,18379,35225,53604,31,308.7539
2026-04-25T09:27:45.596185+00:00,recovery_scenario,iperf_tcp,50,9,,twin_core,467944,0.0,67538944,8151,1227,9378,0,0.0
2026-04-25T09:27:45.596185+00:00,recovery_scenario,iperf_tcp,50,9,,ryu_controller,467937,0.0,60489728,18390,35226,53616,12,119.501
2026-04-25T09:27:45.697799+00:00,recovery_scenario,iperf_tcp,50,9,,twin_core,467944,0.0,67538944,8151,1227,9378,0,0.0
2026-04-25T09:27:45.697799+00:00,recovery_scenario,iperf_tcp,50,9,,ryu_controller,467937,9.8,60489728,18408,35226,53634,18,177.0658
2026-04-25T09:27:45.798287+00:00,recovery_scenario,iperf_tcp,50,9,,twin_core,467944,0.0,67538944,8151,1227,9378,0,0.0
2026-04-25T09:27:45.798287+00:00,recovery_scenario,iperf_tcp,50,9,,ryu_controller,467937,19.9,60489728,18448,35226,53674,40,397.6039
2026-04-25T09:27:45.900160+00:00,recovery_scenario,iperf_tcp,50,9,,twin_core,467944,0.0,67538944,8151,1227,9378,0,0.0
2026-04-25T09:27:45.900160+00:00,recovery_scenario,iperf_tcp,50,9,,ryu_controller,467937,9.8,60489728,18484,35226,53710,36,353.5515
2026-04-25T09:27:46.000696+00:00,recovery_scenario,iperf_tcp,50,9,,twin_core,467944,0.0,67538944,8151,1227,9378,0,0.0
2026-04-25T09:27:46.000696+00:00,recovery_scenario,iperf_tcp,50,9,,ryu_controller,467937,29.9,60489728,18533,35226,53759,49,487.7868
2026-04-25T09:27:46.101099+00:00,recovery_scenario,iperf_tcp,50,9,,twin_core,467944,0.0,67538944,8151,1227,9378,0,0.0
2026-04-25T09:27:46.101099+00:00,recovery_scenario,iperf_tcp,50,9,,ryu_controller,467937,10.0,60489728,18587,35226,53813,54,537.6976
2026-04-25T09:27:46.201532+00:00,recovery_scenario,iperf_tcp,50,9,,twin_core,467944,0.0,67538944,8151,1227,9378,0,0.0
2026-04-25T09:27:46.201532+00:00,recovery_scenario,iperf_tcp,50,9,,ryu_controller,467937,10.0,60489728,18632,35226,53858,45,447.8649
2026-04-25T09:27:46.302714+00:00,recovery_scenario,iperf_tcp,50,9,,twin_core,467944,9.9,67538944,8151,1227,9378,0,0.0
2026-04-25T09:27:46.302714+00:00,recovery_scenario,iperf_tcp,50,9,,ryu_controller,467937,29.7,60489728,18704,35226,53930,72,712.0513
2026-04-25T09:27:46.403125+00:00,recovery_scenario,iperf_tcp,50,9,,twin_core,467944,0.0,67538944,8159,1227,9386,8,79.6692
2026-04-25T09:27:46.403125+00:00,recovery_scenario,iperf_tcp,50,9,,ryu_controller,467937,19.9,60489728,18736,35226,53962,32,318.684
2026-04-25T09:27:46.503539+00:00,recovery_scenario,iperf_tcp,50,9,,twin_core,467944,0.0,67538944,8162,1227,9389,3,29.8542
2026-04-25T09:27:46.503539+00:00,recovery_scenario,iperf_tcp,50,9,,ryu_controller,467937,10.0,60489728,18759,35226,53985,23,228.8621
2026-04-25T09:27:46.604036+00:00,recovery_scenario,iperf_tcp,50,9,,twin_core,467944,0.0,67538944,8165,1227,9392,3,29.8691
2026-04-25T09:27:46.604036+00:00,recovery_scenario,iperf_tcp,50,9,,ryu_controller,467937,0.0,60489728,18771,35226,53997,12,119.4866
2026-04-25T09:27:46.704466+00:00,recovery_scenario,iperf_tcp,50,9,,twin_core,467944,0.0,67538944,8165,1227,9392,0,0.0
2026-04-25T09:27:46.704466+00:00,recovery_scenario,iperf_tcp,50,9,,ryu_controller,467937,10.0,60489728,18790,35226,54016,19,189.1783
2026-04-25T09:27:46.814681+00:00,recovery_scenario,iperf_tcp,50,9,,twin_core,467944,0.0,67538944,8168,1227,9395,3,27.2135
2026-04-25T09:27:46.814681+00:00,recovery_scenario,iperf_tcp,50,9,,ryu_controller,467937,9.1,60489728,18802,35226,54028,12,108.8372
2026-04-25T09:27:46.915176+00:00,recovery_scenario,iperf_tcp,50,9,,twin_core,467944,0.0,67538944,8171,1227,9398,3,29.8709
2026-04-25T09:27:46.915176+00:00,recovery_scenario,iperf_tcp,50,9,,ryu_controller,467937,0.0,60489728,18816,35226,54042,14,139.4389
2026-04-25T09:27:47.015573+00:00,recovery_scenario,iperf_tcp,50,9,,twin_core,467944,0.0,67538944,8177,1227,9404,6,59.7049
2026-04-25T09:27:47.015573+00:00,recovery_scenario,iperf_tcp,50,9,,ryu_controller,467937,10.0,60489728,18837,35226,54063,21,208.9649
2026-04-25T09:27:47.116053+00:00,recovery_scenario,iperf_tcp,50,9,,twin_core,467944,0.0,67538944,8183,1227,9410,6,59.7592
2026-04-25T09:27:47.116053+00:00,recovery_scenario,iperf_tcp,50,9,,ryu_controller,467937,39.8,60489728,18885,35226,54111,48,478.0161
2026-04-25T09:27:47.216503+00:00,recovery_scenario,iperf_tcp,50,9,,twin_core,467944,0.0,67538944,8186,1227,9413,3,29.827
2026-04-25T09:27:47.216503+00:00,recovery_scenario,iperf_tcp,50,9,,ryu_controller,467937,29.8,60489728,18910,35226,54136,25,248.5573
2026-04-25T09:27:47.317058+00:00,recovery_scenario,iperf_tcp,50,9,,twin_core,467944,0.0,67538944,8189,1227,9416,3,29.8638
2026-04-25T09:27:47.317058+00:00,recovery_scenario,iperf_tcp,50,9,,ryu_controller,467937,10.0,60489728,18923,35226,54149,13,129.3948
2026-04-25T09:27:47.418432+00:00,recovery_scenario,iperf_tcp,50,9,,twin_core,467944,0.0,67538944,8192,1227,9419,3,29.5771
2026-04-25T09:27:47.418432+00:00,recovery_scenario,iperf_tcp,50,9,,ryu_controller,467937,0.0,60489728,18938,35226,54164,15,147.7254
2026-04-25T09:27:47.519068+00:00,recovery_scenario,iperf_tcp,50,9,,twin_core,467944,9.9,67538944,8204,1227,9431,12,119.3396
2026-04-25T09:27:47.519068+00:00,recovery_scenario,iperf_tcp,50,9,,ryu_controller,467937,10.0,60489728,18954,35226,54180,16,159.316
2026-04-25T09:27:47.619559+00:00,recovery_scenario,iperf_tcp,50,9,,twin_core,467944,0.0,67538944,8207,1227,9434,3,29.8345
2026-04-25T09:27:47.619559+00:00,recovery_scenario,iperf_tcp,50,9,,ryu_controller,467937,9.9,60489728,18968,35226,54194,14,139.2224
2026-04-25T09:27:47.721306+00:00,recovery_scenario,iperf_tcp,50,9,,twin_core,467944,0.0,67538944,8210,1227,9437,3,29.494
2026-04-25T09:27:47.721306+00:00,recovery_scenario,iperf_tcp,50,9,,ryu_controller,467937,9.8,60489728,18982,35226,54208,14,137.469
2026-04-25T09:27:47.821898+00:00,recovery_scenario,iperf_tcp,50,9,,twin_core,467944,0.0,67538944,8213,1227,9440,3,29.832
2026-04-25T09:27:47.821898+00:00,recovery_scenario,iperf_tcp,50,9,,ryu_controller,467937,0.0,60489728,18996,35226,54222,14,139.3861
2026-04-25T09:27:47.925032+00:00,recovery_scenario,iperf_tcp,50,9,,twin_core,467944,0.0,67538944,8216,1227,9443,3,29.0835
2026-04-25T09:27:47.925032+00:00,recovery_scenario,iperf_tcp,50,9,,ryu_controller,467937,9.7,60489728,19006,35226,54232,10,96.8935
2026-04-25T09:27:48.025550+00:00,recovery_scenario,iperf_tcp,50,9,,twin_core,467944,0.0,67538944,8225,1227,9452,9,89.4145
2026-04-25T09:27:48.025550+00:00,recovery_scenario,iperf_tcp,50,9,,ryu_controller,467937,0.0,60489728,19018,35226,54244,12,119.2815
2026-04-25T09:27:48.126132+00:00,recovery_scenario,iperf_tcp,50,9,,twin_core,467944,0.0,67538944,8231,1227,9458,6,59.7468
2026-04-25T09:27:48.126132+00:00,recovery_scenario,iperf_tcp,50,9,,ryu_controller,467937,19.9,60489728,19058,35226,54284,40,398.2194
2026-04-25T09:27:48.230950+00:00,recovery_scenario,iperf_tcp,50,9,,twin_core,467944,0.0,67538944,8234,1227,9461,3,28.6157
2026-04-25T09:27:48.230950+00:00,recovery_scenario,iperf_tcp,50,9,,ryu_controller,467937,0.0,60489728,19073,35226,54299,15,143.0986
2026-04-25T09:27:48.331480+00:00,recovery_scenario,iperf_tcp,50,9,,twin_core,467944,0.0,67538944,8241,1227,9468,7,69.601
2026-04-25T09:27:48.331480+00:00,recovery_scenario,iperf_tcp,50,9,,ryu_controller,467937,39.7,60489728,19116,35226,54342,43,426.6063
2026-04-25T09:27:48.432495+00:00,recovery_scenario,iperf_tcp,50,9,,twin_core,467944,19.8,67538944,8250,1227,9477,9,88.9906
2026-04-25T09:27:48.432495+00:00,recovery_scenario,iperf_tcp,50,9,,ryu_controller,467937,19.8,60489728,19134,35226,54360,18,178.3739
2026-04-25T09:27:48.533129+00:00,recovery_scenario,iperf_tcp,50,9,,twin_core,467944,0.0,67538944,8256,1227,9483,6,59.7426
2026-04-25T09:27:48.533129+00:00,recovery_scenario,iperf_tcp,50,9,,ryu_controller,467937,10.0,60489728,19154,35226,54380,20,199.1785
2026-04-25T09:27:48.636665+00:00,recovery_scenario,iperf_tcp,50,9,,twin_core,467944,0.0,67538944,8256,1227,9483,0,0.0
2026-04-25T09:27:48.636665+00:00,recovery_scenario,iperf_tcp,50,9,,ryu_controller,467937,19.3,60489728,19165,35226,54391,11,106.1592
2026-04-25T09:27:48.739429+00:00,recovery_scenario,iperf_tcp,50,9,,twin_core,467944,0.0,67538944,8259,1227,9486,3,29.1803
2026-04-25T09:27:48.739429+00:00,recovery_scenario,iperf_tcp,50,9,,ryu_controller,467937,0.0,60489728,19171,35226,54397,6,58.3643
2026-04-25T09:27:48.847604+00:00,recovery_scenario,iperf_tcp,50,9,,twin_core,467944,0.0,67538944,8267,1227,9494,8,73.7521
2026-04-25T09:27:48.847604+00:00,recovery_scenario,iperf_tcp,50,9,,ryu_controller,467937,0.0,60489728,19175,35226,54401,4,36.8703
2026-04-25T09:27:48.948433+00:00,recovery_scenario,iperf_tcp,50,9,,twin_core,467944,0.0,67538944,8277,1227,9504,10,99.4964
2026-04-25T09:27:48.948433+00:00,recovery_scenario,iperf_tcp,50,9,,ryu_controller,467937,10.0,60489728,19200,35226,54426,25,248.7777
2026-04-25T09:27:49.048939+00:00,recovery_scenario,iperf_tcp,50,9,,twin_core,467944,0.0,67538944,8277,1227,9504,0,0.0
2026-04-25T09:27:49.048939+00:00,recovery_scenario,iperf_tcp,50,9,,ryu_controller,467937,10.0,60489728,19217,35227,54444,18,179.1661
2026-04-25T09:27:49.149391+00:00,recovery_scenario,iperf_tcp,50,9,,twin_core,467944,0.0,67538944,8280,1227,9507,3,29.8723
2026-04-25T09:27:49.149391+00:00,recovery_scenario,iperf_tcp,50,9,,ryu_controller,467937,19.9,60489728,19247,35227,54474,30,298.6792
2026-04-25T09:27:49.249867+00:00,recovery_scenario,iperf_tcp,50,9,,twin_core,467944,0.0,67538944,8286,1227,9513,6,59.6715
2026-04-25T09:27:49.249867+00:00,recovery_scenario,iperf_tcp,50,9,,ryu_controller,467937,49.7,60489728,19281,35227,54508,34,337.8969
2026-04-25T09:27:49.350459+00:00,recovery_scenario,iperf_tcp,50,9,,twin_core,467944,0.0,67538944,8298,1227,9525,12,119.3159
2026-04-25T09:27:49.350459+00:00,recovery_scenario,iperf_tcp,50,9,,ryu_controller,467937,10.0,60489728,19309,35227,54536,28,278.6588
2026-04-25T09:27:49.455133+00:00,recovery_scenario,iperf_tcp,50,9,,twin_core,467944,0.0,67538944,8298,1227,9525,0,0.0
2026-04-25T09:27:49.455133+00:00,recovery_scenario,iperf_tcp,50,9,,ryu_controller,467937,9.6,60489728,19328,35227,54555,19,181.6278
2026-04-25T09:27:49.558114+00:00,recovery_scenario,iperf_tcp,50,9,,twin_core,467944,0.0,67538944,8301,1227,9528,3,29.1229
2026-04-25T09:27:49.558114+00:00,recovery_scenario,iperf_tcp,50,9,,ryu_controller,467937,29.1,60489728,19365,35227,54592,37,359.1433
2026-04-25T09:27:49.661058+00:00,recovery_scenario,iperf_tcp,50,9,,twin_core,467944,0.0,67538944,8307,1227,9534,6,58.2633
2026-04-25T09:27:49.661058+00:00,recovery_scenario,iperf_tcp,50,9,,ryu_controller,467937,0.0,60489728,19371,35227,54598,6,58.2578
2026-04-25T09:27:49.764615+00:00,recovery_scenario,iperf_tcp,50,9,,twin_core,467944,9.7,67538944,8313,1227,9540,6,57.9488
2026-04-25T09:27:49.764615+00:00,recovery_scenario,iperf_tcp,50,9,,ryu_controller,467937,0.0,60489728,19381,35227,54608,10,96.5886
2026-04-25T09:27:49.874759+00:00,recovery_scenario,iperf_tcp,50,9,,twin_core,467944,0.0,67538944,8316,1227,9543,3,27.2355
2026-04-25T09:27:49.874759+00:00,recovery_scenario,iperf_tcp,50,9,,ryu_controller,467937,0.0,60489728,19383,35227,54610,2,18.1546
2026-04-25T09:27:49.975308+00:00,recovery_scenario,iperf_tcp,50,9,,twin_core,467944,0.0,67538944,8319,1227,9546,3,29.8513
2026-04-25T09:27:49.975308+00:00,recovery_scenario,iperf_tcp,50,9,,ryu_controller,467937,10.0,60489728,19391,35227,54618,8,79.5682
2026-04-25T09:27:50.007997+00:00,recovery_scenario,iperf_tcp,50,9,pingall_completed,,,,,,,,,
2026-04-25T09:27:50.075837+00:00,recovery_scenario,iperf_tcp,50,9,,twin_core,467944,0.0,67538944,8332,1228,9560,14,139.183
2026-04-25T09:27:50.075837+00:00,recovery_scenario,iperf_tcp,50,9,,ryu_controller,467937,9.9,60489728,19415,35235,54650,32,318.3003
2026-04-25T09:27:50.176329+00:00,recovery_scenario,iperf_tcp,50,9,,twin_core,467944,0.0,67538944,8332,1228,9560,0,0.0
2026-04-25T09:27:50.176329+00:00,recovery_scenario,iperf_tcp,50,9,,ryu_controller,467937,0.0,60489728,19425,35235,54660,10,99.5429
2026-04-25T09:27:50.276813+00:00,recovery_scenario,iperf_tcp,50,9,,twin_core,467944,0.0,67538944,8332,1228,9560,0,0.0
2026-04-25T09:27:50.276813+00:00,recovery_scenario,iperf_tcp,50,9,,ryu_controller,467937,0.0,60489728,19434,35235,54669,9,89.5266
2026-04-25T09:27:50.377371+00:00,recovery_scenario,iperf_tcp,50,9,,twin_core,467944,0.0,67538944,8332,1228,9560,0,0.0
2026-04-25T09:27:50.377371+00:00,recovery_scenario,iperf_tcp,50,9,,ryu_controller,467937,19.9,60489728,19445,35235,54680,11,109.2933
2026-04-25T09:27:50.477984+00:00,recovery_scenario,iperf_tcp,50,9,,twin_core,467944,9.9,67571712,8332,1228,9560,0,0.0
2026-04-25T09:27:50.477984+00:00,recovery_scenario,iperf_tcp,50,9,,ryu_controller,467937,49.8,60493824,19488,35235,54723,43,428.0711
2026-04-25T09:27:50.578418+00:00,recovery_scenario,iperf_tcp,50,9,,twin_core,467944,0.0,67571712,8332,1228,9560,0,0.0
2026-04-25T09:27:50.578418+00:00,recovery_scenario,iperf_tcp,50,9,,ryu_controller,467937,9.9,60493824,19499,35235,54734,11,109.4201
2026-04-25T09:27:50.681106+00:00,recovery_scenario,iperf_tcp,50,9,,twin_core,467944,0.0,67571712,8332,1228,9560,0,0.0
2026-04-25T09:27:50.681106+00:00,recovery_scenario,iperf_tcp,50,9,,ryu_controller,467937,0.0,60493824,19502,35235,54737,3,29.2257
2026-04-25T09:27:50.786934+00:00,recovery_scenario,iperf_tcp,50,9,,twin_core,467944,0.0,67571712,8332,1228,9560,0,0.0
2026-04-25T09:27:50.786934+00:00,recovery_scenario,iperf_tcp,50,9,,ryu_controller,467937,0.0,60493824,19506,35235,54741,4,37.7722
2026-04-25T09:27:50.896664+00:00,recovery_scenario,iperf_tcp,50,9,,twin_core,467944,0.0,67571712,8332,1228,9560,0,0.0
2026-04-25T09:27:50.896664+00:00,recovery_scenario,iperf_tcp,50,9,,ryu_controller,467937,0.0,60493824,19509,35235,54744,3,27.2612
2026-04-25T09:27:50.999684+00:00,recovery_scenario,iperf_tcp,50,9,,twin_core,467944,0.0,67571712,8332,1228,9560,0,0.0
2026-04-25T09:27:50.999684+00:00,recovery_scenario,iperf_tcp,50,9,,ryu_controller,467937,0.0,60493824,19513,35235,54748,4,38.8422
2026-04-25T09:27:51.101691+00:00,recovery_scenario,iperf_tcp,50,9,,twin_core,467944,9.8,67571712,8337,1228,9565,5,49.0803
2026-04-25T09:27:51.101691+00:00,recovery_scenario,iperf_tcp,50,9,,ryu_controller,467937,19.6,60493824,19516,35235,54751,3,29.4803
2026-04-25T09:27:51.202313+00:00,recovery_scenario,iperf_tcp,50,9,,twin_core,467944,0.0,67571712,8337,1228,9565,0,0.0
2026-04-25T09:27:51.202313+00:00,recovery_scenario,iperf_tcp,50,9,,ryu_controller,467937,0.0,60493824,19520,35235,54755,4,39.7793
2026-04-25T09:27:51.302850+00:00,recovery_scenario,iperf_tcp,50,9,,twin_core,467944,0.0,67571712,8337,1228,9565,0,0.0
2026-04-25T09:27:51.302850+00:00,recovery_scenario,iperf_tcp,50,9,,ryu_controller,467937,69.6,60526592,19571,35255,54826,71,706.6213
2026-04-25T09:27:51.403380+00:00,recovery_scenario,iperf_tcp,50,9,,twin_core,467944,0.0,67571712,8337,1228,9565,0,0.0
2026-04-25T09:27:51.403380+00:00,recovery_scenario,iperf_tcp,50,9,,ryu_controller,467937,0.0,60526592,19585,35255,54840,14,139.0739
2026-04-25T09:27:51.503976+00:00,recovery_scenario,iperf_tcp,50,9,,twin_core,467944,0.0,67571712,8337,1228,9565,0,0.0
2026-04-25T09:27:51.503976+00:00,recovery_scenario,iperf_tcp,50,9,,ryu_controller,467937,0.0,60526592,19599,35256,54855,15,149.3245
2026-04-25T09:27:51.604443+00:00,recovery_scenario,iperf_tcp,50,9,,twin_core,467944,0.0,67571712,8337,1228,9565,0,0.0
2026-04-25T09:27:51.604443+00:00,recovery_scenario,iperf_tcp,50,9,,ryu_controller,467937,0.0,60526592,19602,35259,54861,6,59.514
2026-04-25T09:27:51.705719+00:00,recovery_scenario,iperf_tcp,50,9,,twin_core,467944,0.0,67571712,8337,1228,9565,0,0.0
2026-04-25T09:27:51.705719+00:00,recovery_scenario,iperf_tcp,50,9,,ryu_controller,467937,0.0,60526592,19609,35260,54869,8,78.6579
2026-04-25T09:27:51.806945+00:00,recovery_scenario,iperf_tcp,50,9,,twin_core,467944,0.0,67571712,8337,1228,9565,0,0.0
2026-04-25T09:27:51.806945+00:00,recovery_scenario,iperf_tcp,50,9,,ryu_controller,467937,0.0,60526592,19623,35260,54883,14,139.4377
2026-04-25T09:27:51.907386+00:00,recovery_scenario,iperf_tcp,50,9,,twin_core,467944,0.0,67571712,8337,1228,9565,0,0.0
2026-04-25T09:27:51.907386+00:00,recovery_scenario,iperf_tcp,50,9,,ryu_controller,467937,0.0,60526592,19638,35260,54898,15,147.8287
2026-04-25T09:27:52.008876+00:00,recovery_scenario,iperf_tcp,50,9,,twin_core,467944,0.0,67571712,8337,1228,9565,0,0.0
2026-04-25T09:27:52.008876+00:00,recovery_scenario,iperf_tcp,50,9,,ryu_controller,467937,9.9,60526592,19659,35260,54919,21,208.8727
2026-04-25T09:27:52.028625+00:00,recovery_scenario,iperf_tcp,50,9,background_traffic_started,,,,,,,,,
2026-04-25T09:27:52.110741+00:00,recovery_scenario,iperf_tcp,50,9,,twin_core,467944,19.6,67571712,8355,1240,9595,30,294.6413
2026-04-25T09:27:52.110741+00:00,recovery_scenario,iperf_tcp,50,9,,ryu_controller,467937,29.5,60526592,19680,35338,55018,99,972.5279
2026-04-25T09:27:52.197226+00:00,recovery_scenario,iperf_tcp,50,9,fault_injected,,,,,,,,,
2026-04-25T09:27:52.211490+00:00,recovery_scenario,iperf_tcp,50,9,,twin_core,467944,0.0,67592192,8369,1249,9618,23,227.791
2026-04-25T09:27:52.211490+00:00,recovery_scenario,iperf_tcp,50,9,,ryu_controller,467937,39.6,60526592,19693,35427,55120,102,1010.3472
2026-04-25T09:27:52.312113+00:00,recovery_scenario,iperf_tcp,50,9,,twin_core,467944,0.0,67592192,8369,1249,9618,0,0.0
2026-04-25T09:27:52.312113+00:00,recovery_scenario,iperf_tcp,50,9,,ryu_controller,467937,59.8,60526592,19694,35578,55272,152,1514.1261
2026-04-25T09:27:52.412562+00:00,recovery_scenario,iperf_tcp,50,9,,twin_core,467944,0.0,67592192,8369,1249,9618,0,0.0
2026-04-25T09:27:52.412562+00:00,recovery_scenario,iperf_tcp,50,9,,ryu_controller,467937,89.2,60526592,19694,35785,55479,207,2051.3232
2026-04-25T09:27:52.514526+00:00,recovery_scenario,iperf_tcp,50,9,,twin_core,467944,9.8,67592192,8369,1249,9618,0,0.0
2026-04-25T09:27:52.514526+00:00,recovery_scenario,iperf_tcp,50,9,,ryu_controller,467937,98.3,60526592,19694,35896,55590,111,1091.3299
2026-04-25T09:27:52.615611+00:00,recovery_scenario,iperf_tcp,50,9,,twin_core,467944,0.0,67592192,8369,1249,9618,0,0.0
2026-04-25T09:27:52.615611+00:00,recovery_scenario,iperf_tcp,50,9,,ryu_controller,467937,98.8,60526592,19694,35900,55594,4,39.3965
2026-04-25T09:27:52.716629+00:00,recovery_scenario,iperf_tcp,50,9,,twin_core,467944,0.0,67592192,8370,1249,9619,1,9.9324
2026-04-25T09:27:52.716629+00:00,recovery_scenario,iperf_tcp,50,9,,ryu_controller,467937,99.4,60526592,19694,35904,55598,4,39.8556
2026-04-25T09:27:52.818737+00:00,recovery_scenario,iperf_tcp,50,9,,twin_core,467944,0.0,67592192,8370,1249,9619,0,0.0
2026-04-25T09:27:52.818737+00:00,recovery_scenario,iperf_tcp,50,9,,ryu_controller,467937,97.8,60526592,19694,35933,55627,29,283.7199
2026-04-25T09:27:52.919297+00:00,recovery_scenario,iperf_tcp,50,9,,twin_core,467944,0.0,67592192,8370,1249,9619,0,0.0
2026-04-25T09:27:52.919297+00:00,recovery_scenario,iperf_tcp,50,9,,ryu_controller,467937,99.5,60526592,19694,35942,55636,9,89.5923
2026-04-25T09:27:53.019922+00:00,recovery_scenario,iperf_tcp,50,9,,twin_core,467944,0.0,67592192,8370,1249,9619,0,0.0
2026-04-25T09:27:53.019922+00:00,recovery_scenario,iperf_tcp,50,9,,ryu_controller,467937,99.4,60526592,19694,36000,55694,58,576.4408
2026-04-25T09:27:53.120812+00:00,recovery_scenario,iperf_tcp,50,9,,twin_core,467944,0.0,67592192,8370,1249,9619,0,0.0
2026-04-25T09:27:53.120812+00:00,recovery_scenario,iperf_tcp,50,9,,ryu_controller,467937,89.2,60526592,19694,36072,55766,72,713.5673
2026-04-25T09:27:53.223642+00:00,recovery_scenario,iperf_tcp,50,9,,twin_core,467944,9.7,67592192,8371,1251,9622,3,29.1772
2026-04-25T09:27:53.223642+00:00,recovery_scenario,iperf_tcp,50,9,,ryu_controller,467937,77.8,60526592,19721,36209,55930,164,1595.3053
2026-04-25T09:27:53.324006+00:00,recovery_scenario,iperf_tcp,50,9,,twin_core,467944,0.0,67596288,8371,1251,9622,0,0.0
2026-04-25T09:27:53.324006+00:00,recovery_scenario,iperf_tcp,50,9,,ryu_controller,467937,29.8,60526592,19746,36300,56046,116,1150.881
2026-04-25T09:27:53.425001+00:00,recovery_scenario,iperf_tcp,50,9,,twin_core,467944,0.0,67596288,8371,1251,9622,0,0.0
2026-04-25T09:27:53.425001+00:00,recovery_scenario,iperf_tcp,50,9,,ryu_controller,467937,29.8,60526592,19777,36398,56175,129,1280.8777
2026-04-25T09:27:53.525629+00:00,recovery_scenario,iperf_tcp,50,9,,twin_core,467944,0.0,67596288,8371,1251,9622,0,0.0
2026-04-25T09:27:53.525629+00:00,recovery_scenario,iperf_tcp,50,9,,ryu_controller,467937,9.9,60526592,19800,36398,56198,23,228.7456
2026-04-25T09:27:53.626117+00:00,recovery_scenario,iperf_tcp,50,9,,twin_core,467944,10.0,67596288,8371,1251,9622,0,0.0
2026-04-25T09:27:53.626117+00:00,recovery_scenario,iperf_tcp,50,9,,ryu_controller,467937,10.0,60526592,19818,36406,56224,26,258.8358
2026-04-25T09:27:53.726570+00:00,recovery_scenario,iperf_tcp,50,9,,twin_core,467944,0.0,67596288,8377,1257,9634,12,118.9638
2026-04-25T09:27:53.726570+00:00,recovery_scenario,iperf_tcp,50,9,,ryu_controller,467937,9.9,60526592,19834,36412,56246,22,217.994
2026-04-25T09:27:53.800973+00:00,recovery_scenario,iperf_tcp,50,9,recovery_requested,,,,,,,,,
2026-04-25T09:27:53.827523+00:00,recovery_scenario,iperf_tcp,50,9,,twin_core,467944,19.9,67596288,8402,1292,9694,60,596.4826
2026-04-25T09:27:53.827523+00:00,recovery_scenario,iperf_tcp,50,9,,ryu_controller,467937,59.6,60526592,19863,36540,56403,157,1559.3429
2026-04-25T09:27:53.928160+00:00,recovery_scenario,iperf_tcp,50,9,,twin_core,467944,0.0,67596288,8402,1292,9694,0,0.0
2026-04-25T09:27:53.928160+00:00,recovery_scenario,iperf_tcp,50,9,,ryu_controller,467937,49.7,60526592,19872,36739,56611,208,2070.4204
2026-04-25T09:27:54.028628+00:00,recovery_scenario,iperf_tcp,50,9,,twin_core,467944,0.0,67596288,8402,1292,9694,0,0.0
2026-04-25T09:27:54.028628+00:00,recovery_scenario,iperf_tcp,50,9,,ryu_controller,467937,89.6,60526592,19872,37031,56903,292,2904.7603
2026-04-25T09:27:54.129097+00:00,recovery_scenario,iperf_tcp,50,9,,twin_core,467944,0.0,67596288,8402,1292,9694,0,0.0
2026-04-25T09:27:54.129097+00:00,recovery_scenario,iperf_tcp,50,9,,ryu_controller,467937,89.6,60526592,19872,37373,57245,342,3404.2659
2026-04-25T09:27:54.230090+00:00,recovery_scenario,iperf_tcp,50,9,,twin_core,467944,0.0,67596288,8402,1292,9694,0,0.0
2026-04-25T09:27:54.230090+00:00,recovery_scenario,iperf_tcp,50,9,,ryu_controller,467937,96.2,60526592,19872,37612,57484,239,2268.8902
2026-04-25T09:27:54.335756+00:00,recovery_scenario,iperf_tcp,50,9,,twin_core,467944,0.0,67596288,8403,1294,9697,3,28.7258
2026-04-25T09:27:54.335756+00:00,recovery_scenario,iperf_tcp,50,9,,ryu_controller,467937,77.9,60526592,19872,37973,57845,361,3562.7322
2026-04-25T09:27:54.437971+00:00,recovery_scenario,iperf_tcp,50,9,,twin_core,467944,0.0,67596288,8403,1294,9697,0,0.0
2026-04-25T09:27:54.437971+00:00,recovery_scenario,iperf_tcp,50,9,,ryu_controller,467937,68.4,60526592,19872,38417,58289,444,4343.0869
2026-04-25T09:27:54.539725+00:00,recovery_scenario,iperf_tcp,50,9,,twin_core,467944,0.0,67596288,8403,1294,9697,0,0.0
2026-04-25T09:27:54.539725+00:00,recovery_scenario,iperf_tcp,50,9,,ryu_controller,467937,68.8,60526592,19872,38644,58516,227,2232.3986
2026-04-25T09:27:54.640872+00:00,recovery_scenario,iperf_tcp,50,9,,twin_core,467944,0.0,67596288,8403,1294,9697,0,0.0
2026-04-25T09:27:54.640872+00:00,recovery_scenario,iperf_tcp,50,9,,ryu_controller,467937,89.0,60526592,19872,38910,58782,266,2630.57
2026-04-25T09:27:54.742339+00:00,recovery_scenario,iperf_tcp,50,9,,twin_core,467944,0.0,67596288,8403,1294,9697,0,0.0
2026-04-25T09:27:54.742339+00:00,recovery_scenario,iperf_tcp,50,9,,ryu_controller,467937,59.1,60526592,19872,39092,58964,182,1789.9494
2026-04-25T09:27:54.843033+00:00,recovery_scenario,iperf_tcp,50,9,,twin_core,467944,0.0,67596288,8404,1295,9699,2,19.8413
2026-04-25T09:27:54.843033+00:00,recovery_scenario,iperf_tcp,50,9,,ryu_controller,467937,78.8,60526592,19872,39303,59175,211,2061.9133
2026-04-25T09:27:54.945308+00:00,recovery_scenario,iperf_tcp,50,9,,twin_core,467944,0.0,67596288,8404,1295,9699,0,0.0
2026-04-25T09:27:54.945308+00:00,recovery_scenario,iperf_tcp,50,9,,ryu_controller,467937,69.0,60526592,19872,39523,59395,220,2189.7697
2026-04-25T09:27:55.045752+00:00,recovery_scenario,iperf_tcp,50,9,,twin_core,467944,0.0,67596288,8404,1295,9699,0,0.0
2026-04-25T09:27:55.045752+00:00,recovery_scenario,iperf_tcp,50,9,,ryu_controller,467937,79.3,60526592,19872,39769,59641,246,2439.0239
2026-04-25T09:27:55.146817+00:00,recovery_scenario,iperf_tcp,50,9,,twin_core,467944,0.0,67596288,8404,1295,9699,0,0.0
2026-04-25T09:27:55.146817+00:00,recovery_scenario,iperf_tcp,50,9,,ryu_controller,467937,48.8,60526592,19872,40143,60015,374,3653.9265
2026-04-25T09:27:55.248941+00:00,recovery_scenario,iperf_tcp,50,9,,twin_core,467944,0.0,67596288,8404,1295,9699,0,0.0
2026-04-25T09:27:55.248941+00:00,recovery_scenario,iperf_tcp,50,9,,ryu_controller,467937,79.7,60526592,19872,40254,60126,111,1105.9226
2026-04-25T09:27:55.349328+00:00,recovery_scenario,iperf_tcp,50,9,,twin_core,467944,0.0,67596288,8405,1295,9700,1,9.9602
2026-04-25T09:27:55.349328+00:00,recovery_scenario,iperf_tcp,50,9,,ryu_controller,467937,79.6,60526592,19872,40406,60278,152,1513.0654
2026-04-25T09:27:55.449972+00:00,recovery_scenario,iperf_tcp,50,9,,twin_core,467944,0.0,67596288,8405,1295,9700,0,0.0
2026-04-25T09:27:55.449972+00:00,recovery_scenario,iperf_tcp,50,9,,ryu_controller,467937,99.4,60526592,19872,40505,60377,99,984.2526
2026-04-25T09:27:55.552758+00:00,recovery_scenario,iperf_tcp,50,9,,twin_core,467944,0.0,67596288,8405,1295,9700,0,0.0
2026-04-25T09:27:55.552758+00:00,recovery_scenario,iperf_tcp,50,9,,ryu_controller,467937,97.3,60526592,19872,40641,60513,136,1322.9334
2026-04-25T09:27:55.653174+00:00,recovery_scenario,iperf_tcp,50,9,,twin_core,467944,0.0,67596288,8405,1295,9700,0,0.0
2026-04-25T09:27:55.653174+00:00,recovery_scenario,iperf_tcp,50,9,,ryu_controller,467937,79.7,60526592,19872,40727,60599,86,856.474
2026-04-25T09:27:55.753673+00:00,recovery_scenario,iperf_tcp,50,9,,twin_core,467944,0.0,67596288,8405,1295,9700,0,0.0
2026-04-25T09:27:55.753673+00:00,recovery_scenario,iperf_tcp,50,9,,ryu_controller,467937,99.5,60538880,19872,40865,60737,138,1373.1875
2026-04-25T09:27:55.854073+00:00,recovery_scenario,iperf_tcp,50,9,,twin_core,467944,10.0,67596288,8406,1295,9701,1,9.9619
2026-04-25T09:27:55.854073+00:00,recovery_scenario,iperf_tcp,50,9,,ryu_controller,467937,99.6,60538880,19872,41148,61020,283,2819.4441
2026-04-25T09:27:55.954458+00:00,recovery_scenario,iperf_tcp,50,9,,twin_core,467944,10.0,67596288,8406,1295,9701,0,0.0
2026-04-25T09:27:55.954458+00:00,recovery_scenario,iperf_tcp,50,9,,ryu_controller,467937,89.5,60538880,19872,41533,61405,385,3829.7986
2026-04-25T09:27:56.055043+00:00,recovery_scenario,iperf_tcp,50,9,,twin_core,467944,0.0,67596288,8406,1295,9701,0,0.0
2026-04-25T09:27:56.055043+00:00,recovery_scenario,iperf_tcp,50,9,,ryu_controller,467937,89.6,60538880,19872,41901,61773,368,3663.8113
2026-04-25T09:27:56.158412+00:00,recovery_scenario,iperf_tcp,50,9,,twin_core,467944,9.7,67604480,8406,1295,9701,0,0.0
2026-04-25T09:27:56.158412+00:00,recovery_scenario,iperf_tcp,50,9,,ryu_controller,467937,77.2,60538880,19875,42206,62081,308,2973.5191
2026-04-25T09:27:56.259083+00:00,recovery_scenario,iperf_tcp,50,9,,twin_core,467944,0.0,67604480,8406,1295,9701,0,0.0
2026-04-25T09:27:56.259083+00:00,recovery_scenario,iperf_tcp,50,9,,ryu_controller,467937,9.9,60538880,19894,42218,62112,31,308.1432
2026-04-25T09:27:56.359663+00:00,recovery_scenario,iperf_tcp,50,9,,twin_core,467944,0.0,67604480,8427,1299,9726,25,248.6934
2026-04-25T09:27:56.359663+00:00,recovery_scenario,iperf_tcp,50,9,,ryu_controller,467937,39.8,60538880,19924,42375,62299,187,1860.6313
2026-04-25T09:27:56.379677+00:00,recovery_scenario,iperf_tcp,50,9,scenario_teardown,,,,,,,,,
2026-04-25T09:27:56.460161+00:00,recovery_scenario,iperf_tcp,50,9,,twin_core,467944,10.0,67604480,8452,1306,9758,32,318.538
2026-04-25T09:27:56.460161+00:00,recovery_scenario,iperf_tcp,50,9,,ryu_controller,467937,19.9,60538880,19942,42425,62367,68,676.9496
2026-04-25T09:27:56.560686+00:00,recovery_scenario,iperf_tcp,50,9,,twin_core,467944,0.0,67604480,8478,1307,9785,27,268.5787
2026-04-25T09:27:56.560686+00:00,recovery_scenario,iperf_tcp,50,9,,ryu_controller,467937,9.9,60538880,19949,42430,62379,12,119.3716
2026-04-25T09:27:56.663305+00:00,recovery_scenario,iperf_tcp,50,9,,twin_core,467944,0.0,67608576,8488,1308,9796,11,107.1553
2026-04-25T09:27:56.663305+00:00,recovery_scenario,iperf_tcp,50,9,,ryu_controller,467937,9.7,60538880,19952,42433,62385,6,58.35
2026-04-25T09:27:56.764292+00:00,recovery_scenario,iperf_tcp,50,9,,twin_core,467944,0.0,67608576,8488,1308,9796,0,0.0
2026-04-25T09:27:56.764292+00:00,recovery_scenario,iperf_tcp,50,9,,ryu_controller,467937,0.0,60538880,19957,42433,62390,5,49.4747
2026-04-25T09:27:56.864983+00:00,recovery_scenario,iperf_tcp,50,9,,twin_core,467944,0.0,67608576,8488,1308,9796,0,0.0
2026-04-25T09:27:56.864983+00:00,recovery_scenario,iperf_tcp,50,9,,ryu_controller,467937,0.0,60538880,19970,42435,62405,15,149.3754
2026-04-25T09:27:57.383340+00:00,recovery_scenario,iperf_tcp,50,10,,twin_core,467944,0.0,67616768,8907,1387,10294,0,0.0
2026-04-25T09:27:57.383340+00:00,recovery_scenario,iperf_tcp,50,10,,ryu_controller,467937,0.0,60538880,20062,42435,62497,0,0.0
2026-04-25T09:27:57.497049+00:00,recovery_scenario,iperf_tcp,50,10,,twin_core,467944,0.0,67616768,8907,1387,10294,0,0.0
2026-04-25T09:27:57.497049+00:00,recovery_scenario,iperf_tcp,50,10,,ryu_controller,467937,0.0,60538880,20062,42435,62497,0,0.0
2026-04-25T09:27:57.599370+00:00,recovery_scenario,iperf_tcp,50,10,,twin_core,467944,0.0,67616768,8953,1390,10343,49,486.1745
2026-04-25T09:27:57.599370+00:00,recovery_scenario,iperf_tcp,50,10,,ryu_controller,467937,39.8,60538880,20074,42469,62543,46,457.255
2026-04-25T09:27:57.699917+00:00,recovery_scenario,iperf_tcp,50,10,,twin_core,467944,9.9,67616768,9067,1394,10461,118,1172.7847
2026-04-25T09:27:57.699917+00:00,recovery_scenario,iperf_tcp,50,10,,ryu_controller,467937,19.9,60538880,20089,42472,62561,18,179.0623
2026-04-25T09:27:57.732889+00:00,recovery_scenario,iperf_tcp,50,10,service_started,,,,,,,,,
2026-04-25T09:27:57.801683+00:00,recovery_scenario,iperf_tcp,50,10,,twin_core,467944,19.7,67616768,9104,1394,10498,37,363.6533
2026-04-25T09:27:57.801683+00:00,recovery_scenario,iperf_tcp,50,10,,ryu_controller,467937,49.1,60538880,20145,42473,62618,57,560.311
2026-04-25T09:27:57.902148+00:00,recovery_scenario,iperf_tcp,50,10,,twin_core,467944,10.0,67616768,9105,1394,10499,1,9.954
2026-04-25T09:27:57.902148+00:00,recovery_scenario,iperf_tcp,50,10,,ryu_controller,467937,10.0,60538880,20176,42473,62649,31,308.6603
2026-04-25T09:27:58.002766+00:00,recovery_scenario,iperf_tcp,50,10,,twin_core,467944,0.0,67616768,9105,1394,10499,0,0.0
2026-04-25T09:27:58.002766+00:00,recovery_scenario,iperf_tcp,50,10,,ryu_controller,467937,9.9,60538880,20200,42473,62673,24,238.3739
2026-04-25T09:27:58.103270+00:00,recovery_scenario,iperf_tcp,50,10,,twin_core,467944,0.0,67616768,9105,1394,10499,0,0.0
2026-04-25T09:27:58.103270+00:00,recovery_scenario,iperf_tcp,50,10,,ryu_controller,467937,10.0,60538880,20237,42473,62710,37,368.415
2026-04-25T09:27:58.203779+00:00,recovery_scenario,iperf_tcp,50,10,,twin_core,467944,0.0,67616768,9105,1394,10499,0,0.0
2026-04-25T09:27:58.203779+00:00,recovery_scenario,iperf_tcp,50,10,,ryu_controller,467937,39.8,60538880,20293,42473,62766,56,557.33
2026-04-25T09:27:58.309035+00:00,recovery_scenario,iperf_tcp,50,10,,twin_core,467944,0.0,67616768,9105,1394,10499,0,0.0
2026-04-25T09:27:58.309035+00:00,recovery_scenario,iperf_tcp,50,10,,ryu_controller,467937,19.0,60538880,20334,42473,62807,41,389.4489
2026-04-25T09:27:58.414477+00:00,recovery_scenario,iperf_tcp,50,10,,twin_core,467944,0.0,67616768,9105,1394,10499,0,0.0
2026-04-25T09:27:58.414477+00:00,recovery_scenario,iperf_tcp,50,10,,ryu_controller,467937,0.0,60538880,20360,42473,62833,26,246.3183
2026-04-25T09:27:58.515044+00:00,recovery_scenario,iperf_tcp,50,10,,twin_core,467944,0.0,67616768,9105,1394,10499,0,0.0
2026-04-25T09:27:58.515044+00:00,recovery_scenario,iperf_tcp,50,10,,ryu_controller,467937,10.0,60538880,20369,42473,62842,9,89.5934
2026-04-25T09:27:58.615454+00:00,recovery_scenario,iperf_tcp,50,10,,twin_core,467944,0.0,67616768,9105,1394,10499,0,0.0
2026-04-25T09:27:58.615454+00:00,recovery_scenario,iperf_tcp,50,10,,ryu_controller,467937,19.9,60538880,20415,42473,62888,46,457.3894
2026-04-25T09:27:58.716068+00:00,recovery_scenario,iperf_tcp,50,10,,twin_core,467944,0.0,67616768,9105,1394,10499,0,0.0
2026-04-25T09:27:58.716068+00:00,recovery_scenario,iperf_tcp,50,10,,ryu_controller,467937,19.9,60538880,20443,42473,62916,28,278.6836
2026-04-25T09:27:58.816526+00:00,recovery_scenario,iperf_tcp,50,10,,twin_core,467944,0.0,67616768,9105,1394,10499,0,0.0
2026-04-25T09:27:58.816526+00:00,recovery_scenario,iperf_tcp,50,10,,ryu_controller,467937,9.9,60538880,20493,42473,62966,50,496.168
2026-04-25T09:27:58.920003+00:00,recovery_scenario,iperf_tcp,50,10,,twin_core,467944,0.0,67616768,9105,1394,10499,0,0.0
2026-04-25T09:27:58.920003+00:00,recovery_scenario,iperf_tcp,50,10,,ryu_controller,467937,9.7,60538880,20533,42473,63006,40,387.8334
2026-04-25T09:27:59.020409+00:00,recovery_scenario,iperf_tcp,50,10,,twin_core,467944,0.0,67616768,9105,1394,10499,0,0.0
2026-04-25T09:27:59.020409+00:00,recovery_scenario,iperf_tcp,50,10,,ryu_controller,467937,29.9,60538880,20562,42473,63035,29,288.6442
2026-04-25T09:27:59.120902+00:00,recovery_scenario,iperf_tcp,50,10,,twin_core,467944,0.0,67616768,9105,1394,10499,0,0.0
2026-04-25T09:27:59.120902+00:00,recovery_scenario,iperf_tcp,50,10,,ryu_controller,467937,10.0,60538880,20588,42474,63062,27,268.8215
2026-04-25T09:27:59.221320+00:00,recovery_scenario,iperf_tcp,50,10,,twin_core,467944,0.0,67616768,9105,1394,10499,0,0.0
2026-04-25T09:27:59.221320+00:00,recovery_scenario,iperf_tcp,50,10,,ryu_controller,467937,10.0,60538880,20620,42474,63094,32,318.3811
2026-04-25T09:27:59.322509+00:00,recovery_scenario,iperf_tcp,50,10,,twin_core,467944,0.0,67616768,9105,1394,10499,0,0.0
2026-04-25T09:27:59.322509+00:00,recovery_scenario,iperf_tcp,50,10,,ryu_controller,467937,9.9,60538880,20640,42474,63114,20,197.7666
2026-04-25T09:27:59.431113+00:00,recovery_scenario,iperf_tcp,50,10,,twin_core,467944,0.0,67616768,9105,1394,10499,0,0.0
2026-04-25T09:27:59.431113+00:00,recovery_scenario,iperf_tcp,50,10,,ryu_controller,467937,9.2,60538880,20657,42474,63131,17,156.5447
2026-04-25T09:27:59.531551+00:00,recovery_scenario,iperf_tcp,50,10,,twin_core,467944,0.0,67616768,9105,1394,10499,0,0.0
2026-04-25T09:27:59.531551+00:00,recovery_scenario,iperf_tcp,50,10,,ryu_controller,467937,10.0,60538880,20675,42474,63149,18,179.2076
2026-04-25T09:27:59.635543+00:00,recovery_scenario,iperf_tcp,50,10,,twin_core,467944,0.0,67616768,9105,1394,10499,0,0.0
2026-04-25T09:27:59.635543+00:00,recovery_scenario,iperf_tcp,50,10,,ryu_controller,467937,9.6,60538880,20706,42474,63180,31,298.3482
2026-04-25T09:27:59.736971+00:00,recovery_scenario,iperf_tcp,50,10,,twin_core,467944,0.0,67616768,9105,1394,10499,0,0.0
2026-04-25T09:27:59.736971+00:00,recovery_scenario,iperf_tcp,50,10,,ryu_controller,467937,0.0,60538880,20713,42474,63187,7,68.9954
2026-04-25T09:27:59.837664+00:00,recovery_scenario,iperf_tcp,50,10,,twin_core,467944,9.9,67616768,9107,1394,10501,2,19.8599
2026-04-25T09:27:59.837664+00:00,recovery_scenario,iperf_tcp,50,10,,ryu_controller,467937,49.6,60538880,20776,42474,63250,63,625.5729
2026-04-25T09:27:59.938738+00:00,recovery_scenario,iperf_tcp,50,10,,twin_core,467944,0.0,67616768,9113,1394,10507,6,59.363
2026-04-25T09:27:59.938738+00:00,recovery_scenario,iperf_tcp,50,10,,ryu_controller,467937,9.9,60538880,20813,42474,63287,37,366.0853
2026-04-25T09:28:00.040822+00:00,recovery_scenario,iperf_tcp,50,10,,twin_core,467944,0.0,67616768,9116,1394,10510,3,29.3584
2026-04-25T09:28:00.040822+00:00,recovery_scenario,iperf_tcp,50,10,,ryu_controller,467937,9.8,60538880,20834,42474,63308,21,205.4133
2026-04-25T09:28:00.141365+00:00,recovery_scenario,iperf_tcp,50,10,,twin_core,467944,0.0,67616768,9119,1394,10513,3,29.8591
2026-04-25T09:28:00.141365+00:00,recovery_scenario,iperf_tcp,50,10,,ryu_controller,467937,10.0,60538880,20846,42474,63320,12,119.391
2026-04-25T09:28:00.241894+00:00,recovery_scenario,iperf_tcp,50,10,,twin_core,467944,0.0,67616768,9119,1394,10513,0,0.0
2026-04-25T09:28:00.241894+00:00,recovery_scenario,iperf_tcp,50,10,,ryu_controller,467937,19.9,60538880,20881,42474,63355,35,348.282
2026-04-25T09:28:00.344151+00:00,recovery_scenario,iperf_tcp,50,10,,twin_core,467944,0.0,67616768,9122,1394,10516,3,29.3304
2026-04-25T09:28:00.344151+00:00,recovery_scenario,iperf_tcp,50,10,,ryu_controller,467937,29.3,60538880,20922,42474,63396,41,400.8931
2026-04-25T09:28:00.446876+00:00,recovery_scenario,iperf_tcp,50,10,,twin_core,467944,0.0,67616768,9125,1394,10519,3,29.2191
2026-04-25T09:28:00.446876+00:00,recovery_scenario,iperf_tcp,50,10,,ryu_controller,467937,9.7,60538880,20935,42474,63409,13,126.6595
2026-04-25T09:28:00.547269+00:00,recovery_scenario,iperf_tcp,50,10,,twin_core,467944,10.0,67616768,9131,1394,10525,6,59.701
2026-04-25T09:28:00.547269+00:00,recovery_scenario,iperf_tcp,50,10,,ryu_controller,467937,0.0,60538880,20945,42474,63419,10,99.2911
2026-04-25T09:28:00.648056+00:00,recovery_scenario,iperf_tcp,50,10,,twin_core,467944,0.0,67616768,9137,1394,10531,6,59.5598
2026-04-25T09:28:00.648056+00:00,recovery_scenario,iperf_tcp,50,10,,ryu_controller,467937,19.9,60538880,20968,42474,63442,23,228.733
2026-04-25T09:28:00.748554+00:00,recovery_scenario,iperf_tcp,50,10,,twin_core,467944,0.0,67616768,9140,1394,10534,3,29.8397
2026-04-25T09:28:00.748554+00:00,recovery_scenario,iperf_tcp,50,10,,ryu_controller,467937,9.9,60538880,20983,42474,63457,15,149.1721
2026-04-25T09:28:00.849125+00:00,recovery_scenario,iperf_tcp,50,10,,twin_core,467944,0.0,67616768,9143,1394,10537,3,29.8551
2026-04-25T09:28:00.849125+00:00,recovery_scenario,iperf_tcp,50,10,,ryu_controller,467937,0.0,60538880,20996,42474,63470,13,129.4102
2026-04-25T09:28:00.949562+00:00,recovery_scenario,iperf_tcp,50,10,,twin_core,467944,0.0,67616768,9146,1394,10540,3,29.8544
2026-04-25T09:28:00.949562+00:00,recovery_scenario,iperf_tcp,50,10,,ryu_controller,467937,10.0,60538880,21011,42474,63485,15,149.2686
2026-04-25T09:28:01.050049+00:00,recovery_scenario,iperf_tcp,50,10,,twin_core,467944,0.0,67616768,9155,1394,10549,9,89.5934
2026-04-25T09:28:01.050049+00:00,recovery_scenario,iperf_tcp,50,10,,ryu_controller,467937,10.0,60538880,21025,42474,63499,14,139.3608
2026-04-25T09:28:01.150536+00:00,recovery_scenario,iperf_tcp,50,10,,twin_core,467944,0.0,67616768,9161,1394,10555,6,59.6862
2026-04-25T09:28:01.150536+00:00,recovery_scenario,iperf_tcp,50,10,,ryu_controller,467937,0.0,60538880,21041,42474,63515,16,159.1799
2026-04-25T09:28:01.251017+00:00,recovery_scenario,iperf_tcp,50,10,,twin_core,467944,0.0,67616768,9163,1394,10557,2,19.9178
2026-04-25T09:28:01.251017+00:00,recovery_scenario,iperf_tcp,50,10,,ryu_controller,467937,10.0,60538880,21054,42474,63528,13,129.428
2026-04-25T09:28:01.351474+00:00,recovery_scenario,iperf_tcp,50,10,,twin_core,467944,0.0,67616768,9164,1394,10558,1,9.9437
2026-04-25T09:28:01.351474+00:00,recovery_scenario,iperf_tcp,50,10,,ryu_controller,467937,9.9,60538880,21066,42474,63540,12,119.3464
2026-04-25T09:28:01.452163+00:00,recovery_scenario,iperf_tcp,50,10,,twin_core,467944,0.0,67616768,9167,1394,10561,3,29.8274
2026-04-25T09:28:01.452163+00:00,recovery_scenario,iperf_tcp,50,10,,ryu_controller,467937,0.0,60538880,21078,42474,63552,12,119.3318
2026-04-25T09:28:01.552700+00:00,recovery_scenario,iperf_tcp,50,10,,twin_core,467944,0.0,67616768,9176,1394,10570,9,89.4718
2026-04-25T09:28:01.552700+00:00,recovery_scenario,iperf_tcp,50,10,,ryu_controller,467937,0.0,60538880,21081,42474,63555,3,29.8176
2026-04-25T09:28:01.654742+00:00,recovery_scenario,iperf_tcp,50,10,,twin_core,467944,9.8,67616768,9182,1394,10576,6,58.8181
2026-04-25T09:28:01.654742+00:00,recovery_scenario,iperf_tcp,50,10,,ryu_controller,467937,9.8,60538880,21105,42474,63579,24,235.2808
2026-04-25T09:28:01.755199+00:00,recovery_scenario,iperf_tcp,50,10,,twin_core,467944,0.0,67616768,9188,1394,10582,6,59.3798
2026-04-25T09:28:01.755199+00:00,recovery_scenario,iperf_tcp,50,10,,ryu_controller,467937,19.8,60538880,21127,42474,63601,22,217.6332
2026-04-25T09:28:01.856476+00:00,recovery_scenario,iperf_tcp,50,10,,twin_core,467944,0.0,67616768,9188,1394,10582,0,0.0
2026-04-25T09:28:01.856476+00:00,recovery_scenario,iperf_tcp,50,10,,ryu_controller,467937,39.7,60538880,21151,42474,63625,24,238.0115
2026-04-25T09:28:01.957673+00:00,recovery_scenario,iperf_tcp,50,10,,twin_core,467944,19.8,67653632,9195,1394,10589,7,69.1436
2026-04-25T09:28:01.957673+00:00,recovery_scenario,iperf_tcp,50,10,,ryu_controller,467937,39.4,60538880,21183,42474,63657,32,315.7043
2026-04-25T09:28:02.058496+00:00,recovery_scenario,iperf_tcp,50,10,,twin_core,467944,0.0,67653632,9208,1394,10602,13,128.945
2026-04-25T09:28:02.058496+00:00,recovery_scenario,iperf_tcp,50,10,,ryu_controller,467937,9.9,60538880,21200,42474,63674,17,169.1359
2026-04-25T09:28:02.158988+00:00,recovery_scenario,iperf_tcp,50,10,,twin_core,467944,0.0,67653632,9211,1394,10605,3,29.8618
2026-04-25T09:28:02.158988+00:00,recovery_scenario,iperf_tcp,50,10,,ryu_controller,467937,10.0,60538880,21217,42474,63691,17,169.1658
2026-04-25T09:28:02.261354+00:00,recovery_scenario,iperf_tcp,50,10,,twin_core,467944,0.0,67653632,9211,1394,10605,0,0.0
2026-04-25T09:28:02.261354+00:00,recovery_scenario,iperf_tcp,50,10,,ryu_controller,467937,0.0,60538880,21224,42474,63698,7,68.3558
2026-04-25T09:28:02.361872+00:00,recovery_scenario,iperf_tcp,50,10,,twin_core,467944,0.0,67653632,9217,1394,10611,6,59.745
2026-04-25T09:28:02.361872+00:00,recovery_scenario,iperf_tcp,50,10,,ryu_controller,467937,69.7,60538880,21273,42475,63748,50,497.9459
2026-04-25T09:28:02.464074+00:00,recovery_scenario,iperf_tcp,50,10,,twin_core,467944,0.0,67653632,9228,1394,10622,11,107.0113
2026-04-25T09:28:02.464074+00:00,recovery_scenario,iperf_tcp,50,10,,ryu_controller,467937,0.0,60538880,21283,42475,63758,10,97.245
2026-04-25T09:28:02.565161+00:00,recovery_scenario,iperf_tcp,50,10,,twin_core,467944,0.0,67653632,9232,1394,10626,4,39.7978
2026-04-25T09:28:02.565161+00:00,recovery_scenario,iperf_tcp,50,10,,ryu_controller,467937,19.9,60538880,21313,42476,63789,31,308.4447
2026-04-25T09:28:02.668054+00:00,recovery_scenario,iperf_tcp,50,10,,twin_core,467944,0.0,67653632,9232,1394,10626,0,0.0
2026-04-25T09:28:02.668054+00:00,recovery_scenario,iperf_tcp,50,10,,ryu_controller,467937,9.7,60538880,21328,42476,63804,15,145.8547
2026-04-25T09:28:02.768477+00:00,recovery_scenario,iperf_tcp,50,10,,twin_core,467944,0.0,67653632,9238,1394,10632,6,59.6842
2026-04-25T09:28:02.768477+00:00,recovery_scenario,iperf_tcp,50,10,,ryu_controller,467937,0.0,60538880,21336,42476,63812,8,79.5582
2026-04-25T09:28:02.869080+00:00,recovery_scenario,iperf_tcp,50,10,,twin_core,467944,9.9,67653632,9245,1394,10639,7,69.6533
2026-04-25T09:28:02.869080+00:00,recovery_scenario,iperf_tcp,50,10,,ryu_controller,467937,19.9,60538880,21378,42476,63854,42,416.823
2026-04-25T09:28:02.969967+00:00,recovery_scenario,iperf_tcp,50,10,,twin_core,467944,0.0,67653632,9255,1394,10649,10,99.1321
2026-04-25T09:28:02.969967+00:00,recovery_scenario,iperf_tcp,50,10,,ryu_controller,467937,9.9,60538880,21407,42477,63884,30,298.2936
2026-04-25T09:28:03.070359+00:00,recovery_scenario,iperf_tcp,50,10,,twin_core,467944,0.0,67653632,9255,1394,10649,0,0.0
2026-04-25T09:28:03.070359+00:00,recovery_scenario,iperf_tcp,50,10,,ryu_controller,467937,10.0,60538880,21419,42477,63896,12,119.3995
2026-04-25T09:28:03.170874+00:00,recovery_scenario,iperf_tcp,50,10,,twin_core,467944,0.0,67653632,9258,1394,10652,3,29.835
2026-04-25T09:28:03.170874+00:00,recovery_scenario,iperf_tcp,50,10,,ryu_controller,467937,0.0,60538880,21423,42477,63900,4,39.8124
2026-04-25T09:28:03.271332+00:00,recovery_scenario,iperf_tcp,50,10,,twin_core,467944,0.0,67653632,9266,1394,10660,8,79.6743
2026-04-25T09:28:03.271332+00:00,recovery_scenario,iperf_tcp,50,10,,ryu_controller,467937,10.0,60538880,21433,42477,63910,10,99.4543
2026-04-25T09:28:03.371921+00:00,recovery_scenario,iperf_tcp,50,10,,twin_core,467944,0.0,67653632,9270,1394,10664,4,39.7595
2026-04-25T09:28:03.371921+00:00,recovery_scenario,iperf_tcp,50,10,,ryu_controller,467937,19.9,60538880,21470,42477,63947,37,368.2446
2026-04-25T09:28:03.472369+00:00,recovery_scenario,iperf_tcp,50,10,,twin_core,467944,0.0,67653632,9273,1394,10667,3,29.8615
2026-04-25T09:28:03.472369+00:00,recovery_scenario,iperf_tcp,50,10,,ryu_controller,467937,0.0,60538880,21473,42477,63950,3,29.8469
2026-04-25T09:28:03.572895+00:00,recovery_scenario,iperf_tcp,50,10,,twin_core,467944,0.0,67653632,9276,1394,10670,3,29.826
2026-04-25T09:28:03.572895+00:00,recovery_scenario,iperf_tcp,50,10,,ryu_controller,467937,0.0,60538880,21475,42477,63952,2,19.8888
2026-04-25T09:28:03.611179+00:00,recovery_scenario,iperf_tcp,50,10,pingall_completed,,,,,,,,,
2026-04-25T09:28:03.677684+00:00,recovery_scenario,iperf_tcp,50,10,,twin_core,467944,0.0,67653632,9287,1394,10681,11,104.9805
2026-04-25T09:28:03.677684+00:00,recovery_scenario,iperf_tcp,50,10,,ryu_controller,467937,0.0,60538880,21479,42477,63956,4,38.1809
2026-04-25T09:28:03.778211+00:00,recovery_scenario,iperf_tcp,50,10,,twin_core,467944,0.0,67653632,9287,1394,10681,0,0.0
2026-04-25T09:28:03.778211+00:00,recovery_scenario,iperf_tcp,50,10,,ryu_controller,467937,0.0,60538880,21483,42477,63960,4,39.8154
2026-04-25T09:28:03.881380+00:00,recovery_scenario,iperf_tcp,50,10,,twin_core,467944,0.0,67653632,9287,1394,10681,0,0.0
2026-04-25T09:28:03.881380+00:00,recovery_scenario,iperf_tcp,50,10,,ryu_controller,467937,0.0,60538880,21487,42478,63965,5,48.4141
2026-04-25T09:28:03.981926+00:00,recovery_scenario,iperf_tcp,50,10,,twin_core,467944,9.9,67653632,9287,1394,10681,0,0.0
2026-04-25T09:28:03.981926+00:00,recovery_scenario,iperf_tcp,50,10,,ryu_controller,467937,59.8,60542976,21538,42478,64016,51,508.0389
2026-04-25T09:28:04.083356+00:00,recovery_scenario,iperf_tcp,50,10,,twin_core,467944,0.0,67702784,9287,1394,10681,0,0.0
2026-04-25T09:28:04.083356+00:00,recovery_scenario,iperf_tcp,50,10,,ryu_controller,467937,9.8,60624896,21542,42478,64020,4,39.3791
2026-04-25T09:28:04.193522+00:00,recovery_scenario,iperf_tcp,50,10,,twin_core,467944,0.0,67702784,9287,1394,10681,0,0.0
2026-04-25T09:28:04.193522+00:00,recovery_scenario,iperf_tcp,50,10,,ryu_controller,467937,0.0,60624896,21546,42478,64024,4,36.3143
2026-04-25T09:28:04.302752+00:00,recovery_scenario,iperf_tcp,50,10,,twin_core,467944,0.0,67702784,9287,1394,10681,0,0.0
2026-04-25T09:28:04.302752+00:00,recovery_scenario,iperf_tcp,50,10,,ryu_controller,467937,0.0,60624896,21551,42478,64029,5,45.7946
2026-04-25T09:28:04.404750+00:00,recovery_scenario,iperf_tcp,50,10,,twin_core,467944,0.0,67702784,9287,1394,10681,0,0.0
2026-04-25T09:28:04.404750+00:00,recovery_scenario,iperf_tcp,50,10,,ryu_controller,467937,49.0,60624896,21589,42478,64067,38,372.7906
2026-04-25T09:28:04.513980+00:00,recovery_scenario,iperf_tcp,50,10,,twin_core,467944,0.0,67702784,9287,1394,10681,0,0.0
2026-04-25T09:28:04.513980+00:00,recovery_scenario,iperf_tcp,50,10,,ryu_controller,467937,18.3,60669952,21604,42478,64082,15,137.2461
2026-04-25T09:28:04.624072+00:00,recovery_scenario,iperf_tcp,50,10,,twin_core,467944,0.0,67702784,9289,1394,10683,2,17.6545
2026-04-25T09:28:04.624072+00:00,recovery_scenario,iperf_tcp,50,10,,ryu_controller,467937,0.0,60669952,21608,42478,64086,4,35.2647
2026-04-25T09:28:04.727924+00:00,recovery_scenario,iperf_tcp,50,10,,twin_core,467944,0.0,67702784,9294,1394,10688,5,49.6553
2026-04-25T09:28:04.727924+00:00,recovery_scenario,iperf_tcp,50,10,,ryu_controller,467937,0.0,60669952,21610,42478,64088,2,19.892
2026-04-25T09:28:04.828463+00:00,recovery_scenario,iperf_tcp,50,10,,twin_core,467944,10.0,67702784,9294,1394,10688,0,0.0
2026-04-25T09:28:04.828463+00:00,recovery_scenario,iperf_tcp,50,10,,ryu_controller,467937,0.0,60669952,21613,42478,64091,3,29.8286
2026-04-25T09:28:04.929115+00:00,recovery_scenario,iperf_tcp,50,10,,twin_core,467944,0.0,67702784,9294,1394,10688,0,0.0
2026-04-25T09:28:04.929115+00:00,recovery_scenario,iperf_tcp,50,10,,ryu_controller,467937,0.0,60669952,21622,42479,64101,10,99.5296
2026-04-25T09:28:05.029466+00:00,recovery_scenario,iperf_tcp,50,10,,twin_core,467944,0.0,67702784,9294,1394,10688,0,0.0
2026-04-25T09:28:05.029466+00:00,recovery_scenario,iperf_tcp,50,10,,ryu_controller,467937,9.9,60669952,21643,42479,64122,21,208.5696
2026-04-25T09:28:05.131671+00:00,recovery_scenario,iperf_tcp,50,10,,twin_core,467944,0.0,67702784,9294,1394,10688,0,0.0
2026-04-25T09:28:05.131671+00:00,recovery_scenario,iperf_tcp,50,10,,ryu_controller,467937,0.0,60669952,21645,42480,64125,3,29.4127
2026-04-25T09:28:05.232263+00:00,recovery_scenario,iperf_tcp,50,10,,twin_core,467944,0.0,67702784,9294,1394,10688,0,0.0
2026-04-25T09:28:05.232263+00:00,recovery_scenario,iperf_tcp,50,10,,ryu_controller,467937,0.0,60669952,21649,42487,64136,11,109.2081
2026-04-25T09:28:05.335204+00:00,recovery_scenario,iperf_tcp,50,10,,twin_core,467944,0.0,67702784,9294,1394,10688,0,0.0
2026-04-25T09:28:05.335204+00:00,recovery_scenario,iperf_tcp,50,10,,ryu_controller,467937,0.0,60669952,21653,42499,64152,16,155.6182
2026-04-25T09:28:05.435845+00:00,recovery_scenario,iperf_tcp,50,10,,twin_core,467944,0.0,67702784,9294,1394,10688,0,0.0
2026-04-25T09:28:05.435845+00:00,recovery_scenario,iperf_tcp,50,10,,ryu_controller,467937,0.0,60669952,21679,42505,64184,32,317.63
2026-04-25T09:28:05.536428+00:00,recovery_scenario,iperf_tcp,50,10,,twin_core,467944,0.0,67702784,9294,1394,10688,0,0.0
2026-04-25T09:28:05.536428+00:00,recovery_scenario,iperf_tcp,50,10,,ryu_controller,467937,0.0,60669952,21683,42514,64197,13,129.193
2026-04-25T09:28:05.628122+00:00,recovery_scenario,iperf_tcp,50,10,background_traffic_started,,,,,,,,,
2026-04-25T09:28:05.637732+00:00,recovery_scenario,iperf_tcp,50,10,,twin_core,467944,0.0,67702784,9296,1415,10711,23,227.5081
2026-04-25T09:28:05.637732+00:00,recovery_scenario,iperf_tcp,50,10,,ryu_controller,467937,9.9,60669952,21705,42522,64227,30,296.6311
2026-04-25T09:28:05.739759+00:00,recovery_scenario,iperf_tcp,50,10,,twin_core,467944,19.6,67702784,9312,1433,10745,34,333.3453
2026-04-25T09:28:05.739759+00:00,recovery_scenario,iperf_tcp,50,10,,ryu_controller,467937,49.0,60669952,21717,42646,64363,136,1334.1517
2026-04-25T09:28:05.819572+00:00,recovery_scenario,iperf_tcp,50,10,fault_injected,,,,,,,,,
2026-04-25T09:28:05.840295+00:00,recovery_scenario,iperf_tcp,50,10,,twin_core,467944,9.9,67706880,9325,1443,10768,23,228.7079
2026-04-25T09:28:05.840295+00:00,recovery_scenario,iperf_tcp,50,10,,ryu_controller,467937,39.8,60669952,21724,42788,64512,149,1444.4129
2026-04-25T09:28:05.944062+00:00,recovery_scenario,iperf_tcp,50,10,,twin_core,467944,0.0,67706880,9325,1443,10768,0,0.0
2026-04-25T09:28:05.944062+00:00,recovery_scenario,iperf_tcp,50,10,,ryu_controller,467937,38.6,60669952,21724,42916,64640,128,1265.628
2026-04-25T09:28:06.045803+00:00,recovery_scenario,iperf_tcp,50,10,,twin_core,467944,0.0,67706880,9325,1443,10768,0,0.0
2026-04-25T09:28:06.045803+00:00,recovery_scenario,iperf_tcp,50,10,,ryu_controller,467937,58.9,60669952,21724,43051,64775,135,1324.2075
2026-04-25T09:28:06.146621+00:00,recovery_scenario,iperf_tcp,50,10,,twin_core,467944,0.0,67706880,9325,1443,10768,0,0.0
2026-04-25T09:28:06.146621+00:00,recovery_scenario,iperf_tcp,50,10,,ryu_controller,467937,89.4,60669952,21724,43358,65082,307,3048.4065
2026-04-25T09:28:06.247103+00:00,recovery_scenario,iperf_tcp,50,10,,twin_core,467944,0.0,67706880,9325,1443,10768,0,0.0
2026-04-25T09:28:06.247103+00:00,recovery_scenario,iperf_tcp,50,10,,ryu_controller,467937,89.6,60669952,21724,43393,65117,35,348.3724
2026-04-25T09:28:06.348554+00:00,recovery_scenario,iperf_tcp,50,10,,twin_core,467944,0.0,67706880,9326,1448,10774,6,59.0471
2026-04-25T09:28:06.348554+00:00,recovery_scenario,iperf_tcp,50,10,,ryu_controller,467937,97.9,60669952,21724,43479,65203,86,828.2868
2026-04-25T09:28:06.451694+00:00,recovery_scenario,iperf_tcp,50,10,,twin_core,467944,0.0,67706880,9326,1448,10774,0,0.0
2026-04-25T09:28:06.451694+00:00,recovery_scenario,iperf_tcp,50,10,,ryu_controller,467937,76.5,60669952,21724,43765,65489,286,2777.6447
2026-04-25T09:28:06.555684+00:00,recovery_scenario,iperf_tcp,50,10,,twin_core,467944,0.0,67706880,9326,1448,10774,0,0.0
2026-04-25T09:28:06.555684+00:00,recovery_scenario,iperf_tcp,50,10,,ryu_controller,467937,78.5,60669952,21724,44067,65791,302,2964.5731
2026-04-25T09:28:06.658937+00:00,recovery_scenario,iperf_tcp,50,10,,twin_core,467944,0.0,67706880,9326,1448,10774,0,0.0
2026-04-25T09:28:06.658937+00:00,recovery_scenario,iperf_tcp,50,10,,ryu_controller,467937,77.4,60669952,21724,44390,66114,323,3125.3901
2026-04-25T09:28:06.760026+00:00,recovery_scenario,iperf_tcp,50,10,,twin_core,467944,0.0,67706880,9326,1448,10774,0,0.0
2026-04-25T09:28:06.760026+00:00,recovery_scenario,iperf_tcp,50,10,,ryu_controller,467937,88.6,60669952,21724,44684,66408,294,2892.2745
2026-04-25T09:28:06.861546+00:00,recovery_scenario,iperf_tcp,50,10,,twin_core,467944,0.0,67706880,9327,1448,10775,1,9.8813
2026-04-25T09:28:06.861546+00:00,recovery_scenario,iperf_tcp,50,10,,ryu_controller,467937,49.4,60669952,21724,44847,66571,163,1612.5618
2026-04-25T09:28:06.962554+00:00,recovery_scenario,iperf_tcp,50,10,,twin_core,467944,9.9,67706880,9327,1448,10775,0,0.0
2026-04-25T09:28:06.962554+00:00,recovery_scenario,iperf_tcp,50,10,,ryu_controller,467937,69.4,60669952,21724,45005,66729,158,1565.7882
2026-04-25T09:28:07.064638+00:00,recovery_scenario,iperf_tcp,50,10,,twin_core,467944,0.0,67706880,9327,1448,10775,0,0.0
2026-04-25T09:28:07.064638+00:00,recovery_scenario,iperf_tcp,50,10,,ryu_controller,467937,58.8,60669952,21724,45164,66888,159,1558.4884
2026-04-25T09:28:07.165307+00:00,recovery_scenario,iperf_tcp,50,10,,twin_core,467944,0.0,67706880,9327,1448,10775,0,0.0
2026-04-25T09:28:07.165307+00:00,recovery_scenario,iperf_tcp,50,10,,ryu_controller,467937,59.6,60669952,21724,45320,67044,156,1533.7464
2026-04-25T09:28:07.266911+00:00,recovery_scenario,iperf_tcp,50,10,,twin_core,467944,0.0,67706880,9327,1448,10775,0,0.0
2026-04-25T09:28:07.266911+00:00,recovery_scenario,iperf_tcp,50,10,,ryu_controller,467937,69.0,60669952,21724,45673,67397,353,3516.2317
2026-04-25T09:28:07.368238+00:00,recovery_scenario,iperf_tcp,50,10,,twin_core,467944,0.0,67706880,9328,1449,10777,2,19.6722
2026-04-25T09:28:07.368238+00:00,recovery_scenario,iperf_tcp,50,10,,ryu_controller,467937,97.8,60669952,21724,46026,67750,353,3451.0438
2026-04-25T09:28:07.471003+00:00,recovery_scenario,iperf_tcp,50,10,,twin_core,467944,0.0,67706880,9328,1449,10777,0,0.0
2026-04-25T09:28:07.471003+00:00,recovery_scenario,iperf_tcp,50,10,,ryu_controller,467937,68.4,60669952,21724,46239,67963,213,2080.6509
2026-04-25T09:28:07.572777+00:00,recovery_scenario,iperf_tcp,50,10,,twin_core,467944,0.0,67706880,9328,1449,10777,0,0.0
2026-04-25T09:28:07.572777+00:00,recovery_scenario,iperf_tcp,50,10,,ryu_controller,467937,87.2,60669952,21724,46550,68274,311,3011.3964
2026-04-25T09:28:07.675272+00:00,recovery_scenario,iperf_tcp,50,10,,twin_core,467944,9.9,67706880,9328,1449,10777,0,0.0
2026-04-25T09:28:07.675272+00:00,recovery_scenario,iperf_tcp,50,10,,ryu_controller,467937,89.6,60669952,21724,46868,68592,318,3167.2064
2026-04-25T09:28:07.775675+00:00,recovery_scenario,iperf_tcp,50,10,,twin_core,467944,0.0,67706880,9328,1449,10777,0,0.0
2026-04-25T09:28:07.775675+00:00,recovery_scenario,iperf_tcp,50,10,,ryu_controller,467937,79.7,60669952,21726,47185,68911,319,3175.5901
2026-04-25T09:28:07.876145+00:00,recovery_scenario,iperf_tcp,50,10,,twin_core,467944,0.0,67706880,9329,1449,10778,1,9.9489
2026-04-25T09:28:07.876145+00:00,recovery_scenario,iperf_tcp,50,10,,ryu_controller,467937,69.6,60669952,21728,47378,69106,195,1939.7126
2026-04-25T09:28:07.976774+00:00,recovery_scenario,iperf_tcp,50,10,,twin_core,467944,0.0,67706880,9329,1449,10778,0,0.0
2026-04-25T09:28:07.976774+00:00,recovery_scenario,iperf_tcp,50,10,,ryu_controller,467937,9.9,60669952,21756,47403,69159,53,526.898
2026-04-25T09:28:08.077306+00:00,recovery_scenario,iperf_tcp,50,10,,twin_core,467944,0.0,67706880,9329,1449,10778,0,0.0
2026-04-25T09:28:08.077306+00:00,recovery_scenario,iperf_tcp,50,10,,ryu_controller,467937,0.0,60669952,21763,47403,69166,7,69.5263
2026-04-25T09:28:08.178093+00:00,recovery_scenario,iperf_tcp,50,10,,twin_core,467944,0.0,67706880,9329,1449,10778,0,0.0
2026-04-25T09:28:08.178093+00:00,recovery_scenario,iperf_tcp,50,10,,ryu_controller,467937,0.0,60669952,21768,47403,69171,5,49.5435
2026-04-25T09:28:08.279006+00:00,recovery_scenario,iperf_tcp,50,10,,twin_core,467944,9.9,67706880,9329,1449,10778,0,0.0
2026-04-25T09:28:08.279006+00:00,recovery_scenario,iperf_tcp,50,10,,ryu_controller,467937,0.0,60669952,21780,47406,69186,15,148.7746
2026-04-25T09:28:08.379923+00:00,recovery_scenario,iperf_tcp,50,10,,twin_core,467944,0.0,67706880,9344,1453,10797,19,188.7325
2026-04-25T09:28:08.379923+00:00,recovery_scenario,iperf_tcp,50,10,,ryu_controller,467937,29.8,60669952,21809,47646,69455,269,2673.4043
2026-04-25T09:28:08.471560+00:00,recovery_scenario,iperf_tcp,50,10,recovery_requested,,,,,,,,,
2026-04-25T09:28:08.480276+00:00,recovery_scenario,iperf_tcp,50,10,,twin_core,467944,19.9,67706880,9359,1464,10823,26,252.7568
2026-04-25T09:28:08.480276+00:00,recovery_scenario,iperf_tcp,50,10,,ryu_controller,467937,76.1,60669952,21828,48090,69918,463,4374.7992
2026-04-25T09:28:08.586259+00:00,recovery_scenario,iperf_tcp,50,10,,twin_core,467944,0.0,67706880,9362,1468,10830,7,67.6196
2026-04-25T09:28:08.586259+00:00,recovery_scenario,iperf_tcp,50,10,,ryu_controller,467937,29.6,60669952,21843,48114,69957,39,387.3177
2026-04-25T09:28:08.686839+00:00,recovery_scenario,iperf_tcp,50,10,,twin_core,467944,0.0,67706880,9362,1468,10830,0,0.0
2026-04-25T09:28:08.686839+00:00,recovery_scenario,iperf_tcp,50,10,,ryu_controller,467937,19.9,60669952,21872,48185,70057,100,995.2768
2026-04-25T09:28:08.787305+00:00,recovery_scenario,iperf_tcp,50,10,,twin_core,467944,0.0,67706880,9362,1468,10830,0,0.0
2026-04-25T09:28:08.787305+00:00,recovery_scenario,iperf_tcp,50,10,,ryu_controller,467937,29.9,60669952,21899,48335,70234,177,1760.2449
2026-04-25T09:28:08.887927+00:00,recovery_scenario,iperf_tcp,50,10,,twin_core,467944,0.0,67706880,9362,1468,10830,0,0.0
2026-04-25T09:28:08.887927+00:00,recovery_scenario,iperf_tcp,50,10,,ryu_controller,467937,29.8,60669952,21927,48396,70323,89,884.8078
2026-04-25T09:28:08.988489+00:00,recovery_scenario,iperf_tcp,50,10,,twin_core,467944,0.0,67706880,9363,1468,10831,1,9.946
2026-04-25T09:28:08.988489+00:00,recovery_scenario,iperf_tcp,50,10,,ryu_controller,467937,39.8,60669952,21960,48565,70525,202,2010.2849
2026-04-25T09:28:09.088900+00:00,recovery_scenario,iperf_tcp,50,10,,twin_core,467944,0.0,67706880,9363,1468,10831,0,0.0
2026-04-25T09:28:09.088900+00:00,recovery_scenario,iperf_tcp,50,10,,ryu_controller,467937,79.6,60669952,21965,48834,70799,274,2727.0912
2026-04-25T09:28:09.189414+00:00,recovery_scenario,iperf_tcp,50,10,,twin_core,467944,0.0,67706880,9363,1468,10831,0,0.0
2026-04-25T09:28:09.189414+00:00,recovery_scenario,iperf_tcp,50,10,,ryu_controller,467937,99.5,60669952,21965,48852,70817,18,179.0641
2026-04-25T09:28:09.289954+00:00,recovery_scenario,iperf_tcp,50,10,,twin_core,467944,0.0,67706880,9363,1468,10831,0,0.0
2026-04-25T09:28:09.289954+00:00,recovery_scenario,iperf_tcp,50,10,,ryu_controller,467937,99.3,60669952,21965,48853,70818,1,9.9326
2026-04-25T09:28:09.390734+00:00,recovery_scenario,iperf_tcp,50,10,,twin_core,467944,0.0,67706880,9363,1468,10831,0,0.0
2026-04-25T09:28:09.390734+00:00,recovery_scenario,iperf_tcp,50,10,,ryu_controller,467937,99.2,60669952,21965,48855,70820,2,19.8199
2026-04-25T09:28:09.491766+00:00,recovery_scenario,iperf_tcp,50,10,,twin_core,467944,0.0,67706880,9364,1470,10834,3,29.7826
2026-04-25T09:28:09.491766+00:00,recovery_scenario,iperf_tcp,50,10,,ryu_controller,467937,99.3,60669952,21965,48873,70838,18,178.8252
2026-04-25T09:28:09.592150+00:00,recovery_scenario,iperf_tcp,50,10,,twin_core,467944,0.0,67706880,9364,1470,10834,0,0.0
2026-04-25T09:28:09.592150+00:00,recovery_scenario,iperf_tcp,50,10,,ryu_controller,467937,99.6,60669952,21965,48873,70838,0,0.0
2026-04-25T09:28:09.692538+00:00,recovery_scenario,iperf_tcp,50,10,,twin_core,467944,0.0,67706880,9364,1470,10834,0,0.0
2026-04-25T09:28:09.692538+00:00,recovery_scenario,iperf_tcp,50,10,,ryu_controller,467937,99.4,60669952,21965,48874,70839,1,9.9365
2026-04-25T09:28:09.793195+00:00,recovery_scenario,iperf_tcp,50,10,,twin_core,467944,0.0,67706880,9364,1470,10834,0,0.0
2026-04-25T09:28:09.793195+00:00,recovery_scenario,iperf_tcp,50,10,,ryu_controller,467937,99.5,60669952,21965,48877,70842,3,29.7792
2026-04-25T09:28:09.894059+00:00,recovery_scenario,iperf_tcp,50,10,,twin_core,467944,9.9,67706880,9364,1470,10834,0,0.0
2026-04-25T09:28:09.894059+00:00,recovery_scenario,iperf_tcp,50,10,,ryu_controller,467937,99.2,60669952,21965,48909,70874,32,318.2109
2026-04-25T09:28:09.994488+00:00,recovery_scenario,iperf_tcp,50,10,,twin_core,467944,0.0,67706880,9365,1470,10835,1,9.9526
2026-04-25T09:28:09.994488+00:00,recovery_scenario,iperf_tcp,50,10,,ryu_controller,467937,99.5,60669952,21965,48932,70897,23,228.7012
2026-04-25T09:28:10.095057+00:00,recovery_scenario,iperf_tcp,50,10,,twin_core,467944,0.0,67706880,9365,1470,10835,0,0.0
2026-04-25T09:28:10.095057+00:00,recovery_scenario,iperf_tcp,50,10,,ryu_controller,467937,89.6,60669952,21965,48952,70917,20,199.2051
2026-04-25T09:28:10.195522+00:00,recovery_scenario,iperf_tcp,50,10,,twin_core,467944,0.0,67706880,9365,1470,10835,0,0.0
2026-04-25T09:28:10.195522+00:00,recovery_scenario,iperf_tcp,50,10,,ryu_controller,467937,109.2,60669952,21965,48960,70925,8,79.3936
2026-04-25T09:28:10.296239+00:00,recovery_scenario,iperf_tcp,50,10,,twin_core,467944,0.0,67706880,9365,1470,10835,0,0.0
2026-04-25T09:28:10.296239+00:00,recovery_scenario,iperf_tcp,50,10,,ryu_controller,467937,89.6,60669952,21965,48977,70942,17,169.2741
2026-04-25T09:28:10.396801+00:00,recovery_scenario,iperf_tcp,50,10,,twin_core,467944,9.9,67706880,9365,1470,10835,0,0.0
2026-04-25T09:28:10.396801+00:00,recovery_scenario,iperf_tcp,50,10,,ryu_controller,467937,59.6,60669952,21977,48986,70963,21,208.4204
2026-04-25T09:28:10.497482+00:00,recovery_scenario,iperf_tcp,50,10,,twin_core,467944,9.9,67706880,9371,1470,10841,6,59.4167
2026-04-25T09:28:10.497482+00:00,recovery_scenario,iperf_tcp,50,10,,ryu_controller,467937,9.9,60669952,21992,48986,70978,15,148.3501
2026-04-25T09:28:10.552899+00:00,recovery_scenario,iperf_tcp,50,10,scenario_teardown,,,,,,,,,
2026-04-25T09:28:10.598554+00:00,recovery_scenario,iperf_tcp,50,10,,twin_core,467944,9.9,67706880,9404,1472,10876,35,346.9442
2026-04-25T09:28:10.598554+00:00,recovery_scenario,iperf_tcp,50,10,,ryu_controller,467937,29.8,60669952,22038,48992,71030,52,515.9211
2026-04-25T09:28:10.699405+00:00,recovery_scenario,iperf_tcp,50,10,,twin_core,467944,0.0,67706880,9428,1474,10902,26,258.1992
2026-04-25T09:28:10.699405+00:00,recovery_scenario,iperf_tcp,50,10,,ryu_controller,467937,9.9,60669952,22056,48996,71052,22,218.7628
2026-04-25T09:28:10.800632+00:00,recovery_scenario,iperf_tcp,50,10,,twin_core,467944,9.9,67706880,9453,1475,10928,26,256.8187
2026-04-25T09:28:10.800632+00:00,recovery_scenario,iperf_tcp,50,10,,ryu_controller,467937,29.7,60669952,22075,49002,71077,25,247.1054
2026-04-25T09:28:10.901110+00:00,recovery_scenario,iperf_tcp,50,10,,twin_core,467944,0.0,67706880,9453,1475,10928,0,0.0
2026-04-25T09:28:10.901110+00:00,recovery_scenario,iperf_tcp,50,10,,ryu_controller,467937,0.0,60669952,22085,49002,71087,10,99.5374
