timestamp,scenario_name,background_traffic,background_load_percent,repeat_index,event_name,process_name,pid,cpu_percent,rss_bytes
2026-04-24T21:29:56.992845+00:00,recovery_scenario,iperf_tcp,10,1,,twin_core,361501,0.0,65130496
2026-04-24T21:29:56.992845+00:00,recovery_scenario,iperf_tcp,10,1,,ryu_controller,361493,0.0,57634816
2026-04-24T21:29:57.094456+00:00,recovery_scenario,iperf_tcp,10,1,,twin_core,361501,0.0,65175552
2026-04-24T21:29:57.094456+00:00,recovery_scenario,iperf_tcp,10,1,,ryu_controller,361493,0.0,57700352
2026-04-24T21:29:57.195195+00:00,recovery_scenario,iperf_tcp,10,1,,twin_core,361501,19.9,65179648
2026-04-24T21:29:57.195195+00:00,recovery_scenario,iperf_tcp,10,1,,ryu_controller,361493,39.8,58003456
2026-04-24T21:29:57.295838+00:00,recovery_scenario,iperf_tcp,10,1,,twin_core,361501,0.0,65183744
2026-04-24T21:29:57.295838+00:00,recovery_scenario,iperf_tcp,10,1,,ryu_controller,361493,9.9,58007552
2026-04-24T21:29:57.299106+00:00,recovery_scenario,iperf_tcp,10,1,service_started,,,,
2026-04-24T21:29:57.396624+00:00,recovery_scenario,iperf_tcp,10,1,,twin_core,361501,19.8,65966080
2026-04-24T21:29:57.396624+00:00,recovery_scenario,iperf_tcp,10,1,,ryu_controller,361493,59.5,58101760
2026-04-24T21:29:57.498647+00:00,recovery_scenario,iperf_tcp,10,1,,twin_core,361501,0.0,65978368
2026-04-24T21:29:57.498647+00:00,recovery_scenario,iperf_tcp,10,1,,ryu_controller,361493,9.8,58101760
2026-04-24T21:29:57.599147+00:00,recovery_scenario,iperf_tcp,10,1,,twin_core,361501,0.0,65978368
2026-04-24T21:29:57.599147+00:00,recovery_scenario,iperf_tcp,10,1,,ryu_controller,361493,10.0,58105856
2026-04-24T21:29:57.699685+00:00,recovery_scenario,iperf_tcp,10,1,,twin_core,361501,0.0,65978368
2026-04-24T21:29:57.699685+00:00,recovery_scenario,iperf_tcp,10,1,,ryu_controller,361493,29.8,58109952
2026-04-24T21:29:57.800325+00:00,recovery_scenario,iperf_tcp,10,1,,twin_core,361501,0.0,65978368
2026-04-24T21:29:57.800325+00:00,recovery_scenario,iperf_tcp,10,1,,ryu_controller,361493,10.0,58114048
2026-04-24T21:29:57.900812+00:00,recovery_scenario,iperf_tcp,10,1,,twin_core,361501,0.0,65978368
2026-04-24T21:29:57.900812+00:00,recovery_scenario,iperf_tcp,10,1,,ryu_controller,361493,29.8,58130432
2026-04-24T21:29:58.001933+00:00,recovery_scenario,iperf_tcp,10,1,,twin_core,361501,0.0,65978368
2026-04-24T21:29:58.001933+00:00,recovery_scenario,iperf_tcp,10,1,,ryu_controller,361493,19.8,58138624
2026-04-24T21:29:58.102350+00:00,recovery_scenario,iperf_tcp,10,1,,twin_core,361501,0.0,65978368
2026-04-24T21:29:58.102350+00:00,recovery_scenario,iperf_tcp,10,1,,ryu_controller,361493,19.9,58138624
2026-04-24T21:29:58.203422+00:00,recovery_scenario,iperf_tcp,10,1,,twin_core,361501,0.0,65978368
2026-04-24T21:29:58.203422+00:00,recovery_scenario,iperf_tcp,10,1,,ryu_controller,361493,9.9,58142720
2026-04-24T21:29:58.304434+00:00,recovery_scenario,iperf_tcp,10,1,,twin_core,361501,0.0,65978368
2026-04-24T21:29:58.304434+00:00,recovery_scenario,iperf_tcp,10,1,,ryu_controller,361493,9.9,58142720
2026-04-24T21:29:58.404906+00:00,recovery_scenario,iperf_tcp,10,1,,twin_core,361501,0.0,65978368
2026-04-24T21:29:58.404906+00:00,recovery_scenario,iperf_tcp,10,1,,ryu_controller,361493,19.9,58146816
2026-04-24T21:29:58.505374+00:00,recovery_scenario,iperf_tcp,10,1,,twin_core,361501,0.0,65978368
2026-04-24T21:29:58.505374+00:00,recovery_scenario,iperf_tcp,10,1,,ryu_controller,361493,29.9,58163200
2026-04-24T21:29:58.605811+00:00,recovery_scenario,iperf_tcp,10,1,,twin_core,361501,0.0,65978368
2026-04-24T21:29:58.605811+00:00,recovery_scenario,iperf_tcp,10,1,,ryu_controller,361493,9.9,58171392
2026-04-24T21:29:58.706350+00:00,recovery_scenario,iperf_tcp,10,1,,twin_core,361501,0.0,65978368
2026-04-24T21:29:58.706350+00:00,recovery_scenario,iperf_tcp,10,1,,ryu_controller,361493,29.9,58183680
2026-04-24T21:29:58.806846+00:00,recovery_scenario,iperf_tcp,10,1,,twin_core,361501,0.0,65978368
2026-04-24T21:29:58.806846+00:00,recovery_scenario,iperf_tcp,10,1,,ryu_controller,361493,10.0,58200064
2026-04-24T21:29:58.908224+00:00,recovery_scenario,iperf_tcp,10,1,,twin_core,361501,0.0,65978368
2026-04-24T21:29:58.908224+00:00,recovery_scenario,iperf_tcp,10,1,,ryu_controller,361493,59.2,58306560
2026-04-24T21:29:59.008743+00:00,recovery_scenario,iperf_tcp,10,1,,twin_core,361501,0.0,65978368
2026-04-24T21:29:59.008743+00:00,recovery_scenario,iperf_tcp,10,1,,ryu_controller,361493,10.0,58306560
2026-04-24T21:29:59.112180+00:00,recovery_scenario,iperf_tcp,10,1,,twin_core,361501,0.0,65978368
2026-04-24T21:29:59.112180+00:00,recovery_scenario,iperf_tcp,10,1,,ryu_controller,361493,9.7,58306560
2026-04-24T21:29:59.212887+00:00,recovery_scenario,iperf_tcp,10,1,,twin_core,361501,0.0,65978368
2026-04-24T21:29:59.212887+00:00,recovery_scenario,iperf_tcp,10,1,,ryu_controller,361493,19.9,58310656
2026-04-24T21:29:59.314429+00:00,recovery_scenario,iperf_tcp,10,1,,twin_core,361501,0.0,65978368
2026-04-24T21:29:59.314429+00:00,recovery_scenario,iperf_tcp,10,1,,ryu_controller,361493,9.8,58310656
2026-04-24T21:29:59.414952+00:00,recovery_scenario,iperf_tcp,10,1,,twin_core,361501,10.0,66015232
2026-04-24T21:29:59.414952+00:00,recovery_scenario,iperf_tcp,10,1,,ryu_controller,361493,29.9,58343424
2026-04-24T21:29:59.515434+00:00,recovery_scenario,iperf_tcp,10,1,,twin_core,361501,0.0,66019328
2026-04-24T21:29:59.515434+00:00,recovery_scenario,iperf_tcp,10,1,,ryu_controller,361493,19.9,58347520
2026-04-24T21:29:59.615983+00:00,recovery_scenario,iperf_tcp,10,1,,twin_core,361501,9.9,66019328
2026-04-24T21:29:59.615983+00:00,recovery_scenario,iperf_tcp,10,1,,ryu_controller,361493,19.9,58347520
2026-04-24T21:29:59.716821+00:00,recovery_scenario,iperf_tcp,10,1,,twin_core,361501,0.0,66019328
2026-04-24T21:29:59.716821+00:00,recovery_scenario,iperf_tcp,10,1,,ryu_controller,361493,0.0,58347520
2026-04-24T21:29:59.817253+00:00,recovery_scenario,iperf_tcp,10,1,,twin_core,361501,0.0,66019328
2026-04-24T21:29:59.817253+00:00,recovery_scenario,iperf_tcp,10,1,,ryu_controller,361493,10.0,58347520
2026-04-24T21:29:59.918380+00:00,recovery_scenario,iperf_tcp,10,1,,twin_core,361501,0.0,66019328
2026-04-24T21:29:59.918380+00:00,recovery_scenario,iperf_tcp,10,1,,ryu_controller,361493,9.9,58347520
2026-04-24T21:30:00.018897+00:00,recovery_scenario,iperf_tcp,10,1,,twin_core,361501,0.0,66019328
2026-04-24T21:30:00.018897+00:00,recovery_scenario,iperf_tcp,10,1,,ryu_controller,361493,19.9,58347520
2026-04-24T21:30:00.119354+00:00,recovery_scenario,iperf_tcp,10,1,,twin_core,361501,0.0,66019328
2026-04-24T21:30:00.119354+00:00,recovery_scenario,iperf_tcp,10,1,,ryu_controller,361493,0.0,58347520
2026-04-24T21:30:00.220879+00:00,recovery_scenario,iperf_tcp,10,1,,twin_core,361501,0.0,66019328
2026-04-24T21:30:00.220879+00:00,recovery_scenario,iperf_tcp,10,1,,ryu_controller,361493,19.7,58355712
2026-04-24T21:30:00.321356+00:00,recovery_scenario,iperf_tcp,10,1,,twin_core,361501,0.0,66019328
2026-04-24T21:30:00.321356+00:00,recovery_scenario,iperf_tcp,10,1,,ryu_controller,361493,0.0,58359808
2026-04-24T21:30:00.423435+00:00,recovery_scenario,iperf_tcp,10,1,,twin_core,361501,0.0,66019328
2026-04-24T21:30:00.423435+00:00,recovery_scenario,iperf_tcp,10,1,,ryu_controller,361493,9.8,58359808
2026-04-24T21:30:00.524689+00:00,recovery_scenario,iperf_tcp,10,1,,twin_core,361501,0.0,66019328
2026-04-24T21:30:00.524689+00:00,recovery_scenario,iperf_tcp,10,1,,ryu_controller,361493,9.9,58359808
2026-04-24T21:30:00.625259+00:00,recovery_scenario,iperf_tcp,10,1,,twin_core,361501,10.0,66019328
2026-04-24T21:30:00.625259+00:00,recovery_scenario,iperf_tcp,10,1,,ryu_controller,361493,10.0,58368000
2026-04-24T21:30:00.726310+00:00,recovery_scenario,iperf_tcp,10,1,,twin_core,361501,0.0,66019328
2026-04-24T21:30:00.726310+00:00,recovery_scenario,iperf_tcp,10,1,,ryu_controller,361493,9.9,58368000
2026-04-24T21:30:00.826745+00:00,recovery_scenario,iperf_tcp,10,1,,twin_core,361501,0.0,66019328
2026-04-24T21:30:00.826745+00:00,recovery_scenario,iperf_tcp,10,1,,ryu_controller,361493,10.0,58372096
2026-04-24T21:30:00.927167+00:00,recovery_scenario,iperf_tcp,10,1,,twin_core,361501,0.0,66019328
2026-04-24T21:30:00.927167+00:00,recovery_scenario,iperf_tcp,10,1,,ryu_controller,361493,49.8,58630144
2026-04-24T21:30:01.027521+00:00,recovery_scenario,iperf_tcp,10,1,,twin_core,361501,0.0,66019328
2026-04-24T21:30:01.027521+00:00,recovery_scenario,iperf_tcp,10,1,,ryu_controller,361493,19.9,58683392
2026-04-24T21:30:01.128140+00:00,recovery_scenario,iperf_tcp,10,1,,twin_core,361501,0.0,66019328
2026-04-24T21:30:01.128140+00:00,recovery_scenario,iperf_tcp,10,1,,ryu_controller,361493,0.0,58683392
2026-04-24T21:30:01.228683+00:00,recovery_scenario,iperf_tcp,10,1,,twin_core,361501,0.0,66023424
2026-04-24T21:30:01.228683+00:00,recovery_scenario,iperf_tcp,10,1,,ryu_controller,361493,29.8,58683392
2026-04-24T21:30:01.329599+00:00,recovery_scenario,iperf_tcp,10,1,,twin_core,361501,9.9,66023424
2026-04-24T21:30:01.329599+00:00,recovery_scenario,iperf_tcp,10,1,,ryu_controller,361493,9.9,58683392
2026-04-24T21:30:01.430404+00:00,recovery_scenario,iperf_tcp,10,1,,twin_core,361501,9.9,66027520
2026-04-24T21:30:01.430404+00:00,recovery_scenario,iperf_tcp,10,1,,ryu_controller,361493,29.8,58691584
2026-04-24T21:30:01.530934+00:00,recovery_scenario,iperf_tcp,10,1,,twin_core,361501,0.0,66142208
2026-04-24T21:30:01.530934+00:00,recovery_scenario,iperf_tcp,10,1,,ryu_controller,361493,29.9,58703872
2026-04-24T21:30:01.631293+00:00,recovery_scenario,iperf_tcp,10,1,,twin_core,361501,0.0,66142208
2026-04-24T21:30:01.631293+00:00,recovery_scenario,iperf_tcp,10,1,,ryu_controller,361493,19.9,58703872
2026-04-24T21:30:01.731667+00:00,recovery_scenario,iperf_tcp,10,1,,twin_core,361501,0.0,66142208
2026-04-24T21:30:01.731667+00:00,recovery_scenario,iperf_tcp,10,1,,ryu_controller,361493,10.0,58703872
2026-04-24T21:30:01.832665+00:00,recovery_scenario,iperf_tcp,10,1,,twin_core,361501,0.0,66142208
2026-04-24T21:30:01.832665+00:00,recovery_scenario,iperf_tcp,10,1,,ryu_controller,361493,0.0,58703872
2026-04-24T21:30:01.933182+00:00,recovery_scenario,iperf_tcp,10,1,,twin_core,361501,10.0,66142208
2026-04-24T21:30:01.933182+00:00,recovery_scenario,iperf_tcp,10,1,,ryu_controller,361493,10.0,58703872
2026-04-24T21:30:02.033641+00:00,recovery_scenario,iperf_tcp,10,1,,twin_core,361501,0.0,66142208
2026-04-24T21:30:02.033641+00:00,recovery_scenario,iperf_tcp,10,1,,ryu_controller,361493,9.9,58703872
2026-04-24T21:30:02.134662+00:00,recovery_scenario,iperf_tcp,10,1,,twin_core,361501,0.0,66142208
2026-04-24T21:30:02.134662+00:00,recovery_scenario,iperf_tcp,10,1,,ryu_controller,361493,9.9,58703872
2026-04-24T21:30:02.235091+00:00,recovery_scenario,iperf_tcp,10,1,,twin_core,361501,0.0,66142208
2026-04-24T21:30:02.235091+00:00,recovery_scenario,iperf_tcp,10,1,,ryu_controller,361493,19.9,58707968
2026-04-24T21:30:02.336359+00:00,recovery_scenario,iperf_tcp,10,1,,twin_core,361501,0.0,66142208
2026-04-24T21:30:02.336359+00:00,recovery_scenario,iperf_tcp,10,1,,ryu_controller,361493,9.9,58707968
2026-04-24T21:30:02.436825+00:00,recovery_scenario,iperf_tcp,10,1,,twin_core,361501,0.0,66142208
2026-04-24T21:30:02.436825+00:00,recovery_scenario,iperf_tcp,10,1,,ryu_controller,361493,0.0,58707968
2026-04-24T21:30:02.538790+00:00,recovery_scenario,iperf_tcp,10,1,,twin_core,361501,0.0,66142208
2026-04-24T21:30:02.538790+00:00,recovery_scenario,iperf_tcp,10,1,,ryu_controller,361493,9.8,58707968
2026-04-24T21:30:02.640537+00:00,recovery_scenario,iperf_tcp,10,1,,twin_core,361501,0.0,66142208
2026-04-24T21:30:02.640537+00:00,recovery_scenario,iperf_tcp,10,1,,ryu_controller,361493,9.8,58707968
2026-04-24T21:30:02.741080+00:00,recovery_scenario,iperf_tcp,10,1,,twin_core,361501,0.0,66142208
2026-04-24T21:30:02.741080+00:00,recovery_scenario,iperf_tcp,10,1,,ryu_controller,361493,10.0,58707968
2026-04-24T21:30:02.841448+00:00,recovery_scenario,iperf_tcp,10,1,,twin_core,361501,0.0,66142208
2026-04-24T21:30:02.841448+00:00,recovery_scenario,iperf_tcp,10,1,,ryu_controller,361493,19.9,58707968
2026-04-24T21:30:02.942001+00:00,recovery_scenario,iperf_tcp,10,1,,twin_core,361501,0.0,66142208
2026-04-24T21:30:02.942001+00:00,recovery_scenario,iperf_tcp,10,1,,ryu_controller,361493,0.0,58707968
2026-04-24T21:30:03.042474+00:00,recovery_scenario,iperf_tcp,10,1,,twin_core,361501,0.0,66142208
2026-04-24T21:30:03.042474+00:00,recovery_scenario,iperf_tcp,10,1,,ryu_controller,361493,79.6,58744832
2026-04-24T21:30:03.069072+00:00,recovery_scenario,iperf_tcp,10,1,pingall_completed,,,,
2026-04-24T21:30:03.143781+00:00,recovery_scenario,iperf_tcp,10,1,,twin_core,361501,19.7,66150400
2026-04-24T21:30:03.143781+00:00,recovery_scenario,iperf_tcp,10,1,,ryu_controller,361493,19.8,58748928
2026-04-24T21:30:03.244266+00:00,recovery_scenario,iperf_tcp,10,1,,twin_core,361501,0.0,66150400
2026-04-24T21:30:03.244266+00:00,recovery_scenario,iperf_tcp,10,1,,ryu_controller,361493,19.9,58748928
2026-04-24T21:30:03.349386+00:00,recovery_scenario,iperf_tcp,10,1,,twin_core,361501,0.0,66150400
2026-04-24T21:30:03.349386+00:00,recovery_scenario,iperf_tcp,10,1,,ryu_controller,361493,0.0,58748928
2026-04-24T21:30:03.454550+00:00,recovery_scenario,iperf_tcp,10,1,,twin_core,361501,0.0,66150400
2026-04-24T21:30:03.454550+00:00,recovery_scenario,iperf_tcp,10,1,,ryu_controller,361493,19.0,58748928
2026-04-24T21:30:03.555084+00:00,recovery_scenario,iperf_tcp,10,1,,twin_core,361501,10.0,66154496
2026-04-24T21:30:03.555084+00:00,recovery_scenario,iperf_tcp,10,1,,ryu_controller,361493,69.7,58777600
2026-04-24T21:30:03.657981+00:00,recovery_scenario,iperf_tcp,10,1,,twin_core,361501,9.7,66228224
2026-04-24T21:30:03.657981+00:00,recovery_scenario,iperf_tcp,10,1,,ryu_controller,361493,9.7,58777600
2026-04-24T21:30:03.759440+00:00,recovery_scenario,iperf_tcp,10,1,,twin_core,361501,0.0,66228224
2026-04-24T21:30:03.759440+00:00,recovery_scenario,iperf_tcp,10,1,,ryu_controller,361493,0.0,58777600
2026-04-24T21:30:03.862571+00:00,recovery_scenario,iperf_tcp,10,1,,twin_core,361501,0.0,66228224
2026-04-24T21:30:03.862571+00:00,recovery_scenario,iperf_tcp,10,1,,ryu_controller,361493,0.0,58777600
2026-04-24T21:30:03.968283+00:00,recovery_scenario,iperf_tcp,10,1,,twin_core,361501,0.0,66228224
2026-04-24T21:30:03.968283+00:00,recovery_scenario,iperf_tcp,10,1,,ryu_controller,361493,0.0,58777600
2026-04-24T21:30:04.073940+00:00,recovery_scenario,iperf_tcp,10,1,,twin_core,361501,0.0,66228224
2026-04-24T21:30:04.073940+00:00,recovery_scenario,iperf_tcp,10,1,,ryu_controller,361493,9.4,58777600
2026-04-24T21:30:04.175907+00:00,recovery_scenario,iperf_tcp,10,1,,twin_core,361501,0.0,66232320
2026-04-24T21:30:04.175907+00:00,recovery_scenario,iperf_tcp,10,1,,ryu_controller,361493,0.0,58777600
2026-04-24T21:30:04.276498+00:00,recovery_scenario,iperf_tcp,10,1,,twin_core,361501,0.0,66232320
2026-04-24T21:30:04.276498+00:00,recovery_scenario,iperf_tcp,10,1,,ryu_controller,361493,0.0,58777600
2026-04-24T21:30:04.377153+00:00,recovery_scenario,iperf_tcp,10,1,,twin_core,361501,0.0,66232320
2026-04-24T21:30:04.377153+00:00,recovery_scenario,iperf_tcp,10,1,,ryu_controller,361493,0.0,58777600
2026-04-24T21:30:04.486928+00:00,recovery_scenario,iperf_tcp,10,1,,twin_core,361501,9.1,66232320
2026-04-24T21:30:04.486928+00:00,recovery_scenario,iperf_tcp,10,1,,ryu_controller,361493,0.0,58777600
2026-04-24T21:30:04.588628+00:00,recovery_scenario,iperf_tcp,10,1,,twin_core,361501,0.0,66232320
2026-04-24T21:30:04.588628+00:00,recovery_scenario,iperf_tcp,10,1,,ryu_controller,361493,0.0,58777600
2026-04-24T21:30:04.696270+00:00,recovery_scenario,iperf_tcp,10,1,,twin_core,361501,0.0,66232320
2026-04-24T21:30:04.696270+00:00,recovery_scenario,iperf_tcp,10,1,,ryu_controller,361493,9.3,58777600
2026-04-24T21:30:04.826844+00:00,recovery_scenario,iperf_tcp,10,1,,twin_core,361501,0.0,66232320
2026-04-24T21:30:04.826844+00:00,recovery_scenario,iperf_tcp,10,1,,ryu_controller,361493,15.4,58777600
2026-04-24T21:30:04.927296+00:00,recovery_scenario,iperf_tcp,10,1,,twin_core,361501,0.0,66232320
2026-04-24T21:30:04.927296+00:00,recovery_scenario,iperf_tcp,10,1,,ryu_controller,361493,0.0,58777600
2026-04-24T21:30:05.027805+00:00,recovery_scenario,iperf_tcp,10,1,,twin_core,361501,0.0,66232320
2026-04-24T21:30:05.027805+00:00,recovery_scenario,iperf_tcp,10,1,,ryu_controller,361493,0.0,58777600
2026-04-24T21:30:05.107594+00:00,recovery_scenario,iperf_tcp,10,1,background_traffic_started,,,,
2026-04-24T21:30:05.128272+00:00,recovery_scenario,iperf_tcp,10,1,,twin_core,361501,0.0,66240512
2026-04-24T21:30:05.128272+00:00,recovery_scenario,iperf_tcp,10,1,,ryu_controller,361493,9.9,58781696
2026-04-24T21:30:05.230625+00:00,recovery_scenario,iperf_tcp,10,1,,twin_core,361501,9.8,66240512
2026-04-24T21:30:05.230625+00:00,recovery_scenario,iperf_tcp,10,1,,ryu_controller,361493,29.1,58822656
2026-04-24T21:30:05.333537+00:00,recovery_scenario,iperf_tcp,10,1,,twin_core,361501,0.0,66252800
2026-04-24T21:30:05.333537+00:00,recovery_scenario,iperf_tcp,10,1,,ryu_controller,361493,48.4,58900480
2026-04-24T21:30:05.435613+00:00,recovery_scenario,iperf_tcp,10,1,,twin_core,361501,0.0,66326528
2026-04-24T21:30:05.435613+00:00,recovery_scenario,iperf_tcp,10,1,,ryu_controller,361493,39.1,58929152
2026-04-24T21:30:05.538519+00:00,recovery_scenario,iperf_tcp,10,1,fault_injected,,,,
2026-04-24T21:30:05.538597+00:00,recovery_scenario,iperf_tcp,10,1,,twin_core,361501,19.4,66371584
2026-04-24T21:30:05.538597+00:00,recovery_scenario,iperf_tcp,10,1,,ryu_controller,361493,28.1,58929152
2026-04-24T21:30:05.646397+00:00,recovery_scenario,iperf_tcp,10,1,,twin_core,361501,0.0,66392064
2026-04-24T21:30:05.646397+00:00,recovery_scenario,iperf_tcp,10,1,,ryu_controller,361493,29.1,59092992
2026-04-24T21:30:05.748412+00:00,recovery_scenario,iperf_tcp,10,1,,twin_core,361501,0.0,66392064
2026-04-24T21:30:05.748412+00:00,recovery_scenario,iperf_tcp,10,1,,ryu_controller,361493,39.4,59150336
2026-04-24T21:30:05.849182+00:00,recovery_scenario,iperf_tcp,10,1,,twin_core,361501,0.0,66392064
2026-04-24T21:30:05.849182+00:00,recovery_scenario,iperf_tcp,10,1,,ryu_controller,361493,39.7,59252736
2026-04-24T21:30:05.950227+00:00,recovery_scenario,iperf_tcp,10,1,,twin_core,361501,0.0,66392064
2026-04-24T21:30:05.950227+00:00,recovery_scenario,iperf_tcp,10,1,,ryu_controller,361493,99.0,59392000
2026-04-24T21:30:06.050635+00:00,recovery_scenario,iperf_tcp,10,1,,twin_core,361501,0.0,66392064
2026-04-24T21:30:06.050635+00:00,recovery_scenario,iperf_tcp,10,1,,ryu_controller,361493,99.4,59408384
2026-04-24T21:30:06.151347+00:00,recovery_scenario,iperf_tcp,10,1,,twin_core,361501,0.0,66392064
2026-04-24T21:30:06.151347+00:00,recovery_scenario,iperf_tcp,10,1,,ryu_controller,361493,99.0,59408384
2026-04-24T21:30:06.253120+00:00,recovery_scenario,iperf_tcp,10,1,,twin_core,361501,0.0,66392064
2026-04-24T21:30:06.253120+00:00,recovery_scenario,iperf_tcp,10,1,,ryu_controller,361493,98.8,59408384
2026-04-24T21:30:06.354815+00:00,recovery_scenario,iperf_tcp,10,1,,twin_core,361501,0.0,66392064
2026-04-24T21:30:06.354815+00:00,recovery_scenario,iperf_tcp,10,1,,ryu_controller,361493,68.8,59412480
2026-04-24T21:30:06.458190+00:00,recovery_scenario,iperf_tcp,10,1,,twin_core,361501,9.7,66392064
2026-04-24T21:30:06.458190+00:00,recovery_scenario,iperf_tcp,10,1,,ryu_controller,361493,77.0,59412480
2026-04-24T21:30:06.560088+00:00,recovery_scenario,iperf_tcp,10,1,,twin_core,361501,0.0,66392064
2026-04-24T21:30:06.560088+00:00,recovery_scenario,iperf_tcp,10,1,,ryu_controller,361493,59.2,59412480
2026-04-24T21:30:06.662083+00:00,recovery_scenario,iperf_tcp,10,1,,twin_core,361501,0.0,66392064
2026-04-24T21:30:06.662083+00:00,recovery_scenario,iperf_tcp,10,1,,ryu_controller,361493,68.6,59416576
2026-04-24T21:30:06.763083+00:00,recovery_scenario,iperf_tcp,10,1,,twin_core,361501,0.0,66392064
2026-04-24T21:30:06.763083+00:00,recovery_scenario,iperf_tcp,10,1,,ryu_controller,361493,59.4,59420672
2026-04-24T21:30:06.867028+00:00,recovery_scenario,iperf_tcp,10,1,,twin_core,361501,0.0,66392064
2026-04-24T21:30:06.867028+00:00,recovery_scenario,iperf_tcp,10,1,,ryu_controller,361493,48.1,59420672
2026-04-24T21:30:06.967443+00:00,recovery_scenario,iperf_tcp,10,1,,twin_core,361501,0.0,66392064
2026-04-24T21:30:06.967443+00:00,recovery_scenario,iperf_tcp,10,1,,ryu_controller,361493,79.7,59420672
2026-04-24T21:30:07.068049+00:00,recovery_scenario,iperf_tcp,10,1,,twin_core,361501,0.0,66392064
2026-04-24T21:30:07.068049+00:00,recovery_scenario,iperf_tcp,10,1,,ryu_controller,361493,59.6,59420672
2026-04-24T21:30:07.168418+00:00,recovery_scenario,iperf_tcp,10,1,,twin_core,361501,0.0,66392064
2026-04-24T21:30:07.168418+00:00,recovery_scenario,iperf_tcp,10,1,,ryu_controller,361493,69.6,59420672
2026-04-24T21:30:07.270824+00:00,recovery_scenario,iperf_tcp,10,1,,twin_core,361501,0.0,66392064
2026-04-24T21:30:07.270824+00:00,recovery_scenario,iperf_tcp,10,1,,ryu_controller,361493,68.4,59420672
2026-04-24T21:30:07.371256+00:00,recovery_scenario,iperf_tcp,10,1,,twin_core,361501,0.0,66392064
2026-04-24T21:30:07.371256+00:00,recovery_scenario,iperf_tcp,10,1,,ryu_controller,361493,49.8,59420672
2026-04-24T21:30:07.471622+00:00,recovery_scenario,iperf_tcp,10,1,,twin_core,361501,19.9,66420736
2026-04-24T21:30:07.471622+00:00,recovery_scenario,iperf_tcp,10,1,,ryu_controller,361493,9.9,59420672
2026-04-24T21:30:07.573800+00:00,recovery_scenario,iperf_tcp,10,1,,twin_core,361501,0.0,66420736
2026-04-24T21:30:07.573800+00:00,recovery_scenario,iperf_tcp,10,1,,ryu_controller,361493,49.0,59420672
2026-04-24T21:30:07.674788+00:00,recovery_scenario,iperf_tcp,10,1,,twin_core,361501,0.0,66420736
2026-04-24T21:30:07.674788+00:00,recovery_scenario,iperf_tcp,10,1,,ryu_controller,361493,39.6,59420672
2026-04-24T21:30:07.776122+00:00,recovery_scenario,iperf_tcp,10,1,,twin_core,361501,9.9,66420736
2026-04-24T21:30:07.776122+00:00,recovery_scenario,iperf_tcp,10,1,,ryu_controller,361493,49.3,59420672
2026-04-24T21:30:07.796200+00:00,recovery_scenario,iperf_tcp,10,1,recovery_requested,,,,
2026-04-24T21:30:07.878761+00:00,recovery_scenario,iperf_tcp,10,1,,twin_core,361501,0.0,66433024
2026-04-24T21:30:07.878761+00:00,recovery_scenario,iperf_tcp,10,1,,ryu_controller,361493,19.5,59420672
2026-04-24T21:30:07.980836+00:00,recovery_scenario,iperf_tcp,10,1,,twin_core,361501,0.0,66433024
2026-04-24T21:30:07.980836+00:00,recovery_scenario,iperf_tcp,10,1,,ryu_controller,361493,29.4,59432960
2026-04-24T21:30:08.081258+00:00,recovery_scenario,iperf_tcp,10,1,,twin_core,361501,0.0,66433024
2026-04-24T21:30:08.081258+00:00,recovery_scenario,iperf_tcp,10,1,,ryu_controller,361493,39.9,59432960
2026-04-24T21:30:08.181621+00:00,recovery_scenario,iperf_tcp,10,1,,twin_core,361501,0.0,66433024
2026-04-24T21:30:08.181621+00:00,recovery_scenario,iperf_tcp,10,1,,ryu_controller,361493,29.9,59432960
2026-04-24T21:30:08.282117+00:00,recovery_scenario,iperf_tcp,10,1,,twin_core,361501,0.0,66433024
2026-04-24T21:30:08.282117+00:00,recovery_scenario,iperf_tcp,10,1,,ryu_controller,361493,39.8,59432960
2026-04-24T21:30:08.389847+00:00,recovery_scenario,iperf_tcp,10,1,,twin_core,361501,0.0,66433024
2026-04-24T21:30:08.389847+00:00,recovery_scenario,iperf_tcp,10,1,,ryu_controller,361493,27.8,59432960
2026-04-24T21:30:08.490463+00:00,recovery_scenario,iperf_tcp,10,1,,twin_core,361501,0.0,66433024
2026-04-24T21:30:08.490463+00:00,recovery_scenario,iperf_tcp,10,1,,ryu_controller,361493,39.7,59432960
2026-04-24T21:30:08.590939+00:00,recovery_scenario,iperf_tcp,10,1,,twin_core,361501,0.0,66433024
2026-04-24T21:30:08.590939+00:00,recovery_scenario,iperf_tcp,10,1,,ryu_controller,361493,49.7,59432960
2026-04-24T21:30:08.692901+00:00,recovery_scenario,iperf_tcp,10,1,,twin_core,361501,0.0,66433024
2026-04-24T21:30:08.692901+00:00,recovery_scenario,iperf_tcp,10,1,,ryu_controller,361493,68.7,59432960
2026-04-24T21:30:08.793296+00:00,recovery_scenario,iperf_tcp,10,1,,twin_core,361501,0.0,66433024
2026-04-24T21:30:08.793296+00:00,recovery_scenario,iperf_tcp,10,1,,ryu_controller,361493,69.5,59432960
2026-04-24T21:30:08.895913+00:00,recovery_scenario,iperf_tcp,10,1,,twin_core,361501,0.0,66433024
2026-04-24T21:30:08.895913+00:00,recovery_scenario,iperf_tcp,10,1,,ryu_controller,361493,29.1,59432960
2026-04-24T21:30:08.997649+00:00,recovery_scenario,iperf_tcp,10,1,,twin_core,361501,0.0,66433024
2026-04-24T21:30:08.997649+00:00,recovery_scenario,iperf_tcp,10,1,,ryu_controller,361493,57.6,59432960
2026-04-24T21:30:09.102396+00:00,recovery_scenario,iperf_tcp,10,1,,twin_core,361501,9.6,66433024
2026-04-24T21:30:09.102396+00:00,recovery_scenario,iperf_tcp,10,1,,ryu_controller,361493,57.9,59432960
2026-04-24T21:30:09.204884+00:00,recovery_scenario,iperf_tcp,10,1,,twin_core,361501,0.0,66433024
2026-04-24T21:30:09.204884+00:00,recovery_scenario,iperf_tcp,10,1,,ryu_controller,361493,29.3,59432960
2026-04-24T21:30:09.309112+00:00,recovery_scenario,iperf_tcp,10,1,,twin_core,361501,0.0,66433024
2026-04-24T21:30:09.309112+00:00,recovery_scenario,iperf_tcp,10,1,,ryu_controller,361493,48.8,59432960
2026-04-24T21:30:09.410041+00:00,recovery_scenario,iperf_tcp,10,1,,twin_core,361501,9.9,66433024
2026-04-24T21:30:09.410041+00:00,recovery_scenario,iperf_tcp,10,1,,ryu_controller,361493,49.6,59432960
2026-04-24T21:30:09.511574+00:00,recovery_scenario,iperf_tcp,10,1,,twin_core,361501,0.0,66433024
2026-04-24T21:30:09.511574+00:00,recovery_scenario,iperf_tcp,10,1,,ryu_controller,361493,39.3,59432960
2026-04-24T21:30:09.616896+00:00,recovery_scenario,iperf_tcp,10,1,,twin_core,361501,0.0,66433024
2026-04-24T21:30:09.616896+00:00,recovery_scenario,iperf_tcp,10,1,,ryu_controller,361493,38.0,59432960
2026-04-24T21:30:09.718008+00:00,recovery_scenario,iperf_tcp,10,1,,twin_core,361501,0.0,66433024
2026-04-24T21:30:09.718008+00:00,recovery_scenario,iperf_tcp,10,1,,ryu_controller,361493,59.4,59437056
2026-04-24T21:30:09.818396+00:00,recovery_scenario,iperf_tcp,10,1,,twin_core,361501,0.0,66433024
2026-04-24T21:30:09.818396+00:00,recovery_scenario,iperf_tcp,10,1,,ryu_controller,361493,69.5,59437056
2026-04-24T21:30:09.920464+00:00,recovery_scenario,iperf_tcp,10,1,,twin_core,361501,0.0,66433024
2026-04-24T21:30:09.920464+00:00,recovery_scenario,iperf_tcp,10,1,,ryu_controller,361493,49.1,59453440
2026-04-24T21:30:10.023048+00:00,recovery_scenario,iperf_tcp,10,1,,twin_core,361501,0.0,66433024
2026-04-24T21:30:10.023048+00:00,recovery_scenario,iperf_tcp,10,1,,ryu_controller,361493,39.0,59453440
2026-04-24T21:30:10.123421+00:00,recovery_scenario,iperf_tcp,10,1,,twin_core,361501,0.0,66433024
2026-04-24T21:30:10.123421+00:00,recovery_scenario,iperf_tcp,10,1,,ryu_controller,361493,49.8,59453440
2026-04-24T21:30:10.224021+00:00,recovery_scenario,iperf_tcp,10,1,,twin_core,361501,0.0,66433024
2026-04-24T21:30:10.224021+00:00,recovery_scenario,iperf_tcp,10,1,,ryu_controller,361493,29.8,59453440
2026-04-24T21:30:10.324725+00:00,recovery_scenario,iperf_tcp,10,1,,twin_core,361501,0.0,66433024
2026-04-24T21:30:10.324725+00:00,recovery_scenario,iperf_tcp,10,1,,ryu_controller,361493,39.7,59453440
2026-04-24T21:30:10.426525+00:00,recovery_scenario,iperf_tcp,10,1,,twin_core,361501,0.0,66433024
2026-04-24T21:30:10.426525+00:00,recovery_scenario,iperf_tcp,10,1,,ryu_controller,361493,49.1,59453440
2026-04-24T21:30:10.528192+00:00,recovery_scenario,iperf_tcp,10,1,,twin_core,361501,0.0,66433024
2026-04-24T21:30:10.528192+00:00,recovery_scenario,iperf_tcp,10,1,,ryu_controller,361493,49.0,59453440
2026-04-24T21:30:10.631331+00:00,recovery_scenario,iperf_tcp,10,1,,twin_core,361501,9.7,66433024
2026-04-24T21:30:10.631331+00:00,recovery_scenario,iperf_tcp,10,1,,ryu_controller,361493,29.2,59453440
2026-04-24T21:30:10.733104+00:00,recovery_scenario,iperf_tcp,10,1,,twin_core,361501,0.0,66433024
2026-04-24T21:30:10.733104+00:00,recovery_scenario,iperf_tcp,10,1,,ryu_controller,361493,49.1,59453440
2026-04-24T21:30:10.835778+00:00,recovery_scenario,iperf_tcp,10,1,,twin_core,361501,0.0,66433024
2026-04-24T21:30:10.835778+00:00,recovery_scenario,iperf_tcp,10,1,,ryu_controller,361493,39.0,59453440
2026-04-24T21:30:10.936251+00:00,recovery_scenario,iperf_tcp,10,1,,twin_core,361501,0.0,66433024
2026-04-24T21:30:10.936251+00:00,recovery_scenario,iperf_tcp,10,1,,ryu_controller,361493,49.2,59453440
2026-04-24T21:30:11.037788+00:00,recovery_scenario,iperf_tcp,10,1,,twin_core,361501,0.0,66433024
2026-04-24T21:30:11.037788+00:00,recovery_scenario,iperf_tcp,10,1,,ryu_controller,361493,39.8,59453440
2026-04-24T21:30:11.138151+00:00,recovery_scenario,iperf_tcp,10,1,,twin_core,361501,0.0,66433024
2026-04-24T21:30:11.138151+00:00,recovery_scenario,iperf_tcp,10,1,,ryu_controller,361493,49.2,59453440
2026-04-24T21:30:11.242894+00:00,recovery_scenario,iperf_tcp,10,1,,twin_core,361501,0.0,66433024
2026-04-24T21:30:11.242894+00:00,recovery_scenario,iperf_tcp,10,1,,ryu_controller,361493,38.6,59457536
2026-04-24T21:30:11.343302+00:00,recovery_scenario,iperf_tcp,10,1,,twin_core,361501,0.0,66433024
2026-04-24T21:30:11.343302+00:00,recovery_scenario,iperf_tcp,10,1,,ryu_controller,361493,29.9,59457536
2026-04-24T21:30:11.443808+00:00,recovery_scenario,iperf_tcp,10,1,,twin_core,361501,0.0,66433024
2026-04-24T21:30:11.443808+00:00,recovery_scenario,iperf_tcp,10,1,,ryu_controller,361493,29.9,59457536
2026-04-24T21:30:11.544197+00:00,recovery_scenario,iperf_tcp,10,1,,twin_core,361501,0.0,66433024
2026-04-24T21:30:11.544197+00:00,recovery_scenario,iperf_tcp,10,1,,ryu_controller,361493,29.9,59457536
2026-04-24T21:30:11.644603+00:00,recovery_scenario,iperf_tcp,10,1,,twin_core,361501,0.0,66433024
2026-04-24T21:30:11.644603+00:00,recovery_scenario,iperf_tcp,10,1,,ryu_controller,361493,39.8,59457536
2026-04-24T21:30:11.747345+00:00,recovery_scenario,iperf_tcp,10,1,,twin_core,361501,9.7,66445312
2026-04-24T21:30:11.747345+00:00,recovery_scenario,iperf_tcp,10,1,,ryu_controller,361493,19.5,59457536
2026-04-24T21:30:11.847823+00:00,recovery_scenario,iperf_tcp,10,1,,twin_core,361501,0.0,66445312
2026-04-24T21:30:11.847823+00:00,recovery_scenario,iperf_tcp,10,1,,ryu_controller,361493,10.0,59457536
2026-04-24T21:30:11.949206+00:00,recovery_scenario,iperf_tcp,10,1,,twin_core,361501,19.7,66445312
2026-04-24T21:30:11.949206+00:00,recovery_scenario,iperf_tcp,10,1,,ryu_controller,361493,39.5,59457536
2026-04-24T21:30:11.984889+00:00,recovery_scenario,iperf_tcp,10,1,scenario_teardown,,,,
2026-04-24T21:30:12.049858+00:00,recovery_scenario,iperf_tcp,10,1,,twin_core,361501,0.0,66449408
2026-04-24T21:30:12.049858+00:00,recovery_scenario,iperf_tcp,10,1,,ryu_controller,361493,29.7,59457536
2026-04-24T21:30:12.150753+00:00,recovery_scenario,iperf_tcp,10,1,,twin_core,361501,9.9,66449408
2026-04-24T21:30:12.150753+00:00,recovery_scenario,iperf_tcp,10,1,,ryu_controller,361493,10.0,59457536
2026-04-24T21:30:12.251205+00:00,recovery_scenario,iperf_tcp,10,1,,twin_core,361501,0.0,66449408
2026-04-24T21:30:12.251205+00:00,recovery_scenario,iperf_tcp,10,1,,ryu_controller,361493,9.9,59457536
2026-04-24T21:30:12.354913+00:00,recovery_scenario,iperf_tcp,10,1,,twin_core,361501,0.0,66449408
2026-04-24T21:30:12.354913+00:00,recovery_scenario,iperf_tcp,10,1,,ryu_controller,361493,0.0,59457536
2026-04-24T21:30:12.460207+00:00,recovery_scenario,iperf_tcp,10,1,,twin_core,361501,9.5,66449408
2026-04-24T21:30:12.460207+00:00,recovery_scenario,iperf_tcp,10,1,,ryu_controller,361493,9.5,59457536
2026-04-24T21:30:12.564524+00:00,recovery_scenario,iperf_tcp,10,1,,twin_core,361501,0.0,66449408
2026-04-24T21:30:12.564524+00:00,recovery_scenario,iperf_tcp,10,1,,ryu_controller,361493,0.0,59457536
2026-04-24T21:30:12.669231+00:00,recovery_scenario,iperf_tcp,10,1,,twin_core,361501,0.0,66449408
2026-04-24T21:30:12.669231+00:00,recovery_scenario,iperf_tcp,10,1,,ryu_controller,361493,0.0,59457536
2026-04-24T21:30:12.769885+00:00,recovery_scenario,iperf_tcp,10,1,,twin_core,361501,0.0,66449408
2026-04-24T21:30:12.769885+00:00,recovery_scenario,iperf_tcp,10,1,,ryu_controller,361493,9.9,59457536
2026-04-24T21:30:13.352801+00:00,recovery_scenario,iperf_tcp,10,2,,twin_core,361501,0.0,66473984
2026-04-24T21:30:13.352801+00:00,recovery_scenario,iperf_tcp,10,2,,ryu_controller,361493,0.0,59457536
2026-04-24T21:30:13.454435+00:00,recovery_scenario,iperf_tcp,10,2,,twin_core,361501,0.0,66478080
2026-04-24T21:30:13.454435+00:00,recovery_scenario,iperf_tcp,10,2,,ryu_controller,361493,0.0,59457536
2026-04-24T21:30:13.554924+00:00,recovery_scenario,iperf_tcp,10,2,,twin_core,361501,10.0,66478080
2026-04-24T21:30:13.554924+00:00,recovery_scenario,iperf_tcp,10,2,,ryu_controller,361493,19.9,59457536
2026-04-24T21:30:13.655481+00:00,recovery_scenario,iperf_tcp,10,2,,twin_core,361501,0.0,66478080
2026-04-24T21:30:13.655481+00:00,recovery_scenario,iperf_tcp,10,2,,ryu_controller,361493,39.7,59457536
2026-04-24T21:30:13.742459+00:00,recovery_scenario,iperf_tcp,10,2,service_started,,,,
2026-04-24T21:30:13.755990+00:00,recovery_scenario,iperf_tcp,10,2,,twin_core,361501,10.0,66478080
2026-04-24T21:30:13.755990+00:00,recovery_scenario,iperf_tcp,10,2,,ryu_controller,361493,59.7,59457536
2026-04-24T21:30:13.856521+00:00,recovery_scenario,iperf_tcp,10,2,,twin_core,361501,9.9,66490368
2026-04-24T21:30:13.856521+00:00,recovery_scenario,iperf_tcp,10,2,,ryu_controller,361493,39.8,59461632
2026-04-24T21:30:13.957491+00:00,recovery_scenario,iperf_tcp,10,2,,twin_core,361501,0.0,66490368
2026-04-24T21:30:13.957491+00:00,recovery_scenario,iperf_tcp,10,2,,ryu_controller,361493,9.9,59461632
2026-04-24T21:30:14.058012+00:00,recovery_scenario,iperf_tcp,10,2,,twin_core,361501,0.0,66490368
2026-04-24T21:30:14.058012+00:00,recovery_scenario,iperf_tcp,10,2,,ryu_controller,361493,19.9,59461632
2026-04-24T21:30:14.160042+00:00,recovery_scenario,iperf_tcp,10,2,,twin_core,361501,0.0,66490368
2026-04-24T21:30:14.160042+00:00,recovery_scenario,iperf_tcp,10,2,,ryu_controller,361493,29.4,59461632
2026-04-24T21:30:14.260503+00:00,recovery_scenario,iperf_tcp,10,2,,twin_core,361501,0.0,66490368
2026-04-24T21:30:14.260503+00:00,recovery_scenario,iperf_tcp,10,2,,ryu_controller,361493,19.9,59461632
2026-04-24T21:30:14.361050+00:00,recovery_scenario,iperf_tcp,10,2,,twin_core,361501,0.0,66490368
2026-04-24T21:30:14.361050+00:00,recovery_scenario,iperf_tcp,10,2,,ryu_controller,361493,10.0,59461632
2026-04-24T21:30:14.463494+00:00,recovery_scenario,iperf_tcp,10,2,,twin_core,361501,0.0,66490368
2026-04-24T21:30:14.463494+00:00,recovery_scenario,iperf_tcp,10,2,,ryu_controller,361493,9.8,59461632
2026-04-24T21:30:14.564212+00:00,recovery_scenario,iperf_tcp,10,2,,twin_core,361501,0.0,66490368
2026-04-24T21:30:14.564212+00:00,recovery_scenario,iperf_tcp,10,2,,ryu_controller,361493,19.8,59461632
2026-04-24T21:30:14.666578+00:00,recovery_scenario,iperf_tcp,10,2,,twin_core,361501,0.0,66490368
2026-04-24T21:30:14.666578+00:00,recovery_scenario,iperf_tcp,10,2,,ryu_controller,361493,19.6,59461632
2026-04-24T21:30:14.767073+00:00,recovery_scenario,iperf_tcp,10,2,,twin_core,361501,0.0,66490368
2026-04-24T21:30:14.767073+00:00,recovery_scenario,iperf_tcp,10,2,,ryu_controller,361493,19.9,59461632
2026-04-24T21:30:14.867476+00:00,recovery_scenario,iperf_tcp,10,2,,twin_core,361501,0.0,66490368
2026-04-24T21:30:14.867476+00:00,recovery_scenario,iperf_tcp,10,2,,ryu_controller,361493,19.9,59461632
2026-04-24T21:30:14.967931+00:00,recovery_scenario,iperf_tcp,10,2,,twin_core,361501,9.9,66490368
2026-04-24T21:30:14.967931+00:00,recovery_scenario,iperf_tcp,10,2,,ryu_controller,361493,19.9,59461632
2026-04-24T21:30:15.068494+00:00,recovery_scenario,iperf_tcp,10,2,,twin_core,361501,0.0,66490368
2026-04-24T21:30:15.068494+00:00,recovery_scenario,iperf_tcp,10,2,,ryu_controller,361493,9.9,59465728
2026-04-24T21:30:15.169077+00:00,recovery_scenario,iperf_tcp,10,2,,twin_core,361501,0.0,66490368
2026-04-24T21:30:15.169077+00:00,recovery_scenario,iperf_tcp,10,2,,ryu_controller,361493,39.8,59469824
2026-04-24T21:30:15.269481+00:00,recovery_scenario,iperf_tcp,10,2,,twin_core,361501,0.0,66490368
2026-04-24T21:30:15.269481+00:00,recovery_scenario,iperf_tcp,10,2,,ryu_controller,361493,19.9,59469824
2026-04-24T21:30:15.370042+00:00,recovery_scenario,iperf_tcp,10,2,,twin_core,361501,0.0,66490368
2026-04-24T21:30:15.370042+00:00,recovery_scenario,iperf_tcp,10,2,,ryu_controller,361493,10.0,59469824
2026-04-24T21:30:15.470823+00:00,recovery_scenario,iperf_tcp,10,2,,twin_core,361501,9.9,66490368
2026-04-24T21:30:15.470823+00:00,recovery_scenario,iperf_tcp,10,2,,ryu_controller,361493,9.9,59469824
2026-04-24T21:30:15.572024+00:00,recovery_scenario,iperf_tcp,10,2,,twin_core,361501,0.0,66490368
2026-04-24T21:30:15.572024+00:00,recovery_scenario,iperf_tcp,10,2,,ryu_controller,361493,9.9,59469824
2026-04-24T21:30:15.672609+00:00,recovery_scenario,iperf_tcp,10,2,,twin_core,361501,0.0,66490368
2026-04-24T21:30:15.672609+00:00,recovery_scenario,iperf_tcp,10,2,,ryu_controller,361493,9.9,59469824
2026-04-24T21:30:15.773144+00:00,recovery_scenario,iperf_tcp,10,2,,twin_core,361501,0.0,66490368
2026-04-24T21:30:15.773144+00:00,recovery_scenario,iperf_tcp,10,2,,ryu_controller,361493,0.0,59469824
2026-04-24T21:30:15.873596+00:00,recovery_scenario,iperf_tcp,10,2,,twin_core,361501,10.0,66510848
2026-04-24T21:30:15.873596+00:00,recovery_scenario,iperf_tcp,10,2,,ryu_controller,361493,79.6,59498496
2026-04-24T21:30:15.974047+00:00,recovery_scenario,iperf_tcp,10,2,,twin_core,361501,0.0,66510848
2026-04-24T21:30:15.974047+00:00,recovery_scenario,iperf_tcp,10,2,,ryu_controller,361493,19.9,59498496
2026-04-24T21:30:16.074457+00:00,recovery_scenario,iperf_tcp,10,2,,twin_core,361501,0.0,66510848
2026-04-24T21:30:16.074457+00:00,recovery_scenario,iperf_tcp,10,2,,ryu_controller,361493,9.9,59498496
2026-04-24T21:30:16.175165+00:00,recovery_scenario,iperf_tcp,10,2,,twin_core,361501,0.0,66510848
2026-04-24T21:30:16.175165+00:00,recovery_scenario,iperf_tcp,10,2,,ryu_controller,361493,9.9,59498496
2026-04-24T21:30:16.275654+00:00,recovery_scenario,iperf_tcp,10,2,,twin_core,361501,0.0,66510848
2026-04-24T21:30:16.275654+00:00,recovery_scenario,iperf_tcp,10,2,,ryu_controller,361493,9.9,59498496
2026-04-24T21:30:16.379033+00:00,recovery_scenario,iperf_tcp,10,2,,twin_core,361501,0.0,66510848
2026-04-24T21:30:16.379033+00:00,recovery_scenario,iperf_tcp,10,2,,ryu_controller,361493,9.7,59498496
2026-04-24T21:30:16.480518+00:00,recovery_scenario,iperf_tcp,10,2,,twin_core,361501,0.0,66510848
2026-04-24T21:30:16.480518+00:00,recovery_scenario,iperf_tcp,10,2,,ryu_controller,361493,0.0,59498496
2026-04-24T21:30:16.581278+00:00,recovery_scenario,iperf_tcp,10,2,,twin_core,361501,0.0,66510848
2026-04-24T21:30:16.581278+00:00,recovery_scenario,iperf_tcp,10,2,,ryu_controller,361493,19.9,59498496
2026-04-24T21:30:16.681821+00:00,recovery_scenario,iperf_tcp,10,2,,twin_core,361501,0.0,66510848
2026-04-24T21:30:16.681821+00:00,recovery_scenario,iperf_tcp,10,2,,ryu_controller,361493,9.9,59498496
2026-04-24T21:30:16.782250+00:00,recovery_scenario,iperf_tcp,10,2,,twin_core,361501,0.0,66510848
2026-04-24T21:30:16.782250+00:00,recovery_scenario,iperf_tcp,10,2,,ryu_controller,361493,10.0,59498496
2026-04-24T21:30:16.882767+00:00,recovery_scenario,iperf_tcp,10,2,,twin_core,361501,0.0,66510848
2026-04-24T21:30:16.882767+00:00,recovery_scenario,iperf_tcp,10,2,,ryu_controller,361493,0.0,59498496
2026-04-24T21:30:16.985486+00:00,recovery_scenario,iperf_tcp,10,2,,twin_core,361501,0.0,66510848
2026-04-24T21:30:16.985486+00:00,recovery_scenario,iperf_tcp,10,2,,ryu_controller,361493,9.7,59498496
2026-04-24T21:30:17.086097+00:00,recovery_scenario,iperf_tcp,10,2,,twin_core,361501,9.9,66510848
2026-04-24T21:30:17.086097+00:00,recovery_scenario,iperf_tcp,10,2,,ryu_controller,361493,10.0,59498496
2026-04-24T21:30:17.186484+00:00,recovery_scenario,iperf_tcp,10,2,,twin_core,361501,0.0,66510848
2026-04-24T21:30:17.186484+00:00,recovery_scenario,iperf_tcp,10,2,,ryu_controller,361493,10.0,59498496
2026-04-24T21:30:17.286917+00:00,recovery_scenario,iperf_tcp,10,2,,twin_core,361501,0.0,66510848
2026-04-24T21:30:17.286917+00:00,recovery_scenario,iperf_tcp,10,2,,ryu_controller,361493,19.9,59498496
2026-04-24T21:30:17.387294+00:00,recovery_scenario,iperf_tcp,10,2,,twin_core,361501,0.0,66510848
2026-04-24T21:30:17.387294+00:00,recovery_scenario,iperf_tcp,10,2,,ryu_controller,361493,10.0,59498496
2026-04-24T21:30:17.488577+00:00,recovery_scenario,iperf_tcp,10,2,,twin_core,361501,0.0,66510848
2026-04-24T21:30:17.488577+00:00,recovery_scenario,iperf_tcp,10,2,,ryu_controller,361493,0.0,59498496
2026-04-24T21:30:17.589238+00:00,recovery_scenario,iperf_tcp,10,2,,twin_core,361501,0.0,66510848
2026-04-24T21:30:17.589238+00:00,recovery_scenario,iperf_tcp,10,2,,ryu_controller,361493,10.0,59498496
2026-04-24T21:30:17.689673+00:00,recovery_scenario,iperf_tcp,10,2,,twin_core,361501,0.0,66510848
2026-04-24T21:30:17.689673+00:00,recovery_scenario,iperf_tcp,10,2,,ryu_controller,361493,9.9,59498496
2026-04-24T21:30:17.790257+00:00,recovery_scenario,iperf_tcp,10,2,,twin_core,361501,0.0,66510848
2026-04-24T21:30:17.790257+00:00,recovery_scenario,iperf_tcp,10,2,,ryu_controller,361493,10.0,59498496
2026-04-24T21:30:17.890681+00:00,recovery_scenario,iperf_tcp,10,2,,twin_core,361501,10.0,66510848
2026-04-24T21:30:17.890681+00:00,recovery_scenario,iperf_tcp,10,2,,ryu_controller,361493,59.8,59502592
2026-04-24T21:30:17.991096+00:00,recovery_scenario,iperf_tcp,10,2,,twin_core,361501,10.0,66560000
2026-04-24T21:30:17.991096+00:00,recovery_scenario,iperf_tcp,10,2,,ryu_controller,361493,79.7,59568128
2026-04-24T21:30:18.091476+00:00,recovery_scenario,iperf_tcp,10,2,,twin_core,361501,0.0,66560000
2026-04-24T21:30:18.091476+00:00,recovery_scenario,iperf_tcp,10,2,,ryu_controller,361493,10.0,59568128
2026-04-24T21:30:18.192076+00:00,recovery_scenario,iperf_tcp,10,2,,twin_core,361501,0.0,66560000
2026-04-24T21:30:18.192076+00:00,recovery_scenario,iperf_tcp,10,2,,ryu_controller,361493,9.9,59568128
2026-04-24T21:30:18.292584+00:00,recovery_scenario,iperf_tcp,10,2,,twin_core,361501,0.0,66560000
2026-04-24T21:30:18.292584+00:00,recovery_scenario,iperf_tcp,10,2,,ryu_controller,361493,0.0,59568128
2026-04-24T21:30:18.393065+00:00,recovery_scenario,iperf_tcp,10,2,,twin_core,361501,10.0,66560000
2026-04-24T21:30:18.393065+00:00,recovery_scenario,iperf_tcp,10,2,,ryu_controller,361493,9.9,59568128
2026-04-24T21:30:18.495785+00:00,recovery_scenario,iperf_tcp,10,2,,twin_core,361501,0.0,66560000
2026-04-24T21:30:18.495785+00:00,recovery_scenario,iperf_tcp,10,2,,ryu_controller,361493,9.7,59568128
2026-04-24T21:30:18.596628+00:00,recovery_scenario,iperf_tcp,10,2,,twin_core,361501,0.0,66560000
2026-04-24T21:30:18.596628+00:00,recovery_scenario,iperf_tcp,10,2,,ryu_controller,361493,19.9,59568128
2026-04-24T21:30:18.698214+00:00,recovery_scenario,iperf_tcp,10,2,,twin_core,361501,0.0,66560000
2026-04-24T21:30:18.698214+00:00,recovery_scenario,iperf_tcp,10,2,,ryu_controller,361493,9.8,59568128
2026-04-24T21:30:18.798672+00:00,recovery_scenario,iperf_tcp,10,2,,twin_core,361501,0.0,66560000
2026-04-24T21:30:18.798672+00:00,recovery_scenario,iperf_tcp,10,2,,ryu_controller,361493,10.0,59568128
2026-04-24T21:30:18.899154+00:00,recovery_scenario,iperf_tcp,10,2,,twin_core,361501,0.0,66560000
2026-04-24T21:30:18.899154+00:00,recovery_scenario,iperf_tcp,10,2,,ryu_controller,361493,10.0,59568128
2026-04-24T21:30:19.000070+00:00,recovery_scenario,iperf_tcp,10,2,,twin_core,361501,0.0,66560000
2026-04-24T21:30:19.000070+00:00,recovery_scenario,iperf_tcp,10,2,,ryu_controller,361493,9.9,59568128
2026-04-24T21:30:19.101183+00:00,recovery_scenario,iperf_tcp,10,2,,twin_core,361501,0.0,66560000
2026-04-24T21:30:19.101183+00:00,recovery_scenario,iperf_tcp,10,2,,ryu_controller,361493,9.9,59568128
2026-04-24T21:30:19.201584+00:00,recovery_scenario,iperf_tcp,10,2,,twin_core,361501,0.0,66560000
2026-04-24T21:30:19.201584+00:00,recovery_scenario,iperf_tcp,10,2,,ryu_controller,361493,19.9,59568128
2026-04-24T21:30:19.303206+00:00,recovery_scenario,iperf_tcp,10,2,,twin_core,361501,0.0,66560000
2026-04-24T21:30:19.303206+00:00,recovery_scenario,iperf_tcp,10,2,,ryu_controller,361493,0.0,59568128
2026-04-24T21:30:19.403686+00:00,recovery_scenario,iperf_tcp,10,2,,twin_core,361501,0.0,66560000
2026-04-24T21:30:19.403686+00:00,recovery_scenario,iperf_tcp,10,2,,ryu_controller,361493,9.9,59568128
2026-04-24T21:30:19.502168+00:00,recovery_scenario,iperf_tcp,10,2,pingall_completed,,,,
2026-04-24T21:30:19.505321+00:00,recovery_scenario,iperf_tcp,10,2,,twin_core,361501,9.9,66560000
2026-04-24T21:30:19.505321+00:00,recovery_scenario,iperf_tcp,10,2,,ryu_controller,361493,0.0,59568128
2026-04-24T21:30:19.606914+00:00,recovery_scenario,iperf_tcp,10,2,,twin_core,361501,0.0,66560000
2026-04-24T21:30:19.606914+00:00,recovery_scenario,iperf_tcp,10,2,,ryu_controller,361493,0.0,59568128
2026-04-24T21:30:19.707343+00:00,recovery_scenario,iperf_tcp,10,2,,twin_core,361501,0.0,66560000
2026-04-24T21:30:19.707343+00:00,recovery_scenario,iperf_tcp,10,2,,ryu_controller,361493,19.9,59568128
2026-04-24T21:30:19.807776+00:00,recovery_scenario,iperf_tcp,10,2,,twin_core,361501,0.0,66560000
2026-04-24T21:30:19.807776+00:00,recovery_scenario,iperf_tcp,10,2,,ryu_controller,361493,0.0,59568128
2026-04-24T21:30:19.910388+00:00,recovery_scenario,iperf_tcp,10,2,,twin_core,361501,0.0,66560000
2026-04-24T21:30:19.910388+00:00,recovery_scenario,iperf_tcp,10,2,,ryu_controller,361493,0.0,59568128
2026-04-24T21:30:20.011746+00:00,recovery_scenario,iperf_tcp,10,2,,twin_core,361501,0.0,66560000
2026-04-24T21:30:20.011746+00:00,recovery_scenario,iperf_tcp,10,2,,ryu_controller,361493,69.2,59568128
2026-04-24T21:30:20.112603+00:00,recovery_scenario,iperf_tcp,10,2,,twin_core,361501,19.8,66629632
2026-04-24T21:30:20.112603+00:00,recovery_scenario,iperf_tcp,10,2,,ryu_controller,361493,79.1,59772928
2026-04-24T21:30:20.215681+00:00,recovery_scenario,iperf_tcp,10,2,,twin_core,361501,0.0,66629632
2026-04-24T21:30:20.215681+00:00,recovery_scenario,iperf_tcp,10,2,,ryu_controller,361493,0.0,59772928
2026-04-24T21:30:20.321070+00:00,recovery_scenario,iperf_tcp,10,2,,twin_core,361501,0.0,66629632
2026-04-24T21:30:20.321070+00:00,recovery_scenario,iperf_tcp,10,2,,ryu_controller,361493,0.0,59772928
2026-04-24T21:30:20.426361+00:00,recovery_scenario,iperf_tcp,10,2,,twin_core,361501,0.0,66629632
2026-04-24T21:30:20.426361+00:00,recovery_scenario,iperf_tcp,10,2,,ryu_controller,361493,0.0,59772928
2026-04-24T21:30:20.527211+00:00,recovery_scenario,iperf_tcp,10,2,,twin_core,361501,0.0,66629632
2026-04-24T21:30:20.527211+00:00,recovery_scenario,iperf_tcp,10,2,,ryu_controller,361493,19.9,59772928
2026-04-24T21:30:20.628307+00:00,recovery_scenario,iperf_tcp,10,2,,twin_core,361501,0.0,66629632
2026-04-24T21:30:20.628307+00:00,recovery_scenario,iperf_tcp,10,2,,ryu_controller,361493,0.0,59772928
2026-04-24T21:30:20.728881+00:00,recovery_scenario,iperf_tcp,10,2,,twin_core,361501,0.0,66629632
2026-04-24T21:30:20.728881+00:00,recovery_scenario,iperf_tcp,10,2,,ryu_controller,361493,0.0,59772928
2026-04-24T21:30:20.830481+00:00,recovery_scenario,iperf_tcp,10,2,,twin_core,361501,0.0,66629632
2026-04-24T21:30:20.830481+00:00,recovery_scenario,iperf_tcp,10,2,,ryu_controller,361493,0.0,59772928
2026-04-24T21:30:20.931166+00:00,recovery_scenario,iperf_tcp,10,2,,twin_core,361501,0.0,66629632
2026-04-24T21:30:20.931166+00:00,recovery_scenario,iperf_tcp,10,2,,ryu_controller,361493,0.0,59772928
2026-04-24T21:30:21.032648+00:00,recovery_scenario,iperf_tcp,10,2,,twin_core,361501,0.0,66629632
2026-04-24T21:30:21.032648+00:00,recovery_scenario,iperf_tcp,10,2,,ryu_controller,361493,0.0,59772928
2026-04-24T21:30:21.133936+00:00,recovery_scenario,iperf_tcp,10,2,,twin_core,361501,0.0,66629632
2026-04-24T21:30:21.133936+00:00,recovery_scenario,iperf_tcp,10,2,,ryu_controller,361493,0.0,59772928
2026-04-24T21:30:21.235515+00:00,recovery_scenario,iperf_tcp,10,2,,twin_core,361501,9.8,66629632
2026-04-24T21:30:21.235515+00:00,recovery_scenario,iperf_tcp,10,2,,ryu_controller,361493,9.8,59772928
2026-04-24T21:30:21.337255+00:00,recovery_scenario,iperf_tcp,10,2,,twin_core,361501,0.0,66629632
2026-04-24T21:30:21.337255+00:00,recovery_scenario,iperf_tcp,10,2,,ryu_controller,361493,0.0,59772928
2026-04-24T21:30:21.438522+00:00,recovery_scenario,iperf_tcp,10,2,,twin_core,361501,0.0,66629632
2026-04-24T21:30:21.438522+00:00,recovery_scenario,iperf_tcp,10,2,,ryu_controller,361493,0.0,59772928
2026-04-24T21:30:21.520312+00:00,recovery_scenario,iperf_tcp,10,2,background_traffic_started,,,,
2026-04-24T21:30:21.540482+00:00,recovery_scenario,iperf_tcp,10,2,,twin_core,361501,0.0,66637824
2026-04-24T21:30:21.540482+00:00,recovery_scenario,iperf_tcp,10,2,,ryu_controller,361493,0.0,59772928
2026-04-24T21:30:21.642240+00:00,recovery_scenario,iperf_tcp,10,2,,twin_core,361501,0.0,66637824
2026-04-24T21:30:21.642240+00:00,recovery_scenario,iperf_tcp,10,2,,ryu_controller,361493,39.4,59777024
2026-04-24T21:30:21.743245+00:00,recovery_scenario,iperf_tcp,10,2,,twin_core,361501,9.9,66637824
2026-04-24T21:30:21.743245+00:00,recovery_scenario,iperf_tcp,10,2,,ryu_controller,361493,29.7,59781120
2026-04-24T21:30:21.770346+00:00,recovery_scenario,iperf_tcp,10,2,fault_injected,,,,
2026-04-24T21:30:21.845490+00:00,recovery_scenario,iperf_tcp,10,2,,twin_core,361501,0.0,66670592
2026-04-24T21:30:21.845490+00:00,recovery_scenario,iperf_tcp,10,2,,ryu_controller,361493,48.8,59797504
2026-04-24T21:30:21.948478+00:00,recovery_scenario,iperf_tcp,10,2,,twin_core,361501,0.0,66670592
2026-04-24T21:30:21.948478+00:00,recovery_scenario,iperf_tcp,10,2,,ryu_controller,361493,48.6,59826176
2026-04-24T21:30:22.049003+00:00,recovery_scenario,iperf_tcp,10,2,,twin_core,361501,0.0,66670592
2026-04-24T21:30:22.049003+00:00,recovery_scenario,iperf_tcp,10,2,,ryu_controller,361493,69.7,59854848
2026-04-24T21:30:22.150488+00:00,recovery_scenario,iperf_tcp,10,2,,twin_core,361501,9.9,66670592
2026-04-24T21:30:22.150488+00:00,recovery_scenario,iperf_tcp,10,2,,ryu_controller,361493,69.0,59912192
2026-04-24T21:30:22.251100+00:00,recovery_scenario,iperf_tcp,10,2,,twin_core,361501,0.0,66670592
2026-04-24T21:30:22.251100+00:00,recovery_scenario,iperf_tcp,10,2,,ryu_controller,361493,99.4,59924480
2026-04-24T21:30:22.352793+00:00,recovery_scenario,iperf_tcp,10,2,,twin_core,361501,0.0,66670592
2026-04-24T21:30:22.352793+00:00,recovery_scenario,iperf_tcp,10,2,,ryu_controller,361493,98.3,59932672
2026-04-24T21:30:22.453172+00:00,recovery_scenario,iperf_tcp,10,2,,twin_core,361501,0.0,66670592
2026-04-24T21:30:22.453172+00:00,recovery_scenario,iperf_tcp,10,2,,ryu_controller,361493,89.7,59932672
2026-04-24T21:30:22.553510+00:00,recovery_scenario,iperf_tcp,10,2,,twin_core,361501,0.0,66670592
2026-04-24T21:30:22.553510+00:00,recovery_scenario,iperf_tcp,10,2,,ryu_controller,361493,109.5,59932672
2026-04-24T21:30:22.655790+00:00,recovery_scenario,iperf_tcp,10,2,,twin_core,361501,0.0,66670592
2026-04-24T21:30:22.655790+00:00,recovery_scenario,iperf_tcp,10,2,,ryu_controller,361493,97.7,59932672
2026-04-24T21:30:22.756383+00:00,recovery_scenario,iperf_tcp,10,2,,twin_core,361501,0.0,66670592
2026-04-24T21:30:22.756383+00:00,recovery_scenario,iperf_tcp,10,2,,ryu_controller,361493,79.7,59932672
2026-04-24T21:30:22.856765+00:00,recovery_scenario,iperf_tcp,10,2,,twin_core,361501,0.0,66670592
2026-04-24T21:30:22.856765+00:00,recovery_scenario,iperf_tcp,10,2,,ryu_controller,361493,69.7,59932672
2026-04-24T21:30:22.957167+00:00,recovery_scenario,iperf_tcp,10,2,,twin_core,361501,0.0,66670592
2026-04-24T21:30:22.957167+00:00,recovery_scenario,iperf_tcp,10,2,,ryu_controller,361493,69.7,59932672
2026-04-24T21:30:23.057962+00:00,recovery_scenario,iperf_tcp,10,2,,twin_core,361501,0.0,66670592
2026-04-24T21:30:23.057962+00:00,recovery_scenario,iperf_tcp,10,2,,ryu_controller,361493,39.7,59932672
2026-04-24T21:30:23.159943+00:00,recovery_scenario,iperf_tcp,10,2,,twin_core,361501,0.0,66670592
2026-04-24T21:30:23.159943+00:00,recovery_scenario,iperf_tcp,10,2,,ryu_controller,361493,49.1,59932672
2026-04-24T21:30:23.260780+00:00,recovery_scenario,iperf_tcp,10,2,,twin_core,361501,0.0,66670592
2026-04-24T21:30:23.260780+00:00,recovery_scenario,iperf_tcp,10,2,,ryu_controller,361493,69.4,59932672
2026-04-24T21:30:23.361160+00:00,recovery_scenario,iperf_tcp,10,2,,twin_core,361501,10.0,66670592
2026-04-24T21:30:23.361160+00:00,recovery_scenario,iperf_tcp,10,2,,ryu_controller,361493,38.9,59932672
2026-04-24T21:30:23.466244+00:00,recovery_scenario,iperf_tcp,10,2,,twin_core,361501,0.0,66670592
2026-04-24T21:30:23.466244+00:00,recovery_scenario,iperf_tcp,10,2,,ryu_controller,361493,48.7,59932672
2026-04-24T21:30:23.566876+00:00,recovery_scenario,iperf_tcp,10,2,,twin_core,361501,0.0,66670592
2026-04-24T21:30:23.566876+00:00,recovery_scenario,iperf_tcp,10,2,,ryu_controller,361493,39.8,59932672
2026-04-24T21:30:23.667234+00:00,recovery_scenario,iperf_tcp,10,2,,twin_core,361501,0.0,66670592
2026-04-24T21:30:23.667234+00:00,recovery_scenario,iperf_tcp,10,2,,ryu_controller,361493,29.9,59932672
2026-04-24T21:30:23.768239+00:00,recovery_scenario,iperf_tcp,10,2,,twin_core,361501,0.0,66670592
2026-04-24T21:30:23.768239+00:00,recovery_scenario,iperf_tcp,10,2,,ryu_controller,361493,39.6,59932672
2026-04-24T21:30:23.870249+00:00,recovery_scenario,iperf_tcp,10,2,,twin_core,361501,0.0,66670592
2026-04-24T21:30:23.870249+00:00,recovery_scenario,iperf_tcp,10,2,,ryu_controller,361493,58.8,59932672
2026-04-24T21:30:23.971235+00:00,recovery_scenario,iperf_tcp,10,2,,twin_core,361501,0.0,66670592
2026-04-24T21:30:23.971235+00:00,recovery_scenario,iperf_tcp,10,2,,ryu_controller,361493,69.3,59932672
2026-04-24T21:30:24.071615+00:00,recovery_scenario,iperf_tcp,10,2,,twin_core,361501,0.0,66670592
2026-04-24T21:30:24.071615+00:00,recovery_scenario,iperf_tcp,10,2,,ryu_controller,361493,49.2,59932672
2026-04-24T21:30:24.173806+00:00,recovery_scenario,iperf_tcp,10,2,,twin_core,361501,9.9,66699264
2026-04-24T21:30:24.173806+00:00,recovery_scenario,iperf_tcp,10,2,,ryu_controller,361493,19.8,59932672
2026-04-24T21:30:24.274246+00:00,recovery_scenario,iperf_tcp,10,2,,twin_core,361501,0.0,66699264
2026-04-24T21:30:24.274246+00:00,recovery_scenario,iperf_tcp,10,2,,ryu_controller,361493,0.0,59932672
2026-04-24T21:30:24.374608+00:00,recovery_scenario,iperf_tcp,10,2,,twin_core,361501,0.0,66703360
2026-04-24T21:30:24.374608+00:00,recovery_scenario,iperf_tcp,10,2,,ryu_controller,361493,29.9,59932672
2026-04-24T21:30:24.475275+00:00,recovery_scenario,iperf_tcp,10,2,,twin_core,361501,9.9,66703360
2026-04-24T21:30:24.475275+00:00,recovery_scenario,iperf_tcp,10,2,,ryu_controller,361493,49.7,59932672
2026-04-24T21:30:24.487531+00:00,recovery_scenario,iperf_tcp,10,2,recovery_requested,,,,
2026-04-24T21:30:24.576210+00:00,recovery_scenario,iperf_tcp,10,2,,twin_core,361501,0.0,66707456
2026-04-24T21:30:24.576210+00:00,recovery_scenario,iperf_tcp,10,2,,ryu_controller,361493,19.7,59932672
2026-04-24T21:30:24.679436+00:00,recovery_scenario,iperf_tcp,10,2,,twin_core,361501,0.0,66707456
2026-04-24T21:30:24.679436+00:00,recovery_scenario,iperf_tcp,10,2,,ryu_controller,361493,19.5,59932672
2026-04-24T21:30:24.780812+00:00,recovery_scenario,iperf_tcp,10,2,,twin_core,361501,0.0,66707456
2026-04-24T21:30:24.780812+00:00,recovery_scenario,iperf_tcp,10,2,,ryu_controller,361493,29.6,59932672
2026-04-24T21:30:24.881213+00:00,recovery_scenario,iperf_tcp,10,2,,twin_core,361501,0.0,66707456
2026-04-24T21:30:24.881213+00:00,recovery_scenario,iperf_tcp,10,2,,ryu_controller,361493,19.9,59932672
2026-04-24T21:30:24.982861+00:00,recovery_scenario,iperf_tcp,10,2,,twin_core,361501,0.0,66707456
2026-04-24T21:30:24.982861+00:00,recovery_scenario,iperf_tcp,10,2,,ryu_controller,361493,39.3,59932672
2026-04-24T21:30:25.083251+00:00,recovery_scenario,iperf_tcp,10,2,,twin_core,361501,0.0,66707456
2026-04-24T21:30:25.083251+00:00,recovery_scenario,iperf_tcp,10,2,,ryu_controller,361493,39.8,59932672
2026-04-24T21:30:25.183667+00:00,recovery_scenario,iperf_tcp,10,2,,twin_core,361501,0.0,66707456
2026-04-24T21:30:25.183667+00:00,recovery_scenario,iperf_tcp,10,2,,ryu_controller,361493,39.8,59932672
2026-04-24T21:30:25.284107+00:00,recovery_scenario,iperf_tcp,10,2,,twin_core,361501,0.0,66707456
2026-04-24T21:30:25.284107+00:00,recovery_scenario,iperf_tcp,10,2,,ryu_controller,361493,59.8,59932672
2026-04-24T21:30:25.385806+00:00,recovery_scenario,iperf_tcp,10,2,,twin_core,361501,9.8,66707456
2026-04-24T21:30:25.385806+00:00,recovery_scenario,iperf_tcp,10,2,,ryu_controller,361493,59.0,59932672
2026-04-24T21:30:25.486829+00:00,recovery_scenario,iperf_tcp,10,2,,twin_core,361501,0.0,66707456
2026-04-24T21:30:25.486829+00:00,recovery_scenario,iperf_tcp,10,2,,ryu_controller,361493,69.3,59932672
2026-04-24T21:30:25.588246+00:00,recovery_scenario,iperf_tcp,10,2,,twin_core,361501,0.0,66707456
2026-04-24T21:30:25.588246+00:00,recovery_scenario,iperf_tcp,10,2,,ryu_controller,361493,69.0,59932672
2026-04-24T21:30:25.689132+00:00,recovery_scenario,iperf_tcp,10,2,,twin_core,361501,0.0,66707456
2026-04-24T21:30:25.689132+00:00,recovery_scenario,iperf_tcp,10,2,,ryu_controller,361493,79.2,59932672
2026-04-24T21:30:25.790815+00:00,recovery_scenario,iperf_tcp,10,2,,twin_core,361501,0.0,66707456
2026-04-24T21:30:25.790815+00:00,recovery_scenario,iperf_tcp,10,2,,ryu_controller,361493,59.1,59932672
2026-04-24T21:30:25.892799+00:00,recovery_scenario,iperf_tcp,10,2,,twin_core,361501,0.0,66707456
2026-04-24T21:30:25.892799+00:00,recovery_scenario,iperf_tcp,10,2,,ryu_controller,361493,49.0,59932672
2026-04-24T21:30:25.993157+00:00,recovery_scenario,iperf_tcp,10,2,,twin_core,361501,0.0,66707456
2026-04-24T21:30:25.993157+00:00,recovery_scenario,iperf_tcp,10,2,,ryu_controller,361493,59.8,59932672
2026-04-24T21:30:26.093525+00:00,recovery_scenario,iperf_tcp,10,2,,twin_core,361501,10.0,66707456
2026-04-24T21:30:26.093525+00:00,recovery_scenario,iperf_tcp,10,2,,ryu_controller,361493,59.8,59932672
2026-04-24T21:30:26.193933+00:00,recovery_scenario,iperf_tcp,10,2,,twin_core,361501,0.0,66707456
2026-04-24T21:30:26.193933+00:00,recovery_scenario,iperf_tcp,10,2,,ryu_controller,361493,49.8,59932672
2026-04-24T21:30:26.296525+00:00,recovery_scenario,iperf_tcp,10,2,,twin_core,361501,0.0,66707456
2026-04-24T21:30:26.296525+00:00,recovery_scenario,iperf_tcp,10,2,,ryu_controller,361493,58.0,59932672
2026-04-24T21:30:26.397915+00:00,recovery_scenario,iperf_tcp,10,2,,twin_core,361501,0.0,66707456
2026-04-24T21:30:26.397915+00:00,recovery_scenario,iperf_tcp,10,2,,ryu_controller,361493,69.6,59932672
2026-04-24T21:30:26.498347+00:00,recovery_scenario,iperf_tcp,10,2,,twin_core,361501,0.0,66707456
2026-04-24T21:30:26.498347+00:00,recovery_scenario,iperf_tcp,10,2,,ryu_controller,361493,79.6,59932672
2026-04-24T21:30:26.599255+00:00,recovery_scenario,iperf_tcp,10,2,,twin_core,361501,0.0,66707456
2026-04-24T21:30:26.599255+00:00,recovery_scenario,iperf_tcp,10,2,,ryu_controller,361493,59.5,59932672
2026-04-24T21:30:26.700793+00:00,recovery_scenario,iperf_tcp,10,2,,twin_core,361501,0.0,66707456
2026-04-24T21:30:26.700793+00:00,recovery_scenario,iperf_tcp,10,2,,ryu_controller,361493,69.0,59932672
2026-04-24T21:30:26.801326+00:00,recovery_scenario,iperf_tcp,10,2,,twin_core,361501,0.0,66707456
2026-04-24T21:30:26.801326+00:00,recovery_scenario,iperf_tcp,10,2,,ryu_controller,361493,69.6,59932672
2026-04-24T21:30:26.904288+00:00,recovery_scenario,iperf_tcp,10,2,,twin_core,361501,0.0,66707456
2026-04-24T21:30:26.904288+00:00,recovery_scenario,iperf_tcp,10,2,,ryu_controller,361493,58.3,59932672
2026-04-24T21:30:27.004886+00:00,recovery_scenario,iperf_tcp,10,2,,twin_core,361501,0.0,66707456
2026-04-24T21:30:27.004886+00:00,recovery_scenario,iperf_tcp,10,2,,ryu_controller,361493,59.6,59932672
2026-04-24T21:30:27.105762+00:00,recovery_scenario,iperf_tcp,10,2,,twin_core,361501,0.0,66707456
2026-04-24T21:30:27.105762+00:00,recovery_scenario,iperf_tcp,10,2,,ryu_controller,361493,49.6,59932672
2026-04-24T21:30:27.209745+00:00,recovery_scenario,iperf_tcp,10,2,,twin_core,361501,0.0,66707456
2026-04-24T21:30:27.209745+00:00,recovery_scenario,iperf_tcp,10,2,,ryu_controller,361493,67.3,59932672
2026-04-24T21:30:27.310193+00:00,recovery_scenario,iperf_tcp,10,2,,twin_core,361501,0.0,66707456
2026-04-24T21:30:27.310193+00:00,recovery_scenario,iperf_tcp,10,2,,ryu_controller,361493,59.4,59932672
2026-04-24T21:30:27.413223+00:00,recovery_scenario,iperf_tcp,10,2,,twin_core,361501,0.0,66707456
2026-04-24T21:30:27.413223+00:00,recovery_scenario,iperf_tcp,10,2,,ryu_controller,361493,47.8,59932672
2026-04-24T21:30:27.516092+00:00,recovery_scenario,iperf_tcp,10,2,,twin_core,361501,9.7,66707456
2026-04-24T21:30:27.516092+00:00,recovery_scenario,iperf_tcp,10,2,,ryu_controller,361493,59.1,59932672
2026-04-24T21:30:27.617665+00:00,recovery_scenario,iperf_tcp,10,2,,twin_core,361501,0.0,66707456
2026-04-24T21:30:27.617665+00:00,recovery_scenario,iperf_tcp,10,2,,ryu_controller,361493,78.0,59932672
2026-04-24T21:30:27.720480+00:00,recovery_scenario,iperf_tcp,10,2,,twin_core,361501,0.0,66707456
2026-04-24T21:30:27.720480+00:00,recovery_scenario,iperf_tcp,10,2,,ryu_controller,361493,59.3,59932672
2026-04-24T21:30:27.821615+00:00,recovery_scenario,iperf_tcp,10,2,,twin_core,361501,0.0,66707456
2026-04-24T21:30:27.821615+00:00,recovery_scenario,iperf_tcp,10,2,,ryu_controller,361493,68.7,59932672
2026-04-24T21:30:27.923957+00:00,recovery_scenario,iperf_tcp,10,2,,twin_core,361501,0.0,66707456
2026-04-24T21:30:27.923957+00:00,recovery_scenario,iperf_tcp,10,2,,ryu_controller,361493,69.0,59932672
2026-04-24T21:30:28.024319+00:00,recovery_scenario,iperf_tcp,10,2,,twin_core,361501,0.0,66707456
2026-04-24T21:30:28.024319+00:00,recovery_scenario,iperf_tcp,10,2,,ryu_controller,361493,69.6,59932672
2026-04-24T21:30:28.125795+00:00,recovery_scenario,iperf_tcp,10,2,,twin_core,361501,0.0,66707456
2026-04-24T21:30:28.125795+00:00,recovery_scenario,iperf_tcp,10,2,,ryu_controller,361493,69.1,59932672
2026-04-24T21:30:28.226911+00:00,recovery_scenario,iperf_tcp,10,2,,twin_core,361501,9.9,66707456
2026-04-24T21:30:28.226911+00:00,recovery_scenario,iperf_tcp,10,2,,ryu_controller,361493,59.1,59932672
2026-04-24T21:30:28.329167+00:00,recovery_scenario,iperf_tcp,10,2,,twin_core,361501,0.0,66707456
2026-04-24T21:30:28.329167+00:00,recovery_scenario,iperf_tcp,10,2,,ryu_controller,361493,57.9,59932672
2026-04-24T21:30:28.433197+00:00,recovery_scenario,iperf_tcp,10,2,,twin_core,361501,0.0,66707456
2026-04-24T21:30:28.433197+00:00,recovery_scenario,iperf_tcp,10,2,,ryu_controller,361493,58.7,59932672
2026-04-24T21:30:28.534288+00:00,recovery_scenario,iperf_tcp,10,2,,twin_core,361501,9.9,66723840
2026-04-24T21:30:28.534288+00:00,recovery_scenario,iperf_tcp,10,2,,ryu_controller,361493,19.6,59932672
2026-04-24T21:30:28.636429+00:00,recovery_scenario,iperf_tcp,10,2,,twin_core,361501,0.0,66723840
2026-04-24T21:30:28.636429+00:00,recovery_scenario,iperf_tcp,10,2,,ryu_controller,361493,29.5,59932672
2026-04-24T21:30:28.671615+00:00,recovery_scenario,iperf_tcp,10,2,scenario_teardown,,,,
2026-04-24T21:30:28.738264+00:00,recovery_scenario,iperf_tcp,10,2,,twin_core,361501,9.8,66727936
2026-04-24T21:30:28.738264+00:00,recovery_scenario,iperf_tcp,10,2,,ryu_controller,361493,19.8,59932672
2026-04-24T21:30:28.838832+00:00,recovery_scenario,iperf_tcp,10,2,,twin_core,361501,9.9,66727936
2026-04-24T21:30:28.838832+00:00,recovery_scenario,iperf_tcp,10,2,,ryu_controller,361493,9.9,59932672
2026-04-24T21:30:28.939223+00:00,recovery_scenario,iperf_tcp,10,2,,twin_core,361501,0.0,66727936
2026-04-24T21:30:28.939223+00:00,recovery_scenario,iperf_tcp,10,2,,ryu_controller,361493,19.9,59932672
2026-04-24T21:30:29.039644+00:00,recovery_scenario,iperf_tcp,10,2,,twin_core,361501,0.0,66727936
2026-04-24T21:30:29.039644+00:00,recovery_scenario,iperf_tcp,10,2,,ryu_controller,361493,0.0,59932672
2026-04-24T21:30:29.538109+00:00,recovery_scenario,iperf_tcp,10,3,,twin_core,361501,5022.0,66736128
2026-04-24T21:30:29.538109+00:00,recovery_scenario,iperf_tcp,10,3,,ryu_controller,361493,0.0,59932672
2026-04-24T21:30:29.639583+00:00,recovery_scenario,iperf_tcp,10,3,,twin_core,361501,0.0,66736128
2026-04-24T21:30:29.639583+00:00,recovery_scenario,iperf_tcp,10,3,,ryu_controller,361493,0.0,59932672
2026-04-24T21:30:29.740130+00:00,recovery_scenario,iperf_tcp,10,3,,twin_core,361501,0.0,66736128
2026-04-24T21:30:29.740130+00:00,recovery_scenario,iperf_tcp,10,3,,ryu_controller,361493,19.9,59932672
2026-04-24T21:30:29.840588+00:00,recovery_scenario,iperf_tcp,10,3,,twin_core,361501,10.0,66736128
2026-04-24T21:30:29.840588+00:00,recovery_scenario,iperf_tcp,10,3,,ryu_controller,361493,29.8,59932672
2026-04-24T21:30:29.922295+00:00,recovery_scenario,iperf_tcp,10,3,service_started,,,,
2026-04-24T21:30:29.941941+00:00,recovery_scenario,iperf_tcp,10,3,,twin_core,361501,9.9,66740224
2026-04-24T21:30:29.941941+00:00,recovery_scenario,iperf_tcp,10,3,,ryu_controller,361493,39.5,59932672
2026-04-24T21:30:30.042664+00:00,recovery_scenario,iperf_tcp,10,3,,twin_core,361501,9.9,66748416
2026-04-24T21:30:30.042664+00:00,recovery_scenario,iperf_tcp,10,3,,ryu_controller,361493,39.8,59932672
2026-04-24T21:30:30.143104+00:00,recovery_scenario,iperf_tcp,10,3,,twin_core,361501,0.0,66748416
2026-04-24T21:30:30.143104+00:00,recovery_scenario,iperf_tcp,10,3,,ryu_controller,361493,29.9,59932672
2026-04-24T21:30:30.243573+00:00,recovery_scenario,iperf_tcp,10,3,,twin_core,361501,0.0,66748416
2026-04-24T21:30:30.243573+00:00,recovery_scenario,iperf_tcp,10,3,,ryu_controller,361493,19.9,59932672
2026-04-24T21:30:30.345395+00:00,recovery_scenario,iperf_tcp,10,3,,twin_core,361501,0.0,66748416
2026-04-24T21:30:30.345395+00:00,recovery_scenario,iperf_tcp,10,3,,ryu_controller,361493,9.8,59932672
2026-04-24T21:30:30.445957+00:00,recovery_scenario,iperf_tcp,10,3,,twin_core,361501,0.0,66748416
2026-04-24T21:30:30.445957+00:00,recovery_scenario,iperf_tcp,10,3,,ryu_controller,361493,19.9,59932672
2026-04-24T21:30:30.546353+00:00,recovery_scenario,iperf_tcp,10,3,,twin_core,361501,0.0,66748416
2026-04-24T21:30:30.546353+00:00,recovery_scenario,iperf_tcp,10,3,,ryu_controller,361493,39.9,59932672
2026-04-24T21:30:30.647483+00:00,recovery_scenario,iperf_tcp,10,3,,twin_core,361501,0.0,66748416
2026-04-24T21:30:30.647483+00:00,recovery_scenario,iperf_tcp,10,3,,ryu_controller,361493,19.7,59932672
2026-04-24T21:30:30.748059+00:00,recovery_scenario,iperf_tcp,10,3,,twin_core,361501,0.0,66748416
2026-04-24T21:30:30.748059+00:00,recovery_scenario,iperf_tcp,10,3,,ryu_controller,361493,10.0,59932672
2026-04-24T21:30:30.848459+00:00,recovery_scenario,iperf_tcp,10,3,,twin_core,361501,0.0,66748416
2026-04-24T21:30:30.848459+00:00,recovery_scenario,iperf_tcp,10,3,,ryu_controller,361493,0.0,59932672
2026-04-24T21:30:30.949597+00:00,recovery_scenario,iperf_tcp,10,3,,twin_core,361501,0.0,66748416
2026-04-24T21:30:30.949597+00:00,recovery_scenario,iperf_tcp,10,3,,ryu_controller,361493,9.9,59932672
2026-04-24T21:30:31.050514+00:00,recovery_scenario,iperf_tcp,10,3,,twin_core,361501,0.0,66748416
2026-04-24T21:30:31.050514+00:00,recovery_scenario,iperf_tcp,10,3,,ryu_controller,361493,29.7,59932672
2026-04-24T21:30:31.151142+00:00,recovery_scenario,iperf_tcp,10,3,,twin_core,361501,0.0,66748416
2026-04-24T21:30:31.151142+00:00,recovery_scenario,iperf_tcp,10,3,,ryu_controller,361493,29.8,59932672
2026-04-24T21:30:31.251607+00:00,recovery_scenario,iperf_tcp,10,3,,twin_core,361501,0.0,66748416
2026-04-24T21:30:31.251607+00:00,recovery_scenario,iperf_tcp,10,3,,ryu_controller,361493,19.9,59932672
2026-04-24T21:30:31.354052+00:00,recovery_scenario,iperf_tcp,10,3,,twin_core,361501,0.0,66748416
2026-04-24T21:30:31.354052+00:00,recovery_scenario,iperf_tcp,10,3,,ryu_controller,361493,19.5,59936768
2026-04-24T21:30:31.456002+00:00,recovery_scenario,iperf_tcp,10,3,,twin_core,361501,0.0,66748416
2026-04-24T21:30:31.456002+00:00,recovery_scenario,iperf_tcp,10,3,,ryu_controller,361493,19.6,59936768
2026-04-24T21:30:31.556902+00:00,recovery_scenario,iperf_tcp,10,3,,twin_core,361501,0.0,66748416
2026-04-24T21:30:31.556902+00:00,recovery_scenario,iperf_tcp,10,3,,ryu_controller,361493,29.7,59936768
2026-04-24T21:30:31.657306+00:00,recovery_scenario,iperf_tcp,10,3,,twin_core,361501,0.0,66748416
2026-04-24T21:30:31.657306+00:00,recovery_scenario,iperf_tcp,10,3,,ryu_controller,361493,19.9,59940864
2026-04-24T21:30:31.758480+00:00,recovery_scenario,iperf_tcp,10,3,,twin_core,361501,0.0,66748416
2026-04-24T21:30:31.758480+00:00,recovery_scenario,iperf_tcp,10,3,,ryu_controller,361493,0.0,59940864
2026-04-24T21:30:31.859032+00:00,recovery_scenario,iperf_tcp,10,3,,twin_core,361501,0.0,66748416
2026-04-24T21:30:31.859032+00:00,recovery_scenario,iperf_tcp,10,3,,ryu_controller,361493,9.9,59940864
2026-04-24T21:30:31.959547+00:00,recovery_scenario,iperf_tcp,10,3,,twin_core,361501,0.0,66748416
2026-04-24T21:30:31.959547+00:00,recovery_scenario,iperf_tcp,10,3,,ryu_controller,361493,9.9,59940864
2026-04-24T21:30:32.060073+00:00,recovery_scenario,iperf_tcp,10,3,,twin_core,361501,19.9,66764800
2026-04-24T21:30:32.060073+00:00,recovery_scenario,iperf_tcp,10,3,,ryu_controller,361493,39.8,59944960
2026-04-24T21:30:32.160908+00:00,recovery_scenario,iperf_tcp,10,3,,twin_core,361501,0.0,66764800
2026-04-24T21:30:32.160908+00:00,recovery_scenario,iperf_tcp,10,3,,ryu_controller,361493,19.8,59944960
2026-04-24T21:30:32.261384+00:00,recovery_scenario,iperf_tcp,10,3,,twin_core,361501,0.0,66764800
2026-04-24T21:30:32.261384+00:00,recovery_scenario,iperf_tcp,10,3,,ryu_controller,361493,19.9,59944960
2026-04-24T21:30:32.363383+00:00,recovery_scenario,iperf_tcp,10,3,,twin_core,361501,0.0,66764800
2026-04-24T21:30:32.363383+00:00,recovery_scenario,iperf_tcp,10,3,,ryu_controller,361493,9.8,59944960
2026-04-24T21:30:32.463960+00:00,recovery_scenario,iperf_tcp,10,3,,twin_core,361501,0.0,66764800
2026-04-24T21:30:32.463960+00:00,recovery_scenario,iperf_tcp,10,3,,ryu_controller,361493,0.0,59944960
2026-04-24T21:30:32.564398+00:00,recovery_scenario,iperf_tcp,10,3,,twin_core,361501,0.0,66764800
2026-04-24T21:30:32.564398+00:00,recovery_scenario,iperf_tcp,10,3,,ryu_controller,361493,49.6,59944960
2026-04-24T21:30:32.665175+00:00,recovery_scenario,iperf_tcp,10,3,,twin_core,361501,9.9,66764800
2026-04-24T21:30:32.665175+00:00,recovery_scenario,iperf_tcp,10,3,,ryu_controller,361493,9.9,59944960
2026-04-24T21:30:32.765669+00:00,recovery_scenario,iperf_tcp,10,3,,twin_core,361501,0.0,66764800
2026-04-24T21:30:32.765669+00:00,recovery_scenario,iperf_tcp,10,3,,ryu_controller,361493,9.9,59944960
2026-04-24T21:30:32.866222+00:00,recovery_scenario,iperf_tcp,10,3,,twin_core,361501,0.0,66764800
2026-04-24T21:30:32.866222+00:00,recovery_scenario,iperf_tcp,10,3,,ryu_controller,361493,10.0,59944960
2026-04-24T21:30:32.967300+00:00,recovery_scenario,iperf_tcp,10,3,,twin_core,361501,0.0,66764800
2026-04-24T21:30:32.967300+00:00,recovery_scenario,iperf_tcp,10,3,,ryu_controller,361493,9.9,59944960
2026-04-24T21:30:33.067793+00:00,recovery_scenario,iperf_tcp,10,3,,twin_core,361501,0.0,66764800
2026-04-24T21:30:33.067793+00:00,recovery_scenario,iperf_tcp,10,3,,ryu_controller,361493,10.0,59944960
2026-04-24T21:30:33.168162+00:00,recovery_scenario,iperf_tcp,10,3,,twin_core,361501,0.0,66764800
2026-04-24T21:30:33.168162+00:00,recovery_scenario,iperf_tcp,10,3,,ryu_controller,361493,10.0,59944960
2026-04-24T21:30:33.268581+00:00,recovery_scenario,iperf_tcp,10,3,,twin_core,361501,0.0,66764800
2026-04-24T21:30:33.268581+00:00,recovery_scenario,iperf_tcp,10,3,,ryu_controller,361493,9.9,59944960
2026-04-24T21:30:33.369291+00:00,recovery_scenario,iperf_tcp,10,3,,twin_core,361501,0.0,66764800
2026-04-24T21:30:33.369291+00:00,recovery_scenario,iperf_tcp,10,3,,ryu_controller,361493,9.9,59944960
2026-04-24T21:30:33.469669+00:00,recovery_scenario,iperf_tcp,10,3,,twin_core,361501,0.0,66764800
2026-04-24T21:30:33.469669+00:00,recovery_scenario,iperf_tcp,10,3,,ryu_controller,361493,10.0,59944960
2026-04-24T21:30:33.570146+00:00,recovery_scenario,iperf_tcp,10,3,,twin_core,361501,0.0,66764800
2026-04-24T21:30:33.570146+00:00,recovery_scenario,iperf_tcp,10,3,,ryu_controller,361493,10.0,59944960
2026-04-24T21:30:33.671555+00:00,recovery_scenario,iperf_tcp,10,3,,twin_core,361501,0.0,66764800
2026-04-24T21:30:33.671555+00:00,recovery_scenario,iperf_tcp,10,3,,ryu_controller,361493,0.0,59944960
2026-04-24T21:30:33.772114+00:00,recovery_scenario,iperf_tcp,10,3,,twin_core,361501,0.0,66764800
2026-04-24T21:30:33.772114+00:00,recovery_scenario,iperf_tcp,10,3,,ryu_controller,361493,10.0,59944960
2026-04-24T21:30:33.872492+00:00,recovery_scenario,iperf_tcp,10,3,,twin_core,361501,0.0,66764800
2026-04-24T21:30:33.872492+00:00,recovery_scenario,iperf_tcp,10,3,,ryu_controller,361493,9.9,59944960
2026-04-24T21:30:33.973624+00:00,recovery_scenario,iperf_tcp,10,3,,twin_core,361501,0.0,66764800
2026-04-24T21:30:33.973624+00:00,recovery_scenario,iperf_tcp,10,3,,ryu_controller,361493,9.9,59944960
2026-04-24T21:30:34.074202+00:00,recovery_scenario,iperf_tcp,10,3,,twin_core,361501,9.9,66764800
2026-04-24T21:30:34.074202+00:00,recovery_scenario,iperf_tcp,10,3,,ryu_controller,361493,39.8,59944960
2026-04-24T21:30:34.174733+00:00,recovery_scenario,iperf_tcp,10,3,,twin_core,361501,10.0,66764800
2026-04-24T21:30:34.174733+00:00,recovery_scenario,iperf_tcp,10,3,,ryu_controller,361493,89.6,59944960
2026-04-24T21:30:34.275197+00:00,recovery_scenario,iperf_tcp,10,3,,twin_core,361501,10.0,66818048
2026-04-24T21:30:34.275197+00:00,recovery_scenario,iperf_tcp,10,3,,ryu_controller,361493,19.9,59944960
2026-04-24T21:30:34.376270+00:00,recovery_scenario,iperf_tcp,10,3,,twin_core,361501,0.0,66818048
2026-04-24T21:30:34.376270+00:00,recovery_scenario,iperf_tcp,10,3,,ryu_controller,361493,19.8,59944960
2026-04-24T21:30:34.477736+00:00,recovery_scenario,iperf_tcp,10,3,,twin_core,361501,0.0,66818048
2026-04-24T21:30:34.477736+00:00,recovery_scenario,iperf_tcp,10,3,,ryu_controller,361493,0.0,59944960
2026-04-24T21:30:34.578125+00:00,recovery_scenario,iperf_tcp,10,3,,twin_core,361501,0.0,66818048
2026-04-24T21:30:34.578125+00:00,recovery_scenario,iperf_tcp,10,3,,ryu_controller,361493,19.9,59944960
2026-04-24T21:30:34.678868+00:00,recovery_scenario,iperf_tcp,10,3,,twin_core,361501,0.0,66818048
2026-04-24T21:30:34.678868+00:00,recovery_scenario,iperf_tcp,10,3,,ryu_controller,361493,69.1,59944960
2026-04-24T21:30:34.779828+00:00,recovery_scenario,iperf_tcp,10,3,,twin_core,361501,0.0,66818048
2026-04-24T21:30:34.779828+00:00,recovery_scenario,iperf_tcp,10,3,,ryu_controller,361493,19.9,59944960
2026-04-24T21:30:34.882769+00:00,recovery_scenario,iperf_tcp,10,3,,twin_core,361501,0.0,66818048
2026-04-24T21:30:34.882769+00:00,recovery_scenario,iperf_tcp,10,3,,ryu_controller,361493,9.7,59944960
2026-04-24T21:30:34.983329+00:00,recovery_scenario,iperf_tcp,10,3,,twin_core,361501,0.0,66818048
2026-04-24T21:30:34.983329+00:00,recovery_scenario,iperf_tcp,10,3,,ryu_controller,361493,9.9,59944960
2026-04-24T21:30:35.083755+00:00,recovery_scenario,iperf_tcp,10,3,,twin_core,361501,0.0,66818048
2026-04-24T21:30:35.083755+00:00,recovery_scenario,iperf_tcp,10,3,,ryu_controller,361493,10.0,59944960
2026-04-24T21:30:35.184199+00:00,recovery_scenario,iperf_tcp,10,3,,twin_core,361501,0.0,66818048
2026-04-24T21:30:35.184199+00:00,recovery_scenario,iperf_tcp,10,3,,ryu_controller,361493,19.9,59944960
2026-04-24T21:30:35.289099+00:00,recovery_scenario,iperf_tcp,10,3,,twin_core,361501,0.0,66818048
2026-04-24T21:30:35.289099+00:00,recovery_scenario,iperf_tcp,10,3,,ryu_controller,361493,9.5,59944960
2026-04-24T21:30:35.389609+00:00,recovery_scenario,iperf_tcp,10,3,,twin_core,361501,0.0,66818048
2026-04-24T21:30:35.389609+00:00,recovery_scenario,iperf_tcp,10,3,,ryu_controller,361493,0.0,59944960
2026-04-24T21:30:35.490060+00:00,recovery_scenario,iperf_tcp,10,3,,twin_core,361501,0.0,66818048
2026-04-24T21:30:35.490060+00:00,recovery_scenario,iperf_tcp,10,3,,ryu_controller,361493,10.0,59944960
2026-04-24T21:30:35.591339+00:00,recovery_scenario,iperf_tcp,10,3,,twin_core,361501,0.0,66818048
2026-04-24T21:30:35.591339+00:00,recovery_scenario,iperf_tcp,10,3,,ryu_controller,361493,9.9,59944960
2026-04-24T21:30:35.691814+00:00,recovery_scenario,iperf_tcp,10,3,,twin_core,361501,0.0,66818048
2026-04-24T21:30:35.691814+00:00,recovery_scenario,iperf_tcp,10,3,,ryu_controller,361493,0.0,59944960
2026-04-24T21:30:35.705107+00:00,recovery_scenario,iperf_tcp,10,3,pingall_completed,,,,
2026-04-24T21:30:35.793879+00:00,recovery_scenario,iperf_tcp,10,3,,twin_core,361501,9.8,66818048
2026-04-24T21:30:35.793879+00:00,recovery_scenario,iperf_tcp,10,3,,ryu_controller,361493,9.8,59944960
2026-04-24T21:30:35.895864+00:00,recovery_scenario,iperf_tcp,10,3,,twin_core,361501,9.8,66818048
2026-04-24T21:30:35.895864+00:00,recovery_scenario,iperf_tcp,10,3,,ryu_controller,361493,0.0,59944960
2026-04-24T21:30:35.997360+00:00,recovery_scenario,iperf_tcp,10,3,,twin_core,361501,0.0,66818048
2026-04-24T21:30:35.997360+00:00,recovery_scenario,iperf_tcp,10,3,,ryu_controller,361493,0.0,59944960
2026-04-24T21:30:36.099381+00:00,recovery_scenario,iperf_tcp,10,3,,twin_core,361501,0.0,66818048
2026-04-24T21:30:36.099381+00:00,recovery_scenario,iperf_tcp,10,3,,ryu_controller,361493,19.6,59944960
2026-04-24T21:30:36.199936+00:00,recovery_scenario,iperf_tcp,10,3,,twin_core,361501,0.0,66818048
2026-04-24T21:30:36.199936+00:00,recovery_scenario,iperf_tcp,10,3,,ryu_controller,361493,9.9,59944960
2026-04-24T21:30:36.304120+00:00,recovery_scenario,iperf_tcp,10,3,,twin_core,361501,0.0,66875392
2026-04-24T21:30:36.304120+00:00,recovery_scenario,iperf_tcp,10,3,,ryu_controller,361493,67.2,59957248
2026-04-24T21:30:36.406246+00:00,recovery_scenario,iperf_tcp,10,3,,twin_core,361501,9.8,66875392
2026-04-24T21:30:36.406246+00:00,recovery_scenario,iperf_tcp,10,3,,ryu_controller,361493,0.0,59957248
2026-04-24T21:30:36.508689+00:00,recovery_scenario,iperf_tcp,10,3,,twin_core,361501,0.0,66875392
2026-04-24T21:30:36.508689+00:00,recovery_scenario,iperf_tcp,10,3,,ryu_controller,361493,0.0,59957248
2026-04-24T21:30:36.612195+00:00,recovery_scenario,iperf_tcp,10,3,,twin_core,361501,0.0,66875392
2026-04-24T21:30:36.612195+00:00,recovery_scenario,iperf_tcp,10,3,,ryu_controller,361493,0.0,59957248
2026-04-24T21:30:36.712774+00:00,recovery_scenario,iperf_tcp,10,3,,twin_core,361501,0.0,66875392
2026-04-24T21:30:36.712774+00:00,recovery_scenario,iperf_tcp,10,3,,ryu_controller,361493,49.8,59957248
2026-04-24T21:30:36.813216+00:00,recovery_scenario,iperf_tcp,10,3,,twin_core,361501,0.0,66875392
2026-04-24T21:30:36.813216+00:00,recovery_scenario,iperf_tcp,10,3,,ryu_controller,361493,39.8,59990016
2026-04-24T21:30:36.913865+00:00,recovery_scenario,iperf_tcp,10,3,,twin_core,361501,0.0,66875392
2026-04-24T21:30:36.913865+00:00,recovery_scenario,iperf_tcp,10,3,,ryu_controller,361493,0.0,59990016
2026-04-24T21:30:37.015110+00:00,recovery_scenario,iperf_tcp,10,3,,twin_core,361501,0.0,66875392
2026-04-24T21:30:37.015110+00:00,recovery_scenario,iperf_tcp,10,3,,ryu_controller,361493,0.0,59990016
2026-04-24T21:30:37.116115+00:00,recovery_scenario,iperf_tcp,10,3,,twin_core,361501,0.0,66875392
2026-04-24T21:30:37.116115+00:00,recovery_scenario,iperf_tcp,10,3,,ryu_controller,361493,0.0,59990016
2026-04-24T21:30:37.216995+00:00,recovery_scenario,iperf_tcp,10,3,,twin_core,361501,0.0,66875392
2026-04-24T21:30:37.216995+00:00,recovery_scenario,iperf_tcp,10,3,,ryu_controller,361493,9.8,59990016
2026-04-24T21:30:37.320116+00:00,recovery_scenario,iperf_tcp,10,3,,twin_core,361501,0.0,66875392
2026-04-24T21:30:37.320116+00:00,recovery_scenario,iperf_tcp,10,3,,ryu_controller,361493,0.0,59990016
2026-04-24T21:30:37.422119+00:00,recovery_scenario,iperf_tcp,10,3,,twin_core,361501,0.0,66875392
2026-04-24T21:30:37.422119+00:00,recovery_scenario,iperf_tcp,10,3,,ryu_controller,361493,0.0,59990016
2026-04-24T21:30:37.522628+00:00,recovery_scenario,iperf_tcp,10,3,,twin_core,361501,0.0,66875392
2026-04-24T21:30:37.522628+00:00,recovery_scenario,iperf_tcp,10,3,,ryu_controller,361493,0.0,59990016
2026-04-24T21:30:37.627118+00:00,recovery_scenario,iperf_tcp,10,3,,twin_core,361501,0.0,66875392
2026-04-24T21:30:37.627118+00:00,recovery_scenario,iperf_tcp,10,3,,ryu_controller,361493,9.8,59990016
2026-04-24T21:30:37.720818+00:00,recovery_scenario,iperf_tcp,10,3,background_traffic_started,,,,
2026-04-24T21:30:37.731087+00:00,recovery_scenario,iperf_tcp,10,3,,twin_core,361501,0.0,66875392
2026-04-24T21:30:37.731087+00:00,recovery_scenario,iperf_tcp,10,3,,ryu_controller,361493,0.0,59990016
2026-04-24T21:30:37.831424+00:00,recovery_scenario,iperf_tcp,10,3,,twin_core,361501,19.9,66875392
2026-04-24T21:30:37.831424+00:00,recovery_scenario,iperf_tcp,10,3,,ryu_controller,361493,29.9,59990016
2026-04-24T21:30:37.933164+00:00,recovery_scenario,iperf_tcp,10,3,,twin_core,361501,0.0,66875392
2026-04-24T21:30:37.933164+00:00,recovery_scenario,iperf_tcp,10,3,,ryu_controller,361493,39.3,59990016
2026-04-24T21:30:37.956224+00:00,recovery_scenario,iperf_tcp,10,3,fault_injected,,,,
2026-04-24T21:30:38.036840+00:00,recovery_scenario,iperf_tcp,10,3,,twin_core,361501,0.0,66887680
2026-04-24T21:30:38.036840+00:00,recovery_scenario,iperf_tcp,10,3,,ryu_controller,361493,38.6,59990016
2026-04-24T21:30:38.139054+00:00,recovery_scenario,iperf_tcp,10,3,,twin_core,361501,0.0,66887680
2026-04-24T21:30:38.139054+00:00,recovery_scenario,iperf_tcp,10,3,,ryu_controller,361493,68.4,59990016
2026-04-24T21:30:38.239558+00:00,recovery_scenario,iperf_tcp,10,3,,twin_core,361501,0.0,66887680
2026-04-24T21:30:38.239558+00:00,recovery_scenario,iperf_tcp,10,3,,ryu_controller,361493,59.6,59990016
2026-04-24T21:30:38.340867+00:00,recovery_scenario,iperf_tcp,10,3,,twin_core,361501,9.9,66887680
2026-04-24T21:30:38.340867+00:00,recovery_scenario,iperf_tcp,10,3,,ryu_controller,361493,98.9,59990016
2026-04-24T21:30:38.441241+00:00,recovery_scenario,iperf_tcp,10,3,,twin_core,361501,0.0,66887680
2026-04-24T21:30:38.441241+00:00,recovery_scenario,iperf_tcp,10,3,,ryu_controller,361493,89.7,59990016
2026-04-24T21:30:38.541601+00:00,recovery_scenario,iperf_tcp,10,3,,twin_core,361501,0.0,66887680
2026-04-24T21:30:38.541601+00:00,recovery_scenario,iperf_tcp,10,3,,ryu_controller,361493,109.4,59990016
2026-04-24T21:30:38.642231+00:00,recovery_scenario,iperf_tcp,10,3,,twin_core,361501,0.0,66887680
2026-04-24T21:30:38.642231+00:00,recovery_scenario,iperf_tcp,10,3,,ryu_controller,361493,99.5,59990016
2026-04-24T21:30:38.742669+00:00,recovery_scenario,iperf_tcp,10,3,,twin_core,361501,0.0,66887680
2026-04-24T21:30:38.742669+00:00,recovery_scenario,iperf_tcp,10,3,,ryu_controller,361493,99.4,59990016
2026-04-24T21:30:38.843242+00:00,recovery_scenario,iperf_tcp,10,3,,twin_core,361501,0.0,66887680
2026-04-24T21:30:38.843242+00:00,recovery_scenario,iperf_tcp,10,3,,ryu_controller,361493,99.5,59994112
2026-04-24T21:30:38.943661+00:00,recovery_scenario,iperf_tcp,10,3,,twin_core,361501,0.0,66887680
2026-04-24T21:30:38.943661+00:00,recovery_scenario,iperf_tcp,10,3,,ryu_controller,361493,99.5,59994112
2026-04-24T21:30:39.045933+00:00,recovery_scenario,iperf_tcp,10,3,,twin_core,361501,0.0,66887680
2026-04-24T21:30:39.045933+00:00,recovery_scenario,iperf_tcp,10,3,,ryu_controller,361493,97.9,59994112
2026-04-24T21:30:39.146312+00:00,recovery_scenario,iperf_tcp,10,3,,twin_core,361501,0.0,66887680
2026-04-24T21:30:39.146312+00:00,recovery_scenario,iperf_tcp,10,3,,ryu_controller,361493,99.6,59994112
2026-04-24T21:30:39.248840+00:00,recovery_scenario,iperf_tcp,10,3,,twin_core,361501,0.0,66887680
2026-04-24T21:30:39.248840+00:00,recovery_scenario,iperf_tcp,10,3,,ryu_controller,361493,78.0,59994112
2026-04-24T21:30:39.349215+00:00,recovery_scenario,iperf_tcp,10,3,,twin_core,361501,0.0,66887680
2026-04-24T21:30:39.349215+00:00,recovery_scenario,iperf_tcp,10,3,,ryu_controller,361493,69.7,59994112
2026-04-24T21:30:39.449627+00:00,recovery_scenario,iperf_tcp,10,3,,twin_core,361501,0.0,66887680
2026-04-24T21:30:39.449627+00:00,recovery_scenario,iperf_tcp,10,3,,ryu_controller,361493,29.8,59994112
2026-04-24T21:30:39.550159+00:00,recovery_scenario,iperf_tcp,10,3,,twin_core,361501,0.0,66887680
2026-04-24T21:30:39.550159+00:00,recovery_scenario,iperf_tcp,10,3,,ryu_controller,361493,59.8,59994112
2026-04-24T21:30:39.650994+00:00,recovery_scenario,iperf_tcp,10,3,,twin_core,361501,0.0,66887680
2026-04-24T21:30:39.650994+00:00,recovery_scenario,iperf_tcp,10,3,,ryu_controller,361493,59.4,59994112
2026-04-24T21:30:39.753766+00:00,recovery_scenario,iperf_tcp,10,3,,twin_core,361501,0.0,66887680
2026-04-24T21:30:39.753766+00:00,recovery_scenario,iperf_tcp,10,3,,ryu_controller,361493,38.9,59994112
2026-04-24T21:30:39.854659+00:00,recovery_scenario,iperf_tcp,10,3,,twin_core,361501,0.0,66887680
2026-04-24T21:30:39.854659+00:00,recovery_scenario,iperf_tcp,10,3,,ryu_controller,361493,29.8,59994112
2026-04-24T21:30:39.957777+00:00,recovery_scenario,iperf_tcp,10,3,,twin_core,361501,0.0,66887680
2026-04-24T21:30:39.957777+00:00,recovery_scenario,iperf_tcp,10,3,,ryu_controller,361493,48.5,59994112
2026-04-24T21:30:40.058431+00:00,recovery_scenario,iperf_tcp,10,3,,twin_core,361501,0.0,66887680
2026-04-24T21:30:40.058431+00:00,recovery_scenario,iperf_tcp,10,3,,ryu_controller,361493,39.5,59994112
2026-04-24T21:30:40.159978+00:00,recovery_scenario,iperf_tcp,10,3,,twin_core,361501,0.0,66887680
2026-04-24T21:30:40.159978+00:00,recovery_scenario,iperf_tcp,10,3,,ryu_controller,361493,46.9,59994112
2026-04-24T21:30:40.268108+00:00,recovery_scenario,iperf_tcp,10,3,,twin_core,361501,0.0,66887680
2026-04-24T21:30:40.268108+00:00,recovery_scenario,iperf_tcp,10,3,,ryu_controller,361493,48.8,59994112
2026-04-24T21:30:40.368679+00:00,recovery_scenario,iperf_tcp,10,3,,twin_core,361501,0.0,66887680
2026-04-24T21:30:40.368679+00:00,recovery_scenario,iperf_tcp,10,3,,ryu_controller,361493,39.3,59994112
2026-04-24T21:30:40.471893+00:00,recovery_scenario,iperf_tcp,10,3,,twin_core,361501,9.7,66887680
2026-04-24T21:30:40.471893+00:00,recovery_scenario,iperf_tcp,10,3,,ryu_controller,361493,39.2,59994112
2026-04-24T21:30:40.572446+00:00,recovery_scenario,iperf_tcp,10,3,,twin_core,361501,0.0,66887680
2026-04-24T21:30:40.572446+00:00,recovery_scenario,iperf_tcp,10,3,,ryu_controller,361493,49.8,59994112
2026-04-24T21:30:40.674226+00:00,recovery_scenario,iperf_tcp,10,3,,twin_core,361501,0.0,66887680
2026-04-24T21:30:40.674226+00:00,recovery_scenario,iperf_tcp,10,3,,ryu_controller,361493,29.5,59994112
2026-04-24T21:30:40.775848+00:00,recovery_scenario,iperf_tcp,10,3,,twin_core,361501,0.0,66887680
2026-04-24T21:30:40.775848+00:00,recovery_scenario,iperf_tcp,10,3,,ryu_controller,361493,39.0,59994112
2026-04-24T21:30:40.877117+00:00,recovery_scenario,iperf_tcp,10,3,,twin_core,361501,9.9,66887680
2026-04-24T21:30:40.877117+00:00,recovery_scenario,iperf_tcp,10,3,,ryu_controller,361493,49.7,59994112
2026-04-24T21:30:40.977629+00:00,recovery_scenario,iperf_tcp,10,3,,twin_core,361501,0.0,66887680
2026-04-24T21:30:40.977629+00:00,recovery_scenario,iperf_tcp,10,3,,ryu_controller,361493,39.7,59994112
2026-04-24T21:30:41.079910+00:00,recovery_scenario,iperf_tcp,10,3,,twin_core,361501,0.0,66887680
2026-04-24T21:30:41.079910+00:00,recovery_scenario,iperf_tcp,10,3,,ryu_controller,361493,39.1,59994112
2026-04-24T21:30:41.180896+00:00,recovery_scenario,iperf_tcp,10,3,,twin_core,361501,9.9,66916352
2026-04-24T21:30:41.180896+00:00,recovery_scenario,iperf_tcp,10,3,,ryu_controller,361493,9.9,59994112
2026-04-24T21:30:41.281930+00:00,recovery_scenario,iperf_tcp,10,3,,twin_core,361501,0.0,66916352
2026-04-24T21:30:41.281930+00:00,recovery_scenario,iperf_tcp,10,3,,ryu_controller,361493,0.0,59994112
2026-04-24T21:30:41.383665+00:00,recovery_scenario,iperf_tcp,10,3,,twin_core,361501,0.0,66916352
2026-04-24T21:30:41.383665+00:00,recovery_scenario,iperf_tcp,10,3,,ryu_controller,361493,0.0,59994112
2026-04-24T21:30:41.486173+00:00,recovery_scenario,iperf_tcp,10,3,,twin_core,361501,0.0,66916352
2026-04-24T21:30:41.486173+00:00,recovery_scenario,iperf_tcp,10,3,,ryu_controller,361493,9.9,59994112
2026-04-24T21:30:41.587588+00:00,recovery_scenario,iperf_tcp,10,3,,twin_core,361501,9.9,66916352
2026-04-24T21:30:41.587588+00:00,recovery_scenario,iperf_tcp,10,3,,ryu_controller,361493,39.3,59994112
2026-04-24T21:30:41.690926+00:00,recovery_scenario,iperf_tcp,10,3,,twin_core,361501,0.0,66916352
2026-04-24T21:30:41.690926+00:00,recovery_scenario,iperf_tcp,10,3,,ryu_controller,361493,29.1,59994112
2026-04-24T21:30:41.757236+00:00,recovery_scenario,iperf_tcp,10,3,recovery_requested,,,,
2026-04-24T21:30:41.792867+00:00,recovery_scenario,iperf_tcp,10,3,,twin_core,361501,9.8,66920448
2026-04-24T21:30:41.792867+00:00,recovery_scenario,iperf_tcp,10,3,,ryu_controller,361493,29.4,59994112
2026-04-24T21:30:41.893898+00:00,recovery_scenario,iperf_tcp,10,3,,twin_core,361501,0.0,66920448
2026-04-24T21:30:41.893898+00:00,recovery_scenario,iperf_tcp,10,3,,ryu_controller,361493,29.7,59994112
2026-04-24T21:30:41.997817+00:00,recovery_scenario,iperf_tcp,10,3,,twin_core,361501,0.0,66920448
2026-04-24T21:30:41.997817+00:00,recovery_scenario,iperf_tcp,10,3,,ryu_controller,361493,38.5,59994112
2026-04-24T21:30:42.099893+00:00,recovery_scenario,iperf_tcp,10,3,,twin_core,361501,0.0,66920448
2026-04-24T21:30:42.099893+00:00,recovery_scenario,iperf_tcp,10,3,,ryu_controller,361493,39.2,59994112
2026-04-24T21:30:42.200266+00:00,recovery_scenario,iperf_tcp,10,3,,twin_core,361501,0.0,66920448
2026-04-24T21:30:42.200266+00:00,recovery_scenario,iperf_tcp,10,3,,ryu_controller,361493,29.9,59994112
2026-04-24T21:30:42.303868+00:00,recovery_scenario,iperf_tcp,10,3,,twin_core,361501,0.0,66920448
2026-04-24T21:30:42.303868+00:00,recovery_scenario,iperf_tcp,10,3,,ryu_controller,361493,29.0,59994112
2026-04-24T21:30:42.404541+00:00,recovery_scenario,iperf_tcp,10,3,,twin_core,361501,0.0,66920448
2026-04-24T21:30:42.404541+00:00,recovery_scenario,iperf_tcp,10,3,,ryu_controller,361493,39.6,59994112
2026-04-24T21:30:42.510766+00:00,recovery_scenario,iperf_tcp,10,3,,twin_core,361501,0.0,66920448
2026-04-24T21:30:42.510766+00:00,recovery_scenario,iperf_tcp,10,3,,ryu_controller,361493,37.7,59994112
2026-04-24T21:30:42.611134+00:00,recovery_scenario,iperf_tcp,10,3,,twin_core,361501,0.0,66920448
2026-04-24T21:30:42.611134+00:00,recovery_scenario,iperf_tcp,10,3,,ryu_controller,361493,39.9,59994112
2026-04-24T21:30:42.713885+00:00,recovery_scenario,iperf_tcp,10,3,,twin_core,361501,0.0,66920448
2026-04-24T21:30:42.713885+00:00,recovery_scenario,iperf_tcp,10,3,,ryu_controller,361493,68.1,59994112
2026-04-24T21:30:42.816847+00:00,recovery_scenario,iperf_tcp,10,3,,twin_core,361501,9.7,66920448
2026-04-24T21:30:42.816847+00:00,recovery_scenario,iperf_tcp,10,3,,ryu_controller,361493,68.0,59994112
2026-04-24T21:30:42.917275+00:00,recovery_scenario,iperf_tcp,10,3,,twin_core,361501,0.0,66920448
2026-04-24T21:30:42.917275+00:00,recovery_scenario,iperf_tcp,10,3,,ryu_controller,361493,89.6,59994112
2026-04-24T21:30:43.017662+00:00,recovery_scenario,iperf_tcp,10,3,,twin_core,361501,0.0,66920448
2026-04-24T21:30:43.017662+00:00,recovery_scenario,iperf_tcp,10,3,,ryu_controller,361493,59.7,59994112
2026-04-24T21:30:43.118863+00:00,recovery_scenario,iperf_tcp,10,3,,twin_core,361501,0.0,66920448
2026-04-24T21:30:43.118863+00:00,recovery_scenario,iperf_tcp,10,3,,ryu_controller,361493,79.1,59998208
2026-04-24T21:30:43.219244+00:00,recovery_scenario,iperf_tcp,10,3,,twin_core,361501,0.0,66920448
2026-04-24T21:30:43.219244+00:00,recovery_scenario,iperf_tcp,10,3,,ryu_controller,361493,59.8,60035072
2026-04-24T21:30:43.321781+00:00,recovery_scenario,iperf_tcp,10,3,,twin_core,361501,0.0,66920448
2026-04-24T21:30:43.321781+00:00,recovery_scenario,iperf_tcp,10,3,,ryu_controller,361493,58.5,60039168
2026-04-24T21:30:43.424802+00:00,recovery_scenario,iperf_tcp,10,3,,twin_core,361501,0.0,66920448
2026-04-24T21:30:43.424802+00:00,recovery_scenario,iperf_tcp,10,3,,ryu_controller,361493,77.7,60039168
2026-04-24T21:30:43.525178+00:00,recovery_scenario,iperf_tcp,10,3,,twin_core,361501,0.0,66920448
2026-04-24T21:30:43.525178+00:00,recovery_scenario,iperf_tcp,10,3,,ryu_controller,361493,69.7,60039168
2026-04-24T21:30:43.625541+00:00,recovery_scenario,iperf_tcp,10,3,,twin_core,361501,0.0,66920448
2026-04-24T21:30:43.625541+00:00,recovery_scenario,iperf_tcp,10,3,,ryu_controller,361493,69.7,60039168
2026-04-24T21:30:43.725995+00:00,recovery_scenario,iperf_tcp,10,3,,twin_core,361501,0.0,66920448
2026-04-24T21:30:43.725995+00:00,recovery_scenario,iperf_tcp,10,3,,ryu_controller,361493,79.7,60039168
2026-04-24T21:30:43.827799+00:00,recovery_scenario,iperf_tcp,10,3,,twin_core,361501,0.0,66920448
2026-04-24T21:30:43.827799+00:00,recovery_scenario,iperf_tcp,10,3,,ryu_controller,361493,78.5,60039168
2026-04-24T21:30:43.928468+00:00,recovery_scenario,iperf_tcp,10,3,,twin_core,361501,0.0,66920448
2026-04-24T21:30:43.928468+00:00,recovery_scenario,iperf_tcp,10,3,,ryu_controller,361493,69.6,60039168
2026-04-24T21:30:44.029029+00:00,recovery_scenario,iperf_tcp,10,3,,twin_core,361501,0.0,66920448
2026-04-24T21:30:44.029029+00:00,recovery_scenario,iperf_tcp,10,3,,ryu_controller,361493,79.6,60039168
2026-04-24T21:30:44.129426+00:00,recovery_scenario,iperf_tcp,10,3,,twin_core,361501,0.0,66920448
2026-04-24T21:30:44.129426+00:00,recovery_scenario,iperf_tcp,10,3,,ryu_controller,361493,77.9,60039168
2026-04-24T21:30:44.232113+00:00,recovery_scenario,iperf_tcp,10,3,,twin_core,361501,0.0,66920448
2026-04-24T21:30:44.232113+00:00,recovery_scenario,iperf_tcp,10,3,,ryu_controller,361493,59.8,60039168
2026-04-24T21:30:44.334805+00:00,recovery_scenario,iperf_tcp,10,3,,twin_core,361501,9.7,66920448
2026-04-24T21:30:44.334805+00:00,recovery_scenario,iperf_tcp,10,3,,ryu_controller,361493,58.3,60039168
2026-04-24T21:30:44.435549+00:00,recovery_scenario,iperf_tcp,10,3,,twin_core,361501,0.0,66920448
2026-04-24T21:30:44.435549+00:00,recovery_scenario,iperf_tcp,10,3,,ryu_controller,361493,39.7,60039168
2026-04-24T21:30:44.536085+00:00,recovery_scenario,iperf_tcp,10,3,,twin_core,361501,0.0,66920448
2026-04-24T21:30:44.536085+00:00,recovery_scenario,iperf_tcp,10,3,,ryu_controller,361493,59.7,60039168
2026-04-24T21:30:44.638386+00:00,recovery_scenario,iperf_tcp,10,3,,twin_core,361501,0.0,66920448
2026-04-24T21:30:44.638386+00:00,recovery_scenario,iperf_tcp,10,3,,ryu_controller,361493,48.9,60039168
2026-04-24T21:30:44.738790+00:00,recovery_scenario,iperf_tcp,10,3,,twin_core,361501,0.0,66920448
2026-04-24T21:30:44.738790+00:00,recovery_scenario,iperf_tcp,10,3,,ryu_controller,361493,59.7,60039168
2026-04-24T21:30:44.839335+00:00,recovery_scenario,iperf_tcp,10,3,,twin_core,361501,0.0,66920448
2026-04-24T21:30:44.839335+00:00,recovery_scenario,iperf_tcp,10,3,,ryu_controller,361493,69.7,60039168
2026-04-24T21:30:44.940075+00:00,recovery_scenario,iperf_tcp,10,3,,twin_core,361501,0.0,66920448
2026-04-24T21:30:44.940075+00:00,recovery_scenario,iperf_tcp,10,3,,ryu_controller,361493,69.4,60039168
2026-04-24T21:30:45.041790+00:00,recovery_scenario,iperf_tcp,10,3,,twin_core,361501,0.0,66920448
2026-04-24T21:30:45.041790+00:00,recovery_scenario,iperf_tcp,10,3,,ryu_controller,361493,78.7,60039168
2026-04-24T21:30:45.142310+00:00,recovery_scenario,iperf_tcp,10,3,,twin_core,361501,0.0,66920448
2026-04-24T21:30:45.142310+00:00,recovery_scenario,iperf_tcp,10,3,,ryu_controller,361493,79.6,60039168
2026-04-24T21:30:45.242888+00:00,recovery_scenario,iperf_tcp,10,3,,twin_core,361501,0.0,66920448
2026-04-24T21:30:45.242888+00:00,recovery_scenario,iperf_tcp,10,3,,ryu_controller,361493,69.7,60039168
2026-04-24T21:30:45.343371+00:00,recovery_scenario,iperf_tcp,10,3,,twin_core,361501,0.0,66920448
2026-04-24T21:30:45.343371+00:00,recovery_scenario,iperf_tcp,10,3,,ryu_controller,361493,79.6,60039168
2026-04-24T21:30:45.444037+00:00,recovery_scenario,iperf_tcp,10,3,,twin_core,361501,0.0,66920448
2026-04-24T21:30:45.444037+00:00,recovery_scenario,iperf_tcp,10,3,,ryu_controller,361493,79.4,60039168
2026-04-24T21:30:45.544560+00:00,recovery_scenario,iperf_tcp,10,3,,twin_core,361501,0.0,66920448
2026-04-24T21:30:45.544560+00:00,recovery_scenario,iperf_tcp,10,3,,ryu_controller,361493,69.7,60039168
2026-04-24T21:30:45.645232+00:00,recovery_scenario,iperf_tcp,10,3,,twin_core,361501,0.0,66920448
2026-04-24T21:30:45.645232+00:00,recovery_scenario,iperf_tcp,10,3,,ryu_controller,361493,76.2,60039168
2026-04-24T21:30:45.750070+00:00,recovery_scenario,iperf_tcp,10,3,,twin_core,361501,0.0,66920448
2026-04-24T21:30:45.750070+00:00,recovery_scenario,iperf_tcp,10,3,,ryu_controller,361493,59.7,60039168
2026-04-24T21:30:45.851861+00:00,recovery_scenario,iperf_tcp,10,3,,twin_core,361501,0.0,66920448
2026-04-24T21:30:45.851861+00:00,recovery_scenario,iperf_tcp,10,3,,ryu_controller,361493,78.6,60039168
2026-04-24T21:30:45.952266+00:00,recovery_scenario,iperf_tcp,10,3,,twin_core,361501,0.0,66920448
2026-04-24T21:30:45.952266+00:00,recovery_scenario,iperf_tcp,10,3,,ryu_controller,361493,49.8,60039168
2026-04-24T21:30:46.054089+00:00,recovery_scenario,iperf_tcp,10,3,,twin_core,361501,0.0,66920448
2026-04-24T21:30:46.054089+00:00,recovery_scenario,iperf_tcp,10,3,,ryu_controller,361493,78.6,60039168
2026-04-24T21:30:46.155417+00:00,recovery_scenario,iperf_tcp,10,3,,twin_core,361501,0.0,66920448
2026-04-24T21:30:46.155417+00:00,recovery_scenario,iperf_tcp,10,3,,ryu_controller,361493,49.2,60039168
2026-04-24T21:30:46.256961+00:00,recovery_scenario,iperf_tcp,10,3,,twin_core,361501,9.8,66920448
2026-04-24T21:30:46.256961+00:00,recovery_scenario,iperf_tcp,10,3,,ryu_controller,361493,78.8,60039168
2026-04-24T21:30:46.357839+00:00,recovery_scenario,iperf_tcp,10,3,,twin_core,361501,0.0,66920448
2026-04-24T21:30:46.357839+00:00,recovery_scenario,iperf_tcp,10,3,,ryu_controller,361493,49.7,60039168
2026-04-24T21:30:46.481538+00:00,recovery_scenario,iperf_tcp,10,3,,twin_core,361501,0.0,66920448
2026-04-24T21:30:46.481538+00:00,recovery_scenario,iperf_tcp,10,3,,ryu_controller,361493,80.7,60039168
2026-04-24T21:30:46.582286+00:00,recovery_scenario,iperf_tcp,10,3,,twin_core,361501,0.0,66920448
2026-04-24T21:30:46.582286+00:00,recovery_scenario,iperf_tcp,10,3,,ryu_controller,361493,49.8,60039168
2026-04-24T21:30:46.682634+00:00,recovery_scenario,iperf_tcp,10,3,,twin_core,361501,0.0,66920448
2026-04-24T21:30:46.682634+00:00,recovery_scenario,iperf_tcp,10,3,,ryu_controller,361493,49.7,60039168
2026-04-24T21:30:46.783213+00:00,recovery_scenario,iperf_tcp,10,3,,twin_core,361501,0.0,66920448
2026-04-24T21:30:46.783213+00:00,recovery_scenario,iperf_tcp,10,3,,ryu_controller,361493,0.0,60039168
2026-04-24T21:30:46.884083+00:00,recovery_scenario,iperf_tcp,10,3,,twin_core,361501,19.8,66920448
2026-04-24T21:30:46.884083+00:00,recovery_scenario,iperf_tcp,10,3,,ryu_controller,361493,29.7,60039168
2026-04-24T21:30:46.923359+00:00,recovery_scenario,iperf_tcp,10,3,scenario_teardown,,,,
2026-04-24T21:30:46.984571+00:00,recovery_scenario,iperf_tcp,10,3,,twin_core,361501,19.9,66920448
2026-04-24T21:30:46.984571+00:00,recovery_scenario,iperf_tcp,10,3,,ryu_controller,361493,29.8,60039168
2026-04-24T21:30:47.085151+00:00,recovery_scenario,iperf_tcp,10,3,,twin_core,361501,0.0,66920448
2026-04-24T21:30:47.085151+00:00,recovery_scenario,iperf_tcp,10,3,,ryu_controller,361493,10.0,60039168
2026-04-24T21:30:47.186103+00:00,recovery_scenario,iperf_tcp,10,3,,twin_core,361501,0.0,66920448
2026-04-24T21:30:47.186103+00:00,recovery_scenario,iperf_tcp,10,3,,ryu_controller,361493,9.9,60039168
2026-04-24T21:30:47.286843+00:00,recovery_scenario,iperf_tcp,10,3,,twin_core,361501,0.0,66920448
2026-04-24T21:30:47.286843+00:00,recovery_scenario,iperf_tcp,10,3,,ryu_controller,361493,9.9,60039168
2026-04-24T21:30:47.387497+00:00,recovery_scenario,iperf_tcp,10,3,,twin_core,361501,0.0,66920448
2026-04-24T21:30:47.387497+00:00,recovery_scenario,iperf_tcp,10,3,,ryu_controller,361493,0.0,60039168
2026-04-24T21:30:47.974352+00:00,recovery_scenario,iperf_tcp,10,4,,twin_core,361501,0.0,66920448
2026-04-24T21:30:47.974352+00:00,recovery_scenario,iperf_tcp,10,4,,ryu_controller,361493,0.0,60039168
2026-04-24T21:30:48.077902+00:00,recovery_scenario,iperf_tcp,10,4,,twin_core,361501,0.0,66920448
2026-04-24T21:30:48.077902+00:00,recovery_scenario,iperf_tcp,10,4,,ryu_controller,361493,0.0,60039168
2026-04-24T21:30:48.179664+00:00,recovery_scenario,iperf_tcp,10,4,,twin_core,361501,0.0,66920448
2026-04-24T21:30:48.179664+00:00,recovery_scenario,iperf_tcp,10,4,,ryu_controller,361493,0.0,60039168
2026-04-24T21:30:48.280446+00:00,recovery_scenario,iperf_tcp,10,4,,twin_core,361501,0.0,66920448
2026-04-24T21:30:48.280446+00:00,recovery_scenario,iperf_tcp,10,4,,ryu_controller,361493,39.8,60039168
2026-04-24T21:30:48.380950+00:00,recovery_scenario,iperf_tcp,10,4,,twin_core,361501,10.0,66920448
2026-04-24T21:30:48.380950+00:00,recovery_scenario,iperf_tcp,10,4,,ryu_controller,361493,39.8,60039168
2026-04-24T21:30:48.444158+00:00,recovery_scenario,iperf_tcp,10,4,service_started,,,,
2026-04-24T21:30:48.481378+00:00,recovery_scenario,iperf_tcp,10,4,,twin_core,361501,19.9,66920448
2026-04-24T21:30:48.481378+00:00,recovery_scenario,iperf_tcp,10,4,,ryu_controller,361493,39.7,60039168
2026-04-24T21:30:48.582565+00:00,recovery_scenario,iperf_tcp,10,4,,twin_core,361501,0.0,66920448
2026-04-24T21:30:48.582565+00:00,recovery_scenario,iperf_tcp,10,4,,ryu_controller,361493,29.7,60039168
2026-04-24T21:30:48.683116+00:00,recovery_scenario,iperf_tcp,10,4,,twin_core,361501,0.0,66920448
2026-04-24T21:30:48.683116+00:00,recovery_scenario,iperf_tcp,10,4,,ryu_controller,361493,29.9,60039168
2026-04-24T21:30:48.783517+00:00,recovery_scenario,iperf_tcp,10,4,,twin_core,361501,0.0,66920448
2026-04-24T21:30:48.783517+00:00,recovery_scenario,iperf_tcp,10,4,,ryu_controller,361493,29.9,60039168
2026-04-24T21:30:48.883990+00:00,recovery_scenario,iperf_tcp,10,4,,twin_core,361501,0.0,66920448
2026-04-24T21:30:48.883990+00:00,recovery_scenario,iperf_tcp,10,4,,ryu_controller,361493,19.9,60039168
2026-04-24T21:30:48.984377+00:00,recovery_scenario,iperf_tcp,10,4,,twin_core,361501,0.0,66920448
2026-04-24T21:30:48.984377+00:00,recovery_scenario,iperf_tcp,10,4,,ryu_controller,361493,0.0,60039168
2026-04-24T21:30:49.085587+00:00,recovery_scenario,iperf_tcp,10,4,,twin_core,361501,0.0,66920448
2026-04-24T21:30:49.085587+00:00,recovery_scenario,iperf_tcp,10,4,,ryu_controller,361493,0.0,60039168
2026-04-24T21:30:49.186106+00:00,recovery_scenario,iperf_tcp,10,4,,twin_core,361501,0.0,66920448
2026-04-24T21:30:49.186106+00:00,recovery_scenario,iperf_tcp,10,4,,ryu_controller,361493,29.9,60039168
2026-04-24T21:30:49.316036+00:00,recovery_scenario,iperf_tcp,10,4,,twin_core,361501,0.0,66920448
2026-04-24T21:30:49.316036+00:00,recovery_scenario,iperf_tcp,10,4,,ryu_controller,361493,92.0,60039168
2026-04-24T21:30:49.416978+00:00,recovery_scenario,iperf_tcp,10,4,,twin_core,361501,0.0,66920448
2026-04-24T21:30:49.416978+00:00,recovery_scenario,iperf_tcp,10,4,,ryu_controller,361493,39.8,60039168
2026-04-24T21:30:49.517436+00:00,recovery_scenario,iperf_tcp,10,4,,twin_core,361501,0.0,66920448
2026-04-24T21:30:49.517436+00:00,recovery_scenario,iperf_tcp,10,4,,ryu_controller,361493,19.9,60039168
2026-04-24T21:30:49.617904+00:00,recovery_scenario,iperf_tcp,10,4,,twin_core,361501,0.0,66920448
2026-04-24T21:30:49.617904+00:00,recovery_scenario,iperf_tcp,10,4,,ryu_controller,361493,19.9,60039168
2026-04-24T21:30:49.718305+00:00,recovery_scenario,iperf_tcp,10,4,,twin_core,361501,0.0,66920448
2026-04-24T21:30:49.718305+00:00,recovery_scenario,iperf_tcp,10,4,,ryu_controller,361493,19.9,60039168
2026-04-24T21:30:49.818760+00:00,recovery_scenario,iperf_tcp,10,4,,twin_core,361501,0.0,66920448
2026-04-24T21:30:49.818760+00:00,recovery_scenario,iperf_tcp,10,4,,ryu_controller,361493,19.9,60039168
2026-04-24T21:30:49.919176+00:00,recovery_scenario,iperf_tcp,10,4,,twin_core,361501,0.0,66920448
2026-04-24T21:30:49.919176+00:00,recovery_scenario,iperf_tcp,10,4,,ryu_controller,361493,19.9,60039168
2026-04-24T21:30:50.019566+00:00,recovery_scenario,iperf_tcp,10,4,,twin_core,361501,10.0,66920448
2026-04-24T21:30:50.019566+00:00,recovery_scenario,iperf_tcp,10,4,,ryu_controller,361493,19.9,60039168
2026-04-24T21:30:50.120126+00:00,recovery_scenario,iperf_tcp,10,4,,twin_core,361501,0.0,66920448
2026-04-24T21:30:50.120126+00:00,recovery_scenario,iperf_tcp,10,4,,ryu_controller,361493,0.0,60039168
2026-04-24T21:30:50.220586+00:00,recovery_scenario,iperf_tcp,10,4,,twin_core,361501,0.0,66920448
2026-04-24T21:30:50.220586+00:00,recovery_scenario,iperf_tcp,10,4,,ryu_controller,361493,10.0,60039168
2026-04-24T21:30:50.323303+00:00,recovery_scenario,iperf_tcp,10,4,,twin_core,361501,0.0,66920448
2026-04-24T21:30:50.323303+00:00,recovery_scenario,iperf_tcp,10,4,,ryu_controller,361493,0.0,60039168
2026-04-24T21:30:50.428525+00:00,recovery_scenario,iperf_tcp,10,4,,twin_core,361501,0.0,66920448
2026-04-24T21:30:50.428525+00:00,recovery_scenario,iperf_tcp,10,4,,ryu_controller,361493,18.9,60039168
2026-04-24T21:30:50.529386+00:00,recovery_scenario,iperf_tcp,10,4,,twin_core,361501,9.9,66920448
2026-04-24T21:30:50.529386+00:00,recovery_scenario,iperf_tcp,10,4,,ryu_controller,361493,19.9,60039168
2026-04-24T21:30:50.629849+00:00,recovery_scenario,iperf_tcp,10,4,,twin_core,361501,10.0,66920448
2026-04-24T21:30:50.629849+00:00,recovery_scenario,iperf_tcp,10,4,,ryu_controller,361493,39.7,60039168
2026-04-24T21:30:50.730596+00:00,recovery_scenario,iperf_tcp,10,4,,twin_core,361501,0.0,66920448
2026-04-24T21:30:50.730596+00:00,recovery_scenario,iperf_tcp,10,4,,ryu_controller,361493,39.8,60039168
2026-04-24T21:30:50.831758+00:00,recovery_scenario,iperf_tcp,10,4,,twin_core,361501,0.0,66920448
2026-04-24T21:30:50.831758+00:00,recovery_scenario,iperf_tcp,10,4,,ryu_controller,361493,39.6,60039168
2026-04-24T21:30:50.932244+00:00,recovery_scenario,iperf_tcp,10,4,,twin_core,361501,0.0,66920448
2026-04-24T21:30:50.932244+00:00,recovery_scenario,iperf_tcp,10,4,,ryu_controller,361493,9.9,60039168
2026-04-24T21:30:51.032837+00:00,recovery_scenario,iperf_tcp,10,4,,twin_core,361501,0.0,66920448
2026-04-24T21:30:51.032837+00:00,recovery_scenario,iperf_tcp,10,4,,ryu_controller,361493,0.0,60039168
2026-04-24T21:30:51.133429+00:00,recovery_scenario,iperf_tcp,10,4,,twin_core,361501,0.0,66920448
2026-04-24T21:30:51.133429+00:00,recovery_scenario,iperf_tcp,10,4,,ryu_controller,361493,9.9,60039168
2026-04-24T21:30:51.234096+00:00,recovery_scenario,iperf_tcp,10,4,,twin_core,361501,0.0,66920448
2026-04-24T21:30:51.234096+00:00,recovery_scenario,iperf_tcp,10,4,,ryu_controller,361493,10.0,60039168
2026-04-24T21:30:51.334551+00:00,recovery_scenario,iperf_tcp,10,4,,twin_core,361501,0.0,66920448
2026-04-24T21:30:51.334551+00:00,recovery_scenario,iperf_tcp,10,4,,ryu_controller,361493,10.0,60039168
2026-04-24T21:30:51.435995+00:00,recovery_scenario,iperf_tcp,10,4,,twin_core,361501,0.0,66920448
2026-04-24T21:30:51.435995+00:00,recovery_scenario,iperf_tcp,10,4,,ryu_controller,361493,29.6,60039168
2026-04-24T21:30:51.536389+00:00,recovery_scenario,iperf_tcp,10,4,,twin_core,361501,0.0,66920448
2026-04-24T21:30:51.536389+00:00,recovery_scenario,iperf_tcp,10,4,,ryu_controller,361493,0.0,60039168
2026-04-24T21:30:51.636754+00:00,recovery_scenario,iperf_tcp,10,4,,twin_core,361501,0.0,66920448
2026-04-24T21:30:51.636754+00:00,recovery_scenario,iperf_tcp,10,4,,ryu_controller,361493,10.0,60039168
2026-04-24T21:30:51.738003+00:00,recovery_scenario,iperf_tcp,10,4,,twin_core,361501,0.0,66920448
2026-04-24T21:30:51.738003+00:00,recovery_scenario,iperf_tcp,10,4,,ryu_controller,361493,9.9,60039168
2026-04-24T21:30:51.838379+00:00,recovery_scenario,iperf_tcp,10,4,,twin_core,361501,0.0,66920448
2026-04-24T21:30:51.838379+00:00,recovery_scenario,iperf_tcp,10,4,,ryu_controller,361493,10.0,60039168
2026-04-24T21:30:51.939486+00:00,recovery_scenario,iperf_tcp,10,4,,twin_core,361501,0.0,66920448
2026-04-24T21:30:51.939486+00:00,recovery_scenario,iperf_tcp,10,4,,ryu_controller,361493,9.9,60039168
2026-04-24T21:30:52.040032+00:00,recovery_scenario,iperf_tcp,10,4,,twin_core,361501,9.9,66920448
2026-04-24T21:30:52.040032+00:00,recovery_scenario,iperf_tcp,10,4,,ryu_controller,361493,9.9,60039168
2026-04-24T21:30:52.140512+00:00,recovery_scenario,iperf_tcp,10,4,,twin_core,361501,0.0,66920448
2026-04-24T21:30:52.140512+00:00,recovery_scenario,iperf_tcp,10,4,,ryu_controller,361493,9.9,60039168
2026-04-24T21:30:52.241095+00:00,recovery_scenario,iperf_tcp,10,4,,twin_core,361501,0.0,66920448
2026-04-24T21:30:52.241095+00:00,recovery_scenario,iperf_tcp,10,4,,ryu_controller,361493,10.0,60039168
2026-04-24T21:30:52.341569+00:00,recovery_scenario,iperf_tcp,10,4,,twin_core,361501,0.0,66920448
2026-04-24T21:30:52.341569+00:00,recovery_scenario,iperf_tcp,10,4,,ryu_controller,361493,10.0,60039168
2026-04-24T21:30:52.442039+00:00,recovery_scenario,iperf_tcp,10,4,,twin_core,361501,0.0,66920448
2026-04-24T21:30:52.442039+00:00,recovery_scenario,iperf_tcp,10,4,,ryu_controller,361493,10.0,60039168
2026-04-24T21:30:52.545020+00:00,recovery_scenario,iperf_tcp,10,4,,twin_core,361501,0.0,66920448
2026-04-24T21:30:52.545020+00:00,recovery_scenario,iperf_tcp,10,4,,ryu_controller,361493,9.7,60039168
2026-04-24T21:30:52.645546+00:00,recovery_scenario,iperf_tcp,10,4,,twin_core,361501,19.9,66936832
2026-04-24T21:30:52.645546+00:00,recovery_scenario,iperf_tcp,10,4,,ryu_controller,361493,59.6,60039168
2026-04-24T21:30:52.746162+00:00,recovery_scenario,iperf_tcp,10,4,,twin_core,361501,0.0,66936832
2026-04-24T21:30:52.746162+00:00,recovery_scenario,iperf_tcp,10,4,,ryu_controller,361493,19.9,60039168
2026-04-24T21:30:52.846984+00:00,recovery_scenario,iperf_tcp,10,4,,twin_core,361501,0.0,66936832
2026-04-24T21:30:52.846984+00:00,recovery_scenario,iperf_tcp,10,4,,ryu_controller,361493,59.4,60039168
2026-04-24T21:30:52.949777+00:00,recovery_scenario,iperf_tcp,10,4,,twin_core,361501,0.0,66936832
2026-04-24T21:30:52.949777+00:00,recovery_scenario,iperf_tcp,10,4,,ryu_controller,361493,9.7,60039168
2026-04-24T21:30:53.050218+00:00,recovery_scenario,iperf_tcp,10,4,,twin_core,361501,0.0,66936832
2026-04-24T21:30:53.050218+00:00,recovery_scenario,iperf_tcp,10,4,,ryu_controller,361493,10.0,60039168
2026-04-24T21:30:53.150596+00:00,recovery_scenario,iperf_tcp,10,4,,twin_core,361501,0.0,66936832
2026-04-24T21:30:53.150596+00:00,recovery_scenario,iperf_tcp,10,4,,ryu_controller,361493,10.0,60039168
2026-04-24T21:30:53.251071+00:00,recovery_scenario,iperf_tcp,10,4,,twin_core,361501,10.0,66936832
2026-04-24T21:30:53.251071+00:00,recovery_scenario,iperf_tcp,10,4,,ryu_controller,361493,19.9,60039168
2026-04-24T21:30:53.351483+00:00,recovery_scenario,iperf_tcp,10,4,,twin_core,361501,0.0,66936832
2026-04-24T21:30:53.351483+00:00,recovery_scenario,iperf_tcp,10,4,,ryu_controller,361493,10.0,60039168
2026-04-24T21:30:53.452388+00:00,recovery_scenario,iperf_tcp,10,4,,twin_core,361501,0.0,66936832
2026-04-24T21:30:53.452388+00:00,recovery_scenario,iperf_tcp,10,4,,ryu_controller,361493,0.0,60039168
2026-04-24T21:30:53.552792+00:00,recovery_scenario,iperf_tcp,10,4,,twin_core,361501,0.0,66936832
2026-04-24T21:30:53.552792+00:00,recovery_scenario,iperf_tcp,10,4,,ryu_controller,361493,19.9,60039168
2026-04-24T21:30:53.653341+00:00,recovery_scenario,iperf_tcp,10,4,,twin_core,361501,0.0,66936832
2026-04-24T21:30:53.653341+00:00,recovery_scenario,iperf_tcp,10,4,,ryu_controller,361493,10.0,60039168
2026-04-24T21:30:53.753790+00:00,recovery_scenario,iperf_tcp,10,4,,twin_core,361501,0.0,66936832
2026-04-24T21:30:53.753790+00:00,recovery_scenario,iperf_tcp,10,4,,ryu_controller,361493,10.0,60039168
2026-04-24T21:30:53.858826+00:00,recovery_scenario,iperf_tcp,10,4,,twin_core,361501,0.0,66936832
2026-04-24T21:30:53.858826+00:00,recovery_scenario,iperf_tcp,10,4,,ryu_controller,361493,9.5,60039168
2026-04-24T21:30:53.960683+00:00,recovery_scenario,iperf_tcp,10,4,,twin_core,361501,0.0,66936832
2026-04-24T21:30:53.960683+00:00,recovery_scenario,iperf_tcp,10,4,,ryu_controller,361493,29.4,60039168
2026-04-24T21:30:54.064246+00:00,recovery_scenario,iperf_tcp,10,4,,twin_core,361501,0.0,66936832
2026-04-24T21:30:54.064246+00:00,recovery_scenario,iperf_tcp,10,4,,ryu_controller,361493,0.0,60039168
2026-04-24T21:30:54.167975+00:00,recovery_scenario,iperf_tcp,10,4,,twin_core,361501,9.5,66936832
2026-04-24T21:30:54.167975+00:00,recovery_scenario,iperf_tcp,10,4,,ryu_controller,361493,0.0,60039168
2026-04-24T21:30:54.228441+00:00,recovery_scenario,iperf_tcp,10,4,pingall_completed,,,,
2026-04-24T21:30:54.274678+00:00,recovery_scenario,iperf_tcp,10,4,,twin_core,361501,0.0,66936832
2026-04-24T21:30:54.274678+00:00,recovery_scenario,iperf_tcp,10,4,,ryu_controller,361493,0.0,60039168
2026-04-24T21:30:54.375153+00:00,recovery_scenario,iperf_tcp,10,4,,twin_core,361501,0.0,66936832
2026-04-24T21:30:54.375153+00:00,recovery_scenario,iperf_tcp,10,4,,ryu_controller,361493,0.0,60039168
2026-04-24T21:30:54.475788+00:00,recovery_scenario,iperf_tcp,10,4,,twin_core,361501,9.9,66936832
2026-04-24T21:30:54.475788+00:00,recovery_scenario,iperf_tcp,10,4,,ryu_controller,361493,9.9,60039168
2026-04-24T21:30:54.579563+00:00,recovery_scenario,iperf_tcp,10,4,,twin_core,361501,0.0,66936832
2026-04-24T21:30:54.579563+00:00,recovery_scenario,iperf_tcp,10,4,,ryu_controller,361493,9.6,60039168
2026-04-24T21:30:54.680896+00:00,recovery_scenario,iperf_tcp,10,4,,twin_core,361501,9.9,66936832
2026-04-24T21:30:54.680896+00:00,recovery_scenario,iperf_tcp,10,4,,ryu_controller,361493,29.7,60039168
2026-04-24T21:30:54.784991+00:00,recovery_scenario,iperf_tcp,10,4,,twin_core,361501,9.6,66953216
2026-04-24T21:30:54.784991+00:00,recovery_scenario,iperf_tcp,10,4,,ryu_controller,361493,48.0,60096512
2026-04-24T21:30:54.885470+00:00,recovery_scenario,iperf_tcp,10,4,,twin_core,361501,0.0,66953216
2026-04-24T21:30:54.885470+00:00,recovery_scenario,iperf_tcp,10,4,,ryu_controller,361493,9.9,60096512
2026-04-24T21:30:54.986196+00:00,recovery_scenario,iperf_tcp,10,4,,twin_core,361501,0.0,66953216
2026-04-24T21:30:54.986196+00:00,recovery_scenario,iperf_tcp,10,4,,ryu_controller,361493,59.6,60129280
2026-04-24T21:30:55.088949+00:00,recovery_scenario,iperf_tcp,10,4,,twin_core,361501,0.0,66953216
2026-04-24T21:30:55.088949+00:00,recovery_scenario,iperf_tcp,10,4,,ryu_controller,361493,0.0,60129280
2026-04-24T21:30:55.192312+00:00,recovery_scenario,iperf_tcp,10,4,,twin_core,361501,0.0,66953216
2026-04-24T21:30:55.192312+00:00,recovery_scenario,iperf_tcp,10,4,,ryu_controller,361493,0.0,60129280
2026-04-24T21:30:55.294227+00:00,recovery_scenario,iperf_tcp,10,4,,twin_core,361501,9.8,66953216
2026-04-24T21:30:55.294227+00:00,recovery_scenario,iperf_tcp,10,4,,ryu_controller,361493,9.8,60129280
2026-04-24T21:30:55.394871+00:00,recovery_scenario,iperf_tcp,10,4,,twin_core,361501,0.0,66953216
2026-04-24T21:30:55.394871+00:00,recovery_scenario,iperf_tcp,10,4,,ryu_controller,361493,0.0,60129280
2026-04-24T21:30:55.495274+00:00,recovery_scenario,iperf_tcp,10,4,,twin_core,361501,0.0,66953216
2026-04-24T21:30:55.495274+00:00,recovery_scenario,iperf_tcp,10,4,,ryu_controller,361493,0.0,60129280
2026-04-24T21:30:55.597834+00:00,recovery_scenario,iperf_tcp,10,4,,twin_core,361501,0.0,66953216
2026-04-24T21:30:55.597834+00:00,recovery_scenario,iperf_tcp,10,4,,ryu_controller,361493,0.0,60129280
2026-04-24T21:30:55.698239+00:00,recovery_scenario,iperf_tcp,10,4,,twin_core,361501,0.0,66953216
2026-04-24T21:30:55.698239+00:00,recovery_scenario,iperf_tcp,10,4,,ryu_controller,361493,10.0,60129280
2026-04-24T21:30:55.799376+00:00,recovery_scenario,iperf_tcp,10,4,,twin_core,361501,0.0,66953216
2026-04-24T21:30:55.799376+00:00,recovery_scenario,iperf_tcp,10,4,,ryu_controller,361493,0.0,60129280
2026-04-24T21:30:55.901800+00:00,recovery_scenario,iperf_tcp,10,4,,twin_core,361501,0.0,66953216
2026-04-24T21:30:55.901800+00:00,recovery_scenario,iperf_tcp,10,4,,ryu_controller,361493,0.0,60129280
2026-04-24T21:30:56.002812+00:00,recovery_scenario,iperf_tcp,10,4,,twin_core,361501,0.0,66953216
2026-04-24T21:30:56.002812+00:00,recovery_scenario,iperf_tcp,10,4,,ryu_controller,361493,0.0,60129280
2026-04-24T21:30:56.103830+00:00,recovery_scenario,iperf_tcp,10,4,,twin_core,361501,0.0,66953216
2026-04-24T21:30:56.103830+00:00,recovery_scenario,iperf_tcp,10,4,,ryu_controller,361493,0.0,60129280
2026-04-24T21:30:56.204662+00:00,recovery_scenario,iperf_tcp,10,4,,twin_core,361501,0.0,66953216
2026-04-24T21:30:56.204662+00:00,recovery_scenario,iperf_tcp,10,4,,ryu_controller,361493,0.0,60129280
2026-04-24T21:30:56.264877+00:00,recovery_scenario,iperf_tcp,10,4,background_traffic_started,,,,
2026-04-24T21:30:56.307321+00:00,recovery_scenario,iperf_tcp,10,4,,twin_core,361501,0.0,66953216
2026-04-24T21:30:56.307321+00:00,recovery_scenario,iperf_tcp,10,4,,ryu_controller,361493,9.8,60129280
2026-04-24T21:30:56.407679+00:00,recovery_scenario,iperf_tcp,10,4,,twin_core,361501,10.0,66953216
2026-04-24T21:30:56.407679+00:00,recovery_scenario,iperf_tcp,10,4,,ryu_controller,361493,29.9,60129280
2026-04-24T21:30:56.509330+00:00,recovery_scenario,iperf_tcp,10,4,,twin_core,361501,9.8,66953216
2026-04-24T21:30:56.509330+00:00,recovery_scenario,iperf_tcp,10,4,,ryu_controller,361493,39.4,60129280
2026-04-24T21:30:56.540601+00:00,recovery_scenario,iperf_tcp,10,4,fault_injected,,,,
2026-04-24T21:30:56.609831+00:00,recovery_scenario,iperf_tcp,10,4,,twin_core,361501,0.0,66977792
2026-04-24T21:30:56.609831+00:00,recovery_scenario,iperf_tcp,10,4,,ryu_controller,361493,49.7,60129280
2026-04-24T21:30:56.711413+00:00,recovery_scenario,iperf_tcp,10,4,,twin_core,361501,0.0,66977792
2026-04-24T21:30:56.711413+00:00,recovery_scenario,iperf_tcp,10,4,,ryu_controller,361493,49.1,60129280
2026-04-24T21:30:56.812873+00:00,recovery_scenario,iperf_tcp,10,4,,twin_core,361501,0.0,66977792
2026-04-24T21:30:56.812873+00:00,recovery_scenario,iperf_tcp,10,4,,ryu_controller,361493,59.3,60129280
2026-04-24T21:30:56.913310+00:00,recovery_scenario,iperf_tcp,10,4,,twin_core,361501,0.0,66977792
2026-04-24T21:30:56.913310+00:00,recovery_scenario,iperf_tcp,10,4,,ryu_controller,361493,89.6,60129280
2026-04-24T21:30:57.014762+00:00,recovery_scenario,iperf_tcp,10,4,,twin_core,361501,9.9,66977792
2026-04-24T21:30:57.014762+00:00,recovery_scenario,iperf_tcp,10,4,,ryu_controller,361493,98.5,60129280
2026-04-24T21:30:57.115164+00:00,recovery_scenario,iperf_tcp,10,4,,twin_core,361501,0.0,66977792
2026-04-24T21:30:57.115164+00:00,recovery_scenario,iperf_tcp,10,4,,ryu_controller,361493,89.6,60129280
2026-04-24T21:30:57.215630+00:00,recovery_scenario,iperf_tcp,10,4,,twin_core,361501,0.0,66977792
2026-04-24T21:30:57.215630+00:00,recovery_scenario,iperf_tcp,10,4,,ryu_controller,361493,109.3,60133376
2026-04-24T21:30:57.317392+00:00,recovery_scenario,iperf_tcp,10,4,,twin_core,361501,0.0,66977792
2026-04-24T21:30:57.317392+00:00,recovery_scenario,iperf_tcp,10,4,,ryu_controller,361493,88.6,60137472
2026-04-24T21:30:57.417765+00:00,recovery_scenario,iperf_tcp,10,4,,twin_core,361501,0.0,66977792
2026-04-24T21:30:57.417765+00:00,recovery_scenario,iperf_tcp,10,4,,ryu_controller,361493,89.6,60137472
2026-04-24T21:30:57.518275+00:00,recovery_scenario,iperf_tcp,10,4,,twin_core,361501,0.0,66977792
2026-04-24T21:30:57.518275+00:00,recovery_scenario,iperf_tcp,10,4,,ryu_controller,361493,109.4,60137472
2026-04-24T21:30:57.618870+00:00,recovery_scenario,iperf_tcp,10,4,,twin_core,361501,0.0,66977792
2026-04-24T21:30:57.618870+00:00,recovery_scenario,iperf_tcp,10,4,,ryu_controller,361493,79.6,60137472
2026-04-24T21:30:57.719286+00:00,recovery_scenario,iperf_tcp,10,4,,twin_core,361501,0.0,66977792
2026-04-24T21:30:57.719286+00:00,recovery_scenario,iperf_tcp,10,4,,ryu_controller,361493,89.6,60137472
2026-04-24T21:30:57.820165+00:00,recovery_scenario,iperf_tcp,10,4,,twin_core,361501,0.0,66977792
2026-04-24T21:30:57.820165+00:00,recovery_scenario,iperf_tcp,10,4,,ryu_controller,361493,78.8,60137472
2026-04-24T21:30:57.921207+00:00,recovery_scenario,iperf_tcp,10,4,,twin_core,361501,0.0,66977792
2026-04-24T21:30:57.921207+00:00,recovery_scenario,iperf_tcp,10,4,,ryu_controller,361493,69.7,60137472
2026-04-24T21:30:58.022091+00:00,recovery_scenario,iperf_tcp,10,4,,twin_core,361501,0.0,66977792
2026-04-24T21:30:58.022091+00:00,recovery_scenario,iperf_tcp,10,4,,ryu_controller,361493,49.5,60137472
2026-04-24T21:30:58.123817+00:00,recovery_scenario,iperf_tcp,10,4,,twin_core,361501,0.0,66977792
2026-04-24T21:30:58.123817+00:00,recovery_scenario,iperf_tcp,10,4,,ryu_controller,361493,39.3,60137472
2026-04-24T21:30:58.224289+00:00,recovery_scenario,iperf_tcp,10,4,,twin_core,361501,0.0,66977792
2026-04-24T21:30:58.224289+00:00,recovery_scenario,iperf_tcp,10,4,,ryu_controller,361493,59.4,60137472
2026-04-24T21:30:58.325393+00:00,recovery_scenario,iperf_tcp,10,4,,twin_core,361501,9.9,66977792
2026-04-24T21:30:58.325393+00:00,recovery_scenario,iperf_tcp,10,4,,ryu_controller,361493,59.5,60137472
2026-04-24T21:30:58.426280+00:00,recovery_scenario,iperf_tcp,10,4,,twin_core,361501,0.0,66977792
2026-04-24T21:30:58.426280+00:00,recovery_scenario,iperf_tcp,10,4,,ryu_controller,361493,49.8,60137472
2026-04-24T21:30:58.526897+00:00,recovery_scenario,iperf_tcp,10,4,,twin_core,361501,0.0,66977792
2026-04-24T21:30:58.526897+00:00,recovery_scenario,iperf_tcp,10,4,,ryu_controller,361493,0.0,60137472
2026-04-24T21:30:58.627276+00:00,recovery_scenario,iperf_tcp,10,4,,twin_core,361501,10.0,66977792
2026-04-24T21:30:58.627276+00:00,recovery_scenario,iperf_tcp,10,4,,ryu_controller,361493,29.9,60137472
2026-04-24T21:30:58.727619+00:00,recovery_scenario,iperf_tcp,10,4,,twin_core,361501,0.0,66977792
2026-04-24T21:30:58.727619+00:00,recovery_scenario,iperf_tcp,10,4,,ryu_controller,361493,39.7,60137472
2026-04-24T21:30:58.754345+00:00,recovery_scenario,iperf_tcp,10,4,recovery_requested,,,,
2026-04-24T21:30:58.829284+00:00,recovery_scenario,iperf_tcp,10,4,,twin_core,361501,9.8,66977792
2026-04-24T21:30:58.829284+00:00,recovery_scenario,iperf_tcp,10,4,,ryu_controller,361493,19.8,60137472
2026-04-24T21:30:58.929631+00:00,recovery_scenario,iperf_tcp,10,4,,twin_core,361501,0.0,66977792
2026-04-24T21:30:58.929631+00:00,recovery_scenario,iperf_tcp,10,4,,ryu_controller,361493,29.6,60137472
2026-04-24T21:30:59.031267+00:00,recovery_scenario,iperf_tcp,10,4,,twin_core,361501,0.0,66977792
2026-04-24T21:30:59.031267+00:00,recovery_scenario,iperf_tcp,10,4,,ryu_controller,361493,29.7,60137472
2026-04-24T21:30:59.132190+00:00,recovery_scenario,iperf_tcp,10,4,,twin_core,361501,0.0,66977792
2026-04-24T21:30:59.132190+00:00,recovery_scenario,iperf_tcp,10,4,,ryu_controller,361493,39.9,60137472
2026-04-24T21:30:59.235507+00:00,recovery_scenario,iperf_tcp,10,4,,twin_core,361501,0.0,66977792
2026-04-24T21:30:59.235507+00:00,recovery_scenario,iperf_tcp,10,4,,ryu_controller,361493,38.7,60137472
2026-04-24T21:30:59.336057+00:00,recovery_scenario,iperf_tcp,10,4,,twin_core,361501,0.0,66977792
2026-04-24T21:30:59.336057+00:00,recovery_scenario,iperf_tcp,10,4,,ryu_controller,361493,29.8,60137472
2026-04-24T21:30:59.436546+00:00,recovery_scenario,iperf_tcp,10,4,,twin_core,361501,0.0,66977792
2026-04-24T21:30:59.436546+00:00,recovery_scenario,iperf_tcp,10,4,,ryu_controller,361493,49.7,60137472
2026-04-24T21:30:59.539749+00:00,recovery_scenario,iperf_tcp,10,4,,twin_core,361501,9.7,66977792
2026-04-24T21:30:59.539749+00:00,recovery_scenario,iperf_tcp,10,4,,ryu_controller,361493,38.8,60137472
2026-04-24T21:30:59.640107+00:00,recovery_scenario,iperf_tcp,10,4,,twin_core,361501,0.0,66977792
2026-04-24T21:30:59.640107+00:00,recovery_scenario,iperf_tcp,10,4,,ryu_controller,361493,49.8,60137472
2026-04-24T21:30:59.741174+00:00,recovery_scenario,iperf_tcp,10,4,,twin_core,361501,0.0,66977792
2026-04-24T21:30:59.741174+00:00,recovery_scenario,iperf_tcp,10,4,,ryu_controller,361493,49.5,60137472
2026-04-24T21:30:59.841578+00:00,recovery_scenario,iperf_tcp,10,4,,twin_core,361501,0.0,66977792
2026-04-24T21:30:59.841578+00:00,recovery_scenario,iperf_tcp,10,4,,ryu_controller,361493,59.5,60137472
2026-04-24T21:30:59.943421+00:00,recovery_scenario,iperf_tcp,10,4,,twin_core,361501,0.0,66977792
2026-04-24T21:30:59.943421+00:00,recovery_scenario,iperf_tcp,10,4,,ryu_controller,361493,58.6,60137472
2026-04-24T21:31:00.048276+00:00,recovery_scenario,iperf_tcp,10,4,,twin_core,361501,0.0,66977792
2026-04-24T21:31:00.048276+00:00,recovery_scenario,iperf_tcp,10,4,,ryu_controller,361493,57.7,60137472
2026-04-24T21:31:00.148663+00:00,recovery_scenario,iperf_tcp,10,4,,twin_core,361501,0.0,66977792
2026-04-24T21:31:00.148663+00:00,recovery_scenario,iperf_tcp,10,4,,ryu_controller,361493,59.7,60137472
2026-04-24T21:31:00.249099+00:00,recovery_scenario,iperf_tcp,10,4,,twin_core,361501,0.0,66977792
2026-04-24T21:31:00.249099+00:00,recovery_scenario,iperf_tcp,10,4,,ryu_controller,361493,59.8,60137472
2026-04-24T21:31:00.349458+00:00,recovery_scenario,iperf_tcp,10,4,,twin_core,361501,0.0,66977792
2026-04-24T21:31:00.349458+00:00,recovery_scenario,iperf_tcp,10,4,,ryu_controller,361493,89.6,60137472
2026-04-24T21:31:00.451812+00:00,recovery_scenario,iperf_tcp,10,4,,twin_core,361501,0.0,66977792
2026-04-24T21:31:00.451812+00:00,recovery_scenario,iperf_tcp,10,4,,ryu_controller,361493,88.0,60137472
2026-04-24T21:31:00.552595+00:00,recovery_scenario,iperf_tcp,10,4,,twin_core,361501,0.0,66977792
2026-04-24T21:31:00.552595+00:00,recovery_scenario,iperf_tcp,10,4,,ryu_controller,361493,89.2,60137472
2026-04-24T21:31:00.653132+00:00,recovery_scenario,iperf_tcp,10,4,,twin_core,361501,0.0,66977792
2026-04-24T21:31:00.653132+00:00,recovery_scenario,iperf_tcp,10,4,,ryu_controller,361493,89.6,60137472
2026-04-24T21:31:00.753656+00:00,recovery_scenario,iperf_tcp,10,4,,twin_core,361501,0.0,66977792
2026-04-24T21:31:00.753656+00:00,recovery_scenario,iperf_tcp,10,4,,ryu_controller,361493,68.4,60137472
2026-04-24T21:31:00.856990+00:00,recovery_scenario,iperf_tcp,10,4,,twin_core,361501,9.7,66977792
2026-04-24T21:31:00.856990+00:00,recovery_scenario,iperf_tcp,10,4,,ryu_controller,361493,88.6,60137472
2026-04-24T21:31:00.957877+00:00,recovery_scenario,iperf_tcp,10,4,,twin_core,361501,0.0,66977792
2026-04-24T21:31:00.957877+00:00,recovery_scenario,iperf_tcp,10,4,,ryu_controller,361493,69.1,60137472
2026-04-24T21:31:01.059615+00:00,recovery_scenario,iperf_tcp,10,4,,twin_core,361501,0.0,66977792
2026-04-24T21:31:01.059615+00:00,recovery_scenario,iperf_tcp,10,4,,ryu_controller,361493,48.6,60137472
2026-04-24T21:31:01.163838+00:00,recovery_scenario,iperf_tcp,10,4,,twin_core,361501,0.0,66977792
2026-04-24T21:31:01.163838+00:00,recovery_scenario,iperf_tcp,10,4,,ryu_controller,361493,67.1,60137472
2026-04-24T21:31:01.267852+00:00,recovery_scenario,iperf_tcp,10,4,,twin_core,361501,19.2,66977792
2026-04-24T21:31:01.267852+00:00,recovery_scenario,iperf_tcp,10,4,,ryu_controller,361493,48.8,60137472
2026-04-24T21:31:01.369317+00:00,recovery_scenario,iperf_tcp,10,4,,twin_core,361501,0.0,66977792
2026-04-24T21:31:01.369317+00:00,recovery_scenario,iperf_tcp,10,4,,ryu_controller,361493,48.6,60137472
2026-04-24T21:31:01.475631+00:00,recovery_scenario,iperf_tcp,10,4,,twin_core,361501,0.0,66977792
2026-04-24T21:31:01.475631+00:00,recovery_scenario,iperf_tcp,10,4,,ryu_controller,361493,47.0,60137472
2026-04-24T21:31:01.581512+00:00,recovery_scenario,iperf_tcp,10,4,,twin_core,361501,0.0,66977792
2026-04-24T21:31:01.581512+00:00,recovery_scenario,iperf_tcp,10,4,,ryu_controller,361493,56.9,60137472
2026-04-24T21:31:01.683865+00:00,recovery_scenario,iperf_tcp,10,4,,twin_core,361501,0.0,66990080
2026-04-24T21:31:01.683865+00:00,recovery_scenario,iperf_tcp,10,4,,ryu_controller,361493,49.4,60137472
2026-04-24T21:31:01.785813+00:00,recovery_scenario,iperf_tcp,10,4,,twin_core,361501,0.0,66990080
2026-04-24T21:31:01.785813+00:00,recovery_scenario,iperf_tcp,10,4,,ryu_controller,361493,9.8,60137472
2026-04-24T21:31:01.888778+00:00,recovery_scenario,iperf_tcp,10,4,,twin_core,361501,9.7,66990080
2026-04-24T21:31:01.888778+00:00,recovery_scenario,iperf_tcp,10,4,,ryu_controller,361493,38.9,60137472
2026-04-24T21:31:01.895579+00:00,recovery_scenario,iperf_tcp,10,4,scenario_teardown,,,,
2026-04-24T21:31:01.989321+00:00,recovery_scenario,iperf_tcp,10,4,,twin_core,361501,9.9,66990080
2026-04-24T21:31:01.989321+00:00,recovery_scenario,iperf_tcp,10,4,,ryu_controller,361493,9.9,60137472
2026-04-24T21:31:02.089820+00:00,recovery_scenario,iperf_tcp,10,4,,twin_core,361501,0.0,66990080
2026-04-24T21:31:02.089820+00:00,recovery_scenario,iperf_tcp,10,4,,ryu_controller,361493,19.9,60137472
2026-04-24T21:31:02.190204+00:00,recovery_scenario,iperf_tcp,10,4,,twin_core,361501,0.0,66990080
2026-04-24T21:31:02.190204+00:00,recovery_scenario,iperf_tcp,10,4,,ryu_controller,361493,19.9,60137472
2026-04-24T21:31:02.290609+00:00,recovery_scenario,iperf_tcp,10,4,,twin_core,361501,0.0,66990080
2026-04-24T21:31:02.290609+00:00,recovery_scenario,iperf_tcp,10,4,,ryu_controller,361493,0.0,60137472
2026-04-24T21:31:02.763045+00:00,recovery_scenario,iperf_tcp,10,5,,twin_core,361501,0.0,66990080
2026-04-24T21:31:02.763045+00:00,recovery_scenario,iperf_tcp,10,5,,ryu_controller,361493,0.0,60137472
2026-04-24T21:31:02.863568+00:00,recovery_scenario,iperf_tcp,10,5,,twin_core,361501,0.0,66990080
2026-04-24T21:31:02.863568+00:00,recovery_scenario,iperf_tcp,10,5,,ryu_controller,361493,29.8,60137472
2026-04-24T21:31:02.964239+00:00,recovery_scenario,iperf_tcp,10,5,,twin_core,361501,9.9,66990080
2026-04-24T21:31:02.964239+00:00,recovery_scenario,iperf_tcp,10,5,,ryu_controller,361493,19.9,60137472
2026-04-24T21:31:03.024940+00:00,recovery_scenario,iperf_tcp,10,5,service_started,,,,
2026-04-24T21:31:03.064633+00:00,recovery_scenario,iperf_tcp,10,5,,twin_core,361501,10.0,66998272
2026-04-24T21:31:03.064633+00:00,recovery_scenario,iperf_tcp,10,5,,ryu_controller,361493,39.8,60137472
2026-04-24T21:31:03.166191+00:00,recovery_scenario,iperf_tcp,10,5,,twin_core,361501,0.0,67014656
2026-04-24T21:31:03.166191+00:00,recovery_scenario,iperf_tcp,10,5,,ryu_controller,361493,9.9,60137472
2026-04-24T21:31:03.266668+00:00,recovery_scenario,iperf_tcp,10,5,,twin_core,361501,9.9,67014656
2026-04-24T21:31:03.266668+00:00,recovery_scenario,iperf_tcp,10,5,,ryu_controller,361493,9.9,60137472
2026-04-24T21:31:03.367804+00:00,recovery_scenario,iperf_tcp,10,5,,twin_core,361501,0.0,67014656
2026-04-24T21:31:03.367804+00:00,recovery_scenario,iperf_tcp,10,5,,ryu_controller,361493,9.9,60137472
2026-04-24T21:31:03.468310+00:00,recovery_scenario,iperf_tcp,10,5,,twin_core,361501,0.0,67014656
2026-04-24T21:31:03.468310+00:00,recovery_scenario,iperf_tcp,10,5,,ryu_controller,361493,39.8,60137472
2026-04-24T21:31:03.569046+00:00,recovery_scenario,iperf_tcp,10,5,,twin_core,361501,0.0,67014656
2026-04-24T21:31:03.569046+00:00,recovery_scenario,iperf_tcp,10,5,,ryu_controller,361493,9.9,60137472
2026-04-24T21:31:03.674171+00:00,recovery_scenario,iperf_tcp,10,5,,twin_core,361501,0.0,67014656
2026-04-24T21:31:03.674171+00:00,recovery_scenario,iperf_tcp,10,5,,ryu_controller,361493,85.5,60137472
2026-04-24T21:31:03.774931+00:00,recovery_scenario,iperf_tcp,10,5,,twin_core,361501,0.0,67014656
2026-04-24T21:31:03.774931+00:00,recovery_scenario,iperf_tcp,10,5,,ryu_controller,361493,19.9,60137472
2026-04-24T21:31:03.875374+00:00,recovery_scenario,iperf_tcp,10,5,,twin_core,361501,0.0,67014656
2026-04-24T21:31:03.875374+00:00,recovery_scenario,iperf_tcp,10,5,,ryu_controller,361493,19.9,60137472
2026-04-24T21:31:03.978523+00:00,recovery_scenario,iperf_tcp,10,5,,twin_core,361501,0.0,67014656
2026-04-24T21:31:03.978523+00:00,recovery_scenario,iperf_tcp,10,5,,ryu_controller,361493,29.0,60137472
2026-04-24T21:31:04.082685+00:00,recovery_scenario,iperf_tcp,10,5,,twin_core,361501,0.0,67014656
2026-04-24T21:31:04.082685+00:00,recovery_scenario,iperf_tcp,10,5,,ryu_controller,361493,0.0,60137472
2026-04-24T21:31:04.184210+00:00,recovery_scenario,iperf_tcp,10,5,,twin_core,361501,0.0,67014656
2026-04-24T21:31:04.184210+00:00,recovery_scenario,iperf_tcp,10,5,,ryu_controller,361493,29.6,60137472
2026-04-24T21:31:04.284628+00:00,recovery_scenario,iperf_tcp,10,5,,twin_core,361501,0.0,67014656
2026-04-24T21:31:04.284628+00:00,recovery_scenario,iperf_tcp,10,5,,ryu_controller,361493,10.0,60137472
2026-04-24T21:31:04.385680+00:00,recovery_scenario,iperf_tcp,10,5,,twin_core,361501,0.0,67014656
2026-04-24T21:31:04.385680+00:00,recovery_scenario,iperf_tcp,10,5,,ryu_controller,361493,9.9,60137472
2026-04-24T21:31:04.486075+00:00,recovery_scenario,iperf_tcp,10,5,,twin_core,361501,0.0,67014656
2026-04-24T21:31:04.486075+00:00,recovery_scenario,iperf_tcp,10,5,,ryu_controller,361493,19.9,60137472
2026-04-24T21:31:04.586548+00:00,recovery_scenario,iperf_tcp,10,5,,twin_core,361501,0.0,67014656
2026-04-24T21:31:04.586548+00:00,recovery_scenario,iperf_tcp,10,5,,ryu_controller,361493,29.8,60137472
2026-04-24T21:31:04.687628+00:00,recovery_scenario,iperf_tcp,10,5,,twin_core,361501,0.0,67014656
2026-04-24T21:31:04.687628+00:00,recovery_scenario,iperf_tcp,10,5,,ryu_controller,361493,29.7,60137472
2026-04-24T21:31:04.788548+00:00,recovery_scenario,iperf_tcp,10,5,,twin_core,361501,0.0,67014656
2026-04-24T21:31:04.788548+00:00,recovery_scenario,iperf_tcp,10,5,,ryu_controller,361493,19.8,60137472
2026-04-24T21:31:04.889570+00:00,recovery_scenario,iperf_tcp,10,5,,twin_core,361501,0.0,67014656
2026-04-24T21:31:04.889570+00:00,recovery_scenario,iperf_tcp,10,5,,ryu_controller,361493,9.9,60137472
2026-04-24T21:31:04.993512+00:00,recovery_scenario,iperf_tcp,10,5,,twin_core,361501,9.6,67014656
2026-04-24T21:31:04.993512+00:00,recovery_scenario,iperf_tcp,10,5,,ryu_controller,361493,0.0,60137472
2026-04-24T21:31:05.094007+00:00,recovery_scenario,iperf_tcp,10,5,,twin_core,361501,0.0,67014656
2026-04-24T21:31:05.094007+00:00,recovery_scenario,iperf_tcp,10,5,,ryu_controller,361493,19.9,60137472
2026-04-24T21:31:05.194326+00:00,recovery_scenario,iperf_tcp,10,5,,twin_core,361501,0.0,67014656
2026-04-24T21:31:05.194326+00:00,recovery_scenario,iperf_tcp,10,5,,ryu_controller,361493,49.7,60137472
2026-04-24T21:31:05.295087+00:00,recovery_scenario,iperf_tcp,10,5,,twin_core,361501,9.9,67014656
2026-04-24T21:31:05.295087+00:00,recovery_scenario,iperf_tcp,10,5,,ryu_controller,361493,9.9,60137472
2026-04-24T21:31:05.397182+00:00,recovery_scenario,iperf_tcp,10,5,,twin_core,361501,0.0,67014656
2026-04-24T21:31:05.397182+00:00,recovery_scenario,iperf_tcp,10,5,,ryu_controller,361493,9.8,60137472
2026-04-24T21:31:05.497809+00:00,recovery_scenario,iperf_tcp,10,5,,twin_core,361501,0.0,67014656
2026-04-24T21:31:05.497809+00:00,recovery_scenario,iperf_tcp,10,5,,ryu_controller,361493,10.0,60137472
2026-04-24T21:31:05.598193+00:00,recovery_scenario,iperf_tcp,10,5,,twin_core,361501,0.0,67014656
2026-04-24T21:31:05.598193+00:00,recovery_scenario,iperf_tcp,10,5,,ryu_controller,361493,10.0,60137472
2026-04-24T21:31:05.698621+00:00,recovery_scenario,iperf_tcp,10,5,,twin_core,361501,10.0,67014656
2026-04-24T21:31:05.698621+00:00,recovery_scenario,iperf_tcp,10,5,,ryu_controller,361493,19.9,60137472
2026-04-24T21:31:05.799179+00:00,recovery_scenario,iperf_tcp,10,5,,twin_core,361501,0.0,67014656
2026-04-24T21:31:05.799179+00:00,recovery_scenario,iperf_tcp,10,5,,ryu_controller,361493,49.7,60137472
2026-04-24T21:31:05.899635+00:00,recovery_scenario,iperf_tcp,10,5,,twin_core,361501,0.0,67014656
2026-04-24T21:31:05.899635+00:00,recovery_scenario,iperf_tcp,10,5,,ryu_controller,361493,9.9,60137472
2026-04-24T21:31:06.000197+00:00,recovery_scenario,iperf_tcp,10,5,,twin_core,361501,0.0,67014656
2026-04-24T21:31:06.000197+00:00,recovery_scenario,iperf_tcp,10,5,,ryu_controller,361493,19.9,60137472
2026-04-24T21:31:06.100641+00:00,recovery_scenario,iperf_tcp,10,5,,twin_core,361501,0.0,67014656
2026-04-24T21:31:06.100641+00:00,recovery_scenario,iperf_tcp,10,5,,ryu_controller,361493,0.0,60137472
2026-04-24T21:31:06.201094+00:00,recovery_scenario,iperf_tcp,10,5,,twin_core,361501,0.0,67014656
2026-04-24T21:31:06.201094+00:00,recovery_scenario,iperf_tcp,10,5,,ryu_controller,361493,10.0,60137472
2026-04-24T21:31:06.301480+00:00,recovery_scenario,iperf_tcp,10,5,,twin_core,361501,0.0,67014656
2026-04-24T21:31:06.301480+00:00,recovery_scenario,iperf_tcp,10,5,,ryu_controller,361493,9.9,60137472
2026-04-24T21:31:06.403435+00:00,recovery_scenario,iperf_tcp,10,5,,twin_core,361501,0.0,67014656
2026-04-24T21:31:06.403435+00:00,recovery_scenario,iperf_tcp,10,5,,ryu_controller,361493,9.8,60137472
2026-04-24T21:31:06.505428+00:00,recovery_scenario,iperf_tcp,10,5,,twin_core,361501,0.0,67014656
2026-04-24T21:31:06.505428+00:00,recovery_scenario,iperf_tcp,10,5,,ryu_controller,361493,9.8,60137472
2026-04-24T21:31:06.606058+00:00,recovery_scenario,iperf_tcp,10,5,,twin_core,361501,0.0,67014656
2026-04-24T21:31:06.606058+00:00,recovery_scenario,iperf_tcp,10,5,,ryu_controller,361493,9.9,60137472
2026-04-24T21:31:06.707404+00:00,recovery_scenario,iperf_tcp,10,5,,twin_core,361501,0.0,67014656
2026-04-24T21:31:06.707404+00:00,recovery_scenario,iperf_tcp,10,5,,ryu_controller,361493,0.0,60137472
2026-04-24T21:31:06.807960+00:00,recovery_scenario,iperf_tcp,10,5,,twin_core,361501,9.9,67014656
2026-04-24T21:31:06.807960+00:00,recovery_scenario,iperf_tcp,10,5,,ryu_controller,361493,10.0,60137472
2026-04-24T21:31:06.908596+00:00,recovery_scenario,iperf_tcp,10,5,,twin_core,361501,0.0,67014656
2026-04-24T21:31:06.908596+00:00,recovery_scenario,iperf_tcp,10,5,,ryu_controller,361493,19.9,60137472
2026-04-24T21:31:07.010355+00:00,recovery_scenario,iperf_tcp,10,5,,twin_core,361501,0.0,67014656
2026-04-24T21:31:07.010355+00:00,recovery_scenario,iperf_tcp,10,5,,ryu_controller,361493,9.8,60137472
2026-04-24T21:31:07.111725+00:00,recovery_scenario,iperf_tcp,10,5,,twin_core,361501,0.0,67014656
2026-04-24T21:31:07.111725+00:00,recovery_scenario,iperf_tcp,10,5,,ryu_controller,361493,9.8,60137472
2026-04-24T21:31:07.212653+00:00,recovery_scenario,iperf_tcp,10,5,,twin_core,361501,9.9,67055616
2026-04-24T21:31:07.212653+00:00,recovery_scenario,iperf_tcp,10,5,,ryu_controller,361493,59.5,60137472
2026-04-24T21:31:07.313796+00:00,recovery_scenario,iperf_tcp,10,5,,twin_core,361501,0.0,67055616
2026-04-24T21:31:07.313796+00:00,recovery_scenario,iperf_tcp,10,5,,ryu_controller,361493,19.8,60137472
2026-04-24T21:31:07.414592+00:00,recovery_scenario,iperf_tcp,10,5,,twin_core,361501,0.0,67055616
2026-04-24T21:31:07.414592+00:00,recovery_scenario,iperf_tcp,10,5,,ryu_controller,361493,9.9,60137472
2026-04-24T21:31:07.516513+00:00,recovery_scenario,iperf_tcp,10,5,,twin_core,361501,0.0,67055616
2026-04-24T21:31:07.516513+00:00,recovery_scenario,iperf_tcp,10,5,,ryu_controller,361493,0.0,60137472
2026-04-24T21:31:07.617039+00:00,recovery_scenario,iperf_tcp,10,5,,twin_core,361501,0.0,67055616
2026-04-24T21:31:07.617039+00:00,recovery_scenario,iperf_tcp,10,5,,ryu_controller,361493,10.0,60137472
2026-04-24T21:31:07.719788+00:00,recovery_scenario,iperf_tcp,10,5,,twin_core,361501,0.0,67055616
2026-04-24T21:31:07.719788+00:00,recovery_scenario,iperf_tcp,10,5,,ryu_controller,361493,19.5,60137472
2026-04-24T21:31:07.820223+00:00,recovery_scenario,iperf_tcp,10,5,,twin_core,361501,10.0,67055616
2026-04-24T21:31:07.820223+00:00,recovery_scenario,iperf_tcp,10,5,,ryu_controller,361493,69.7,60137472
2026-04-24T21:31:07.920660+00:00,recovery_scenario,iperf_tcp,10,5,,twin_core,361501,0.0,67055616
2026-04-24T21:31:07.920660+00:00,recovery_scenario,iperf_tcp,10,5,,ryu_controller,361493,29.8,60137472
2026-04-24T21:31:08.021197+00:00,recovery_scenario,iperf_tcp,10,5,,twin_core,361501,0.0,67055616
2026-04-24T21:31:08.021197+00:00,recovery_scenario,iperf_tcp,10,5,,ryu_controller,361493,0.0,60137472
2026-04-24T21:31:08.121628+00:00,recovery_scenario,iperf_tcp,10,5,,twin_core,361501,0.0,67055616
2026-04-24T21:31:08.121628+00:00,recovery_scenario,iperf_tcp,10,5,,ryu_controller,361493,0.0,60137472
2026-04-24T21:31:08.222112+00:00,recovery_scenario,iperf_tcp,10,5,,twin_core,361501,0.0,67055616
2026-04-24T21:31:08.222112+00:00,recovery_scenario,iperf_tcp,10,5,,ryu_controller,361493,19.9,60137472
2026-04-24T21:31:08.322523+00:00,recovery_scenario,iperf_tcp,10,5,,twin_core,361501,0.0,67055616
2026-04-24T21:31:08.322523+00:00,recovery_scenario,iperf_tcp,10,5,,ryu_controller,361493,9.9,60137472
2026-04-24T21:31:08.423819+00:00,recovery_scenario,iperf_tcp,10,5,,twin_core,361501,0.0,67055616
2026-04-24T21:31:08.423819+00:00,recovery_scenario,iperf_tcp,10,5,,ryu_controller,361493,9.9,60137472
2026-04-24T21:31:08.525065+00:00,recovery_scenario,iperf_tcp,10,5,,twin_core,361501,0.0,67055616
2026-04-24T21:31:08.525065+00:00,recovery_scenario,iperf_tcp,10,5,,ryu_controller,361493,9.9,60137472
2026-04-24T21:31:08.625584+00:00,recovery_scenario,iperf_tcp,10,5,,twin_core,361501,10.0,67055616
2026-04-24T21:31:08.625584+00:00,recovery_scenario,iperf_tcp,10,5,,ryu_controller,361493,0.0,60137472
2026-04-24T21:31:08.726134+00:00,recovery_scenario,iperf_tcp,10,5,,twin_core,361501,0.0,67055616
2026-04-24T21:31:08.726134+00:00,recovery_scenario,iperf_tcp,10,5,,ryu_controller,361493,0.0,60137472
2026-04-24T21:31:08.793496+00:00,recovery_scenario,iperf_tcp,10,5,pingall_completed,,,,
2026-04-24T21:31:08.826667+00:00,recovery_scenario,iperf_tcp,10,5,,twin_core,361501,0.0,67055616
2026-04-24T21:31:08.826667+00:00,recovery_scenario,iperf_tcp,10,5,,ryu_controller,361493,29.8,60137472
2026-04-24T21:31:08.928813+00:00,recovery_scenario,iperf_tcp,10,5,,twin_core,361501,0.0,67055616
2026-04-24T21:31:08.928813+00:00,recovery_scenario,iperf_tcp,10,5,,ryu_controller,361493,0.0,60137472
2026-04-24T21:31:09.033545+00:00,recovery_scenario,iperf_tcp,10,5,,twin_core,361501,9.5,67055616
2026-04-24T21:31:09.033545+00:00,recovery_scenario,iperf_tcp,10,5,,ryu_controller,361493,0.0,60137472
2026-04-24T21:31:09.138947+00:00,recovery_scenario,iperf_tcp,10,5,,twin_core,361501,0.0,67055616
2026-04-24T21:31:09.138947+00:00,recovery_scenario,iperf_tcp,10,5,,ryu_controller,361493,9.5,60137472
2026-04-24T21:31:09.244368+00:00,recovery_scenario,iperf_tcp,10,5,,twin_core,361501,0.0,67055616
2026-04-24T21:31:09.244368+00:00,recovery_scenario,iperf_tcp,10,5,,ryu_controller,361493,28.4,60137472
2026-04-24T21:31:09.347094+00:00,recovery_scenario,iperf_tcp,10,5,,twin_core,361501,9.7,67108864
2026-04-24T21:31:09.347094+00:00,recovery_scenario,iperf_tcp,10,5,,ryu_controller,361493,78.0,60137472
2026-04-24T21:31:09.452532+00:00,recovery_scenario,iperf_tcp,10,5,,twin_core,361501,0.0,67108864
2026-04-24T21:31:09.452532+00:00,recovery_scenario,iperf_tcp,10,5,,ryu_controller,361493,0.0,60137472
2026-04-24T21:31:09.557875+00:00,recovery_scenario,iperf_tcp,10,5,,twin_core,361501,0.0,67108864
2026-04-24T21:31:09.557875+00:00,recovery_scenario,iperf_tcp,10,5,,ryu_controller,361493,0.0,60137472
2026-04-24T21:31:09.662914+00:00,recovery_scenario,iperf_tcp,10,5,,twin_core,361501,0.0,67108864
2026-04-24T21:31:09.662914+00:00,recovery_scenario,iperf_tcp,10,5,,ryu_controller,361493,0.0,60137472
2026-04-24T21:31:09.763530+00:00,recovery_scenario,iperf_tcp,10,5,,twin_core,361501,0.0,67108864
2026-04-24T21:31:09.763530+00:00,recovery_scenario,iperf_tcp,10,5,,ryu_controller,361493,0.0,60137472
2026-04-24T21:31:09.864181+00:00,recovery_scenario,iperf_tcp,10,5,,twin_core,361501,0.0,67108864
2026-04-24T21:31:09.864181+00:00,recovery_scenario,iperf_tcp,10,5,,ryu_controller,361493,19.9,60137472
2026-04-24T21:31:09.964555+00:00,recovery_scenario,iperf_tcp,10,5,,twin_core,361501,0.0,67108864
2026-04-24T21:31:09.964555+00:00,recovery_scenario,iperf_tcp,10,5,,ryu_controller,361493,59.7,60174336
2026-04-24T21:31:10.065060+00:00,recovery_scenario,iperf_tcp,10,5,,twin_core,361501,0.0,67108864
2026-04-24T21:31:10.065060+00:00,recovery_scenario,iperf_tcp,10,5,,ryu_controller,361493,0.0,60174336
2026-04-24T21:31:10.166064+00:00,recovery_scenario,iperf_tcp,10,5,,twin_core,361501,0.0,67108864
2026-04-24T21:31:10.166064+00:00,recovery_scenario,iperf_tcp,10,5,,ryu_controller,361493,0.0,60174336
2026-04-24T21:31:10.267296+00:00,recovery_scenario,iperf_tcp,10,5,,twin_core,361501,0.0,67108864
2026-04-24T21:31:10.267296+00:00,recovery_scenario,iperf_tcp,10,5,,ryu_controller,361493,0.0,60174336
2026-04-24T21:31:10.370075+00:00,recovery_scenario,iperf_tcp,10,5,,twin_core,361501,0.0,67108864
2026-04-24T21:31:10.370075+00:00,recovery_scenario,iperf_tcp,10,5,,ryu_controller,361493,0.0,60174336
2026-04-24T21:31:10.472064+00:00,recovery_scenario,iperf_tcp,10,5,,twin_core,361501,0.0,67108864
2026-04-24T21:31:10.472064+00:00,recovery_scenario,iperf_tcp,10,5,,ryu_controller,361493,9.8,60174336
2026-04-24T21:31:10.573809+00:00,recovery_scenario,iperf_tcp,10,5,,twin_core,361501,0.0,67108864
2026-04-24T21:31:10.573809+00:00,recovery_scenario,iperf_tcp,10,5,,ryu_controller,361493,0.0,60174336
2026-04-24T21:31:10.675265+00:00,recovery_scenario,iperf_tcp,10,5,,twin_core,361501,0.0,67108864
2026-04-24T21:31:10.675265+00:00,recovery_scenario,iperf_tcp,10,5,,ryu_controller,361493,0.0,60174336
2026-04-24T21:31:10.777084+00:00,recovery_scenario,iperf_tcp,10,5,,twin_core,361501,9.8,67108864
2026-04-24T21:31:10.777084+00:00,recovery_scenario,iperf_tcp,10,5,,ryu_controller,361493,0.0,60174336
2026-04-24T21:31:10.817776+00:00,recovery_scenario,iperf_tcp,10,5,background_traffic_started,,,,
2026-04-24T21:31:10.880269+00:00,recovery_scenario,iperf_tcp,10,5,,twin_core,361501,0.0,67108864
2026-04-24T21:31:10.880269+00:00,recovery_scenario,iperf_tcp,10,5,,ryu_controller,361493,19.5,60174336
2026-04-24T21:31:10.981262+00:00,recovery_scenario,iperf_tcp,10,5,,twin_core,361501,0.0,67108864
2026-04-24T21:31:10.981262+00:00,recovery_scenario,iperf_tcp,10,5,,ryu_controller,361493,29.7,60174336
2026-04-24T21:31:11.081631+00:00,recovery_scenario,iperf_tcp,10,5,,twin_core,361501,19.9,67108864
2026-04-24T21:31:11.081631+00:00,recovery_scenario,iperf_tcp,10,5,,ryu_controller,361493,38.9,60174336
2026-04-24T21:31:11.096504+00:00,recovery_scenario,iperf_tcp,10,5,fault_injected,,,,
2026-04-24T21:31:11.184484+00:00,recovery_scenario,iperf_tcp,10,5,,twin_core,361501,0.0,67112960
2026-04-24T21:31:11.184484+00:00,recovery_scenario,iperf_tcp,10,5,,ryu_controller,361493,19.9,60174336
2026-04-24T21:31:11.286899+00:00,recovery_scenario,iperf_tcp,10,5,,twin_core,361501,0.0,67112960
2026-04-24T21:31:11.286899+00:00,recovery_scenario,iperf_tcp,10,5,,ryu_controller,361493,39.1,60174336
2026-04-24T21:31:11.387261+00:00,recovery_scenario,iperf_tcp,10,5,,twin_core,361501,0.0,67112960
2026-04-24T21:31:11.387261+00:00,recovery_scenario,iperf_tcp,10,5,,ryu_controller,361493,29.9,60174336
2026-04-24T21:31:11.487614+00:00,recovery_scenario,iperf_tcp,10,5,,twin_core,361501,0.0,67112960
2026-04-24T21:31:11.487614+00:00,recovery_scenario,iperf_tcp,10,5,,ryu_controller,361493,99.4,60174336
2026-04-24T21:31:11.588209+00:00,recovery_scenario,iperf_tcp,10,5,,twin_core,361501,0.0,67112960
2026-04-24T21:31:11.588209+00:00,recovery_scenario,iperf_tcp,10,5,,ryu_controller,361493,99.6,60174336
2026-04-24T21:31:11.689837+00:00,recovery_scenario,iperf_tcp,10,5,,twin_core,361501,0.0,67112960
2026-04-24T21:31:11.689837+00:00,recovery_scenario,iperf_tcp,10,5,,ryu_controller,361493,98.3,60174336
2026-04-24T21:31:11.790262+00:00,recovery_scenario,iperf_tcp,10,5,,twin_core,361501,0.0,67112960
2026-04-24T21:31:11.790262+00:00,recovery_scenario,iperf_tcp,10,5,,ryu_controller,361493,89.7,60174336
2026-04-24T21:31:11.890674+00:00,recovery_scenario,iperf_tcp,10,5,,twin_core,361501,10.0,67112960
2026-04-24T21:31:11.890674+00:00,recovery_scenario,iperf_tcp,10,5,,ryu_controller,361493,99.5,60174336
2026-04-24T21:31:11.991153+00:00,recovery_scenario,iperf_tcp,10,5,,twin_core,361501,0.0,67112960
2026-04-24T21:31:11.991153+00:00,recovery_scenario,iperf_tcp,10,5,,ryu_controller,361493,89.6,60174336
2026-04-24T21:31:12.091634+00:00,recovery_scenario,iperf_tcp,10,5,,twin_core,361501,0.0,67112960
2026-04-24T21:31:12.091634+00:00,recovery_scenario,iperf_tcp,10,5,,ryu_controller,361493,99.5,60174336
2026-04-24T21:31:12.194397+00:00,recovery_scenario,iperf_tcp,10,5,,twin_core,361501,0.0,67112960
2026-04-24T21:31:12.194397+00:00,recovery_scenario,iperf_tcp,10,5,,ryu_controller,361493,77.9,60174336
2026-04-24T21:31:12.295294+00:00,recovery_scenario,iperf_tcp,10,5,,twin_core,361501,0.0,67112960
2026-04-24T21:31:12.295294+00:00,recovery_scenario,iperf_tcp,10,5,,ryu_controller,361493,59.3,60174336
2026-04-24T21:31:12.397824+00:00,recovery_scenario,iperf_tcp,10,5,,twin_core,361501,0.0,67112960
2026-04-24T21:31:12.397824+00:00,recovery_scenario,iperf_tcp,10,5,,ryu_controller,361493,39.1,60174336
2026-04-24T21:31:12.498221+00:00,recovery_scenario,iperf_tcp,10,5,,twin_core,361501,0.0,67112960
2026-04-24T21:31:12.498221+00:00,recovery_scenario,iperf_tcp,10,5,,ryu_controller,361493,29.9,60174336
2026-04-24T21:31:12.602538+00:00,recovery_scenario,iperf_tcp,10,5,,twin_core,361501,0.0,67112960
2026-04-24T21:31:12.602538+00:00,recovery_scenario,iperf_tcp,10,5,,ryu_controller,361493,28.7,60174336
2026-04-24T21:31:12.704772+00:00,recovery_scenario,iperf_tcp,10,5,,twin_core,361501,0.0,67112960
2026-04-24T21:31:12.704772+00:00,recovery_scenario,iperf_tcp,10,5,,ryu_controller,361493,28.8,60174336
2026-04-24T21:31:12.807105+00:00,recovery_scenario,iperf_tcp,10,5,,twin_core,361501,0.0,67112960
2026-04-24T21:31:12.807105+00:00,recovery_scenario,iperf_tcp,10,5,,ryu_controller,361493,29.9,60174336
2026-04-24T21:31:12.908024+00:00,recovery_scenario,iperf_tcp,10,5,,twin_core,361501,0.0,67112960
2026-04-24T21:31:12.908024+00:00,recovery_scenario,iperf_tcp,10,5,,ryu_controller,361493,39.6,60174336
2026-04-24T21:31:13.008855+00:00,recovery_scenario,iperf_tcp,10,5,,twin_core,361501,0.0,67112960
2026-04-24T21:31:13.008855+00:00,recovery_scenario,iperf_tcp,10,5,,ryu_controller,361493,19.8,60174336
2026-04-24T21:31:13.109223+00:00,recovery_scenario,iperf_tcp,10,5,,twin_core,361501,0.0,67112960
2026-04-24T21:31:13.109223+00:00,recovery_scenario,iperf_tcp,10,5,,ryu_controller,361493,38.8,60174336
2026-04-24T21:31:13.212348+00:00,recovery_scenario,iperf_tcp,10,5,,twin_core,361501,9.7,67112960
2026-04-24T21:31:13.212348+00:00,recovery_scenario,iperf_tcp,10,5,,ryu_controller,361493,49.8,60174336
2026-04-24T21:31:13.312809+00:00,recovery_scenario,iperf_tcp,10,5,,twin_core,361501,0.0,67117056
2026-04-24T21:31:13.312809+00:00,recovery_scenario,iperf_tcp,10,5,,ryu_controller,361493,39.6,60174336
2026-04-24T21:31:13.418772+00:00,recovery_scenario,iperf_tcp,10,5,,twin_core,361501,0.0,67117056
2026-04-24T21:31:13.418772+00:00,recovery_scenario,iperf_tcp,10,5,,ryu_controller,361493,0.0,60174336
2026-04-24T21:31:13.519402+00:00,recovery_scenario,iperf_tcp,10,5,,twin_core,361501,0.0,67117056
2026-04-24T21:31:13.519402+00:00,recovery_scenario,iperf_tcp,10,5,,ryu_controller,361493,10.0,60174336
2026-04-24T21:31:13.623055+00:00,recovery_scenario,iperf_tcp,10,5,,twin_core,361501,9.7,67121152
2026-04-24T21:31:13.623055+00:00,recovery_scenario,iperf_tcp,10,5,,ryu_controller,361493,0.0,60174336
2026-04-24T21:31:13.726458+00:00,recovery_scenario,iperf_tcp,10,5,,twin_core,361501,0.0,67121152
2026-04-24T21:31:13.726458+00:00,recovery_scenario,iperf_tcp,10,5,,ryu_controller,361493,29.0,60174336
2026-04-24T21:31:13.828940+00:00,recovery_scenario,iperf_tcp,10,5,,twin_core,361501,9.8,67121152
2026-04-24T21:31:13.828940+00:00,recovery_scenario,iperf_tcp,10,5,,ryu_controller,361493,39.1,60174336
2026-04-24T21:31:13.910017+00:00,recovery_scenario,iperf_tcp,10,5,recovery_requested,,,,
2026-04-24T21:31:13.930136+00:00,recovery_scenario,iperf_tcp,10,5,,twin_core,361501,9.9,67129344
2026-04-24T21:31:13.930136+00:00,recovery_scenario,iperf_tcp,10,5,,ryu_controller,361493,29.6,60174336
2026-04-24T21:31:14.030744+00:00,recovery_scenario,iperf_tcp,10,5,,twin_core,361501,0.0,67129344
2026-04-24T21:31:14.030744+00:00,recovery_scenario,iperf_tcp,10,5,,ryu_controller,361493,29.9,60174336
2026-04-24T21:31:14.131090+00:00,recovery_scenario,iperf_tcp,10,5,,twin_core,361501,0.0,67129344
2026-04-24T21:31:14.131090+00:00,recovery_scenario,iperf_tcp,10,5,,ryu_controller,361493,19.9,60174336
2026-04-24T21:31:14.231442+00:00,recovery_scenario,iperf_tcp,10,5,,twin_core,361501,0.0,67129344
2026-04-24T21:31:14.231442+00:00,recovery_scenario,iperf_tcp,10,5,,ryu_controller,361493,29.9,60174336
2026-04-24T21:31:14.331876+00:00,recovery_scenario,iperf_tcp,10,5,,twin_core,361501,0.0,67129344
2026-04-24T21:31:14.331876+00:00,recovery_scenario,iperf_tcp,10,5,,ryu_controller,361493,39.8,60174336
2026-04-24T21:31:14.432223+00:00,recovery_scenario,iperf_tcp,10,5,,twin_core,361501,0.0,67129344
2026-04-24T21:31:14.432223+00:00,recovery_scenario,iperf_tcp,10,5,,ryu_controller,361493,29.9,60174336
2026-04-24T21:31:14.532580+00:00,recovery_scenario,iperf_tcp,10,5,,twin_core,361501,0.0,67129344
2026-04-24T21:31:14.532580+00:00,recovery_scenario,iperf_tcp,10,5,,ryu_controller,361493,39.8,60174336
2026-04-24T21:31:14.637834+00:00,recovery_scenario,iperf_tcp,10,5,,twin_core,361501,9.5,67129344
2026-04-24T21:31:14.637834+00:00,recovery_scenario,iperf_tcp,10,5,,ryu_controller,361493,38.0,60174336
2026-04-24T21:31:14.738214+00:00,recovery_scenario,iperf_tcp,10,5,,twin_core,361501,0.0,67129344
2026-04-24T21:31:14.738214+00:00,recovery_scenario,iperf_tcp,10,5,,ryu_controller,361493,39.9,60174336
2026-04-24T21:31:14.838563+00:00,recovery_scenario,iperf_tcp,10,5,,twin_core,361501,0.0,67129344
2026-04-24T21:31:14.838563+00:00,recovery_scenario,iperf_tcp,10,5,,ryu_controller,361493,49.8,60174336
2026-04-24T21:31:14.940894+00:00,recovery_scenario,iperf_tcp,10,5,,twin_core,361501,0.0,67129344
2026-04-24T21:31:14.940894+00:00,recovery_scenario,iperf_tcp,10,5,,ryu_controller,361493,39.1,60174336
2026-04-24T21:31:15.041309+00:00,recovery_scenario,iperf_tcp,10,5,,twin_core,361501,0.0,67129344
2026-04-24T21:31:15.041309+00:00,recovery_scenario,iperf_tcp,10,5,,ryu_controller,361493,39.8,60174336
2026-04-24T21:31:15.141793+00:00,recovery_scenario,iperf_tcp,10,5,,twin_core,361501,0.0,67129344
2026-04-24T21:31:15.141793+00:00,recovery_scenario,iperf_tcp,10,5,,ryu_controller,361493,49.8,60174336
2026-04-24T21:31:15.242160+00:00,recovery_scenario,iperf_tcp,10,5,,twin_core,361501,0.0,67129344
2026-04-24T21:31:15.242160+00:00,recovery_scenario,iperf_tcp,10,5,,ryu_controller,361493,49.8,60174336
2026-04-24T21:31:15.342539+00:00,recovery_scenario,iperf_tcp,10,5,,twin_core,361501,0.0,67129344
2026-04-24T21:31:15.342539+00:00,recovery_scenario,iperf_tcp,10,5,,ryu_controller,361493,29.8,60174336
2026-04-24T21:31:15.445859+00:00,recovery_scenario,iperf_tcp,10,5,,twin_core,361501,0.0,67129344
2026-04-24T21:31:15.445859+00:00,recovery_scenario,iperf_tcp,10,5,,ryu_controller,361493,28.8,60174336
2026-04-24T21:31:15.547388+00:00,recovery_scenario,iperf_tcp,10,5,,twin_core,361501,0.0,67129344
2026-04-24T21:31:15.547388+00:00,recovery_scenario,iperf_tcp,10,5,,ryu_controller,361493,39.9,60174336
2026-04-24T21:31:15.650798+00:00,recovery_scenario,iperf_tcp,10,5,,twin_core,361501,0.0,67129344
2026-04-24T21:31:15.650798+00:00,recovery_scenario,iperf_tcp,10,5,,ryu_controller,361493,77.3,60174336
2026-04-24T21:31:15.751293+00:00,recovery_scenario,iperf_tcp,10,5,,twin_core,361501,0.0,67129344
2026-04-24T21:31:15.751293+00:00,recovery_scenario,iperf_tcp,10,5,,ryu_controller,361493,49.8,60174336
2026-04-24T21:31:15.851661+00:00,recovery_scenario,iperf_tcp,10,5,,twin_core,361501,0.0,67129344
2026-04-24T21:31:15.851661+00:00,recovery_scenario,iperf_tcp,10,5,,ryu_controller,361493,49.7,60174336
2026-04-24T21:31:15.952152+00:00,recovery_scenario,iperf_tcp,10,5,,twin_core,361501,0.0,67129344
2026-04-24T21:31:15.952152+00:00,recovery_scenario,iperf_tcp,10,5,,ryu_controller,361493,39.8,60174336
2026-04-24T21:31:16.052568+00:00,recovery_scenario,iperf_tcp,10,5,,twin_core,361501,0.0,67129344
2026-04-24T21:31:16.052568+00:00,recovery_scenario,iperf_tcp,10,5,,ryu_controller,361493,49.7,60174336
2026-04-24T21:31:16.153868+00:00,recovery_scenario,iperf_tcp,10,5,,twin_core,361501,0.0,67129344
2026-04-24T21:31:16.153868+00:00,recovery_scenario,iperf_tcp,10,5,,ryu_controller,361493,78.9,60174336
2026-04-24T21:31:16.254830+00:00,recovery_scenario,iperf_tcp,10,5,,twin_core,361501,0.0,67129344
2026-04-24T21:31:16.254830+00:00,recovery_scenario,iperf_tcp,10,5,,ryu_controller,361493,69.3,60174336
2026-04-24T21:31:16.357797+00:00,recovery_scenario,iperf_tcp,10,5,,twin_core,361501,9.7,67129344
2026-04-24T21:31:16.357797+00:00,recovery_scenario,iperf_tcp,10,5,,ryu_controller,361493,87.7,60174336
2026-04-24T21:31:16.458877+00:00,recovery_scenario,iperf_tcp,10,5,,twin_core,361501,0.0,67129344
2026-04-24T21:31:16.458877+00:00,recovery_scenario,iperf_tcp,10,5,,ryu_controller,361493,69.3,60174336
2026-04-24T21:31:16.560836+00:00,recovery_scenario,iperf_tcp,10,5,,twin_core,361501,0.0,67129344
2026-04-24T21:31:16.560836+00:00,recovery_scenario,iperf_tcp,10,5,,ryu_controller,361493,68.7,60174336
2026-04-24T21:31:16.661206+00:00,recovery_scenario,iperf_tcp,10,5,,twin_core,361501,0.0,67129344
2026-04-24T21:31:16.661206+00:00,recovery_scenario,iperf_tcp,10,5,,ryu_controller,361493,89.7,60174336
2026-04-24T21:31:16.763769+00:00,recovery_scenario,iperf_tcp,10,5,,twin_core,361501,0.0,67129344
2026-04-24T21:31:16.763769+00:00,recovery_scenario,iperf_tcp,10,5,,ryu_controller,361493,39.0,60174336
2026-04-24T21:31:16.864174+00:00,recovery_scenario,iperf_tcp,10,5,,twin_core,361501,0.0,67129344
2026-04-24T21:31:16.864174+00:00,recovery_scenario,iperf_tcp,10,5,,ryu_controller,361493,59.8,60174336
2026-04-24T21:31:16.965915+00:00,recovery_scenario,iperf_tcp,10,5,,twin_core,361501,0.0,67129344
2026-04-24T21:31:16.965915+00:00,recovery_scenario,iperf_tcp,10,5,,ryu_controller,361493,39.2,60174336
2026-04-24T21:31:17.067851+00:00,recovery_scenario,iperf_tcp,10,5,,twin_core,361501,0.0,67129344
2026-04-24T21:31:17.067851+00:00,recovery_scenario,iperf_tcp,10,5,,ryu_controller,361493,49.1,60174336
2026-04-24T21:31:17.168244+00:00,recovery_scenario,iperf_tcp,10,5,,twin_core,361501,0.0,67129344
2026-04-24T21:31:17.168244+00:00,recovery_scenario,iperf_tcp,10,5,,ryu_controller,361493,49.8,60174336
2026-04-24T21:31:17.269261+00:00,recovery_scenario,iperf_tcp,10,5,,twin_core,361501,0.0,67129344
2026-04-24T21:31:17.269261+00:00,recovery_scenario,iperf_tcp,10,5,,ryu_controller,361493,49.5,60174336
2026-04-24T21:31:17.369657+00:00,recovery_scenario,iperf_tcp,10,5,,twin_core,361501,0.0,67129344
2026-04-24T21:31:17.369657+00:00,recovery_scenario,iperf_tcp,10,5,,ryu_controller,361493,39.8,60174336
2026-04-24T21:31:17.471330+00:00,recovery_scenario,iperf_tcp,10,5,,twin_core,361501,0.0,67129344
2026-04-24T21:31:17.471330+00:00,recovery_scenario,iperf_tcp,10,5,,ryu_controller,361493,48.5,60174336
2026-04-24T21:31:17.575264+00:00,recovery_scenario,iperf_tcp,10,5,,twin_core,361501,0.0,67129344
2026-04-24T21:31:17.575264+00:00,recovery_scenario,iperf_tcp,10,5,,ryu_controller,361493,48.8,60174336
2026-04-24T21:31:17.675601+00:00,recovery_scenario,iperf_tcp,10,5,,twin_core,361501,0.0,67129344
2026-04-24T21:31:17.675601+00:00,recovery_scenario,iperf_tcp,10,5,,ryu_controller,361493,39.4,60174336
2026-04-24T21:31:17.777224+00:00,recovery_scenario,iperf_tcp,10,5,,twin_core,361501,0.0,67129344
2026-04-24T21:31:17.777224+00:00,recovery_scenario,iperf_tcp,10,5,,ryu_controller,361493,39.8,60174336
2026-04-24T21:31:17.880264+00:00,recovery_scenario,iperf_tcp,10,5,,twin_core,361501,0.0,67129344
2026-04-24T21:31:17.880264+00:00,recovery_scenario,iperf_tcp,10,5,,ryu_controller,361493,38.8,60174336
2026-04-24T21:31:17.980645+00:00,recovery_scenario,iperf_tcp,10,5,,twin_core,361501,0.0,67129344
2026-04-24T21:31:17.980645+00:00,recovery_scenario,iperf_tcp,10,5,,ryu_controller,361493,49.2,60174336
2026-04-24T21:31:18.082246+00:00,recovery_scenario,iperf_tcp,10,5,,twin_core,361501,0.0,67129344
2026-04-24T21:31:18.082246+00:00,recovery_scenario,iperf_tcp,10,5,,ryu_controller,361493,39.8,60174336
2026-04-24T21:31:18.183533+00:00,recovery_scenario,iperf_tcp,10,5,,twin_core,361501,0.0,67129344
2026-04-24T21:31:18.183533+00:00,recovery_scenario,iperf_tcp,10,5,,ryu_controller,361493,38.9,60174336
2026-04-24T21:31:18.286551+00:00,recovery_scenario,iperf_tcp,10,5,,twin_core,361501,0.0,67129344
2026-04-24T21:31:18.286551+00:00,recovery_scenario,iperf_tcp,10,5,,ryu_controller,361493,39.3,60174336
2026-04-24T21:31:18.388068+00:00,recovery_scenario,iperf_tcp,10,5,,twin_core,361501,0.0,67129344
2026-04-24T21:31:18.388068+00:00,recovery_scenario,iperf_tcp,10,5,,ryu_controller,361493,48.8,60174336
2026-04-24T21:31:18.491853+00:00,recovery_scenario,iperf_tcp,10,5,,twin_core,361501,9.6,67129344
2026-04-24T21:31:18.491853+00:00,recovery_scenario,iperf_tcp,10,5,,ryu_controller,361493,38.9,60174336
2026-04-24T21:31:18.592783+00:00,recovery_scenario,iperf_tcp,10,5,,twin_core,361501,9.9,67133440
2026-04-24T21:31:18.592783+00:00,recovery_scenario,iperf_tcp,10,5,,ryu_controller,361493,29.7,60174336
2026-04-24T21:31:18.693245+00:00,recovery_scenario,iperf_tcp,10,5,,twin_core,361501,0.0,67133440
2026-04-24T21:31:18.693245+00:00,recovery_scenario,iperf_tcp,10,5,,ryu_controller,361493,0.0,60174336
2026-04-24T21:31:18.795079+00:00,recovery_scenario,iperf_tcp,10,5,,twin_core,361501,0.0,67133440
2026-04-24T21:31:18.795079+00:00,recovery_scenario,iperf_tcp,10,5,,ryu_controller,361493,0.0,60174336
2026-04-24T21:31:18.897797+00:00,recovery_scenario,iperf_tcp,10,5,,twin_core,361501,0.0,67133440
2026-04-24T21:31:18.897797+00:00,recovery_scenario,iperf_tcp,10,5,,ryu_controller,361493,0.0,60174336
2026-04-24T21:31:19.004269+00:00,recovery_scenario,iperf_tcp,10,5,,twin_core,361501,9.4,67133440
2026-04-24T21:31:19.004269+00:00,recovery_scenario,iperf_tcp,10,5,,ryu_controller,361493,18.8,60174336
2026-04-24T21:31:19.085058+00:00,recovery_scenario,iperf_tcp,10,5,scenario_teardown,,,,
2026-04-24T21:31:19.104885+00:00,recovery_scenario,iperf_tcp,10,5,,twin_core,361501,9.9,67133440
2026-04-24T21:31:19.104885+00:00,recovery_scenario,iperf_tcp,10,5,,ryu_controller,361493,29.8,60174336
2026-04-24T21:31:19.205270+00:00,recovery_scenario,iperf_tcp,10,5,,twin_core,361501,0.0,67133440
2026-04-24T21:31:19.205270+00:00,recovery_scenario,iperf_tcp,10,5,,ryu_controller,361493,10.0,60174336
2026-04-24T21:31:19.305688+00:00,recovery_scenario,iperf_tcp,10,5,,twin_core,361501,0.0,67133440
2026-04-24T21:31:19.305688+00:00,recovery_scenario,iperf_tcp,10,5,,ryu_controller,361493,29.9,60174336
2026-04-24T21:31:19.406138+00:00,recovery_scenario,iperf_tcp,10,5,,twin_core,361501,0.0,67133440
2026-04-24T21:31:19.406138+00:00,recovery_scenario,iperf_tcp,10,5,,ryu_controller,361493,10.0,60174336
2026-04-24T21:31:19.952373+00:00,recovery_scenario,iperf_tcp,10,6,,twin_core,361501,0.0,67133440
2026-04-24T21:31:19.952373+00:00,recovery_scenario,iperf_tcp,10,6,,ryu_controller,361493,0.0,60174336
2026-04-24T21:31:20.053944+00:00,recovery_scenario,iperf_tcp,10,6,,twin_core,361501,0.0,67133440
2026-04-24T21:31:20.053944+00:00,recovery_scenario,iperf_tcp,10,6,,ryu_controller,361493,39.9,60174336
2026-04-24T21:31:20.154271+00:00,recovery_scenario,iperf_tcp,10,6,,twin_core,361501,10.0,67133440
2026-04-24T21:31:20.154271+00:00,recovery_scenario,iperf_tcp,10,6,,ryu_controller,361493,19.9,60174336
2026-04-24T21:31:20.213905+00:00,recovery_scenario,iperf_tcp,10,6,service_started,,,,
2026-04-24T21:31:20.254650+00:00,recovery_scenario,iperf_tcp,10,6,,twin_core,361501,19.9,67133440
2026-04-24T21:31:20.254650+00:00,recovery_scenario,iperf_tcp,10,6,,ryu_controller,361493,49.7,60174336
2026-04-24T21:31:20.355462+00:00,recovery_scenario,iperf_tcp,10,6,,twin_core,361501,0.0,67137536
2026-04-24T21:31:20.355462+00:00,recovery_scenario,iperf_tcp,10,6,,ryu_controller,361493,29.8,60174336
2026-04-24T21:31:20.456098+00:00,recovery_scenario,iperf_tcp,10,6,,twin_core,361501,0.0,67137536
2026-04-24T21:31:20.456098+00:00,recovery_scenario,iperf_tcp,10,6,,ryu_controller,361493,29.8,60174336
2026-04-24T21:31:20.556611+00:00,recovery_scenario,iperf_tcp,10,6,,twin_core,361501,0.0,67137536
2026-04-24T21:31:20.556611+00:00,recovery_scenario,iperf_tcp,10,6,,ryu_controller,361493,19.9,60174336
2026-04-24T21:31:20.657157+00:00,recovery_scenario,iperf_tcp,10,6,,twin_core,361501,9.9,67137536
2026-04-24T21:31:20.657157+00:00,recovery_scenario,iperf_tcp,10,6,,ryu_controller,361493,29.8,60174336
2026-04-24T21:31:20.757680+00:00,recovery_scenario,iperf_tcp,10,6,,twin_core,361501,0.0,67137536
2026-04-24T21:31:20.757680+00:00,recovery_scenario,iperf_tcp,10,6,,ryu_controller,361493,19.9,60174336
2026-04-24T21:31:20.858093+00:00,recovery_scenario,iperf_tcp,10,6,,twin_core,361501,0.0,67137536
2026-04-24T21:31:20.858093+00:00,recovery_scenario,iperf_tcp,10,6,,ryu_controller,361493,19.9,60174336
2026-04-24T21:31:20.958472+00:00,recovery_scenario,iperf_tcp,10,6,,twin_core,361501,0.0,67137536
2026-04-24T21:31:20.958472+00:00,recovery_scenario,iperf_tcp,10,6,,ryu_controller,361493,19.9,60174336
2026-04-24T21:31:21.058971+00:00,recovery_scenario,iperf_tcp,10,6,,twin_core,361501,0.0,67137536
2026-04-24T21:31:21.058971+00:00,recovery_scenario,iperf_tcp,10,6,,ryu_controller,361493,9.9,60174336
2026-04-24T21:31:21.160205+00:00,recovery_scenario,iperf_tcp,10,6,,twin_core,361501,0.0,67137536
2026-04-24T21:31:21.160205+00:00,recovery_scenario,iperf_tcp,10,6,,ryu_controller,361493,9.9,60174336
2026-04-24T21:31:21.260581+00:00,recovery_scenario,iperf_tcp,10,6,,twin_core,361501,0.0,67137536
2026-04-24T21:31:21.260581+00:00,recovery_scenario,iperf_tcp,10,6,,ryu_controller,361493,10.0,60174336
2026-04-24T21:31:21.361024+00:00,recovery_scenario,iperf_tcp,10,6,,twin_core,361501,0.0,67137536
2026-04-24T21:31:21.361024+00:00,recovery_scenario,iperf_tcp,10,6,,ryu_controller,361493,10.0,60174336
2026-04-24T21:31:21.461369+00:00,recovery_scenario,iperf_tcp,10,6,,twin_core,361501,0.0,67137536
2026-04-24T21:31:21.461369+00:00,recovery_scenario,iperf_tcp,10,6,,ryu_controller,361493,19.9,60174336
2026-04-24T21:31:21.561801+00:00,recovery_scenario,iperf_tcp,10,6,,twin_core,361501,0.0,67137536
2026-04-24T21:31:21.561801+00:00,recovery_scenario,iperf_tcp,10,6,,ryu_controller,361493,10.0,60174336
2026-04-24T21:31:21.662309+00:00,recovery_scenario,iperf_tcp,10,6,,twin_core,361501,0.0,67137536
2026-04-24T21:31:21.662309+00:00,recovery_scenario,iperf_tcp,10,6,,ryu_controller,361493,49.8,60174336
2026-04-24T21:31:21.762667+00:00,recovery_scenario,iperf_tcp,10,6,,twin_core,361501,0.0,67137536
2026-04-24T21:31:21.762667+00:00,recovery_scenario,iperf_tcp,10,6,,ryu_controller,361493,29.9,60174336
2026-04-24T21:31:21.863788+00:00,recovery_scenario,iperf_tcp,10,6,,twin_core,361501,0.0,67137536
2026-04-24T21:31:21.863788+00:00,recovery_scenario,iperf_tcp,10,6,,ryu_controller,361493,9.9,60174336
2026-04-24T21:31:21.964311+00:00,recovery_scenario,iperf_tcp,10,6,,twin_core,361501,0.0,67137536
2026-04-24T21:31:21.964311+00:00,recovery_scenario,iperf_tcp,10,6,,ryu_controller,361493,19.9,60174336
2026-04-24T21:31:22.064764+00:00,recovery_scenario,iperf_tcp,10,6,,twin_core,361501,0.0,67137536
2026-04-24T21:31:22.064764+00:00,recovery_scenario,iperf_tcp,10,6,,ryu_controller,361493,10.0,60174336
2026-04-24T21:31:22.166072+00:00,recovery_scenario,iperf_tcp,10,6,,twin_core,361501,0.0,67137536
2026-04-24T21:31:22.166072+00:00,recovery_scenario,iperf_tcp,10,6,,ryu_controller,361493,0.0,60174336
2026-04-24T21:31:22.266630+00:00,recovery_scenario,iperf_tcp,10,6,,twin_core,361501,0.0,67137536
2026-04-24T21:31:22.266630+00:00,recovery_scenario,iperf_tcp,10,6,,ryu_controller,361493,19.9,60174336
2026-04-24T21:31:22.367181+00:00,recovery_scenario,iperf_tcp,10,6,,twin_core,361501,9.9,67137536
2026-04-24T21:31:22.367181+00:00,recovery_scenario,iperf_tcp,10,6,,ryu_controller,361493,49.8,60174336
2026-04-24T21:31:22.467690+00:00,recovery_scenario,iperf_tcp,10,6,,twin_core,361501,0.0,67137536
2026-04-24T21:31:22.467690+00:00,recovery_scenario,iperf_tcp,10,6,,ryu_controller,361493,19.9,60174336
2026-04-24T21:31:22.568340+00:00,recovery_scenario,iperf_tcp,10,6,,twin_core,361501,0.0,67137536
2026-04-24T21:31:22.568340+00:00,recovery_scenario,iperf_tcp,10,6,,ryu_controller,361493,9.9,60174336
2026-04-24T21:31:22.669025+00:00,recovery_scenario,iperf_tcp,10,6,,twin_core,361501,0.0,67137536
2026-04-24T21:31:22.669025+00:00,recovery_scenario,iperf_tcp,10,6,,ryu_controller,361493,49.7,60174336
2026-04-24T21:31:22.769506+00:00,recovery_scenario,iperf_tcp,10,6,,twin_core,361501,0.0,67137536
2026-04-24T21:31:22.769506+00:00,recovery_scenario,iperf_tcp,10,6,,ryu_controller,361493,9.9,60174336
2026-04-24T21:31:22.870031+00:00,recovery_scenario,iperf_tcp,10,6,,twin_core,361501,0.0,67137536
2026-04-24T21:31:22.870031+00:00,recovery_scenario,iperf_tcp,10,6,,ryu_controller,361493,10.0,60174336
2026-04-24T21:31:22.970426+00:00,recovery_scenario,iperf_tcp,10,6,,twin_core,361501,0.0,67137536
2026-04-24T21:31:22.970426+00:00,recovery_scenario,iperf_tcp,10,6,,ryu_controller,361493,0.0,60174336
2026-04-24T21:31:23.070938+00:00,recovery_scenario,iperf_tcp,10,6,,twin_core,361501,0.0,67137536
2026-04-24T21:31:23.070938+00:00,recovery_scenario,iperf_tcp,10,6,,ryu_controller,361493,19.9,60174336
2026-04-24T21:31:23.171331+00:00,recovery_scenario,iperf_tcp,10,6,,twin_core,361501,0.0,67137536
2026-04-24T21:31:23.171331+00:00,recovery_scenario,iperf_tcp,10,6,,ryu_controller,361493,10.0,60174336
2026-04-24T21:31:23.271753+00:00,recovery_scenario,iperf_tcp,10,6,,twin_core,361501,0.0,67137536
2026-04-24T21:31:23.271753+00:00,recovery_scenario,iperf_tcp,10,6,,ryu_controller,361493,10.0,60174336
2026-04-24T21:31:23.372202+00:00,recovery_scenario,iperf_tcp,10,6,,twin_core,361501,0.0,67137536
2026-04-24T21:31:23.372202+00:00,recovery_scenario,iperf_tcp,10,6,,ryu_controller,361493,9.9,60174336
2026-04-24T21:31:23.472878+00:00,recovery_scenario,iperf_tcp,10,6,,twin_core,361501,0.0,67137536
2026-04-24T21:31:23.472878+00:00,recovery_scenario,iperf_tcp,10,6,,ryu_controller,361493,0.0,60174336
2026-04-24T21:31:23.573347+00:00,recovery_scenario,iperf_tcp,10,6,,twin_core,361501,19.9,67137536
2026-04-24T21:31:23.573347+00:00,recovery_scenario,iperf_tcp,10,6,,ryu_controller,361493,19.9,60174336
2026-04-24T21:31:23.674387+00:00,recovery_scenario,iperf_tcp,10,6,,twin_core,361501,0.0,67137536
2026-04-24T21:31:23.674387+00:00,recovery_scenario,iperf_tcp,10,6,,ryu_controller,361493,9.9,60174336
2026-04-24T21:31:23.774906+00:00,recovery_scenario,iperf_tcp,10,6,,twin_core,361501,0.0,67137536
2026-04-24T21:31:23.774906+00:00,recovery_scenario,iperf_tcp,10,6,,ryu_controller,361493,10.0,60174336
2026-04-24T21:31:23.875928+00:00,recovery_scenario,iperf_tcp,10,6,,twin_core,361501,0.0,67137536
2026-04-24T21:31:23.875928+00:00,recovery_scenario,iperf_tcp,10,6,,ryu_controller,361493,0.0,60174336
2026-04-24T21:31:23.976348+00:00,recovery_scenario,iperf_tcp,10,6,,twin_core,361501,0.0,67137536
2026-04-24T21:31:23.976348+00:00,recovery_scenario,iperf_tcp,10,6,,ryu_controller,361493,10.0,60174336
2026-04-24T21:31:24.076764+00:00,recovery_scenario,iperf_tcp,10,6,,twin_core,361501,0.0,67137536
2026-04-24T21:31:24.076764+00:00,recovery_scenario,iperf_tcp,10,6,,ryu_controller,361493,10.0,60174336
2026-04-24T21:31:24.177140+00:00,recovery_scenario,iperf_tcp,10,6,,twin_core,361501,0.0,67137536
2026-04-24T21:31:24.177140+00:00,recovery_scenario,iperf_tcp,10,6,,ryu_controller,361493,19.9,60174336
2026-04-24T21:31:24.277845+00:00,recovery_scenario,iperf_tcp,10,6,,twin_core,361501,0.0,67137536
2026-04-24T21:31:24.277845+00:00,recovery_scenario,iperf_tcp,10,6,,ryu_controller,361493,9.9,60174336
2026-04-24T21:31:24.379604+00:00,recovery_scenario,iperf_tcp,10,6,,twin_core,361501,9.8,67137536
2026-04-24T21:31:24.379604+00:00,recovery_scenario,iperf_tcp,10,6,,ryu_controller,361493,49.0,60174336
2026-04-24T21:31:24.482516+00:00,recovery_scenario,iperf_tcp,10,6,,twin_core,361501,9.7,67141632
2026-04-24T21:31:24.482516+00:00,recovery_scenario,iperf_tcp,10,6,,ryu_controller,361493,19.5,60174336
2026-04-24T21:31:24.582958+00:00,recovery_scenario,iperf_tcp,10,6,,twin_core,361501,0.0,67141632
2026-04-24T21:31:24.582958+00:00,recovery_scenario,iperf_tcp,10,6,,ryu_controller,361493,10.0,60174336
2026-04-24T21:31:24.683388+00:00,recovery_scenario,iperf_tcp,10,6,,twin_core,361501,0.0,67141632
2026-04-24T21:31:24.683388+00:00,recovery_scenario,iperf_tcp,10,6,,ryu_controller,361493,39.8,60174336
2026-04-24T21:31:24.784468+00:00,recovery_scenario,iperf_tcp,10,6,,twin_core,361501,0.0,67141632
2026-04-24T21:31:24.784468+00:00,recovery_scenario,iperf_tcp,10,6,,ryu_controller,361493,39.5,60174336
2026-04-24T21:31:24.885855+00:00,recovery_scenario,iperf_tcp,10,6,,twin_core,361501,0.0,67141632
2026-04-24T21:31:24.885855+00:00,recovery_scenario,iperf_tcp,10,6,,ryu_controller,361493,0.0,60174336
2026-04-24T21:31:24.986482+00:00,recovery_scenario,iperf_tcp,10,6,,twin_core,361501,0.0,67141632
2026-04-24T21:31:24.986482+00:00,recovery_scenario,iperf_tcp,10,6,,ryu_controller,361493,19.9,60174336
2026-04-24T21:31:25.087022+00:00,recovery_scenario,iperf_tcp,10,6,,twin_core,361501,0.0,67141632
2026-04-24T21:31:25.087022+00:00,recovery_scenario,iperf_tcp,10,6,,ryu_controller,361493,9.9,60174336
2026-04-24T21:31:25.187410+00:00,recovery_scenario,iperf_tcp,10,6,,twin_core,361501,0.0,67141632
2026-04-24T21:31:25.187410+00:00,recovery_scenario,iperf_tcp,10,6,,ryu_controller,361493,10.0,60174336
2026-04-24T21:31:25.287948+00:00,recovery_scenario,iperf_tcp,10,6,,twin_core,361501,0.0,67141632
2026-04-24T21:31:25.287948+00:00,recovery_scenario,iperf_tcp,10,6,,ryu_controller,361493,19.8,60174336
2026-04-24T21:31:25.388840+00:00,recovery_scenario,iperf_tcp,10,6,,twin_core,361501,0.0,67141632
2026-04-24T21:31:25.388840+00:00,recovery_scenario,iperf_tcp,10,6,,ryu_controller,361493,0.0,60174336
2026-04-24T21:31:25.489495+00:00,recovery_scenario,iperf_tcp,10,6,,twin_core,361501,0.0,67141632
2026-04-24T21:31:25.489495+00:00,recovery_scenario,iperf_tcp,10,6,,ryu_controller,361493,9.9,60174336
2026-04-24T21:31:25.590038+00:00,recovery_scenario,iperf_tcp,10,6,,twin_core,361501,0.0,67141632
2026-04-24T21:31:25.590038+00:00,recovery_scenario,iperf_tcp,10,6,,ryu_controller,361493,10.0,60174336
2026-04-24T21:31:25.691319+00:00,recovery_scenario,iperf_tcp,10,6,,twin_core,361501,9.9,67141632
2026-04-24T21:31:25.691319+00:00,recovery_scenario,iperf_tcp,10,6,,ryu_controller,361493,9.9,60174336
2026-04-24T21:31:25.791908+00:00,recovery_scenario,iperf_tcp,10,6,,twin_core,361501,0.0,67141632
2026-04-24T21:31:25.791908+00:00,recovery_scenario,iperf_tcp,10,6,,ryu_controller,361493,9.9,60174336
2026-04-24T21:31:25.893127+00:00,recovery_scenario,iperf_tcp,10,6,,twin_core,361501,0.0,67141632
2026-04-24T21:31:25.893127+00:00,recovery_scenario,iperf_tcp,10,6,,ryu_controller,361493,0.0,60174336
2026-04-24T21:31:25.963320+00:00,recovery_scenario,iperf_tcp,10,6,pingall_completed,,,,
2026-04-24T21:31:25.993777+00:00,recovery_scenario,iperf_tcp,10,6,,twin_core,361501,0.0,67141632
2026-04-24T21:31:25.993777+00:00,recovery_scenario,iperf_tcp,10,6,,ryu_controller,361493,0.0,60174336
2026-04-24T21:31:26.096319+00:00,recovery_scenario,iperf_tcp,10,6,,twin_core,361501,0.0,67141632
2026-04-24T21:31:26.096319+00:00,recovery_scenario,iperf_tcp,10,6,,ryu_controller,361493,0.0,60174336
2026-04-24T21:31:26.197229+00:00,recovery_scenario,iperf_tcp,10,6,,twin_core,361501,0.0,67141632
2026-04-24T21:31:26.197229+00:00,recovery_scenario,iperf_tcp,10,6,,ryu_controller,361493,19.8,60174336
2026-04-24T21:31:26.298446+00:00,recovery_scenario,iperf_tcp,10,6,,twin_core,361501,0.0,67141632
2026-04-24T21:31:26.298446+00:00,recovery_scenario,iperf_tcp,10,6,,ryu_controller,361493,19.8,60174336
2026-04-24T21:31:26.398971+00:00,recovery_scenario,iperf_tcp,10,6,,twin_core,361501,0.0,67141632
2026-04-24T21:31:26.398971+00:00,recovery_scenario,iperf_tcp,10,6,,ryu_controller,361493,0.0,60174336
2026-04-24T21:31:26.500476+00:00,recovery_scenario,iperf_tcp,10,6,,twin_core,361501,9.8,67158016
2026-04-24T21:31:26.500476+00:00,recovery_scenario,iperf_tcp,10,6,,ryu_controller,361493,78.7,60297216
2026-04-24T21:31:26.600966+00:00,recovery_scenario,iperf_tcp,10,6,,twin_core,361501,0.0,67158016
2026-04-24T21:31:26.600966+00:00,recovery_scenario,iperf_tcp,10,6,,ryu_controller,361493,0.0,60297216
2026-04-24T21:31:26.702773+00:00,recovery_scenario,iperf_tcp,10,6,,twin_core,361501,9.8,67158016
2026-04-24T21:31:26.702773+00:00,recovery_scenario,iperf_tcp,10,6,,ryu_controller,361493,0.0,60297216
2026-04-24T21:31:26.803405+00:00,recovery_scenario,iperf_tcp,10,6,,twin_core,361501,0.0,67158016
2026-04-24T21:31:26.803405+00:00,recovery_scenario,iperf_tcp,10,6,,ryu_controller,361493,49.8,60297216
2026-04-24T21:31:26.905516+00:00,recovery_scenario,iperf_tcp,10,6,,twin_core,361501,0.0,67158016
2026-04-24T21:31:26.905516+00:00,recovery_scenario,iperf_tcp,10,6,,ryu_controller,361493,29.2,60305408
2026-04-24T21:31:27.007788+00:00,recovery_scenario,iperf_tcp,10,6,,twin_core,361501,0.0,67158016
2026-04-24T21:31:27.007788+00:00,recovery_scenario,iperf_tcp,10,6,,ryu_controller,361493,0.0,60305408
2026-04-24T21:31:27.109399+00:00,recovery_scenario,iperf_tcp,10,6,,twin_core,361501,0.0,67158016
2026-04-24T21:31:27.109399+00:00,recovery_scenario,iperf_tcp,10,6,,ryu_controller,361493,0.0,60305408
2026-04-24T21:31:27.209968+00:00,recovery_scenario,iperf_tcp,10,6,,twin_core,361501,0.0,67158016
2026-04-24T21:31:27.209968+00:00,recovery_scenario,iperf_tcp,10,6,,ryu_controller,361493,0.0,60305408
2026-04-24T21:31:27.310406+00:00,recovery_scenario,iperf_tcp,10,6,,twin_core,361501,0.0,67158016
2026-04-24T21:31:27.310406+00:00,recovery_scenario,iperf_tcp,10,6,,ryu_controller,361493,0.0,60305408
2026-04-24T21:31:27.411793+00:00,recovery_scenario,iperf_tcp,10,6,,twin_core,361501,0.0,67158016
2026-04-24T21:31:27.411793+00:00,recovery_scenario,iperf_tcp,10,6,,ryu_controller,361493,9.6,60305408
2026-04-24T21:31:27.515896+00:00,recovery_scenario,iperf_tcp,10,6,,twin_core,361501,9.7,67158016
2026-04-24T21:31:27.515896+00:00,recovery_scenario,iperf_tcp,10,6,,ryu_controller,361493,0.0,60305408
2026-04-24T21:31:27.616471+00:00,recovery_scenario,iperf_tcp,10,6,,twin_core,361501,0.0,67158016
2026-04-24T21:31:27.616471+00:00,recovery_scenario,iperf_tcp,10,6,,ryu_controller,361493,0.0,60305408
2026-04-24T21:31:27.718189+00:00,recovery_scenario,iperf_tcp,10,6,,twin_core,361501,0.0,67158016
2026-04-24T21:31:27.718189+00:00,recovery_scenario,iperf_tcp,10,6,,ryu_controller,361493,0.0,60305408
2026-04-24T21:31:27.819868+00:00,recovery_scenario,iperf_tcp,10,6,,twin_core,361501,0.0,67158016
2026-04-24T21:31:27.819868+00:00,recovery_scenario,iperf_tcp,10,6,,ryu_controller,361493,0.0,60305408
2026-04-24T21:31:27.921870+00:00,recovery_scenario,iperf_tcp,10,6,,twin_core,361501,0.0,67158016
2026-04-24T21:31:27.921870+00:00,recovery_scenario,iperf_tcp,10,6,,ryu_controller,361493,9.8,60305408
2026-04-24T21:31:27.976249+00:00,recovery_scenario,iperf_tcp,10,6,background_traffic_started,,,,
2026-04-24T21:31:28.022393+00:00,recovery_scenario,iperf_tcp,10,6,,twin_core,361501,0.0,67158016
2026-04-24T21:31:28.022393+00:00,recovery_scenario,iperf_tcp,10,6,,ryu_controller,361493,10.0,60305408
2026-04-24T21:31:28.123834+00:00,recovery_scenario,iperf_tcp,10,6,,twin_core,361501,9.9,67158016
2026-04-24T21:31:28.123834+00:00,recovery_scenario,iperf_tcp,10,6,,ryu_controller,361493,39.4,60305408
2026-04-24T21:31:28.195563+00:00,recovery_scenario,iperf_tcp,10,6,fault_injected,,,,
2026-04-24T21:31:28.226816+00:00,recovery_scenario,iperf_tcp,10,6,,twin_core,361501,0.0,67186688
2026-04-24T21:31:28.226816+00:00,recovery_scenario,iperf_tcp,10,6,,ryu_controller,361493,38.9,60321792
2026-04-24T21:31:28.327192+00:00,recovery_scenario,iperf_tcp,10,6,,twin_core,361501,0.0,67186688
2026-04-24T21:31:28.327192+00:00,recovery_scenario,iperf_tcp,10,6,,ryu_controller,361493,49.8,60325888
2026-04-24T21:31:28.427614+00:00,recovery_scenario,iperf_tcp,10,6,,twin_core,361501,0.0,67186688
2026-04-24T21:31:28.427614+00:00,recovery_scenario,iperf_tcp,10,6,,ryu_controller,361493,49.7,60325888
2026-04-24T21:31:28.528214+00:00,recovery_scenario,iperf_tcp,10,6,,twin_core,361501,0.0,67186688
2026-04-24T21:31:28.528214+00:00,recovery_scenario,iperf_tcp,10,6,,ryu_controller,361493,69.7,60329984
2026-04-24T21:31:28.628764+00:00,recovery_scenario,iperf_tcp,10,6,,twin_core,361501,9.9,67186688
2026-04-24T21:31:28.628764+00:00,recovery_scenario,iperf_tcp,10,6,,ryu_controller,361493,99.3,60338176
2026-04-24T21:31:28.729490+00:00,recovery_scenario,iperf_tcp,10,6,,twin_core,361501,0.0,67186688
2026-04-24T21:31:28.729490+00:00,recovery_scenario,iperf_tcp,10,6,,ryu_controller,361493,99.5,60338176
2026-04-24T21:31:28.830400+00:00,recovery_scenario,iperf_tcp,10,6,,twin_core,361501,0.0,67186688
2026-04-24T21:31:28.830400+00:00,recovery_scenario,iperf_tcp,10,6,,ryu_controller,361493,99.1,60338176
2026-04-24T21:31:28.931010+00:00,recovery_scenario,iperf_tcp,10,6,,twin_core,361501,0.0,67186688
2026-04-24T21:31:28.931010+00:00,recovery_scenario,iperf_tcp,10,6,,ryu_controller,361493,99.4,60362752
2026-04-24T21:31:29.031499+00:00,recovery_scenario,iperf_tcp,10,6,,twin_core,361501,0.0,67186688
2026-04-24T21:31:29.031499+00:00,recovery_scenario,iperf_tcp,10,6,,ryu_controller,361493,109.6,60362752
2026-04-24T21:31:29.131865+00:00,recovery_scenario,iperf_tcp,10,6,,twin_core,361501,10.0,67186688
2026-04-24T21:31:29.131865+00:00,recovery_scenario,iperf_tcp,10,6,,ryu_controller,361493,89.6,60362752
2026-04-24T21:31:29.232379+00:00,recovery_scenario,iperf_tcp,10,6,,twin_core,361501,0.0,67186688
2026-04-24T21:31:29.232379+00:00,recovery_scenario,iperf_tcp,10,6,,ryu_controller,361493,69.2,60362752
2026-04-24T21:31:29.333693+00:00,recovery_scenario,iperf_tcp,10,6,,twin_core,361501,0.0,67186688
2026-04-24T21:31:29.333693+00:00,recovery_scenario,iperf_tcp,10,6,,ryu_controller,361493,59.2,60362752
2026-04-24T21:31:29.435167+00:00,recovery_scenario,iperf_tcp,10,6,,twin_core,361501,0.0,67186688
2026-04-24T21:31:29.435167+00:00,recovery_scenario,iperf_tcp,10,6,,ryu_controller,361493,59.5,60362752
2026-04-24T21:31:29.535818+00:00,recovery_scenario,iperf_tcp,10,6,,twin_core,361501,0.0,67186688
2026-04-24T21:31:29.535818+00:00,recovery_scenario,iperf_tcp,10,6,,ryu_controller,361493,69.7,60362752
2026-04-24T21:31:29.637239+00:00,recovery_scenario,iperf_tcp,10,6,,twin_core,361501,0.0,67186688
2026-04-24T21:31:29.637239+00:00,recovery_scenario,iperf_tcp,10,6,,ryu_controller,361493,69.0,60362752
2026-04-24T21:31:29.737640+00:00,recovery_scenario,iperf_tcp,10,6,,twin_core,361501,0.0,67186688
2026-04-24T21:31:29.737640+00:00,recovery_scenario,iperf_tcp,10,6,,ryu_controller,361493,79.6,60362752
2026-04-24T21:31:29.838849+00:00,recovery_scenario,iperf_tcp,10,6,,twin_core,361501,0.0,67186688
2026-04-24T21:31:29.838849+00:00,recovery_scenario,iperf_tcp,10,6,,ryu_controller,361493,68.5,60362752
2026-04-24T21:31:29.942246+00:00,recovery_scenario,iperf_tcp,10,6,,twin_core,361501,0.0,67186688
2026-04-24T21:31:29.942246+00:00,recovery_scenario,iperf_tcp,10,6,,ryu_controller,361493,48.8,60362752
2026-04-24T21:31:30.043508+00:00,recovery_scenario,iperf_tcp,10,6,,twin_core,361501,0.0,67186688
2026-04-24T21:31:30.043508+00:00,recovery_scenario,iperf_tcp,10,6,,ryu_controller,361493,59.3,60362752
2026-04-24T21:31:30.145372+00:00,recovery_scenario,iperf_tcp,10,6,,twin_core,361501,0.0,67186688
2026-04-24T21:31:30.145372+00:00,recovery_scenario,iperf_tcp,10,6,,ryu_controller,361493,39.3,60362752
2026-04-24T21:31:30.246360+00:00,recovery_scenario,iperf_tcp,10,6,,twin_core,361501,0.0,67186688
2026-04-24T21:31:30.246360+00:00,recovery_scenario,iperf_tcp,10,6,,ryu_controller,361493,59.2,60362752
2026-04-24T21:31:30.347054+00:00,recovery_scenario,iperf_tcp,10,6,,twin_core,361501,9.9,67186688
2026-04-24T21:31:30.347054+00:00,recovery_scenario,iperf_tcp,10,6,,ryu_controller,361493,59.6,60362752
2026-04-24T21:31:30.448201+00:00,recovery_scenario,iperf_tcp,10,6,,twin_core,361501,0.0,67186688
2026-04-24T21:31:30.448201+00:00,recovery_scenario,iperf_tcp,10,6,,ryu_controller,361493,69.2,60362752
2026-04-24T21:31:30.549205+00:00,recovery_scenario,iperf_tcp,10,6,,twin_core,361501,9.9,67198976
2026-04-24T21:31:30.549205+00:00,recovery_scenario,iperf_tcp,10,6,,ryu_controller,361493,69.5,60362752
2026-04-24T21:31:30.649826+00:00,recovery_scenario,iperf_tcp,10,6,,twin_core,361501,0.0,67198976
2026-04-24T21:31:30.649826+00:00,recovery_scenario,iperf_tcp,10,6,,ryu_controller,361493,0.0,60362752
2026-04-24T21:31:30.754831+00:00,recovery_scenario,iperf_tcp,10,6,,twin_core,361501,0.0,67198976
2026-04-24T21:31:30.754831+00:00,recovery_scenario,iperf_tcp,10,6,,ryu_controller,361493,9.5,60362752
2026-04-24T21:31:30.855187+00:00,recovery_scenario,iperf_tcp,10,6,,twin_core,361501,0.0,67198976
2026-04-24T21:31:30.855187+00:00,recovery_scenario,iperf_tcp,10,6,,ryu_controller,361493,29.9,60362752
2026-04-24T21:31:30.955559+00:00,recovery_scenario,iperf_tcp,10,6,,twin_core,361501,10.0,67198976
2026-04-24T21:31:30.955559+00:00,recovery_scenario,iperf_tcp,10,6,,ryu_controller,361493,19.9,60362752
2026-04-24T21:31:31.041152+00:00,recovery_scenario,iperf_tcp,10,6,recovery_requested,,,,
2026-04-24T21:31:31.056057+00:00,recovery_scenario,iperf_tcp,10,6,,twin_core,361501,0.0,67203072
2026-04-24T21:31:31.056057+00:00,recovery_scenario,iperf_tcp,10,6,,ryu_controller,361493,29.9,60362752
2026-04-24T21:31:31.160817+00:00,recovery_scenario,iperf_tcp,10,6,,twin_core,361501,0.0,67203072
2026-04-24T21:31:31.160817+00:00,recovery_scenario,iperf_tcp,10,6,,ryu_controller,361493,28.6,60362752
2026-04-24T21:31:31.261147+00:00,recovery_scenario,iperf_tcp,10,6,,twin_core,361501,0.0,67203072
2026-04-24T21:31:31.261147+00:00,recovery_scenario,iperf_tcp,10,6,,ryu_controller,361493,19.9,60362752
2026-04-24T21:31:31.361507+00:00,recovery_scenario,iperf_tcp,10,6,,twin_core,361501,0.0,67203072
2026-04-24T21:31:31.361507+00:00,recovery_scenario,iperf_tcp,10,6,,ryu_controller,361493,39.8,60362752
2026-04-24T21:31:31.462025+00:00,recovery_scenario,iperf_tcp,10,6,,twin_core,361501,9.9,67203072
2026-04-24T21:31:31.462025+00:00,recovery_scenario,iperf_tcp,10,6,,ryu_controller,361493,29.9,60362752
2026-04-24T21:31:31.562380+00:00,recovery_scenario,iperf_tcp,10,6,,twin_core,361501,0.0,67203072
2026-04-24T21:31:31.562380+00:00,recovery_scenario,iperf_tcp,10,6,,ryu_controller,361493,29.9,60362752
2026-04-24T21:31:31.663768+00:00,recovery_scenario,iperf_tcp,10,6,,twin_core,361501,0.0,67203072
2026-04-24T21:31:31.663768+00:00,recovery_scenario,iperf_tcp,10,6,,ryu_controller,361493,49.4,60362752
2026-04-24T21:31:31.764889+00:00,recovery_scenario,iperf_tcp,10,6,,twin_core,361501,0.0,67203072
2026-04-24T21:31:31.764889+00:00,recovery_scenario,iperf_tcp,10,6,,ryu_controller,361493,59.3,60362752
2026-04-24T21:31:31.865241+00:00,recovery_scenario,iperf_tcp,10,6,,twin_core,361501,0.0,67203072
2026-04-24T21:31:31.865241+00:00,recovery_scenario,iperf_tcp,10,6,,ryu_controller,361493,49.8,60362752
2026-04-24T21:31:31.966244+00:00,recovery_scenario,iperf_tcp,10,6,,twin_core,361501,0.0,67203072
2026-04-24T21:31:31.966244+00:00,recovery_scenario,iperf_tcp,10,6,,ryu_controller,361493,69.4,60362752
2026-04-24T21:31:32.066607+00:00,recovery_scenario,iperf_tcp,10,6,,twin_core,361501,0.0,67203072
2026-04-24T21:31:32.066607+00:00,recovery_scenario,iperf_tcp,10,6,,ryu_controller,361493,59.3,60362752
2026-04-24T21:31:32.168488+00:00,recovery_scenario,iperf_tcp,10,6,,twin_core,361501,0.0,67203072
2026-04-24T21:31:32.168488+00:00,recovery_scenario,iperf_tcp,10,6,,ryu_controller,361493,39.6,60362752
2026-04-24T21:31:32.271915+00:00,recovery_scenario,iperf_tcp,10,6,,twin_core,361501,0.0,67203072
2026-04-24T21:31:32.271915+00:00,recovery_scenario,iperf_tcp,10,6,,ryu_controller,361493,29.0,60362752
2026-04-24T21:31:32.372332+00:00,recovery_scenario,iperf_tcp,10,6,,twin_core,361501,0.0,67203072
2026-04-24T21:31:32.372332+00:00,recovery_scenario,iperf_tcp,10,6,,ryu_controller,361493,39.5,60362752
2026-04-24T21:31:32.473621+00:00,recovery_scenario,iperf_tcp,10,6,,twin_core,361501,0.0,67203072
2026-04-24T21:31:32.473621+00:00,recovery_scenario,iperf_tcp,10,6,,ryu_controller,361493,39.8,60362752
2026-04-24T21:31:32.575486+00:00,recovery_scenario,iperf_tcp,10,6,,twin_core,361501,0.0,67203072
2026-04-24T21:31:32.575486+00:00,recovery_scenario,iperf_tcp,10,6,,ryu_controller,361493,49.1,60362752
2026-04-24T21:31:32.677482+00:00,recovery_scenario,iperf_tcp,10,6,,twin_core,361501,9.8,67203072
2026-04-24T21:31:32.677482+00:00,recovery_scenario,iperf_tcp,10,6,,ryu_controller,361493,39.2,60362752
2026-04-24T21:31:32.781791+00:00,recovery_scenario,iperf_tcp,10,6,,twin_core,361501,0.0,67203072
2026-04-24T21:31:32.781791+00:00,recovery_scenario,iperf_tcp,10,6,,ryu_controller,361493,38.3,60362752
2026-04-24T21:31:32.882168+00:00,recovery_scenario,iperf_tcp,10,6,,twin_core,361501,0.0,67203072
2026-04-24T21:31:32.882168+00:00,recovery_scenario,iperf_tcp,10,6,,ryu_controller,361493,49.8,60362752
2026-04-24T21:31:32.982559+00:00,recovery_scenario,iperf_tcp,10,6,,twin_core,361501,0.0,67203072
2026-04-24T21:31:32.982559+00:00,recovery_scenario,iperf_tcp,10,6,,ryu_controller,361493,39.2,60362752
2026-04-24T21:31:33.084896+00:00,recovery_scenario,iperf_tcp,10,6,,twin_core,361501,0.0,67203072
2026-04-24T21:31:33.084896+00:00,recovery_scenario,iperf_tcp,10,6,,ryu_controller,361493,39.7,60362752
2026-04-24T21:31:33.185264+00:00,recovery_scenario,iperf_tcp,10,6,,twin_core,361501,0.0,67203072
2026-04-24T21:31:33.185264+00:00,recovery_scenario,iperf_tcp,10,6,,ryu_controller,361493,49.8,60362752
2026-04-24T21:31:33.285678+00:00,recovery_scenario,iperf_tcp,10,6,,twin_core,361501,0.0,67203072
2026-04-24T21:31:33.285678+00:00,recovery_scenario,iperf_tcp,10,6,,ryu_controller,361493,39.8,60362752
2026-04-24T21:31:33.386141+00:00,recovery_scenario,iperf_tcp,10,6,,twin_core,361501,0.0,67203072
2026-04-24T21:31:33.386141+00:00,recovery_scenario,iperf_tcp,10,6,,ryu_controller,361493,49.8,60362752
2026-04-24T21:31:33.487252+00:00,recovery_scenario,iperf_tcp,10,6,,twin_core,361501,0.0,67203072
2026-04-24T21:31:33.487252+00:00,recovery_scenario,iperf_tcp,10,6,,ryu_controller,361493,78.7,60362752
2026-04-24T21:31:33.588862+00:00,recovery_scenario,iperf_tcp,10,6,,twin_core,361501,0.0,67203072
2026-04-24T21:31:33.588862+00:00,recovery_scenario,iperf_tcp,10,6,,ryu_controller,361493,79.1,60362752
2026-04-24T21:31:33.690091+00:00,recovery_scenario,iperf_tcp,10,6,,twin_core,361501,0.0,67203072
2026-04-24T21:31:33.690091+00:00,recovery_scenario,iperf_tcp,10,6,,ryu_controller,361493,69.0,60362752
2026-04-24T21:31:33.790953+00:00,recovery_scenario,iperf_tcp,10,6,,twin_core,361501,0.0,67203072
2026-04-24T21:31:33.790953+00:00,recovery_scenario,iperf_tcp,10,6,,ryu_controller,361493,79.4,60362752
2026-04-24T21:31:33.891488+00:00,recovery_scenario,iperf_tcp,10,6,,twin_core,361501,0.0,67203072
2026-04-24T21:31:33.891488+00:00,recovery_scenario,iperf_tcp,10,6,,ryu_controller,361493,69.7,60362752
2026-04-24T21:31:33.993892+00:00,recovery_scenario,iperf_tcp,10,6,,twin_core,361501,0.0,67203072
2026-04-24T21:31:33.993892+00:00,recovery_scenario,iperf_tcp,10,6,,ryu_controller,361493,58.7,60362752
2026-04-24T21:31:34.094244+00:00,recovery_scenario,iperf_tcp,10,6,,twin_core,361501,0.0,67203072
2026-04-24T21:31:34.094244+00:00,recovery_scenario,iperf_tcp,10,6,,ryu_controller,361493,69.7,60362752
2026-04-24T21:31:34.195165+00:00,recovery_scenario,iperf_tcp,10,6,,twin_core,361501,0.0,67203072
2026-04-24T21:31:34.195165+00:00,recovery_scenario,iperf_tcp,10,6,,ryu_controller,361493,68.9,60362752
2026-04-24T21:31:34.310300+00:00,recovery_scenario,iperf_tcp,10,6,,twin_core,361501,0.0,67203072
2026-04-24T21:31:34.310300+00:00,recovery_scenario,iperf_tcp,10,6,,ryu_controller,361493,77.8,60362752
2026-04-24T21:31:34.413268+00:00,recovery_scenario,iperf_tcp,10,6,,twin_core,361501,0.0,67203072
2026-04-24T21:31:34.413268+00:00,recovery_scenario,iperf_tcp,10,6,,ryu_controller,361493,58.7,60362752
2026-04-24T21:31:34.514237+00:00,recovery_scenario,iperf_tcp,10,6,,twin_core,361501,0.0,67203072
2026-04-24T21:31:34.514237+00:00,recovery_scenario,iperf_tcp,10,6,,ryu_controller,361493,39.7,60362752
2026-04-24T21:31:34.615179+00:00,recovery_scenario,iperf_tcp,10,6,,twin_core,361501,9.9,67203072
2026-04-24T21:31:34.615179+00:00,recovery_scenario,iperf_tcp,10,6,,ryu_controller,361493,59.5,60362752
2026-04-24T21:31:34.716187+00:00,recovery_scenario,iperf_tcp,10,6,,twin_core,361501,0.0,67203072
2026-04-24T21:31:34.716187+00:00,recovery_scenario,iperf_tcp,10,6,,ryu_controller,361493,39.5,60362752
2026-04-24T21:31:34.817527+00:00,recovery_scenario,iperf_tcp,10,6,,twin_core,361501,0.0,67203072
2026-04-24T21:31:34.817527+00:00,recovery_scenario,iperf_tcp,10,6,,ryu_controller,361493,39.3,60362752
2026-04-24T21:31:34.919896+00:00,recovery_scenario,iperf_tcp,10,6,,twin_core,361501,0.0,67203072
2026-04-24T21:31:34.919896+00:00,recovery_scenario,iperf_tcp,10,6,,ryu_controller,361493,29.4,60362752
2026-04-24T21:31:35.021166+00:00,recovery_scenario,iperf_tcp,10,6,,twin_core,361501,0.0,67203072
2026-04-24T21:31:35.021166+00:00,recovery_scenario,iperf_tcp,10,6,,ryu_controller,361493,39.3,60362752
2026-04-24T21:31:35.125055+00:00,recovery_scenario,iperf_tcp,10,6,,twin_core,361501,9.6,67203072
2026-04-24T21:31:35.125055+00:00,recovery_scenario,iperf_tcp,10,6,,ryu_controller,361493,29.1,60362752
2026-04-24T21:31:35.226117+00:00,recovery_scenario,iperf_tcp,10,6,,twin_core,361501,0.0,67203072
2026-04-24T21:31:35.226117+00:00,recovery_scenario,iperf_tcp,10,6,,ryu_controller,361493,29.7,60362752
2026-04-24T21:31:35.326822+00:00,recovery_scenario,iperf_tcp,10,6,,twin_core,361501,0.0,67203072
2026-04-24T21:31:35.326822+00:00,recovery_scenario,iperf_tcp,10,6,,ryu_controller,361493,29.8,60362752
2026-04-24T21:31:35.427811+00:00,recovery_scenario,iperf_tcp,10,6,,twin_core,361501,0.0,67203072
2026-04-24T21:31:35.427811+00:00,recovery_scenario,iperf_tcp,10,6,,ryu_controller,361493,9.9,60362752
2026-04-24T21:31:35.529789+00:00,recovery_scenario,iperf_tcp,10,6,,twin_core,361501,9.8,67203072
2026-04-24T21:31:35.529789+00:00,recovery_scenario,iperf_tcp,10,6,,ryu_controller,361493,0.0,60362752
2026-04-24T21:31:35.631761+00:00,recovery_scenario,iperf_tcp,10,6,,twin_core,361501,0.0,67203072
2026-04-24T21:31:35.631761+00:00,recovery_scenario,iperf_tcp,10,6,,ryu_controller,361493,29.4,60362752
2026-04-24T21:31:35.688205+00:00,recovery_scenario,iperf_tcp,10,6,scenario_teardown,,,,
2026-04-24T21:31:35.732340+00:00,recovery_scenario,iperf_tcp,10,6,,twin_core,361501,9.9,67203072
2026-04-24T21:31:35.732340+00:00,recovery_scenario,iperf_tcp,10,6,,ryu_controller,361493,19.9,60362752
2026-04-24T21:31:35.832820+00:00,recovery_scenario,iperf_tcp,10,6,,twin_core,361501,0.0,67203072
2026-04-24T21:31:35.832820+00:00,recovery_scenario,iperf_tcp,10,6,,ryu_controller,361493,10.0,60362752
2026-04-24T21:31:35.933284+00:00,recovery_scenario,iperf_tcp,10,6,,twin_core,361501,0.0,67203072
2026-04-24T21:31:35.933284+00:00,recovery_scenario,iperf_tcp,10,6,,ryu_controller,361493,19.9,60362752
2026-04-24T21:31:36.034058+00:00,recovery_scenario,iperf_tcp,10,6,,twin_core,361501,0.0,67203072
2026-04-24T21:31:36.034058+00:00,recovery_scenario,iperf_tcp,10,6,,ryu_controller,361493,0.0,60362752
2026-04-24T21:31:36.588925+00:00,recovery_scenario,iperf_tcp,10,7,,twin_core,361501,0.0,67207168
2026-04-24T21:31:36.588925+00:00,recovery_scenario,iperf_tcp,10,7,,ryu_controller,361493,0.0,60362752
2026-04-24T21:31:36.690986+00:00,recovery_scenario,iperf_tcp,10,7,,twin_core,361501,9.8,67207168
2026-04-24T21:31:36.690986+00:00,recovery_scenario,iperf_tcp,10,7,,ryu_controller,361493,49.7,60362752
2026-04-24T21:31:36.791342+00:00,recovery_scenario,iperf_tcp,10,7,,twin_core,361501,10.0,67207168
2026-04-24T21:31:36.791342+00:00,recovery_scenario,iperf_tcp,10,7,,ryu_controller,361493,39.8,60362752
2026-04-24T21:31:36.851157+00:00,recovery_scenario,iperf_tcp,10,7,service_started,,,,
2026-04-24T21:31:36.891764+00:00,recovery_scenario,iperf_tcp,10,7,,twin_core,361501,10.0,67211264
2026-04-24T21:31:36.891764+00:00,recovery_scenario,iperf_tcp,10,7,,ryu_controller,361493,39.8,60362752
2026-04-24T21:31:36.992136+00:00,recovery_scenario,iperf_tcp,10,7,,twin_core,361501,0.0,67215360
2026-04-24T21:31:36.992136+00:00,recovery_scenario,iperf_tcp,10,7,,ryu_controller,361493,39.8,60362752
2026-04-24T21:31:37.093275+00:00,recovery_scenario,iperf_tcp,10,7,,twin_core,361501,0.0,67215360
2026-04-24T21:31:37.093275+00:00,recovery_scenario,iperf_tcp,10,7,,ryu_controller,361493,19.8,60362752
2026-04-24T21:31:37.193789+00:00,recovery_scenario,iperf_tcp,10,7,,twin_core,361501,0.0,67215360
2026-04-24T21:31:37.193789+00:00,recovery_scenario,iperf_tcp,10,7,,ryu_controller,361493,9.9,60362752
2026-04-24T21:31:37.294760+00:00,recovery_scenario,iperf_tcp,10,7,,twin_core,361501,0.0,67215360
2026-04-24T21:31:37.294760+00:00,recovery_scenario,iperf_tcp,10,7,,ryu_controller,361493,19.8,60362752
2026-04-24T21:31:37.395205+00:00,recovery_scenario,iperf_tcp,10,7,,twin_core,361501,0.0,67215360
2026-04-24T21:31:37.395205+00:00,recovery_scenario,iperf_tcp,10,7,,ryu_controller,361493,59.7,60362752
2026-04-24T21:31:37.496101+00:00,recovery_scenario,iperf_tcp,10,7,,twin_core,361501,0.0,67215360
2026-04-24T21:31:37.496101+00:00,recovery_scenario,iperf_tcp,10,7,,ryu_controller,361493,9.9,60362752
2026-04-24T21:31:37.599155+00:00,recovery_scenario,iperf_tcp,10,7,,twin_core,361501,0.0,67215360
2026-04-24T21:31:37.599155+00:00,recovery_scenario,iperf_tcp,10,7,,ryu_controller,361493,9.7,60362752
2026-04-24T21:31:37.699571+00:00,recovery_scenario,iperf_tcp,10,7,,twin_core,361501,0.0,67215360
2026-04-24T21:31:37.699571+00:00,recovery_scenario,iperf_tcp,10,7,,ryu_controller,361493,0.0,60362752
2026-04-24T21:31:37.801418+00:00,recovery_scenario,iperf_tcp,10,7,,twin_core,361501,9.8,67215360
2026-04-24T21:31:37.801418+00:00,recovery_scenario,iperf_tcp,10,7,,ryu_controller,361493,19.6,60362752
2026-04-24T21:31:37.901910+00:00,recovery_scenario,iperf_tcp,10,7,,twin_core,361501,0.0,67215360
2026-04-24T21:31:37.901910+00:00,recovery_scenario,iperf_tcp,10,7,,ryu_controller,361493,19.9,60362752
2026-04-24T21:31:38.002389+00:00,recovery_scenario,iperf_tcp,10,7,,twin_core,361501,0.0,67215360
2026-04-24T21:31:38.002389+00:00,recovery_scenario,iperf_tcp,10,7,,ryu_controller,361493,19.9,60362752
2026-04-24T21:31:38.102769+00:00,recovery_scenario,iperf_tcp,10,7,,twin_core,361501,0.0,67215360
2026-04-24T21:31:38.102769+00:00,recovery_scenario,iperf_tcp,10,7,,ryu_controller,361493,19.9,60362752
2026-04-24T21:31:38.203242+00:00,recovery_scenario,iperf_tcp,10,7,,twin_core,361501,0.0,67215360
2026-04-24T21:31:38.203242+00:00,recovery_scenario,iperf_tcp,10,7,,ryu_controller,361493,19.9,60362752
2026-04-24T21:31:38.303609+00:00,recovery_scenario,iperf_tcp,10,7,,twin_core,361501,0.0,67215360
2026-04-24T21:31:38.303609+00:00,recovery_scenario,iperf_tcp,10,7,,ryu_controller,361493,39.8,60362752
2026-04-24T21:31:38.404085+00:00,recovery_scenario,iperf_tcp,10,7,,twin_core,361501,0.0,67215360
2026-04-24T21:31:38.404085+00:00,recovery_scenario,iperf_tcp,10,7,,ryu_controller,361493,19.9,60362752
2026-04-24T21:31:38.505337+00:00,recovery_scenario,iperf_tcp,10,7,,twin_core,361501,0.0,67215360
2026-04-24T21:31:38.505337+00:00,recovery_scenario,iperf_tcp,10,7,,ryu_controller,361493,9.9,60362752
2026-04-24T21:31:38.605836+00:00,recovery_scenario,iperf_tcp,10,7,,twin_core,361501,0.0,67215360
2026-04-24T21:31:38.605836+00:00,recovery_scenario,iperf_tcp,10,7,,ryu_controller,361493,19.9,60362752
2026-04-24T21:31:38.706239+00:00,recovery_scenario,iperf_tcp,10,7,,twin_core,361501,0.0,67215360
2026-04-24T21:31:38.706239+00:00,recovery_scenario,iperf_tcp,10,7,,ryu_controller,361493,0.0,60362752
2026-04-24T21:31:38.807104+00:00,recovery_scenario,iperf_tcp,10,7,,twin_core,361501,0.0,67215360
2026-04-24T21:31:38.807104+00:00,recovery_scenario,iperf_tcp,10,7,,ryu_controller,361493,9.9,60362752
2026-04-24T21:31:38.911336+00:00,recovery_scenario,iperf_tcp,10,7,,twin_core,361501,0.0,67215360
2026-04-24T21:31:38.911336+00:00,recovery_scenario,iperf_tcp,10,7,,ryu_controller,361493,19.2,60362752
2026-04-24T21:31:39.011898+00:00,recovery_scenario,iperf_tcp,10,7,,twin_core,361501,19.9,67215360
2026-04-24T21:31:39.011898+00:00,recovery_scenario,iperf_tcp,10,7,,ryu_controller,361493,39.8,60362752
2026-04-24T21:31:39.112318+00:00,recovery_scenario,iperf_tcp,10,7,,twin_core,361501,0.0,67215360
2026-04-24T21:31:39.112318+00:00,recovery_scenario,iperf_tcp,10,7,,ryu_controller,361493,19.9,60362752
2026-04-24T21:31:39.257764+00:00,recovery_scenario,iperf_tcp,10,7,,twin_core,361501,26.5,67215360
2026-04-24T21:31:39.257764+00:00,recovery_scenario,iperf_tcp,10,7,,ryu_controller,361493,42.9,60362752
2026-04-24T21:31:39.401183+00:00,recovery_scenario,iperf_tcp,10,7,,twin_core,361501,50.7,67215360
2026-04-24T21:31:39.401183+00:00,recovery_scenario,iperf_tcp,10,7,,ryu_controller,361493,58.6,60362752
2026-04-24T21:31:39.501610+00:00,recovery_scenario,iperf_tcp,10,7,,twin_core,361501,0.0,67215360
2026-04-24T21:31:39.501610+00:00,recovery_scenario,iperf_tcp,10,7,,ryu_controller,361493,39.8,60362752
2026-04-24T21:31:39.602097+00:00,recovery_scenario,iperf_tcp,10,7,,twin_core,361501,0.0,67219456
2026-04-24T21:31:39.602097+00:00,recovery_scenario,iperf_tcp,10,7,,ryu_controller,361493,10.0,60362752
2026-04-24T21:31:39.702678+00:00,recovery_scenario,iperf_tcp,10,7,,twin_core,361501,0.0,67219456
2026-04-24T21:31:39.702678+00:00,recovery_scenario,iperf_tcp,10,7,,ryu_controller,361493,0.0,60362752
2026-04-24T21:31:39.803643+00:00,recovery_scenario,iperf_tcp,10,7,,twin_core,361501,0.0,67219456
2026-04-24T21:31:39.803643+00:00,recovery_scenario,iperf_tcp,10,7,,ryu_controller,361493,10.0,60362752
2026-04-24T21:31:39.904037+00:00,recovery_scenario,iperf_tcp,10,7,,twin_core,361501,0.0,67219456
2026-04-24T21:31:39.904037+00:00,recovery_scenario,iperf_tcp,10,7,,ryu_controller,361493,10.0,60362752
2026-04-24T21:31:40.004582+00:00,recovery_scenario,iperf_tcp,10,7,,twin_core,361501,0.0,67219456
2026-04-24T21:31:40.004582+00:00,recovery_scenario,iperf_tcp,10,7,,ryu_controller,361493,9.9,60362752
2026-04-24T21:31:40.105110+00:00,recovery_scenario,iperf_tcp,10,7,,twin_core,361501,9.9,67219456
2026-04-24T21:31:40.105110+00:00,recovery_scenario,iperf_tcp,10,7,,ryu_controller,361493,9.9,60362752
2026-04-24T21:31:40.205675+00:00,recovery_scenario,iperf_tcp,10,7,,twin_core,361501,0.0,67219456
2026-04-24T21:31:40.205675+00:00,recovery_scenario,iperf_tcp,10,7,,ryu_controller,361493,9.9,60362752
2026-04-24T21:31:40.306307+00:00,recovery_scenario,iperf_tcp,10,7,,twin_core,361501,0.0,67219456
2026-04-24T21:31:40.306307+00:00,recovery_scenario,iperf_tcp,10,7,,ryu_controller,361493,10.0,60362752
2026-04-24T21:31:40.406856+00:00,recovery_scenario,iperf_tcp,10,7,,twin_core,361501,0.0,67219456
2026-04-24T21:31:40.406856+00:00,recovery_scenario,iperf_tcp,10,7,,ryu_controller,361493,9.9,60362752
2026-04-24T21:31:40.507388+00:00,recovery_scenario,iperf_tcp,10,7,,twin_core,361501,0.0,67219456
2026-04-24T21:31:40.507388+00:00,recovery_scenario,iperf_tcp,10,7,,ryu_controller,361493,9.9,60362752
2026-04-24T21:31:40.607988+00:00,recovery_scenario,iperf_tcp,10,7,,twin_core,361501,0.0,67219456
2026-04-24T21:31:40.607988+00:00,recovery_scenario,iperf_tcp,10,7,,ryu_controller,361493,19.9,60362752
2026-04-24T21:31:40.709389+00:00,recovery_scenario,iperf_tcp,10,7,,twin_core,361501,0.0,67219456
2026-04-24T21:31:40.709389+00:00,recovery_scenario,iperf_tcp,10,7,,ryu_controller,361493,9.9,60362752
2026-04-24T21:31:40.811810+00:00,recovery_scenario,iperf_tcp,10,7,,twin_core,361501,0.0,67219456
2026-04-24T21:31:40.811810+00:00,recovery_scenario,iperf_tcp,10,7,,ryu_controller,361493,0.0,60362752
2026-04-24T21:31:40.913835+00:00,recovery_scenario,iperf_tcp,10,7,,twin_core,361501,0.0,67219456
2026-04-24T21:31:40.913835+00:00,recovery_scenario,iperf_tcp,10,7,,ryu_controller,361493,9.8,60362752
2026-04-24T21:31:41.014298+00:00,recovery_scenario,iperf_tcp,10,7,,twin_core,361501,19.9,67219456
2026-04-24T21:31:41.014298+00:00,recovery_scenario,iperf_tcp,10,7,,ryu_controller,361493,59.7,60362752
2026-04-24T21:31:41.115839+00:00,recovery_scenario,iperf_tcp,10,7,,twin_core,361501,0.0,67244032
2026-04-24T21:31:41.115839+00:00,recovery_scenario,iperf_tcp,10,7,,ryu_controller,361493,29.5,60362752
2026-04-24T21:31:41.216390+00:00,recovery_scenario,iperf_tcp,10,7,,twin_core,361501,0.0,67244032
2026-04-24T21:31:41.216390+00:00,recovery_scenario,iperf_tcp,10,7,,ryu_controller,361493,0.0,60362752
2026-04-24T21:31:41.317157+00:00,recovery_scenario,iperf_tcp,10,7,,twin_core,361501,9.9,67244032
2026-04-24T21:31:41.317157+00:00,recovery_scenario,iperf_tcp,10,7,,ryu_controller,361493,10.0,60362752
2026-04-24T21:31:41.417551+00:00,recovery_scenario,iperf_tcp,10,7,,twin_core,361501,0.0,67244032
2026-04-24T21:31:41.417551+00:00,recovery_scenario,iperf_tcp,10,7,,ryu_controller,361493,10.0,60362752
2026-04-24T21:31:41.518050+00:00,recovery_scenario,iperf_tcp,10,7,,twin_core,361501,0.0,67244032
2026-04-24T21:31:41.518050+00:00,recovery_scenario,iperf_tcp,10,7,,ryu_controller,361493,59.8,60362752
2026-04-24T21:31:41.619501+00:00,recovery_scenario,iperf_tcp,10,7,,twin_core,361501,0.0,67244032
2026-04-24T21:31:41.619501+00:00,recovery_scenario,iperf_tcp,10,7,,ryu_controller,361493,29.5,60362752
2026-04-24T21:31:41.720041+00:00,recovery_scenario,iperf_tcp,10,7,,twin_core,361501,0.0,67244032
2026-04-24T21:31:41.720041+00:00,recovery_scenario,iperf_tcp,10,7,,ryu_controller,361493,0.0,60362752
2026-04-24T21:31:41.820420+00:00,recovery_scenario,iperf_tcp,10,7,,twin_core,361501,0.0,67244032
2026-04-24T21:31:41.820420+00:00,recovery_scenario,iperf_tcp,10,7,,ryu_controller,361493,19.9,60362752
2026-04-24T21:31:41.920825+00:00,recovery_scenario,iperf_tcp,10,7,,twin_core,361501,0.0,67244032
2026-04-24T21:31:41.920825+00:00,recovery_scenario,iperf_tcp,10,7,,ryu_controller,361493,0.0,60362752
2026-04-24T21:31:42.021585+00:00,recovery_scenario,iperf_tcp,10,7,,twin_core,361501,9.9,67244032
2026-04-24T21:31:42.021585+00:00,recovery_scenario,iperf_tcp,10,7,,ryu_controller,361493,9.9,60362752
2026-04-24T21:31:42.122067+00:00,recovery_scenario,iperf_tcp,10,7,,twin_core,361501,0.0,67244032
2026-04-24T21:31:42.122067+00:00,recovery_scenario,iperf_tcp,10,7,,ryu_controller,361493,19.9,60362752
2026-04-24T21:31:42.222674+00:00,recovery_scenario,iperf_tcp,10,7,,twin_core,361501,0.0,67244032
2026-04-24T21:31:42.222674+00:00,recovery_scenario,iperf_tcp,10,7,,ryu_controller,361493,0.0,60362752
2026-04-24T21:31:42.323239+00:00,recovery_scenario,iperf_tcp,10,7,,twin_core,361501,0.0,67244032
2026-04-24T21:31:42.323239+00:00,recovery_scenario,iperf_tcp,10,7,,ryu_controller,361493,10.0,60362752
2026-04-24T21:31:42.423634+00:00,recovery_scenario,iperf_tcp,10,7,,twin_core,361501,0.0,67244032
2026-04-24T21:31:42.423634+00:00,recovery_scenario,iperf_tcp,10,7,,ryu_controller,361493,9.9,60362752
2026-04-24T21:31:42.524193+00:00,recovery_scenario,iperf_tcp,10,7,,twin_core,361501,10.0,67244032
2026-04-24T21:31:42.524193+00:00,recovery_scenario,iperf_tcp,10,7,,ryu_controller,361493,0.0,60362752
2026-04-24T21:31:42.624641+00:00,recovery_scenario,iperf_tcp,10,7,,twin_core,361501,0.0,67244032
2026-04-24T21:31:42.624641+00:00,recovery_scenario,iperf_tcp,10,7,,ryu_controller,361493,39.8,60362752
2026-04-24T21:31:42.725072+00:00,recovery_scenario,iperf_tcp,10,7,,twin_core,361501,0.0,67244032
2026-04-24T21:31:42.725072+00:00,recovery_scenario,iperf_tcp,10,7,,ryu_controller,361493,0.0,60362752
2026-04-24T21:31:42.818694+00:00,recovery_scenario,iperf_tcp,10,7,pingall_completed,,,,
2026-04-24T21:31:42.829669+00:00,recovery_scenario,iperf_tcp,10,7,,twin_core,361501,0.0,67244032
2026-04-24T21:31:42.829669+00:00,recovery_scenario,iperf_tcp,10,7,,ryu_controller,361493,0.0,60362752
2026-04-24T21:31:42.932734+00:00,recovery_scenario,iperf_tcp,10,7,,twin_core,361501,0.0,67244032
2026-04-24T21:31:42.932734+00:00,recovery_scenario,iperf_tcp,10,7,,ryu_controller,361493,0.0,60362752
2026-04-24T21:31:43.037599+00:00,recovery_scenario,iperf_tcp,10,7,,twin_core,361501,0.0,67244032
2026-04-24T21:31:43.037599+00:00,recovery_scenario,iperf_tcp,10,7,,ryu_controller,361493,0.0,60362752
2026-04-24T21:31:43.138164+00:00,recovery_scenario,iperf_tcp,10,7,,twin_core,361501,19.9,67244032
2026-04-24T21:31:43.138164+00:00,recovery_scenario,iperf_tcp,10,7,,ryu_controller,361493,79.7,60362752
2026-04-24T21:31:43.243171+00:00,recovery_scenario,iperf_tcp,10,7,,twin_core,361501,0.0,67276800
2026-04-24T21:31:43.243171+00:00,recovery_scenario,iperf_tcp,10,7,,ryu_controller,361493,9.5,60362752
2026-04-24T21:31:43.346522+00:00,recovery_scenario,iperf_tcp,10,7,,twin_core,361501,0.0,67276800
2026-04-24T21:31:43.346522+00:00,recovery_scenario,iperf_tcp,10,7,,ryu_controller,361493,0.0,60362752
2026-04-24T21:31:43.451574+00:00,recovery_scenario,iperf_tcp,10,7,,twin_core,361501,0.0,67276800
2026-04-24T21:31:43.451574+00:00,recovery_scenario,iperf_tcp,10,7,,ryu_controller,361493,0.0,60362752
2026-04-24T21:31:43.556614+00:00,recovery_scenario,iperf_tcp,10,7,,twin_core,361501,0.0,67276800
2026-04-24T21:31:43.556614+00:00,recovery_scenario,iperf_tcp,10,7,,ryu_controller,361493,9.5,60362752
2026-04-24T21:31:43.657403+00:00,recovery_scenario,iperf_tcp,10,7,,twin_core,361501,0.0,67276800
2026-04-24T21:31:43.657403+00:00,recovery_scenario,iperf_tcp,10,7,,ryu_controller,361493,79.6,60362752
2026-04-24T21:31:43.759998+00:00,recovery_scenario,iperf_tcp,10,7,,twin_core,361501,0.0,67276800
2026-04-24T21:31:43.759998+00:00,recovery_scenario,iperf_tcp,10,7,,ryu_controller,361493,0.0,60362752
2026-04-24T21:31:43.861452+00:00,recovery_scenario,iperf_tcp,10,7,,twin_core,361501,0.0,67276800
2026-04-24T21:31:43.861452+00:00,recovery_scenario,iperf_tcp,10,7,,ryu_controller,361493,0.0,60362752
2026-04-24T21:31:43.962678+00:00,recovery_scenario,iperf_tcp,10,7,,twin_core,361501,0.0,67276800
2026-04-24T21:31:43.962678+00:00,recovery_scenario,iperf_tcp,10,7,,ryu_controller,361493,0.0,60362752
2026-04-24T21:31:44.063669+00:00,recovery_scenario,iperf_tcp,10,7,,twin_core,361501,0.0,67276800
2026-04-24T21:31:44.063669+00:00,recovery_scenario,iperf_tcp,10,7,,ryu_controller,361493,0.0,60362752
2026-04-24T21:31:44.164635+00:00,recovery_scenario,iperf_tcp,10,7,,twin_core,361501,0.0,67276800
2026-04-24T21:31:44.164635+00:00,recovery_scenario,iperf_tcp,10,7,,ryu_controller,361493,0.0,60362752
2026-04-24T21:31:44.266511+00:00,recovery_scenario,iperf_tcp,10,7,,twin_core,361501,0.0,67276800
2026-04-24T21:31:44.266511+00:00,recovery_scenario,iperf_tcp,10,7,,ryu_controller,361493,9.8,60362752
2026-04-24T21:31:44.367348+00:00,recovery_scenario,iperf_tcp,10,7,,twin_core,361501,0.0,67276800
2026-04-24T21:31:44.367348+00:00,recovery_scenario,iperf_tcp,10,7,,ryu_controller,361493,0.0,60362752
2026-04-24T21:31:44.468036+00:00,recovery_scenario,iperf_tcp,10,7,,twin_core,361501,0.0,67276800
2026-04-24T21:31:44.468036+00:00,recovery_scenario,iperf_tcp,10,7,,ryu_controller,361493,0.0,60362752
2026-04-24T21:31:44.568811+00:00,recovery_scenario,iperf_tcp,10,7,,twin_core,361501,9.9,67276800
2026-04-24T21:31:44.568811+00:00,recovery_scenario,iperf_tcp,10,7,,ryu_controller,361493,0.0,60362752
2026-04-24T21:31:44.669817+00:00,recovery_scenario,iperf_tcp,10,7,,twin_core,361501,0.0,67276800
2026-04-24T21:31:44.669817+00:00,recovery_scenario,iperf_tcp,10,7,,ryu_controller,361493,9.9,60362752
2026-04-24T21:31:44.770598+00:00,recovery_scenario,iperf_tcp,10,7,,twin_core,361501,0.0,67276800
2026-04-24T21:31:44.770598+00:00,recovery_scenario,iperf_tcp,10,7,,ryu_controller,361493,0.0,60362752
2026-04-24T21:31:44.844485+00:00,recovery_scenario,iperf_tcp,10,7,background_traffic_started,,,,
2026-04-24T21:31:44.872164+00:00,recovery_scenario,iperf_tcp,10,7,,twin_core,361501,0.0,67276800
2026-04-24T21:31:44.872164+00:00,recovery_scenario,iperf_tcp,10,7,,ryu_controller,361493,0.0,60362752
2026-04-24T21:31:44.976529+00:00,recovery_scenario,iperf_tcp,10,7,,twin_core,361501,0.0,67276800
2026-04-24T21:31:44.976529+00:00,recovery_scenario,iperf_tcp,10,7,,ryu_controller,361493,38.3,60362752
2026-04-24T21:31:45.077055+00:00,recovery_scenario,iperf_tcp,10,7,,twin_core,361501,10.0,67276800
2026-04-24T21:31:45.077055+00:00,recovery_scenario,iperf_tcp,10,7,,ryu_controller,361493,29.9,60362752
2026-04-24T21:31:45.177391+00:00,recovery_scenario,iperf_tcp,10,7,,twin_core,361501,10.0,67313664
2026-04-24T21:31:45.177391+00:00,recovery_scenario,iperf_tcp,10,7,,ryu_controller,361493,39.8,60362752
2026-04-24T21:31:45.181625+00:00,recovery_scenario,iperf_tcp,10,7,fault_injected,,,,
2026-04-24T21:31:45.277899+00:00,recovery_scenario,iperf_tcp,10,7,,twin_core,361501,0.0,67346432
2026-04-24T21:31:45.277899+00:00,recovery_scenario,iperf_tcp,10,7,,ryu_controller,361493,29.8,60362752
2026-04-24T21:31:45.378852+00:00,recovery_scenario,iperf_tcp,10,7,,twin_core,361501,0.0,67346432
2026-04-24T21:31:45.378852+00:00,recovery_scenario,iperf_tcp,10,7,,ryu_controller,361493,39.6,60362752
2026-04-24T21:31:45.480305+00:00,recovery_scenario,iperf_tcp,10,7,,twin_core,361501,0.0,67346432
2026-04-24T21:31:45.480305+00:00,recovery_scenario,iperf_tcp,10,7,,ryu_controller,361493,58.6,60362752
2026-04-24T21:31:45.581675+00:00,recovery_scenario,iperf_tcp,10,7,,twin_core,361501,0.0,67346432
2026-04-24T21:31:45.581675+00:00,recovery_scenario,iperf_tcp,10,7,,ryu_controller,361493,69.7,60362752
2026-04-24T21:31:45.682211+00:00,recovery_scenario,iperf_tcp,10,7,,twin_core,361501,0.0,67346432
2026-04-24T21:31:45.682211+00:00,recovery_scenario,iperf_tcp,10,7,,ryu_controller,361493,109.5,60362752
2026-04-24T21:31:45.784419+00:00,recovery_scenario,iperf_tcp,10,7,,twin_core,361501,0.0,67346432
2026-04-24T21:31:45.784419+00:00,recovery_scenario,iperf_tcp,10,7,,ryu_controller,361493,97.8,60362752
2026-04-24T21:31:45.885428+00:00,recovery_scenario,iperf_tcp,10,7,,twin_core,361501,0.0,67346432
2026-04-24T21:31:45.885428+00:00,recovery_scenario,iperf_tcp,10,7,,ryu_controller,361493,89.1,60362752
2026-04-24T21:31:45.985790+00:00,recovery_scenario,iperf_tcp,10,7,,twin_core,361501,0.0,67346432
2026-04-24T21:31:45.985790+00:00,recovery_scenario,iperf_tcp,10,7,,ryu_controller,361493,109.5,60362752
2026-04-24T21:31:46.086332+00:00,recovery_scenario,iperf_tcp,10,7,,twin_core,361501,0.0,67346432
2026-04-24T21:31:46.086332+00:00,recovery_scenario,iperf_tcp,10,7,,ryu_controller,361493,89.6,60362752
2026-04-24T21:31:46.187459+00:00,recovery_scenario,iperf_tcp,10,7,,twin_core,361501,9.9,67346432
2026-04-24T21:31:46.187459+00:00,recovery_scenario,iperf_tcp,10,7,,ryu_controller,361493,96.1,60362752
2026-04-24T21:31:46.291467+00:00,recovery_scenario,iperf_tcp,10,7,,twin_core,361501,0.0,67346432
2026-04-24T21:31:46.291467+00:00,recovery_scenario,iperf_tcp,10,7,,ryu_controller,361493,58.9,60362752
2026-04-24T21:31:46.392658+00:00,recovery_scenario,iperf_tcp,10,7,,twin_core,361501,0.0,67346432
2026-04-24T21:31:46.392658+00:00,recovery_scenario,iperf_tcp,10,7,,ryu_controller,361493,69.7,60362752
2026-04-24T21:31:46.493588+00:00,recovery_scenario,iperf_tcp,10,7,,twin_core,361501,9.9,67346432
2026-04-24T21:31:46.493588+00:00,recovery_scenario,iperf_tcp,10,7,,ryu_controller,361493,59.1,60362752
2026-04-24T21:31:46.594789+00:00,recovery_scenario,iperf_tcp,10,7,,twin_core,361501,0.0,67346432
2026-04-24T21:31:46.594789+00:00,recovery_scenario,iperf_tcp,10,7,,ryu_controller,361493,49.1,60362752
2026-04-24T21:31:46.697084+00:00,recovery_scenario,iperf_tcp,10,7,,twin_core,361501,0.0,67346432
2026-04-24T21:31:46.697084+00:00,recovery_scenario,iperf_tcp,10,7,,ryu_controller,361493,69.3,60362752
2026-04-24T21:31:46.798217+00:00,recovery_scenario,iperf_tcp,10,7,,twin_core,361501,0.0,67346432
2026-04-24T21:31:46.798217+00:00,recovery_scenario,iperf_tcp,10,7,,ryu_controller,361493,39.3,60362752
2026-04-24T21:31:46.899957+00:00,recovery_scenario,iperf_tcp,10,7,,twin_core,361501,0.0,67346432
2026-04-24T21:31:46.899957+00:00,recovery_scenario,iperf_tcp,10,7,,ryu_controller,361493,59.4,60362752
2026-04-24T21:31:47.000569+00:00,recovery_scenario,iperf_tcp,10,7,,twin_core,361501,0.0,67346432
2026-04-24T21:31:47.000569+00:00,recovery_scenario,iperf_tcp,10,7,,ryu_controller,361493,69.4,60362752
2026-04-24T21:31:47.102681+00:00,recovery_scenario,iperf_tcp,10,7,,twin_core,361501,0.0,67346432
2026-04-24T21:31:47.102681+00:00,recovery_scenario,iperf_tcp,10,7,,ryu_controller,361493,29.4,60362752
2026-04-24T21:31:47.204573+00:00,recovery_scenario,iperf_tcp,10,7,,twin_core,361501,0.0,67346432
2026-04-24T21:31:47.204573+00:00,recovery_scenario,iperf_tcp,10,7,,ryu_controller,361493,39.3,60362752
2026-04-24T21:31:47.306802+00:00,recovery_scenario,iperf_tcp,10,7,,twin_core,361501,0.0,67346432
2026-04-24T21:31:47.306802+00:00,recovery_scenario,iperf_tcp,10,7,,ryu_controller,361493,39.2,60366848
2026-04-24T21:31:47.408572+00:00,recovery_scenario,iperf_tcp,10,7,,twin_core,361501,0.0,67346432
2026-04-24T21:31:47.408572+00:00,recovery_scenario,iperf_tcp,10,7,,ryu_controller,361493,39.3,60370944
2026-04-24T21:31:47.513566+00:00,recovery_scenario,iperf_tcp,10,7,,twin_core,361501,0.0,67346432
2026-04-24T21:31:47.513566+00:00,recovery_scenario,iperf_tcp,10,7,,ryu_controller,361493,38.1,60370944
2026-04-24T21:31:47.618810+00:00,recovery_scenario,iperf_tcp,10,7,,twin_core,361501,9.5,67346432
2026-04-24T21:31:47.618810+00:00,recovery_scenario,iperf_tcp,10,7,,ryu_controller,361493,38.0,60370944
2026-04-24T21:31:47.721746+00:00,recovery_scenario,iperf_tcp,10,7,,twin_core,361501,0.0,67362816
2026-04-24T21:31:47.721746+00:00,recovery_scenario,iperf_tcp,10,7,,ryu_controller,361493,29.2,60370944
2026-04-24T21:31:47.824759+00:00,recovery_scenario,iperf_tcp,10,7,,twin_core,361501,9.7,67362816
2026-04-24T21:31:47.824759+00:00,recovery_scenario,iperf_tcp,10,7,,ryu_controller,361493,48.5,60370944
2026-04-24T21:31:47.902418+00:00,recovery_scenario,iperf_tcp,10,7,recovery_requested,,,,
2026-04-24T21:31:47.930742+00:00,recovery_scenario,iperf_tcp,10,7,,twin_core,361501,9.4,67366912
2026-04-24T21:31:47.930742+00:00,recovery_scenario,iperf_tcp,10,7,,ryu_controller,361493,28.3,60370944
2026-04-24T21:31:48.031199+00:00,recovery_scenario,iperf_tcp,10,7,,twin_core,361501,0.0,67366912
2026-04-24T21:31:48.031199+00:00,recovery_scenario,iperf_tcp,10,7,,ryu_controller,361493,19.9,60370944
2026-04-24T21:31:48.131598+00:00,recovery_scenario,iperf_tcp,10,7,,twin_core,361501,0.0,67366912
2026-04-24T21:31:48.131598+00:00,recovery_scenario,iperf_tcp,10,7,,ryu_controller,361493,39.7,60370944
2026-04-24T21:31:48.232373+00:00,recovery_scenario,iperf_tcp,10,7,,twin_core,361501,0.0,67366912
2026-04-24T21:31:48.232373+00:00,recovery_scenario,iperf_tcp,10,7,,ryu_controller,361493,29.9,60370944
2026-04-24T21:31:48.332801+00:00,recovery_scenario,iperf_tcp,10,7,,twin_core,361501,0.0,67366912
2026-04-24T21:31:48.332801+00:00,recovery_scenario,iperf_tcp,10,7,,ryu_controller,361493,29.9,60370944
2026-04-24T21:31:48.433565+00:00,recovery_scenario,iperf_tcp,10,7,,twin_core,361501,0.0,67366912
2026-04-24T21:31:48.433565+00:00,recovery_scenario,iperf_tcp,10,7,,ryu_controller,361493,39.6,60370944
2026-04-24T21:31:48.537527+00:00,recovery_scenario,iperf_tcp,10,7,,twin_core,361501,0.0,67366912
2026-04-24T21:31:48.537527+00:00,recovery_scenario,iperf_tcp,10,7,,ryu_controller,361493,28.9,60370944
2026-04-24T21:31:48.638687+00:00,recovery_scenario,iperf_tcp,10,7,,twin_core,361501,0.0,67366912
2026-04-24T21:31:48.638687+00:00,recovery_scenario,iperf_tcp,10,7,,ryu_controller,361493,29.6,60370944
2026-04-24T21:31:48.741587+00:00,recovery_scenario,iperf_tcp,10,7,,twin_core,361501,0.0,67366912
2026-04-24T21:31:48.741587+00:00,recovery_scenario,iperf_tcp,10,7,,ryu_controller,361493,38.9,60370944
2026-04-24T21:31:48.842115+00:00,recovery_scenario,iperf_tcp,10,7,,twin_core,361501,0.0,67366912
2026-04-24T21:31:48.842115+00:00,recovery_scenario,iperf_tcp,10,7,,ryu_controller,361493,39.8,60370944
2026-04-24T21:31:48.943683+00:00,recovery_scenario,iperf_tcp,10,7,,twin_core,361501,0.0,67366912
2026-04-24T21:31:48.943683+00:00,recovery_scenario,iperf_tcp,10,7,,ryu_controller,361493,29.5,60370944
2026-04-24T21:31:49.046860+00:00,recovery_scenario,iperf_tcp,10,7,,twin_core,361501,0.0,67366912
2026-04-24T21:31:49.046860+00:00,recovery_scenario,iperf_tcp,10,7,,ryu_controller,361493,48.5,60370944
2026-04-24T21:31:49.147253+00:00,recovery_scenario,iperf_tcp,10,7,,twin_core,361501,0.0,67366912
2026-04-24T21:31:49.147253+00:00,recovery_scenario,iperf_tcp,10,7,,ryu_controller,361493,39.9,60370944
2026-04-24T21:31:49.247681+00:00,recovery_scenario,iperf_tcp,10,7,,twin_core,361501,0.0,67366912
2026-04-24T21:31:49.247681+00:00,recovery_scenario,iperf_tcp,10,7,,ryu_controller,361493,69.1,60370944
2026-04-24T21:31:49.349578+00:00,recovery_scenario,iperf_tcp,10,7,,twin_core,361501,0.0,67366912
2026-04-24T21:31:49.349578+00:00,recovery_scenario,iperf_tcp,10,7,,ryu_controller,361493,69.2,60370944
2026-04-24T21:31:49.450694+00:00,recovery_scenario,iperf_tcp,10,7,,twin_core,361501,0.0,67366912
2026-04-24T21:31:49.450694+00:00,recovery_scenario,iperf_tcp,10,7,,ryu_controller,361493,58.2,60370944
2026-04-24T21:31:49.553149+00:00,recovery_scenario,iperf_tcp,10,7,,twin_core,361501,0.0,67366912
2026-04-24T21:31:49.553149+00:00,recovery_scenario,iperf_tcp,10,7,,ryu_controller,361493,49.8,60370944
2026-04-24T21:31:49.653547+00:00,recovery_scenario,iperf_tcp,10,7,,twin_core,361501,0.0,67366912
2026-04-24T21:31:49.653547+00:00,recovery_scenario,iperf_tcp,10,7,,ryu_controller,361493,79.6,60370944
2026-04-24T21:31:49.755677+00:00,recovery_scenario,iperf_tcp,10,7,,twin_core,361501,9.8,67366912
2026-04-24T21:31:49.755677+00:00,recovery_scenario,iperf_tcp,10,7,,ryu_controller,361493,68.6,60370944
2026-04-24T21:31:49.856207+00:00,recovery_scenario,iperf_tcp,10,7,,twin_core,361501,0.0,67366912
2026-04-24T21:31:49.856207+00:00,recovery_scenario,iperf_tcp,10,7,,ryu_controller,361493,69.7,60370944
2026-04-24T21:31:49.958164+00:00,recovery_scenario,iperf_tcp,10,7,,twin_core,361501,0.0,67366912
2026-04-24T21:31:49.958164+00:00,recovery_scenario,iperf_tcp,10,7,,ryu_controller,361493,68.6,60370944
2026-04-24T21:31:50.058643+00:00,recovery_scenario,iperf_tcp,10,7,,twin_core,361501,0.0,67366912
2026-04-24T21:31:50.058643+00:00,recovery_scenario,iperf_tcp,10,7,,ryu_controller,361493,79.6,60370944
2026-04-24T21:31:50.159213+00:00,recovery_scenario,iperf_tcp,10,7,,twin_core,361501,0.0,67366912
2026-04-24T21:31:50.159213+00:00,recovery_scenario,iperf_tcp,10,7,,ryu_controller,361493,69.7,60370944
2026-04-24T21:31:50.260789+00:00,recovery_scenario,iperf_tcp,10,7,,twin_core,361501,0.0,67366912
2026-04-24T21:31:50.260789+00:00,recovery_scenario,iperf_tcp,10,7,,ryu_controller,361493,78.8,60370944
2026-04-24T21:31:50.363473+00:00,recovery_scenario,iperf_tcp,10,7,,twin_core,361501,0.0,67366912
2026-04-24T21:31:50.363473+00:00,recovery_scenario,iperf_tcp,10,7,,ryu_controller,361493,68.0,60370944
2026-04-24T21:31:50.464282+00:00,recovery_scenario,iperf_tcp,10,7,,twin_core,361501,0.0,67366912
2026-04-24T21:31:50.464282+00:00,recovery_scenario,iperf_tcp,10,7,,ryu_controller,361493,79.5,60370944
2026-04-24T21:31:50.566954+00:00,recovery_scenario,iperf_tcp,10,7,,twin_core,361501,0.0,67366912
2026-04-24T21:31:50.566954+00:00,recovery_scenario,iperf_tcp,10,7,,ryu_controller,361493,68.2,60370944
2026-04-24T21:31:50.667655+00:00,recovery_scenario,iperf_tcp,10,7,,twin_core,361501,0.0,67366912
2026-04-24T21:31:50.667655+00:00,recovery_scenario,iperf_tcp,10,7,,ryu_controller,361493,59.5,60370944
2026-04-24T21:31:50.769491+00:00,recovery_scenario,iperf_tcp,10,7,,twin_core,361501,9.8,67366912
2026-04-24T21:31:50.769491+00:00,recovery_scenario,iperf_tcp,10,7,,ryu_controller,361493,67.5,60370944
2026-04-24T21:31:50.872778+00:00,recovery_scenario,iperf_tcp,10,7,,twin_core,361501,0.0,67366912
2026-04-24T21:31:50.872778+00:00,recovery_scenario,iperf_tcp,10,7,,ryu_controller,361493,68.4,60370944
2026-04-24T21:31:50.977432+00:00,recovery_scenario,iperf_tcp,10,7,,twin_core,361501,0.0,67366912
2026-04-24T21:31:50.977432+00:00,recovery_scenario,iperf_tcp,10,7,,ryu_controller,361493,58.0,60370944
2026-04-24T21:31:51.080776+00:00,recovery_scenario,iperf_tcp,10,7,,twin_core,361501,9.7,67366912
2026-04-24T21:31:51.080776+00:00,recovery_scenario,iperf_tcp,10,7,,ryu_controller,361493,19.3,60370944
2026-04-24T21:31:51.181762+00:00,recovery_scenario,iperf_tcp,10,7,,twin_core,361501,0.0,67366912
2026-04-24T21:31:51.181762+00:00,recovery_scenario,iperf_tcp,10,7,,ryu_controller,361493,0.0,60370944
2026-04-24T21:31:51.283971+00:00,recovery_scenario,iperf_tcp,10,7,,twin_core,361501,0.0,67366912
2026-04-24T21:31:51.283971+00:00,recovery_scenario,iperf_tcp,10,7,,ryu_controller,361493,9.8,60370944
2026-04-24T21:31:51.384403+00:00,recovery_scenario,iperf_tcp,10,7,,twin_core,361501,0.0,67366912
2026-04-24T21:31:51.384403+00:00,recovery_scenario,iperf_tcp,10,7,,ryu_controller,361493,0.0,60370944
2026-04-24T21:31:51.484794+00:00,recovery_scenario,iperf_tcp,10,7,,twin_core,361501,0.0,67366912
2026-04-24T21:31:51.484794+00:00,recovery_scenario,iperf_tcp,10,7,,ryu_controller,361493,10.0,60370944
2026-04-24T21:31:51.567969+00:00,recovery_scenario,iperf_tcp,10,7,scenario_teardown,,,,
2026-04-24T21:31:51.585156+00:00,recovery_scenario,iperf_tcp,10,7,,twin_core,361501,19.9,67371008
2026-04-24T21:31:51.585156+00:00,recovery_scenario,iperf_tcp,10,7,,ryu_controller,361493,39.9,60370944
2026-04-24T21:31:51.685601+00:00,recovery_scenario,iperf_tcp,10,7,,twin_core,361501,0.0,67371008
2026-04-24T21:31:51.685601+00:00,recovery_scenario,iperf_tcp,10,7,,ryu_controller,361493,9.9,60370944
2026-04-24T21:31:51.786176+00:00,recovery_scenario,iperf_tcp,10,7,,twin_core,361501,9.9,67371008
2026-04-24T21:31:51.786176+00:00,recovery_scenario,iperf_tcp,10,7,,ryu_controller,361493,10.0,60370944
2026-04-24T21:31:51.886574+00:00,recovery_scenario,iperf_tcp,10,7,,twin_core,361501,0.0,67371008
2026-04-24T21:31:51.886574+00:00,recovery_scenario,iperf_tcp,10,7,,ryu_controller,361493,9.9,60370944
2026-04-24T21:31:51.987288+00:00,recovery_scenario,iperf_tcp,10,7,,twin_core,361501,0.0,67371008
2026-04-24T21:31:51.987288+00:00,recovery_scenario,iperf_tcp,10,7,,ryu_controller,361493,0.0,60370944
2026-04-24T21:31:52.534313+00:00,recovery_scenario,iperf_tcp,10,8,,twin_core,361501,0.0,67371008
2026-04-24T21:31:52.534313+00:00,recovery_scenario,iperf_tcp,10,8,,ryu_controller,361493,0.0,60370944
2026-04-24T21:31:52.635922+00:00,recovery_scenario,iperf_tcp,10,8,,twin_core,361501,0.0,67371008
2026-04-24T21:31:52.635922+00:00,recovery_scenario,iperf_tcp,10,8,,ryu_controller,361493,39.8,60370944
2026-04-24T21:31:52.736402+00:00,recovery_scenario,iperf_tcp,10,8,,twin_core,361501,10.0,67371008
2026-04-24T21:31:52.736402+00:00,recovery_scenario,iperf_tcp,10,8,,ryu_controller,361493,19.9,60370944
2026-04-24T21:31:52.801585+00:00,recovery_scenario,iperf_tcp,10,8,service_started,,,,
2026-04-24T21:31:52.836888+00:00,recovery_scenario,iperf_tcp,10,8,,twin_core,361501,19.9,67375104
2026-04-24T21:31:52.836888+00:00,recovery_scenario,iperf_tcp,10,8,,ryu_controller,361493,49.8,60370944
2026-04-24T21:31:52.937249+00:00,recovery_scenario,iperf_tcp,10,8,,twin_core,361501,0.0,67375104
2026-04-24T21:31:52.937249+00:00,recovery_scenario,iperf_tcp,10,8,,ryu_controller,361493,29.9,60370944
2026-04-24T21:31:53.037674+00:00,recovery_scenario,iperf_tcp,10,8,,twin_core,361501,0.0,67375104
2026-04-24T21:31:53.037674+00:00,recovery_scenario,iperf_tcp,10,8,,ryu_controller,361493,29.9,60370944
2026-04-24T21:31:53.138110+00:00,recovery_scenario,iperf_tcp,10,8,,twin_core,361501,0.0,67375104
2026-04-24T21:31:53.138110+00:00,recovery_scenario,iperf_tcp,10,8,,ryu_controller,361493,19.9,60370944
2026-04-24T21:31:53.238485+00:00,recovery_scenario,iperf_tcp,10,8,,twin_core,361501,0.0,67375104
2026-04-24T21:31:53.238485+00:00,recovery_scenario,iperf_tcp,10,8,,ryu_controller,361493,19.9,60370944
2026-04-24T21:31:53.339100+00:00,recovery_scenario,iperf_tcp,10,8,,twin_core,361501,9.9,67375104
2026-04-24T21:31:53.339100+00:00,recovery_scenario,iperf_tcp,10,8,,ryu_controller,361493,19.9,60370944
2026-04-24T21:31:53.439534+00:00,recovery_scenario,iperf_tcp,10,8,,twin_core,361501,0.0,67375104
2026-04-24T21:31:53.439534+00:00,recovery_scenario,iperf_tcp,10,8,,ryu_controller,361493,9.9,60370944
2026-04-24T21:31:53.541400+00:00,recovery_scenario,iperf_tcp,10,8,,twin_core,361501,0.0,67375104
2026-04-24T21:31:53.541400+00:00,recovery_scenario,iperf_tcp,10,8,,ryu_controller,361493,19.7,60370944
2026-04-24T21:31:53.641945+00:00,recovery_scenario,iperf_tcp,10,8,,twin_core,361501,0.0,67375104
2026-04-24T21:31:53.641945+00:00,recovery_scenario,iperf_tcp,10,8,,ryu_controller,361493,9.9,60370944
2026-04-24T21:31:53.742991+00:00,recovery_scenario,iperf_tcp,10,8,,twin_core,361501,0.0,67375104
2026-04-24T21:31:53.742991+00:00,recovery_scenario,iperf_tcp,10,8,,ryu_controller,361493,29.7,60370944
2026-04-24T21:31:53.843474+00:00,recovery_scenario,iperf_tcp,10,8,,twin_core,361501,0.0,67375104
2026-04-24T21:31:53.843474+00:00,recovery_scenario,iperf_tcp,10,8,,ryu_controller,361493,19.9,60370944
2026-04-24T21:31:53.943888+00:00,recovery_scenario,iperf_tcp,10,8,,twin_core,361501,0.0,67375104
2026-04-24T21:31:53.943888+00:00,recovery_scenario,iperf_tcp,10,8,,ryu_controller,361493,10.0,60370944
2026-04-24T21:31:54.044385+00:00,recovery_scenario,iperf_tcp,10,8,,twin_core,361501,0.0,67375104
2026-04-24T21:31:54.044385+00:00,recovery_scenario,iperf_tcp,10,8,,ryu_controller,361493,19.9,60370944
2026-04-24T21:31:54.145026+00:00,recovery_scenario,iperf_tcp,10,8,,twin_core,361501,0.0,67375104
2026-04-24T21:31:54.145026+00:00,recovery_scenario,iperf_tcp,10,8,,ryu_controller,361493,19.8,60370944
2026-04-24T21:31:54.246079+00:00,recovery_scenario,iperf_tcp,10,8,,twin_core,361501,0.0,67375104
2026-04-24T21:31:54.246079+00:00,recovery_scenario,iperf_tcp,10,8,,ryu_controller,361493,19.9,60370944
2026-04-24T21:31:54.346567+00:00,recovery_scenario,iperf_tcp,10,8,,twin_core,361501,0.0,67375104
2026-04-24T21:31:54.346567+00:00,recovery_scenario,iperf_tcp,10,8,,ryu_controller,361493,19.9,60370944
2026-04-24T21:31:54.448297+00:00,recovery_scenario,iperf_tcp,10,8,,twin_core,361501,0.0,67375104
2026-04-24T21:31:54.448297+00:00,recovery_scenario,iperf_tcp,10,8,,ryu_controller,361493,19.7,60370944
2026-04-24T21:31:54.548843+00:00,recovery_scenario,iperf_tcp,10,8,,twin_core,361501,0.0,67375104
2026-04-24T21:31:54.548843+00:00,recovery_scenario,iperf_tcp,10,8,,ryu_controller,361493,29.9,60375040
2026-04-24T21:31:54.649280+00:00,recovery_scenario,iperf_tcp,10,8,,twin_core,361501,0.0,67375104
2026-04-24T21:31:54.649280+00:00,recovery_scenario,iperf_tcp,10,8,,ryu_controller,361493,10.0,60375040
2026-04-24T21:31:54.750388+00:00,recovery_scenario,iperf_tcp,10,8,,twin_core,361501,0.0,67375104
2026-04-24T21:31:54.750388+00:00,recovery_scenario,iperf_tcp,10,8,,ryu_controller,361493,0.0,60375040
2026-04-24T21:31:54.851588+00:00,recovery_scenario,iperf_tcp,10,8,,twin_core,361501,0.0,67375104
2026-04-24T21:31:54.851588+00:00,recovery_scenario,iperf_tcp,10,8,,ryu_controller,361493,9.9,60375040
2026-04-24T21:31:54.952266+00:00,recovery_scenario,iperf_tcp,10,8,,twin_core,361501,9.9,67375104
2026-04-24T21:31:54.952266+00:00,recovery_scenario,iperf_tcp,10,8,,ryu_controller,361493,49.8,60375040
2026-04-24T21:31:55.052678+00:00,recovery_scenario,iperf_tcp,10,8,,twin_core,361501,0.0,67375104
2026-04-24T21:31:55.052678+00:00,recovery_scenario,iperf_tcp,10,8,,ryu_controller,361493,19.9,60375040
2026-04-24T21:31:55.153215+00:00,recovery_scenario,iperf_tcp,10,8,,twin_core,361501,0.0,67375104
2026-04-24T21:31:55.153215+00:00,recovery_scenario,iperf_tcp,10,8,,ryu_controller,361493,59.8,60375040
2026-04-24T21:31:55.253635+00:00,recovery_scenario,iperf_tcp,10,8,,twin_core,361501,0.0,67375104
2026-04-24T21:31:55.253635+00:00,recovery_scenario,iperf_tcp,10,8,,ryu_controller,361493,9.9,60375040
2026-04-24T21:31:55.355160+00:00,recovery_scenario,iperf_tcp,10,8,,twin_core,361501,0.0,67375104
2026-04-24T21:31:55.355160+00:00,recovery_scenario,iperf_tcp,10,8,,ryu_controller,361493,9.9,60375040
2026-04-24T21:31:55.455648+00:00,recovery_scenario,iperf_tcp,10,8,,twin_core,361501,0.0,67375104
2026-04-24T21:31:55.455648+00:00,recovery_scenario,iperf_tcp,10,8,,ryu_controller,361493,10.0,60375040
2026-04-24T21:31:55.557847+00:00,recovery_scenario,iperf_tcp,10,8,,twin_core,361501,0.0,67375104
2026-04-24T21:31:55.557847+00:00,recovery_scenario,iperf_tcp,10,8,,ryu_controller,361493,0.0,60375040
2026-04-24T21:31:55.658329+00:00,recovery_scenario,iperf_tcp,10,8,,twin_core,361501,0.0,67375104
2026-04-24T21:31:55.658329+00:00,recovery_scenario,iperf_tcp,10,8,,ryu_controller,361493,10.0,60375040
2026-04-24T21:31:55.758690+00:00,recovery_scenario,iperf_tcp,10,8,,twin_core,361501,10.0,67375104
2026-04-24T21:31:55.758690+00:00,recovery_scenario,iperf_tcp,10,8,,ryu_controller,361493,10.0,60375040
2026-04-24T21:31:55.859198+00:00,recovery_scenario,iperf_tcp,10,8,,twin_core,361501,0.0,67375104
2026-04-24T21:31:55.859198+00:00,recovery_scenario,iperf_tcp,10,8,,ryu_controller,361493,19.9,60375040
2026-04-24T21:31:55.959636+00:00,recovery_scenario,iperf_tcp,10,8,,twin_core,361501,0.0,67375104
2026-04-24T21:31:55.959636+00:00,recovery_scenario,iperf_tcp,10,8,,ryu_controller,361493,10.0,60375040
2026-04-24T21:31:56.060036+00:00,recovery_scenario,iperf_tcp,10,8,,twin_core,361501,0.0,67375104
2026-04-24T21:31:56.060036+00:00,recovery_scenario,iperf_tcp,10,8,,ryu_controller,361493,0.0,60375040
2026-04-24T21:31:56.160432+00:00,recovery_scenario,iperf_tcp,10,8,,twin_core,361501,0.0,67375104
2026-04-24T21:31:56.160432+00:00,recovery_scenario,iperf_tcp,10,8,,ryu_controller,361493,19.9,60375040
2026-04-24T21:31:56.261020+00:00,recovery_scenario,iperf_tcp,10,8,,twin_core,361501,0.0,67375104
2026-04-24T21:31:56.261020+00:00,recovery_scenario,iperf_tcp,10,8,,ryu_controller,361493,9.7,60375040
2026-04-24T21:31:56.365425+00:00,recovery_scenario,iperf_tcp,10,8,,twin_core,361501,9.5,67375104
2026-04-24T21:31:56.365425+00:00,recovery_scenario,iperf_tcp,10,8,,ryu_controller,361493,19.2,60375040
2026-04-24T21:31:56.469106+00:00,recovery_scenario,iperf_tcp,10,8,,twin_core,361501,0.0,67375104
2026-04-24T21:31:56.469106+00:00,recovery_scenario,iperf_tcp,10,8,,ryu_controller,361493,59.2,60375040
2026-04-24T21:31:56.569912+00:00,recovery_scenario,iperf_tcp,10,8,,twin_core,361501,9.9,67375104
2026-04-24T21:31:56.569912+00:00,recovery_scenario,iperf_tcp,10,8,,ryu_controller,361493,19.9,60375040
2026-04-24T21:31:56.671679+00:00,recovery_scenario,iperf_tcp,10,8,,twin_core,361501,0.0,67375104
2026-04-24T21:31:56.671679+00:00,recovery_scenario,iperf_tcp,10,8,,ryu_controller,361493,0.0,60375040
2026-04-24T21:31:56.772191+00:00,recovery_scenario,iperf_tcp,10,8,,twin_core,361501,0.0,67375104
2026-04-24T21:31:56.772191+00:00,recovery_scenario,iperf_tcp,10,8,,ryu_controller,361493,10.0,60375040
2026-04-24T21:31:56.881608+00:00,recovery_scenario,iperf_tcp,10,8,,twin_core,361501,0.0,67375104
2026-04-24T21:31:56.881608+00:00,recovery_scenario,iperf_tcp,10,8,,ryu_controller,361493,63.9,60375040
2026-04-24T21:31:56.984343+00:00,recovery_scenario,iperf_tcp,10,8,,twin_core,361501,29.2,67375104
2026-04-24T21:31:56.984343+00:00,recovery_scenario,iperf_tcp,10,8,,ryu_controller,361493,67.8,60375040
2026-04-24T21:31:57.085663+00:00,recovery_scenario,iperf_tcp,10,8,,twin_core,361501,0.0,67387392
2026-04-24T21:31:57.085663+00:00,recovery_scenario,iperf_tcp,10,8,,ryu_controller,361493,59.6,60375040
2026-04-24T21:31:57.186271+00:00,recovery_scenario,iperf_tcp,10,8,,twin_core,361501,0.0,67387392
2026-04-24T21:31:57.186271+00:00,recovery_scenario,iperf_tcp,10,8,,ryu_controller,361493,69.7,60375040
2026-04-24T21:31:57.287454+00:00,recovery_scenario,iperf_tcp,10,8,,twin_core,361501,9.9,67387392
2026-04-24T21:31:57.287454+00:00,recovery_scenario,iperf_tcp,10,8,,ryu_controller,361493,19.6,60375040
2026-04-24T21:31:57.388512+00:00,recovery_scenario,iperf_tcp,10,8,,twin_core,361501,0.0,67387392
2026-04-24T21:31:57.388512+00:00,recovery_scenario,iperf_tcp,10,8,,ryu_controller,361493,19.9,60375040
2026-04-24T21:31:57.489114+00:00,recovery_scenario,iperf_tcp,10,8,,twin_core,361501,0.0,67387392
2026-04-24T21:31:57.489114+00:00,recovery_scenario,iperf_tcp,10,8,,ryu_controller,361493,9.9,60375040
2026-04-24T21:31:57.592080+00:00,recovery_scenario,iperf_tcp,10,8,,twin_core,361501,0.0,67387392
2026-04-24T21:31:57.592080+00:00,recovery_scenario,iperf_tcp,10,8,,ryu_controller,361493,9.7,60375040
2026-04-24T21:31:57.693005+00:00,recovery_scenario,iperf_tcp,10,8,,twin_core,361501,0.0,67387392
2026-04-24T21:31:57.693005+00:00,recovery_scenario,iperf_tcp,10,8,,ryu_controller,361493,9.9,60375040
2026-04-24T21:31:57.793475+00:00,recovery_scenario,iperf_tcp,10,8,,twin_core,361501,0.0,67387392
2026-04-24T21:31:57.793475+00:00,recovery_scenario,iperf_tcp,10,8,,ryu_controller,361493,29.8,60375040
2026-04-24T21:31:57.894094+00:00,recovery_scenario,iperf_tcp,10,8,,twin_core,361501,9.9,67387392
2026-04-24T21:31:57.894094+00:00,recovery_scenario,iperf_tcp,10,8,,ryu_controller,361493,19.9,60375040
2026-04-24T21:31:57.994865+00:00,recovery_scenario,iperf_tcp,10,8,,twin_core,361501,0.0,67387392
2026-04-24T21:31:57.994865+00:00,recovery_scenario,iperf_tcp,10,8,,ryu_controller,361493,9.8,60375040
2026-04-24T21:31:58.097218+00:00,recovery_scenario,iperf_tcp,10,8,,twin_core,361501,0.0,67387392
2026-04-24T21:31:58.097218+00:00,recovery_scenario,iperf_tcp,10,8,,ryu_controller,361493,0.0,60375040
2026-04-24T21:31:58.198239+00:00,recovery_scenario,iperf_tcp,10,8,,twin_core,361501,0.0,67387392
2026-04-24T21:31:58.198239+00:00,recovery_scenario,iperf_tcp,10,8,,ryu_controller,361493,19.8,60375040
2026-04-24T21:31:58.299377+00:00,recovery_scenario,iperf_tcp,10,8,,twin_core,361501,0.0,67387392
2026-04-24T21:31:58.299377+00:00,recovery_scenario,iperf_tcp,10,8,,ryu_controller,361493,9.9,60375040
2026-04-24T21:31:58.399837+00:00,recovery_scenario,iperf_tcp,10,8,,twin_core,361501,0.0,67387392
2026-04-24T21:31:58.399837+00:00,recovery_scenario,iperf_tcp,10,8,,ryu_controller,361493,10.0,60375040
2026-04-24T21:31:58.500278+00:00,recovery_scenario,iperf_tcp,10,8,,twin_core,361501,0.0,67387392
2026-04-24T21:31:58.500278+00:00,recovery_scenario,iperf_tcp,10,8,,ryu_controller,361493,10.0,60375040
2026-04-24T21:31:58.605429+00:00,recovery_scenario,iperf_tcp,10,8,,twin_core,361501,0.0,67387392
2026-04-24T21:31:58.605429+00:00,recovery_scenario,iperf_tcp,10,8,,ryu_controller,361493,9.5,60375040
2026-04-24T21:31:58.707538+00:00,recovery_scenario,iperf_tcp,10,8,,twin_core,361501,0.0,67387392
2026-04-24T21:31:58.707538+00:00,recovery_scenario,iperf_tcp,10,8,,ryu_controller,361493,0.0,60375040
2026-04-24T21:31:58.812021+00:00,recovery_scenario,iperf_tcp,10,8,,twin_core,361501,9.6,67387392
2026-04-24T21:31:58.812021+00:00,recovery_scenario,iperf_tcp,10,8,,ryu_controller,361493,9.6,60375040
2026-04-24T21:31:58.860200+00:00,recovery_scenario,iperf_tcp,10,8,pingall_completed,,,,
2026-04-24T21:31:58.912870+00:00,recovery_scenario,iperf_tcp,10,8,,twin_core,361501,9.9,67387392
2026-04-24T21:31:58.912870+00:00,recovery_scenario,iperf_tcp,10,8,,ryu_controller,361493,0.0,60375040
2026-04-24T21:31:59.013622+00:00,recovery_scenario,iperf_tcp,10,8,,twin_core,361501,0.0,67387392
2026-04-24T21:31:59.013622+00:00,recovery_scenario,iperf_tcp,10,8,,ryu_controller,361493,9.9,60375040
2026-04-24T21:31:59.114171+00:00,recovery_scenario,iperf_tcp,10,8,,twin_core,361501,10.0,67387392
2026-04-24T21:31:59.114171+00:00,recovery_scenario,iperf_tcp,10,8,,ryu_controller,361493,49.8,60375040
2026-04-24T21:31:59.216040+00:00,recovery_scenario,iperf_tcp,10,8,,twin_core,361501,0.0,67428352
2026-04-24T21:31:59.216040+00:00,recovery_scenario,iperf_tcp,10,8,,ryu_controller,361493,29.4,60465152
2026-04-24T21:31:59.316567+00:00,recovery_scenario,iperf_tcp,10,8,,twin_core,361501,0.0,67428352
2026-04-24T21:31:59.316567+00:00,recovery_scenario,iperf_tcp,10,8,,ryu_controller,361493,69.6,60485632
2026-04-24T21:31:59.419791+00:00,recovery_scenario,iperf_tcp,10,8,,twin_core,361501,0.0,67428352
2026-04-24T21:31:59.419791+00:00,recovery_scenario,iperf_tcp,10,8,,ryu_controller,361493,0.0,60485632
2026-04-24T21:31:59.524967+00:00,recovery_scenario,iperf_tcp,10,8,,twin_core,361501,9.5,67428352
2026-04-24T21:31:59.524967+00:00,recovery_scenario,iperf_tcp,10,8,,ryu_controller,361493,0.0,60485632
2026-04-24T21:31:59.629385+00:00,recovery_scenario,iperf_tcp,10,8,,twin_core,361501,0.0,67428352
2026-04-24T21:31:59.629385+00:00,recovery_scenario,iperf_tcp,10,8,,ryu_controller,361493,0.0,60485632
2026-04-24T21:31:59.733908+00:00,recovery_scenario,iperf_tcp,10,8,,twin_core,361501,0.0,67428352
2026-04-24T21:31:59.733908+00:00,recovery_scenario,iperf_tcp,10,8,,ryu_controller,361493,9.6,60485632
2026-04-24T21:31:59.836515+00:00,recovery_scenario,iperf_tcp,10,8,,twin_core,361501,0.0,67428352
2026-04-24T21:31:59.836515+00:00,recovery_scenario,iperf_tcp,10,8,,ryu_controller,361493,9.8,60485632
2026-04-24T21:31:59.937963+00:00,recovery_scenario,iperf_tcp,10,8,,twin_core,361501,0.0,67428352
2026-04-24T21:31:59.937963+00:00,recovery_scenario,iperf_tcp,10,8,,ryu_controller,361493,9.9,60485632
2026-04-24T21:32:00.038494+00:00,recovery_scenario,iperf_tcp,10,8,,twin_core,361501,0.0,67428352
2026-04-24T21:32:00.038494+00:00,recovery_scenario,iperf_tcp,10,8,,ryu_controller,361493,0.0,60485632
2026-04-24T21:32:00.139073+00:00,recovery_scenario,iperf_tcp,10,8,,twin_core,361501,0.0,67428352
2026-04-24T21:32:00.139073+00:00,recovery_scenario,iperf_tcp,10,8,,ryu_controller,361493,0.0,60485632
2026-04-24T21:32:00.240251+00:00,recovery_scenario,iperf_tcp,10,8,,twin_core,361501,0.0,67428352
2026-04-24T21:32:00.240251+00:00,recovery_scenario,iperf_tcp,10,8,,ryu_controller,361493,9.8,60485632
2026-04-24T21:32:00.341449+00:00,recovery_scenario,iperf_tcp,10,8,,twin_core,361501,0.0,67428352
2026-04-24T21:32:00.341449+00:00,recovery_scenario,iperf_tcp,10,8,,ryu_controller,361493,0.0,60485632
2026-04-24T21:32:00.445288+00:00,recovery_scenario,iperf_tcp,10,8,,twin_core,361501,0.0,67428352
2026-04-24T21:32:00.445288+00:00,recovery_scenario,iperf_tcp,10,8,,ryu_controller,361493,0.0,60485632
2026-04-24T21:32:00.546861+00:00,recovery_scenario,iperf_tcp,10,8,,twin_core,361501,0.0,67428352
2026-04-24T21:32:00.546861+00:00,recovery_scenario,iperf_tcp,10,8,,ryu_controller,361493,0.0,60485632
2026-04-24T21:32:00.648479+00:00,recovery_scenario,iperf_tcp,10,8,,twin_core,361501,0.0,67428352
2026-04-24T21:32:00.648479+00:00,recovery_scenario,iperf_tcp,10,8,,ryu_controller,361493,9.8,60485632
2026-04-24T21:32:00.752789+00:00,recovery_scenario,iperf_tcp,10,8,,twin_core,361501,0.0,67428352
2026-04-24T21:32:00.752789+00:00,recovery_scenario,iperf_tcp,10,8,,ryu_controller,361493,0.0,60485632
2026-04-24T21:32:00.853209+00:00,recovery_scenario,iperf_tcp,10,8,,twin_core,361501,0.0,67428352
2026-04-24T21:32:00.853209+00:00,recovery_scenario,iperf_tcp,10,8,,ryu_controller,361493,0.0,60485632
2026-04-24T21:32:00.888179+00:00,recovery_scenario,iperf_tcp,10,8,background_traffic_started,,,,
2026-04-24T21:32:00.955243+00:00,recovery_scenario,iperf_tcp,10,8,,twin_core,361501,9.8,67428352
2026-04-24T21:32:00.955243+00:00,recovery_scenario,iperf_tcp,10,8,,ryu_controller,361493,19.6,60485632
2026-04-24T21:32:01.056348+00:00,recovery_scenario,iperf_tcp,10,8,,twin_core,361501,19.8,67428352
2026-04-24T21:32:01.056348+00:00,recovery_scenario,iperf_tcp,10,8,,ryu_controller,361493,49.5,60485632
2026-04-24T21:32:01.116034+00:00,recovery_scenario,iperf_tcp,10,8,fault_injected,,,,
2026-04-24T21:32:01.159476+00:00,recovery_scenario,iperf_tcp,10,8,,twin_core,361501,0.0,67440640
2026-04-24T21:32:01.159476+00:00,recovery_scenario,iperf_tcp,10,8,,ryu_controller,361493,29.1,60485632
2026-04-24T21:32:01.260012+00:00,recovery_scenario,iperf_tcp,10,8,,twin_core,361501,0.0,67440640
2026-04-24T21:32:01.260012+00:00,recovery_scenario,iperf_tcp,10,8,,ryu_controller,361493,39.9,60485632
2026-04-24T21:32:01.360359+00:00,recovery_scenario,iperf_tcp,10,8,,twin_core,361501,0.0,67440640
2026-04-24T21:32:01.360359+00:00,recovery_scenario,iperf_tcp,10,8,,ryu_controller,361493,39.8,60485632
2026-04-24T21:32:01.461327+00:00,recovery_scenario,iperf_tcp,10,8,,twin_core,361501,9.9,67440640
2026-04-24T21:32:01.461327+00:00,recovery_scenario,iperf_tcp,10,8,,ryu_controller,361493,79.3,60489728
2026-04-24T21:32:01.562566+00:00,recovery_scenario,iperf_tcp,10,8,,twin_core,361501,0.0,67440640
2026-04-24T21:32:01.562566+00:00,recovery_scenario,iperf_tcp,10,8,,ryu_controller,361493,59.0,60489728
2026-04-24T21:32:01.664251+00:00,recovery_scenario,iperf_tcp,10,8,,twin_core,361501,0.0,67440640
2026-04-24T21:32:01.664251+00:00,recovery_scenario,iperf_tcp,10,8,,ryu_controller,361493,79.0,60489728
2026-04-24T21:32:01.765297+00:00,recovery_scenario,iperf_tcp,10,8,,twin_core,361501,0.0,67440640
2026-04-24T21:32:01.765297+00:00,recovery_scenario,iperf_tcp,10,8,,ryu_controller,361493,69.3,60489728
2026-04-24T21:32:01.866553+00:00,recovery_scenario,iperf_tcp,10,8,,twin_core,361501,0.0,67440640
2026-04-24T21:32:01.866553+00:00,recovery_scenario,iperf_tcp,10,8,,ryu_controller,361493,98.8,60489728
2026-04-24T21:32:01.967475+00:00,recovery_scenario,iperf_tcp,10,8,,twin_core,361501,0.0,67440640
2026-04-24T21:32:01.967475+00:00,recovery_scenario,iperf_tcp,10,8,,ryu_controller,361493,89.2,60489728
2026-04-24T21:32:02.068565+00:00,recovery_scenario,iperf_tcp,10,8,,twin_core,361501,0.0,67440640
2026-04-24T21:32:02.068565+00:00,recovery_scenario,iperf_tcp,10,8,,ryu_controller,361493,108.7,60489728
2026-04-24T21:32:02.169552+00:00,recovery_scenario,iperf_tcp,10,8,,twin_core,361501,0.0,67440640
2026-04-24T21:32:02.169552+00:00,recovery_scenario,iperf_tcp,10,8,,ryu_controller,361493,89.1,60489728
2026-04-24T21:32:02.270558+00:00,recovery_scenario,iperf_tcp,10,8,,twin_core,361501,0.0,67440640
2026-04-24T21:32:02.270558+00:00,recovery_scenario,iperf_tcp,10,8,,ryu_controller,361493,108.9,60489728
2026-04-24T21:32:02.371550+00:00,recovery_scenario,iperf_tcp,10,8,,twin_core,361501,0.0,67440640
2026-04-24T21:32:02.371550+00:00,recovery_scenario,iperf_tcp,10,8,,ryu_controller,361493,79.2,60489728
2026-04-24T21:32:02.472664+00:00,recovery_scenario,iperf_tcp,10,8,,twin_core,361501,0.0,67440640
2026-04-24T21:32:02.472664+00:00,recovery_scenario,iperf_tcp,10,8,,ryu_controller,361493,69.2,60489728
2026-04-24T21:32:02.573549+00:00,recovery_scenario,iperf_tcp,10,8,,twin_core,361501,0.0,67440640
2026-04-24T21:32:02.573549+00:00,recovery_scenario,iperf_tcp,10,8,,ryu_controller,361493,79.4,60489728
2026-04-24T21:32:02.674948+00:00,recovery_scenario,iperf_tcp,10,8,,twin_core,361501,0.0,67440640
2026-04-24T21:32:02.674948+00:00,recovery_scenario,iperf_tcp,10,8,,ryu_controller,361493,69.1,60489728
2026-04-24T21:32:02.775427+00:00,recovery_scenario,iperf_tcp,10,8,,twin_core,361501,0.0,67440640
2026-04-24T21:32:02.775427+00:00,recovery_scenario,iperf_tcp,10,8,,ryu_controller,361493,59.7,60489728
2026-04-24T21:32:02.876862+00:00,recovery_scenario,iperf_tcp,10,8,,twin_core,361501,0.0,67440640
2026-04-24T21:32:02.876862+00:00,recovery_scenario,iperf_tcp,10,8,,ryu_controller,361493,49.3,60489728
2026-04-24T21:32:02.977220+00:00,recovery_scenario,iperf_tcp,10,8,,twin_core,361501,10.0,67440640
2026-04-24T21:32:02.977220+00:00,recovery_scenario,iperf_tcp,10,8,,ryu_controller,361493,39.9,60489728
2026-04-24T21:32:03.078561+00:00,recovery_scenario,iperf_tcp,10,8,,twin_core,361501,0.0,67440640
2026-04-24T21:32:03.078561+00:00,recovery_scenario,iperf_tcp,10,8,,ryu_controller,361493,39.3,60489728
2026-04-24T21:32:03.181943+00:00,recovery_scenario,iperf_tcp,10,8,,twin_core,361501,0.0,67440640
2026-04-24T21:32:03.181943+00:00,recovery_scenario,iperf_tcp,10,8,,ryu_controller,361493,57.6,60489728
2026-04-24T21:32:03.283572+00:00,recovery_scenario,iperf_tcp,10,8,,twin_core,361501,0.0,67440640
2026-04-24T21:32:03.283572+00:00,recovery_scenario,iperf_tcp,10,8,,ryu_controller,361493,69.6,60489728
2026-04-24T21:32:03.384552+00:00,recovery_scenario,iperf_tcp,10,8,,twin_core,361501,0.0,67440640
2026-04-24T21:32:03.384552+00:00,recovery_scenario,iperf_tcp,10,8,,ryu_controller,361493,59.4,60489728
2026-04-24T21:32:03.487276+00:00,recovery_scenario,iperf_tcp,10,8,,twin_core,361501,0.0,67440640
2026-04-24T21:32:03.487276+00:00,recovery_scenario,iperf_tcp,10,8,,ryu_controller,361493,78.0,60489728
2026-04-24T21:32:03.587634+00:00,recovery_scenario,iperf_tcp,10,8,,twin_core,361501,0.0,67440640
2026-04-24T21:32:03.587634+00:00,recovery_scenario,iperf_tcp,10,8,,ryu_controller,361493,59.7,60489728
2026-04-24T21:32:03.688183+00:00,recovery_scenario,iperf_tcp,10,8,,twin_core,361501,0.0,67440640
2026-04-24T21:32:03.688183+00:00,recovery_scenario,iperf_tcp,10,8,,ryu_controller,361493,29.9,60489728
2026-04-24T21:32:03.790848+00:00,recovery_scenario,iperf_tcp,10,8,,twin_core,361501,0.0,67440640
2026-04-24T21:32:03.790848+00:00,recovery_scenario,iperf_tcp,10,8,,ryu_controller,361493,48.7,60489728
2026-04-24T21:32:03.891372+00:00,recovery_scenario,iperf_tcp,10,8,,twin_core,361501,9.9,67440640
2026-04-24T21:32:03.891372+00:00,recovery_scenario,iperf_tcp,10,8,,ryu_controller,361493,39.8,60489728
2026-04-24T21:32:03.992748+00:00,recovery_scenario,iperf_tcp,10,8,,twin_core,361501,0.0,67448832
2026-04-24T21:32:03.992748+00:00,recovery_scenario,iperf_tcp,10,8,,ryu_controller,361493,39.4,60489728
2026-04-24T21:32:04.093179+00:00,recovery_scenario,iperf_tcp,10,8,,twin_core,361501,0.0,67448832
2026-04-24T21:32:04.093179+00:00,recovery_scenario,iperf_tcp,10,8,,ryu_controller,361493,9.9,60489728
2026-04-24T21:32:04.194673+00:00,recovery_scenario,iperf_tcp,10,8,,twin_core,361501,0.0,67448832
2026-04-24T21:32:04.194673+00:00,recovery_scenario,iperf_tcp,10,8,,ryu_controller,361493,19.7,60489728
2026-04-24T21:32:04.302795+00:00,recovery_scenario,iperf_tcp,10,8,,twin_core,361501,18.5,67448832
2026-04-24T21:32:04.302795+00:00,recovery_scenario,iperf_tcp,10,8,,ryu_controller,361493,36.9,60489728
2026-04-24T21:32:04.375670+00:00,recovery_scenario,iperf_tcp,10,8,recovery_requested,,,,
2026-04-24T21:32:04.405532+00:00,recovery_scenario,iperf_tcp,10,8,,twin_core,361501,9.7,67448832
2026-04-24T21:32:04.405532+00:00,recovery_scenario,iperf_tcp,10,8,,ryu_controller,361493,29.0,60489728
2026-04-24T21:32:04.507550+00:00,recovery_scenario,iperf_tcp,10,8,,twin_core,361501,0.0,67448832
2026-04-24T21:32:04.507550+00:00,recovery_scenario,iperf_tcp,10,8,,ryu_controller,361493,29.6,60493824
2026-04-24T21:32:04.609546+00:00,recovery_scenario,iperf_tcp,10,8,,twin_core,361501,0.0,67448832
2026-04-24T21:32:04.609546+00:00,recovery_scenario,iperf_tcp,10,8,,ryu_controller,361493,29.4,60493824
2026-04-24T21:32:04.712779+00:00,recovery_scenario,iperf_tcp,10,8,,twin_core,361501,0.0,67448832
2026-04-24T21:32:04.712779+00:00,recovery_scenario,iperf_tcp,10,8,,ryu_controller,361493,38.8,60493824
2026-04-24T21:32:04.813868+00:00,recovery_scenario,iperf_tcp,10,8,,twin_core,361501,0.0,67448832
2026-04-24T21:32:04.813868+00:00,recovery_scenario,iperf_tcp,10,8,,ryu_controller,361493,49.5,60493824
2026-04-24T21:32:04.914497+00:00,recovery_scenario,iperf_tcp,10,8,,twin_core,361501,0.0,67448832
2026-04-24T21:32:04.914497+00:00,recovery_scenario,iperf_tcp,10,8,,ryu_controller,361493,69.4,60493824
2026-04-24T21:32:05.015383+00:00,recovery_scenario,iperf_tcp,10,8,,twin_core,361501,0.0,67448832
2026-04-24T21:32:05.015383+00:00,recovery_scenario,iperf_tcp,10,8,,ryu_controller,361493,69.6,60493824
2026-04-24T21:32:05.116544+00:00,recovery_scenario,iperf_tcp,10,8,,twin_core,361501,0.0,67448832
2026-04-24T21:32:05.116544+00:00,recovery_scenario,iperf_tcp,10,8,,ryu_controller,361493,68.8,60493824
2026-04-24T21:32:05.217872+00:00,recovery_scenario,iperf_tcp,10,8,,twin_core,361501,0.0,67448832
2026-04-24T21:32:05.217872+00:00,recovery_scenario,iperf_tcp,10,8,,ryu_controller,361493,79.3,60493824
2026-04-24T21:32:05.318388+00:00,recovery_scenario,iperf_tcp,10,8,,twin_core,361501,0.0,67448832
2026-04-24T21:32:05.318388+00:00,recovery_scenario,iperf_tcp,10,8,,ryu_controller,361493,59.5,60493824
2026-04-24T21:32:05.419553+00:00,recovery_scenario,iperf_tcp,10,8,,twin_core,361501,0.0,67448832
2026-04-24T21:32:05.419553+00:00,recovery_scenario,iperf_tcp,10,8,,ryu_controller,361493,69.1,60493824
2026-04-24T21:32:05.520565+00:00,recovery_scenario,iperf_tcp,10,8,,twin_core,361501,0.0,67448832
2026-04-24T21:32:05.520565+00:00,recovery_scenario,iperf_tcp,10,8,,ryu_controller,361493,69.7,60493824
2026-04-24T21:32:05.621029+00:00,recovery_scenario,iperf_tcp,10,8,,twin_core,361501,0.0,67448832
2026-04-24T21:32:05.621029+00:00,recovery_scenario,iperf_tcp,10,8,,ryu_controller,361493,59.5,60493824
2026-04-24T21:32:05.723285+00:00,recovery_scenario,iperf_tcp,10,8,,twin_core,361501,0.0,67448832
2026-04-24T21:32:05.723285+00:00,recovery_scenario,iperf_tcp,10,8,,ryu_controller,361493,68.6,60493824
2026-04-24T21:32:05.824451+00:00,recovery_scenario,iperf_tcp,10,8,,twin_core,361501,0.0,67448832
2026-04-24T21:32:05.824451+00:00,recovery_scenario,iperf_tcp,10,8,,ryu_controller,361493,88.4,60493824
2026-04-24T21:32:05.925676+00:00,recovery_scenario,iperf_tcp,10,8,,twin_core,361501,0.0,67448832
2026-04-24T21:32:05.925676+00:00,recovery_scenario,iperf_tcp,10,8,,ryu_controller,361493,99.5,60493824
2026-04-24T21:32:06.028740+00:00,recovery_scenario,iperf_tcp,10,8,,twin_core,361501,0.0,67448832
2026-04-24T21:32:06.028740+00:00,recovery_scenario,iperf_tcp,10,8,,ryu_controller,361493,87.3,60493824
2026-04-24T21:32:06.129292+00:00,recovery_scenario,iperf_tcp,10,8,,twin_core,361501,0.0,67448832
2026-04-24T21:32:06.129292+00:00,recovery_scenario,iperf_tcp,10,8,,ryu_controller,361493,109.6,60493824
2026-04-24T21:32:06.230355+00:00,recovery_scenario,iperf_tcp,10,8,,twin_core,361501,0.0,67448832
2026-04-24T21:32:06.230355+00:00,recovery_scenario,iperf_tcp,10,8,,ryu_controller,361493,89.1,60497920
2026-04-24T21:32:06.330859+00:00,recovery_scenario,iperf_tcp,10,8,,twin_core,361501,0.0,67448832
2026-04-24T21:32:06.330859+00:00,recovery_scenario,iperf_tcp,10,8,,ryu_controller,361493,89.5,60497920
2026-04-24T21:32:06.431286+00:00,recovery_scenario,iperf_tcp,10,8,,twin_core,361501,9.9,67448832
2026-04-24T21:32:06.431286+00:00,recovery_scenario,iperf_tcp,10,8,,ryu_controller,361493,108.1,60497920
2026-04-24T21:32:06.533045+00:00,recovery_scenario,iperf_tcp,10,8,,twin_core,361501,0.0,67448832
2026-04-24T21:32:06.533045+00:00,recovery_scenario,iperf_tcp,10,8,,ryu_controller,361493,99.6,60497920
2026-04-24T21:32:06.633538+00:00,recovery_scenario,iperf_tcp,10,8,,twin_core,361501,0.0,67448832
2026-04-24T21:32:06.633538+00:00,recovery_scenario,iperf_tcp,10,8,,ryu_controller,361493,89.1,60497920
2026-04-24T21:32:06.735845+00:00,recovery_scenario,iperf_tcp,10,8,,twin_core,361501,0.0,67448832
2026-04-24T21:32:06.735845+00:00,recovery_scenario,iperf_tcp,10,8,,ryu_controller,361493,97.3,60497920
2026-04-24T21:32:06.839662+00:00,recovery_scenario,iperf_tcp,10,8,,twin_core,361501,0.0,67448832
2026-04-24T21:32:06.839662+00:00,recovery_scenario,iperf_tcp,10,8,,ryu_controller,361493,57.1,60497920
2026-04-24T21:32:06.942820+00:00,recovery_scenario,iperf_tcp,10,8,,twin_core,361501,0.0,67448832
2026-04-24T21:32:06.942820+00:00,recovery_scenario,iperf_tcp,10,8,,ryu_controller,361493,49.0,60497920
2026-04-24T21:32:07.046526+00:00,recovery_scenario,iperf_tcp,10,8,,twin_core,361501,9.6,67448832
2026-04-24T21:32:07.046526+00:00,recovery_scenario,iperf_tcp,10,8,,ryu_controller,361493,48.5,60497920
2026-04-24T21:32:07.149691+00:00,recovery_scenario,iperf_tcp,10,8,,twin_core,361501,0.0,67448832
2026-04-24T21:32:07.149691+00:00,recovery_scenario,iperf_tcp,10,8,,ryu_controller,361493,48.6,60497920
2026-04-24T21:32:07.252379+00:00,recovery_scenario,iperf_tcp,10,8,,twin_core,361501,0.0,67448832
2026-04-24T21:32:07.252379+00:00,recovery_scenario,iperf_tcp,10,8,,ryu_controller,361493,29.1,60497920
2026-04-24T21:32:07.358767+00:00,recovery_scenario,iperf_tcp,10,8,,twin_core,361501,0.0,67448832
2026-04-24T21:32:07.358767+00:00,recovery_scenario,iperf_tcp,10,8,,ryu_controller,361493,66.2,60497920
2026-04-24T21:32:07.459123+00:00,recovery_scenario,iperf_tcp,10,8,,twin_core,361501,0.0,67448832
2026-04-24T21:32:07.459123+00:00,recovery_scenario,iperf_tcp,10,8,,ryu_controller,361493,69.8,60497920
2026-04-24T21:32:07.559484+00:00,recovery_scenario,iperf_tcp,10,8,,twin_core,361501,0.0,67448832
2026-04-24T21:32:07.559484+00:00,recovery_scenario,iperf_tcp,10,8,,ryu_controller,361493,69.8,60497920
2026-04-24T21:32:07.662851+00:00,recovery_scenario,iperf_tcp,10,8,,twin_core,361501,9.7,67448832
2026-04-24T21:32:07.662851+00:00,recovery_scenario,iperf_tcp,10,8,,ryu_controller,361493,48.2,60497920
2026-04-24T21:32:07.765026+00:00,recovery_scenario,iperf_tcp,10,8,,twin_core,361501,0.0,67448832
2026-04-24T21:32:07.765026+00:00,recovery_scenario,iperf_tcp,10,8,,ryu_controller,361493,0.0,60497920
2026-04-24T21:32:07.865504+00:00,recovery_scenario,iperf_tcp,10,8,,twin_core,361501,0.0,67448832
2026-04-24T21:32:07.865504+00:00,recovery_scenario,iperf_tcp,10,8,,ryu_controller,361493,0.0,60497920
2026-04-24T21:32:07.968826+00:00,recovery_scenario,iperf_tcp,10,8,,twin_core,361501,0.0,67448832
2026-04-24T21:32:07.968826+00:00,recovery_scenario,iperf_tcp,10,8,,ryu_controller,361493,19.4,60497920
2026-04-24T21:32:08.063768+00:00,recovery_scenario,iperf_tcp,10,8,scenario_teardown,,,,
2026-04-24T21:32:08.069236+00:00,recovery_scenario,iperf_tcp,10,8,,twin_core,361501,10.0,67448832
2026-04-24T21:32:08.069236+00:00,recovery_scenario,iperf_tcp,10,8,,ryu_controller,361493,29.8,60497920
2026-04-24T21:32:08.169933+00:00,recovery_scenario,iperf_tcp,10,8,,twin_core,361501,9.9,67448832
2026-04-24T21:32:08.169933+00:00,recovery_scenario,iperf_tcp,10,8,,ryu_controller,361493,9.9,60497920
2026-04-24T21:32:08.270871+00:00,recovery_scenario,iperf_tcp,10,8,,twin_core,361501,0.0,67448832
2026-04-24T21:32:08.270871+00:00,recovery_scenario,iperf_tcp,10,8,,ryu_controller,361493,19.8,60497920
2026-04-24T21:32:08.371314+00:00,recovery_scenario,iperf_tcp,10,8,,twin_core,361501,0.0,67448832
2026-04-24T21:32:08.371314+00:00,recovery_scenario,iperf_tcp,10,8,,ryu_controller,361493,10.0,60497920
2026-04-24T21:32:08.471760+00:00,recovery_scenario,iperf_tcp,10,8,,twin_core,361501,0.0,67448832
2026-04-24T21:32:08.471760+00:00,recovery_scenario,iperf_tcp,10,8,,ryu_controller,361493,10.0,60497920
2026-04-24T21:32:08.956459+00:00,recovery_scenario,iperf_tcp,10,9,,twin_core,361501,0.0,67448832
2026-04-24T21:32:08.956459+00:00,recovery_scenario,iperf_tcp,10,9,,ryu_controller,361493,0.0,60497920
2026-04-24T21:32:09.056944+00:00,recovery_scenario,iperf_tcp,10,9,,twin_core,361501,0.0,67448832
2026-04-24T21:32:09.056944+00:00,recovery_scenario,iperf_tcp,10,9,,ryu_controller,361493,39.9,60497920
2026-04-24T21:32:09.157617+00:00,recovery_scenario,iperf_tcp,10,9,,twin_core,361501,19.9,67448832
2026-04-24T21:32:09.157617+00:00,recovery_scenario,iperf_tcp,10,9,,ryu_controller,361493,19.8,60497920
2026-04-24T21:32:09.219053+00:00,recovery_scenario,iperf_tcp,10,9,service_started,,,,
2026-04-24T21:32:09.258562+00:00,recovery_scenario,iperf_tcp,10,9,,twin_core,361501,9.9,67448832
2026-04-24T21:32:09.258562+00:00,recovery_scenario,iperf_tcp,10,9,,ryu_controller,361493,29.7,60497920
2026-04-24T21:32:09.359097+00:00,recovery_scenario,iperf_tcp,10,9,,twin_core,361501,0.0,67448832
2026-04-24T21:32:09.359097+00:00,recovery_scenario,iperf_tcp,10,9,,ryu_controller,361493,99.4,60497920
2026-04-24T21:32:09.459690+00:00,recovery_scenario,iperf_tcp,10,9,,twin_core,361501,9.9,67448832
2026-04-24T21:32:09.459690+00:00,recovery_scenario,iperf_tcp,10,9,,ryu_controller,361493,39.8,60497920
2026-04-24T21:32:09.560278+00:00,recovery_scenario,iperf_tcp,10,9,,twin_core,361501,0.0,67448832
2026-04-24T21:32:09.560278+00:00,recovery_scenario,iperf_tcp,10,9,,ryu_controller,361493,10.0,60497920
2026-04-24T21:32:09.660637+00:00,recovery_scenario,iperf_tcp,10,9,,twin_core,361501,0.0,67448832
2026-04-24T21:32:09.660637+00:00,recovery_scenario,iperf_tcp,10,9,,ryu_controller,361493,59.7,60497920
2026-04-24T21:32:09.761109+00:00,recovery_scenario,iperf_tcp,10,9,,twin_core,361501,0.0,67448832
2026-04-24T21:32:09.761109+00:00,recovery_scenario,iperf_tcp,10,9,,ryu_controller,361493,10.0,60497920
2026-04-24T21:32:09.861756+00:00,recovery_scenario,iperf_tcp,10,9,,twin_core,361501,0.0,67448832
2026-04-24T21:32:09.861756+00:00,recovery_scenario,iperf_tcp,10,9,,ryu_controller,361493,19.9,60497920
2026-04-24T21:32:09.962891+00:00,recovery_scenario,iperf_tcp,10,9,,twin_core,361501,0.0,67448832
2026-04-24T21:32:09.962891+00:00,recovery_scenario,iperf_tcp,10,9,,ryu_controller,361493,19.8,60497920
2026-04-24T21:32:10.064763+00:00,recovery_scenario,iperf_tcp,10,9,,twin_core,361501,0.0,67448832
2026-04-24T21:32:10.064763+00:00,recovery_scenario,iperf_tcp,10,9,,ryu_controller,361493,19.6,60497920
2026-04-24T21:32:10.165399+00:00,recovery_scenario,iperf_tcp,10,9,,twin_core,361501,0.0,67448832
2026-04-24T21:32:10.165399+00:00,recovery_scenario,iperf_tcp,10,9,,ryu_controller,361493,29.9,60497920
2026-04-24T21:32:10.265836+00:00,recovery_scenario,iperf_tcp,10,9,,twin_core,361501,0.0,67448832
2026-04-24T21:32:10.265836+00:00,recovery_scenario,iperf_tcp,10,9,,ryu_controller,361493,10.0,60497920
2026-04-24T21:32:10.366949+00:00,recovery_scenario,iperf_tcp,10,9,,twin_core,361501,9.9,67448832
2026-04-24T21:32:10.366949+00:00,recovery_scenario,iperf_tcp,10,9,,ryu_controller,361493,39.6,60497920
2026-04-24T21:32:10.467352+00:00,recovery_scenario,iperf_tcp,10,9,,twin_core,361501,0.0,67448832
2026-04-24T21:32:10.467352+00:00,recovery_scenario,iperf_tcp,10,9,,ryu_controller,361493,10.0,60497920
2026-04-24T21:32:10.567894+00:00,recovery_scenario,iperf_tcp,10,9,,twin_core,361501,0.0,67448832
2026-04-24T21:32:10.567894+00:00,recovery_scenario,iperf_tcp,10,9,,ryu_controller,361493,9.9,60497920
2026-04-24T21:32:10.668634+00:00,recovery_scenario,iperf_tcp,10,9,,twin_core,361501,0.0,67448832
2026-04-24T21:32:10.668634+00:00,recovery_scenario,iperf_tcp,10,9,,ryu_controller,361493,19.9,60497920
2026-04-24T21:32:10.770068+00:00,recovery_scenario,iperf_tcp,10,9,,twin_core,361501,0.0,67448832
2026-04-24T21:32:10.770068+00:00,recovery_scenario,iperf_tcp,10,9,,ryu_controller,361493,9.9,60497920
2026-04-24T21:32:10.871683+00:00,recovery_scenario,iperf_tcp,10,9,,twin_core,361501,0.0,67448832
2026-04-24T21:32:10.871683+00:00,recovery_scenario,iperf_tcp,10,9,,ryu_controller,361493,29.5,60497920
2026-04-24T21:32:10.972165+00:00,recovery_scenario,iperf_tcp,10,9,,twin_core,361501,0.0,67448832
2026-04-24T21:32:10.972165+00:00,recovery_scenario,iperf_tcp,10,9,,ryu_controller,361493,19.9,60497920
2026-04-24T21:32:11.072794+00:00,recovery_scenario,iperf_tcp,10,9,,twin_core,361501,0.0,67448832
2026-04-24T21:32:11.072794+00:00,recovery_scenario,iperf_tcp,10,9,,ryu_controller,361493,19.9,60497920
2026-04-24T21:32:11.173159+00:00,recovery_scenario,iperf_tcp,10,9,,twin_core,361501,0.0,67448832
2026-04-24T21:32:11.173159+00:00,recovery_scenario,iperf_tcp,10,9,,ryu_controller,361493,10.0,60497920
2026-04-24T21:32:11.273567+00:00,recovery_scenario,iperf_tcp,10,9,,twin_core,361501,0.0,67448832
2026-04-24T21:32:11.273567+00:00,recovery_scenario,iperf_tcp,10,9,,ryu_controller,361493,19.9,60497920
2026-04-24T21:32:11.374801+00:00,recovery_scenario,iperf_tcp,10,9,,twin_core,361501,0.0,67448832
2026-04-24T21:32:11.374801+00:00,recovery_scenario,iperf_tcp,10,9,,ryu_controller,361493,0.0,60497920
2026-04-24T21:32:11.475283+00:00,recovery_scenario,iperf_tcp,10,9,,twin_core,361501,10.0,67448832
2026-04-24T21:32:11.475283+00:00,recovery_scenario,iperf_tcp,10,9,,ryu_controller,361493,39.8,60497920
2026-04-24T21:32:11.575661+00:00,recovery_scenario,iperf_tcp,10,9,,twin_core,361501,0.0,67448832
2026-04-24T21:32:11.575661+00:00,recovery_scenario,iperf_tcp,10,9,,ryu_controller,361493,29.8,60497920
2026-04-24T21:32:11.676225+00:00,recovery_scenario,iperf_tcp,10,9,,twin_core,361501,0.0,67448832
2026-04-24T21:32:11.676225+00:00,recovery_scenario,iperf_tcp,10,9,,ryu_controller,361493,19.9,60497920
2026-04-24T21:32:11.776613+00:00,recovery_scenario,iperf_tcp,10,9,,twin_core,361501,0.0,67448832
2026-04-24T21:32:11.776613+00:00,recovery_scenario,iperf_tcp,10,9,,ryu_controller,361493,39.8,60497920
2026-04-24T21:32:11.877141+00:00,recovery_scenario,iperf_tcp,10,9,,twin_core,361501,0.0,67448832
2026-04-24T21:32:11.877141+00:00,recovery_scenario,iperf_tcp,10,9,,ryu_controller,361493,10.0,60497920
2026-04-24T21:32:11.977561+00:00,recovery_scenario,iperf_tcp,10,9,,twin_core,361501,0.0,67448832
2026-04-24T21:32:11.977561+00:00,recovery_scenario,iperf_tcp,10,9,,ryu_controller,361493,9.9,60497920
2026-04-24T21:32:12.078183+00:00,recovery_scenario,iperf_tcp,10,9,,twin_core,361501,0.0,67448832
2026-04-24T21:32:12.078183+00:00,recovery_scenario,iperf_tcp,10,9,,ryu_controller,361493,0.0,60497920
2026-04-24T21:32:12.179073+00:00,recovery_scenario,iperf_tcp,10,9,,twin_core,361501,0.0,67448832
2026-04-24T21:32:12.179073+00:00,recovery_scenario,iperf_tcp,10,9,,ryu_controller,361493,19.9,60497920
2026-04-24T21:32:12.280191+00:00,recovery_scenario,iperf_tcp,10,9,,twin_core,361501,0.0,67448832
2026-04-24T21:32:12.280191+00:00,recovery_scenario,iperf_tcp,10,9,,ryu_controller,361493,9.9,60497920
2026-04-24T21:32:12.380820+00:00,recovery_scenario,iperf_tcp,10,9,,twin_core,361501,9.9,67448832
2026-04-24T21:32:12.380820+00:00,recovery_scenario,iperf_tcp,10,9,,ryu_controller,361493,9.9,60497920
2026-04-24T21:32:12.481279+00:00,recovery_scenario,iperf_tcp,10,9,,twin_core,361501,0.0,67448832
2026-04-24T21:32:12.481279+00:00,recovery_scenario,iperf_tcp,10,9,,ryu_controller,361493,19.9,60497920
2026-04-24T21:32:12.581766+00:00,recovery_scenario,iperf_tcp,10,9,,twin_core,361501,0.0,67448832
2026-04-24T21:32:12.581766+00:00,recovery_scenario,iperf_tcp,10,9,,ryu_controller,361493,0.0,60497920
2026-04-24T21:32:12.682853+00:00,recovery_scenario,iperf_tcp,10,9,,twin_core,361501,0.0,67448832
2026-04-24T21:32:12.682853+00:00,recovery_scenario,iperf_tcp,10,9,,ryu_controller,361493,29.7,60497920
2026-04-24T21:32:12.783256+00:00,recovery_scenario,iperf_tcp,10,9,,twin_core,361501,0.0,67448832
2026-04-24T21:32:12.783256+00:00,recovery_scenario,iperf_tcp,10,9,,ryu_controller,361493,9.9,60497920
2026-04-24T21:32:12.884123+00:00,recovery_scenario,iperf_tcp,10,9,,twin_core,361501,0.0,67448832
2026-04-24T21:32:12.884123+00:00,recovery_scenario,iperf_tcp,10,9,,ryu_controller,361493,10.0,60497920
2026-04-24T21:32:12.984546+00:00,recovery_scenario,iperf_tcp,10,9,,twin_core,361501,0.0,67448832
2026-04-24T21:32:12.984546+00:00,recovery_scenario,iperf_tcp,10,9,,ryu_controller,361493,0.0,60497920
2026-04-24T21:32:13.085447+00:00,recovery_scenario,iperf_tcp,10,9,,twin_core,361501,0.0,67448832
2026-04-24T21:32:13.085447+00:00,recovery_scenario,iperf_tcp,10,9,,ryu_controller,361493,9.4,60497920
2026-04-24T21:32:13.200174+00:00,recovery_scenario,iperf_tcp,10,9,,twin_core,361501,17.5,67448832
2026-04-24T21:32:13.200174+00:00,recovery_scenario,iperf_tcp,10,9,,ryu_controller,361493,9.1,60497920
2026-04-24T21:32:13.300796+00:00,recovery_scenario,iperf_tcp,10,9,,twin_core,361501,0.0,67448832
2026-04-24T21:32:13.300796+00:00,recovery_scenario,iperf_tcp,10,9,,ryu_controller,361493,19.9,60497920
2026-04-24T21:32:13.402929+00:00,recovery_scenario,iperf_tcp,10,9,,twin_core,361501,0.0,67448832
2026-04-24T21:32:13.402929+00:00,recovery_scenario,iperf_tcp,10,9,,ryu_controller,361493,57.6,60497920
2026-04-24T21:32:13.531577+00:00,recovery_scenario,iperf_tcp,10,9,,twin_core,361501,15.5,67448832
2026-04-24T21:32:13.531577+00:00,recovery_scenario,iperf_tcp,10,9,,ryu_controller,361493,70.8,60497920
2026-04-24T21:32:13.650536+00:00,recovery_scenario,iperf_tcp,10,9,,twin_core,361501,0.0,67457024
2026-04-24T21:32:13.650536+00:00,recovery_scenario,iperf_tcp,10,9,,ryu_controller,361493,33.3,60497920
2026-04-24T21:32:13.753095+00:00,recovery_scenario,iperf_tcp,10,9,,twin_core,361501,9.8,67457024
2026-04-24T21:32:13.753095+00:00,recovery_scenario,iperf_tcp,10,9,,ryu_controller,361493,29.8,60497920
2026-04-24T21:32:13.853506+00:00,recovery_scenario,iperf_tcp,10,9,,twin_core,361501,0.0,67457024
2026-04-24T21:32:13.853506+00:00,recovery_scenario,iperf_tcp,10,9,,ryu_controller,361493,79.5,60497920
2026-04-24T21:32:13.954100+00:00,recovery_scenario,iperf_tcp,10,9,,twin_core,361501,0.0,67457024
2026-04-24T21:32:13.954100+00:00,recovery_scenario,iperf_tcp,10,9,,ryu_controller,361493,10.0,60497920
2026-04-24T21:32:14.055051+00:00,recovery_scenario,iperf_tcp,10,9,,twin_core,361501,0.0,67457024
2026-04-24T21:32:14.055051+00:00,recovery_scenario,iperf_tcp,10,9,,ryu_controller,361493,19.8,60497920
2026-04-24T21:32:14.155496+00:00,recovery_scenario,iperf_tcp,10,9,,twin_core,361501,0.0,67457024
2026-04-24T21:32:14.155496+00:00,recovery_scenario,iperf_tcp,10,9,,ryu_controller,361493,9.9,60497920
2026-04-24T21:32:14.256141+00:00,recovery_scenario,iperf_tcp,10,9,,twin_core,361501,0.0,67457024
2026-04-24T21:32:14.256141+00:00,recovery_scenario,iperf_tcp,10,9,,ryu_controller,361493,10.0,60497920
2026-04-24T21:32:14.356788+00:00,recovery_scenario,iperf_tcp,10,9,,twin_core,361501,0.0,67457024
2026-04-24T21:32:14.356788+00:00,recovery_scenario,iperf_tcp,10,9,,ryu_controller,361493,19.9,60497920
2026-04-24T21:32:14.457246+00:00,recovery_scenario,iperf_tcp,10,9,,twin_core,361501,0.0,67457024
2026-04-24T21:32:14.457246+00:00,recovery_scenario,iperf_tcp,10,9,,ryu_controller,361493,10.0,60497920
2026-04-24T21:32:14.557644+00:00,recovery_scenario,iperf_tcp,10,9,,twin_core,361501,10.0,67457024
2026-04-24T21:32:14.557644+00:00,recovery_scenario,iperf_tcp,10,9,,ryu_controller,361493,9.9,60497920
2026-04-24T21:32:14.658199+00:00,recovery_scenario,iperf_tcp,10,9,,twin_core,361501,10.0,67457024
2026-04-24T21:32:14.658199+00:00,recovery_scenario,iperf_tcp,10,9,,ryu_controller,361493,0.0,60497920
2026-04-24T21:32:14.758604+00:00,recovery_scenario,iperf_tcp,10,9,,twin_core,361501,0.0,67457024
2026-04-24T21:32:14.758604+00:00,recovery_scenario,iperf_tcp,10,9,,ryu_controller,361493,19.9,60497920
2026-04-24T21:32:14.859623+00:00,recovery_scenario,iperf_tcp,10,9,,twin_core,361501,0.0,67457024
2026-04-24T21:32:14.859623+00:00,recovery_scenario,iperf_tcp,10,9,,ryu_controller,361493,29.7,60497920
2026-04-24T21:32:14.962010+00:00,recovery_scenario,iperf_tcp,10,9,,twin_core,361501,0.0,67457024
2026-04-24T21:32:14.962010+00:00,recovery_scenario,iperf_tcp,10,9,,ryu_controller,361493,9.7,60497920
2026-04-24T21:32:15.064685+00:00,recovery_scenario,iperf_tcp,10,9,,twin_core,361501,0.0,67457024
2026-04-24T21:32:15.064685+00:00,recovery_scenario,iperf_tcp,10,9,,ryu_controller,361493,0.0,60497920
2026-04-24T21:32:15.169275+00:00,recovery_scenario,iperf_tcp,10,9,,twin_core,361501,0.0,67457024
2026-04-24T21:32:15.169275+00:00,recovery_scenario,iperf_tcp,10,9,,ryu_controller,361493,0.0,60497920
2026-04-24T21:32:15.270890+00:00,recovery_scenario,iperf_tcp,10,9,,twin_core,361501,0.0,67457024
2026-04-24T21:32:15.270890+00:00,recovery_scenario,iperf_tcp,10,9,,ryu_controller,361493,0.0,60497920
2026-04-24T21:32:15.279606+00:00,recovery_scenario,iperf_tcp,10,9,pingall_completed,,,,
2026-04-24T21:32:15.371431+00:00,recovery_scenario,iperf_tcp,10,9,,twin_core,361501,0.0,67457024
2026-04-24T21:32:15.371431+00:00,recovery_scenario,iperf_tcp,10,9,,ryu_controller,361493,10.0,60497920
2026-04-24T21:32:15.471881+00:00,recovery_scenario,iperf_tcp,10,9,,twin_core,361501,0.0,67457024
2026-04-24T21:32:15.471881+00:00,recovery_scenario,iperf_tcp,10,9,,ryu_controller,361493,0.0,60497920
2026-04-24T21:32:15.572469+00:00,recovery_scenario,iperf_tcp,10,9,,twin_core,361501,9.9,67457024
2026-04-24T21:32:15.572469+00:00,recovery_scenario,iperf_tcp,10,9,,ryu_controller,361493,9.9,60497920
2026-04-24T21:32:15.673956+00:00,recovery_scenario,iperf_tcp,10,9,,twin_core,361501,9.9,67522560
2026-04-24T21:32:15.673956+00:00,recovery_scenario,iperf_tcp,10,9,,ryu_controller,361493,69.4,60497920
2026-04-24T21:32:15.778462+00:00,recovery_scenario,iperf_tcp,10,9,,twin_core,361501,0.0,67522560
2026-04-24T21:32:15.778462+00:00,recovery_scenario,iperf_tcp,10,9,,ryu_controller,361493,0.0,60497920
2026-04-24T21:32:15.879531+00:00,recovery_scenario,iperf_tcp,10,9,,twin_core,361501,0.0,67522560
2026-04-24T21:32:15.879531+00:00,recovery_scenario,iperf_tcp,10,9,,ryu_controller,361493,39.6,60497920
2026-04-24T21:32:15.980191+00:00,recovery_scenario,iperf_tcp,10,9,,twin_core,361501,0.0,67522560
2026-04-24T21:32:15.980191+00:00,recovery_scenario,iperf_tcp,10,9,,ryu_controller,361493,39.8,60497920
2026-04-24T21:32:16.080926+00:00,recovery_scenario,iperf_tcp,10,9,,twin_core,361501,0.0,67522560
2026-04-24T21:32:16.080926+00:00,recovery_scenario,iperf_tcp,10,9,,ryu_controller,361493,0.0,60497920
2026-04-24T21:32:16.183806+00:00,recovery_scenario,iperf_tcp,10,9,,twin_core,361501,0.0,67522560
2026-04-24T21:32:16.183806+00:00,recovery_scenario,iperf_tcp,10,9,,ryu_controller,361493,0.0,60497920
2026-04-24T21:32:16.285870+00:00,recovery_scenario,iperf_tcp,10,9,,twin_core,361501,0.0,67522560
2026-04-24T21:32:16.285870+00:00,recovery_scenario,iperf_tcp,10,9,,ryu_controller,361493,9.8,60497920
2026-04-24T21:32:16.387800+00:00,recovery_scenario,iperf_tcp,10,9,,twin_core,361501,0.0,67522560
2026-04-24T21:32:16.387800+00:00,recovery_scenario,iperf_tcp,10,9,,ryu_controller,361493,9.8,60497920
2026-04-24T21:32:16.488353+00:00,recovery_scenario,iperf_tcp,10,9,,twin_core,361501,0.0,67522560
2026-04-24T21:32:16.488353+00:00,recovery_scenario,iperf_tcp,10,9,,ryu_controller,361493,0.0,60497920
2026-04-24T21:32:16.590787+00:00,recovery_scenario,iperf_tcp,10,9,,twin_core,361501,0.0,67522560
2026-04-24T21:32:16.590787+00:00,recovery_scenario,iperf_tcp,10,9,,ryu_controller,361493,0.0,60497920
2026-04-24T21:32:16.694784+00:00,recovery_scenario,iperf_tcp,10,9,,twin_core,361501,0.0,67522560
2026-04-24T21:32:16.694784+00:00,recovery_scenario,iperf_tcp,10,9,,ryu_controller,361493,0.0,60497920
2026-04-24T21:32:16.795419+00:00,recovery_scenario,iperf_tcp,10,9,,twin_core,361501,0.0,67522560
2026-04-24T21:32:16.795419+00:00,recovery_scenario,iperf_tcp,10,9,,ryu_controller,361493,0.0,60497920
2026-04-24T21:32:16.895897+00:00,recovery_scenario,iperf_tcp,10,9,,twin_core,361501,0.0,67522560
2026-04-24T21:32:16.895897+00:00,recovery_scenario,iperf_tcp,10,9,,ryu_controller,361493,9.9,60497920
2026-04-24T21:32:16.997643+00:00,recovery_scenario,iperf_tcp,10,9,,twin_core,361501,0.0,67522560
2026-04-24T21:32:16.997643+00:00,recovery_scenario,iperf_tcp,10,9,,ryu_controller,361493,0.0,60497920
2026-04-24T21:32:17.099081+00:00,recovery_scenario,iperf_tcp,10,9,,twin_core,361501,0.0,67522560
2026-04-24T21:32:17.099081+00:00,recovery_scenario,iperf_tcp,10,9,,ryu_controller,361493,0.0,60497920
2026-04-24T21:32:17.200601+00:00,recovery_scenario,iperf_tcp,10,9,,twin_core,361501,0.0,67522560
2026-04-24T21:32:17.200601+00:00,recovery_scenario,iperf_tcp,10,9,,ryu_controller,361493,0.0,60497920
2026-04-24T21:32:17.293849+00:00,recovery_scenario,iperf_tcp,10,9,background_traffic_started,,,,
2026-04-24T21:32:17.307674+00:00,recovery_scenario,iperf_tcp,10,9,,twin_core,361501,9.3,67522560
2026-04-24T21:32:17.307674+00:00,recovery_scenario,iperf_tcp,10,9,,ryu_controller,361493,0.0,60497920
2026-04-24T21:32:17.408134+00:00,recovery_scenario,iperf_tcp,10,9,,twin_core,361501,10.0,67522560
2026-04-24T21:32:17.408134+00:00,recovery_scenario,iperf_tcp,10,9,,ryu_controller,361493,29.9,60497920
2026-04-24T21:32:17.508564+00:00,recovery_scenario,iperf_tcp,10,9,,twin_core,361501,0.0,67522560
2026-04-24T21:32:17.508564+00:00,recovery_scenario,iperf_tcp,10,9,,ryu_controller,361493,39.8,60497920
2026-04-24T21:32:17.545297+00:00,recovery_scenario,iperf_tcp,10,9,fault_injected,,,,
2026-04-24T21:32:17.609099+00:00,recovery_scenario,iperf_tcp,10,9,,twin_core,361501,9.9,67530752
2026-04-24T21:32:17.609099+00:00,recovery_scenario,iperf_tcp,10,9,,ryu_controller,361493,29.9,60497920
2026-04-24T21:32:17.709490+00:00,recovery_scenario,iperf_tcp,10,9,,twin_core,361501,0.0,67530752
2026-04-24T21:32:17.709490+00:00,recovery_scenario,iperf_tcp,10,9,,ryu_controller,361493,39.6,60497920
2026-04-24T21:32:17.810384+00:00,recovery_scenario,iperf_tcp,10,9,,twin_core,361501,0.0,67530752
2026-04-24T21:32:17.810384+00:00,recovery_scenario,iperf_tcp,10,9,,ryu_controller,361493,39.9,60497920
2026-04-24T21:32:17.913343+00:00,recovery_scenario,iperf_tcp,10,9,,twin_core,361501,0.0,67530752
2026-04-24T21:32:17.913343+00:00,recovery_scenario,iperf_tcp,10,9,,ryu_controller,361493,67.9,60497920
2026-04-24T21:32:18.013858+00:00,recovery_scenario,iperf_tcp,10,9,,twin_core,361501,0.0,67530752
2026-04-24T21:32:18.013858+00:00,recovery_scenario,iperf_tcp,10,9,,ryu_controller,361493,89.6,60497920
2026-04-24T21:32:18.114187+00:00,recovery_scenario,iperf_tcp,10,9,,twin_core,361501,0.0,67530752
2026-04-24T21:32:18.114187+00:00,recovery_scenario,iperf_tcp,10,9,,ryu_controller,361493,49.8,60497920
2026-04-24T21:32:18.214538+00:00,recovery_scenario,iperf_tcp,10,9,,twin_core,361501,0.0,67530752
2026-04-24T21:32:18.214538+00:00,recovery_scenario,iperf_tcp,10,9,,ryu_controller,361493,39.8,60497920
2026-04-24T21:32:18.315750+00:00,recovery_scenario,iperf_tcp,10,9,,twin_core,361501,0.0,67530752
2026-04-24T21:32:18.315750+00:00,recovery_scenario,iperf_tcp,10,9,,ryu_controller,361493,49.4,60497920
2026-04-24T21:32:18.418795+00:00,recovery_scenario,iperf_tcp,10,9,,twin_core,361501,0.0,67530752
2026-04-24T21:32:18.418795+00:00,recovery_scenario,iperf_tcp,10,9,,ryu_controller,361493,48.5,60497920
2026-04-24T21:32:18.519171+00:00,recovery_scenario,iperf_tcp,10,9,,twin_core,361501,0.0,67530752
2026-04-24T21:32:18.519171+00:00,recovery_scenario,iperf_tcp,10,9,,ryu_controller,361493,39.8,60497920
2026-04-24T21:32:18.619650+00:00,recovery_scenario,iperf_tcp,10,9,,twin_core,361501,0.0,67530752
2026-04-24T21:32:18.619650+00:00,recovery_scenario,iperf_tcp,10,9,,ryu_controller,361493,59.7,60497920
2026-04-24T21:32:18.720139+00:00,recovery_scenario,iperf_tcp,10,9,,twin_core,361501,0.0,67530752
2026-04-24T21:32:18.720139+00:00,recovery_scenario,iperf_tcp,10,9,,ryu_controller,361493,39.8,60497920
2026-04-24T21:32:18.822480+00:00,recovery_scenario,iperf_tcp,10,9,,twin_core,361501,0.0,67530752
2026-04-24T21:32:18.822480+00:00,recovery_scenario,iperf_tcp,10,9,,ryu_controller,361493,48.9,60497920
2026-04-24T21:32:18.923027+00:00,recovery_scenario,iperf_tcp,10,9,,twin_core,361501,0.0,67530752
2026-04-24T21:32:18.923027+00:00,recovery_scenario,iperf_tcp,10,9,,ryu_controller,361493,59.6,60497920
2026-04-24T21:32:19.024852+00:00,recovery_scenario,iperf_tcp,10,9,,twin_core,361501,0.0,67530752
2026-04-24T21:32:19.024852+00:00,recovery_scenario,iperf_tcp,10,9,,ryu_controller,361493,88.5,60497920
2026-04-24T21:32:19.127006+00:00,recovery_scenario,iperf_tcp,10,9,,twin_core,361501,0.0,67530752
2026-04-24T21:32:19.127006+00:00,recovery_scenario,iperf_tcp,10,9,,ryu_controller,361493,78.3,60497920
2026-04-24T21:32:19.227365+00:00,recovery_scenario,iperf_tcp,10,9,,twin_core,361501,0.0,67530752
2026-04-24T21:32:19.227365+00:00,recovery_scenario,iperf_tcp,10,9,,ryu_controller,361493,79.7,60497920
2026-04-24T21:32:19.327838+00:00,recovery_scenario,iperf_tcp,10,9,,twin_core,361501,0.0,67530752
2026-04-24T21:32:19.327838+00:00,recovery_scenario,iperf_tcp,10,9,,ryu_controller,361493,78.4,60497920
2026-04-24T21:32:19.432446+00:00,recovery_scenario,iperf_tcp,10,9,,twin_core,361501,0.0,67530752
2026-04-24T21:32:19.432446+00:00,recovery_scenario,iperf_tcp,10,9,,ryu_controller,361493,77.6,60497920
2026-04-24T21:32:19.533024+00:00,recovery_scenario,iperf_tcp,10,9,,twin_core,361501,9.9,67530752
2026-04-24T21:32:19.533024+00:00,recovery_scenario,iperf_tcp,10,9,,ryu_controller,361493,69.6,60497920
2026-04-24T21:32:19.633403+00:00,recovery_scenario,iperf_tcp,10,9,,twin_core,361501,0.0,67530752
2026-04-24T21:32:19.633403+00:00,recovery_scenario,iperf_tcp,10,9,,ryu_controller,361493,69.7,60497920
2026-04-24T21:32:19.733797+00:00,recovery_scenario,iperf_tcp,10,9,,twin_core,361501,0.0,67530752
2026-04-24T21:32:19.733797+00:00,recovery_scenario,iperf_tcp,10,9,,ryu_controller,361493,69.6,60497920
2026-04-24T21:32:19.839501+00:00,recovery_scenario,iperf_tcp,10,9,,twin_core,361501,12.8,67530752
2026-04-24T21:32:19.839501+00:00,recovery_scenario,iperf_tcp,10,9,,ryu_controller,361493,55.8,60497920
2026-04-24T21:32:20.049310+00:00,recovery_scenario,iperf_tcp,10,9,,twin_core,361501,0.0,67530752
2026-04-24T21:32:20.049310+00:00,recovery_scenario,iperf_tcp,10,9,,ryu_controller,361493,49.2,60497920
2026-04-24T21:32:20.150800+00:00,recovery_scenario,iperf_tcp,10,9,,twin_core,361501,0.0,67530752
2026-04-24T21:32:20.150800+00:00,recovery_scenario,iperf_tcp,10,9,,ryu_controller,361493,39.8,60497920
2026-04-24T21:32:20.252017+00:00,recovery_scenario,iperf_tcp,10,9,,twin_core,361501,0.0,67530752
2026-04-24T21:32:20.252017+00:00,recovery_scenario,iperf_tcp,10,9,,ryu_controller,361493,49.2,60497920
2026-04-24T21:32:20.353957+00:00,recovery_scenario,iperf_tcp,10,9,,twin_core,361501,19.6,67530752
2026-04-24T21:32:20.353957+00:00,recovery_scenario,iperf_tcp,10,9,,ryu_controller,361493,38.8,60497920
2026-04-24T21:32:20.457801+00:00,recovery_scenario,iperf_tcp,10,9,,twin_core,361501,0.0,67530752
2026-04-24T21:32:20.457801+00:00,recovery_scenario,iperf_tcp,10,9,,ryu_controller,361493,39.2,60497920
2026-04-24T21:32:20.559044+00:00,recovery_scenario,iperf_tcp,10,9,,twin_core,361501,0.0,67530752
2026-04-24T21:32:20.559044+00:00,recovery_scenario,iperf_tcp,10,9,,ryu_controller,361493,39.5,60497920
2026-04-24T21:32:20.662657+00:00,recovery_scenario,iperf_tcp,10,9,,twin_core,361501,9.6,67534848
2026-04-24T21:32:20.662657+00:00,recovery_scenario,iperf_tcp,10,9,,ryu_controller,361493,28.9,60497920
2026-04-24T21:32:20.748996+00:00,recovery_scenario,iperf_tcp,10,9,recovery_requested,,,,
2026-04-24T21:32:20.763268+00:00,recovery_scenario,iperf_tcp,10,9,,twin_core,361501,10.0,67534848
2026-04-24T21:32:20.763268+00:00,recovery_scenario,iperf_tcp,10,9,,ryu_controller,361493,39.8,60497920
2026-04-24T21:32:20.864878+00:00,recovery_scenario,iperf_tcp,10,9,,twin_core,361501,0.0,67534848
2026-04-24T21:32:20.864878+00:00,recovery_scenario,iperf_tcp,10,9,,ryu_controller,361493,29.5,60497920
2026-04-24T21:32:20.967779+00:00,recovery_scenario,iperf_tcp,10,9,,twin_core,361501,0.0,67534848
2026-04-24T21:32:20.967779+00:00,recovery_scenario,iperf_tcp,10,9,,ryu_controller,361493,29.0,60497920
2026-04-24T21:32:21.068747+00:00,recovery_scenario,iperf_tcp,10,9,,twin_core,361501,0.0,67534848
2026-04-24T21:32:21.068747+00:00,recovery_scenario,iperf_tcp,10,9,,ryu_controller,361493,29.9,60497920
2026-04-24T21:32:21.169122+00:00,recovery_scenario,iperf_tcp,10,9,,twin_core,361501,0.0,67534848
2026-04-24T21:32:21.169122+00:00,recovery_scenario,iperf_tcp,10,9,,ryu_controller,361493,49.8,60497920
2026-04-24T21:32:21.271407+00:00,recovery_scenario,iperf_tcp,10,9,,twin_core,361501,0.0,67534848
2026-04-24T21:32:21.271407+00:00,recovery_scenario,iperf_tcp,10,9,,ryu_controller,361493,29.3,60497920
2026-04-24T21:32:21.374772+00:00,recovery_scenario,iperf_tcp,10,9,,twin_core,361501,0.0,67534848
2026-04-24T21:32:21.374772+00:00,recovery_scenario,iperf_tcp,10,9,,ryu_controller,361493,29.1,60497920
2026-04-24T21:32:21.475170+00:00,recovery_scenario,iperf_tcp,10,9,,twin_core,361501,0.0,67534848
2026-04-24T21:32:21.475170+00:00,recovery_scenario,iperf_tcp,10,9,,ryu_controller,361493,39.9,60497920
2026-04-24T21:32:21.575532+00:00,recovery_scenario,iperf_tcp,10,9,,twin_core,361501,0.0,67534848
2026-04-24T21:32:21.575532+00:00,recovery_scenario,iperf_tcp,10,9,,ryu_controller,361493,39.8,60497920
2026-04-24T21:32:21.679064+00:00,recovery_scenario,iperf_tcp,10,9,,twin_core,361501,0.0,67534848
2026-04-24T21:32:21.679064+00:00,recovery_scenario,iperf_tcp,10,9,,ryu_controller,361493,38.6,60497920
2026-04-24T21:32:21.779558+00:00,recovery_scenario,iperf_tcp,10,9,,twin_core,361501,0.0,67534848
2026-04-24T21:32:21.779558+00:00,recovery_scenario,iperf_tcp,10,9,,ryu_controller,361493,49.7,60497920
2026-04-24T21:32:21.881813+00:00,recovery_scenario,iperf_tcp,10,9,,twin_core,361501,0.0,67534848
2026-04-24T21:32:21.881813+00:00,recovery_scenario,iperf_tcp,10,9,,ryu_controller,361493,39.2,60497920
2026-04-24T21:32:21.983496+00:00,recovery_scenario,iperf_tcp,10,9,,twin_core,361501,0.0,67534848
2026-04-24T21:32:21.983496+00:00,recovery_scenario,iperf_tcp,10,9,,ryu_controller,361493,29.4,60497920
2026-04-24T21:32:22.084473+00:00,recovery_scenario,iperf_tcp,10,9,,twin_core,361501,0.0,67534848
2026-04-24T21:32:22.084473+00:00,recovery_scenario,iperf_tcp,10,9,,ryu_controller,361493,49.5,60497920
2026-04-24T21:32:22.186234+00:00,recovery_scenario,iperf_tcp,10,9,,twin_core,361501,0.0,67534848
2026-04-24T21:32:22.186234+00:00,recovery_scenario,iperf_tcp,10,9,,ryu_controller,361493,39.0,60497920
2026-04-24T21:32:22.287864+00:00,recovery_scenario,iperf_tcp,10,9,,twin_core,361501,0.0,67534848
2026-04-24T21:32:22.287864+00:00,recovery_scenario,iperf_tcp,10,9,,ryu_controller,361493,49.7,60497920
2026-04-24T21:32:22.388409+00:00,recovery_scenario,iperf_tcp,10,9,,twin_core,361501,0.0,67534848
2026-04-24T21:32:22.388409+00:00,recovery_scenario,iperf_tcp,10,9,,ryu_controller,361493,39.8,60497920
2026-04-24T21:32:22.490787+00:00,recovery_scenario,iperf_tcp,10,9,,twin_core,361501,0.0,67534848
2026-04-24T21:32:22.490787+00:00,recovery_scenario,iperf_tcp,10,9,,ryu_controller,361493,68.4,60497920
2026-04-24T21:32:22.593838+00:00,recovery_scenario,iperf_tcp,10,9,,twin_core,361501,0.0,67534848
2026-04-24T21:32:22.593838+00:00,recovery_scenario,iperf_tcp,10,9,,ryu_controller,361493,77.7,60497920
2026-04-24T21:32:22.694209+00:00,recovery_scenario,iperf_tcp,10,9,,twin_core,361501,10.0,67534848
2026-04-24T21:32:22.694209+00:00,recovery_scenario,iperf_tcp,10,9,,ryu_controller,361493,59.8,60497920
2026-04-24T21:32:22.794531+00:00,recovery_scenario,iperf_tcp,10,9,,twin_core,361501,0.0,67534848
2026-04-24T21:32:22.794531+00:00,recovery_scenario,iperf_tcp,10,9,,ryu_controller,361493,89.5,60497920
2026-04-24T21:32:22.895789+00:00,recovery_scenario,iperf_tcp,10,9,,twin_core,361501,0.0,67534848
2026-04-24T21:32:22.895789+00:00,recovery_scenario,iperf_tcp,10,9,,ryu_controller,361493,89.0,60497920
2026-04-24T21:32:22.996200+00:00,recovery_scenario,iperf_tcp,10,9,,twin_core,361501,0.0,67534848
2026-04-24T21:32:22.996200+00:00,recovery_scenario,iperf_tcp,10,9,,ryu_controller,361493,89.5,60497920
2026-04-24T21:32:23.096791+00:00,recovery_scenario,iperf_tcp,10,9,,twin_core,361501,0.0,67534848
2026-04-24T21:32:23.096791+00:00,recovery_scenario,iperf_tcp,10,9,,ryu_controller,361493,89.6,60497920
2026-04-24T21:32:23.199845+00:00,recovery_scenario,iperf_tcp,10,9,,twin_core,361501,0.0,67534848
2026-04-24T21:32:23.199845+00:00,recovery_scenario,iperf_tcp,10,9,,ryu_controller,361493,58.2,60497920
2026-04-24T21:32:23.300216+00:00,recovery_scenario,iperf_tcp,10,9,,twin_core,361501,0.0,67534848
2026-04-24T21:32:23.300216+00:00,recovery_scenario,iperf_tcp,10,9,,ryu_controller,361493,49.8,60497920
2026-04-24T21:32:23.400562+00:00,recovery_scenario,iperf_tcp,10,9,,twin_core,361501,0.0,67534848
2026-04-24T21:32:23.400562+00:00,recovery_scenario,iperf_tcp,10,9,,ryu_controller,361493,59.7,60497920
2026-04-24T21:32:23.501024+00:00,recovery_scenario,iperf_tcp,10,9,,twin_core,361501,0.0,67534848
2026-04-24T21:32:23.501024+00:00,recovery_scenario,iperf_tcp,10,9,,ryu_controller,361493,59.8,60497920
2026-04-24T21:32:23.601381+00:00,recovery_scenario,iperf_tcp,10,9,,twin_core,361501,0.0,67534848
2026-04-24T21:32:23.601381+00:00,recovery_scenario,iperf_tcp,10,9,,ryu_controller,361493,49.8,60497920
2026-04-24T21:32:23.701845+00:00,recovery_scenario,iperf_tcp,10,9,,twin_core,361501,0.0,67534848
2026-04-24T21:32:23.701845+00:00,recovery_scenario,iperf_tcp,10,9,,ryu_controller,361493,49.8,60497920
2026-04-24T21:32:23.802222+00:00,recovery_scenario,iperf_tcp,10,9,,twin_core,361501,0.0,67534848
2026-04-24T21:32:23.802222+00:00,recovery_scenario,iperf_tcp,10,9,,ryu_controller,361493,69.7,60497920
2026-04-24T21:32:23.906869+00:00,recovery_scenario,iperf_tcp,10,9,,twin_core,361501,0.0,67534848
2026-04-24T21:32:23.906869+00:00,recovery_scenario,iperf_tcp,10,9,,ryu_controller,361493,66.9,60497920
2026-04-24T21:32:24.007279+00:00,recovery_scenario,iperf_tcp,10,9,,twin_core,361501,0.0,67534848
2026-04-24T21:32:24.007279+00:00,recovery_scenario,iperf_tcp,10,9,,ryu_controller,361493,59.7,60497920
2026-04-24T21:32:24.107815+00:00,recovery_scenario,iperf_tcp,10,9,,twin_core,361501,0.0,67534848
2026-04-24T21:32:24.107815+00:00,recovery_scenario,iperf_tcp,10,9,,ryu_controller,361493,79.6,60497920
2026-04-24T21:32:24.208606+00:00,recovery_scenario,iperf_tcp,10,9,,twin_core,361501,0.0,67534848
2026-04-24T21:32:24.208606+00:00,recovery_scenario,iperf_tcp,10,9,,ryu_controller,361493,69.1,60497920
2026-04-24T21:32:24.309451+00:00,recovery_scenario,iperf_tcp,10,9,,twin_core,361501,0.0,67534848
2026-04-24T21:32:24.309451+00:00,recovery_scenario,iperf_tcp,10,9,,ryu_controller,361493,59.8,60497920
2026-04-24T21:32:24.409916+00:00,recovery_scenario,iperf_tcp,10,9,,twin_core,361501,0.0,67534848
2026-04-24T21:32:24.409916+00:00,recovery_scenario,iperf_tcp,10,9,,ryu_controller,361493,39.7,60497920
2026-04-24T21:32:24.514755+00:00,recovery_scenario,iperf_tcp,10,9,,twin_core,361501,9.5,67534848
2026-04-24T21:32:24.514755+00:00,recovery_scenario,iperf_tcp,10,9,,ryu_controller,361493,66.8,60497920
2026-04-24T21:32:24.615229+00:00,recovery_scenario,iperf_tcp,10,9,,twin_core,361501,0.0,67534848
2026-04-24T21:32:24.615229+00:00,recovery_scenario,iperf_tcp,10,9,,ryu_controller,361493,59.8,60497920
2026-04-24T21:32:24.715839+00:00,recovery_scenario,iperf_tcp,10,9,,twin_core,361501,9.9,67534848
2026-04-24T21:32:24.715839+00:00,recovery_scenario,iperf_tcp,10,9,,ryu_controller,361493,69.6,60497920
2026-04-24T21:32:24.816292+00:00,recovery_scenario,iperf_tcp,10,9,,twin_core,361501,0.0,67534848
2026-04-24T21:32:24.816292+00:00,recovery_scenario,iperf_tcp,10,9,,ryu_controller,361493,59.7,60497920
2026-04-24T21:32:24.918966+00:00,recovery_scenario,iperf_tcp,10,9,,twin_core,361501,0.0,67534848
2026-04-24T21:32:24.918966+00:00,recovery_scenario,iperf_tcp,10,9,,ryu_controller,361493,58.4,60497920
2026-04-24T21:32:25.022793+00:00,recovery_scenario,iperf_tcp,10,9,,twin_core,361501,0.0,67534848
2026-04-24T21:32:25.022793+00:00,recovery_scenario,iperf_tcp,10,9,,ryu_controller,361493,57.8,60497920
2026-04-24T21:32:25.123834+00:00,recovery_scenario,iperf_tcp,10,9,,twin_core,361501,0.0,67534848
2026-04-24T21:32:25.123834+00:00,recovery_scenario,iperf_tcp,10,9,,ryu_controller,361493,49.5,60497920
2026-04-24T21:32:25.224220+00:00,recovery_scenario,iperf_tcp,10,9,,twin_core,361501,0.0,67534848
2026-04-24T21:32:25.224220+00:00,recovery_scenario,iperf_tcp,10,9,,ryu_controller,361493,59.8,60497920
2026-04-24T21:32:25.324583+00:00,recovery_scenario,iperf_tcp,10,9,,twin_core,361501,0.0,67534848
2026-04-24T21:32:25.324583+00:00,recovery_scenario,iperf_tcp,10,9,,ryu_controller,361493,49.7,60497920
2026-04-24T21:32:25.425163+00:00,recovery_scenario,iperf_tcp,10,9,,twin_core,361501,0.0,67534848
2026-04-24T21:32:25.425163+00:00,recovery_scenario,iperf_tcp,10,9,,ryu_controller,361493,49.8,60497920
2026-04-24T21:32:25.526121+00:00,recovery_scenario,iperf_tcp,10,9,,twin_core,361501,9.9,67534848
2026-04-24T21:32:25.526121+00:00,recovery_scenario,iperf_tcp,10,9,,ryu_controller,361493,39.6,60497920
2026-04-24T21:32:25.626561+00:00,recovery_scenario,iperf_tcp,10,9,,twin_core,361501,0.0,67534848
2026-04-24T21:32:25.626561+00:00,recovery_scenario,iperf_tcp,10,9,,ryu_controller,361493,10.0,60497920
2026-04-24T21:32:25.729877+00:00,recovery_scenario,iperf_tcp,10,9,,twin_core,361501,0.0,67534848
2026-04-24T21:32:25.729877+00:00,recovery_scenario,iperf_tcp,10,9,,ryu_controller,361493,0.0,60497920
2026-04-24T21:32:25.830470+00:00,recovery_scenario,iperf_tcp,10,9,,twin_core,361501,0.0,67534848
2026-04-24T21:32:25.830470+00:00,recovery_scenario,iperf_tcp,10,9,,ryu_controller,361493,9.9,60497920
2026-04-24T21:32:25.931854+00:00,recovery_scenario,iperf_tcp,10,9,,twin_core,361501,19.7,67534848
2026-04-24T21:32:25.931854+00:00,recovery_scenario,iperf_tcp,10,9,,ryu_controller,361493,29.6,60497920
2026-04-24T21:32:25.942041+00:00,recovery_scenario,iperf_tcp,10,9,scenario_teardown,,,,
2026-04-24T21:32:26.032272+00:00,recovery_scenario,iperf_tcp,10,9,,twin_core,361501,0.0,67534848
2026-04-24T21:32:26.032272+00:00,recovery_scenario,iperf_tcp,10,9,,ryu_controller,361493,10.0,60497920
2026-04-24T21:32:26.132663+00:00,recovery_scenario,iperf_tcp,10,9,,twin_core,361501,0.0,67534848
2026-04-24T21:32:26.132663+00:00,recovery_scenario,iperf_tcp,10,9,,ryu_controller,361493,10.0,60497920
2026-04-24T21:32:26.233125+00:00,recovery_scenario,iperf_tcp,10,9,,twin_core,361501,0.0,67534848
2026-04-24T21:32:26.233125+00:00,recovery_scenario,iperf_tcp,10,9,,ryu_controller,361493,10.0,60497920
2026-04-24T21:32:26.333814+00:00,recovery_scenario,iperf_tcp,10,9,,twin_core,361501,9.9,67534848
2026-04-24T21:32:26.333814+00:00,recovery_scenario,iperf_tcp,10,9,,ryu_controller,361493,9.9,60497920
2026-04-24T21:32:26.793860+00:00,recovery_scenario,iperf_tcp,10,10,,twin_core,361501,0.0,67534848
2026-04-24T21:32:26.793860+00:00,recovery_scenario,iperf_tcp,10,10,,ryu_controller,361493,0.0,60497920
2026-04-24T21:32:26.895761+00:00,recovery_scenario,iperf_tcp,10,10,,twin_core,361501,0.0,67534848
2026-04-24T21:32:26.895761+00:00,recovery_scenario,iperf_tcp,10,10,,ryu_controller,361493,39.6,60497920
2026-04-24T21:32:26.996451+00:00,recovery_scenario,iperf_tcp,10,10,,twin_core,361501,9.9,67534848
2026-04-24T21:32:26.996451+00:00,recovery_scenario,iperf_tcp,10,10,,ryu_controller,361493,19.8,60497920
2026-04-24T21:32:27.061093+00:00,recovery_scenario,iperf_tcp,10,10,service_started,,,,
2026-04-24T21:32:27.097393+00:00,recovery_scenario,iperf_tcp,10,10,,twin_core,361501,19.8,67534848
2026-04-24T21:32:27.097393+00:00,recovery_scenario,iperf_tcp,10,10,,ryu_controller,361493,39.8,60497920
2026-04-24T21:32:27.197864+00:00,recovery_scenario,iperf_tcp,10,10,,twin_core,361501,0.0,67543040
2026-04-24T21:32:27.197864+00:00,recovery_scenario,iperf_tcp,10,10,,ryu_controller,361493,19.9,60497920
2026-04-24T21:32:27.298217+00:00,recovery_scenario,iperf_tcp,10,10,,twin_core,361501,0.0,67543040
2026-04-24T21:32:27.298217+00:00,recovery_scenario,iperf_tcp,10,10,,ryu_controller,361493,29.9,60497920
2026-04-24T21:32:27.399273+00:00,recovery_scenario,iperf_tcp,10,10,,twin_core,361501,0.0,67543040
2026-04-24T21:32:27.399273+00:00,recovery_scenario,iperf_tcp,10,10,,ryu_controller,361493,19.8,60497920
2026-04-24T21:32:27.499870+00:00,recovery_scenario,iperf_tcp,10,10,,twin_core,361501,0.0,67543040
2026-04-24T21:32:27.499870+00:00,recovery_scenario,iperf_tcp,10,10,,ryu_controller,361493,9.9,60497920
2026-04-24T21:32:27.600302+00:00,recovery_scenario,iperf_tcp,10,10,,twin_core,361501,0.0,67543040
2026-04-24T21:32:27.600302+00:00,recovery_scenario,iperf_tcp,10,10,,ryu_controller,361493,69.7,60497920
2026-04-24T21:32:27.700680+00:00,recovery_scenario,iperf_tcp,10,10,,twin_core,361501,0.0,67543040
2026-04-24T21:32:27.700680+00:00,recovery_scenario,iperf_tcp,10,10,,ryu_controller,361493,39.8,60497920
2026-04-24T21:32:27.801163+00:00,recovery_scenario,iperf_tcp,10,10,,twin_core,361501,0.0,67543040
2026-04-24T21:32:27.801163+00:00,recovery_scenario,iperf_tcp,10,10,,ryu_controller,361493,10.0,60497920
2026-04-24T21:32:27.901617+00:00,recovery_scenario,iperf_tcp,10,10,,twin_core,361501,0.0,67543040
2026-04-24T21:32:27.901617+00:00,recovery_scenario,iperf_tcp,10,10,,ryu_controller,361493,19.9,60497920
2026-04-24T21:32:28.002089+00:00,recovery_scenario,iperf_tcp,10,10,,twin_core,361501,0.0,67543040
2026-04-24T21:32:28.002089+00:00,recovery_scenario,iperf_tcp,10,10,,ryu_controller,361493,0.0,60497920
2026-04-24T21:32:28.102556+00:00,recovery_scenario,iperf_tcp,10,10,,twin_core,361501,0.0,67543040
2026-04-24T21:32:28.102556+00:00,recovery_scenario,iperf_tcp,10,10,,ryu_controller,361493,9.9,60497920
2026-04-24T21:32:28.203144+00:00,recovery_scenario,iperf_tcp,10,10,,twin_core,361501,0.0,67543040
2026-04-24T21:32:28.203144+00:00,recovery_scenario,iperf_tcp,10,10,,ryu_controller,361493,19.9,60497920
2026-04-24T21:32:28.303553+00:00,recovery_scenario,iperf_tcp,10,10,,twin_core,361501,0.0,67543040
2026-04-24T21:32:28.303553+00:00,recovery_scenario,iperf_tcp,10,10,,ryu_controller,361493,19.9,60497920
2026-04-24T21:32:28.404086+00:00,recovery_scenario,iperf_tcp,10,10,,twin_core,361501,9.9,67543040
2026-04-24T21:32:28.404086+00:00,recovery_scenario,iperf_tcp,10,10,,ryu_controller,361493,19.9,60497920
2026-04-24T21:32:28.504670+00:00,recovery_scenario,iperf_tcp,10,10,,twin_core,361501,0.0,67543040
2026-04-24T21:32:28.504670+00:00,recovery_scenario,iperf_tcp,10,10,,ryu_controller,361493,19.9,60497920
2026-04-24T21:32:28.605532+00:00,recovery_scenario,iperf_tcp,10,10,,twin_core,361501,0.0,67543040
2026-04-24T21:32:28.605532+00:00,recovery_scenario,iperf_tcp,10,10,,ryu_controller,361493,29.7,60497920
2026-04-24T21:32:28.706758+00:00,recovery_scenario,iperf_tcp,10,10,,twin_core,361501,0.0,67543040
2026-04-24T21:32:28.706758+00:00,recovery_scenario,iperf_tcp,10,10,,ryu_controller,361493,29.7,60497920
2026-04-24T21:32:28.807154+00:00,recovery_scenario,iperf_tcp,10,10,,twin_core,361501,0.0,67543040
2026-04-24T21:32:28.807154+00:00,recovery_scenario,iperf_tcp,10,10,,ryu_controller,361493,19.9,60497920
2026-04-24T21:32:28.908159+00:00,recovery_scenario,iperf_tcp,10,10,,twin_core,361501,0.0,67543040
2026-04-24T21:32:28.908159+00:00,recovery_scenario,iperf_tcp,10,10,,ryu_controller,361493,0.0,60497920
2026-04-24T21:32:29.009487+00:00,recovery_scenario,iperf_tcp,10,10,,twin_core,361501,0.0,67543040
2026-04-24T21:32:29.009487+00:00,recovery_scenario,iperf_tcp,10,10,,ryu_controller,361493,9.9,60497920
2026-04-24T21:32:29.110042+00:00,recovery_scenario,iperf_tcp,10,10,,twin_core,361501,0.0,67543040
2026-04-24T21:32:29.110042+00:00,recovery_scenario,iperf_tcp,10,10,,ryu_controller,361493,19.9,60497920
2026-04-24T21:32:29.210426+00:00,recovery_scenario,iperf_tcp,10,10,,twin_core,361501,10.0,67543040
2026-04-24T21:32:29.210426+00:00,recovery_scenario,iperf_tcp,10,10,,ryu_controller,361493,39.9,60497920
2026-04-24T21:32:29.310769+00:00,recovery_scenario,iperf_tcp,10,10,,twin_core,361501,0.0,67543040
2026-04-24T21:32:29.310769+00:00,recovery_scenario,iperf_tcp,10,10,,ryu_controller,361493,19.9,60497920
2026-04-24T21:32:29.411202+00:00,recovery_scenario,iperf_tcp,10,10,,twin_core,361501,0.0,67543040
2026-04-24T21:32:29.411202+00:00,recovery_scenario,iperf_tcp,10,10,,ryu_controller,361493,19.9,60497920
2026-04-24T21:32:29.511577+00:00,recovery_scenario,iperf_tcp,10,10,,twin_core,361501,0.0,67543040
2026-04-24T21:32:29.511577+00:00,recovery_scenario,iperf_tcp,10,10,,ryu_controller,361493,9.9,60497920
2026-04-24T21:32:29.612788+00:00,recovery_scenario,iperf_tcp,10,10,,twin_core,361501,0.0,67543040
2026-04-24T21:32:29.612788+00:00,recovery_scenario,iperf_tcp,10,10,,ryu_controller,361493,10.0,60497920
2026-04-24T21:32:29.713172+00:00,recovery_scenario,iperf_tcp,10,10,,twin_core,361501,0.0,67543040
2026-04-24T21:32:29.713172+00:00,recovery_scenario,iperf_tcp,10,10,,ryu_controller,361493,49.8,60497920
2026-04-24T21:32:29.813548+00:00,recovery_scenario,iperf_tcp,10,10,,twin_core,361501,0.0,67543040
2026-04-24T21:32:29.813548+00:00,recovery_scenario,iperf_tcp,10,10,,ryu_controller,361493,0.0,60497920
2026-04-24T21:32:29.920255+00:00,recovery_scenario,iperf_tcp,10,10,,twin_core,361501,0.0,67543040
2026-04-24T21:32:29.920255+00:00,recovery_scenario,iperf_tcp,10,10,,ryu_controller,361493,17.9,60497920
2026-04-24T21:32:30.025776+00:00,recovery_scenario,iperf_tcp,10,10,,twin_core,361501,9.5,67543040
2026-04-24T21:32:30.025776+00:00,recovery_scenario,iperf_tcp,10,10,,ryu_controller,361493,19.9,60497920
2026-04-24T21:32:30.126270+00:00,recovery_scenario,iperf_tcp,10,10,,twin_core,361501,10.0,67543040
2026-04-24T21:32:30.126270+00:00,recovery_scenario,iperf_tcp,10,10,,ryu_controller,361493,10.0,60497920
2026-04-24T21:32:30.226781+00:00,recovery_scenario,iperf_tcp,10,10,,twin_core,361501,0.0,67543040
2026-04-24T21:32:30.226781+00:00,recovery_scenario,iperf_tcp,10,10,,ryu_controller,361493,9.9,60497920
2026-04-24T21:32:30.327323+00:00,recovery_scenario,iperf_tcp,10,10,,twin_core,361501,0.0,67543040
2026-04-24T21:32:30.327323+00:00,recovery_scenario,iperf_tcp,10,10,,ryu_controller,361493,10.0,60497920
2026-04-24T21:32:30.427683+00:00,recovery_scenario,iperf_tcp,10,10,,twin_core,361501,0.0,67543040
2026-04-24T21:32:30.427683+00:00,recovery_scenario,iperf_tcp,10,10,,ryu_controller,361493,10.0,60497920
2026-04-24T21:32:30.528161+00:00,recovery_scenario,iperf_tcp,10,10,,twin_core,361501,0.0,67543040
2026-04-24T21:32:30.528161+00:00,recovery_scenario,iperf_tcp,10,10,,ryu_controller,361493,9.9,60497920
2026-04-24T21:32:30.628746+00:00,recovery_scenario,iperf_tcp,10,10,,twin_core,361501,0.0,67543040
2026-04-24T21:32:30.628746+00:00,recovery_scenario,iperf_tcp,10,10,,ryu_controller,361493,0.0,60497920
2026-04-24T21:32:30.729863+00:00,recovery_scenario,iperf_tcp,10,10,,twin_core,361501,0.0,67543040
2026-04-24T21:32:30.729863+00:00,recovery_scenario,iperf_tcp,10,10,,ryu_controller,361493,9.9,60497920
2026-04-24T21:32:30.830310+00:00,recovery_scenario,iperf_tcp,10,10,,twin_core,361501,0.0,67543040
2026-04-24T21:32:30.830310+00:00,recovery_scenario,iperf_tcp,10,10,,ryu_controller,361493,10.0,60497920
2026-04-24T21:32:30.930788+00:00,recovery_scenario,iperf_tcp,10,10,,twin_core,361501,0.0,67543040
2026-04-24T21:32:30.930788+00:00,recovery_scenario,iperf_tcp,10,10,,ryu_controller,361493,9.9,60497920
2026-04-24T21:32:31.031210+00:00,recovery_scenario,iperf_tcp,10,10,,twin_core,361501,0.0,67543040
2026-04-24T21:32:31.031210+00:00,recovery_scenario,iperf_tcp,10,10,,ryu_controller,361493,10.0,60497920
2026-04-24T21:32:31.131639+00:00,recovery_scenario,iperf_tcp,10,10,,twin_core,361501,0.0,67543040
2026-04-24T21:32:31.131639+00:00,recovery_scenario,iperf_tcp,10,10,,ryu_controller,361493,9.9,60497920
2026-04-24T21:32:31.232176+00:00,recovery_scenario,iperf_tcp,10,10,,twin_core,361501,19.9,67543040
2026-04-24T21:32:31.232176+00:00,recovery_scenario,iperf_tcp,10,10,,ryu_controller,361493,69.2,60497920
2026-04-24T21:32:31.333486+00:00,recovery_scenario,iperf_tcp,10,10,,twin_core,361501,0.0,67551232
2026-04-24T21:32:31.333486+00:00,recovery_scenario,iperf_tcp,10,10,,ryu_controller,361493,9.9,60506112
2026-04-24T21:32:31.434207+00:00,recovery_scenario,iperf_tcp,10,10,,twin_core,361501,0.0,67551232
2026-04-24T21:32:31.434207+00:00,recovery_scenario,iperf_tcp,10,10,,ryu_controller,361493,9.9,60506112
2026-04-24T21:32:31.535924+00:00,recovery_scenario,iperf_tcp,10,10,,twin_core,361501,9.8,67551232
2026-04-24T21:32:31.535924+00:00,recovery_scenario,iperf_tcp,10,10,,ryu_controller,361493,9.8,60506112
2026-04-24T21:32:31.636439+00:00,recovery_scenario,iperf_tcp,10,10,,twin_core,361501,0.0,67551232
2026-04-24T21:32:31.636439+00:00,recovery_scenario,iperf_tcp,10,10,,ryu_controller,361493,0.0,60506112
2026-04-24T21:32:31.737009+00:00,recovery_scenario,iperf_tcp,10,10,,twin_core,361501,0.0,67551232
2026-04-24T21:32:31.737009+00:00,recovery_scenario,iperf_tcp,10,10,,ryu_controller,361493,59.7,60506112
2026-04-24T21:32:31.837430+00:00,recovery_scenario,iperf_tcp,10,10,,twin_core,361501,0.0,67551232
2026-04-24T21:32:31.837430+00:00,recovery_scenario,iperf_tcp,10,10,,ryu_controller,361493,39.9,60506112
2026-04-24T21:32:31.937795+00:00,recovery_scenario,iperf_tcp,10,10,,twin_core,361501,0.0,67551232
2026-04-24T21:32:31.937795+00:00,recovery_scenario,iperf_tcp,10,10,,ryu_controller,361493,10.0,60506112
2026-04-24T21:32:32.039869+00:00,recovery_scenario,iperf_tcp,10,10,,twin_core,361501,0.0,67551232
2026-04-24T21:32:32.039869+00:00,recovery_scenario,iperf_tcp,10,10,,ryu_controller,361493,9.8,60506112
2026-04-24T21:32:32.140320+00:00,recovery_scenario,iperf_tcp,10,10,,twin_core,361501,0.0,67551232
2026-04-24T21:32:32.140320+00:00,recovery_scenario,iperf_tcp,10,10,,ryu_controller,361493,10.0,60506112
2026-04-24T21:32:32.240873+00:00,recovery_scenario,iperf_tcp,10,10,,twin_core,361501,0.0,67551232
2026-04-24T21:32:32.240873+00:00,recovery_scenario,iperf_tcp,10,10,,ryu_controller,361493,0.0,60506112
2026-04-24T21:32:32.342205+00:00,recovery_scenario,iperf_tcp,10,10,,twin_core,361501,0.0,67551232
2026-04-24T21:32:32.342205+00:00,recovery_scenario,iperf_tcp,10,10,,ryu_controller,361493,29.6,60506112
2026-04-24T21:32:32.445731+00:00,recovery_scenario,iperf_tcp,10,10,,twin_core,361501,0.0,67551232
2026-04-24T21:32:32.445731+00:00,recovery_scenario,iperf_tcp,10,10,,ryu_controller,361493,0.0,60506112
2026-04-24T21:32:32.546954+00:00,recovery_scenario,iperf_tcp,10,10,,twin_core,361501,0.0,67551232
2026-04-24T21:32:32.546954+00:00,recovery_scenario,iperf_tcp,10,10,,ryu_controller,361493,9.9,60506112
2026-04-24T21:32:32.648376+00:00,recovery_scenario,iperf_tcp,10,10,,twin_core,361501,9.9,67551232
2026-04-24T21:32:32.648376+00:00,recovery_scenario,iperf_tcp,10,10,,ryu_controller,361493,9.9,60506112
2026-04-24T21:32:32.748853+00:00,recovery_scenario,iperf_tcp,10,10,,twin_core,361501,0.0,67551232
2026-04-24T21:32:32.748853+00:00,recovery_scenario,iperf_tcp,10,10,,ryu_controller,361493,10.0,60506112
2026-04-24T21:32:32.850542+00:00,recovery_scenario,iperf_tcp,10,10,,twin_core,361501,0.0,67551232
2026-04-24T21:32:32.850542+00:00,recovery_scenario,iperf_tcp,10,10,,ryu_controller,361493,9.8,60506112
2026-04-24T21:32:32.856437+00:00,recovery_scenario,iperf_tcp,10,10,pingall_completed,,,,
2026-04-24T21:32:32.952493+00:00,recovery_scenario,iperf_tcp,10,10,,twin_core,361501,0.0,67551232
2026-04-24T21:32:32.952493+00:00,recovery_scenario,iperf_tcp,10,10,,ryu_controller,361493,0.0,60506112
2026-04-24T21:32:33.053085+00:00,recovery_scenario,iperf_tcp,10,10,,twin_core,361501,0.0,67551232
2026-04-24T21:32:33.053085+00:00,recovery_scenario,iperf_tcp,10,10,,ryu_controller,361493,0.0,60506112
2026-04-24T21:32:33.155294+00:00,recovery_scenario,iperf_tcp,10,10,,twin_core,361501,0.0,67551232
2026-04-24T21:32:33.155294+00:00,recovery_scenario,iperf_tcp,10,10,,ryu_controller,361493,0.0,60506112
2026-04-24T21:32:33.255996+00:00,recovery_scenario,iperf_tcp,10,10,,twin_core,361501,0.0,67551232
2026-04-24T21:32:33.255996+00:00,recovery_scenario,iperf_tcp,10,10,,ryu_controller,361493,19.9,60506112
2026-04-24T21:32:33.357063+00:00,recovery_scenario,iperf_tcp,10,10,,twin_core,361501,9.9,67596288
2026-04-24T21:32:33.357063+00:00,recovery_scenario,iperf_tcp,10,10,,ryu_controller,361493,69.2,60506112
2026-04-24T21:32:33.457927+00:00,recovery_scenario,iperf_tcp,10,10,,twin_core,361501,0.0,67596288
2026-04-24T21:32:33.457927+00:00,recovery_scenario,iperf_tcp,10,10,,ryu_controller,361493,0.0,60506112
2026-04-24T21:32:33.559612+00:00,recovery_scenario,iperf_tcp,10,10,,twin_core,361501,0.0,67596288
2026-04-24T21:32:33.559612+00:00,recovery_scenario,iperf_tcp,10,10,,ryu_controller,361493,19.7,60506112
2026-04-24T21:32:33.660180+00:00,recovery_scenario,iperf_tcp,10,10,,twin_core,361501,0.0,67596288
2026-04-24T21:32:33.660180+00:00,recovery_scenario,iperf_tcp,10,10,,ryu_controller,361493,0.0,60506112
2026-04-24T21:32:33.761498+00:00,recovery_scenario,iperf_tcp,10,10,,twin_core,361501,9.8,67596288
2026-04-24T21:32:33.761498+00:00,recovery_scenario,iperf_tcp,10,10,,ryu_controller,361493,0.0,60506112
2026-04-24T21:32:33.862384+00:00,recovery_scenario,iperf_tcp,10,10,,twin_core,361501,0.0,67596288
2026-04-24T21:32:33.862384+00:00,recovery_scenario,iperf_tcp,10,10,,ryu_controller,361493,59.7,60559360
2026-04-24T21:32:33.962971+00:00,recovery_scenario,iperf_tcp,10,10,,twin_core,361501,0.0,67596288
2026-04-24T21:32:33.962971+00:00,recovery_scenario,iperf_tcp,10,10,,ryu_controller,361493,29.8,60596224
2026-04-24T21:32:34.063554+00:00,recovery_scenario,iperf_tcp,10,10,,twin_core,361501,0.0,67596288
2026-04-24T21:32:34.063554+00:00,recovery_scenario,iperf_tcp,10,10,,ryu_controller,361493,0.0,60596224
2026-04-24T21:32:34.164668+00:00,recovery_scenario,iperf_tcp,10,10,,twin_core,361501,0.0,67596288
2026-04-24T21:32:34.164668+00:00,recovery_scenario,iperf_tcp,10,10,,ryu_controller,361493,0.0,60596224
2026-04-24T21:32:34.267661+00:00,recovery_scenario,iperf_tcp,10,10,,twin_core,361501,0.0,67596288
2026-04-24T21:32:34.267661+00:00,recovery_scenario,iperf_tcp,10,10,,ryu_controller,361493,0.0,60596224
2026-04-24T21:32:34.369167+00:00,recovery_scenario,iperf_tcp,10,10,,twin_core,361501,0.0,67596288
2026-04-24T21:32:34.369167+00:00,recovery_scenario,iperf_tcp,10,10,,ryu_controller,361493,10.0,60596224
2026-04-24T21:32:34.470658+00:00,recovery_scenario,iperf_tcp,10,10,,twin_core,361501,0.0,67596288
2026-04-24T21:32:34.470658+00:00,recovery_scenario,iperf_tcp,10,10,,ryu_controller,361493,0.0,60596224
2026-04-24T21:32:34.572681+00:00,recovery_scenario,iperf_tcp,10,10,,twin_core,361501,0.0,67596288
2026-04-24T21:32:34.572681+00:00,recovery_scenario,iperf_tcp,10,10,,ryu_controller,361493,0.0,60596224
2026-04-24T21:32:34.673557+00:00,recovery_scenario,iperf_tcp,10,10,,twin_core,361501,0.0,67596288
2026-04-24T21:32:34.673557+00:00,recovery_scenario,iperf_tcp,10,10,,ryu_controller,361493,0.0,60596224
2026-04-24T21:32:34.776810+00:00,recovery_scenario,iperf_tcp,10,10,,twin_core,361501,0.0,67596288
2026-04-24T21:32:34.776810+00:00,recovery_scenario,iperf_tcp,10,10,,ryu_controller,361493,0.0,60596224
2026-04-24T21:32:34.873817+00:00,recovery_scenario,iperf_tcp,10,10,background_traffic_started,,,,
2026-04-24T21:32:34.883018+00:00,recovery_scenario,iperf_tcp,10,10,,twin_core,361501,9.4,67596288
2026-04-24T21:32:34.883018+00:00,recovery_scenario,iperf_tcp,10,10,,ryu_controller,361493,9.4,60596224
2026-04-24T21:32:34.984814+00:00,recovery_scenario,iperf_tcp,10,10,,twin_core,361501,0.0,67596288
2026-04-24T21:32:34.984814+00:00,recovery_scenario,iperf_tcp,10,10,,ryu_controller,361493,19.6,60596224
2026-04-24T21:32:35.085388+00:00,recovery_scenario,iperf_tcp,10,10,,twin_core,361501,9.9,67596288
2026-04-24T21:32:35.085388+00:00,recovery_scenario,iperf_tcp,10,10,,ryu_controller,361493,29.8,60596224
2026-04-24T21:32:35.160939+00:00,recovery_scenario,iperf_tcp,10,10,fault_injected,,,,
2026-04-24T21:32:35.186154+00:00,recovery_scenario,iperf_tcp,10,10,,twin_core,361501,0.0,67600384
2026-04-24T21:32:35.186154+00:00,recovery_scenario,iperf_tcp,10,10,,ryu_controller,361493,29.8,60604416
2026-04-24T21:32:35.288818+00:00,recovery_scenario,iperf_tcp,10,10,,twin_core,361501,0.0,67600384
2026-04-24T21:32:35.288818+00:00,recovery_scenario,iperf_tcp,10,10,,ryu_controller,361493,39.0,60604416
2026-04-24T21:32:35.389347+00:00,recovery_scenario,iperf_tcp,10,10,,twin_core,361501,0.0,67600384
2026-04-24T21:32:35.389347+00:00,recovery_scenario,iperf_tcp,10,10,,ryu_controller,361493,39.8,60604416
2026-04-24T21:32:35.489845+00:00,recovery_scenario,iperf_tcp,10,10,,twin_core,361501,0.0,67600384
2026-04-24T21:32:35.489845+00:00,recovery_scenario,iperf_tcp,10,10,,ryu_controller,361493,59.7,60604416
2026-04-24T21:32:35.590205+00:00,recovery_scenario,iperf_tcp,10,10,,twin_core,361501,0.0,67600384
2026-04-24T21:32:35.590205+00:00,recovery_scenario,iperf_tcp,10,10,,ryu_controller,361493,69.7,60604416
2026-04-24T21:32:35.690742+00:00,recovery_scenario,iperf_tcp,10,10,,twin_core,361501,0.0,67600384
2026-04-24T21:32:35.690742+00:00,recovery_scenario,iperf_tcp,10,10,,ryu_controller,361493,59.6,60604416
2026-04-24T21:32:35.791603+00:00,recovery_scenario,iperf_tcp,10,10,,twin_core,361501,0.0,67600384
2026-04-24T21:32:35.791603+00:00,recovery_scenario,iperf_tcp,10,10,,ryu_controller,361493,79.3,60604416
2026-04-24T21:32:35.892602+00:00,recovery_scenario,iperf_tcp,10,10,,twin_core,361501,0.0,67600384
2026-04-24T21:32:35.892602+00:00,recovery_scenario,iperf_tcp,10,10,,ryu_controller,361493,89.2,60604416
2026-04-24T21:32:35.993315+00:00,recovery_scenario,iperf_tcp,10,10,,twin_core,361501,0.0,67600384
2026-04-24T21:32:35.993315+00:00,recovery_scenario,iperf_tcp,10,10,,ryu_controller,361493,69.6,60604416
2026-04-24T21:32:36.093914+00:00,recovery_scenario,iperf_tcp,10,10,,twin_core,361501,0.0,67600384
2026-04-24T21:32:36.093914+00:00,recovery_scenario,iperf_tcp,10,10,,ryu_controller,361493,69.6,60604416
2026-04-24T21:32:36.194589+00:00,recovery_scenario,iperf_tcp,10,10,,twin_core,361501,0.0,67600384
2026-04-24T21:32:36.194589+00:00,recovery_scenario,iperf_tcp,10,10,,ryu_controller,361493,68.6,60604416
2026-04-24T21:32:36.297614+00:00,recovery_scenario,iperf_tcp,10,10,,twin_core,361501,9.7,67600384
2026-04-24T21:32:36.297614+00:00,recovery_scenario,iperf_tcp,10,10,,ryu_controller,361493,58.9,60604416
2026-04-24T21:32:36.398171+00:00,recovery_scenario,iperf_tcp,10,10,,twin_core,361501,0.0,67600384
2026-04-24T21:32:36.398171+00:00,recovery_scenario,iperf_tcp,10,10,,ryu_controller,361493,59.8,60604416
2026-04-24T21:32:36.498599+00:00,recovery_scenario,iperf_tcp,10,10,,twin_core,361501,0.0,67600384
2026-04-24T21:32:36.498599+00:00,recovery_scenario,iperf_tcp,10,10,,ryu_controller,361493,78.8,60604416
2026-04-24T21:32:36.601776+00:00,recovery_scenario,iperf_tcp,10,10,,twin_core,361501,0.0,67600384
2026-04-24T21:32:36.601776+00:00,recovery_scenario,iperf_tcp,10,10,,ryu_controller,361493,78.3,60604416
2026-04-24T21:32:36.702181+00:00,recovery_scenario,iperf_tcp,10,10,,twin_core,361501,0.0,67600384
2026-04-24T21:32:36.702181+00:00,recovery_scenario,iperf_tcp,10,10,,ryu_controller,361493,49.8,60604416
2026-04-24T21:32:36.802656+00:00,recovery_scenario,iperf_tcp,10,10,,twin_core,361501,9.9,67600384
2026-04-24T21:32:36.802656+00:00,recovery_scenario,iperf_tcp,10,10,,ryu_controller,361493,39.7,60604416
2026-04-24T21:32:36.904774+00:00,recovery_scenario,iperf_tcp,10,10,,twin_core,361501,0.0,67600384
2026-04-24T21:32:36.904774+00:00,recovery_scenario,iperf_tcp,10,10,,ryu_controller,361493,78.6,60604416
2026-04-24T21:32:37.005223+00:00,recovery_scenario,iperf_tcp,10,10,,twin_core,361501,0.0,67600384
2026-04-24T21:32:37.005223+00:00,recovery_scenario,iperf_tcp,10,10,,ryu_controller,361493,59.7,60604416
2026-04-24T21:32:37.106021+00:00,recovery_scenario,iperf_tcp,10,10,,twin_core,361501,0.0,67600384
2026-04-24T21:32:37.106021+00:00,recovery_scenario,iperf_tcp,10,10,,ryu_controller,361493,89.3,60604416
2026-04-24T21:32:37.207035+00:00,recovery_scenario,iperf_tcp,10,10,,twin_core,361501,0.0,67600384
2026-04-24T21:32:37.207035+00:00,recovery_scenario,iperf_tcp,10,10,,ryu_controller,361493,59.4,60604416
2026-04-24T21:32:37.310884+00:00,recovery_scenario,iperf_tcp,10,10,,twin_core,361501,0.0,67600384
2026-04-24T21:32:37.310884+00:00,recovery_scenario,iperf_tcp,10,10,,ryu_controller,361493,67.4,60604416
2026-04-24T21:32:37.411506+00:00,recovery_scenario,iperf_tcp,10,10,,twin_core,361501,0.0,67600384
2026-04-24T21:32:37.411506+00:00,recovery_scenario,iperf_tcp,10,10,,ryu_controller,361493,49.7,60608512
2026-04-24T21:32:37.511937+00:00,recovery_scenario,iperf_tcp,10,10,,twin_core,361501,10.0,67600384
2026-04-24T21:32:37.511937+00:00,recovery_scenario,iperf_tcp,10,10,,ryu_controller,361493,59.7,60608512
2026-04-24T21:32:37.614811+00:00,recovery_scenario,iperf_tcp,10,10,,twin_core,361501,0.0,67600384
2026-04-24T21:32:37.614811+00:00,recovery_scenario,iperf_tcp,10,10,,ryu_controller,361493,29.1,60608512
2026-04-24T21:32:37.715269+00:00,recovery_scenario,iperf_tcp,10,10,,twin_core,361501,0.0,67600384
2026-04-24T21:32:37.715269+00:00,recovery_scenario,iperf_tcp,10,10,,ryu_controller,361493,19.9,60608512
2026-04-24T21:32:37.815652+00:00,recovery_scenario,iperf_tcp,10,10,,twin_core,361501,9.9,67600384
2026-04-24T21:32:37.815652+00:00,recovery_scenario,iperf_tcp,10,10,,ryu_controller,361493,29.8,60608512
2026-04-24T21:32:37.895307+00:00,recovery_scenario,iperf_tcp,10,10,recovery_requested,,,,
2026-04-24T21:32:37.916212+00:00,recovery_scenario,iperf_tcp,10,10,,twin_core,361501,0.0,67600384
2026-04-24T21:32:37.916212+00:00,recovery_scenario,iperf_tcp,10,10,,ryu_controller,361493,39.9,60608512
2026-04-24T21:32:38.020987+00:00,recovery_scenario,iperf_tcp,10,10,,twin_core,361501,0.0,67600384
2026-04-24T21:32:38.020987+00:00,recovery_scenario,iperf_tcp,10,10,,ryu_controller,361493,9.5,60608512
2026-04-24T21:32:38.121361+00:00,recovery_scenario,iperf_tcp,10,10,,twin_core,361501,0.0,67600384
2026-04-24T21:32:38.121361+00:00,recovery_scenario,iperf_tcp,10,10,,ryu_controller,361493,39.8,60608512
2026-04-24T21:32:38.223858+00:00,recovery_scenario,iperf_tcp,10,10,,twin_core,361501,0.0,67600384
2026-04-24T21:32:38.223858+00:00,recovery_scenario,iperf_tcp,10,10,,ryu_controller,361493,29.3,60608512
2026-04-24T21:32:38.324205+00:00,recovery_scenario,iperf_tcp,10,10,,twin_core,361501,0.0,67600384
2026-04-24T21:32:38.324205+00:00,recovery_scenario,iperf_tcp,10,10,,ryu_controller,361493,29.9,60608512
2026-04-24T21:32:38.424590+00:00,recovery_scenario,iperf_tcp,10,10,,twin_core,361501,0.0,67600384
2026-04-24T21:32:38.424590+00:00,recovery_scenario,iperf_tcp,10,10,,ryu_controller,361493,29.8,60608512
2026-04-24T21:32:38.527812+00:00,recovery_scenario,iperf_tcp,10,10,,twin_core,361501,0.0,67600384
2026-04-24T21:32:38.527812+00:00,recovery_scenario,iperf_tcp,10,10,,ryu_controller,361493,38.8,60608512
2026-04-24T21:32:38.628395+00:00,recovery_scenario,iperf_tcp,10,10,,twin_core,361501,0.0,67600384
2026-04-24T21:32:38.628395+00:00,recovery_scenario,iperf_tcp,10,10,,ryu_controller,361493,39.8,60608512
2026-04-24T21:32:38.730612+00:00,recovery_scenario,iperf_tcp,10,10,,twin_core,361501,9.8,67600384
2026-04-24T21:32:38.730612+00:00,recovery_scenario,iperf_tcp,10,10,,ryu_controller,361493,57.7,60608512
2026-04-24T21:32:38.834607+00:00,recovery_scenario,iperf_tcp,10,10,,twin_core,361501,0.0,67600384
2026-04-24T21:32:38.834607+00:00,recovery_scenario,iperf_tcp,10,10,,ryu_controller,361493,48.9,60608512
2026-04-24T21:32:38.937753+00:00,recovery_scenario,iperf_tcp,10,10,,twin_core,361501,0.0,67600384
2026-04-24T21:32:38.937753+00:00,recovery_scenario,iperf_tcp,10,10,,ryu_controller,361493,48.5,60608512
2026-04-24T21:32:39.038610+00:00,recovery_scenario,iperf_tcp,10,10,,twin_core,361501,0.0,67600384
2026-04-24T21:32:39.038610+00:00,recovery_scenario,iperf_tcp,10,10,,ryu_controller,361493,39.5,60608512
2026-04-24T21:32:39.140845+00:00,recovery_scenario,iperf_tcp,10,10,,twin_core,361501,0.0,67600384
2026-04-24T21:32:39.140845+00:00,recovery_scenario,iperf_tcp,10,10,,ryu_controller,361493,49.1,60608512
2026-04-24T21:32:39.242604+00:00,recovery_scenario,iperf_tcp,10,10,,twin_core,361501,0.0,67600384
2026-04-24T21:32:39.242604+00:00,recovery_scenario,iperf_tcp,10,10,,ryu_controller,361493,68.7,60608512
2026-04-24T21:32:39.346624+00:00,recovery_scenario,iperf_tcp,10,10,,twin_core,361501,0.0,67600384
2026-04-24T21:32:39.346624+00:00,recovery_scenario,iperf_tcp,10,10,,ryu_controller,361493,57.7,60608512
2026-04-24T21:32:39.451598+00:00,recovery_scenario,iperf_tcp,10,10,,twin_core,361501,0.0,67600384
2026-04-24T21:32:39.451598+00:00,recovery_scenario,iperf_tcp,10,10,,ryu_controller,361493,66.7,60608512
2026-04-24T21:32:39.552004+00:00,recovery_scenario,iperf_tcp,10,10,,twin_core,361501,0.0,67600384
2026-04-24T21:32:39.552004+00:00,recovery_scenario,iperf_tcp,10,10,,ryu_controller,361493,79.7,60608512
2026-04-24T21:32:39.652369+00:00,recovery_scenario,iperf_tcp,10,10,,twin_core,361501,10.0,67600384
2026-04-24T21:32:39.652369+00:00,recovery_scenario,iperf_tcp,10,10,,ryu_controller,361493,59.7,60608512
2026-04-24T21:32:39.753004+00:00,recovery_scenario,iperf_tcp,10,10,,twin_core,361501,0.0,67600384
2026-04-24T21:32:39.753004+00:00,recovery_scenario,iperf_tcp,10,10,,ryu_controller,361493,59.7,60608512
2026-04-24T21:32:39.853383+00:00,recovery_scenario,iperf_tcp,10,10,,twin_core,361501,0.0,67600384
2026-04-24T21:32:39.853383+00:00,recovery_scenario,iperf_tcp,10,10,,ryu_controller,361493,79.0,60608512
2026-04-24T21:32:39.954643+00:00,recovery_scenario,iperf_tcp,10,10,,twin_core,361501,0.0,67600384
2026-04-24T21:32:39.954643+00:00,recovery_scenario,iperf_tcp,10,10,,ryu_controller,361493,78.9,60608512
2026-04-24T21:32:40.057466+00:00,recovery_scenario,iperf_tcp,10,10,,twin_core,361501,0.0,67600384
2026-04-24T21:32:40.057466+00:00,recovery_scenario,iperf_tcp,10,10,,ryu_controller,361493,49.0,60608512
2026-04-24T21:32:40.161669+00:00,recovery_scenario,iperf_tcp,10,10,,twin_core,361501,0.0,67600384
2026-04-24T21:32:40.161669+00:00,recovery_scenario,iperf_tcp,10,10,,ryu_controller,361493,67.2,60608512
2026-04-24T21:32:40.262205+00:00,recovery_scenario,iperf_tcp,10,10,,twin_core,361501,0.0,67600384
2026-04-24T21:32:40.262205+00:00,recovery_scenario,iperf_tcp,10,10,,ryu_controller,361493,49.1,60608512
2026-04-24T21:32:40.364131+00:00,recovery_scenario,iperf_tcp,10,10,,twin_core,361501,0.0,67600384
2026-04-24T21:32:40.364131+00:00,recovery_scenario,iperf_tcp,10,10,,ryu_controller,361493,49.8,60608512
2026-04-24T21:32:40.464856+00:00,recovery_scenario,iperf_tcp,10,10,,twin_core,361501,0.0,67600384
2026-04-24T21:32:40.464856+00:00,recovery_scenario,iperf_tcp,10,10,,ryu_controller,361493,49.6,60608512
2026-04-24T21:32:40.566888+00:00,recovery_scenario,iperf_tcp,10,10,,twin_core,361501,0.0,67600384
2026-04-24T21:32:40.566888+00:00,recovery_scenario,iperf_tcp,10,10,,ryu_controller,361493,98.0,60608512
2026-04-24T21:32:40.667273+00:00,recovery_scenario,iperf_tcp,10,10,,twin_core,361501,0.0,67600384
2026-04-24T21:32:40.667273+00:00,recovery_scenario,iperf_tcp,10,10,,ryu_controller,361493,99.5,60608512
2026-04-24T21:32:40.770848+00:00,recovery_scenario,iperf_tcp,10,10,,twin_core,361501,0.0,67600384
2026-04-24T21:32:40.770848+00:00,recovery_scenario,iperf_tcp,10,10,,ryu_controller,361493,77.3,60608512
2026-04-24T21:32:40.871346+00:00,recovery_scenario,iperf_tcp,10,10,,twin_core,361501,0.0,67600384
2026-04-24T21:32:40.871346+00:00,recovery_scenario,iperf_tcp,10,10,,ryu_controller,361493,49.7,60608512
2026-04-24T21:32:40.972814+00:00,recovery_scenario,iperf_tcp,10,10,,twin_core,361501,9.9,67600384
2026-04-24T21:32:40.972814+00:00,recovery_scenario,iperf_tcp,10,10,,ryu_controller,361493,39.1,60608512
2026-04-24T21:32:41.074748+00:00,recovery_scenario,iperf_tcp,10,10,,twin_core,361501,0.0,67600384
2026-04-24T21:32:41.074748+00:00,recovery_scenario,iperf_tcp,10,10,,ryu_controller,361493,49.3,60608512
2026-04-24T21:32:41.175961+00:00,recovery_scenario,iperf_tcp,10,10,,twin_core,361501,0.0,67600384
2026-04-24T21:32:41.175961+00:00,recovery_scenario,iperf_tcp,10,10,,ryu_controller,361493,39.8,60608512
2026-04-24T21:32:41.276774+00:00,recovery_scenario,iperf_tcp,10,10,,twin_core,361501,0.0,67600384
2026-04-24T21:32:41.276774+00:00,recovery_scenario,iperf_tcp,10,10,,ryu_controller,361493,39.7,60608512
2026-04-24T21:32:41.377216+00:00,recovery_scenario,iperf_tcp,10,10,,twin_core,361501,0.0,67600384
2026-04-24T21:32:41.377216+00:00,recovery_scenario,iperf_tcp,10,10,,ryu_controller,361493,49.8,60608512
2026-04-24T21:32:41.478762+00:00,recovery_scenario,iperf_tcp,10,10,,twin_core,361501,0.0,67600384
2026-04-24T21:32:41.478762+00:00,recovery_scenario,iperf_tcp,10,10,,ryu_controller,361493,39.4,60608512
2026-04-24T21:32:41.579201+00:00,recovery_scenario,iperf_tcp,10,10,,twin_core,361501,0.0,67600384
2026-04-24T21:32:41.579201+00:00,recovery_scenario,iperf_tcp,10,10,,ryu_controller,361493,59.7,60608512
2026-04-24T21:32:41.680758+00:00,recovery_scenario,iperf_tcp,10,10,,twin_core,361501,0.0,67600384
2026-04-24T21:32:41.680758+00:00,recovery_scenario,iperf_tcp,10,10,,ryu_controller,361493,49.2,60608512
2026-04-24T21:32:41.782791+00:00,recovery_scenario,iperf_tcp,10,10,,twin_core,361501,9.8,67600384
2026-04-24T21:32:41.782791+00:00,recovery_scenario,iperf_tcp,10,10,,ryu_controller,361493,19.6,60608512
2026-04-24T21:32:41.883766+00:00,recovery_scenario,iperf_tcp,10,10,,twin_core,361501,0.0,67600384
2026-04-24T21:32:41.883766+00:00,recovery_scenario,iperf_tcp,10,10,,ryu_controller,361493,0.0,60608512
2026-04-24T21:32:41.985613+00:00,recovery_scenario,iperf_tcp,10,10,,twin_core,361501,0.0,67600384
2026-04-24T21:32:41.985613+00:00,recovery_scenario,iperf_tcp,10,10,,ryu_controller,361493,9.8,60608512
2026-04-24T21:32:42.086652+00:00,recovery_scenario,iperf_tcp,10,10,,twin_core,361501,0.0,67600384
2026-04-24T21:32:42.086652+00:00,recovery_scenario,iperf_tcp,10,10,,ryu_controller,361493,29.7,60608512
2026-04-24T21:32:42.156041+00:00,recovery_scenario,iperf_tcp,10,10,scenario_teardown,,,,
2026-04-24T21:32:42.187342+00:00,recovery_scenario,iperf_tcp,10,10,,twin_core,361501,19.9,67600384
2026-04-24T21:32:42.187342+00:00,recovery_scenario,iperf_tcp,10,10,,ryu_controller,361493,19.9,60608512
2026-04-24T21:32:42.288085+00:00,recovery_scenario,iperf_tcp,10,10,,twin_core,361501,0.0,67600384
2026-04-24T21:32:42.288085+00:00,recovery_scenario,iperf_tcp,10,10,,ryu_controller,361493,9.9,60608512
2026-04-24T21:32:42.388521+00:00,recovery_scenario,iperf_tcp,10,10,,twin_core,361501,0.0,67600384
2026-04-24T21:32:42.388521+00:00,recovery_scenario,iperf_tcp,10,10,,ryu_controller,361493,19.9,60608512
2026-04-24T21:32:42.488988+00:00,recovery_scenario,iperf_tcp,10,10,,twin_core,361501,0.0,67604480
2026-04-24T21:32:42.488988+00:00,recovery_scenario,iperf_tcp,10,10,,ryu_controller,361493,10.0,60608512
2026-04-24T21:32:42.589386+00:00,recovery_scenario,iperf_tcp,10,10,,twin_core,361501,0.0,67604480
2026-04-24T21:32:42.589386+00:00,recovery_scenario,iperf_tcp,10,10,,ryu_controller,361493,10.0,60608512
