timestamp,scenario_name,background_traffic,background_load_percent,repeat_index,event_name,process_name,pid,cpu_percent,rss_bytes,ctx_switches_voluntary,ctx_switches_involuntary,ctx_switches_total,ctx_switches_delta,ctx_switches_per_second
2026-04-25T11:09:42.685297+00:00,recovery_scenario,iperf_tcp,10,1,,twin_core,488635,0.0,65187840,420,62,482,0,0.0
2026-04-25T11:09:42.685297+00:00,recovery_scenario,iperf_tcp,10,1,,ryu_controller,488628,0.0,57647104,7,8,15,0,0.0
2026-04-25T11:09:42.787350+00:00,recovery_scenario,iperf_tcp,10,1,,twin_core,488635,0.0,65216512,420,62,482,0,0.0
2026-04-25T11:09:42.787350+00:00,recovery_scenario,iperf_tcp,10,1,,ryu_controller,488628,0.0,57667584,8,9,17,2,19.8772
2026-04-25T11:09:42.887911+00:00,recovery_scenario,iperf_tcp,10,1,,twin_core,488635,9.9,65224704,506,70,576,94,934.8975
2026-04-25T11:09:42.887911+00:00,recovery_scenario,iperf_tcp,10,1,,ryu_controller,488628,59.7,58003456,32,23,55,38,378.2033
2026-04-25T11:09:42.988372+00:00,recovery_scenario,iperf_tcp,10,1,,twin_core,488635,0.0,65224704,597,70,667,91,906.0452
2026-04-25T11:09:42.988372+00:00,recovery_scenario,iperf_tcp,10,1,,ryu_controller,488628,29.9,58011648,52,24,76,21,208.7042
2026-04-25T11:09:43.017013+00:00,recovery_scenario,iperf_tcp,10,1,service_started,,,,,,,,,
2026-04-25T11:09:43.089078+00:00,recovery_scenario,iperf_tcp,10,1,,twin_core,488635,19.9,66002944,623,71,694,27,268.0653
2026-04-25T11:09:43.089078+00:00,recovery_scenario,iperf_tcp,10,1,,ryu_controller,488628,39.7,58114048,110,24,134,58,577.0745
2026-04-25T11:09:43.190192+00:00,recovery_scenario,iperf_tcp,10,1,,twin_core,488635,0.0,66007040,624,71,695,1,9.8863
2026-04-25T11:09:43.190192+00:00,recovery_scenario,iperf_tcp,10,1,,ryu_controller,488628,39.5,58167296,142,25,167,33,325.6221
2026-04-25T11:09:43.290981+00:00,recovery_scenario,iperf_tcp,10,1,,twin_core,488635,0.0,66007040,624,71,695,0,0.0
2026-04-25T11:09:43.290981+00:00,recovery_scenario,iperf_tcp,10,1,,ryu_controller,488628,39.7,58200064,199,25,224,57,566.8972
2026-04-25T11:09:43.393426+00:00,recovery_scenario,iperf_tcp,10,1,,twin_core,488635,0.0,66007040,624,71,695,0,0.0
2026-04-25T11:09:43.393426+00:00,recovery_scenario,iperf_tcp,10,1,,ryu_controller,488628,19.5,58200064,221,25,246,22,214.4908
2026-04-25T11:09:43.497737+00:00,recovery_scenario,iperf_tcp,10,1,,twin_core,488635,0.0,66007040,624,71,695,0,0.0
2026-04-25T11:09:43.497737+00:00,recovery_scenario,iperf_tcp,10,1,,ryu_controller,488628,19.2,58200064,247,25,272,26,249.238
2026-04-25T11:09:43.598353+00:00,recovery_scenario,iperf_tcp,10,1,,twin_core,488635,0.0,66007040,624,71,695,0,0.0
2026-04-25T11:09:43.598353+00:00,recovery_scenario,iperf_tcp,10,1,,ryu_controller,488628,29.8,58204160,264,26,290,18,178.9553
2026-04-25T11:09:43.698904+00:00,recovery_scenario,iperf_tcp,10,1,,twin_core,488635,0.0,66007040,624,71,695,0,0.0
2026-04-25T11:09:43.698904+00:00,recovery_scenario,iperf_tcp,10,1,,ryu_controller,488628,19.9,58208256,289,26,315,25,248.8265
2026-04-25T11:09:43.799351+00:00,recovery_scenario,iperf_tcp,10,1,,twin_core,488635,10.0,66007040,624,71,695,0,0.0
2026-04-25T11:09:43.799351+00:00,recovery_scenario,iperf_tcp,10,1,,ryu_controller,488628,10.0,58212352,304,26,330,15,149.0583
2026-04-25T11:09:43.900028+00:00,recovery_scenario,iperf_tcp,10,1,,twin_core,488635,0.0,66007040,624,71,695,0,0.0
2026-04-25T11:09:43.900028+00:00,recovery_scenario,iperf_tcp,10,1,,ryu_controller,488628,39.7,58212352,325,26,351,21,208.9237
2026-04-25T11:09:44.000534+00:00,recovery_scenario,iperf_tcp,10,1,,twin_core,488635,9.9,66007040,624,71,695,0,0.0
2026-04-25T11:09:44.000534+00:00,recovery_scenario,iperf_tcp,10,1,,ryu_controller,488628,9.9,58220544,338,26,364,13,129.1785
2026-04-25T11:09:44.101147+00:00,recovery_scenario,iperf_tcp,10,1,,twin_core,488635,0.0,66007040,624,71,695,0,0.0
2026-04-25T11:09:44.101147+00:00,recovery_scenario,iperf_tcp,10,1,,ryu_controller,488628,29.8,58228736,383,26,409,45,447.6705
2026-04-25T11:09:44.202293+00:00,recovery_scenario,iperf_tcp,10,1,,twin_core,488635,0.0,66007040,624,71,695,0,0.0
2026-04-25T11:09:44.202293+00:00,recovery_scenario,iperf_tcp,10,1,,ryu_controller,488628,19.7,58236928,410,26,436,27,266.2584
2026-04-25T11:09:44.303140+00:00,recovery_scenario,iperf_tcp,10,1,,twin_core,488635,0.0,66007040,624,71,695,0,0.0
2026-04-25T11:09:44.303140+00:00,recovery_scenario,iperf_tcp,10,1,,ryu_controller,488628,19.9,58236928,440,26,466,30,298.4361
2026-04-25T11:09:44.403589+00:00,recovery_scenario,iperf_tcp,10,1,,twin_core,488635,0.0,66007040,624,71,695,0,0.0
2026-04-25T11:09:44.403589+00:00,recovery_scenario,iperf_tcp,10,1,,ryu_controller,488628,29.8,58249216,467,26,493,27,268.5775
2026-04-25T11:09:44.504109+00:00,recovery_scenario,iperf_tcp,10,1,,twin_core,488635,0.0,66007040,624,71,695,0,0.0
2026-04-25T11:09:44.504109+00:00,recovery_scenario,iperf_tcp,10,1,,ryu_controller,488628,10.0,58249216,483,26,509,16,159.3183
2026-04-25T11:09:44.604554+00:00,recovery_scenario,iperf_tcp,10,1,,twin_core,488635,0.0,66007040,624,71,695,0,0.0
2026-04-25T11:09:44.604554+00:00,recovery_scenario,iperf_tcp,10,1,,ryu_controller,488628,29.8,58253312,506,26,532,23,228.7588
2026-04-25T11:09:44.705070+00:00,recovery_scenario,iperf_tcp,10,1,,twin_core,488635,0.0,66007040,624,71,695,0,0.0
2026-04-25T11:09:44.705070+00:00,recovery_scenario,iperf_tcp,10,1,,ryu_controller,488628,0.0,58257408,511,26,537,5,49.7941
2026-04-25T11:09:44.807050+00:00,recovery_scenario,iperf_tcp,10,1,,twin_core,488635,0.0,66007040,624,71,695,0,0.0
2026-04-25T11:09:44.807050+00:00,recovery_scenario,iperf_tcp,10,1,,ryu_controller,488628,0.0,58257408,520,26,546,9,88.1874
2026-04-25T11:09:44.907564+00:00,recovery_scenario,iperf_tcp,10,1,,twin_core,488635,0.0,66007040,624,71,695,0,0.0
2026-04-25T11:09:44.907564+00:00,recovery_scenario,iperf_tcp,10,1,,ryu_controller,488628,9.9,58265600,536,26,562,16,158.6603
2026-04-25T11:09:45.008556+00:00,recovery_scenario,iperf_tcp,10,1,,twin_core,488635,0.0,66007040,624,71,695,0,0.0
2026-04-25T11:09:45.008556+00:00,recovery_scenario,iperf_tcp,10,1,,ryu_controller,488628,9.9,58269696,552,26,578,16,158.8086
2026-04-25T11:09:45.109185+00:00,recovery_scenario,iperf_tcp,10,1,,twin_core,488635,9.9,66007040,624,71,695,0,0.0
2026-04-25T11:09:45.109185+00:00,recovery_scenario,iperf_tcp,10,1,,ryu_controller,488628,39.8,58343424,611,27,638,60,597.3119
2026-04-25T11:09:45.209772+00:00,recovery_scenario,iperf_tcp,10,1,,twin_core,488635,0.0,66068480,632,71,703,8,79.4393
2026-04-25T11:09:45.209772+00:00,recovery_scenario,iperf_tcp,10,1,,ryu_controller,488628,19.9,58355712,643,27,670,32,317.6484
2026-04-25T11:09:45.311688+00:00,recovery_scenario,iperf_tcp,10,1,,twin_core,488635,0.0,66068480,635,71,706,3,29.4481
2026-04-25T11:09:45.311688+00:00,recovery_scenario,iperf_tcp,10,1,,ryu_controller,488628,58.9,58408960,697,27,724,54,530.1341
2026-04-25T11:09:45.416791+00:00,recovery_scenario,iperf_tcp,10,1,,twin_core,488635,0.0,66068480,635,71,706,0,0.0
2026-04-25T11:09:45.416791+00:00,recovery_scenario,iperf_tcp,10,1,,ryu_controller,488628,9.5,58408960,706,27,733,9,85.5077
2026-04-25T11:09:45.517474+00:00,recovery_scenario,iperf_tcp,10,1,,twin_core,488635,0.0,66068480,638,71,709,3,29.8303
2026-04-25T11:09:45.517474+00:00,recovery_scenario,iperf_tcp,10,1,,ryu_controller,488628,9.9,58413056,718,27,745,12,119.3376
2026-04-25T11:09:45.618017+00:00,recovery_scenario,iperf_tcp,10,1,,twin_core,488635,0.0,66068480,641,71,712,3,29.8465
2026-04-25T11:09:45.618017+00:00,recovery_scenario,iperf_tcp,10,1,,ryu_controller,488628,9.9,58417152,729,27,756,11,109.4222
2026-04-25T11:09:45.718811+00:00,recovery_scenario,iperf_tcp,10,1,,twin_core,488635,0.0,66068480,644,71,715,3,29.7658
2026-04-25T11:09:45.718811+00:00,recovery_scenario,iperf_tcp,10,1,,ryu_controller,488628,0.0,58417152,737,27,764,8,79.3868
2026-04-25T11:09:45.819327+00:00,recovery_scenario,iperf_tcp,10,1,,twin_core,488635,0.0,66068480,644,71,715,0,0.0
2026-04-25T11:09:45.819327+00:00,recovery_scenario,iperf_tcp,10,1,,ryu_controller,488628,9.9,58417152,746,27,773,9,89.4622
2026-04-25T11:09:45.919903+00:00,recovery_scenario,iperf_tcp,10,1,,twin_core,488635,9.9,66068480,653,71,724,9,89.5421
2026-04-25T11:09:45.919903+00:00,recovery_scenario,iperf_tcp,10,1,,ryu_controller,488628,19.9,58421248,766,27,793,20,198.8199
2026-04-25T11:09:46.021280+00:00,recovery_scenario,iperf_tcp,10,1,,twin_core,488635,0.0,66068480,656,71,727,3,29.5774
2026-04-25T11:09:46.021280+00:00,recovery_scenario,iperf_tcp,10,1,,ryu_controller,488628,9.9,58421248,781,27,808,15,147.7218
2026-04-25T11:09:46.122119+00:00,recovery_scenario,iperf_tcp,10,1,,twin_core,488635,0.0,66068480,663,71,734,7,69.3829
2026-04-25T11:09:46.122119+00:00,recovery_scenario,iperf_tcp,10,1,,ryu_controller,488628,19.9,58421248,814,27,841,33,327.8797
2026-04-25T11:09:46.223369+00:00,recovery_scenario,iperf_tcp,10,1,,twin_core,488635,0.0,66068480,666,71,737,3,29.6577
2026-04-25T11:09:46.223369+00:00,recovery_scenario,iperf_tcp,10,1,,ryu_controller,488628,0.0,58421248,829,27,856,15,148.0376
2026-04-25T11:09:46.324014+00:00,recovery_scenario,iperf_tcp,10,1,,twin_core,488635,0.0,66068480,672,71,743,6,59.6229
2026-04-25T11:09:46.324014+00:00,recovery_scenario,iperf_tcp,10,1,,ryu_controller,488628,10.0,58421248,864,27,891,35,348.4347
2026-04-25T11:09:46.424520+00:00,recovery_scenario,iperf_tcp,10,1,,twin_core,488635,0.0,66068480,678,71,749,6,59.443
2026-04-25T11:09:46.424520+00:00,recovery_scenario,iperf_tcp,10,1,,ryu_controller,488628,19.8,58421248,883,27,910,19,188.1522
2026-04-25T11:09:46.526449+00:00,recovery_scenario,iperf_tcp,10,1,,twin_core,488635,0.0,66068480,681,71,752,3,28.7465
2026-04-25T11:09:46.526449+00:00,recovery_scenario,iperf_tcp,10,1,,ryu_controller,488628,19.2,58421248,894,27,921,11,102.1141
2026-04-25T11:09:46.634296+00:00,recovery_scenario,iperf_tcp,10,1,,twin_core,488635,9.3,66068480,684,71,755,3,28.5613
2026-04-25T11:09:46.634296+00:00,recovery_scenario,iperf_tcp,10,1,,ryu_controller,488628,28.5,58421248,906,27,933,12,117.8971
2026-04-25T11:09:46.735475+00:00,recovery_scenario,iperf_tcp,10,1,,twin_core,488635,0.0,66068480,687,71,758,3,29.6537
2026-04-25T11:09:46.735475+00:00,recovery_scenario,iperf_tcp,10,1,,ryu_controller,488628,0.0,58421248,918,27,945,12,118.7807
2026-04-25T11:09:46.837205+00:00,recovery_scenario,iperf_tcp,10,1,,twin_core,488635,0.0,66068480,687,71,758,0,0.0
2026-04-25T11:09:46.837205+00:00,recovery_scenario,iperf_tcp,10,1,,ryu_controller,488628,9.8,58425344,928,27,955,10,98.308
2026-04-25T11:09:46.937735+00:00,recovery_scenario,iperf_tcp,10,1,,twin_core,488635,0.0,66068480,699,71,770,12,119.4403
2026-04-25T11:09:46.937735+00:00,recovery_scenario,iperf_tcp,10,1,,ryu_controller,488628,0.0,58425344,933,27,960,5,49.7704
2026-04-25T11:09:47.038163+00:00,recovery_scenario,iperf_tcp,10,1,,twin_core,488635,0.0,66068480,704,71,775,5,49.7865
2026-04-25T11:09:47.038163+00:00,recovery_scenario,iperf_tcp,10,1,,ryu_controller,488628,19.9,58425344,958,27,985,25,248.9479
2026-04-25T11:09:47.138604+00:00,recovery_scenario,iperf_tcp,10,1,,twin_core,488635,10.0,66068480,707,71,778,3,29.857
2026-04-25T11:09:47.138604+00:00,recovery_scenario,iperf_tcp,10,1,,ryu_controller,488628,29.9,58425344,987,27,1014,29,288.6184
2026-04-25T11:09:47.239063+00:00,recovery_scenario,iperf_tcp,10,1,,twin_core,488635,10.0,66174976,710,71,781,3,29.8558
2026-04-25T11:09:47.239063+00:00,recovery_scenario,iperf_tcp,10,1,,ryu_controller,488628,49.7,58589184,1024,27,1051,37,368.1251
2026-04-25T11:09:47.339576+00:00,recovery_scenario,iperf_tcp,10,1,,twin_core,488635,9.9,66174976,719,71,790,9,89.4954
2026-04-25T11:09:47.339576+00:00,recovery_scenario,iperf_tcp,10,1,,ryu_controller,488628,39.8,58601472,1053,27,1080,29,288.4374
2026-04-25T11:09:47.440150+00:00,recovery_scenario,iperf_tcp,10,1,,twin_core,488635,0.0,66174976,725,71,796,6,59.6795
2026-04-25T11:09:47.440150+00:00,recovery_scenario,iperf_tcp,10,1,,ryu_controller,488628,69.6,58621952,1078,28,1106,26,258.5397
2026-04-25T11:09:47.540700+00:00,recovery_scenario,iperf_tcp,10,1,,twin_core,488635,0.0,66174976,728,71,799,3,29.844
2026-04-25T11:09:47.540700+00:00,recovery_scenario,iperf_tcp,10,1,,ryu_controller,488628,9.9,58621952,1096,29,1125,19,188.848
2026-04-25T11:09:47.641746+00:00,recovery_scenario,iperf_tcp,10,1,,twin_core,488635,0.0,66174976,730,71,801,2,19.7954
2026-04-25T11:09:47.641746+00:00,recovery_scenario,iperf_tcp,10,1,,ryu_controller,488628,9.9,58621952,1103,29,1132,7,69.2312
2026-04-25T11:09:47.742483+00:00,recovery_scenario,iperf_tcp,10,1,,twin_core,488635,0.0,66174976,734,71,805,4,39.6246
2026-04-25T11:09:47.742483+00:00,recovery_scenario,iperf_tcp,10,1,,ryu_controller,488628,9.9,58621952,1117,29,1146,14,138.9081
2026-04-25T11:09:47.844049+00:00,recovery_scenario,iperf_tcp,10,1,,twin_core,488635,0.0,66174976,746,71,817,12,118.4111
2026-04-25T11:09:47.844049+00:00,recovery_scenario,iperf_tcp,10,1,,ryu_controller,488628,9.9,58621952,1141,29,1170,24,236.8752
2026-04-25T11:09:47.944529+00:00,recovery_scenario,iperf_tcp,10,1,,twin_core,488635,0.0,66174976,749,71,820,3,29.8291
2026-04-25T11:09:47.944529+00:00,recovery_scenario,iperf_tcp,10,1,,ryu_controller,488628,29.8,58621952,1170,29,1199,29,288.3089
2026-04-25T11:09:48.048483+00:00,recovery_scenario,iperf_tcp,10,1,,twin_core,488635,0.0,66174976,749,71,820,0,0.0
2026-04-25T11:09:48.048483+00:00,recovery_scenario,iperf_tcp,10,1,,ryu_controller,488628,19.2,58621952,1188,30,1218,19,182.476
2026-04-25T11:09:48.150306+00:00,recovery_scenario,iperf_tcp,10,1,,twin_core,488635,0.0,66174976,755,71,826,6,59.0467
2026-04-25T11:09:48.150306+00:00,recovery_scenario,iperf_tcp,10,1,,ryu_controller,488628,0.0,58626048,1207,30,1237,19,186.8801
2026-04-25T11:09:48.251006+00:00,recovery_scenario,iperf_tcp,10,1,,twin_core,488635,0.0,66174976,764,71,835,9,89.3083
2026-04-25T11:09:48.251006+00:00,recovery_scenario,iperf_tcp,10,1,,ryu_controller,488628,9.9,58626048,1228,30,1258,21,208.5269
2026-04-25T11:09:48.351624+00:00,recovery_scenario,iperf_tcp,10,1,,twin_core,488635,9.9,66174976,770,71,841,6,59.6388
2026-04-25T11:09:48.351624+00:00,recovery_scenario,iperf_tcp,10,1,,ryu_controller,488628,9.9,58626048,1253,30,1283,25,248.5663
2026-04-25T11:09:48.453015+00:00,recovery_scenario,iperf_tcp,10,1,,twin_core,488635,0.0,66174976,770,71,841,0,0.0
2026-04-25T11:09:48.453015+00:00,recovery_scenario,iperf_tcp,10,1,,ryu_controller,488628,9.9,58626048,1273,30,1303,20,197.1945
2026-04-25T11:09:48.553683+00:00,recovery_scenario,iperf_tcp,10,1,,twin_core,488635,0.0,66174976,776,71,847,6,59.6297
2026-04-25T11:09:48.553683+00:00,recovery_scenario,iperf_tcp,10,1,,ryu_controller,488628,9.9,58626048,1276,30,1306,3,29.822
2026-04-25T11:09:48.656440+00:00,recovery_scenario,iperf_tcp,10,1,,twin_core,488635,0.0,66174976,782,71,853,6,58.3329
2026-04-25T11:09:48.656440+00:00,recovery_scenario,iperf_tcp,10,1,,ryu_controller,488628,0.0,58626048,1278,30,1308,2,19.3779
2026-04-25T11:09:48.757432+00:00,recovery_scenario,iperf_tcp,10,1,,twin_core,488635,0.0,66174976,785,71,856,3,29.7168
2026-04-25T11:09:48.757432+00:00,recovery_scenario,iperf_tcp,10,1,,ryu_controller,488628,0.0,58626048,1282,30,1312,4,39.7144
2026-04-25T11:09:48.858155+00:00,recovery_scenario,iperf_tcp,10,1,,twin_core,488635,0.0,66174976,791,71,862,6,59.5642
2026-04-25T11:09:48.858155+00:00,recovery_scenario,iperf_tcp,10,1,,ryu_controller,488628,0.0,58626048,1293,30,1323,11,109.1872
2026-04-25T11:09:48.929915+00:00,recovery_scenario,iperf_tcp,10,1,pingall_completed,,,,,,,,,
2026-04-25T11:09:48.958940+00:00,recovery_scenario,iperf_tcp,10,1,,twin_core,488635,9.9,66179072,803,71,874,12,119.0982
2026-04-25T11:09:48.958940+00:00,recovery_scenario,iperf_tcp,10,1,,ryu_controller,488628,19.9,58626048,1307,31,1338,15,149.0292
2026-04-25T11:09:49.061021+00:00,recovery_scenario,iperf_tcp,10,1,,twin_core,488635,0.0,66179072,803,71,874,0,0.0
2026-04-25T11:09:49.061021+00:00,recovery_scenario,iperf_tcp,10,1,,ryu_controller,488628,0.0,58626048,1311,31,1342,4,39.1412
2026-04-25T11:09:49.165554+00:00,recovery_scenario,iperf_tcp,10,1,,twin_core,488635,0.0,66179072,803,71,874,0,0.0
2026-04-25T11:09:49.165554+00:00,recovery_scenario,iperf_tcp,10,1,,ryu_controller,488628,9.6,58626048,1315,31,1346,4,38.2722
2026-04-25T11:09:49.266211+00:00,recovery_scenario,iperf_tcp,10,1,,twin_core,488635,9.9,66179072,803,71,874,0,0.0
2026-04-25T11:09:49.266211+00:00,recovery_scenario,iperf_tcp,10,1,,ryu_controller,488628,49.8,58662912,1360,31,1391,45,447.9631
2026-04-25T11:09:49.366711+00:00,recovery_scenario,iperf_tcp,10,1,,twin_core,488635,0.0,66256896,803,71,874,0,0.0
2026-04-25T11:09:49.366711+00:00,recovery_scenario,iperf_tcp,10,1,,ryu_controller,488628,19.9,58818560,1372,31,1403,12,119.2674
2026-04-25T11:09:49.467324+00:00,recovery_scenario,iperf_tcp,10,1,,twin_core,488635,0.0,66256896,803,71,874,0,0.0
2026-04-25T11:09:49.467324+00:00,recovery_scenario,iperf_tcp,10,1,,ryu_controller,488628,39.8,58822656,1412,31,1443,40,398.2279
2026-04-25T11:09:49.568352+00:00,recovery_scenario,iperf_tcp,10,1,,twin_core,488635,0.0,66256896,803,71,874,0,0.0
2026-04-25T11:09:49.568352+00:00,recovery_scenario,iperf_tcp,10,1,,ryu_controller,488628,29.6,58855424,1427,31,1458,15,148.1376
2026-04-25T11:09:49.669857+00:00,recovery_scenario,iperf_tcp,10,1,,twin_core,488635,0.0,66256896,803,71,874,0,0.0
2026-04-25T11:09:49.669857+00:00,recovery_scenario,iperf_tcp,10,1,,ryu_controller,488628,0.0,58855424,1431,31,1462,4,39.4129
2026-04-25T11:09:49.772427+00:00,recovery_scenario,iperf_tcp,10,1,,twin_core,488635,9.4,66256896,803,71,874,0,0.0
2026-04-25T11:09:49.772427+00:00,recovery_scenario,iperf_tcp,10,1,,ryu_controller,488628,9.4,58855424,1433,31,1464,2,18.5231
2026-04-25T11:09:49.881123+00:00,recovery_scenario,iperf_tcp,10,1,,twin_core,488635,0.0,66256896,803,71,874,0,0.0
2026-04-25T11:09:49.881123+00:00,recovery_scenario,iperf_tcp,10,1,,ryu_controller,488628,9.5,58855424,1436,31,1467,3,28.9673
2026-04-25T11:09:49.982062+00:00,recovery_scenario,iperf_tcp,10,1,,twin_core,488635,0.0,66260992,808,71,879,5,49.5966
2026-04-25T11:09:49.982062+00:00,recovery_scenario,iperf_tcp,10,1,,ryu_controller,488628,0.0,58855424,1439,31,1470,3,29.7541
2026-04-25T11:09:50.082917+00:00,recovery_scenario,iperf_tcp,10,1,,twin_core,488635,0.0,66260992,808,71,879,0,0.0
2026-04-25T11:09:50.082917+00:00,recovery_scenario,iperf_tcp,10,1,,ryu_controller,488628,9.9,58855424,1442,31,1473,3,29.8475
2026-04-25T11:09:50.183353+00:00,recovery_scenario,iperf_tcp,10,1,,twin_core,488635,0.0,66260992,808,71,879,0,0.0
2026-04-25T11:09:50.183353+00:00,recovery_scenario,iperf_tcp,10,1,,ryu_controller,488628,0.0,58855424,1445,31,1476,3,29.737
2026-04-25T11:09:50.288735+00:00,recovery_scenario,iperf_tcp,10,1,,twin_core,488635,0.0,66260992,808,71,879,0,0.0
2026-04-25T11:09:50.288735+00:00,recovery_scenario,iperf_tcp,10,1,,ryu_controller,488628,0.0,58855424,1470,32,1502,26,247.761
2026-04-25T11:09:50.389181+00:00,recovery_scenario,iperf_tcp,10,1,,twin_core,488635,0.0,66260992,808,71,879,0,0.0
2026-04-25T11:09:50.389181+00:00,recovery_scenario,iperf_tcp,10,1,,ryu_controller,488628,0.0,58855424,1473,34,1507,5,49.7585
2026-04-25T11:09:50.489801+00:00,recovery_scenario,iperf_tcp,10,1,,twin_core,488635,0.0,66260992,808,71,879,0,0.0
2026-04-25T11:09:50.489801+00:00,recovery_scenario,iperf_tcp,10,1,,ryu_controller,488628,9.9,58855424,1494,38,1532,25,248.5216
2026-04-25T11:09:50.590335+00:00,recovery_scenario,iperf_tcp,10,1,,twin_core,488635,0.0,66260992,808,71,879,0,0.0
2026-04-25T11:09:50.590335+00:00,recovery_scenario,iperf_tcp,10,1,,ryu_controller,488628,0.0,58855424,1500,40,1540,8,79.3432
2026-04-25T11:09:50.694720+00:00,recovery_scenario,iperf_tcp,10,1,,twin_core,488635,9.6,66260992,808,71,879,0,0.0
2026-04-25T11:09:50.694720+00:00,recovery_scenario,iperf_tcp,10,1,,ryu_controller,488628,0.0,58855424,1504,42,1546,6,57.5867
2026-04-25T11:09:50.797797+00:00,recovery_scenario,iperf_tcp,10,1,,twin_core,488635,0.0,66260992,808,71,879,0,0.0
2026-04-25T11:09:50.797797+00:00,recovery_scenario,iperf_tcp,10,1,,ryu_controller,488628,0.0,58855424,1508,46,1554,8,77.5876
2026-04-25T11:09:50.898401+00:00,recovery_scenario,iperf_tcp,10,1,,twin_core,488635,0.0,66260992,808,71,879,0,0.0
2026-04-25T11:09:50.898401+00:00,recovery_scenario,iperf_tcp,10,1,,ryu_controller,488628,0.0,58855424,1512,48,1560,6,59.4473
2026-04-25T11:09:50.955551+00:00,recovery_scenario,iperf_tcp,10,1,background_traffic_started,,,,,,,,,
2026-04-25T11:09:50.999334+00:00,recovery_scenario,iperf_tcp,10,1,,twin_core,488635,0.0,66285568,813,77,890,11,109.0568
2026-04-25T11:09:50.999334+00:00,recovery_scenario,iperf_tcp,10,1,,ryu_controller,488628,9.9,58855424,1520,53,1573,13,129.1887
2026-04-25T11:09:51.101728+00:00,recovery_scenario,iperf_tcp,10,1,,twin_core,488635,9.8,66310144,824,84,908,18,175.9568
2026-04-25T11:09:51.101728+00:00,recovery_scenario,iperf_tcp,10,1,,ryu_controller,488628,29.3,58855424,1532,69,1601,28,273.7046
2026-04-25T11:09:51.202247+00:00,recovery_scenario,iperf_tcp,10,1,,twin_core,488635,0.0,66396160,834,85,919,11,109.3984
2026-04-25T11:09:51.202247+00:00,recovery_scenario,iperf_tcp,10,1,,ryu_controller,488628,39.8,58871808,1542,88,1630,29,287.9171
2026-04-25T11:09:51.225034+00:00,recovery_scenario,iperf_tcp,10,1,fault_injected,,,,,,,,,
2026-04-25T11:09:51.306819+00:00,recovery_scenario,iperf_tcp,10,1,,twin_core,488635,9.6,66441216,839,88,927,8,75.9979
2026-04-25T11:09:51.306819+00:00,recovery_scenario,iperf_tcp,10,1,,ryu_controller,488628,28.5,59289600,1544,142,1686,56,532.2774
2026-04-25T11:09:51.412788+00:00,recovery_scenario,iperf_tcp,10,1,,twin_core,488635,0.0,66441216,839,88,927,0,0.0
2026-04-25T11:09:51.412788+00:00,recovery_scenario,iperf_tcp,10,1,,ryu_controller,488628,47.6,59367424,1544,374,1918,232,2204.4096
2026-04-25T11:09:51.513497+00:00,recovery_scenario,iperf_tcp,10,1,,twin_core,488635,0.0,66441216,839,88,927,0,0.0
2026-04-25T11:09:51.513497+00:00,recovery_scenario,iperf_tcp,10,1,,ryu_controller,488628,59.5,59412480,1544,619,2163,245,2435.8157
2026-04-25T11:09:51.614006+00:00,recovery_scenario,iperf_tcp,10,1,,twin_core,488635,0.0,66441216,839,88,927,0,0.0
2026-04-25T11:09:51.614006+00:00,recovery_scenario,iperf_tcp,10,1,,ryu_controller,488628,109.5,59457536,1544,619,2163,0,0.0
2026-04-25T11:09:51.714596+00:00,recovery_scenario,iperf_tcp,10,1,,twin_core,488635,0.0,66441216,839,88,927,0,0.0
2026-04-25T11:09:51.714596+00:00,recovery_scenario,iperf_tcp,10,1,,ryu_controller,488628,99.2,59469824,1544,619,2163,0,0.0
2026-04-25T11:09:51.815365+00:00,recovery_scenario,iperf_tcp,10,1,,twin_core,488635,9.9,66441216,840,88,928,1,9.9503
2026-04-25T11:09:51.815365+00:00,recovery_scenario,iperf_tcp,10,1,,ryu_controller,488628,99.5,59469824,1544,620,2164,1,9.9433
2026-04-25T11:09:51.915894+00:00,recovery_scenario,iperf_tcp,10,1,,twin_core,488635,0.0,66441216,840,88,928,0,0.0
2026-04-25T11:09:51.915894+00:00,recovery_scenario,iperf_tcp,10,1,,ryu_controller,488628,99.5,59469824,1544,620,2164,0,0.0
2026-04-25T11:09:52.016416+00:00,recovery_scenario,iperf_tcp,10,1,,twin_core,488635,0.0,66441216,840,88,928,0,0.0
2026-04-25T11:09:52.016416+00:00,recovery_scenario,iperf_tcp,10,1,,ryu_controller,488628,109.3,59469824,1544,621,2165,1,9.938
2026-04-25T11:09:52.117089+00:00,recovery_scenario,iperf_tcp,10,1,,twin_core,488635,9.9,66441216,840,88,928,0,0.0
2026-04-25T11:09:52.117089+00:00,recovery_scenario,iperf_tcp,10,1,,ryu_controller,488628,89.4,59469824,1544,624,2168,3,29.7971
2026-04-25T11:09:52.217753+00:00,recovery_scenario,iperf_tcp,10,1,,twin_core,488635,0.0,66441216,840,88,928,0,0.0
2026-04-25T11:09:52.217753+00:00,recovery_scenario,iperf_tcp,10,1,,ryu_controller,488628,99.4,59473920,1544,624,2168,0,0.0
2026-04-25T11:09:52.318264+00:00,recovery_scenario,iperf_tcp,10,1,,twin_core,488635,0.0,66441216,841,92,933,5,49.7824
2026-04-25T11:09:52.318264+00:00,recovery_scenario,iperf_tcp,10,1,,ryu_controller,488628,99.6,59478016,1544,628,2172,4,39.8343
2026-04-25T11:09:52.418726+00:00,recovery_scenario,iperf_tcp,10,1,,twin_core,488635,0.0,66441216,841,92,933,0,0.0
2026-04-25T11:09:52.418726+00:00,recovery_scenario,iperf_tcp,10,1,,ryu_controller,488628,99.5,59478016,1544,677,2221,49,487.7558
2026-04-25T11:09:52.519142+00:00,recovery_scenario,iperf_tcp,10,1,,twin_core,488635,0.0,66441216,841,92,933,0,0.0
2026-04-25T11:09:52.519142+00:00,recovery_scenario,iperf_tcp,10,1,,ryu_controller,488628,99.6,59482112,1544,736,2280,59,587.2819
2026-04-25T11:09:52.620034+00:00,recovery_scenario,iperf_tcp,10,1,,twin_core,488635,0.0,66441216,841,92,933,0,0.0
2026-04-25T11:09:52.620034+00:00,recovery_scenario,iperf_tcp,10,1,,ryu_controller,488628,98.9,59482112,1544,768,2312,32,316.4427
2026-04-25T11:09:52.721930+00:00,recovery_scenario,iperf_tcp,10,1,,twin_core,488635,0.0,66441216,841,92,933,0,0.0
2026-04-25T11:09:52.721930+00:00,recovery_scenario,iperf_tcp,10,1,,ryu_controller,488628,88.1,59482112,1544,891,2435,123,1203.743
2026-04-25T11:09:52.823447+00:00,recovery_scenario,iperf_tcp,10,1,,twin_core,488635,0.0,66441216,842,92,934,1,9.7877
2026-04-25T11:09:52.823447+00:00,recovery_scenario,iperf_tcp,10,1,,ryu_controller,488628,58.7,59482112,1544,1150,2694,259,2534.9177
2026-04-25T11:09:52.928742+00:00,recovery_scenario,iperf_tcp,10,1,,twin_core,488635,0.0,66441216,842,92,934,0,0.0
2026-04-25T11:09:52.928742+00:00,recovery_scenario,iperf_tcp,10,1,,ryu_controller,488628,28.8,59482112,1544,1304,2848,154,1479.3133
2026-04-25T11:09:53.029201+00:00,recovery_scenario,iperf_tcp,10,1,,twin_core,488635,0.0,66441216,842,92,934,0,0.0
2026-04-25T11:09:53.029201+00:00,recovery_scenario,iperf_tcp,10,1,,ryu_controller,488628,39.8,59486208,1544,1373,2917,69,686.6936
2026-04-25T11:09:53.129773+00:00,recovery_scenario,iperf_tcp,10,1,,twin_core,488635,0.0,66441216,842,92,934,0,0.0
2026-04-25T11:09:53.129773+00:00,recovery_scenario,iperf_tcp,10,1,,ryu_controller,488628,29.5,59486208,1544,1446,2990,73,718.6567
2026-04-25T11:09:53.231262+00:00,recovery_scenario,iperf_tcp,10,1,,twin_core,488635,0.0,66441216,842,92,934,0,0.0
2026-04-25T11:09:53.231262+00:00,recovery_scenario,iperf_tcp,10,1,,ryu_controller,488628,39.8,59486208,1544,1562,3106,116,1154.6474
2026-04-25T11:09:53.331692+00:00,recovery_scenario,iperf_tcp,10,1,,twin_core,488635,0.0,66445312,843,93,936,2,19.9184
2026-04-25T11:09:53.331692+00:00,recovery_scenario,iperf_tcp,10,1,,ryu_controller,488628,39.4,59486208,1544,1727,3271,165,1626.5955
2026-04-25T11:09:53.433161+00:00,recovery_scenario,iperf_tcp,10,1,,twin_core,488635,0.0,66445312,843,93,936,0,0.0
2026-04-25T11:09:53.433161+00:00,recovery_scenario,iperf_tcp,10,1,,ryu_controller,488628,69.7,59490304,1544,1993,3537,266,2647.7094
2026-04-25T11:09:53.534490+00:00,recovery_scenario,iperf_tcp,10,1,,twin_core,488635,9.9,66445312,843,93,936,0,0.0
2026-04-25T11:09:53.534490+00:00,recovery_scenario,iperf_tcp,10,1,,ryu_controller,488628,69.0,59490304,1544,2218,3762,225,2199.4774
2026-04-25T11:09:53.637442+00:00,recovery_scenario,iperf_tcp,10,1,,twin_core,488635,0.0,66445312,843,93,936,0,0.0
2026-04-25T11:09:53.637442+00:00,recovery_scenario,iperf_tcp,10,1,,ryu_controller,488628,58.3,59490304,1544,2332,3876,114,1116.0966
2026-04-25T11:09:53.738908+00:00,recovery_scenario,iperf_tcp,10,1,,twin_core,488635,0.0,66445312,843,93,936,0,0.0
2026-04-25T11:09:53.738908+00:00,recovery_scenario,iperf_tcp,10,1,,ryu_controller,488628,59.1,59494400,1544,2454,3998,122,1202.5057
2026-04-25T11:09:53.839818+00:00,recovery_scenario,iperf_tcp,10,1,,twin_core,488635,19.8,66547712,856,95,951,15,148.8713
2026-04-25T11:09:53.839818+00:00,recovery_scenario,iperf_tcp,10,1,,ryu_controller,488628,39.7,59494400,1557,2470,4027,29,287.8077
2026-04-25T11:09:53.941866+00:00,recovery_scenario,iperf_tcp,10,1,,twin_core,488635,0.0,66547712,868,99,967,16,156.7244
2026-04-25T11:09:53.941866+00:00,recovery_scenario,iperf_tcp,10,1,,ryu_controller,488628,29.4,59494400,1570,2488,4058,31,303.5058
2026-04-25T11:09:54.002519+00:00,recovery_scenario,iperf_tcp,10,1,recovery_requested,,,,,,,,,
2026-04-25T11:09:54.042426+00:00,recovery_scenario,iperf_tcp,10,1,,twin_core,488635,9.9,66555904,877,106,983,16,159.194
2026-04-25T11:09:54.042426+00:00,recovery_scenario,iperf_tcp,10,1,,ryu_controller,488628,39.8,59494400,1581,2513,4094,36,353.9226
2026-04-25T11:09:54.144505+00:00,recovery_scenario,iperf_tcp,10,1,,twin_core,488635,0.0,66555904,877,106,983,0,0.0
2026-04-25T11:09:54.144505+00:00,recovery_scenario,iperf_tcp,10,1,,ryu_controller,488628,19.1,59494400,1596,2563,4159,65,623.7369
2026-04-25T11:09:54.248470+00:00,recovery_scenario,iperf_tcp,10,1,,twin_core,488635,0.0,66555904,877,106,983,0,0.0
2026-04-25T11:09:54.248470+00:00,recovery_scenario,iperf_tcp,10,1,,ryu_controller,488628,19.6,59494400,1618,2604,4222,63,619.2431
2026-04-25T11:09:54.350960+00:00,recovery_scenario,iperf_tcp,10,1,,twin_core,488635,0.0,66555904,877,106,983,0,0.0
2026-04-25T11:09:54.350960+00:00,recovery_scenario,iperf_tcp,10,1,,ryu_controller,488628,29.4,59494400,1639,2652,4291,69,672.9162
2026-04-25T11:09:54.452719+00:00,recovery_scenario,iperf_tcp,10,1,,twin_core,488635,0.0,66555904,877,106,983,0,0.0
2026-04-25T11:09:54.452719+00:00,recovery_scenario,iperf_tcp,10,1,,ryu_controller,488628,29.1,59494400,1668,2699,4367,76,745.583
2026-04-25T11:09:54.555554+00:00,recovery_scenario,iperf_tcp,10,1,,twin_core,488635,0.0,66555904,878,107,985,2,19.432
2026-04-25T11:09:54.555554+00:00,recovery_scenario,iperf_tcp,10,1,,ryu_controller,488628,19.7,59494400,1691,2755,4446,79,778.2607
2026-04-25T11:09:54.656567+00:00,recovery_scenario,iperf_tcp,10,1,,twin_core,488635,0.0,66555904,878,107,985,0,0.0
2026-04-25T11:09:54.656567+00:00,recovery_scenario,iperf_tcp,10,1,,ryu_controller,488628,29.7,59494400,1705,2814,4519,73,718.3352
2026-04-25T11:09:54.759229+00:00,recovery_scenario,iperf_tcp,10,1,,twin_core,488635,0.0,66555904,878,107,985,0,0.0
2026-04-25T11:09:54.759229+00:00,recovery_scenario,iperf_tcp,10,1,,ryu_controller,488628,28.4,59494400,1705,2925,4630,111,1052.7005
2026-04-25T11:09:54.863208+00:00,recovery_scenario,iperf_tcp,10,1,,twin_core,488635,0.0,66555904,878,107,985,0,0.0
2026-04-25T11:09:54.863208+00:00,recovery_scenario,iperf_tcp,10,1,,ryu_controller,488628,49.6,59494400,1705,3098,4803,173,1720.6863
2026-04-25T11:09:54.964194+00:00,recovery_scenario,iperf_tcp,10,1,,twin_core,488635,0.0,66555904,878,107,985,0,0.0
2026-04-25T11:09:54.964194+00:00,recovery_scenario,iperf_tcp,10,1,,ryu_controller,488628,49.2,59494400,1705,3286,4991,188,1850.5389
2026-04-25T11:09:55.066204+00:00,recovery_scenario,iperf_tcp,10,1,,twin_core,488635,0.0,66555904,879,107,986,1,9.8639
2026-04-25T11:09:55.066204+00:00,recovery_scenario,iperf_tcp,10,1,,ryu_controller,488628,39.5,59494400,1705,3484,5189,198,1941.6106
2026-04-25T11:09:55.168468+00:00,recovery_scenario,iperf_tcp,10,1,,twin_core,488635,0.0,66555904,879,107,986,0,0.0
2026-04-25T11:09:55.168468+00:00,recovery_scenario,iperf_tcp,10,1,,ryu_controller,488628,38.3,59494400,1705,3670,5375,186,1785.989
2026-04-25T11:09:55.273100+00:00,recovery_scenario,iperf_tcp,10,1,,twin_core,488635,0.0,66555904,879,107,986,0,0.0
2026-04-25T11:09:55.273100+00:00,recovery_scenario,iperf_tcp,10,1,,ryu_controller,488628,48.8,59494400,1705,3839,5544,169,1654.3227
2026-04-25T11:09:55.374227+00:00,recovery_scenario,iperf_tcp,10,1,,twin_core,488635,0.0,66555904,879,107,986,0,0.0
2026-04-25T11:09:55.374227+00:00,recovery_scenario,iperf_tcp,10,1,,ryu_controller,488628,39.4,59494400,1705,4030,5735,191,1879.3712
2026-04-25T11:09:55.475150+00:00,recovery_scenario,iperf_tcp,10,1,,twin_core,488635,0.0,66555904,879,107,986,0,0.0
2026-04-25T11:09:55.475150+00:00,recovery_scenario,iperf_tcp,10,1,,ryu_controller,488628,39.8,59494400,1705,4214,5919,184,1830.7268
2026-04-25T11:09:55.576622+00:00,recovery_scenario,iperf_tcp,10,1,,twin_core,488635,9.8,66555904,880,107,987,1,9.8016
2026-04-25T11:09:55.576622+00:00,recovery_scenario,iperf_tcp,10,1,,ryu_controller,488628,38.9,59494400,1705,4421,6126,207,2000.7744
2026-04-25T11:09:55.679282+00:00,recovery_scenario,iperf_tcp,10,1,,twin_core,488635,0.0,66555904,880,107,987,0,0.0
2026-04-25T11:09:55.679282+00:00,recovery_scenario,iperf_tcp,10,1,,ryu_controller,488628,49.1,59494400,1705,4643,6348,222,2170.0088
2026-04-25T11:09:55.782280+00:00,recovery_scenario,iperf_tcp,10,1,,twin_core,488635,0.0,66555904,880,107,987,0,0.0
2026-04-25T11:09:55.782280+00:00,recovery_scenario,iperf_tcp,10,1,,ryu_controller,488628,38.9,59498496,1705,4816,6521,173,1702.6423
2026-04-25T11:09:55.883282+00:00,recovery_scenario,iperf_tcp,10,1,,twin_core,488635,0.0,66555904,880,107,987,0,0.0
2026-04-25T11:09:55.883282+00:00,recovery_scenario,iperf_tcp,10,1,,ryu_controller,488628,59.6,59531264,1705,5001,6706,185,1837.2915
2026-04-25T11:09:55.984371+00:00,recovery_scenario,iperf_tcp,10,1,,twin_core,488635,0.0,66555904,880,107,987,0,0.0
2026-04-25T11:09:55.984371+00:00,recovery_scenario,iperf_tcp,10,1,,ryu_controller,488628,58.9,59531264,1705,5096,6801,95,932.2474
2026-04-25T11:09:56.087027+00:00,recovery_scenario,iperf_tcp,10,1,,twin_core,488635,0.0,66555904,881,107,988,1,9.8128
2026-04-25T11:09:56.087027+00:00,recovery_scenario,iperf_tcp,10,1,,ryu_controller,488628,68.7,59531264,1705,5170,6875,74,726.4607
2026-04-25T11:09:56.187994+00:00,recovery_scenario,iperf_tcp,10,1,,twin_core,488635,0.0,66555904,881,107,988,0,0.0
2026-04-25T11:09:56.187994+00:00,recovery_scenario,iperf_tcp,10,1,,ryu_controller,488628,69.0,59531264,1705,5370,7075,200,1970.0942
2026-04-25T11:09:56.288977+00:00,recovery_scenario,iperf_tcp,10,1,,twin_core,488635,0.0,66555904,881,107,988,0,0.0
2026-04-25T11:09:56.288977+00:00,recovery_scenario,iperf_tcp,10,1,,ryu_controller,488628,77.6,59531264,1705,5594,7299,224,2172.0488
2026-04-25T11:09:56.392159+00:00,recovery_scenario,iperf_tcp,10,1,,twin_core,488635,0.0,66555904,881,107,988,0,0.0
2026-04-25T11:09:56.392159+00:00,recovery_scenario,iperf_tcp,10,1,,ryu_controller,488628,49.8,59531264,1705,5784,7489,190,1891.6187
2026-04-25T11:09:56.492554+00:00,recovery_scenario,iperf_tcp,10,1,,twin_core,488635,0.0,66555904,881,107,988,0,0.0
2026-04-25T11:09:56.492554+00:00,recovery_scenario,iperf_tcp,10,1,,ryu_controller,488628,69.7,59531264,1705,5957,7662,173,1722.4673
2026-04-25T11:09:56.593003+00:00,recovery_scenario,iperf_tcp,10,1,,twin_core,488635,0.0,66555904,882,109,991,3,29.843
2026-04-25T11:09:56.593003+00:00,recovery_scenario,iperf_tcp,10,1,,ryu_controller,488628,69.6,59531264,1705,6173,7878,216,2140.0249
2026-04-25T11:09:56.694831+00:00,recovery_scenario,iperf_tcp,10,1,,twin_core,488635,0.0,66555904,882,109,991,0,0.0
2026-04-25T11:09:56.694831+00:00,recovery_scenario,iperf_tcp,10,1,,ryu_controller,488628,78.3,59531264,1705,6411,8116,238,2339.0437
2026-04-25T11:09:56.796850+00:00,recovery_scenario,iperf_tcp,10,1,,twin_core,488635,0.0,66555904,882,109,991,0,0.0
2026-04-25T11:09:56.796850+00:00,recovery_scenario,iperf_tcp,10,1,,ryu_controller,488628,58.9,59531264,1705,6690,8395,279,2739.6042
2026-04-25T11:09:56.898581+00:00,recovery_scenario,iperf_tcp,10,1,,twin_core,488635,0.0,66555904,882,109,991,0,0.0
2026-04-25T11:09:56.898581+00:00,recovery_scenario,iperf_tcp,10,1,,ryu_controller,488628,58.3,59531264,1705,6835,8540,145,1408.4732
2026-04-25T11:09:57.000846+00:00,recovery_scenario,iperf_tcp,10,1,,twin_core,488635,0.0,66555904,882,109,991,0,0.0
2026-04-25T11:09:57.000846+00:00,recovery_scenario,iperf_tcp,10,1,,ryu_controller,488628,49.6,59531264,1705,6965,8670,130,1284.5931
2026-04-25T11:09:57.102217+00:00,recovery_scenario,iperf_tcp,10,1,,twin_core,488635,9.9,66555904,883,109,992,1,9.8595
2026-04-25T11:09:57.102217+00:00,recovery_scenario,iperf_tcp,10,1,,ryu_controller,488628,48.8,59531264,1705,7059,8764,94,919.5771
2026-04-25T11:09:57.204474+00:00,recovery_scenario,iperf_tcp,10,1,,twin_core,488635,0.0,66555904,883,109,992,0,0.0
2026-04-25T11:09:57.204474+00:00,recovery_scenario,iperf_tcp,10,1,,ryu_controller,488628,39.5,59531264,1705,7267,8972,208,2057.3539
2026-04-25T11:09:57.305210+00:00,recovery_scenario,iperf_tcp,10,1,,twin_core,488635,0.0,66555904,883,109,992,0,0.0
2026-04-25T11:09:57.305210+00:00,recovery_scenario,iperf_tcp,10,1,,ryu_controller,488628,59.0,59531264,1705,7423,9128,156,1511.956
2026-04-25T11:09:57.408706+00:00,recovery_scenario,iperf_tcp,10,1,,twin_core,488635,0.0,66555904,883,109,992,0,0.0
2026-04-25T11:09:57.408706+00:00,recovery_scenario,iperf_tcp,10,1,,ryu_controller,488628,38.9,59531264,1705,7598,9303,175,1721.1981
2026-04-25T11:09:57.510208+00:00,recovery_scenario,iperf_tcp,10,1,,twin_core,488635,0.0,66555904,883,109,992,0,0.0
2026-04-25T11:09:57.510208+00:00,recovery_scenario,iperf_tcp,10,1,,ryu_controller,488628,49.3,59531264,1705,7737,9442,139,1373.7487
2026-04-25T11:09:57.612796+00:00,recovery_scenario,iperf_tcp,10,1,,twin_core,488635,0.0,66555904,884,109,993,1,9.7425
2026-04-25T11:09:57.612796+00:00,recovery_scenario,iperf_tcp,10,1,,ryu_controller,488628,29.3,59531264,1705,7860,9565,123,1202.9518
2026-04-25T11:09:57.714481+00:00,recovery_scenario,iperf_tcp,10,1,,twin_core,488635,9.8,66555904,884,109,993,0,0.0
2026-04-25T11:09:57.714481+00:00,recovery_scenario,iperf_tcp,10,1,,ryu_controller,488628,48.5,59531264,1705,7913,9618,53,513.811
2026-04-25T11:09:57.816486+00:00,recovery_scenario,iperf_tcp,10,1,,twin_core,488635,0.0,66555904,884,109,993,0,0.0
2026-04-25T11:09:57.816486+00:00,recovery_scenario,iperf_tcp,10,1,,ryu_controller,488628,39.3,59531264,1705,7965,9670,52,509.0255
2026-04-25T11:09:57.918764+00:00,recovery_scenario,iperf_tcp,10,1,,twin_core,488635,0.0,66555904,884,109,993,0,0.0
2026-04-25T11:09:57.918764+00:00,recovery_scenario,iperf_tcp,10,1,,ryu_controller,488628,49.0,59531264,1705,8010,9715,45,442.4781
2026-04-25T11:09:58.020477+00:00,recovery_scenario,iperf_tcp,10,1,,twin_core,488635,0.0,66555904,884,109,993,0,0.0
2026-04-25T11:09:58.020477+00:00,recovery_scenario,iperf_tcp,10,1,,ryu_controller,488628,39.6,59531264,1705,8132,9837,122,1211.3431
2026-04-25T11:09:58.122217+00:00,recovery_scenario,iperf_tcp,10,1,,twin_core,488635,0.0,66555904,885,109,994,1,9.8366
2026-04-25T11:09:58.122217+00:00,recovery_scenario,iperf_tcp,10,1,,ryu_controller,488628,39.1,59531264,1705,8360,10065,228,2226.5212
2026-04-25T11:09:58.224206+00:00,recovery_scenario,iperf_tcp,10,1,,twin_core,488635,0.0,66555904,885,109,994,0,0.0
2026-04-25T11:09:58.224206+00:00,recovery_scenario,iperf_tcp,10,1,,ryu_controller,488628,49.4,59531264,1705,8568,10273,208,2054.2578
2026-04-25T11:09:58.340903+00:00,recovery_scenario,iperf_tcp,10,1,,twin_core,488635,0.0,66555904,885,109,994,0,0.0
2026-04-25T11:09:58.340903+00:00,recovery_scenario,iperf_tcp,10,1,,ryu_controller,488628,42.7,59531264,1705,8778,10483,210,1794.3487
2026-04-25T11:09:58.441801+00:00,recovery_scenario,iperf_tcp,10,1,,twin_core,488635,0.0,66555904,885,109,994,0,0.0
2026-04-25T11:09:58.441801+00:00,recovery_scenario,iperf_tcp,10,1,,ryu_controller,488628,49.7,59531264,1705,8975,10680,197,1958.0171
2026-04-25T11:09:58.542331+00:00,recovery_scenario,iperf_tcp,10,1,,twin_core,488635,0.0,66555904,886,109,995,1,9.946
2026-04-25T11:09:58.542331+00:00,recovery_scenario,iperf_tcp,10,1,,ryu_controller,488628,39.7,59531264,1709,9119,10828,148,1470.3023
2026-04-25T11:09:58.643059+00:00,recovery_scenario,iperf_tcp,10,1,,twin_core,488635,19.9,66560000,886,109,995,0,0.0
2026-04-25T11:09:58.643059+00:00,recovery_scenario,iperf_tcp,10,1,,ryu_controller,488628,29.8,59531264,1718,9144,10862,34,338.2231
2026-04-25T11:09:58.743591+00:00,recovery_scenario,iperf_tcp,10,1,,twin_core,488635,0.0,66560000,886,109,995,0,0.0
2026-04-25T11:09:58.743591+00:00,recovery_scenario,iperf_tcp,10,1,,ryu_controller,488628,0.0,59531264,1737,9146,10883,21,208.3495
2026-04-25T11:09:58.844345+00:00,recovery_scenario,iperf_tcp,10,1,,twin_core,488635,0.0,66560000,886,109,995,0,0.0
2026-04-25T11:09:58.844345+00:00,recovery_scenario,iperf_tcp,10,1,,ryu_controller,488628,0.0,59531264,1752,9147,10899,16,159.0641
2026-04-25T11:09:58.946030+00:00,recovery_scenario,iperf_tcp,10,1,,twin_core,488635,0.0,66560000,886,109,995,0,0.0
2026-04-25T11:09:58.946030+00:00,recovery_scenario,iperf_tcp,10,1,,ryu_controller,488628,0.0,59531264,1768,9148,10916,17,166.2625
2026-04-25T11:09:59.047539+00:00,recovery_scenario,iperf_tcp,10,1,,twin_core,488635,0.0,66564096,893,114,1007,12,117.5723
2026-04-25T11:09:59.047539+00:00,recovery_scenario,iperf_tcp,10,1,,ryu_controller,488628,9.8,59531264,1783,9151,10934,18,176.852
2026-04-25T11:09:59.149701+00:00,recovery_scenario,iperf_tcp,10,1,,twin_core,488635,9.8,66564096,913,152,1065,58,572.6127
2026-04-25T11:09:59.149701+00:00,recovery_scenario,iperf_tcp,10,1,,ryu_controller,488628,39.4,59535360,1806,9176,10982,48,472.348
2026-04-25T11:09:59.170962+00:00,recovery_scenario,iperf_tcp,10,1,scenario_teardown,,,,,,,,,
2026-04-25T11:09:59.250877+00:00,recovery_scenario,iperf_tcp,10,1,,twin_core,488635,0.0,66564096,931,176,1107,42,415.0472
2026-04-25T11:09:59.250877+00:00,recovery_scenario,iperf_tcp,10,1,,ryu_controller,488628,19.8,59535360,1837,9179,11016,34,337.3499
2026-04-25T11:09:59.351363+00:00,recovery_scenario,iperf_tcp,10,1,,twin_core,488635,0.0,66564096,955,179,1134,27,268.6074
2026-04-25T11:09:59.351363+00:00,recovery_scenario,iperf_tcp,10,1,,ryu_controller,488628,19.9,59535360,1863,9200,11063,47,466.8544
2026-04-25T11:09:59.452036+00:00,recovery_scenario,iperf_tcp,10,1,,twin_core,488635,9.9,66564096,969,180,1149,15,148.9078
2026-04-25T11:09:59.452036+00:00,recovery_scenario,iperf_tcp,10,1,,ryu_controller,488628,9.9,59535360,1892,9207,11099,36,357.3497
2026-04-25T11:09:59.553687+00:00,recovery_scenario,iperf_tcp,10,1,,twin_core,488635,0.0,66564096,969,180,1149,0,0.0
2026-04-25T11:09:59.553687+00:00,recovery_scenario,iperf_tcp,10,1,,ryu_controller,488628,0.0,59535360,1931,9207,11138,39,384.7319
2026-04-25T11:10:02.939672+00:00,recovery_scenario,iperf_tcp,50,1,,twin_core,489676,0.0,65179648,393,68,461,0,0.0
2026-04-25T11:10:02.939672+00:00,recovery_scenario,iperf_tcp,50,1,,ryu_controller,489669,0.0,57643008,6,9,15,0,0.0
2026-04-25T11:10:03.040135+00:00,recovery_scenario,iperf_tcp,50,1,,twin_core,489676,9.8,65228800,431,70,501,40,391.6184
2026-04-25T11:10:03.040135+00:00,recovery_scenario,iperf_tcp,50,1,,ryu_controller,489669,29.4,57987072,15,20,35,20,195.8779
2026-04-25T11:10:03.142616+00:00,recovery_scenario,iperf_tcp,50,1,,twin_core,489676,9.9,65232896,524,72,596,95,940.8694
2026-04-25T11:10:03.142616+00:00,recovery_scenario,iperf_tcp,50,1,,ryu_controller,489669,29.7,57999360,49,24,73,38,376.4085
2026-04-25T11:10:03.217810+00:00,recovery_scenario,iperf_tcp,50,1,service_started,,,,,,,,,
2026-04-25T11:10:03.243278+00:00,recovery_scenario,iperf_tcp,50,1,,twin_core,489676,9.9,65871872,597,73,670,74,735.8194
2026-04-25T11:10:03.243278+00:00,recovery_scenario,iperf_tcp,50,1,,ryu_controller,489669,59.7,58060800,82,29,111,38,377.7953
2026-04-25T11:10:03.344044+00:00,recovery_scenario,iperf_tcp,50,1,,twin_core,489676,9.9,66031616,598,73,671,1,9.9209
2026-04-25T11:10:03.344044+00:00,recovery_scenario,iperf_tcp,50,1,,ryu_controller,489669,19.8,58105856,117,29,146,35,347.2592
2026-04-25T11:10:03.444585+00:00,recovery_scenario,iperf_tcp,50,1,,twin_core,489676,0.0,66031616,598,73,671,0,0.0
2026-04-25T11:10:03.444585+00:00,recovery_scenario,iperf_tcp,50,1,,ryu_controller,489669,9.9,58109952,127,29,156,10,99.3924
2026-04-25T11:10:03.545166+00:00,recovery_scenario,iperf_tcp,50,1,,twin_core,489676,0.0,66031616,598,73,671,0,0.0
2026-04-25T11:10:03.545166+00:00,recovery_scenario,iperf_tcp,50,1,,ryu_controller,489669,10.0,58114048,141,29,170,14,139.3605
2026-04-25T11:10:03.645629+00:00,recovery_scenario,iperf_tcp,50,1,,twin_core,489676,0.0,66031616,598,73,671,0,0.0
2026-04-25T11:10:03.645629+00:00,recovery_scenario,iperf_tcp,50,1,,ryu_controller,489669,19.9,58114048,160,29,189,19,188.934
2026-04-25T11:10:03.747156+00:00,recovery_scenario,iperf_tcp,50,1,,twin_core,489676,0.0,66031616,598,73,671,0,0.0
2026-04-25T11:10:03.747156+00:00,recovery_scenario,iperf_tcp,50,1,,ryu_controller,489669,9.9,58118144,183,29,212,23,226.6454
2026-04-25T11:10:03.847744+00:00,recovery_scenario,iperf_tcp,50,1,,twin_core,489676,0.0,66031616,598,73,671,0,0.0
2026-04-25T11:10:03.847744+00:00,recovery_scenario,iperf_tcp,50,1,,ryu_controller,489669,29.8,58130432,217,29,246,34,338.0293
2026-04-25T11:10:03.948251+00:00,recovery_scenario,iperf_tcp,50,1,,twin_core,489676,0.0,66031616,598,73,671,0,0.0
2026-04-25T11:10:03.948251+00:00,recovery_scenario,iperf_tcp,50,1,,ryu_controller,489669,19.9,58134528,235,29,264,18,179.1754
2026-04-25T11:10:04.048787+00:00,recovery_scenario,iperf_tcp,50,1,,twin_core,489676,0.0,66031616,598,73,671,0,0.0
2026-04-25T11:10:04.048787+00:00,recovery_scenario,iperf_tcp,50,1,,ryu_controller,489669,9.9,58134528,251,29,280,16,159.1561
2026-04-25T11:10:04.149244+00:00,recovery_scenario,iperf_tcp,50,1,,twin_core,489676,0.0,66031616,598,73,671,0,0.0
2026-04-25T11:10:04.149244+00:00,recovery_scenario,iperf_tcp,50,1,,ryu_controller,489669,19.9,58142720,269,30,299,19,189.1358
2026-04-25T11:10:04.250605+00:00,recovery_scenario,iperf_tcp,50,1,,twin_core,489676,0.0,66031616,598,73,671,0,0.0
2026-04-25T11:10:04.250605+00:00,recovery_scenario,iperf_tcp,50,1,,ryu_controller,489669,19.7,58150912,304,30,334,35,344.8766
2026-04-25T11:10:04.351798+00:00,recovery_scenario,iperf_tcp,50,1,,twin_core,489676,0.0,66031616,598,73,671,0,0.0
2026-04-25T11:10:04.351798+00:00,recovery_scenario,iperf_tcp,50,1,,ryu_controller,489669,19.8,58150912,333,30,363,29,286.6588
2026-04-25T11:10:04.456719+00:00,recovery_scenario,iperf_tcp,50,1,,twin_core,489676,0.0,66031616,598,73,671,0,0.0
2026-04-25T11:10:04.456719+00:00,recovery_scenario,iperf_tcp,50,1,,ryu_controller,489669,9.5,58159104,351,30,381,18,170.3345
2026-04-25T11:10:04.559298+00:00,recovery_scenario,iperf_tcp,50,1,,twin_core,489676,0.0,66031616,598,73,671,0,0.0
2026-04-25T11:10:04.559298+00:00,recovery_scenario,iperf_tcp,50,1,,ryu_controller,489669,9.8,58163200,367,30,397,16,157.2685
2026-04-25T11:10:04.659834+00:00,recovery_scenario,iperf_tcp,50,1,,twin_core,489676,0.0,66031616,598,73,671,0,0.0
2026-04-25T11:10:04.659834+00:00,recovery_scenario,iperf_tcp,50,1,,ryu_controller,489669,39.8,58257408,417,31,448,51,507.4714
2026-04-25T11:10:04.761398+00:00,recovery_scenario,iperf_tcp,50,1,,twin_core,489676,9.8,66031616,598,73,671,0,0.0
2026-04-25T11:10:04.761398+00:00,recovery_scenario,iperf_tcp,50,1,,ryu_controller,489669,49.0,58281984,453,31,484,36,353.0901
2026-04-25T11:10:04.862845+00:00,recovery_scenario,iperf_tcp,50,1,,twin_core,489676,0.0,66031616,598,73,671,0,0.0
2026-04-25T11:10:04.862845+00:00,recovery_scenario,iperf_tcp,50,1,,ryu_controller,489669,29.7,58281984,497,31,528,44,435.236
2026-04-25T11:10:04.963302+00:00,recovery_scenario,iperf_tcp,50,1,,twin_core,489676,0.0,66031616,598,73,671,0,0.0
2026-04-25T11:10:04.963302+00:00,recovery_scenario,iperf_tcp,50,1,,ryu_controller,489669,10.0,58290176,518,31,549,21,209.1287
2026-04-25T11:10:05.063736+00:00,recovery_scenario,iperf_tcp,50,1,,twin_core,489676,0.0,66031616,598,73,671,0,0.0
2026-04-25T11:10:05.063736+00:00,recovery_scenario,iperf_tcp,50,1,,ryu_controller,489669,10.0,58294272,537,31,568,19,189.1608
2026-04-25T11:10:05.166191+00:00,recovery_scenario,iperf_tcp,50,1,,twin_core,489676,0.0,66031616,598,73,671,0,0.0
2026-04-25T11:10:05.166191+00:00,recovery_scenario,iperf_tcp,50,1,,ryu_controller,489669,9.8,58294272,543,31,574,6,58.4937
2026-04-25T11:10:05.268749+00:00,recovery_scenario,iperf_tcp,50,1,,twin_core,489676,0.0,66031616,598,73,671,0,0.0
2026-04-25T11:10:05.268749+00:00,recovery_scenario,iperf_tcp,50,1,,ryu_controller,489669,9.8,58298368,559,31,590,16,156.0292
2026-04-25T11:10:05.369299+00:00,recovery_scenario,iperf_tcp,50,1,,twin_core,489676,9.9,66088960,603,73,676,5,49.7699
2026-04-25T11:10:05.369299+00:00,recovery_scenario,iperf_tcp,50,1,,ryu_controller,489669,39.8,58331136,617,31,648,58,577.3632
2026-04-25T11:10:05.469851+00:00,recovery_scenario,iperf_tcp,50,1,,twin_core,489676,9.9,66088960,606,73,679,3,29.8272
2026-04-25T11:10:05.469851+00:00,recovery_scenario,iperf_tcp,50,1,,ryu_controller,489669,29.8,58331136,644,31,675,27,268.3538
2026-04-25T11:10:05.570374+00:00,recovery_scenario,iperf_tcp,50,1,,twin_core,489676,0.0,66088960,609,73,682,3,29.8527
2026-04-25T11:10:05.570374+00:00,recovery_scenario,iperf_tcp,50,1,,ryu_controller,489669,9.9,58343424,663,31,694,19,188.8761
2026-04-25T11:10:05.670986+00:00,recovery_scenario,iperf_tcp,50,1,,twin_core,489676,0.0,66088960,612,73,685,3,29.8035
2026-04-25T11:10:05.670986+00:00,recovery_scenario,iperf_tcp,50,1,,ryu_controller,489669,9.9,58347520,694,31,725,31,308.2658
2026-04-25T11:10:05.773435+00:00,recovery_scenario,iperf_tcp,50,1,,twin_core,489676,0.0,66088960,615,73,688,3,29.1783
2026-04-25T11:10:05.773435+00:00,recovery_scenario,iperf_tcp,50,1,,ryu_controller,489669,9.7,58347520,715,31,746,21,204.2458
2026-04-25T11:10:05.874423+00:00,recovery_scenario,iperf_tcp,50,1,,twin_core,489676,0.0,66088960,615,73,688,0,0.0
2026-04-25T11:10:05.874423+00:00,recovery_scenario,iperf_tcp,50,1,,ryu_controller,489669,9.8,58347520,720,31,751,5,48.8458
2026-04-25T11:10:05.977711+00:00,recovery_scenario,iperf_tcp,50,1,,twin_core,489676,0.0,66088960,618,73,691,3,29.5142
2026-04-25T11:10:05.977711+00:00,recovery_scenario,iperf_tcp,50,1,,ryu_controller,489669,9.8,58359808,733,31,764,13,127.8699
2026-04-25T11:10:06.078533+00:00,recovery_scenario,iperf_tcp,50,1,,twin_core,489676,0.0,66088960,624,73,697,6,59.5069
2026-04-25T11:10:06.078533+00:00,recovery_scenario,iperf_tcp,50,1,,ryu_controller,489669,9.9,58359808,745,31,776,12,119.0228
2026-04-25T11:10:06.179238+00:00,recovery_scenario,iperf_tcp,50,1,,twin_core,489676,0.0,66088960,630,73,703,6,59.5436
2026-04-25T11:10:06.179238+00:00,recovery_scenario,iperf_tcp,50,1,,ryu_controller,489669,29.7,58372096,763,31,794,18,178.4396
2026-04-25T11:10:06.280107+00:00,recovery_scenario,iperf_tcp,50,1,,twin_core,489676,0.0,66088960,633,73,706,3,29.7683
2026-04-25T11:10:06.280107+00:00,recovery_scenario,iperf_tcp,50,1,,ryu_controller,489669,0.0,58372096,776,31,807,13,129.1496
2026-04-25T11:10:06.381703+00:00,recovery_scenario,iperf_tcp,50,1,,twin_core,489676,0.0,66088960,636,73,709,3,29.538
2026-04-25T11:10:06.381703+00:00,recovery_scenario,iperf_tcp,50,1,,ryu_controller,489669,9.8,58372096,809,31,840,33,325.0286
2026-04-25T11:10:06.482259+00:00,recovery_scenario,iperf_tcp,50,1,,twin_core,489676,9.9,66088960,639,73,712,3,29.8448
2026-04-25T11:10:06.482259+00:00,recovery_scenario,iperf_tcp,50,1,,ryu_controller,489669,9.9,58372096,822,31,853,13,129.3541
2026-04-25T11:10:06.582880+00:00,recovery_scenario,iperf_tcp,50,1,,twin_core,489676,0.0,66088960,648,73,721,9,89.4122
2026-04-25T11:10:06.582880+00:00,recovery_scenario,iperf_tcp,50,1,,ryu_controller,489669,19.8,58372096,833,31,864,11,108.8225
2026-04-25T11:10:06.683981+00:00,recovery_scenario,iperf_tcp,50,1,,twin_core,489676,0.0,66088960,651,73,724,3,29.6985
2026-04-25T11:10:06.683981+00:00,recovery_scenario,iperf_tcp,50,1,,ryu_controller,489669,19.9,58396672,856,31,887,23,228.6653
2026-04-25T11:10:06.785051+00:00,recovery_scenario,iperf_tcp,50,1,,twin_core,489676,0.0,66088960,654,73,727,3,29.6508
2026-04-25T11:10:06.785051+00:00,recovery_scenario,iperf_tcp,50,1,,ryu_controller,489669,59.3,58568704,895,32,927,40,395.2687
2026-04-25T11:10:06.886278+00:00,recovery_scenario,iperf_tcp,50,1,,twin_core,489676,0.0,66088960,657,73,730,3,29.6391
2026-04-25T11:10:06.886278+00:00,recovery_scenario,iperf_tcp,50,1,,ryu_controller,489669,9.9,58568704,908,32,940,13,128.266
2026-04-25T11:10:06.987030+00:00,recovery_scenario,iperf_tcp,50,1,,twin_core,489676,0.0,66088960,660,73,733,3,29.7927
2026-04-25T11:10:06.987030+00:00,recovery_scenario,iperf_tcp,50,1,,ryu_controller,489669,9.9,58568704,919,32,951,11,109.396
2026-04-25T11:10:07.087568+00:00,recovery_scenario,iperf_tcp,50,1,,twin_core,489676,0.0,66088960,666,73,739,6,59.5835
2026-04-25T11:10:07.087568+00:00,recovery_scenario,iperf_tcp,50,1,,ryu_controller,489669,0.0,58568704,925,32,957,6,59.509
2026-04-25T11:10:07.189147+00:00,recovery_scenario,iperf_tcp,50,1,,twin_core,489676,0.0,66088960,675,73,748,9,88.755
2026-04-25T11:10:07.189147+00:00,recovery_scenario,iperf_tcp,50,1,,ryu_controller,489669,9.9,58568704,945,32,977,20,197.4423
2026-04-25T11:10:07.292097+00:00,recovery_scenario,iperf_tcp,50,1,,twin_core,489676,9.7,66088960,681,73,754,6,58.146
2026-04-25T11:10:07.292097+00:00,recovery_scenario,iperf_tcp,50,1,,ryu_controller,489669,19.4,58568704,962,32,994,17,164.6123
2026-04-25T11:10:07.392945+00:00,recovery_scenario,iperf_tcp,50,1,,twin_core,489676,9.9,66088960,684,73,757,3,29.8248
2026-04-25T11:10:07.392945+00:00,recovery_scenario,iperf_tcp,50,1,,ryu_controller,489669,59.7,58593280,1010,32,1042,48,477.1969
2026-04-25T11:10:07.493515+00:00,recovery_scenario,iperf_tcp,50,1,,twin_core,489676,9.9,66195456,690,73,763,6,59.5818
2026-04-25T11:10:07.493515+00:00,recovery_scenario,iperf_tcp,50,1,,ryu_controller,489669,9.9,58634240,1020,32,1052,10,99.3927
2026-04-25T11:10:07.594151+00:00,recovery_scenario,iperf_tcp,50,1,,twin_core,489676,0.0,66195456,700,73,773,10,99.4873
2026-04-25T11:10:07.594151+00:00,recovery_scenario,iperf_tcp,50,1,,ryu_controller,489669,19.9,58634240,1039,32,1071,19,189.059
2026-04-25T11:10:07.694711+00:00,recovery_scenario,iperf_tcp,50,1,,twin_core,489676,0.0,66195456,703,73,776,3,29.8187
2026-04-25T11:10:07.694711+00:00,recovery_scenario,iperf_tcp,50,1,,ryu_controller,489669,9.9,58634240,1053,32,1085,14,139.128
2026-04-25T11:10:07.795259+00:00,recovery_scenario,iperf_tcp,50,1,,twin_core,489676,0.0,66195456,703,73,776,0,0.0
2026-04-25T11:10:07.795259+00:00,recovery_scenario,iperf_tcp,50,1,,ryu_controller,489669,0.0,58634240,1063,32,1095,10,99.3055
2026-04-25T11:10:07.895975+00:00,recovery_scenario,iperf_tcp,50,1,,twin_core,489676,0.0,66195456,709,73,782,6,59.5856
2026-04-25T11:10:07.895975+00:00,recovery_scenario,iperf_tcp,50,1,,ryu_controller,489669,9.9,58634240,1069,32,1101,6,59.6527
2026-04-25T11:10:07.996552+00:00,recovery_scenario,iperf_tcp,50,1,,twin_core,489676,0.0,66195456,721,73,794,12,119.0994
2026-04-25T11:10:07.996552+00:00,recovery_scenario,iperf_tcp,50,1,,ryu_controller,489669,19.8,58634240,1085,32,1117,16,158.7753
2026-04-25T11:10:08.097453+00:00,recovery_scenario,iperf_tcp,50,1,,twin_core,489676,0.0,66195456,724,73,797,3,29.7579
2026-04-25T11:10:08.097453+00:00,recovery_scenario,iperf_tcp,50,1,,ryu_controller,489669,9.9,58634240,1112,32,1144,27,267.6381
2026-04-25T11:10:08.198977+00:00,recovery_scenario,iperf_tcp,50,1,,twin_core,489676,0.0,66195456,724,73,797,0,0.0
2026-04-25T11:10:08.198977+00:00,recovery_scenario,iperf_tcp,50,1,,ryu_controller,489669,9.9,58634240,1120,32,1152,8,79.0163
2026-04-25T11:10:08.300275+00:00,recovery_scenario,iperf_tcp,50,1,,twin_core,489676,9.9,66195456,730,73,803,6,59.1885
2026-04-25T11:10:08.300275+00:00,recovery_scenario,iperf_tcp,50,1,,ryu_controller,489669,9.9,58634240,1137,32,1169,17,167.337
2026-04-25T11:10:08.401054+00:00,recovery_scenario,iperf_tcp,50,1,,twin_core,489676,0.0,66195456,739,73,812,9,89.362
2026-04-25T11:10:08.401054+00:00,recovery_scenario,iperf_tcp,50,1,,ryu_controller,489669,19.9,58638336,1183,32,1215,46,457.6043
2026-04-25T11:10:08.501611+00:00,recovery_scenario,iperf_tcp,50,1,,twin_core,489676,0.0,66195456,745,73,818,6,59.5956
2026-04-25T11:10:08.501611+00:00,recovery_scenario,iperf_tcp,50,1,,ryu_controller,489669,9.9,58638336,1205,32,1237,22,218.4917
2026-04-25T11:10:08.602233+00:00,recovery_scenario,iperf_tcp,50,1,,twin_core,489676,0.0,66195456,745,73,818,0,0.0
2026-04-25T11:10:08.602233+00:00,recovery_scenario,iperf_tcp,50,1,,ryu_controller,489669,9.9,58638336,1214,32,1246,9,89.4019
2026-04-25T11:10:08.703620+00:00,recovery_scenario,iperf_tcp,50,1,,twin_core,489676,0.0,66195456,751,73,824,6,59.0963
2026-04-25T11:10:08.703620+00:00,recovery_scenario,iperf_tcp,50,1,,ryu_controller,489669,0.0,58638336,1223,32,1255,9,88.7359
2026-04-25T11:10:08.804301+00:00,recovery_scenario,iperf_tcp,50,1,,twin_core,489676,10.0,66195456,757,73,830,6,59.7349
2026-04-25T11:10:08.804301+00:00,recovery_scenario,iperf_tcp,50,1,,ryu_controller,489669,69.7,58638336,1248,32,1280,25,248.9535
2026-04-25T11:10:08.904855+00:00,recovery_scenario,iperf_tcp,50,1,,twin_core,489676,0.0,66195456,760,73,833,3,29.8251
2026-04-25T11:10:08.904855+00:00,recovery_scenario,iperf_tcp,50,1,,ryu_controller,489669,89.4,58642432,1259,32,1291,11,109.3032
2026-04-25T11:10:09.005385+00:00,recovery_scenario,iperf_tcp,50,1,,twin_core,489676,0.0,66195456,763,73,836,3,29.8351
2026-04-25T11:10:09.005385+00:00,recovery_scenario,iperf_tcp,50,1,,ryu_controller,489669,39.8,58642432,1278,33,1311,20,198.862
2026-04-25T11:10:09.108915+00:00,recovery_scenario,iperf_tcp,50,1,pingall_completed,,,,,,,,,
2026-04-25T11:10:09.107859+00:00,recovery_scenario,iperf_tcp,50,1,,twin_core,489676,0.0,66199552,769,73,842,6,57.7412
2026-04-25T11:10:09.107859+00:00,recovery_scenario,iperf_tcp,50,1,,ryu_controller,489669,0.0,58642432,1281,33,1314,3,28.78
2026-04-25T11:10:09.212214+00:00,recovery_scenario,iperf_tcp,50,1,,twin_core,489676,0.0,66207744,780,73,853,11,106.8593
2026-04-25T11:10:09.212214+00:00,recovery_scenario,iperf_tcp,50,1,,ryu_controller,489669,0.0,58642432,1284,33,1317,3,29.2457
2026-04-25T11:10:09.317089+00:00,recovery_scenario,iperf_tcp,50,1,,twin_core,489676,0.0,66207744,780,73,853,0,0.0
2026-04-25T11:10:09.317089+00:00,recovery_scenario,iperf_tcp,50,1,,ryu_controller,489669,9.5,58642432,1288,33,1321,4,38.1561
2026-04-25T11:10:09.417622+00:00,recovery_scenario,iperf_tcp,50,1,,twin_core,489676,9.9,66207744,780,73,853,0,0.0
2026-04-25T11:10:09.417622+00:00,recovery_scenario,iperf_tcp,50,1,,ryu_controller,489669,9.9,58650624,1316,33,1349,28,278.549
2026-04-25T11:10:09.520361+00:00,recovery_scenario,iperf_tcp,50,1,,twin_core,489676,0.0,66289664,780,73,853,0,0.0
2026-04-25T11:10:09.520361+00:00,recovery_scenario,iperf_tcp,50,1,,ryu_controller,489669,68.1,58781696,1359,33,1392,43,418.1357
2026-04-25T11:10:09.625477+00:00,recovery_scenario,iperf_tcp,50,1,,twin_core,489676,0.0,66289664,780,73,853,0,0.0
2026-04-25T11:10:09.625477+00:00,recovery_scenario,iperf_tcp,50,1,,ryu_controller,489669,0.0,58781696,1363,33,1396,4,38.0346
2026-04-25T11:10:09.727222+00:00,recovery_scenario,iperf_tcp,50,1,,twin_core,489676,0.0,66289664,780,73,853,0,0.0
2026-04-25T11:10:09.727222+00:00,recovery_scenario,iperf_tcp,50,1,,ryu_controller,489669,0.0,58781696,1365,33,1398,2,19.638
2026-04-25T11:10:09.831518+00:00,recovery_scenario,iperf_tcp,50,1,,twin_core,489676,0.0,66289664,780,73,853,0,0.0
2026-04-25T11:10:09.831518+00:00,recovery_scenario,iperf_tcp,50,1,,ryu_controller,489669,0.0,58781696,1373,33,1406,8,76.5795
2026-04-25T11:10:09.932871+00:00,recovery_scenario,iperf_tcp,50,1,,twin_core,489676,9.9,66289664,780,73,853,0,0.0
2026-04-25T11:10:09.932871+00:00,recovery_scenario,iperf_tcp,50,1,,ryu_controller,489669,0.0,58781696,1387,33,1420,14,138.5641
2026-04-25T11:10:10.034101+00:00,recovery_scenario,iperf_tcp,50,1,,twin_core,489676,0.0,66289664,780,73,853,0,0.0
2026-04-25T11:10:10.034101+00:00,recovery_scenario,iperf_tcp,50,1,,ryu_controller,489669,9.9,58781696,1393,33,1426,6,59.1272
2026-04-25T11:10:10.135456+00:00,recovery_scenario,iperf_tcp,50,1,,twin_core,489676,9.9,66289664,785,73,858,5,49.3559
2026-04-25T11:10:10.135456+00:00,recovery_scenario,iperf_tcp,50,1,,ryu_controller,489669,0.0,58781696,1396,33,1429,3,29.6762
2026-04-25T11:10:10.236050+00:00,recovery_scenario,iperf_tcp,50,1,,twin_core,489676,0.0,66289664,785,73,858,0,0.0
2026-04-25T11:10:10.236050+00:00,recovery_scenario,iperf_tcp,50,1,,ryu_controller,489669,0.0,58781696,1400,33,1433,4,39.7856
2026-04-25T11:10:10.336693+00:00,recovery_scenario,iperf_tcp,50,1,,twin_core,489676,0.0,66289664,785,73,858,0,0.0
2026-04-25T11:10:10.336693+00:00,recovery_scenario,iperf_tcp,50,1,,ryu_controller,489669,0.0,58781696,1403,33,1436,3,29.7986
2026-04-25T11:10:10.439776+00:00,recovery_scenario,iperf_tcp,50,1,,twin_core,489676,0.0,66289664,785,73,858,0,0.0
2026-04-25T11:10:10.439776+00:00,recovery_scenario,iperf_tcp,50,1,,ryu_controller,489669,9.7,58781696,1414,33,1447,11,106.4051
2026-04-25T11:10:10.541758+00:00,recovery_scenario,iperf_tcp,50,1,,twin_core,489676,0.0,66289664,785,73,858,0,0.0
2026-04-25T11:10:10.541758+00:00,recovery_scenario,iperf_tcp,50,1,,ryu_controller,489669,0.0,58781696,1433,33,1466,19,186.323
2026-04-25T11:10:10.642747+00:00,recovery_scenario,iperf_tcp,50,1,,twin_core,489676,0.0,66289664,785,73,858,0,0.0
2026-04-25T11:10:10.642747+00:00,recovery_scenario,iperf_tcp,50,1,,ryu_controller,489669,0.0,58781696,1435,34,1469,3,29.4688
2026-04-25T11:10:10.745049+00:00,recovery_scenario,iperf_tcp,50,1,,twin_core,489676,0.0,66289664,785,73,858,0,0.0
2026-04-25T11:10:10.745049+00:00,recovery_scenario,iperf_tcp,50,1,,ryu_controller,489669,0.0,58781696,1440,43,1483,14,138.2575
2026-04-25T11:10:10.846028+00:00,recovery_scenario,iperf_tcp,50,1,,twin_core,489676,0.0,66289664,785,73,858,0,0.0
2026-04-25T11:10:10.846028+00:00,recovery_scenario,iperf_tcp,50,1,,ryu_controller,489669,0.0,58781696,1444,46,1490,7,68.9403
2026-04-25T11:10:10.947202+00:00,recovery_scenario,iperf_tcp,50,1,,twin_core,489676,0.0,66289664,785,73,858,0,0.0
2026-04-25T11:10:10.947202+00:00,recovery_scenario,iperf_tcp,50,1,,ryu_controller,489669,9.7,58781696,1448,59,1507,17,166.4556
2026-04-25T11:10:11.049625+00:00,recovery_scenario,iperf_tcp,50,1,,twin_core,489676,0.0,66289664,785,73,858,0,0.0
2026-04-25T11:10:11.049625+00:00,recovery_scenario,iperf_tcp,50,1,,ryu_controller,489669,49.0,58781696,1455,207,1662,155,1520.0098
2026-04-25T11:10:11.135836+00:00,recovery_scenario,iperf_tcp,50,1,background_traffic_started,,,,,,,,,
2026-04-25T11:10:11.151339+00:00,recovery_scenario,iperf_tcp,50,1,,twin_core,489676,9.9,66301952,787,74,861,3,29.5878
2026-04-25T11:10:11.151339+00:00,recovery_scenario,iperf_tcp,50,1,,ryu_controller,489669,38.5,58806272,1467,341,1808,146,1406.4006
2026-04-25T11:10:11.256473+00:00,recovery_scenario,iperf_tcp,50,1,,twin_core,489676,0.0,66347008,804,91,895,34,323.1568
2026-04-25T11:10:11.256473+00:00,recovery_scenario,iperf_tcp,50,1,,ryu_controller,489669,58.1,58863616,1487,418,1905,97,932.6888
2026-04-25T11:10:11.294142+00:00,recovery_scenario,iperf_tcp,50,1,fault_injected,,,,,,,,,
2026-04-25T11:10:11.360376+00:00,recovery_scenario,iperf_tcp,50,1,,twin_core,489676,0.0,66465792,816,101,917,22,211.8319
2026-04-25T11:10:11.360376+00:00,recovery_scenario,iperf_tcp,50,1,,ryu_controller,489669,58.4,59109376,1498,442,1940,35,343.4252
2026-04-25T11:10:11.460976+00:00,recovery_scenario,iperf_tcp,50,1,,twin_core,489676,9.9,66465792,816,101,917,0,0.0
2026-04-25T11:10:11.460976+00:00,recovery_scenario,iperf_tcp,50,1,,ryu_controller,489669,69.1,59338752,1498,577,2075,135,1333.6546
2026-04-25T11:10:11.562239+00:00,recovery_scenario,iperf_tcp,50,1,,twin_core,489676,0.0,66465792,816,101,917,0,0.0
2026-04-25T11:10:11.562239+00:00,recovery_scenario,iperf_tcp,50,1,,ryu_controller,489669,69.7,59367424,1498,789,2287,212,2109.4862
2026-04-25T11:10:11.681927+00:00,recovery_scenario,iperf_tcp,50,1,,twin_core,489676,0.0,66465792,816,101,917,0,0.0
2026-04-25T11:10:11.681927+00:00,recovery_scenario,iperf_tcp,50,1,,ryu_controller,489669,98.6,59416576,1498,825,2323,36,252.9726
2026-04-25T11:10:11.805073+00:00,recovery_scenario,iperf_tcp,50,1,,twin_core,489676,16.5,66465792,816,101,917,0,0.0
2026-04-25T11:10:11.805073+00:00,recovery_scenario,iperf_tcp,50,1,,ryu_controller,489669,90.1,59437056,1498,922,2420,97,965.1434
2026-04-25T11:10:11.905556+00:00,recovery_scenario,iperf_tcp,50,1,,twin_core,489676,0.0,66465792,817,102,919,2,19.8969
2026-04-25T11:10:11.905556+00:00,recovery_scenario,iperf_tcp,50,1,,ryu_controller,489669,89.6,59461632,1498,1000,2498,78,776.1481
2026-04-25T11:10:12.006051+00:00,recovery_scenario,iperf_tcp,50,1,,twin_core,489676,0.0,66465792,817,102,919,0,0.0
2026-04-25T11:10:12.006051+00:00,recovery_scenario,iperf_tcp,50,1,,ryu_controller,489669,99.6,59461632,1498,1069,2567,69,687.188
2026-04-25T11:10:12.106507+00:00,recovery_scenario,iperf_tcp,50,1,,twin_core,489676,0.0,66465792,817,102,919,0,0.0
2026-04-25T11:10:12.106507+00:00,recovery_scenario,iperf_tcp,50,1,,ryu_controller,489669,99.1,59461632,1498,1145,2643,76,753.3524
2026-04-25T11:10:12.207339+00:00,recovery_scenario,iperf_tcp,50,1,,twin_core,489676,0.0,66465792,817,102,919,0,0.0
2026-04-25T11:10:12.207339+00:00,recovery_scenario,iperf_tcp,50,1,,ryu_controller,489669,89.6,59461632,1498,1217,2715,72,716.6034
2026-04-25T11:10:12.307859+00:00,recovery_scenario,iperf_tcp,50,1,,twin_core,489676,0.0,66465792,817,102,919,0,0.0
2026-04-25T11:10:12.307859+00:00,recovery_scenario,iperf_tcp,50,1,,ryu_controller,489669,98.3,59465728,1498,1267,2765,50,491.2978
2026-04-25T11:10:12.410584+00:00,recovery_scenario,iperf_tcp,50,1,,twin_core,489676,0.0,66465792,818,103,921,2,19.5817
2026-04-25T11:10:12.410584+00:00,recovery_scenario,iperf_tcp,50,1,,ryu_controller,489669,78.4,59469824,1501,1369,2870,105,1016.3866
2026-04-25T11:10:12.513174+00:00,recovery_scenario,iperf_tcp,50,1,,twin_core,489676,19.5,66498560,818,103,921,0,0.0
2026-04-25T11:10:12.513174+00:00,recovery_scenario,iperf_tcp,50,1,,ryu_controller,489669,58.8,59469824,1525,1399,2924,54,535.8176
2026-04-25T11:10:12.613852+00:00,recovery_scenario,iperf_tcp,50,1,,twin_core,489676,0.0,66498560,818,103,921,0,0.0
2026-04-25T11:10:12.613852+00:00,recovery_scenario,iperf_tcp,50,1,,ryu_controller,489669,0.0,59469824,1546,1399,2945,21,208.0253
2026-04-25T11:10:12.714720+00:00,recovery_scenario,iperf_tcp,50,1,,twin_core,489676,0.0,66498560,818,103,921,0,0.0
2026-04-25T11:10:12.714720+00:00,recovery_scenario,iperf_tcp,50,1,,ryu_controller,489669,0.0,59469824,1558,1399,2957,12,119.288
2026-04-25T11:10:12.815354+00:00,recovery_scenario,iperf_tcp,50,1,,twin_core,489676,0.0,66498560,818,103,921,0,0.0
2026-04-25T11:10:12.815354+00:00,recovery_scenario,iperf_tcp,50,1,,ryu_controller,489669,0.0,59469824,1572,1399,2971,14,138.3198
2026-04-25T11:10:12.916533+00:00,recovery_scenario,iperf_tcp,50,1,,twin_core,489676,19.8,66498560,839,107,946,25,248.0838
2026-04-25T11:10:12.916533+00:00,recovery_scenario,iperf_tcp,50,1,,ryu_controller,489669,79.4,59469824,1606,1406,3012,41,406.8172
2026-04-25T11:10:12.963187+00:00,recovery_scenario,iperf_tcp,50,1,recovery_requested,,,,,,,,,
2026-04-25T11:10:13.042999+00:00,recovery_scenario,iperf_tcp,50,1,,twin_core,489676,15.8,66502656,851,130,981,35,274.3267
2026-04-25T11:10:13.042999+00:00,recovery_scenario,iperf_tcp,50,1,,ryu_controller,489669,30.9,59469824,1620,1441,3061,49,353.7507
2026-04-25T11:10:13.156314+00:00,recovery_scenario,iperf_tcp,50,1,,twin_core,489676,8.8,66502656,851,130,981,0,0.0
2026-04-25T11:10:13.156314+00:00,recovery_scenario,iperf_tcp,50,1,,ryu_controller,489669,36.3,59469824,1639,1483,3122,61,602.6207
2026-04-25T11:10:13.258749+00:00,recovery_scenario,iperf_tcp,50,1,,twin_core,489676,0.0,66502656,851,130,981,0,0.0
2026-04-25T11:10:13.258749+00:00,recovery_scenario,iperf_tcp,50,1,,ryu_controller,489669,87.8,59469824,1639,1588,3227,105,1026.5282
2026-04-25T11:10:13.359301+00:00,recovery_scenario,iperf_tcp,50,1,,twin_core,489676,0.0,66502656,851,130,981,0,0.0
2026-04-25T11:10:13.359301+00:00,recovery_scenario,iperf_tcp,50,1,,ryu_controller,489669,99.3,59469824,1639,1593,3232,5,49.596
2026-04-25T11:10:13.460286+00:00,recovery_scenario,iperf_tcp,50,1,,twin_core,489676,0.0,66502656,851,130,981,0,0.0
2026-04-25T11:10:13.460286+00:00,recovery_scenario,iperf_tcp,50,1,,ryu_controller,489669,108.7,59478016,1639,1599,3238,6,56.3783
2026-04-25T11:10:13.566596+00:00,recovery_scenario,iperf_tcp,50,1,,twin_core,489676,9.4,66506752,852,130,982,1,9.4267
2026-04-25T11:10:13.566596+00:00,recovery_scenario,iperf_tcp,50,1,,ryu_controller,489669,94.2,59486208,1639,1623,3262,24,236.4296
2026-04-25T11:10:13.668288+00:00,recovery_scenario,iperf_tcp,50,1,,twin_core,489676,0.0,66506752,852,130,982,0,0.0
2026-04-25T11:10:13.668288+00:00,recovery_scenario,iperf_tcp,50,1,,ryu_controller,489669,98.1,59510784,1639,1624,3263,1,9.87
2026-04-25T11:10:13.769491+00:00,recovery_scenario,iperf_tcp,50,1,,twin_core,489676,9.9,66506752,852,130,982,0,0.0
2026-04-25T11:10:13.769491+00:00,recovery_scenario,iperf_tcp,50,1,,ryu_controller,489669,98.7,59514880,1639,1633,3272,9,88.87
2026-04-25T11:10:13.870623+00:00,recovery_scenario,iperf_tcp,50,1,,twin_core,489676,0.0,66506752,852,130,982,0,0.0
2026-04-25T11:10:13.870623+00:00,recovery_scenario,iperf_tcp,50,1,,ryu_controller,489669,99.3,59518976,1639,1639,3278,6,59.6149
2026-04-25T11:10:13.971212+00:00,recovery_scenario,iperf_tcp,50,1,,twin_core,489676,0.0,66506752,852,130,982,0,0.0
2026-04-25T11:10:13.971212+00:00,recovery_scenario,iperf_tcp,50,1,,ryu_controller,489669,99.6,59518976,1639,1651,3290,12,119.5045
2026-04-25T11:10:14.071691+00:00,recovery_scenario,iperf_tcp,50,1,,twin_core,489676,0.0,66506752,853,132,985,3,29.8655
2026-04-25T11:10:14.071691+00:00,recovery_scenario,iperf_tcp,50,1,,ryu_controller,489669,99.5,59518976,1639,1662,3301,11,109.4857
2026-04-25T11:10:14.172166+00:00,recovery_scenario,iperf_tcp,50,1,,twin_core,489676,0.0,66506752,853,132,985,0,0.0
2026-04-25T11:10:14.172166+00:00,recovery_scenario,iperf_tcp,50,1,,ryu_controller,489669,89.2,59518976,1639,1680,3319,18,178.138
2026-04-25T11:10:14.273175+00:00,recovery_scenario,iperf_tcp,50,1,,twin_core,489676,0.0,66506752,853,132,985,0,0.0
2026-04-25T11:10:14.273175+00:00,recovery_scenario,iperf_tcp,50,1,,ryu_controller,489669,99.4,59518976,1639,1682,3321,2,19.888
2026-04-25T11:10:14.375436+00:00,recovery_scenario,iperf_tcp,50,1,,twin_core,489676,0.0,66506752,853,132,985,0,0.0
2026-04-25T11:10:14.375436+00:00,recovery_scenario,iperf_tcp,50,1,,ryu_controller,489669,29.3,59518976,1663,1725,3388,67,653.7969
2026-04-25T11:10:14.477291+00:00,recovery_scenario,iperf_tcp,50,1,,twin_core,489676,0.0,66506752,853,132,985,0,0.0
2026-04-25T11:10:14.477291+00:00,recovery_scenario,iperf_tcp,50,1,,ryu_controller,489669,9.8,59518976,1686,1726,3412,24,234.3317
2026-04-25T11:10:14.578925+00:00,recovery_scenario,iperf_tcp,50,1,,twin_core,489676,19.7,66539520,854,132,986,1,9.8161
2026-04-25T11:10:14.578925+00:00,recovery_scenario,iperf_tcp,50,1,,ryu_controller,489669,68.6,59518976,1734,1741,3475,63,617.0475
2026-04-25T11:10:14.680909+00:00,recovery_scenario,iperf_tcp,50,1,,twin_core,489676,0.0,66539520,854,132,986,0,0.0
2026-04-25T11:10:14.680909+00:00,recovery_scenario,iperf_tcp,50,1,,ryu_controller,489669,0.0,59518976,1742,1743,3485,10,98.9864
2026-04-25T11:10:14.781966+00:00,recovery_scenario,iperf_tcp,50,1,,twin_core,489676,0.0,66539520,854,132,986,0,0.0
2026-04-25T11:10:14.781966+00:00,recovery_scenario,iperf_tcp,50,1,,ryu_controller,489669,9.9,59518976,1750,1743,3493,8,79.0031
2026-04-25T11:10:14.883054+00:00,recovery_scenario,iperf_tcp,50,1,,twin_core,489676,0.0,66539520,854,132,986,0,0.0
2026-04-25T11:10:14.883054+00:00,recovery_scenario,iperf_tcp,50,1,,ryu_controller,489669,0.0,59518976,1759,1743,3502,9,88.5541
2026-04-25T11:10:14.984826+00:00,recovery_scenario,iperf_tcp,50,1,,twin_core,489676,9.8,66539520,854,132,986,0,0.0
2026-04-25T11:10:14.984826+00:00,recovery_scenario,iperf_tcp,50,1,,ryu_controller,489669,9.8,59518976,1768,1743,3511,9,88.5381
2026-04-25T11:10:15.086427+00:00,recovery_scenario,iperf_tcp,50,1,,twin_core,489676,9.8,66539520,865,132,997,11,108.6154
2026-04-25T11:10:15.086427+00:00,recovery_scenario,iperf_tcp,50,1,,ryu_controller,489669,29.7,59518976,1790,1746,3536,25,247.4305
2026-04-25T11:10:15.153105+00:00,recovery_scenario,iperf_tcp,50,1,scenario_teardown,,,,,,,,,
2026-04-25T11:10:15.187397+00:00,recovery_scenario,iperf_tcp,50,1,,twin_core,489676,9.9,66551808,886,139,1025,28,276.8898
2026-04-25T11:10:15.187397+00:00,recovery_scenario,iperf_tcp,50,1,,ryu_controller,489669,59.4,59518976,1831,1748,3579,43,425.9769
2026-04-25T11:10:15.288565+00:00,recovery_scenario,iperf_tcp,50,1,,twin_core,489676,0.0,66551808,907,139,1046,21,208.1658
2026-04-25T11:10:15.288565+00:00,recovery_scenario,iperf_tcp,50,1,,ryu_controller,489669,9.9,59518976,1842,1749,3591,12,118.9832
2026-04-25T11:10:15.389131+00:00,recovery_scenario,iperf_tcp,50,1,,twin_core,489676,9.9,66551808,929,140,1069,23,228.9738
2026-04-25T11:10:15.389131+00:00,recovery_scenario,iperf_tcp,50,1,,ryu_controller,489669,10.0,59518976,1848,1753,3601,10,99.5567
2026-04-25T11:10:15.489628+00:00,recovery_scenario,iperf_tcp,50,1,,twin_core,489676,0.0,66551808,936,140,1076,7,69.5792
2026-04-25T11:10:15.489628+00:00,recovery_scenario,iperf_tcp,50,1,,ryu_controller,489669,9.9,59518976,1854,1754,3608,7,69.5097
2026-04-25T11:10:15.590480+00:00,recovery_scenario,iperf_tcp,50,1,,twin_core,489676,0.0,66551808,936,140,1076,0,0.0
2026-04-25T11:10:15.590480+00:00,recovery_scenario,iperf_tcp,50,1,,ryu_controller,489669,0.0,59518976,1877,1757,3634,26,257.9142
2026-04-25T11:10:18.988773+00:00,recovery_scenario,iperf_tcp,80,1,,twin_core,490765,0.0,65159168,389,44,433,0,0.0
2026-04-25T11:10:18.988773+00:00,recovery_scenario,iperf_tcp,80,1,,ryu_controller,490758,0.0,57638912,7,4,11,0,0.0
2026-04-25T11:10:19.092242+00:00,recovery_scenario,iperf_tcp,80,1,,twin_core,490765,0.0,65204224,432,50,482,49,473.8789
2026-04-25T11:10:19.092242+00:00,recovery_scenario,iperf_tcp,80,1,,ryu_controller,490758,29.0,57962496,14,17,31,20,198.9123
2026-04-25T11:10:19.192895+00:00,recovery_scenario,iperf_tcp,80,1,,twin_core,490765,9.9,65208320,524,50,574,92,914.0315
2026-04-25T11:10:19.192895+00:00,recovery_scenario,iperf_tcp,80,1,,ryu_controller,490758,29.8,57970688,33,18,51,20,198.7331
2026-04-25T11:10:19.267504+00:00,recovery_scenario,iperf_tcp,80,1,service_started,,,,,,,,,
2026-04-25T11:10:19.293348+00:00,recovery_scenario,iperf_tcp,80,1,,twin_core,490765,10.0,65839104,594,51,645,71,706.9939
2026-04-25T11:10:19.293348+00:00,recovery_scenario,iperf_tcp,80,1,,ryu_controller,490758,39.8,58040320,77,24,101,50,497.976
2026-04-25T11:10:19.393848+00:00,recovery_scenario,iperf_tcp,80,1,,twin_core,490765,9.9,65998848,595,51,646,1,9.9474
2026-04-25T11:10:19.393848+00:00,recovery_scenario,iperf_tcp,80,1,,ryu_controller,490758,39.8,58097664,124,24,148,47,467.4216
2026-04-25T11:10:19.494324+00:00,recovery_scenario,iperf_tcp,80,1,,twin_core,490765,0.0,65998848,595,51,646,0,0.0
2026-04-25T11:10:19.494324+00:00,recovery_scenario,iperf_tcp,80,1,,ryu_controller,490758,9.9,58101760,143,24,167,19,188.8126
2026-04-25T11:10:19.594974+00:00,recovery_scenario,iperf_tcp,80,1,,twin_core,490765,0.0,65998848,595,51,646,0,0.0
2026-04-25T11:10:19.594974+00:00,recovery_scenario,iperf_tcp,80,1,,ryu_controller,490758,19.9,58109952,169,24,193,26,258.4269
2026-04-25T11:10:19.695566+00:00,recovery_scenario,iperf_tcp,80,1,,twin_core,490765,0.0,65998848,595,51,646,0,0.0
2026-04-25T11:10:19.695566+00:00,recovery_scenario,iperf_tcp,80,1,,ryu_controller,490758,29.7,58109952,193,24,217,24,237.7976
2026-04-25T11:10:19.797181+00:00,recovery_scenario,iperf_tcp,80,1,,twin_core,490765,0.0,65998848,595,51,646,0,0.0
2026-04-25T11:10:19.797181+00:00,recovery_scenario,iperf_tcp,80,1,,ryu_controller,490758,19.8,58118144,228,24,252,35,345.9711
2026-04-25T11:10:19.898357+00:00,recovery_scenario,iperf_tcp,80,1,,twin_core,490765,0.0,65998848,595,51,646,0,0.0
2026-04-25T11:10:19.898357+00:00,recovery_scenario,iperf_tcp,80,1,,ryu_controller,490758,9.9,58122240,238,24,262,10,98.5688
2026-04-25T11:10:19.999219+00:00,recovery_scenario,iperf_tcp,80,1,,twin_core,490765,0.0,65998848,595,51,646,0,0.0
2026-04-25T11:10:19.999219+00:00,recovery_scenario,iperf_tcp,80,1,,ryu_controller,490758,19.8,58122240,259,24,283,21,207.9402
2026-04-25T11:10:20.100091+00:00,recovery_scenario,iperf_tcp,80,1,,twin_core,490765,0.0,65998848,595,51,646,0,0.0
2026-04-25T11:10:20.100091+00:00,recovery_scenario,iperf_tcp,80,1,,ryu_controller,490758,19.9,58130432,280,24,304,21,209.0219
2026-04-25T11:10:20.203173+00:00,recovery_scenario,iperf_tcp,80,1,,twin_core,490765,0.0,65998848,595,51,646,0,0.0
2026-04-25T11:10:20.203173+00:00,recovery_scenario,iperf_tcp,80,1,,ryu_controller,490758,0.0,58130432,287,24,311,7,67.7557
2026-04-25T11:10:20.305750+00:00,recovery_scenario,iperf_tcp,80,1,,twin_core,490765,0.0,65998848,595,51,646,0,0.0
2026-04-25T11:10:20.305750+00:00,recovery_scenario,iperf_tcp,80,1,,ryu_controller,490758,19.5,58138624,316,25,341,30,292.877
2026-04-25T11:10:20.407236+00:00,recovery_scenario,iperf_tcp,80,1,,twin_core,490765,9.8,65998848,595,51,646,0,0.0
2026-04-25T11:10:20.407236+00:00,recovery_scenario,iperf_tcp,80,1,,ryu_controller,490758,49.0,58228736,374,25,399,58,568.0905
2026-04-25T11:10:20.508445+00:00,recovery_scenario,iperf_tcp,80,1,,twin_core,490765,0.0,65998848,595,51,646,0,0.0
2026-04-25T11:10:20.508445+00:00,recovery_scenario,iperf_tcp,80,1,,ryu_controller,490758,19.9,58236928,400,25,425,26,258.383
2026-04-25T11:10:20.609059+00:00,recovery_scenario,iperf_tcp,80,1,,twin_core,490765,0.0,65998848,595,51,646,0,0.0
2026-04-25T11:10:20.609059+00:00,recovery_scenario,iperf_tcp,80,1,,ryu_controller,490758,29.8,58245120,436,25,461,36,358.1907
2026-04-25T11:10:20.712275+00:00,recovery_scenario,iperf_tcp,80,1,,twin_core,490765,0.0,65998848,595,51,646,0,0.0
2026-04-25T11:10:20.712275+00:00,recovery_scenario,iperf_tcp,80,1,,ryu_controller,490758,19.4,58249216,466,25,491,30,290.3751
2026-04-25T11:10:20.813456+00:00,recovery_scenario,iperf_tcp,80,1,,twin_core,490765,0.0,65998848,595,51,646,0,0.0
2026-04-25T11:10:20.813456+00:00,recovery_scenario,iperf_tcp,80,1,,ryu_controller,490758,39.5,58265600,492,25,517,26,256.8856
2026-04-25T11:10:20.914087+00:00,recovery_scenario,iperf_tcp,80,1,,twin_core,490765,0.0,65998848,595,51,646,0,0.0
2026-04-25T11:10:20.914087+00:00,recovery_scenario,iperf_tcp,80,1,,ryu_controller,490758,9.9,58265600,508,25,533,16,158.9148
2026-04-25T11:10:21.014826+00:00,recovery_scenario,iperf_tcp,80,1,,twin_core,490765,0.0,65998848,595,51,646,0,0.0
2026-04-25T11:10:21.014826+00:00,recovery_scenario,iperf_tcp,80,1,,ryu_controller,490758,9.9,58269696,523,25,548,15,149.156
2026-04-25T11:10:21.115307+00:00,recovery_scenario,iperf_tcp,80,1,,twin_core,490765,0.0,65998848,595,51,646,0,0.0
2026-04-25T11:10:21.115307+00:00,recovery_scenario,iperf_tcp,80,1,,ryu_controller,490758,10.0,58269696,537,25,562,14,139.3404
2026-04-25T11:10:21.215917+00:00,recovery_scenario,iperf_tcp,80,1,,twin_core,490765,0.0,65998848,595,51,646,0,0.0
2026-04-25T11:10:21.215917+00:00,recovery_scenario,iperf_tcp,80,1,,ryu_controller,490758,9.9,58281984,554,25,579,17,168.9609
2026-04-25T11:10:21.317228+00:00,recovery_scenario,iperf_tcp,80,1,,twin_core,490765,0.0,65998848,595,51,646,0,0.0
2026-04-25T11:10:21.317228+00:00,recovery_scenario,iperf_tcp,80,1,,ryu_controller,490758,9.9,58286080,565,25,590,11,108.5664
2026-04-25T11:10:21.417794+00:00,recovery_scenario,iperf_tcp,80,1,,twin_core,490765,9.9,66060288,601,51,652,6,59.6602
2026-04-25T11:10:21.417794+00:00,recovery_scenario,iperf_tcp,80,1,,ryu_controller,490758,49.7,58331136,623,25,648,58,576.713
2026-04-25T11:10:21.518300+00:00,recovery_scenario,iperf_tcp,80,1,,twin_core,490765,0.0,66060288,604,51,655,3,29.8372
2026-04-25T11:10:21.518300+00:00,recovery_scenario,iperf_tcp,80,1,,ryu_controller,490758,9.9,58331136,643,25,668,20,198.5984
2026-04-25T11:10:21.618977+00:00,recovery_scenario,iperf_tcp,80,1,,twin_core,490765,0.0,66060288,607,51,658,3,29.8166
2026-04-25T11:10:21.618977+00:00,recovery_scenario,iperf_tcp,80,1,,ryu_controller,490758,19.9,58335232,657,25,682,14,139.3651
2026-04-25T11:10:21.719464+00:00,recovery_scenario,iperf_tcp,80,1,,twin_core,490765,0.0,66060288,610,51,661,3,29.8095
2026-04-25T11:10:21.719464+00:00,recovery_scenario,iperf_tcp,80,1,,ryu_controller,490758,19.9,58343424,687,25,712,30,298.0365
2026-04-25T11:10:21.820080+00:00,recovery_scenario,iperf_tcp,80,1,,twin_core,490765,0.0,66060288,613,51,664,3,29.8593
2026-04-25T11:10:21.820080+00:00,recovery_scenario,iperf_tcp,80,1,,ryu_controller,490758,0.0,58343424,697,25,722,10,99.5621
2026-04-25T11:10:21.920513+00:00,recovery_scenario,iperf_tcp,80,1,,twin_core,490765,0.0,66060288,616,51,667,3,29.8391
2026-04-25T11:10:21.920513+00:00,recovery_scenario,iperf_tcp,80,1,,ryu_controller,490758,9.9,58347520,702,25,727,5,49.731
2026-04-25T11:10:22.021073+00:00,recovery_scenario,iperf_tcp,80,1,,twin_core,490765,0.0,66060288,616,51,667,0,0.0
2026-04-25T11:10:22.021073+00:00,recovery_scenario,iperf_tcp,80,1,,ryu_controller,490758,0.0,58351616,714,25,739,12,119.4222
2026-04-25T11:10:22.121546+00:00,recovery_scenario,iperf_tcp,80,1,,twin_core,490765,10.0,66060288,625,51,676,9,89.5469
2026-04-25T11:10:22.121546+00:00,recovery_scenario,iperf_tcp,80,1,,ryu_controller,490758,10.0,58359808,734,25,759,20,198.9932
2026-04-25T11:10:22.222795+00:00,recovery_scenario,iperf_tcp,80,1,,twin_core,490765,0.0,66060288,628,51,679,3,29.6293
2026-04-25T11:10:22.222795+00:00,recovery_scenario,iperf_tcp,80,1,,ryu_controller,490758,19.7,58368000,748,25,773,14,138.1762
2026-04-25T11:10:22.323951+00:00,recovery_scenario,iperf_tcp,80,1,,twin_core,490765,0.0,66060288,631,51,682,3,29.5759
2026-04-25T11:10:22.323951+00:00,recovery_scenario,iperf_tcp,80,1,,ryu_controller,490758,0.0,58372096,761,25,786,13,128.1426
2026-04-25T11:10:22.425801+00:00,recovery_scenario,iperf_tcp,80,1,,twin_core,490765,0.0,66060288,634,51,685,3,29.0211
2026-04-25T11:10:22.425801+00:00,recovery_scenario,iperf_tcp,80,1,,ryu_controller,490758,67.7,58515456,815,26,841,55,531.8916
2026-04-25T11:10:22.538765+00:00,recovery_scenario,iperf_tcp,80,1,,twin_core,490765,17.7,66060288,637,51,688,3,26.9475
2026-04-25T11:10:22.538765+00:00,recovery_scenario,iperf_tcp,80,1,,ryu_controller,490758,62.9,58568704,830,26,856,15,134.7359
2026-04-25T11:10:22.639557+00:00,recovery_scenario,iperf_tcp,80,1,,twin_core,490765,0.0,66060288,645,51,696,8,79.4058
2026-04-25T11:10:22.639557+00:00,recovery_scenario,iperf_tcp,80,1,,ryu_controller,490758,0.0,58568704,833,26,859,3,29.7954
2026-04-25T11:10:22.740618+00:00,recovery_scenario,iperf_tcp,80,1,,twin_core,490765,0.0,66060288,648,51,699,3,29.6424
2026-04-25T11:10:22.740618+00:00,recovery_scenario,iperf_tcp,80,1,,ryu_controller,490758,19.8,58572800,853,26,879,20,197.6266
2026-04-25T11:10:22.841524+00:00,recovery_scenario,iperf_tcp,80,1,,twin_core,490765,9.9,66060288,651,51,702,3,29.7948
2026-04-25T11:10:22.841524+00:00,recovery_scenario,iperf_tcp,80,1,,ryu_controller,490758,19.9,58572800,865,26,891,12,119.2116
2026-04-25T11:10:22.942110+00:00,recovery_scenario,iperf_tcp,80,1,,twin_core,490765,0.0,66060288,654,51,705,3,29.8471
2026-04-25T11:10:22.942110+00:00,recovery_scenario,iperf_tcp,80,1,,ryu_controller,490758,0.0,58572800,876,26,902,11,109.4483
2026-04-25T11:10:23.042628+00:00,recovery_scenario,iperf_tcp,80,1,,twin_core,490765,0.0,66060288,657,51,708,3,29.8365
2026-04-25T11:10:23.042628+00:00,recovery_scenario,iperf_tcp,80,1,,ryu_controller,490758,9.9,58572800,886,26,912,10,99.4596
2026-04-25T11:10:23.143180+00:00,recovery_scenario,iperf_tcp,80,1,,twin_core,490765,0.0,66060288,660,51,711,3,29.8424
2026-04-25T11:10:23.143180+00:00,recovery_scenario,iperf_tcp,80,1,,ryu_controller,490758,9.9,58572800,895,26,921,9,89.3668
2026-04-25T11:10:23.243931+00:00,recovery_scenario,iperf_tcp,80,1,,twin_core,490765,0.0,66060288,672,51,723,12,119.1139
2026-04-25T11:10:23.243931+00:00,recovery_scenario,iperf_tcp,80,1,,ryu_controller,490758,0.0,58572800,908,26,934,13,129.2704
2026-04-25T11:10:23.345044+00:00,recovery_scenario,iperf_tcp,80,1,,twin_core,490765,0.0,66060288,675,51,726,3,29.6806
2026-04-25T11:10:23.345044+00:00,recovery_scenario,iperf_tcp,80,1,,ryu_controller,490758,19.8,58572800,928,26,954,20,197.8895
2026-04-25T11:10:23.445531+00:00,recovery_scenario,iperf_tcp,80,1,,twin_core,490765,9.9,66060288,678,51,729,3,29.8321
2026-04-25T11:10:23.445531+00:00,recovery_scenario,iperf_tcp,80,1,,ryu_controller,490758,59.7,58589184,976,26,1002,48,477.1857
2026-04-25T11:10:23.547553+00:00,recovery_scenario,iperf_tcp,80,1,,twin_core,490765,0.0,66166784,684,51,735,6,58.6311
2026-04-25T11:10:23.547553+00:00,recovery_scenario,iperf_tcp,80,1,,ryu_controller,490758,9.8,58671104,986,26,1012,10,97.5164
2026-04-25T11:10:23.648665+00:00,recovery_scenario,iperf_tcp,80,1,,twin_core,490765,0.0,66166784,697,51,748,13,129.0959
2026-04-25T11:10:23.648665+00:00,recovery_scenario,iperf_tcp,80,1,,ryu_controller,490758,9.9,58671104,993,26,1019,7,69.6858
2026-04-25T11:10:23.749146+00:00,recovery_scenario,iperf_tcp,80,1,,twin_core,490765,10.0,66166784,703,51,754,6,59.7143
2026-04-25T11:10:23.749146+00:00,recovery_scenario,iperf_tcp,80,1,,ryu_controller,490758,19.9,58671104,1013,26,1039,20,199.052
2026-04-25T11:10:23.851534+00:00,recovery_scenario,iperf_tcp,80,1,,twin_core,490765,0.0,66166784,703,51,754,0,0.0
2026-04-25T11:10:23.851534+00:00,recovery_scenario,iperf_tcp,80,1,,ryu_controller,490758,9.8,58671104,1030,26,1056,17,165.7902
2026-04-25T11:10:23.952120+00:00,recovery_scenario,iperf_tcp,80,1,,twin_core,490765,0.0,66166784,706,51,757,3,29.8491
2026-04-25T11:10:23.952120+00:00,recovery_scenario,iperf_tcp,80,1,,ryu_controller,490758,9.9,58671104,1040,26,1066,10,99.4879
2026-04-25T11:10:24.052770+00:00,recovery_scenario,iperf_tcp,80,1,,twin_core,490765,0.0,66166784,715,51,766,9,89.4385
2026-04-25T11:10:24.052770+00:00,recovery_scenario,iperf_tcp,80,1,,ryu_controller,490758,9.9,58671104,1055,26,1081,15,149.0799
2026-04-25T11:10:24.153221+00:00,recovery_scenario,iperf_tcp,80,1,,twin_core,490765,0.0,66166784,724,51,775,9,89.6089
2026-04-25T11:10:24.153221+00:00,recovery_scenario,iperf_tcp,80,1,,ryu_controller,490758,19.9,58671104,1085,26,1111,30,298.5944
2026-04-25T11:10:24.253723+00:00,recovery_scenario,iperf_tcp,80,1,,twin_core,490765,9.9,66166784,724,51,775,0,0.0
2026-04-25T11:10:24.253723+00:00,recovery_scenario,iperf_tcp,80,1,,ryu_controller,490758,9.9,58675200,1112,26,1138,27,268.3759
2026-04-25T11:10:24.354310+00:00,recovery_scenario,iperf_tcp,80,1,,twin_core,490765,0.0,66166784,727,51,778,3,29.8555
2026-04-25T11:10:24.354310+00:00,recovery_scenario,iperf_tcp,80,1,,ryu_controller,490758,10.0,58675200,1121,26,1147,9,89.5543
2026-04-25T11:10:24.454834+00:00,recovery_scenario,iperf_tcp,80,1,,twin_core,490765,0.0,66166784,732,51,783,5,49.7463
2026-04-25T11:10:24.454834+00:00,recovery_scenario,iperf_tcp,80,1,,ryu_controller,490758,0.0,58675200,1147,26,1173,26,258.7951
2026-04-25T11:10:24.555281+00:00,recovery_scenario,iperf_tcp,80,1,,twin_core,490765,0.0,66166784,744,51,795,12,119.371
2026-04-25T11:10:24.555281+00:00,recovery_scenario,iperf_tcp,80,1,,ryu_controller,490758,59.6,58683392,1177,26,1203,30,298.0972
2026-04-25T11:10:24.655926+00:00,recovery_scenario,iperf_tcp,80,1,,twin_core,490765,0.0,66166784,744,51,795,0,0.0
2026-04-25T11:10:24.655926+00:00,recovery_scenario,iperf_tcp,80,1,,ryu_controller,490758,69.6,58712064,1199,26,1225,22,218.8877
2026-04-25T11:10:24.756438+00:00,recovery_scenario,iperf_tcp,80,1,,twin_core,490765,0.0,66166784,747,51,798,3,29.8614
2026-04-25T11:10:24.756438+00:00,recovery_scenario,iperf_tcp,80,1,,ryu_controller,490758,19.9,58712064,1220,26,1246,21,208.8712
2026-04-25T11:10:24.856960+00:00,recovery_scenario,iperf_tcp,80,1,,twin_core,490765,0.0,66166784,753,51,804,6,59.6325
2026-04-25T11:10:24.856960+00:00,recovery_scenario,iperf_tcp,80,1,,ryu_controller,490758,0.0,58712064,1229,26,1255,9,89.4612
2026-04-25T11:10:24.958344+00:00,recovery_scenario,iperf_tcp,80,1,,twin_core,490765,0.0,66166784,756,51,807,3,29.5504
2026-04-25T11:10:24.958344+00:00,recovery_scenario,iperf_tcp,80,1,,ryu_controller,490758,0.0,58712064,1233,26,1259,4,39.416
2026-04-25T11:10:25.059074+00:00,recovery_scenario,iperf_tcp,80,1,,twin_core,490765,0.0,66166784,762,51,813,6,59.6593
2026-04-25T11:10:25.059074+00:00,recovery_scenario,iperf_tcp,80,1,,ryu_controller,490758,9.9,58712064,1236,26,1262,3,29.8298
2026-04-25T11:10:25.159684+00:00,recovery_scenario,iperf_tcp,80,1,,twin_core,490765,0.0,66166784,765,51,816,3,29.8248
2026-04-25T11:10:25.159684+00:00,recovery_scenario,iperf_tcp,80,1,,ryu_controller,490758,0.0,58712064,1240,26,1266,4,39.7727
2026-04-25T11:10:25.218245+00:00,recovery_scenario,iperf_tcp,80,1,pingall_completed,,,,,,,,,
2026-04-25T11:10:25.260753+00:00,recovery_scenario,iperf_tcp,80,1,,twin_core,490765,0.0,66174976,778,51,829,13,128.6074
2026-04-25T11:10:25.260753+00:00,recovery_scenario,iperf_tcp,80,1,,ryu_controller,490758,19.8,58712064,1254,37,1291,25,247.2919
2026-04-25T11:10:25.364549+00:00,recovery_scenario,iperf_tcp,80,1,,twin_core,490765,0.0,66174976,778,51,829,0,0.0
2026-04-25T11:10:25.364549+00:00,recovery_scenario,iperf_tcp,80,1,,ryu_controller,490758,0.0,58712064,1259,37,1296,5,48.128
2026-04-25T11:10:25.465971+00:00,recovery_scenario,iperf_tcp,80,1,,twin_core,490765,9.9,66174976,778,51,829,0,0.0
2026-04-25T11:10:25.465971+00:00,recovery_scenario,iperf_tcp,80,1,,ryu_controller,490758,0.0,58712064,1264,37,1301,5,49.2656
2026-04-25T11:10:25.568067+00:00,recovery_scenario,iperf_tcp,80,1,,twin_core,490765,9.8,66248704,778,51,829,0,0.0
2026-04-25T11:10:25.568067+00:00,recovery_scenario,iperf_tcp,80,1,,ryu_controller,490758,78.4,58929152,1317,37,1354,53,519.7107
2026-04-25T11:10:25.673013+00:00,recovery_scenario,iperf_tcp,80,1,,twin_core,490765,0.0,66248704,778,51,829,0,0.0
2026-04-25T11:10:25.673013+00:00,recovery_scenario,iperf_tcp,80,1,,ryu_controller,490758,0.0,58929152,1329,37,1366,12,114.3832
2026-04-25T11:10:25.775074+00:00,recovery_scenario,iperf_tcp,80,1,,twin_core,490765,0.0,66248704,778,51,829,0,0.0
2026-04-25T11:10:25.775074+00:00,recovery_scenario,iperf_tcp,80,1,,ryu_controller,490758,9.8,58929152,1332,37,1369,3,29.3837
2026-04-25T11:10:25.875769+00:00,recovery_scenario,iperf_tcp,80,1,,twin_core,490765,0.0,66248704,778,51,829,0,0.0
2026-04-25T11:10:25.875769+00:00,recovery_scenario,iperf_tcp,80,1,,ryu_controller,490758,0.0,58929152,1334,37,1371,2,19.8206
2026-04-25T11:10:25.993488+00:00,recovery_scenario,iperf_tcp,80,1,,twin_core,490765,0.0,66248704,778,51,829,0,0.0
2026-04-25T11:10:25.993488+00:00,recovery_scenario,iperf_tcp,80,1,,ryu_controller,490758,0.0,58929152,1337,37,1374,3,25.3952
2026-04-25T11:10:26.095045+00:00,recovery_scenario,iperf_tcp,80,1,,twin_core,490765,0.0,66248704,778,51,829,0,0.0
2026-04-25T11:10:26.095045+00:00,recovery_scenario,iperf_tcp,80,1,,ryu_controller,490758,0.0,58929152,1341,37,1378,4,39.0474
2026-04-25T11:10:26.198342+00:00,recovery_scenario,iperf_tcp,80,1,,twin_core,490765,9.7,66248704,778,51,829,0,0.0
2026-04-25T11:10:26.198342+00:00,recovery_scenario,iperf_tcp,80,1,,ryu_controller,490758,9.8,58929152,1344,37,1381,3,29.3132
2026-04-25T11:10:26.301231+00:00,recovery_scenario,iperf_tcp,80,1,,twin_core,490765,0.0,66252800,783,51,834,5,48.7531
2026-04-25T11:10:26.301231+00:00,recovery_scenario,iperf_tcp,80,1,,ryu_controller,490758,0.0,58929152,1346,38,1384,3,29.2653
2026-04-25T11:10:26.402085+00:00,recovery_scenario,iperf_tcp,80,1,,twin_core,490765,9.9,66252800,783,51,834,0,0.0
2026-04-25T11:10:26.402085+00:00,recovery_scenario,iperf_tcp,80,1,,ryu_controller,490758,0.0,58929152,1350,38,1388,4,39.7289
2026-04-25T11:10:26.503718+00:00,recovery_scenario,iperf_tcp,80,1,,twin_core,490765,0.0,66252800,783,51,834,0,0.0
2026-04-25T11:10:26.503718+00:00,recovery_scenario,iperf_tcp,80,1,,ryu_controller,490758,0.0,58929152,1365,38,1403,15,147.6885
2026-04-25T11:10:26.604365+00:00,recovery_scenario,iperf_tcp,80,1,,twin_core,490765,0.0,66252800,783,51,834,0,0.0
2026-04-25T11:10:26.604365+00:00,recovery_scenario,iperf_tcp,80,1,,ryu_controller,490758,0.0,58929152,1380,38,1418,15,148.734
2026-04-25T11:10:26.705108+00:00,recovery_scenario,iperf_tcp,80,1,,twin_core,490765,0.0,66252800,783,51,834,0,0.0
2026-04-25T11:10:26.705108+00:00,recovery_scenario,iperf_tcp,80,1,,ryu_controller,490758,59.7,58933248,1423,40,1463,45,447.6855
2026-04-25T11:10:26.805691+00:00,recovery_scenario,iperf_tcp,80,1,,twin_core,490765,0.0,66252800,783,51,834,0,0.0
2026-04-25T11:10:26.805691+00:00,recovery_scenario,iperf_tcp,80,1,,ryu_controller,490758,29.8,58957824,1434,44,1478,15,149.0016
2026-04-25T11:10:26.906362+00:00,recovery_scenario,iperf_tcp,80,1,,twin_core,490765,0.0,66252800,783,51,834,0,0.0
2026-04-25T11:10:26.906362+00:00,recovery_scenario,iperf_tcp,80,1,,ryu_controller,490758,0.0,58957824,1438,44,1482,4,39.6121
2026-04-25T11:10:27.007506+00:00,recovery_scenario,iperf_tcp,80,1,,twin_core,490765,0.0,66252800,783,51,834,0,0.0
2026-04-25T11:10:27.007506+00:00,recovery_scenario,iperf_tcp,80,1,,ryu_controller,490758,0.0,58957824,1442,50,1492,10,98.7421
2026-04-25T11:10:27.108535+00:00,recovery_scenario,iperf_tcp,80,1,,twin_core,490765,0.0,66252800,783,51,834,0,0.0
2026-04-25T11:10:27.108535+00:00,recovery_scenario,iperf_tcp,80,1,,ryu_controller,490758,0.0,58957824,1446,51,1497,5,49.5641
2026-04-25T11:10:27.209418+00:00,recovery_scenario,iperf_tcp,80,1,,twin_core,490765,0.0,66252800,783,51,834,0,0.0
2026-04-25T11:10:27.209418+00:00,recovery_scenario,iperf_tcp,80,1,,ryu_controller,490758,19.7,58957824,1450,53,1503,6,59.1987
2026-04-25T11:10:27.250274+00:00,recovery_scenario,iperf_tcp,80,1,background_traffic_started,,,,,,,,,
2026-04-25T11:10:27.313134+00:00,recovery_scenario,iperf_tcp,80,1,,twin_core,490765,9.7,66310144,802,55,857,23,222.6788
2026-04-25T11:10:27.313134+00:00,recovery_scenario,iperf_tcp,80,1,,ryu_controller,490758,38.9,58961920,1469,197,1666,163,1583.3355
2026-04-25T11:10:27.385098+00:00,recovery_scenario,iperf_tcp,80,1,fault_injected,,,,,,,,,
2026-04-25T11:10:27.413733+00:00,recovery_scenario,iperf_tcp,80,1,,twin_core,490765,9.9,66445312,814,73,887,30,298.3878
2026-04-25T11:10:27.413733+00:00,recovery_scenario,iperf_tcp,80,1,,ryu_controller,490758,69.6,58974208,1483,465,1948,282,2807.2566
2026-04-25T11:10:27.514154+00:00,recovery_scenario,iperf_tcp,80,1,,twin_core,490765,0.0,66445312,814,73,887,0,0.0
2026-04-25T11:10:27.514154+00:00,recovery_scenario,iperf_tcp,80,1,,ryu_controller,490758,49.8,59260928,1483,755,2238,290,2884.5584
2026-04-25T11:10:27.614731+00:00,recovery_scenario,iperf_tcp,80,1,,twin_core,490765,0.0,66445312,814,73,887,0,0.0
2026-04-25T11:10:27.614731+00:00,recovery_scenario,iperf_tcp,80,1,,ryu_controller,490758,99.4,59346944,1483,866,2349,111,1104.4855
2026-04-25T11:10:27.715240+00:00,recovery_scenario,iperf_tcp,80,1,,twin_core,490765,9.9,66445312,814,73,887,0,0.0
2026-04-25T11:10:27.715240+00:00,recovery_scenario,iperf_tcp,80,1,,ryu_controller,490758,109.4,59396096,1483,868,2351,2,19.8872
2026-04-25T11:10:27.816343+00:00,recovery_scenario,iperf_tcp,80,1,,twin_core,490765,0.0,66445312,814,73,887,0,0.0
2026-04-25T11:10:27.816343+00:00,recovery_scenario,iperf_tcp,80,1,,ryu_controller,490758,89.1,59437056,1483,870,2353,2,19.7691
2026-04-25T11:10:27.917074+00:00,recovery_scenario,iperf_tcp,80,1,,twin_core,490765,0.0,66449408,815,73,888,1,9.9292
2026-04-25T11:10:27.917074+00:00,recovery_scenario,iperf_tcp,80,1,,ryu_controller,490758,99.3,59437056,1483,871,2354,1,9.9394
2026-04-25T11:10:28.017503+00:00,recovery_scenario,iperf_tcp,80,1,,twin_core,490765,0.0,66449408,815,73,888,0,0.0
2026-04-25T11:10:28.017503+00:00,recovery_scenario,iperf_tcp,80,1,,ryu_controller,490758,109.4,59453440,1483,872,2355,1,9.944
2026-04-25T11:10:28.118049+00:00,recovery_scenario,iperf_tcp,80,1,,twin_core,490765,9.9,66449408,815,73,888,0,0.0
2026-04-25T11:10:28.118049+00:00,recovery_scenario,iperf_tcp,80,1,,ryu_controller,490758,89.0,59453440,1483,872,2355,0,0.0
2026-04-25T11:10:28.219161+00:00,recovery_scenario,iperf_tcp,80,1,,twin_core,490765,0.0,66449408,815,73,888,0,0.0
2026-04-25T11:10:28.219161+00:00,recovery_scenario,iperf_tcp,80,1,,ryu_controller,490758,109.4,59453440,1483,873,2356,1,9.9511
2026-04-25T11:10:28.319827+00:00,recovery_scenario,iperf_tcp,80,1,,twin_core,490765,0.0,66449408,815,73,888,0,0.0
2026-04-25T11:10:28.319827+00:00,recovery_scenario,iperf_tcp,80,1,,ryu_controller,490758,89.3,59453440,1483,875,2358,2,19.8325
2026-04-25T11:10:28.420590+00:00,recovery_scenario,iperf_tcp,80,1,,twin_core,490765,9.9,66482176,817,73,890,2,19.8731
2026-04-25T11:10:28.420590+00:00,recovery_scenario,iperf_tcp,80,1,,ryu_controller,490758,89.5,59457536,1504,878,2382,24,238.6953
2026-04-25T11:10:28.521157+00:00,recovery_scenario,iperf_tcp,80,1,,twin_core,490765,0.0,66482176,817,73,890,0,0.0
2026-04-25T11:10:28.521157+00:00,recovery_scenario,iperf_tcp,80,1,,ryu_controller,490758,0.0,59457536,1522,878,2400,18,178.9843
2026-04-25T11:10:28.622055+00:00,recovery_scenario,iperf_tcp,80,1,,twin_core,490765,0.0,66482176,817,73,890,0,0.0
2026-04-25T11:10:28.622055+00:00,recovery_scenario,iperf_tcp,80,1,,ryu_controller,490758,9.9,59457536,1527,878,2405,5,49.2947
2026-04-25T11:10:28.723406+00:00,recovery_scenario,iperf_tcp,80,1,,twin_core,490765,0.0,66482176,817,73,890,0,0.0
2026-04-25T11:10:28.723406+00:00,recovery_scenario,iperf_tcp,80,1,,ryu_controller,490758,0.0,59457536,1550,878,2428,23,227.6734
2026-04-25T11:10:28.824967+00:00,recovery_scenario,iperf_tcp,80,1,,twin_core,490765,0.0,66482176,817,73,890,0,0.0
2026-04-25T11:10:28.824967+00:00,recovery_scenario,iperf_tcp,80,1,,ryu_controller,490758,69.0,59457536,1580,883,2463,35,345.0952
2026-04-25T11:10:28.925979+00:00,recovery_scenario,iperf_tcp,80,1,,twin_core,490765,19.8,66486272,827,75,902,12,118.7394
2026-04-25T11:10:28.925979+00:00,recovery_scenario,iperf_tcp,80,1,,ryu_controller,490758,69.1,59457536,1611,883,2494,31,305.6444
2026-04-25T11:10:29.010060+00:00,recovery_scenario,iperf_tcp,80,1,recovery_requested,,,,,,,,,
2026-04-25T11:10:29.026963+00:00,recovery_scenario,iperf_tcp,80,1,,twin_core,490765,9.9,66486272,848,77,925,23,226.0666
2026-04-25T11:10:29.026963+00:00,recovery_scenario,iperf_tcp,80,1,,ryu_controller,490758,68.9,59457536,1650,887,2537,43,423.8509
2026-04-25T11:10:29.128529+00:00,recovery_scenario,iperf_tcp,80,1,,twin_core,490765,0.0,66486272,848,77,925,0,0.0
2026-04-25T11:10:29.128529+00:00,recovery_scenario,iperf_tcp,80,1,,ryu_controller,490758,9.9,59457536,1674,888,2562,25,247.6075
2026-04-25T11:10:29.229454+00:00,recovery_scenario,iperf_tcp,80,1,,twin_core,490765,0.0,66486272,848,77,925,0,0.0
2026-04-25T11:10:29.229454+00:00,recovery_scenario,iperf_tcp,80,1,,ryu_controller,490758,69.3,59469824,1690,893,2583,21,208.0891
2026-04-25T11:10:29.330294+00:00,recovery_scenario,iperf_tcp,80,1,,twin_core,490765,0.0,66486272,848,77,925,0,0.0
2026-04-25T11:10:29.330294+00:00,recovery_scenario,iperf_tcp,80,1,,ryu_controller,490758,99.4,59469824,1690,894,2584,1,9.9534
2026-04-25T11:10:29.430731+00:00,recovery_scenario,iperf_tcp,80,1,,twin_core,490765,0.0,66486272,848,77,925,0,0.0
2026-04-25T11:10:29.430731+00:00,recovery_scenario,iperf_tcp,80,1,,ryu_controller,490758,109.4,59469824,1690,895,2585,1,9.9379
2026-04-25T11:10:29.531601+00:00,recovery_scenario,iperf_tcp,80,1,,twin_core,490765,0.0,66486272,849,77,926,1,9.8893
2026-04-25T11:10:29.531601+00:00,recovery_scenario,iperf_tcp,80,1,,ryu_controller,490758,89.0,59469824,1690,900,2590,5,49.4623
2026-04-25T11:10:29.632700+00:00,recovery_scenario,iperf_tcp,80,1,,twin_core,490765,0.0,66486272,849,77,926,0,0.0
2026-04-25T11:10:29.632700+00:00,recovery_scenario,iperf_tcp,80,1,,ryu_controller,490758,99.1,59469824,1690,900,2590,0,0.0
2026-04-25T11:10:29.733434+00:00,recovery_scenario,iperf_tcp,80,1,,twin_core,490765,9.9,66486272,849,77,926,0,0.0
2026-04-25T11:10:29.733434+00:00,recovery_scenario,iperf_tcp,80,1,,ryu_controller,490758,108.9,59469824,1690,905,2595,5,49.4917
2026-04-25T11:10:29.834834+00:00,recovery_scenario,iperf_tcp,80,1,,twin_core,490765,0.0,66486272,849,77,926,0,0.0
2026-04-25T11:10:29.834834+00:00,recovery_scenario,iperf_tcp,80,1,,ryu_controller,490758,99.1,59469824,1690,909,2599,4,39.6413
2026-04-25T11:10:29.935300+00:00,recovery_scenario,iperf_tcp,80,1,,twin_core,490765,0.0,66486272,849,77,926,0,0.0
2026-04-25T11:10:29.935300+00:00,recovery_scenario,iperf_tcp,80,1,,ryu_controller,490758,89.6,59469824,1690,910,2600,1,9.9558
2026-04-25T11:10:30.035897+00:00,recovery_scenario,iperf_tcp,80,1,,twin_core,490765,9.9,66486272,850,83,933,7,69.5821
2026-04-25T11:10:30.035897+00:00,recovery_scenario,iperf_tcp,80,1,,ryu_controller,490758,99.4,59478016,1690,912,2602,2,19.8808
2026-04-25T11:10:30.138624+00:00,recovery_scenario,iperf_tcp,80,1,,twin_core,490765,0.0,66486272,850,83,933,0,0.0
2026-04-25T11:10:30.138624+00:00,recovery_scenario,iperf_tcp,80,1,,ryu_controller,490758,106.4,59478016,1690,914,2604,2,19.3395
2026-04-25T11:10:30.243170+00:00,recovery_scenario,iperf_tcp,80,1,,twin_core,490765,0.0,66486272,850,83,933,0,0.0
2026-04-25T11:10:30.243170+00:00,recovery_scenario,iperf_tcp,80,1,,ryu_controller,490758,105.8,59478016,1690,915,2605,1,9.6179
2026-04-25T11:10:30.343802+00:00,recovery_scenario,iperf_tcp,80,1,,twin_core,490765,0.0,66486272,850,83,933,0,0.0
2026-04-25T11:10:30.343802+00:00,recovery_scenario,iperf_tcp,80,1,,ryu_controller,490758,89.4,59478016,1690,916,2606,1,9.9208
2026-04-25T11:10:30.444762+00:00,recovery_scenario,iperf_tcp,80,1,,twin_core,490765,9.9,66486272,850,83,933,0,0.0
2026-04-25T11:10:30.444762+00:00,recovery_scenario,iperf_tcp,80,1,,ryu_controller,490758,98.7,59478016,1690,918,2608,2,19.7165
2026-04-25T11:10:30.546267+00:00,recovery_scenario,iperf_tcp,80,1,,twin_core,490765,0.0,66486272,851,83,934,1,9.8474
2026-04-25T11:10:30.546267+00:00,recovery_scenario,iperf_tcp,80,1,,ryu_controller,490758,98.6,59478016,1690,919,2609,1,9.8811
2026-04-25T11:10:30.647374+00:00,recovery_scenario,iperf_tcp,80,1,,twin_core,490765,9.9,66486272,851,83,934,0,0.0
2026-04-25T11:10:30.647374+00:00,recovery_scenario,iperf_tcp,80,1,,ryu_controller,490758,109.1,59490304,1690,920,2610,1,9.9187
2026-04-25T11:10:30.748150+00:00,recovery_scenario,iperf_tcp,80,1,,twin_core,490765,0.0,66486272,851,83,934,0,0.0
2026-04-25T11:10:30.748150+00:00,recovery_scenario,iperf_tcp,80,1,,ryu_controller,490758,99.0,59506688,1690,923,2613,3,29.6796
2026-04-25T11:10:30.849161+00:00,recovery_scenario,iperf_tcp,80,1,,twin_core,490765,0.0,66486272,851,83,934,0,0.0
2026-04-25T11:10:30.849161+00:00,recovery_scenario,iperf_tcp,80,1,,ryu_controller,490758,89.3,59518976,1690,926,2616,3,29.7386
2026-04-25T11:10:30.950050+00:00,recovery_scenario,iperf_tcp,80,1,,twin_core,490765,19.8,66486272,851,83,934,0,0.0
2026-04-25T11:10:30.950050+00:00,recovery_scenario,iperf_tcp,80,1,,ryu_controller,490758,108.1,59543552,1690,935,2625,9,88.5372
2026-04-25T11:10:31.052058+00:00,recovery_scenario,iperf_tcp,80,1,,twin_core,490765,0.0,66490368,852,83,935,1,9.8301
2026-04-25T11:10:31.052058+00:00,recovery_scenario,iperf_tcp,80,1,,ryu_controller,490758,89.1,59547648,1691,955,2646,21,207.8869
2026-04-25T11:10:31.152632+00:00,recovery_scenario,iperf_tcp,80,1,,twin_core,490765,9.9,66519040,852,83,935,0,0.0
2026-04-25T11:10:31.152632+00:00,recovery_scenario,iperf_tcp,80,1,,ryu_controller,490758,49.7,59551744,1714,962,2676,30,298.2911
2026-04-25T11:10:31.253251+00:00,recovery_scenario,iperf_tcp,80,1,,twin_core,490765,0.0,66519040,852,83,935,0,0.0
2026-04-25T11:10:31.253251+00:00,recovery_scenario,iperf_tcp,80,1,,ryu_controller,490758,9.9,59551744,1723,962,2685,9,89.0847
2026-04-25T11:10:31.354558+00:00,recovery_scenario,iperf_tcp,80,1,,twin_core,490765,0.0,66519040,852,83,935,0,0.0
2026-04-25T11:10:31.354558+00:00,recovery_scenario,iperf_tcp,80,1,,ryu_controller,490758,9.9,59551744,1732,964,2696,11,109.0932
2026-04-25T11:10:31.455247+00:00,recovery_scenario,iperf_tcp,80,1,,twin_core,490765,0.0,66519040,852,83,935,0,0.0
2026-04-25T11:10:31.455247+00:00,recovery_scenario,iperf_tcp,80,1,,ryu_controller,490758,19.9,59551744,1744,964,2708,12,118.7994
2026-04-25T11:10:31.556704+00:00,recovery_scenario,iperf_tcp,80,1,,twin_core,490765,9.9,66523136,865,83,948,13,128.2498
2026-04-25T11:10:31.556704+00:00,recovery_scenario,iperf_tcp,80,1,,ryu_controller,490758,29.6,59551744,1764,964,2728,20,197.5969
2026-04-25T11:10:31.623704+00:00,recovery_scenario,iperf_tcp,80,1,scenario_teardown,,,,,,,,,
2026-04-25T11:10:31.657803+00:00,recovery_scenario,iperf_tcp,80,1,,twin_core,490765,19.8,66531328,882,85,967,19,187.6915
2026-04-25T11:10:31.657803+00:00,recovery_scenario,iperf_tcp,80,1,,ryu_controller,490758,39.5,59551744,1806,964,2770,42,415.0955
2026-04-25T11:10:31.758810+00:00,recovery_scenario,iperf_tcp,80,1,,twin_core,490765,0.0,66531328,904,85,989,22,217.9735
2026-04-25T11:10:31.758810+00:00,recovery_scenario,iperf_tcp,80,1,,ryu_controller,490758,19.8,59551744,1830,966,2796,26,257.6648
2026-04-25T11:10:31.859385+00:00,recovery_scenario,iperf_tcp,80,1,,twin_core,490765,9.9,66531328,926,88,1014,25,248.6458
2026-04-25T11:10:31.859385+00:00,recovery_scenario,iperf_tcp,80,1,,ryu_controller,490758,19.9,59551744,1839,973,2812,16,158.8369
2026-04-25T11:10:31.960138+00:00,recovery_scenario,iperf_tcp,80,1,,twin_core,490765,0.0,66531328,935,89,1024,10,99.1868
2026-04-25T11:10:31.960138+00:00,recovery_scenario,iperf_tcp,80,1,,ryu_controller,490758,0.0,59551744,1852,974,2826,14,139.1317
2026-04-25T11:10:32.060758+00:00,recovery_scenario,iperf_tcp,80,1,,twin_core,490765,0.0,66531328,937,89,1026,2,19.8963
2026-04-25T11:10:32.060758+00:00,recovery_scenario,iperf_tcp,80,1,,ryu_controller,490758,10.0,59551744,1871,974,2845,19,189.0867
2026-04-25T11:10:35.357800+00:00,recovery_scenario,iperf_tcp,30,1,,twin_core,491797,0.0,65175552,397,102,499,0,0.0
2026-04-25T11:10:35.357800+00:00,recovery_scenario,iperf_tcp,30,1,,ryu_controller,491790,0.0,57643008,7,5,12,0,0.0
2026-04-25T11:10:35.459911+00:00,recovery_scenario,iperf_tcp,30,1,,twin_core,491797,9.8,65228800,442,106,548,49,480.458
2026-04-25T11:10:35.459911+00:00,recovery_scenario,iperf_tcp,30,1,,ryu_controller,491790,39.5,57978880,15,6,21,9,89.4436
2026-04-25T11:10:35.560453+00:00,recovery_scenario,iperf_tcp,30,1,,twin_core,491797,0.0,65232896,534,108,642,94,934.9901
2026-04-25T11:10:35.560453+00:00,recovery_scenario,iperf_tcp,30,1,,ryu_controller,491790,19.9,57999360,42,9,51,30,297.8407
2026-04-25T11:10:35.637313+00:00,recovery_scenario,iperf_tcp,30,1,service_started,,,,,,,,,
2026-04-25T11:10:35.661111+00:00,recovery_scenario,iperf_tcp,30,1,,twin_core,491797,19.9,65867776,611,108,719,77,764.8178
2026-04-25T11:10:35.661111+00:00,recovery_scenario,iperf_tcp,30,1,,ryu_controller,491790,39.8,58056704,83,13,96,45,447.8688
2026-04-25T11:10:35.761583+00:00,recovery_scenario,iperf_tcp,30,1,,twin_core,491797,10.0,66023424,612,108,720,1,9.9472
2026-04-25T11:10:35.761583+00:00,recovery_scenario,iperf_tcp,30,1,,ryu_controller,491790,39.8,58114048,116,13,129,33,328.2438
2026-04-25T11:10:35.862569+00:00,recovery_scenario,iperf_tcp,30,1,,twin_core,491797,9.9,66023424,612,108,720,0,0.0
2026-04-25T11:10:35.862569+00:00,recovery_scenario,iperf_tcp,30,1,,ryu_controller,491790,29.7,58126336,160,13,173,44,435.5421
2026-04-25T11:10:35.963955+00:00,recovery_scenario,iperf_tcp,30,1,,twin_core,491797,0.0,66023424,612,108,720,0,0.0
2026-04-25T11:10:35.963955+00:00,recovery_scenario,iperf_tcp,30,1,,ryu_controller,491790,19.7,58130432,177,13,190,17,167.4149
2026-04-25T11:10:36.064701+00:00,recovery_scenario,iperf_tcp,30,1,,twin_core,491797,0.0,66023424,612,108,720,0,0.0
2026-04-25T11:10:36.064701+00:00,recovery_scenario,iperf_tcp,30,1,,ryu_controller,491790,19.9,58130432,208,13,221,31,308.3036
2026-04-25T11:10:36.165227+00:00,recovery_scenario,iperf_tcp,30,1,,twin_core,491797,0.0,66023424,612,108,720,0,0.0
2026-04-25T11:10:36.165227+00:00,recovery_scenario,iperf_tcp,30,1,,ryu_controller,491790,9.9,58134528,229,13,242,21,208.4509
2026-04-25T11:10:36.267795+00:00,recovery_scenario,iperf_tcp,30,1,,twin_core,491797,0.0,66023424,612,108,720,0,0.0
2026-04-25T11:10:36.267795+00:00,recovery_scenario,iperf_tcp,30,1,,ryu_controller,491790,19.5,58138624,251,13,264,22,214.4849
2026-04-25T11:10:36.369052+00:00,recovery_scenario,iperf_tcp,30,1,,twin_core,491797,0.0,66023424,612,108,720,0,0.0
2026-04-25T11:10:36.369052+00:00,recovery_scenario,iperf_tcp,30,1,,ryu_controller,491790,9.9,58146816,267,13,280,16,158.2962
2026-04-25T11:10:36.469602+00:00,recovery_scenario,iperf_tcp,30,1,,twin_core,491797,0.0,66023424,612,108,720,0,0.0
2026-04-25T11:10:36.469602+00:00,recovery_scenario,iperf_tcp,30,1,,ryu_controller,491790,19.9,58155008,277,14,291,11,109.4565
2026-04-25T11:10:36.570093+00:00,recovery_scenario,iperf_tcp,30,1,,twin_core,491797,0.0,66023424,612,108,720,0,0.0
2026-04-25T11:10:36.570093+00:00,recovery_scenario,iperf_tcp,30,1,,ryu_controller,491790,29.9,58159104,307,15,322,31,308.6237
2026-04-25T11:10:36.670549+00:00,recovery_scenario,iperf_tcp,30,1,,twin_core,491797,0.0,66023424,612,108,720,0,0.0
2026-04-25T11:10:36.670549+00:00,recovery_scenario,iperf_tcp,30,1,,ryu_controller,491790,19.9,58167296,338,15,353,31,308.2724
2026-04-25T11:10:36.771097+00:00,recovery_scenario,iperf_tcp,30,1,,twin_core,491797,0.0,66023424,612,108,720,0,0.0
2026-04-25T11:10:36.771097+00:00,recovery_scenario,iperf_tcp,30,1,,ryu_controller,491790,19.9,58175488,362,15,377,24,238.8528
2026-04-25T11:10:36.872913+00:00,recovery_scenario,iperf_tcp,30,1,,twin_core,491797,0.0,66023424,612,108,720,0,0.0
2026-04-25T11:10:36.872913+00:00,recovery_scenario,iperf_tcp,30,1,,ryu_controller,491790,19.6,58183680,382,15,397,20,196.4429
2026-04-25T11:10:36.973930+00:00,recovery_scenario,iperf_tcp,30,1,,twin_core,491797,0.0,66023424,612,108,720,0,0.0
2026-04-25T11:10:36.973930+00:00,recovery_scenario,iperf_tcp,30,1,,ryu_controller,491790,19.7,58183680,397,15,412,15,148.0722
2026-04-25T11:10:37.074744+00:00,recovery_scenario,iperf_tcp,30,1,,twin_core,491797,0.0,66023424,612,108,720,0,0.0
2026-04-25T11:10:37.074744+00:00,recovery_scenario,iperf_tcp,30,1,,ryu_controller,491790,29.8,58191872,428,15,443,31,308.0204
2026-04-25T11:10:37.175403+00:00,recovery_scenario,iperf_tcp,30,1,,twin_core,491797,0.0,66023424,612,108,720,0,0.0
2026-04-25T11:10:37.175403+00:00,recovery_scenario,iperf_tcp,30,1,,ryu_controller,491790,29.8,58306560,468,15,483,40,397.2389
2026-04-25T11:10:37.276023+00:00,recovery_scenario,iperf_tcp,30,1,,twin_core,491797,0.0,66023424,612,108,720,0,0.0
2026-04-25T11:10:37.276023+00:00,recovery_scenario,iperf_tcp,30,1,,ryu_controller,491790,29.9,58335232,505,15,520,37,368.4848
2026-04-25T11:10:37.376496+00:00,recovery_scenario,iperf_tcp,30,1,,twin_core,491797,0.0,66023424,612,108,720,0,0.0
2026-04-25T11:10:37.376496+00:00,recovery_scenario,iperf_tcp,30,1,,ryu_controller,491790,19.9,58335232,533,15,548,28,278.1587
2026-04-25T11:10:37.477101+00:00,recovery_scenario,iperf_tcp,30,1,,twin_core,491797,0.0,66023424,612,108,720,0,0.0
2026-04-25T11:10:37.477101+00:00,recovery_scenario,iperf_tcp,30,1,,ryu_controller,491790,19.9,58339328,560,15,575,27,268.7314
2026-04-25T11:10:37.577601+00:00,recovery_scenario,iperf_tcp,30,1,,twin_core,491797,0.0,66023424,612,108,720,0,0.0
2026-04-25T11:10:37.577601+00:00,recovery_scenario,iperf_tcp,30,1,,ryu_controller,491790,9.9,58339328,575,15,590,15,149.1317
2026-04-25T11:10:37.679896+00:00,recovery_scenario,iperf_tcp,30,1,,twin_core,491797,0.0,66023424,612,108,720,0,0.0
2026-04-25T11:10:37.679896+00:00,recovery_scenario,iperf_tcp,30,1,,ryu_controller,491790,0.0,58339328,582,15,597,7,68.4388
2026-04-25T11:10:37.780446+00:00,recovery_scenario,iperf_tcp,30,1,,twin_core,491797,9.9,66084864,614,108,722,2,19.8716
2026-04-25T11:10:37.780446+00:00,recovery_scenario,iperf_tcp,30,1,,ryu_controller,491790,49.7,58372096,644,16,660,63,625.8774
2026-04-25T11:10:37.881108+00:00,recovery_scenario,iperf_tcp,30,1,,twin_core,491797,0.0,66084864,620,108,728,6,59.7159
2026-04-25T11:10:37.881108+00:00,recovery_scenario,iperf_tcp,30,1,,ryu_controller,491790,10.0,58376192,669,16,685,25,248.9152
2026-04-25T11:10:37.983142+00:00,recovery_scenario,iperf_tcp,30,1,,twin_core,491797,0.0,66084864,623,108,731,3,29.3839
2026-04-25T11:10:37.983142+00:00,recovery_scenario,iperf_tcp,30,1,,ryu_controller,491790,9.8,58376192,685,16,701,16,156.6705
2026-04-25T11:10:38.084245+00:00,recovery_scenario,iperf_tcp,30,1,,twin_core,491797,0.0,66084864,626,108,734,3,29.6377
2026-04-25T11:10:38.084245+00:00,recovery_scenario,iperf_tcp,30,1,,ryu_controller,491790,9.9,58380288,697,16,713,12,118.4519
2026-04-25T11:10:38.184957+00:00,recovery_scenario,iperf_tcp,30,1,,twin_core,491797,9.9,66084864,629,108,737,3,29.8399
2026-04-25T11:10:38.184957+00:00,recovery_scenario,iperf_tcp,30,1,,ryu_controller,491790,10.0,58380288,724,16,740,27,268.8583
2026-04-25T11:10:38.285468+00:00,recovery_scenario,iperf_tcp,30,1,,twin_core,491797,0.0,66084864,635,108,743,6,59.4458
2026-04-25T11:10:38.285468+00:00,recovery_scenario,iperf_tcp,30,1,,ryu_controller,491790,0.0,58380288,732,16,748,8,79.0756
2026-04-25T11:10:38.386566+00:00,recovery_scenario,iperf_tcp,30,1,,twin_core,491797,0.0,66084864,637,108,745,2,19.8339
2026-04-25T11:10:38.386566+00:00,recovery_scenario,iperf_tcp,30,1,,ryu_controller,491790,19.9,58384384,746,16,762,14,139.1262
2026-04-25T11:10:38.487219+00:00,recovery_scenario,iperf_tcp,30,1,,twin_core,491797,0.0,66084864,646,108,754,9,89.5592
2026-04-25T11:10:38.487219+00:00,recovery_scenario,iperf_tcp,30,1,,ryu_controller,491790,10.0,58388480,761,16,777,15,149.3012
2026-04-25T11:10:38.594559+00:00,recovery_scenario,iperf_tcp,30,1,,twin_core,491797,0.0,66084864,649,108,757,3,27.1567
2026-04-25T11:10:38.594559+00:00,recovery_scenario,iperf_tcp,30,1,,ryu_controller,491790,27.1,58388480,779,17,796,19,164.2982
2026-04-25T11:10:38.703383+00:00,recovery_scenario,iperf_tcp,30,1,,twin_core,491797,9.2,66084864,652,108,760,3,28.3758
2026-04-25T11:10:38.703383+00:00,recovery_scenario,iperf_tcp,30,1,,ryu_controller,491790,18.9,58396672,792,17,809,13,129.0975
2026-04-25T11:10:38.804021+00:00,recovery_scenario,iperf_tcp,30,1,,twin_core,491797,9.9,66084864,655,108,763,3,29.7917
2026-04-25T11:10:38.804021+00:00,recovery_scenario,iperf_tcp,30,1,,ryu_controller,491790,0.0,58396672,828,17,845,36,357.954
2026-04-25T11:10:38.905718+00:00,recovery_scenario,iperf_tcp,30,1,,twin_core,491797,0.0,66084864,658,108,766,3,29.513
2026-04-25T11:10:38.905718+00:00,recovery_scenario,iperf_tcp,30,1,,ryu_controller,491790,19.7,58396672,840,17,857,12,118.0485
2026-04-25T11:10:39.006251+00:00,recovery_scenario,iperf_tcp,30,1,,twin_core,491797,0.0,66084864,667,108,775,9,89.5053
2026-04-25T11:10:39.006251+00:00,recovery_scenario,iperf_tcp,30,1,,ryu_controller,491790,9.9,58396672,853,17,870,13,129.0308
2026-04-25T11:10:39.107115+00:00,recovery_scenario,iperf_tcp,30,1,,twin_core,491797,0.0,66084864,670,108,778,3,29.7159
2026-04-25T11:10:39.107115+00:00,recovery_scenario,iperf_tcp,30,1,,ryu_controller,491790,9.9,58396672,870,17,887,17,168.4519
2026-04-25T11:10:39.207969+00:00,recovery_scenario,iperf_tcp,30,1,,twin_core,491797,0.0,66084864,673,108,781,3,29.7476
2026-04-25T11:10:39.207969+00:00,recovery_scenario,iperf_tcp,30,1,,ryu_controller,491790,19.8,58437632,891,17,908,21,208.48
2026-04-25T11:10:39.309583+00:00,recovery_scenario,iperf_tcp,30,1,,twin_core,491797,0.0,66084864,676,108,784,3,29.5372
2026-04-25T11:10:39.309583+00:00,recovery_scenario,iperf_tcp,30,1,,ryu_controller,491790,49.2,58646528,933,17,950,42,413.6852
2026-04-25T11:10:39.410164+00:00,recovery_scenario,iperf_tcp,30,1,,twin_core,491797,0.0,66084864,679,108,787,3,29.8424
2026-04-25T11:10:39.410164+00:00,recovery_scenario,iperf_tcp,30,1,,ryu_controller,491790,9.9,58646528,946,17,963,13,129.3326
2026-04-25T11:10:39.510718+00:00,recovery_scenario,iperf_tcp,30,1,,twin_core,491797,0.0,66084864,685,108,793,6,59.656
2026-04-25T11:10:39.510718+00:00,recovery_scenario,iperf_tcp,30,1,,ryu_controller,491790,0.0,58646528,950,17,967,4,39.7596
2026-04-25T11:10:39.611265+00:00,recovery_scenario,iperf_tcp,30,1,,twin_core,491797,9.9,66084864,694,108,802,9,89.5785
2026-04-25T11:10:39.611265+00:00,recovery_scenario,iperf_tcp,30,1,,ryu_controller,491790,10.0,58646528,969,17,986,19,189.1948
2026-04-25T11:10:39.711864+00:00,recovery_scenario,iperf_tcp,30,1,,twin_core,491797,0.0,66084864,700,108,808,6,59.6377
2026-04-25T11:10:39.711864+00:00,recovery_scenario,iperf_tcp,30,1,,ryu_controller,491790,19.9,58646528,987,17,1004,18,178.8798
2026-04-25T11:10:39.812332+00:00,recovery_scenario,iperf_tcp,30,1,,twin_core,491797,10.0,66084864,703,108,811,3,29.8702
2026-04-25T11:10:39.812332+00:00,recovery_scenario,iperf_tcp,30,1,,ryu_controller,491790,59.7,58687488,1028,17,1045,41,408.3335
2026-04-25T11:10:39.913386+00:00,recovery_scenario,iperf_tcp,30,1,,twin_core,491797,0.0,66195456,709,108,817,6,59.3265
2026-04-25T11:10:39.913386+00:00,recovery_scenario,iperf_tcp,30,1,,ryu_controller,491790,19.7,58712064,1042,17,1059,14,137.9509
2026-04-25T11:10:40.014219+00:00,recovery_scenario,iperf_tcp,30,1,,twin_core,491797,0.0,66195456,718,108,826,9,89.2726
2026-04-25T11:10:40.014219+00:00,recovery_scenario,iperf_tcp,30,1,,ryu_controller,491790,9.9,58712064,1059,17,1076,17,169.1858
2026-04-25T11:10:40.114886+00:00,recovery_scenario,iperf_tcp,30,1,,twin_core,491797,0.0,66195456,721,108,829,3,29.7957
2026-04-25T11:10:40.114886+00:00,recovery_scenario,iperf_tcp,30,1,,ryu_controller,491790,9.9,58712064,1073,17,1090,14,138.9991
2026-04-25T11:10:40.215415+00:00,recovery_scenario,iperf_tcp,30,1,,twin_core,491797,0.0,66195456,721,108,829,0,0.0
2026-04-25T11:10:40.215415+00:00,recovery_scenario,iperf_tcp,30,1,,ryu_controller,491790,9.9,58712064,1094,17,1111,21,208.9522
2026-04-25T11:10:40.315956+00:00,recovery_scenario,iperf_tcp,30,1,,twin_core,491797,0.0,66195456,727,108,835,6,59.69
2026-04-25T11:10:40.315956+00:00,recovery_scenario,iperf_tcp,30,1,,ryu_controller,491790,10.0,58716160,1112,17,1129,18,179.1232
2026-04-25T11:10:40.416601+00:00,recovery_scenario,iperf_tcp,30,1,,twin_core,491797,9.9,66195456,739,108,847,12,119.0981
2026-04-25T11:10:40.416601+00:00,recovery_scenario,iperf_tcp,30,1,,ryu_controller,491790,19.8,58716160,1132,17,1149,20,198.4949
2026-04-25T11:10:40.517238+00:00,recovery_scenario,iperf_tcp,30,1,,twin_core,491797,0.0,66195456,742,108,850,3,29.8304
2026-04-25T11:10:40.517238+00:00,recovery_scenario,iperf_tcp,30,1,,ryu_controller,491790,19.9,58716160,1156,17,1173,24,238.6143
2026-04-25T11:10:40.617864+00:00,recovery_scenario,iperf_tcp,30,1,,twin_core,491797,0.0,66195456,742,108,850,0,0.0
2026-04-25T11:10:40.617864+00:00,recovery_scenario,iperf_tcp,30,1,,ryu_controller,491790,9.9,58716160,1172,17,1189,16,159.0405
2026-04-25T11:10:40.721991+00:00,recovery_scenario,iperf_tcp,30,1,,twin_core,491797,0.0,66195456,748,108,856,6,57.6114
2026-04-25T11:10:40.721991+00:00,recovery_scenario,iperf_tcp,30,1,,ryu_controller,491790,0.0,58716160,1176,17,1193,4,38.3962
2026-04-25T11:10:40.822540+00:00,recovery_scenario,iperf_tcp,30,1,,twin_core,491797,0.0,66195456,757,108,865,9,89.467
2026-04-25T11:10:40.822540+00:00,recovery_scenario,iperf_tcp,30,1,,ryu_controller,491790,19.9,58716160,1206,17,1223,30,298.3336
2026-04-25T11:10:40.924796+00:00,recovery_scenario,iperf_tcp,30,1,,twin_core,491797,0.0,66195456,763,108,871,6,58.6637
2026-04-25T11:10:40.924796+00:00,recovery_scenario,iperf_tcp,30,1,,ryu_controller,491790,9.8,58716160,1223,17,1240,17,166.0901
2026-04-25T11:10:41.027282+00:00,recovery_scenario,iperf_tcp,30,1,,twin_core,491797,0.0,66195456,763,108,871,0,0.0
2026-04-25T11:10:41.027282+00:00,recovery_scenario,iperf_tcp,30,1,,ryu_controller,491790,9.7,58716160,1236,17,1253,13,126.628
2026-04-25T11:10:41.128141+00:00,recovery_scenario,iperf_tcp,30,1,,twin_core,491797,0.0,66195456,769,108,877,6,59.5032
2026-04-25T11:10:41.128141+00:00,recovery_scenario,iperf_tcp,30,1,,ryu_controller,491790,19.9,58716160,1255,17,1272,19,188.9327
2026-04-25T11:10:41.233369+00:00,recovery_scenario,iperf_tcp,30,1,,twin_core,491797,9.5,66195456,775,108,883,6,56.9214
2026-04-25T11:10:41.233369+00:00,recovery_scenario,iperf_tcp,30,1,,ryu_controller,491790,0.0,58716160,1258,17,1275,3,28.4541
2026-04-25T11:10:41.334695+00:00,recovery_scenario,iperf_tcp,30,1,,twin_core,491797,0.0,66195456,778,108,886,3,29.6769
2026-04-25T11:10:41.334695+00:00,recovery_scenario,iperf_tcp,30,1,,ryu_controller,491790,59.4,58720256,1282,17,1299,24,237.5355
2026-04-25T11:10:41.435802+00:00,recovery_scenario,iperf_tcp,30,1,,twin_core,491797,0.0,66195456,784,108,892,6,59.3005
2026-04-25T11:10:41.435802+00:00,recovery_scenario,iperf_tcp,30,1,,ryu_controller,491790,49.4,58830848,1311,17,1328,29,286.5323
2026-04-25T11:10:41.514022+00:00,recovery_scenario,iperf_tcp,30,1,pingall_completed,,,,,,,,,
2026-04-25T11:10:41.536370+00:00,recovery_scenario,iperf_tcp,30,1,,twin_core,491797,0.0,66199552,796,109,905,13,129.2682
2026-04-25T11:10:41.536370+00:00,recovery_scenario,iperf_tcp,30,1,,ryu_controller,491790,0.0,58830848,1315,17,1332,4,39.6858
2026-04-25T11:10:41.638670+00:00,recovery_scenario,iperf_tcp,30,1,,twin_core,491797,0.0,66199552,796,109,905,0,0.0
2026-04-25T11:10:41.638670+00:00,recovery_scenario,iperf_tcp,30,1,,ryu_controller,491790,9.8,58830848,1339,17,1356,24,235.2961
2026-04-25T11:10:41.740399+00:00,recovery_scenario,iperf_tcp,30,1,,twin_core,491797,0.0,66199552,796,109,905,0,0.0
2026-04-25T11:10:41.740399+00:00,recovery_scenario,iperf_tcp,30,1,,ryu_controller,491790,0.0,58830848,1342,17,1359,3,29.377
2026-04-25T11:10:41.841295+00:00,recovery_scenario,iperf_tcp,30,1,,twin_core,491797,9.9,66199552,796,109,905,0,0.0
2026-04-25T11:10:41.841295+00:00,recovery_scenario,iperf_tcp,30,1,,ryu_controller,491790,19.8,58830848,1348,17,1365,6,59.4132
2026-04-25T11:10:41.942314+00:00,recovery_scenario,iperf_tcp,30,1,,twin_core,491797,19.8,66273280,796,109,905,0,0.0
2026-04-25T11:10:41.942314+00:00,recovery_scenario,iperf_tcp,30,1,,ryu_controller,491790,79.5,58851328,1396,17,1413,48,477.59
2026-04-25T11:10:42.042845+00:00,recovery_scenario,iperf_tcp,30,1,,twin_core,491797,0.0,66273280,796,109,905,0,0.0
2026-04-25T11:10:42.042845+00:00,recovery_scenario,iperf_tcp,30,1,,ryu_controller,491790,0.0,58851328,1400,17,1417,4,39.7501
2026-04-25T11:10:42.143448+00:00,recovery_scenario,iperf_tcp,30,1,,twin_core,491797,0.0,66273280,796,109,905,0,0.0
2026-04-25T11:10:42.143448+00:00,recovery_scenario,iperf_tcp,30,1,,ryu_controller,491790,0.0,58851328,1403,17,1420,3,29.7545
2026-04-25T11:10:42.245856+00:00,recovery_scenario,iperf_tcp,30,1,,twin_core,491797,0.0,66273280,796,109,905,0,0.0
2026-04-25T11:10:42.245856+00:00,recovery_scenario,iperf_tcp,30,1,,ryu_controller,491790,0.0,58851328,1406,17,1423,3,29.3126
2026-04-25T11:10:42.350009+00:00,recovery_scenario,iperf_tcp,30,1,,twin_core,491797,0.0,66273280,796,109,905,0,0.0
2026-04-25T11:10:42.350009+00:00,recovery_scenario,iperf_tcp,30,1,,ryu_controller,491790,9.6,58851328,1418,17,1435,12,115.2716
2026-04-25T11:10:42.455151+00:00,recovery_scenario,iperf_tcp,30,1,,twin_core,491797,0.0,66273280,796,109,905,0,0.0
2026-04-25T11:10:42.455151+00:00,recovery_scenario,iperf_tcp,30,1,,ryu_controller,491790,0.0,58851328,1430,17,1447,12,104.7934
2026-04-25T11:10:42.565378+00:00,recovery_scenario,iperf_tcp,30,1,,twin_core,491797,9.1,66277376,801,109,910,5,48.2642
2026-04-25T11:10:42.565378+00:00,recovery_scenario,iperf_tcp,30,1,,ryu_controller,491790,0.0,58851328,1432,17,1449,2,19.7519
2026-04-25T11:10:42.666512+00:00,recovery_scenario,iperf_tcp,30,1,,twin_core,491797,0.0,66277376,801,109,910,0,0.0
2026-04-25T11:10:42.666512+00:00,recovery_scenario,iperf_tcp,30,1,,ryu_controller,491790,0.0,58851328,1435,17,1452,3,29.7233
2026-04-25T11:10:42.767531+00:00,recovery_scenario,iperf_tcp,30,1,,twin_core,491797,0.0,66277376,801,109,910,0,0.0
2026-04-25T11:10:42.767531+00:00,recovery_scenario,iperf_tcp,30,1,,ryu_controller,491790,0.0,58851328,1439,17,1456,4,39.7062
2026-04-25T11:10:42.868087+00:00,recovery_scenario,iperf_tcp,30,1,,twin_core,491797,0.0,66277376,801,109,910,0,0.0
2026-04-25T11:10:42.868087+00:00,recovery_scenario,iperf_tcp,30,1,,ryu_controller,491790,0.0,58851328,1447,17,1464,8,79.6075
2026-04-25T11:10:42.968985+00:00,recovery_scenario,iperf_tcp,30,1,,twin_core,491797,0.0,66277376,801,109,910,0,0.0
2026-04-25T11:10:42.968985+00:00,recovery_scenario,iperf_tcp,30,1,,ryu_controller,491790,0.0,58851328,1466,18,1484,20,197.249
2026-04-25T11:10:43.072713+00:00,recovery_scenario,iperf_tcp,30,1,,twin_core,491797,0.0,66277376,801,109,910,0,0.0
2026-04-25T11:10:43.072713+00:00,recovery_scenario,iperf_tcp,30,1,,ryu_controller,491790,9.6,58851328,1470,19,1489,5,48.4351
2026-04-25T11:10:43.173203+00:00,recovery_scenario,iperf_tcp,30,1,,twin_core,491797,0.0,66277376,801,109,910,0,0.0
2026-04-25T11:10:43.173203+00:00,recovery_scenario,iperf_tcp,30,1,,ryu_controller,491790,0.0,58851328,1474,24,1498,9,89.5749
2026-04-25T11:10:43.273767+00:00,recovery_scenario,iperf_tcp,30,1,,twin_core,491797,0.0,66277376,801,109,910,0,0.0
2026-04-25T11:10:43.273767+00:00,recovery_scenario,iperf_tcp,30,1,,ryu_controller,491790,0.0,58851328,1477,27,1504,6,59.6251
2026-04-25T11:10:43.378698+00:00,recovery_scenario,iperf_tcp,30,1,,twin_core,491797,0.0,66277376,801,109,910,0,0.0
2026-04-25T11:10:43.378698+00:00,recovery_scenario,iperf_tcp,30,1,,ryu_controller,491790,0.0,58851328,1481,30,1511,7,66.7508
2026-04-25T11:10:43.479167+00:00,recovery_scenario,iperf_tcp,30,1,,twin_core,491797,0.0,66277376,801,109,910,0,0.0
2026-04-25T11:10:43.479167+00:00,recovery_scenario,iperf_tcp,30,1,,ryu_controller,491790,19.9,58855424,1487,72,1559,48,477.8252
2026-04-25T11:10:43.539805+00:00,recovery_scenario,iperf_tcp,30,1,background_traffic_started,,,,,,,,,
2026-04-25T11:10:43.580728+00:00,recovery_scenario,iperf_tcp,30,1,,twin_core,491797,19.7,66285568,804,118,922,12,118.1486
2026-04-25T11:10:43.580728+00:00,recovery_scenario,iperf_tcp,30,1,,ryu_controller,491790,29.5,58863616,1489,115,1604,45,443.0723
2026-04-25T11:10:43.681406+00:00,recovery_scenario,iperf_tcp,30,1,,twin_core,491797,0.0,66285568,809,119,928,6,59.476
2026-04-25T11:10:43.681406+00:00,recovery_scenario,iperf_tcp,30,1,,ryu_controller,491790,39.6,58884096,1491,167,1658,54,534.7255
2026-04-25T11:10:43.782505+00:00,recovery_scenario,iperf_tcp,30,1,,twin_core,491797,0.0,66293760,813,120,933,5,49.2481
2026-04-25T11:10:43.782505+00:00,recovery_scenario,iperf_tcp,30,1,,ryu_controller,491790,29.6,58892288,1491,214,1705,47,460.6895
2026-04-25T11:10:43.885048+00:00,recovery_scenario,iperf_tcp,30,1,,twin_core,491797,0.0,66342912,820,121,941,8,78.2714
2026-04-25T11:10:43.885048+00:00,recovery_scenario,iperf_tcp,30,1,,ryu_controller,491790,29.3,58966016,1498,250,1748,43,422.367
2026-04-25T11:10:43.986783+00:00,recovery_scenario,iperf_tcp,30,1,,twin_core,491797,9.8,66412544,827,122,949,8,78.577
2026-04-25T11:10:43.986783+00:00,recovery_scenario,iperf_tcp,30,1,,ryu_controller,491790,29.4,59043840,1499,292,1791,43,421.7651
2026-04-25T11:10:44.050614+00:00,recovery_scenario,iperf_tcp,30,1,fault_injected,,,,,,,,,
2026-04-25T11:10:44.088416+00:00,recovery_scenario,iperf_tcp,30,1,,twin_core,491797,9.8,66506752,832,131,963,14,137.1959
2026-04-25T11:10:44.088416+00:00,recovery_scenario,iperf_tcp,30,1,,ryu_controller,491790,39.3,59047936,1502,443,1945,154,1510.4527
2026-04-25T11:10:44.194099+00:00,recovery_scenario,iperf_tcp,30,1,,twin_core,491797,0.0,66506752,832,131,963,0,0.0
2026-04-25T11:10:44.194099+00:00,recovery_scenario,iperf_tcp,30,1,,ryu_controller,491790,47.7,59400192,1502,501,2003,58,554.0498
2026-04-25T11:10:44.294605+00:00,recovery_scenario,iperf_tcp,30,1,,twin_core,491797,0.0,66506752,832,131,963,0,0.0
2026-04-25T11:10:44.294605+00:00,recovery_scenario,iperf_tcp,30,1,,ryu_controller,491790,89.5,59408384,1502,538,2040,37,367.8093
2026-04-25T11:10:44.395197+00:00,recovery_scenario,iperf_tcp,30,1,,twin_core,491797,0.0,66506752,832,131,963,0,0.0
2026-04-25T11:10:44.395197+00:00,recovery_scenario,iperf_tcp,30,1,,ryu_controller,491790,79.6,59424768,1502,704,2206,166,1652.5836
2026-04-25T11:10:44.511885+00:00,recovery_scenario,iperf_tcp,30,1,,twin_core,491797,0.0,66506752,832,131,963,0,0.0
2026-04-25T11:10:44.511885+00:00,recovery_scenario,iperf_tcp,30,1,,ryu_controller,491790,94.0,59432960,1502,719,2221,15,128.2335
2026-04-25T11:10:44.612763+00:00,recovery_scenario,iperf_tcp,30,1,,twin_core,491797,0.0,66506752,833,131,964,1,9.9353
2026-04-25T11:10:44.612763+00:00,recovery_scenario,iperf_tcp,30,1,,ryu_controller,491790,99.4,59445248,1502,739,2241,20,198.631
2026-04-25T11:10:44.713488+00:00,recovery_scenario,iperf_tcp,30,1,,twin_core,491797,0.0,66506752,833,131,964,0,0.0
2026-04-25T11:10:44.713488+00:00,recovery_scenario,iperf_tcp,30,1,,ryu_controller,491790,97.8,59469824,1502,745,2247,6,58.6718
2026-04-25T11:10:44.815834+00:00,recovery_scenario,iperf_tcp,30,1,,twin_core,491797,0.0,66506752,833,131,964,0,0.0
2026-04-25T11:10:44.815834+00:00,recovery_scenario,iperf_tcp,30,1,,ryu_controller,491790,106.9,59478016,1502,747,2249,2,19.2454
2026-04-25T11:10:44.920000+00:00,recovery_scenario,iperf_tcp,30,1,,twin_core,491797,0.0,66506752,833,131,964,0,0.0
2026-04-25T11:10:44.920000+00:00,recovery_scenario,iperf_tcp,30,1,,ryu_controller,491790,87.8,59478016,1502,780,2282,33,324.7965
2026-04-25T11:10:45.021412+00:00,recovery_scenario,iperf_tcp,30,1,,twin_core,491797,0.0,66506752,833,131,964,0,0.0
2026-04-25T11:10:45.021412+00:00,recovery_scenario,iperf_tcp,30,1,,ryu_controller,491790,58.1,59478016,1502,1048,2550,268,2567.3547
2026-04-25T11:10:45.125537+00:00,recovery_scenario,iperf_tcp,30,1,,twin_core,491797,0.0,66506752,834,133,967,3,28.2052
2026-04-25T11:10:45.125537+00:00,recovery_scenario,iperf_tcp,30,1,,ryu_controller,491790,57.2,59478016,1502,1237,2739,189,1821.4904
2026-04-25T11:10:45.229288+00:00,recovery_scenario,iperf_tcp,30,1,,twin_core,491797,9.7,66506752,834,133,967,0,0.0
2026-04-25T11:10:45.229288+00:00,recovery_scenario,iperf_tcp,30,1,,ryu_controller,491790,69.4,59478016,1502,1380,2882,143,1416.677
2026-04-25T11:10:45.330426+00:00,recovery_scenario,iperf_tcp,30,1,,twin_core,491797,0.0,66506752,834,133,967,0,0.0
2026-04-25T11:10:45.330426+00:00,recovery_scenario,iperf_tcp,30,1,,ryu_controller,491790,68.9,59478016,1502,1581,3083,201,1977.4499
2026-04-25T11:10:45.434913+00:00,recovery_scenario,iperf_tcp,30,1,,twin_core,491797,0.0,66506752,834,133,967,0,0.0
2026-04-25T11:10:45.434913+00:00,recovery_scenario,iperf_tcp,30,1,,ryu_controller,491790,57.8,59478016,1502,1701,3203,120,1157.2365
2026-04-25T11:10:45.538109+00:00,recovery_scenario,iperf_tcp,30,1,,twin_core,491797,0.0,66506752,834,133,967,0,0.0
2026-04-25T11:10:45.538109+00:00,recovery_scenario,iperf_tcp,30,1,,ryu_controller,491790,77.6,59482112,1502,1786,3288,85,823.9819
2026-04-25T11:10:45.638701+00:00,recovery_scenario,iperf_tcp,30,1,,twin_core,491797,0.0,66514944,835,133,968,1,9.9268
2026-04-25T11:10:45.638701+00:00,recovery_scenario,iperf_tcp,30,1,,ryu_controller,491790,69.5,59482112,1502,1865,3367,79,784.7777
2026-04-25T11:10:45.739322+00:00,recovery_scenario,iperf_tcp,30,1,,twin_core,491797,9.9,66514944,835,133,968,0,0.0
2026-04-25T11:10:45.739322+00:00,recovery_scenario,iperf_tcp,30,1,,ryu_controller,491790,49.4,59482112,1502,2006,3508,141,1391.7291
2026-04-25T11:10:45.840916+00:00,recovery_scenario,iperf_tcp,30,1,,twin_core,491797,0.0,66514944,835,133,968,0,0.0
2026-04-25T11:10:45.840916+00:00,recovery_scenario,iperf_tcp,30,1,,ryu_controller,491790,68.3,59490304,1502,2072,3574,66,639.0595
2026-04-25T11:10:45.944017+00:00,recovery_scenario,iperf_tcp,30,1,,twin_core,491797,0.0,66514944,835,133,968,0,0.0
2026-04-25T11:10:45.944017+00:00,recovery_scenario,iperf_tcp,30,1,,ryu_controller,491790,69.1,59490304,1502,2184,3686,112,1113.6906
2026-04-25T11:10:46.045112+00:00,recovery_scenario,iperf_tcp,30,1,,twin_core,491797,0.0,66514944,835,133,968,0,0.0
2026-04-25T11:10:46.045112+00:00,recovery_scenario,iperf_tcp,30,1,,ryu_controller,491790,78.5,59498496,1502,2325,3827,141,1378.947
2026-04-25T11:10:46.150791+00:00,recovery_scenario,iperf_tcp,30,1,,twin_core,491797,9.5,66514944,836,133,969,1,9.5028
2026-04-25T11:10:46.150791+00:00,recovery_scenario,iperf_tcp,30,1,,ryu_controller,491790,76.3,59510784,1502,2490,3992,165,1578.5544
2026-04-25T11:10:46.251299+00:00,recovery_scenario,iperf_tcp,30,1,,twin_core,491797,0.0,66514944,836,133,969,0,0.0
2026-04-25T11:10:46.251299+00:00,recovery_scenario,iperf_tcp,30,1,,ryu_controller,491790,69.6,59523072,1502,2692,4194,202,2010.3881
2026-04-25T11:10:46.352094+00:00,recovery_scenario,iperf_tcp,30,1,,twin_core,491797,0.0,66514944,836,133,969,0,0.0
2026-04-25T11:10:46.352094+00:00,recovery_scenario,iperf_tcp,30,1,,ryu_controller,491790,78.9,59523072,1502,2860,4362,168,1656.6144
2026-04-25T11:10:46.453443+00:00,recovery_scenario,iperf_tcp,30,1,,twin_core,491797,0.0,66514944,836,133,969,0,0.0
2026-04-25T11:10:46.453443+00:00,recovery_scenario,iperf_tcp,30,1,,ryu_controller,491790,78.4,59523072,1502,3015,4517,155,1519.08
2026-04-25T11:10:46.560229+00:00,recovery_scenario,iperf_tcp,30,1,,twin_core,491797,0.0,66514944,836,133,969,0,0.0
2026-04-25T11:10:46.560229+00:00,recovery_scenario,iperf_tcp,30,1,,ryu_controller,491790,60.9,59523072,1502,3129,4631,114,992.0194
2026-04-25T11:10:46.670840+00:00,recovery_scenario,iperf_tcp,30,1,,twin_core,491797,9.2,66514944,837,136,973,4,36.9617
2026-04-25T11:10:46.670840+00:00,recovery_scenario,iperf_tcp,30,1,,ryu_controller,491790,48.9,59527168,1502,3197,4699,68,665.3445
2026-04-25T11:10:46.772467+00:00,recovery_scenario,iperf_tcp,30,1,,twin_core,491797,0.0,66514944,837,136,973,0,0.0
2026-04-25T11:10:46.772467+00:00,recovery_scenario,iperf_tcp,30,1,,ryu_controller,491790,59.5,59527168,1502,3294,4796,97,963.0704
2026-04-25T11:10:46.873093+00:00,recovery_scenario,iperf_tcp,30,1,,twin_core,491797,0.0,66514944,837,136,973,0,0.0
2026-04-25T11:10:46.873093+00:00,recovery_scenario,iperf_tcp,30,1,,ryu_controller,491790,59.1,59531264,1502,3394,4896,100,984.1617
2026-04-25T11:10:46.975449+00:00,recovery_scenario,iperf_tcp,30,1,,twin_core,491797,0.0,66514944,837,136,973,0,0.0
2026-04-25T11:10:46.975449+00:00,recovery_scenario,iperf_tcp,30,1,,ryu_controller,491790,59.1,59535360,1502,3490,4992,96,945.8099
2026-04-25T11:10:47.076827+00:00,recovery_scenario,iperf_tcp,30,1,,twin_core,491797,0.0,66514944,837,136,973,0,0.0
2026-04-25T11:10:47.076827+00:00,recovery_scenario,iperf_tcp,30,1,,ryu_controller,491790,59.3,59535360,1502,3596,5098,106,1048.3028
2026-04-25T11:10:47.178771+00:00,recovery_scenario,iperf_tcp,30,1,,twin_core,491797,0.0,66514944,838,138,976,3,29.4309
2026-04-25T11:10:47.178771+00:00,recovery_scenario,iperf_tcp,30,1,,ryu_controller,491790,49.0,59539456,1502,3702,5204,106,1039.7812
2026-04-25T11:10:47.279249+00:00,recovery_scenario,iperf_tcp,30,1,,twin_core,491797,0.0,66514944,838,138,976,0,0.0
2026-04-25T11:10:47.279249+00:00,recovery_scenario,iperf_tcp,30,1,,ryu_controller,491790,69.7,59539456,1502,3792,5294,90,895.8624
2026-04-25T11:10:47.379680+00:00,recovery_scenario,iperf_tcp,30,1,,twin_core,491797,0.0,66514944,838,138,976,0,0.0
2026-04-25T11:10:47.379680+00:00,recovery_scenario,iperf_tcp,30,1,,ryu_controller,491790,59.7,59539456,1502,3872,5374,80,796.5385
2026-04-25T11:10:47.480103+00:00,recovery_scenario,iperf_tcp,30,1,,twin_core,491797,0.0,66514944,838,138,976,0,0.0
2026-04-25T11:10:47.480103+00:00,recovery_scenario,iperf_tcp,30,1,,ryu_controller,491790,49.8,59539456,1502,3960,5462,88,876.1062
2026-04-25T11:10:47.582762+00:00,recovery_scenario,iperf_tcp,30,1,,twin_core,491797,0.0,66527232,838,139,977,1,9.7432
2026-04-25T11:10:47.582762+00:00,recovery_scenario,iperf_tcp,30,1,,ryu_controller,491790,68.2,59539456,1502,4028,5530,68,662.558
2026-04-25T11:10:47.683246+00:00,recovery_scenario,iperf_tcp,30,1,,twin_core,491797,10.0,66527232,840,139,979,2,19.9039
2026-04-25T11:10:47.683246+00:00,recovery_scenario,iperf_tcp,30,1,,ryu_controller,491790,49.8,59539456,1502,4127,5629,99,985.3215
2026-04-25T11:10:47.783622+00:00,recovery_scenario,iperf_tcp,30,1,,twin_core,491797,0.0,66527232,840,139,979,0,0.0
2026-04-25T11:10:47.783622+00:00,recovery_scenario,iperf_tcp,30,1,,ryu_controller,491790,59.7,59539456,1502,4238,5740,111,1104.6408
2026-04-25T11:10:47.884172+00:00,recovery_scenario,iperf_tcp,30,1,,twin_core,491797,0.0,66527232,840,139,979,0,0.0
2026-04-25T11:10:47.884172+00:00,recovery_scenario,iperf_tcp,30,1,,ryu_controller,491790,69.7,59539456,1505,4343,5848,108,1075.5112
2026-04-25T11:10:47.984626+00:00,recovery_scenario,iperf_tcp,30,1,,twin_core,491797,0.0,66527232,840,139,979,0,0.0
2026-04-25T11:10:47.984626+00:00,recovery_scenario,iperf_tcp,30,1,,ryu_controller,491790,9.9,59539456,1513,4361,5874,26,258.1826
2026-04-25T11:10:48.085859+00:00,recovery_scenario,iperf_tcp,30,1,,twin_core,491797,0.0,66535424,841,141,982,3,29.6938
2026-04-25T11:10:48.085859+00:00,recovery_scenario,iperf_tcp,30,1,,ryu_controller,491790,29.7,59539456,1519,4376,5895,21,207.8421
2026-04-25T11:10:48.186314+00:00,recovery_scenario,iperf_tcp,30,1,,twin_core,491797,10.0,66535424,859,201,1060,78,776.5358
2026-04-25T11:10:48.186314+00:00,recovery_scenario,iperf_tcp,30,1,,ryu_controller,491790,59.7,59539456,1537,4831,6368,473,4705.3544
2026-04-25T11:10:48.266136+00:00,recovery_scenario,iperf_tcp,30,1,recovery_requested,,,,,,,,,
2026-04-25T11:10:48.286906+00:00,recovery_scenario,iperf_tcp,30,1,,twin_core,491797,9.9,66543616,871,241,1112,52,517.001
2026-04-25T11:10:48.286906+00:00,recovery_scenario,iperf_tcp,30,1,,ryu_controller,491790,69.6,59539456,1547,5172,6719,351,3492.2829
2026-04-25T11:10:48.387328+00:00,recovery_scenario,iperf_tcp,30,1,,twin_core,491797,0.0,66543616,871,241,1112,0,0.0
2026-04-25T11:10:48.387328+00:00,recovery_scenario,iperf_tcp,30,1,,ryu_controller,491790,39.8,59539456,1565,5448,7013,294,2923.4706
2026-04-25T11:10:48.487862+00:00,recovery_scenario,iperf_tcp,30,1,,twin_core,491797,0.0,66543616,871,241,1112,0,0.0
2026-04-25T11:10:48.487862+00:00,recovery_scenario,iperf_tcp,30,1,,ryu_controller,491790,69.8,59539456,1565,5770,7335,322,3208.8257
2026-04-25T11:10:48.588523+00:00,recovery_scenario,iperf_tcp,30,1,,twin_core,491797,0.0,66543616,871,241,1112,0,0.0
2026-04-25T11:10:48.588523+00:00,recovery_scenario,iperf_tcp,30,1,,ryu_controller,491790,68.9,59539456,1565,6003,7568,233,2291.3548
2026-04-25T11:10:48.689968+00:00,recovery_scenario,iperf_tcp,30,1,,twin_core,491797,0.0,66543616,871,241,1112,0,0.0
2026-04-25T11:10:48.689968+00:00,recovery_scenario,iperf_tcp,30,1,,ryu_controller,491790,79.6,59539456,1565,6235,7800,232,2309.9472
2026-04-25T11:10:48.791859+00:00,recovery_scenario,iperf_tcp,30,1,,twin_core,491797,0.0,66547712,872,241,1113,1,9.7958
2026-04-25T11:10:48.791859+00:00,recovery_scenario,iperf_tcp,30,1,,ryu_controller,491790,78.3,59539456,1565,6451,8016,216,2113.7894
2026-04-25T11:10:48.892549+00:00,recovery_scenario,iperf_tcp,30,1,,twin_core,491797,0.0,66547712,872,241,1113,0,0.0
2026-04-25T11:10:48.892549+00:00,recovery_scenario,iperf_tcp,30,1,,ryu_controller,491790,89.3,59539456,1565,6582,8147,131,1299.605
2026-04-25T11:10:48.993822+00:00,recovery_scenario,iperf_tcp,30,1,,twin_core,491797,0.0,66547712,872,241,1113,0,0.0
2026-04-25T11:10:48.993822+00:00,recovery_scenario,iperf_tcp,30,1,,ryu_controller,491790,99.1,59539456,1565,6683,8248,101,1000.8912
2026-04-25T11:10:49.094543+00:00,recovery_scenario,iperf_tcp,30,1,,twin_core,491797,9.9,66547712,872,241,1113,0,0.0
2026-04-25T11:10:49.094543+00:00,recovery_scenario,iperf_tcp,30,1,,ryu_controller,491790,99.1,59539456,1565,6824,8389,141,1397.2209
2026-04-25T11:10:49.195948+00:00,recovery_scenario,iperf_tcp,30,1,,twin_core,491797,0.0,66547712,872,241,1113,0,0.0
2026-04-25T11:10:49.195948+00:00,recovery_scenario,iperf_tcp,30,1,,ryu_controller,491790,88.8,59539456,1565,7039,8604,215,2120.2305
2026-04-25T11:10:49.296773+00:00,recovery_scenario,iperf_tcp,30,1,,twin_core,491797,0.0,66547712,873,241,1114,1,9.9243
2026-04-25T11:10:49.296773+00:00,recovery_scenario,iperf_tcp,30,1,,ryu_controller,491790,99.3,59539456,1565,7150,8715,111,1102.7363
2026-04-25T11:10:49.397349+00:00,recovery_scenario,iperf_tcp,30,1,,twin_core,491797,0.0,66547712,873,241,1114,0,0.0
2026-04-25T11:10:49.397349+00:00,recovery_scenario,iperf_tcp,30,1,,ryu_controller,491790,89.3,59539456,1565,7165,8730,15,145.3014
2026-04-25T11:10:49.500598+00:00,recovery_scenario,iperf_tcp,30,1,,twin_core,491797,0.0,66547712,873,241,1114,0,0.0
2026-04-25T11:10:49.500598+00:00,recovery_scenario,iperf_tcp,30,1,,ryu_controller,491790,106.6,59539456,1565,7195,8760,30,297.9749
2026-04-25T11:10:49.601632+00:00,recovery_scenario,iperf_tcp,30,1,,twin_core,491797,0.0,66547712,873,241,1114,0,0.0
2026-04-25T11:10:49.601632+00:00,recovery_scenario,iperf_tcp,30,1,,ryu_controller,491790,88.6,59543552,1565,7214,8779,19,187.0777
2026-04-25T11:10:49.702901+00:00,recovery_scenario,iperf_tcp,30,1,,twin_core,491797,0.0,66547712,873,241,1114,0,0.0
2026-04-25T11:10:49.702901+00:00,recovery_scenario,iperf_tcp,30,1,,ryu_controller,491790,89.4,59543552,1565,7290,8855,76,754.7446
2026-04-25T11:10:49.803429+00:00,recovery_scenario,iperf_tcp,30,1,,twin_core,491797,0.0,66547712,874,241,1115,1,9.9346
2026-04-25T11:10:49.803429+00:00,recovery_scenario,iperf_tcp,30,1,,ryu_controller,491790,99.3,59543552,1565,7388,8953,98,972.1271
2026-04-25T11:10:49.905845+00:00,recovery_scenario,iperf_tcp,30,1,,twin_core,491797,0.0,66547712,874,241,1115,0,0.0
2026-04-25T11:10:49.905845+00:00,recovery_scenario,iperf_tcp,30,1,,ryu_controller,491790,78.3,59543552,1565,7609,9174,221,2163.775
2026-04-25T11:10:50.006321+00:00,recovery_scenario,iperf_tcp,30,1,,twin_core,491797,0.0,66547712,874,241,1115,0,0.0
2026-04-25T11:10:50.006321+00:00,recovery_scenario,iperf_tcp,30,1,,ryu_controller,491790,99.5,59543552,1565,7628,9193,19,188.9166
2026-04-25T11:10:50.107101+00:00,recovery_scenario,iperf_tcp,30,1,,twin_core,491797,0.0,66547712,874,241,1115,0,0.0
2026-04-25T11:10:50.107101+00:00,recovery_scenario,iperf_tcp,30,1,,ryu_controller,491790,97.8,59543552,1565,7628,9193,0,0.0
2026-04-25T11:10:50.209197+00:00,recovery_scenario,iperf_tcp,30,1,,twin_core,491797,0.0,66547712,874,241,1115,0,0.0
2026-04-25T11:10:50.209197+00:00,recovery_scenario,iperf_tcp,30,1,,ryu_controller,491790,99.1,59543552,1565,7630,9195,2,19.8313
2026-04-25T11:10:50.310182+00:00,recovery_scenario,iperf_tcp,30,1,,twin_core,491797,0.0,66547712,875,241,1116,1,9.9164
2026-04-25T11:10:50.310182+00:00,recovery_scenario,iperf_tcp,30,1,,ryu_controller,491790,109.2,59547648,1565,7631,9196,1,9.9098
2026-04-25T11:10:50.410923+00:00,recovery_scenario,iperf_tcp,30,1,,twin_core,491797,9.9,66547712,875,241,1116,0,0.0
2026-04-25T11:10:50.410923+00:00,recovery_scenario,iperf_tcp,30,1,,ryu_controller,491790,99.2,59547648,1565,7633,9198,2,19.8841
2026-04-25T11:10:50.511499+00:00,recovery_scenario,iperf_tcp,30,1,,twin_core,491797,0.0,66547712,875,241,1116,0,0.0
2026-04-25T11:10:50.511499+00:00,recovery_scenario,iperf_tcp,30,1,,ryu_controller,491790,99.4,59547648,1565,7634,9199,1,9.9371
2026-04-25T11:10:50.612154+00:00,recovery_scenario,iperf_tcp,30,1,,twin_core,491797,0.0,66547712,875,241,1116,0,0.0
2026-04-25T11:10:50.612154+00:00,recovery_scenario,iperf_tcp,30,1,,ryu_controller,491790,99.5,59547648,1565,7634,9199,0,0.0
2026-04-25T11:10:50.712725+00:00,recovery_scenario,iperf_tcp,30,1,,twin_core,491797,0.0,66547712,875,241,1116,0,0.0
2026-04-25T11:10:50.712725+00:00,recovery_scenario,iperf_tcp,30,1,,ryu_controller,491790,99.3,59547648,1565,7635,9200,1,9.9381
2026-04-25T11:10:50.813206+00:00,recovery_scenario,iperf_tcp,30,1,,twin_core,491797,0.0,66547712,876,241,1117,1,9.9002
2026-04-25T11:10:50.813206+00:00,recovery_scenario,iperf_tcp,30,1,,ryu_controller,491790,89.1,59547648,1565,7637,9202,2,19.7747
2026-04-25T11:10:50.914660+00:00,recovery_scenario,iperf_tcp,30,1,,twin_core,491797,9.9,66547712,876,241,1117,0,0.0
2026-04-25T11:10:50.914660+00:00,recovery_scenario,iperf_tcp,30,1,,ryu_controller,491790,107.6,59551744,1565,7639,9204,2,19.575
2026-04-25T11:10:51.016630+00:00,recovery_scenario,iperf_tcp,30,1,,twin_core,491797,0.0,66547712,876,241,1117,0,0.0
2026-04-25T11:10:51.016630+00:00,recovery_scenario,iperf_tcp,30,1,,ryu_controller,491790,97.6,59551744,1565,7641,9206,2,19.518
2026-04-25T11:10:51.119054+00:00,recovery_scenario,iperf_tcp,30,1,,twin_core,491797,0.0,66547712,876,241,1117,0,0.0
2026-04-25T11:10:51.119054+00:00,recovery_scenario,iperf_tcp,30,1,,ryu_controller,491790,99.2,59551744,1565,7643,9208,2,19.8372
2026-04-25T11:10:51.221004+00:00,recovery_scenario,iperf_tcp,30,1,,twin_core,491797,0.0,66547712,876,241,1117,0,0.0
2026-04-25T11:10:51.221004+00:00,recovery_scenario,iperf_tcp,30,1,,ryu_controller,491790,88.0,59551744,1565,7672,9237,29,283.3707
2026-04-25T11:10:51.322311+00:00,recovery_scenario,iperf_tcp,30,1,,twin_core,491797,0.0,66551808,877,241,1118,1,9.8356
2026-04-25T11:10:51.322311+00:00,recovery_scenario,iperf_tcp,30,1,,ryu_controller,491790,98.5,59551744,1565,7723,9288,51,503.1249
2026-04-25T11:10:51.426147+00:00,recovery_scenario,iperf_tcp,30,1,,twin_core,491797,0.0,66551808,877,241,1118,0,0.0
2026-04-25T11:10:51.426147+00:00,recovery_scenario,iperf_tcp,30,1,,ryu_controller,491790,96.9,59551744,1565,7743,9308,20,193.829
2026-04-25T11:10:51.527132+00:00,recovery_scenario,iperf_tcp,30,1,,twin_core,491797,0.0,66551808,877,241,1118,0,0.0
2026-04-25T11:10:51.527132+00:00,recovery_scenario,iperf_tcp,30,1,,ryu_controller,491790,98.3,59551744,1565,7758,9323,15,147.1556
2026-04-25T11:10:51.628728+00:00,recovery_scenario,iperf_tcp,30,1,,twin_core,491797,0.0,66551808,877,241,1118,0,0.0
2026-04-25T11:10:51.628728+00:00,recovery_scenario,iperf_tcp,30,1,,ryu_controller,491790,99.2,59551744,1565,7784,9349,26,258.5334
2026-04-25T11:10:51.729262+00:00,recovery_scenario,iperf_tcp,30,1,,twin_core,491797,9.9,66551808,877,241,1118,0,0.0
2026-04-25T11:10:51.729262+00:00,recovery_scenario,iperf_tcp,30,1,,ryu_controller,491790,89.6,59551744,1565,7831,9396,47,467.7975
2026-04-25T11:10:51.830364+00:00,recovery_scenario,iperf_tcp,30,1,,twin_core,491797,9.9,66555904,878,243,1121,3,29.6311
2026-04-25T11:10:51.830364+00:00,recovery_scenario,iperf_tcp,30,1,,ryu_controller,491790,88.8,59551744,1573,7881,9454,58,572.162
2026-04-25T11:10:51.931216+00:00,recovery_scenario,iperf_tcp,30,1,,twin_core,491797,0.0,66555904,878,243,1121,0,0.0
2026-04-25T11:10:51.931216+00:00,recovery_scenario,iperf_tcp,30,1,,ryu_controller,491790,0.0,59551744,1581,7883,9464,10,98.6824
2026-04-25T11:10:52.032581+00:00,recovery_scenario,iperf_tcp,30,1,,twin_core,491797,9.9,66555904,878,243,1121,0,0.0
2026-04-25T11:10:52.032581+00:00,recovery_scenario,iperf_tcp,30,1,,ryu_controller,491790,9.9,59551744,1586,7886,9472,8,79.4069
2026-04-25T11:10:52.133199+00:00,recovery_scenario,iperf_tcp,30,1,,twin_core,491797,0.0,66555904,878,243,1121,0,0.0
2026-04-25T11:10:52.133199+00:00,recovery_scenario,iperf_tcp,30,1,,ryu_controller,491790,0.0,59551744,1590,7886,9476,4,39.7711
2026-04-25T11:10:52.234060+00:00,recovery_scenario,iperf_tcp,30,1,,twin_core,491797,0.0,66555904,878,243,1121,0,0.0
2026-04-25T11:10:52.234060+00:00,recovery_scenario,iperf_tcp,30,1,,ryu_controller,491790,0.0,59551744,1594,7886,9480,4,39.4822
2026-04-25T11:10:52.335131+00:00,recovery_scenario,iperf_tcp,30,1,,twin_core,491797,0.0,66555904,892,243,1135,14,138.6821
2026-04-25T11:10:52.335131+00:00,recovery_scenario,iperf_tcp,30,1,,ryu_controller,491790,39.7,59551744,1615,7892,9507,27,266.7322
2026-04-25T11:10:52.401760+00:00,recovery_scenario,iperf_tcp,30,1,scenario_teardown,,,,,,,,,
2026-04-25T11:10:52.436406+00:00,recovery_scenario,iperf_tcp,30,1,,twin_core,491797,19.7,66555904,908,279,1187,52,511.16
2026-04-25T11:10:52.436406+00:00,recovery_scenario,iperf_tcp,30,1,,ryu_controller,491790,39.3,59551744,1645,7899,9544,37,365.0092
2026-04-25T11:10:52.537775+00:00,recovery_scenario,iperf_tcp,30,1,,twin_core,491797,9.9,66555904,920,279,1199,12,119.0727
2026-04-25T11:10:52.537775+00:00,recovery_scenario,iperf_tcp,30,1,,ryu_controller,491790,19.9,59551744,1657,7903,9560,16,159.0226
2026-04-25T11:10:52.638340+00:00,recovery_scenario,iperf_tcp,30,1,,twin_core,491797,0.0,66555904,943,279,1222,23,228.9124
2026-04-25T11:10:52.638340+00:00,recovery_scenario,iperf_tcp,30,1,,ryu_controller,491790,19.9,59551744,1669,7922,9591,31,308.5126
2026-04-25T11:10:52.738904+00:00,recovery_scenario,iperf_tcp,30,1,,twin_core,491797,0.0,66555904,958,281,1239,17,167.7569
2026-04-25T11:10:52.738904+00:00,recovery_scenario,iperf_tcp,30,1,,ryu_controller,491790,9.8,59551744,1681,7925,9606,15,146.3979
2026-04-25T11:10:52.841334+00:00,recovery_scenario,iperf_tcp,30,1,,twin_core,491797,9.8,66555904,958,281,1239,0,0.0
2026-04-25T11:10:52.841334+00:00,recovery_scenario,iperf_tcp,30,1,,ryu_controller,491790,19.8,59551744,1717,7928,9645,39,386.7354
2026-04-25T11:10:56.372994+00:00,recovery_scenario,iperf_tcp,10,1,,twin_core,492823,0.0,65196032,395,73,468,0,0.0
2026-04-25T11:10:56.372994+00:00,recovery_scenario,iperf_tcp,10,1,,ryu_controller,492816,0.0,57630720,7,4,11,0,0.0
2026-04-25T11:10:56.477061+00:00,recovery_scenario,iperf_tcp,10,1,,twin_core,492823,19.2,65220608,433,79,512,44,435.9337
2026-04-25T11:10:56.477061+00:00,recovery_scenario,iperf_tcp,10,1,,ryu_controller,492816,39.6,57978880,13,17,30,19,188.6499
2026-04-25T11:10:56.577707+00:00,recovery_scenario,iperf_tcp,10,1,,twin_core,492823,0.0,65224704,519,82,601,89,885.9477
2026-04-25T11:10:56.577707+00:00,recovery_scenario,iperf_tcp,10,1,,ryu_controller,492816,49.8,57995264,46,24,70,40,398.2686
2026-04-25T11:10:56.663708+00:00,recovery_scenario,iperf_tcp,10,1,service_started,,,,,,,,,
2026-04-25T11:10:56.678134+00:00,recovery_scenario,iperf_tcp,10,1,,twin_core,492823,19.9,65847296,604,82,686,85,846.4004
2026-04-25T11:10:56.678134+00:00,recovery_scenario,iperf_tcp,10,1,,ryu_controller,492816,19.9,58040320,72,26,98,28,278.85
2026-04-25T11:10:56.778521+00:00,recovery_scenario,iperf_tcp,10,1,,twin_core,492823,10.0,66015232,605,82,687,1,9.9455
2026-04-25T11:10:56.778521+00:00,recovery_scenario,iperf_tcp,10,1,,ryu_controller,492816,29.8,58101760,123,26,149,51,507.144
2026-04-25T11:10:56.879121+00:00,recovery_scenario,iperf_tcp,10,1,,twin_core,492823,0.0,66015232,605,82,687,0,0.0
2026-04-25T11:10:56.879121+00:00,recovery_scenario,iperf_tcp,10,1,,ryu_controller,492816,19.9,58105856,151,26,177,28,278.8242
2026-04-25T11:10:56.980351+00:00,recovery_scenario,iperf_tcp,10,1,,twin_core,492823,0.0,66015232,605,82,687,0,0.0
2026-04-25T11:10:56.980351+00:00,recovery_scenario,iperf_tcp,10,1,,ryu_controller,492816,29.6,58114048,180,26,206,29,285.9067
2026-04-25T11:10:57.081696+00:00,recovery_scenario,iperf_tcp,10,1,,twin_core,492823,0.0,66015232,605,82,687,0,0.0
2026-04-25T11:10:57.081696+00:00,recovery_scenario,iperf_tcp,10,1,,ryu_controller,492816,9.9,58126336,201,26,227,21,207.1331
2026-04-25T11:10:57.182428+00:00,recovery_scenario,iperf_tcp,10,1,,twin_core,492823,0.0,66015232,605,82,687,0,0.0
2026-04-25T11:10:57.182428+00:00,recovery_scenario,iperf_tcp,10,1,,ryu_controller,492816,29.8,58134528,231,27,258,31,308.2205
2026-04-25T11:10:57.282979+00:00,recovery_scenario,iperf_tcp,10,1,,twin_core,492823,0.0,66015232,605,82,687,0,0.0
2026-04-25T11:10:57.282979+00:00,recovery_scenario,iperf_tcp,10,1,,ryu_controller,492816,10.0,58134528,247,27,274,16,159.2661
2026-04-25T11:10:57.386778+00:00,recovery_scenario,iperf_tcp,10,1,,twin_core,492823,0.0,66015232,605,82,687,0,0.0
2026-04-25T11:10:57.386778+00:00,recovery_scenario,iperf_tcp,10,1,,ryu_controller,492816,9.6,58134528,266,27,293,19,182.8765
2026-04-25T11:10:57.487317+00:00,recovery_scenario,iperf_tcp,10,1,,twin_core,492823,0.0,66015232,605,82,687,0,0.0
2026-04-25T11:10:57.487317+00:00,recovery_scenario,iperf_tcp,10,1,,ryu_controller,492816,10.0,58134528,277,28,305,12,119.4621
2026-04-25T11:10:57.587820+00:00,recovery_scenario,iperf_tcp,10,1,,twin_core,492823,0.0,66015232,605,82,687,0,0.0
2026-04-25T11:10:57.587820+00:00,recovery_scenario,iperf_tcp,10,1,,ryu_controller,492816,29.9,58142720,294,28,322,17,169.1487
2026-04-25T11:10:57.690612+00:00,recovery_scenario,iperf_tcp,10,1,,twin_core,492823,0.0,66015232,605,82,687,0,0.0
2026-04-25T11:10:57.690612+00:00,recovery_scenario,iperf_tcp,10,1,,ryu_controller,492816,19.3,58146816,325,28,353,31,298.712
2026-04-25T11:10:57.792041+00:00,recovery_scenario,iperf_tcp,10,1,,twin_core,492823,0.0,66015232,605,82,687,0,0.0
2026-04-25T11:10:57.792041+00:00,recovery_scenario,iperf_tcp,10,1,,ryu_controller,492816,0.0,58146816,341,28,369,16,159.227
2026-04-25T11:10:57.892567+00:00,recovery_scenario,iperf_tcp,10,1,,twin_core,492823,0.0,66015232,605,82,687,0,0.0
2026-04-25T11:10:57.892567+00:00,recovery_scenario,iperf_tcp,10,1,,ryu_controller,492816,59.6,58245120,378,28,406,37,367.7755
2026-04-25T11:10:57.993845+00:00,recovery_scenario,iperf_tcp,10,1,,twin_core,492823,0.0,66015232,605,82,687,0,0.0
2026-04-25T11:10:57.993845+00:00,recovery_scenario,iperf_tcp,10,1,,ryu_controller,492816,29.7,58261504,408,28,436,30,296.5619
2026-04-25T11:10:58.094336+00:00,recovery_scenario,iperf_tcp,10,1,,twin_core,492823,0.0,66015232,605,82,687,0,0.0
2026-04-25T11:10:58.094336+00:00,recovery_scenario,iperf_tcp,10,1,,ryu_controller,492816,29.9,58269696,428,28,456,20,199.0339
2026-04-25T11:10:58.194783+00:00,recovery_scenario,iperf_tcp,10,1,,twin_core,492823,0.0,66015232,605,82,687,0,0.0
2026-04-25T11:10:58.194783+00:00,recovery_scenario,iperf_tcp,10,1,,ryu_controller,492816,19.9,58269696,455,29,484,28,278.7113
2026-04-25T11:10:58.295443+00:00,recovery_scenario,iperf_tcp,10,1,,twin_core,492823,0.0,66015232,605,82,687,0,0.0
2026-04-25T11:10:58.295443+00:00,recovery_scenario,iperf_tcp,10,1,,ryu_controller,492816,19.8,58273792,484,29,513,29,287.6271
2026-04-25T11:10:58.397502+00:00,recovery_scenario,iperf_tcp,10,1,,twin_core,492823,0.0,66015232,605,82,687,0,0.0
2026-04-25T11:10:58.397502+00:00,recovery_scenario,iperf_tcp,10,1,,ryu_controller,492816,9.8,58273792,507,29,536,23,225.1165
2026-04-25T11:10:58.498229+00:00,recovery_scenario,iperf_tcp,10,1,,twin_core,492823,0.0,66015232,605,82,687,0,0.0
2026-04-25T11:10:58.498229+00:00,recovery_scenario,iperf_tcp,10,1,,ryu_controller,492816,19.9,58286080,531,29,560,24,238.9196
2026-04-25T11:10:58.602294+00:00,recovery_scenario,iperf_tcp,10,1,,twin_core,492823,0.0,66015232,605,82,687,0,0.0
2026-04-25T11:10:58.602294+00:00,recovery_scenario,iperf_tcp,10,1,,ryu_controller,492816,9.6,58286080,548,29,577,17,163.1915
2026-04-25T11:10:58.702838+00:00,recovery_scenario,iperf_tcp,10,1,,twin_core,492823,0.0,66015232,605,82,687,0,0.0
2026-04-25T11:10:58.702838+00:00,recovery_scenario,iperf_tcp,10,1,,ryu_controller,492816,29.9,58290176,566,29,595,18,179.255
2026-04-25T11:10:58.803249+00:00,recovery_scenario,iperf_tcp,10,1,,twin_core,492823,10.0,66084864,607,82,689,2,19.9104
2026-04-25T11:10:58.803249+00:00,recovery_scenario,iperf_tcp,10,1,,ryu_controller,492816,29.9,58339328,630,29,659,64,637.1319
2026-04-25T11:10:58.903754+00:00,recovery_scenario,iperf_tcp,10,1,,twin_core,492823,9.9,66084864,613,82,695,6,59.669
2026-04-25T11:10:58.903754+00:00,recovery_scenario,iperf_tcp,10,1,,ryu_controller,492816,19.9,58339328,666,29,695,36,357.9222
2026-04-25T11:10:59.004909+00:00,recovery_scenario,iperf_tcp,10,1,,twin_core,492823,0.0,66084864,616,82,698,3,29.6637
2026-04-25T11:10:59.004909+00:00,recovery_scenario,iperf_tcp,10,1,,ryu_controller,492816,9.9,58339328,677,29,706,11,108.772
2026-04-25T11:10:59.106120+00:00,recovery_scenario,iperf_tcp,10,1,,twin_core,492823,0.0,66084864,619,82,701,3,29.6382
2026-04-25T11:10:59.106120+00:00,recovery_scenario,iperf_tcp,10,1,,ryu_controller,492816,9.9,58339328,692,29,721,15,147.1257
2026-04-25T11:10:59.207548+00:00,recovery_scenario,iperf_tcp,10,1,,twin_core,492823,0.0,66084864,622,82,704,3,29.5652
2026-04-25T11:10:59.207548+00:00,recovery_scenario,iperf_tcp,10,1,,ryu_controller,492816,0.0,58343424,699,29,728,7,69.4784
2026-04-25T11:10:59.308304+00:00,recovery_scenario,iperf_tcp,10,1,,twin_core,492823,9.9,66084864,622,82,704,0,0.0
2026-04-25T11:10:59.308304+00:00,recovery_scenario,iperf_tcp,10,1,,ryu_controller,492816,9.9,58351616,707,29,736,8,79.2824
2026-04-25T11:10:59.409068+00:00,recovery_scenario,iperf_tcp,10,1,,twin_core,492823,0.0,66084864,625,82,707,3,29.787
2026-04-25T11:10:59.409068+00:00,recovery_scenario,iperf_tcp,10,1,,ryu_controller,492816,9.9,58355712,726,29,755,19,188.9371
2026-04-25T11:10:59.509672+00:00,recovery_scenario,iperf_tcp,10,1,,twin_core,492823,0.0,66084864,635,82,717,10,99.4251
2026-04-25T11:10:59.509672+00:00,recovery_scenario,iperf_tcp,10,1,,ryu_controller,492816,9.9,58359808,740,29,769,14,139.1854
2026-04-25T11:10:59.610204+00:00,recovery_scenario,iperf_tcp,10,1,,twin_core,492823,0.0,66084864,638,82,720,3,29.8371
2026-04-25T11:10:59.610204+00:00,recovery_scenario,iperf_tcp,10,1,,ryu_controller,492816,9.9,58368000,758,29,787,18,178.9856
2026-04-25T11:10:59.710872+00:00,recovery_scenario,iperf_tcp,10,1,,twin_core,492823,0.0,66084864,641,82,723,3,29.8018
2026-04-25T11:10:59.710872+00:00,recovery_scenario,iperf_tcp,10,1,,ryu_controller,492816,9.9,58368000,772,30,802,15,149.0462
2026-04-25T11:10:59.811452+00:00,recovery_scenario,iperf_tcp,10,1,,twin_core,492823,0.0,66084864,647,82,729,6,59.6875
2026-04-25T11:10:59.811452+00:00,recovery_scenario,iperf_tcp,10,1,,ryu_controller,492816,9.9,58368000,803,30,833,31,308.1707
2026-04-25T11:10:59.911967+00:00,recovery_scenario,iperf_tcp,10,1,,twin_core,492823,9.9,66084864,653,82,735,6,59.6969
2026-04-25T11:10:59.911967+00:00,recovery_scenario,iperf_tcp,10,1,,ryu_controller,492816,19.9,58368000,821,31,852,19,189.212
2026-04-25T11:11:00.012435+00:00,recovery_scenario,iperf_tcp,10,1,,twin_core,492823,0.0,66084864,659,82,741,6,59.5326
2026-04-25T11:11:00.012435+00:00,recovery_scenario,iperf_tcp,10,1,,ryu_controller,492816,59.5,58560512,869,32,901,49,485.9242
2026-04-25T11:11:00.113227+00:00,recovery_scenario,iperf_tcp,10,1,,twin_core,492823,0.0,66084864,661,82,743,2,19.905
2026-04-25T11:11:00.113227+00:00,recovery_scenario,iperf_tcp,10,1,,ryu_controller,492816,10.0,58560512,886,32,918,17,169.291
2026-04-25T11:11:00.214012+00:00,recovery_scenario,iperf_tcp,10,1,,twin_core,492823,0.0,66084864,664,82,746,3,29.7453
2026-04-25T11:11:00.214012+00:00,recovery_scenario,iperf_tcp,10,1,,ryu_controller,492816,9.9,58560512,899,32,931,13,128.842
2026-04-25T11:11:00.316073+00:00,recovery_scenario,iperf_tcp,10,1,,twin_core,492823,0.0,66084864,667,82,749,3,29.4122
2026-04-25T11:11:00.316073+00:00,recovery_scenario,iperf_tcp,10,1,,ryu_controller,492816,9.8,58560512,911,32,943,12,117.6864
2026-04-25T11:11:00.416515+00:00,recovery_scenario,iperf_tcp,10,1,,twin_core,492823,0.0,66084864,670,82,752,3,29.8318
2026-04-25T11:11:00.416515+00:00,recovery_scenario,iperf_tcp,10,1,,ryu_controller,492816,9.9,58560512,921,32,953,10,99.3806
2026-04-25T11:11:00.517168+00:00,recovery_scenario,iperf_tcp,10,1,,twin_core,492823,0.0,66084864,680,82,762,10,99.4785
2026-04-25T11:11:00.517168+00:00,recovery_scenario,iperf_tcp,10,1,,ryu_controller,492816,0.0,58560512,931,32,963,10,99.5445
2026-04-25T11:11:00.617625+00:00,recovery_scenario,iperf_tcp,10,1,,twin_core,492823,0.0,66084864,686,82,768,6,59.6063
2026-04-25T11:11:00.617625+00:00,recovery_scenario,iperf_tcp,10,1,,ryu_controller,492816,19.9,58560512,954,32,986,23,228.4434
2026-04-25T11:11:00.718976+00:00,recovery_scenario,iperf_tcp,10,1,,twin_core,492823,0.0,66084864,689,82,771,3,29.6457
2026-04-25T11:11:00.718976+00:00,recovery_scenario,iperf_tcp,10,1,,ryu_controller,492816,9.9,58560512,967,32,999,13,128.4639
2026-04-25T11:11:00.819479+00:00,recovery_scenario,iperf_tcp,10,1,,twin_core,492823,10.0,66084864,695,82,777,6,59.6895
2026-04-25T11:11:00.819479+00:00,recovery_scenario,iperf_tcp,10,1,,ryu_controller,492816,49.7,58601472,1008,32,1040,41,407.8365
2026-04-25T11:11:00.920023+00:00,recovery_scenario,iperf_tcp,10,1,,twin_core,492823,9.9,66179072,704,82,786,9,89.5226
2026-04-25T11:11:00.920023+00:00,recovery_scenario,iperf_tcp,10,1,,ryu_controller,492816,19.9,58667008,1027,32,1059,19,188.8739
2026-04-25T11:11:01.020684+00:00,recovery_scenario,iperf_tcp,10,1,,twin_core,492823,0.0,66179072,710,82,792,6,59.6426
2026-04-25T11:11:01.020684+00:00,recovery_scenario,iperf_tcp,10,1,,ryu_controller,492816,19.9,58667008,1046,32,1078,19,189.0343
2026-04-25T11:11:01.122245+00:00,recovery_scenario,iperf_tcp,10,1,,twin_core,492823,0.0,66179072,710,82,792,0,0.0
2026-04-25T11:11:01.122245+00:00,recovery_scenario,iperf_tcp,10,1,,ryu_controller,492816,0.0,58667008,1058,32,1090,12,118.0902
2026-04-25T11:11:01.227025+00:00,recovery_scenario,iperf_tcp,10,1,,twin_core,492823,0.0,66179072,713,82,795,3,28.6296
2026-04-25T11:11:01.227025+00:00,recovery_scenario,iperf_tcp,10,1,,ryu_controller,492816,19.1,58667008,1062,32,1094,4,38.1708
2026-04-25T11:11:01.327514+00:00,recovery_scenario,iperf_tcp,10,1,,twin_core,492823,0.0,66179072,722,82,804,9,89.4448
2026-04-25T11:11:01.327514+00:00,recovery_scenario,iperf_tcp,10,1,,ryu_controller,492816,9.9,58667008,1085,32,1117,23,228.5205
2026-04-25T11:11:01.428373+00:00,recovery_scenario,iperf_tcp,10,1,,twin_core,492823,0.0,66179072,731,82,813,9,89.3375
2026-04-25T11:11:01.428373+00:00,recovery_scenario,iperf_tcp,10,1,,ryu_controller,492816,19.8,58667008,1104,32,1136,19,188.5109
2026-04-25T11:11:01.529760+00:00,recovery_scenario,iperf_tcp,10,1,,twin_core,492823,0.0,66179072,731,82,813,0,0.0
2026-04-25T11:11:01.529760+00:00,recovery_scenario,iperf_tcp,10,1,,ryu_controller,492816,9.9,58671104,1125,32,1157,21,207.3752
2026-04-25T11:11:01.630239+00:00,recovery_scenario,iperf_tcp,10,1,,twin_core,492823,0.0,66179072,734,82,816,3,29.8458
2026-04-25T11:11:01.630239+00:00,recovery_scenario,iperf_tcp,10,1,,ryu_controller,492816,9.9,58671104,1143,32,1175,18,179.0308
2026-04-25T11:11:01.730836+00:00,recovery_scenario,iperf_tcp,10,1,,twin_core,492823,0.0,66179072,740,82,822,6,59.6021
2026-04-25T11:11:01.730836+00:00,recovery_scenario,iperf_tcp,10,1,,ryu_controller,492816,9.9,58671104,1159,32,1191,16,158.9568
2026-04-25T11:11:01.831423+00:00,recovery_scenario,iperf_tcp,10,1,,twin_core,492823,9.9,66179072,752,82,834,12,119.4237
2026-04-25T11:11:01.831423+00:00,recovery_scenario,iperf_tcp,10,1,,ryu_controller,492816,9.9,58671104,1189,32,1221,30,298.4523
2026-04-25T11:11:01.931970+00:00,recovery_scenario,iperf_tcp,10,1,,twin_core,492823,0.0,66179072,752,82,834,0,0.0
2026-04-25T11:11:01.931970+00:00,recovery_scenario,iperf_tcp,10,1,,ryu_controller,492816,9.9,58671104,1202,32,1234,13,129.3057
2026-04-25T11:11:02.034111+00:00,recovery_scenario,iperf_tcp,10,1,,twin_core,492823,0.0,66179072,755,82,837,3,29.372
2026-04-25T11:11:02.034111+00:00,recovery_scenario,iperf_tcp,10,1,,ryu_controller,492816,58.7,58671104,1233,32,1265,31,303.3902
2026-04-25T11:11:02.134744+00:00,recovery_scenario,iperf_tcp,10,1,,twin_core,492823,0.0,66179072,763,82,845,8,79.4926
2026-04-25T11:11:02.134744+00:00,recovery_scenario,iperf_tcp,10,1,,ryu_controller,492816,59.6,58687488,1259,32,1291,26,258.489
2026-04-25T11:11:02.235766+00:00,recovery_scenario,iperf_tcp,10,1,,twin_core,492823,0.0,66179072,767,82,849,4,39.5847
2026-04-25T11:11:02.235766+00:00,recovery_scenario,iperf_tcp,10,1,,ryu_controller,492816,0.0,58687488,1262,32,1294,3,29.6876
2026-04-25T11:11:02.340087+00:00,recovery_scenario,iperf_tcp,10,1,,twin_core,492823,0.0,66179072,770,82,852,3,28.6538
2026-04-25T11:11:02.340087+00:00,recovery_scenario,iperf_tcp,10,1,,ryu_controller,492816,0.0,58687488,1266,32,1298,4,38.1525
2026-04-25T11:11:02.445126+00:00,recovery_scenario,iperf_tcp,10,1,,twin_core,492823,0.0,66179072,773,82,855,3,28.6593
2026-04-25T11:11:02.445969+00:00,recovery_scenario,iperf_tcp,10,1,pingall_completed,,,,,,,,,
2026-04-25T11:11:02.445126+00:00,recovery_scenario,iperf_tcp,10,1,,ryu_controller,492816,9.5,58687488,1268,32,1300,2,18.9595
2026-04-25T11:11:02.551394+00:00,recovery_scenario,iperf_tcp,10,1,,twin_core,492823,0.0,66187264,791,82,873,18,169.438
2026-04-25T11:11:02.551394+00:00,recovery_scenario,iperf_tcp,10,1,,ryu_controller,492816,0.0,58687488,1273,32,1305,5,47.4355
2026-04-25T11:11:02.652080+00:00,recovery_scenario,iperf_tcp,10,1,,twin_core,492823,0.0,66187264,791,82,873,0,0.0
2026-04-25T11:11:02.652080+00:00,recovery_scenario,iperf_tcp,10,1,,ryu_controller,492816,19.9,58687488,1295,32,1327,22,218.7775
2026-04-25T11:11:02.757268+00:00,recovery_scenario,iperf_tcp,10,1,,twin_core,492823,9.5,66187264,791,82,873,0,0.0
2026-04-25T11:11:02.757268+00:00,recovery_scenario,iperf_tcp,10,1,,ryu_controller,492816,0.0,58687488,1299,32,1331,4,37.8003
2026-04-25T11:11:02.858461+00:00,recovery_scenario,iperf_tcp,10,1,,twin_core,492823,9.9,66187264,791,82,873,0,0.0
2026-04-25T11:11:02.858461+00:00,recovery_scenario,iperf_tcp,10,1,,ryu_controller,492816,9.9,58687488,1311,32,1343,12,119.3944
2026-04-25T11:11:02.959687+00:00,recovery_scenario,iperf_tcp,10,1,,twin_core,492823,0.0,66269184,791,82,873,0,0.0
2026-04-25T11:11:02.959687+00:00,recovery_scenario,iperf_tcp,10,1,,ryu_controller,492816,49.4,58802176,1353,33,1386,43,424.6574
2026-04-25T11:11:03.064823+00:00,recovery_scenario,iperf_tcp,10,1,,twin_core,492823,0.0,66269184,791,82,873,0,0.0
2026-04-25T11:11:03.064823+00:00,recovery_scenario,iperf_tcp,10,1,,ryu_controller,492816,9.5,58802176,1371,33,1404,18,171.1973
2026-04-25T11:11:03.168889+00:00,recovery_scenario,iperf_tcp,10,1,,twin_core,492823,0.0,66269184,791,82,873,0,0.0
2026-04-25T11:11:03.168889+00:00,recovery_scenario,iperf_tcp,10,1,,ryu_controller,492816,0.0,58802176,1382,33,1415,11,105.6938
2026-04-25T11:11:03.273447+00:00,recovery_scenario,iperf_tcp,10,1,,twin_core,492823,0.0,66269184,791,82,873,0,0.0
2026-04-25T11:11:03.273447+00:00,recovery_scenario,iperf_tcp,10,1,,ryu_controller,492816,0.0,58802176,1384,33,1417,2,19.0337
2026-04-25T11:11:03.377286+00:00,recovery_scenario,iperf_tcp,10,1,,twin_core,492823,0.0,66269184,791,82,873,0,0.0
2026-04-25T11:11:03.377286+00:00,recovery_scenario,iperf_tcp,10,1,,ryu_controller,492816,0.0,58802176,1387,33,1420,3,29.0017
2026-04-25T11:11:03.477959+00:00,recovery_scenario,iperf_tcp,10,1,,twin_core,492823,9.9,66269184,796,82,878,5,49.663
2026-04-25T11:11:03.477959+00:00,recovery_scenario,iperf_tcp,10,1,,ryu_controller,492816,0.0,58802176,1390,33,1423,3,29.8066
2026-04-25T11:11:03.578625+00:00,recovery_scenario,iperf_tcp,10,1,,twin_core,492823,0.0,66269184,796,82,878,0,0.0
2026-04-25T11:11:03.578625+00:00,recovery_scenario,iperf_tcp,10,1,,ryu_controller,492816,9.9,58802176,1393,33,1426,3,29.7594
2026-04-25T11:11:03.679424+00:00,recovery_scenario,iperf_tcp,10,1,,twin_core,492823,0.0,66269184,796,82,878,0,0.0
2026-04-25T11:11:03.679424+00:00,recovery_scenario,iperf_tcp,10,1,,ryu_controller,492816,0.0,58802176,1396,33,1429,3,29.798
2026-04-25T11:11:03.780507+00:00,recovery_scenario,iperf_tcp,10,1,,twin_core,492823,0.0,66269184,796,82,878,0,0.0
2026-04-25T11:11:03.780507+00:00,recovery_scenario,iperf_tcp,10,1,,ryu_controller,492816,9.9,58802176,1400,34,1434,5,49.4508
2026-04-25T11:11:03.882501+00:00,recovery_scenario,iperf_tcp,10,1,,twin_core,492823,0.0,66269184,796,82,878,0,0.0
2026-04-25T11:11:03.882501+00:00,recovery_scenario,iperf_tcp,10,1,,ryu_controller,492816,0.0,58802176,1413,38,1451,17,166.0955
2026-04-25T11:11:03.985610+00:00,recovery_scenario,iperf_tcp,10,1,,twin_core,492823,0.0,66269184,796,82,878,0,0.0
2026-04-25T11:11:03.985610+00:00,recovery_scenario,iperf_tcp,10,1,,ryu_controller,492816,0.0,58802176,1428,41,1469,18,174.0184
2026-04-25T11:11:04.088525+00:00,recovery_scenario,iperf_tcp,10,1,,twin_core,492823,0.0,66269184,796,82,878,0,0.0
2026-04-25T11:11:04.088525+00:00,recovery_scenario,iperf_tcp,10,1,,ryu_controller,492816,0.0,58802176,1431,43,1474,5,48.9537
2026-04-25T11:11:04.191548+00:00,recovery_scenario,iperf_tcp,10,1,,twin_core,492823,0.0,66269184,796,82,878,0,0.0
2026-04-25T11:11:04.191548+00:00,recovery_scenario,iperf_tcp,10,1,,ryu_controller,492816,29.1,58802176,1443,72,1515,41,397.6382
2026-04-25T11:11:04.294568+00:00,recovery_scenario,iperf_tcp,10,1,,twin_core,492823,0.0,66269184,796,82,878,0,0.0
2026-04-25T11:11:04.294568+00:00,recovery_scenario,iperf_tcp,10,1,,ryu_controller,492816,29.1,58810368,1450,98,1548,33,320.1514
2026-04-25T11:11:04.396526+00:00,recovery_scenario,iperf_tcp,10,1,,twin_core,492823,9.8,66269184,796,82,878,0,0.0
2026-04-25T11:11:04.396526+00:00,recovery_scenario,iperf_tcp,10,1,,ryu_controller,492816,19.6,58810368,1459,116,1575,27,264.7252
2026-04-25T11:11:04.466708+00:00,recovery_scenario,iperf_tcp,10,1,background_traffic_started,,,,,,,,,
2026-04-25T11:11:04.498487+00:00,recovery_scenario,iperf_tcp,10,1,,twin_core,492823,0.0,66285568,803,88,891,13,127.5492
2026-04-25T11:11:04.498487+00:00,recovery_scenario,iperf_tcp,10,1,,ryu_controller,492816,9.8,58810368,1468,120,1588,13,127.4976
2026-04-25T11:11:04.600491+00:00,recovery_scenario,iperf_tcp,10,1,,twin_core,492823,9.7,66318336,813,99,912,21,204.0362
2026-04-25T11:11:04.600491+00:00,recovery_scenario,iperf_tcp,10,1,,ryu_controller,492816,29.2,58810368,1483,174,1657,69,670.9603
2026-04-25T11:11:04.702069+00:00,recovery_scenario,iperf_tcp,10,1,,twin_core,492823,0.0,66383872,822,105,927,15,149.2322
2026-04-25T11:11:04.702069+00:00,recovery_scenario,iperf_tcp,10,1,,ryu_controller,492816,39.8,58843136,1489,259,1748,91,905.3399
2026-04-25T11:11:04.726360+00:00,recovery_scenario,iperf_tcp,10,1,fault_injected,,,,,,,,,
2026-04-25T11:11:04.803059+00:00,recovery_scenario,iperf_tcp,10,1,,twin_core,492823,0.0,66441216,827,113,940,13,128.7743
2026-04-25T11:11:04.803059+00:00,recovery_scenario,iperf_tcp,10,1,,ryu_controller,492816,39.6,59219968,1491,341,1832,84,831.984
2026-04-25T11:11:04.903494+00:00,recovery_scenario,iperf_tcp,10,1,,twin_core,492823,0.0,66441216,827,113,940,0,0.0
2026-04-25T11:11:04.903494+00:00,recovery_scenario,iperf_tcp,10,1,,ryu_controller,492816,39.7,59232256,1491,489,1980,148,1470.4064
2026-04-25T11:11:05.004828+00:00,recovery_scenario,iperf_tcp,10,1,,twin_core,492823,0.0,66441216,827,113,940,0,0.0
2026-04-25T11:11:05.004828+00:00,recovery_scenario,iperf_tcp,10,1,,ryu_controller,492816,49.5,59297792,1491,685,2176,196,1938.7069
2026-04-25T11:11:05.106779+00:00,recovery_scenario,iperf_tcp,10,1,,twin_core,492823,9.8,66441216,827,113,940,0,0.0
2026-04-25T11:11:05.106779+00:00,recovery_scenario,iperf_tcp,10,1,,ryu_controller,492816,88.3,59334656,1491,779,2270,94,921.6343
2026-04-25T11:11:05.208326+00:00,recovery_scenario,iperf_tcp,10,1,,twin_core,492823,0.0,66441216,827,113,940,0,0.0
2026-04-25T11:11:05.208326+00:00,recovery_scenario,iperf_tcp,10,1,,ryu_controller,492816,78.8,59338752,1491,946,2437,167,1643.7004
2026-04-25T11:11:05.309122+00:00,recovery_scenario,iperf_tcp,10,1,,twin_core,492823,0.0,66441216,828,114,942,2,19.8386
2026-04-25T11:11:05.309122+00:00,recovery_scenario,iperf_tcp,10,1,,ryu_controller,492816,89.3,59342848,1491,1081,2572,135,1339.5251
2026-04-25T11:11:05.410409+00:00,recovery_scenario,iperf_tcp,10,1,,twin_core,492823,0.0,66441216,828,114,942,0,0.0
2026-04-25T11:11:05.410409+00:00,recovery_scenario,iperf_tcp,10,1,,ryu_controller,492816,88.8,59342848,1491,1223,2714,142,1401.5102
2026-04-25T11:11:05.511767+00:00,recovery_scenario,iperf_tcp,10,1,,twin_core,492823,0.0,66441216,828,114,942,0,0.0
2026-04-25T11:11:05.511767+00:00,recovery_scenario,iperf_tcp,10,1,,ryu_controller,492816,78.2,59342848,1491,1517,3008,294,2874.6994
2026-04-25T11:11:05.613857+00:00,recovery_scenario,iperf_tcp,10,1,,twin_core,492823,0.0,66441216,828,114,942,0,0.0
2026-04-25T11:11:05.613857+00:00,recovery_scenario,iperf_tcp,10,1,,ryu_controller,492816,79.2,59342848,1491,1698,3189,181,1789.8887
2026-04-25T11:11:05.714401+00:00,recovery_scenario,iperf_tcp,10,1,,twin_core,492823,0.0,66441216,828,114,942,0,0.0
2026-04-25T11:11:05.714401+00:00,recovery_scenario,iperf_tcp,10,1,,ryu_controller,492816,79.4,59346944,1491,1918,3409,220,2183.8065
2026-04-25T11:11:05.816168+00:00,recovery_scenario,iperf_tcp,10,1,,twin_core,492823,0.0,66445312,829,114,943,1,9.5566
2026-04-25T11:11:05.816168+00:00,recovery_scenario,iperf_tcp,10,1,,ryu_controller,492816,57.4,59346944,1491,2145,3636,227,2174.3136
2026-04-25T11:11:05.919921+00:00,recovery_scenario,iperf_tcp,10,1,,twin_core,492823,0.0,66445312,829,114,943,0,0.0
2026-04-25T11:11:05.919921+00:00,recovery_scenario,iperf_tcp,10,1,,ryu_controller,492816,79.2,59346944,1491,2302,3793,157,1550.6137
2026-04-25T11:11:06.024938+00:00,recovery_scenario,iperf_tcp,10,1,,twin_core,492823,0.0,66445312,829,114,943,0,0.0
2026-04-25T11:11:06.024938+00:00,recovery_scenario,iperf_tcp,10,1,,ryu_controller,492816,56.9,59346944,1491,2468,3959,166,1575.7753
2026-04-25T11:11:06.128807+00:00,recovery_scenario,iperf_tcp,10,1,,twin_core,492823,0.0,66445312,829,114,943,0,0.0
2026-04-25T11:11:06.128807+00:00,recovery_scenario,iperf_tcp,10,1,,ryu_controller,492816,67.8,59351040,1491,2620,4111,152,1474.0201
2026-04-25T11:11:06.229234+00:00,recovery_scenario,iperf_tcp,10,1,,twin_core,492823,0.0,66445312,829,114,943,0,0.0
2026-04-25T11:11:06.229234+00:00,recovery_scenario,iperf_tcp,10,1,,ryu_controller,492816,69.5,59351040,1491,2820,4311,200,1983.537
2026-04-25T11:11:06.330074+00:00,recovery_scenario,iperf_tcp,10,1,,twin_core,492823,0.0,66445312,830,114,944,1,9.9236
2026-04-25T11:11:06.330074+00:00,recovery_scenario,iperf_tcp,10,1,,ryu_controller,492816,59.7,59351040,1491,2926,4417,106,1055.3369
2026-04-25T11:11:06.432797+00:00,recovery_scenario,iperf_tcp,10,1,,twin_core,492823,0.0,66445312,830,114,944,0,0.0
2026-04-25T11:11:06.432797+00:00,recovery_scenario,iperf_tcp,10,1,,ryu_controller,492816,68.1,59359232,1491,3117,4608,191,1858.7734
2026-04-25T11:11:06.533239+00:00,recovery_scenario,iperf_tcp,10,1,,twin_core,492823,0.0,66445312,830,114,944,0,0.0
2026-04-25T11:11:06.533239+00:00,recovery_scenario,iperf_tcp,10,1,,ryu_controller,492816,39.8,59363328,1491,3219,4710,102,1015.5192
2026-04-25T11:11:06.633939+00:00,recovery_scenario,iperf_tcp,10,1,,twin_core,492823,0.0,66445312,830,114,944,0,0.0
2026-04-25T11:11:06.633939+00:00,recovery_scenario,iperf_tcp,10,1,,ryu_controller,492816,69.5,59375616,1491,3464,4955,245,2433.8477
2026-04-25T11:11:06.735423+00:00,recovery_scenario,iperf_tcp,10,1,,twin_core,492823,0.0,66445312,830,114,944,0,0.0
2026-04-25T11:11:06.735423+00:00,recovery_scenario,iperf_tcp,10,1,,ryu_controller,492816,78.7,59379712,1491,3692,5183,228,2243.7645
2026-04-25T11:11:06.835969+00:00,recovery_scenario,iperf_tcp,10,1,,twin_core,492823,0.0,66445312,831,116,947,3,29.8408
2026-04-25T11:11:06.835969+00:00,recovery_scenario,iperf_tcp,10,1,,ryu_controller,492816,59.7,59383808,1491,4079,5570,387,3853.9281
2026-04-25T11:11:06.937405+00:00,recovery_scenario,iperf_tcp,10,1,,twin_core,492823,0.0,66445312,831,116,947,0,0.0
2026-04-25T11:11:06.937405+00:00,recovery_scenario,iperf_tcp,10,1,,ryu_controller,492816,78.9,59383808,1491,4389,5880,310,3052.7892
2026-04-25T11:11:07.039126+00:00,recovery_scenario,iperf_tcp,10,1,,twin_core,492823,0.0,66445312,831,116,947,0,0.0
2026-04-25T11:11:07.039126+00:00,recovery_scenario,iperf_tcp,10,1,,ryu_controller,492816,78.3,59383808,1491,4645,6136,256,2503.7425
2026-04-25T11:11:07.143682+00:00,recovery_scenario,iperf_tcp,10,1,,twin_core,492823,0.0,66445312,831,116,947,0,0.0
2026-04-25T11:11:07.143682+00:00,recovery_scenario,iperf_tcp,10,1,,ryu_controller,492816,67.2,59383808,1491,4889,6380,244,2348.0123
2026-04-25T11:11:07.245553+00:00,recovery_scenario,iperf_tcp,10,1,,twin_core,492823,0.0,66445312,831,116,947,0,0.0
2026-04-25T11:11:07.245553+00:00,recovery_scenario,iperf_tcp,10,1,,ryu_controller,492816,68.7,59387904,1491,5162,6653,273,2677.5397
2026-04-25T11:11:07.346272+00:00,recovery_scenario,iperf_tcp,10,1,,twin_core,492823,9.9,66449408,832,117,949,2,19.8671
2026-04-25T11:11:07.346272+00:00,recovery_scenario,iperf_tcp,10,1,,ryu_controller,492816,79.5,59396096,1491,5445,6936,283,2811.289
2026-04-25T11:11:07.446738+00:00,recovery_scenario,iperf_tcp,10,1,,twin_core,492823,0.0,66449408,832,117,949,0,0.0
2026-04-25T11:11:07.446738+00:00,recovery_scenario,iperf_tcp,10,1,,ryu_controller,492816,79.6,59396096,1491,5766,7257,321,3195.7236
2026-04-25T11:11:07.547186+00:00,recovery_scenario,iperf_tcp,10,1,,twin_core,492823,0.0,66449408,832,117,949,0,0.0
2026-04-25T11:11:07.547186+00:00,recovery_scenario,iperf_tcp,10,1,,ryu_controller,492816,69.7,59400192,1491,5998,7489,232,2309.246
2026-04-25T11:11:07.649796+00:00,recovery_scenario,iperf_tcp,10,1,,twin_core,492823,0.0,66449408,832,117,949,0,0.0
2026-04-25T11:11:07.649796+00:00,recovery_scenario,iperf_tcp,10,1,,ryu_controller,492816,68.2,59408384,1491,6325,7816,327,3183.8665
2026-04-25T11:11:07.750304+00:00,recovery_scenario,iperf_tcp,10,1,,twin_core,492823,9.9,66449408,832,117,949,0,0.0
2026-04-25T11:11:07.750304+00:00,recovery_scenario,iperf_tcp,10,1,,ryu_controller,492816,39.8,59412480,1491,6465,7956,140,1391.8181
2026-04-25T11:11:07.852302+00:00,recovery_scenario,iperf_tcp,10,1,,twin_core,492823,0.0,66449408,833,118,951,2,19.6106
2026-04-25T11:11:07.852302+00:00,recovery_scenario,iperf_tcp,10,1,,ryu_controller,492816,49.0,59412480,1492,6615,8107,151,1482.8621
2026-04-25T11:11:07.953485+00:00,recovery_scenario,iperf_tcp,10,1,,twin_core,492823,9.9,66449408,833,118,951,0,0.0
2026-04-25T11:11:07.953485+00:00,recovery_scenario,iperf_tcp,10,1,,ryu_controller,492816,48.7,59416576,1492,6763,8255,148,1440.3598
2026-04-25T11:11:08.055555+00:00,recovery_scenario,iperf_tcp,10,1,,twin_core,492823,0.0,66449408,833,118,951,0,0.0
2026-04-25T11:11:08.055555+00:00,recovery_scenario,iperf_tcp,10,1,,ryu_controller,492816,49.7,59420672,1492,6917,8409,154,1530.1195
2026-04-25T11:11:08.158550+00:00,recovery_scenario,iperf_tcp,10,1,,twin_core,492823,0.0,66490368,833,118,951,0,0.0
2026-04-25T11:11:08.158550+00:00,recovery_scenario,iperf_tcp,10,1,,ryu_controller,492816,0.0,59420672,1498,6941,8439,30,291.007
2026-04-25T11:11:08.261487+00:00,recovery_scenario,iperf_tcp,10,1,,twin_core,492823,0.0,66490368,836,121,957,6,58.3442
2026-04-25T11:11:08.261487+00:00,recovery_scenario,iperf_tcp,10,1,,ryu_controller,492816,9.7,59420672,1505,6955,8460,21,204.1613
2026-04-25T11:11:08.364499+00:00,recovery_scenario,iperf_tcp,10,1,,twin_core,492823,9.7,66490368,846,127,973,16,155.2359
2026-04-25T11:11:08.364499+00:00,recovery_scenario,iperf_tcp,10,1,,ryu_controller,492816,19.4,59420672,1512,7013,8525,65,630.6829
2026-04-25T11:11:08.465444+00:00,recovery_scenario,iperf_tcp,10,1,,twin_core,492823,0.0,66490368,855,131,986,13,128.6921
2026-04-25T11:11:08.465444+00:00,recovery_scenario,iperf_tcp,10,1,,ryu_controller,492816,29.7,59420672,1520,7058,8578,53,525.0792
2026-04-25T11:11:08.537282+00:00,recovery_scenario,iperf_tcp,10,1,recovery_requested,,,,,,,,,
2026-04-25T11:11:08.568493+00:00,recovery_scenario,iperf_tcp,10,1,,twin_core,492823,9.7,66498560,864,138,1002,16,155.4836
2026-04-25T11:11:08.568493+00:00,recovery_scenario,iperf_tcp,10,1,,ryu_controller,492816,29.2,59420672,1531,7079,8610,32,310.8926
2026-04-25T11:11:08.669047+00:00,recovery_scenario,iperf_tcp,10,1,,twin_core,492823,0.0,66498560,864,138,1002,0,0.0
2026-04-25T11:11:08.669047+00:00,recovery_scenario,iperf_tcp,10,1,,ryu_controller,492816,29.8,59420672,1550,7142,8692,82,816.0613
2026-04-25T11:11:08.770509+00:00,recovery_scenario,iperf_tcp,10,1,,twin_core,492823,0.0,66498560,864,138,1002,0,0.0
2026-04-25T11:11:08.770509+00:00,recovery_scenario,iperf_tcp,10,1,,ryu_controller,492816,29.5,59420672,1557,7241,8798,106,1043.6527
2026-04-25T11:11:08.871915+00:00,recovery_scenario,iperf_tcp,10,1,,twin_core,492823,0.0,66498560,864,138,1002,0,0.0
2026-04-25T11:11:08.871915+00:00,recovery_scenario,iperf_tcp,10,1,,ryu_controller,492816,39.5,59420672,1563,7338,8901,103,1016.8138
2026-04-25T11:11:08.972380+00:00,recovery_scenario,iperf_tcp,10,1,,twin_core,492823,0.0,66498560,864,138,1002,0,0.0
2026-04-25T11:11:08.972380+00:00,recovery_scenario,iperf_tcp,10,1,,ryu_controller,492816,39.3,59420672,1563,7480,9043,142,1396.3799
2026-04-25T11:11:09.074983+00:00,recovery_scenario,iperf_tcp,10,1,,twin_core,492823,0.0,66498560,865,138,1003,1,9.8417
2026-04-25T11:11:09.074983+00:00,recovery_scenario,iperf_tcp,10,1,,ryu_controller,492816,29.3,59420672,1564,7495,9059,16,156.1554
2026-04-25T11:11:09.177760+00:00,recovery_scenario,iperf_tcp,10,1,,twin_core,492823,0.0,66498560,865,138,1003,0,0.0
2026-04-25T11:11:09.177760+00:00,recovery_scenario,iperf_tcp,10,1,,ryu_controller,492816,29.4,59420672,1564,7506,9070,11,107.8579
2026-04-25T11:11:09.280567+00:00,recovery_scenario,iperf_tcp,10,1,,twin_core,492823,0.0,66498560,865,138,1003,0,0.0
2026-04-25T11:11:09.280567+00:00,recovery_scenario,iperf_tcp,10,1,,ryu_controller,492816,39.0,59420672,1564,7517,9081,11,107.2079
2026-04-25T11:11:09.382694+00:00,recovery_scenario,iperf_tcp,10,1,,twin_core,492823,0.0,66498560,865,138,1003,0,0.0
2026-04-25T11:11:09.382694+00:00,recovery_scenario,iperf_tcp,10,1,,ryu_controller,492816,29.4,59424768,1564,7529,9093,12,117.6444
2026-04-25T11:11:09.484505+00:00,recovery_scenario,iperf_tcp,10,1,,twin_core,492823,0.0,66498560,865,138,1003,0,0.0
2026-04-25T11:11:09.484505+00:00,recovery_scenario,iperf_tcp,10,1,,ryu_controller,492816,29.4,59424768,1564,7541,9105,12,117.7281
2026-04-25T11:11:09.585572+00:00,recovery_scenario,iperf_tcp,10,1,,twin_core,492823,0.0,66502656,866,138,1004,1,9.8986
2026-04-25T11:11:09.585572+00:00,recovery_scenario,iperf_tcp,10,1,,ryu_controller,492816,39.6,59424768,1564,7603,9167,62,613.583
2026-04-25T11:11:09.687789+00:00,recovery_scenario,iperf_tcp,10,1,,twin_core,492823,0.0,66502656,866,138,1004,0,0.0
2026-04-25T11:11:09.687789+00:00,recovery_scenario,iperf_tcp,10,1,,ryu_controller,492816,39.2,59424768,1564,7686,9250,83,812.8955
2026-04-25T11:11:09.788567+00:00,recovery_scenario,iperf_tcp,10,1,,twin_core,492823,0.0,66502656,866,138,1004,0,0.0
2026-04-25T11:11:09.788567+00:00,recovery_scenario,iperf_tcp,10,1,,ryu_controller,492816,39.6,59432960,1564,7838,9402,152,1505.1302
2026-04-25T11:11:09.891491+00:00,recovery_scenario,iperf_tcp,10,1,,twin_core,492823,0.0,66502656,866,138,1004,0,0.0
2026-04-25T11:11:09.891491+00:00,recovery_scenario,iperf_tcp,10,1,,ryu_controller,492816,38.5,59437056,1564,7915,9479,77,738.6093
2026-04-25T11:11:09.993570+00:00,recovery_scenario,iperf_tcp,10,1,,twin_core,492823,9.9,66502656,866,138,1004,0,0.0
2026-04-25T11:11:09.993570+00:00,recovery_scenario,iperf_tcp,10,1,,ryu_controller,492816,39.6,59437056,1564,8003,9567,88,873.5306
2026-04-25T11:11:10.094570+00:00,recovery_scenario,iperf_tcp,10,1,,twin_core,492823,0.0,66502656,867,138,1005,1,9.9059
2026-04-25T11:11:10.094570+00:00,recovery_scenario,iperf_tcp,10,1,,ryu_controller,492816,49.5,59465728,1564,8112,9676,109,1079.8598
2026-04-25T11:11:10.196111+00:00,recovery_scenario,iperf_tcp,10,1,,twin_core,492823,0.0,66502656,867,138,1005,0,0.0
2026-04-25T11:11:10.196111+00:00,recovery_scenario,iperf_tcp,10,1,,ryu_controller,492816,39.4,59498496,1564,8227,9791,115,1133.9384
2026-04-25T11:11:10.296498+00:00,recovery_scenario,iperf_tcp,10,1,,twin_core,492823,0.0,66502656,867,138,1005,0,0.0
2026-04-25T11:11:10.296498+00:00,recovery_scenario,iperf_tcp,10,1,,ryu_controller,492816,29.9,59510784,1564,8332,9896,105,1044.2546
2026-04-25T11:11:10.397747+00:00,recovery_scenario,iperf_tcp,10,1,,twin_core,492823,0.0,66502656,867,138,1005,0,0.0
2026-04-25T11:11:10.397747+00:00,recovery_scenario,iperf_tcp,10,1,,ryu_controller,492816,49.4,59514880,1564,8404,9968,72,712.1604
2026-04-25T11:11:10.498305+00:00,recovery_scenario,iperf_tcp,10,1,,twin_core,492823,0.0,66502656,867,138,1005,0,0.0
2026-04-25T11:11:10.498305+00:00,recovery_scenario,iperf_tcp,10,1,,ryu_controller,492816,49.7,59514880,1564,8564,10128,160,1591.6824
2026-04-25T11:11:10.599317+00:00,recovery_scenario,iperf_tcp,10,1,,twin_core,492823,9.9,66502656,868,138,1006,1,9.8981
2026-04-25T11:11:10.599317+00:00,recovery_scenario,iperf_tcp,10,1,,ryu_controller,492816,59.4,59514880,1564,8676,10240,112,1108.4821
2026-04-25T11:11:10.700316+00:00,recovery_scenario,iperf_tcp,10,1,,twin_core,492823,0.0,66502656,868,138,1006,0,0.0
2026-04-25T11:11:10.700316+00:00,recovery_scenario,iperf_tcp,10,1,,ryu_controller,492816,79.2,59514880,1564,8794,10358,118,1168.4168
2026-04-25T11:11:10.803712+00:00,recovery_scenario,iperf_tcp,10,1,,twin_core,492823,0.0,66502656,868,138,1006,0,0.0
2026-04-25T11:11:10.803712+00:00,recovery_scenario,iperf_tcp,10,1,,ryu_controller,492816,96.7,59514880,1564,8879,10443,85,822.1065
2026-04-25T11:11:10.904207+00:00,recovery_scenario,iperf_tcp,10,1,,twin_core,492823,0.0,66502656,868,138,1006,0,0.0
2026-04-25T11:11:10.904207+00:00,recovery_scenario,iperf_tcp,10,1,,ryu_controller,492816,79.5,59514880,1564,9109,10673,230,2276.8317
2026-04-25T11:11:11.005346+00:00,recovery_scenario,iperf_tcp,10,1,,twin_core,492823,0.0,66502656,868,138,1006,0,0.0
2026-04-25T11:11:11.005346+00:00,recovery_scenario,iperf_tcp,10,1,,ryu_controller,492816,69.3,59514880,1564,9274,10838,165,1636.675
2026-04-25T11:11:11.105996+00:00,recovery_scenario,iperf_tcp,10,1,,twin_core,492823,0.0,66502656,869,139,1008,2,19.8794
2026-04-25T11:11:11.105996+00:00,recovery_scenario,iperf_tcp,10,1,,ryu_controller,492816,69.6,59514880,1564,9456,11020,182,1812.0386
2026-04-25T11:11:11.207393+00:00,recovery_scenario,iperf_tcp,10,1,,twin_core,492823,0.0,66502656,869,139,1008,0,0.0
2026-04-25T11:11:11.207393+00:00,recovery_scenario,iperf_tcp,10,1,,ryu_controller,492816,84.4,59514880,1564,9606,11170,150,1405.8194
2026-04-25T11:11:11.313480+00:00,recovery_scenario,iperf_tcp,10,1,,twin_core,492823,0.0,66502656,869,139,1008,0,0.0
2026-04-25T11:11:11.313480+00:00,recovery_scenario,iperf_tcp,10,1,,ryu_controller,492816,108.8,59514880,1564,9628,11192,22,217.7158
2026-04-25T11:11:11.414212+00:00,recovery_scenario,iperf_tcp,10,1,,twin_core,492823,0.0,66502656,869,139,1008,0,0.0
2026-04-25T11:11:11.414212+00:00,recovery_scenario,iperf_tcp,10,1,,ryu_controller,492816,88.3,59514880,1565,9657,11222,30,293.9806
2026-04-25T11:11:11.519751+00:00,recovery_scenario,iperf_tcp,10,1,,twin_core,492823,0.0,66502656,869,139,1008,0,0.0
2026-04-25T11:11:11.519751+00:00,recovery_scenario,iperf_tcp,10,1,,ryu_controller,492816,76.6,59514880,1565,9891,11456,234,2244.0569
2026-04-25T11:11:11.621281+00:00,recovery_scenario,iperf_tcp,10,1,,twin_core,492823,0.0,66502656,870,141,1011,3,29.6285
2026-04-25T11:11:11.621281+00:00,recovery_scenario,iperf_tcp,10,1,,ryu_controller,492816,79.0,59514880,1565,10097,11662,206,2035.0959
2026-04-25T11:11:11.725759+00:00,recovery_scenario,iperf_tcp,10,1,,twin_core,492823,0.0,66502656,870,141,1011,0,0.0
2026-04-25T11:11:11.725759+00:00,recovery_scenario,iperf_tcp,10,1,,ryu_controller,492816,38.3,59518976,1565,10205,11770,108,1033.0079
2026-04-25T11:11:11.826262+00:00,recovery_scenario,iperf_tcp,10,1,,twin_core,492823,0.0,66502656,870,141,1011,0,0.0
2026-04-25T11:11:11.826262+00:00,recovery_scenario,iperf_tcp,10,1,,ryu_controller,492816,39.8,59518976,1565,10297,11862,92,915.6713
2026-04-25T11:11:11.926778+00:00,recovery_scenario,iperf_tcp,10,1,,twin_core,492823,0.0,66502656,870,141,1011,0,0.0
2026-04-25T11:11:11.926778+00:00,recovery_scenario,iperf_tcp,10,1,,ryu_controller,492816,39.8,59518976,1565,10393,11958,96,955.1797
2026-04-25T11:11:12.028156+00:00,recovery_scenario,iperf_tcp,10,1,,twin_core,492823,9.9,66502656,870,141,1011,0,0.0
2026-04-25T11:11:12.028156+00:00,recovery_scenario,iperf_tcp,10,1,,ryu_controller,492816,49.3,59518976,1565,10504,12069,111,1095.1675
2026-04-25T11:11:12.128570+00:00,recovery_scenario,iperf_tcp,10,1,,twin_core,492823,0.0,66502656,871,141,1012,1,9.9487
2026-04-25T11:11:12.128570+00:00,recovery_scenario,iperf_tcp,10,1,,ryu_controller,492816,39.8,59518976,1565,10628,12193,124,1233.629
2026-04-25T11:11:12.229092+00:00,recovery_scenario,iperf_tcp,10,1,,twin_core,492823,0.0,66502656,871,141,1012,0,0.0
2026-04-25T11:11:12.229092+00:00,recovery_scenario,iperf_tcp,10,1,,ryu_controller,492816,39.8,59523072,1565,10733,12298,105,1045.5609
2026-04-25T11:11:12.330576+00:00,recovery_scenario,iperf_tcp,10,1,,twin_core,492823,9.8,66531328,871,141,1012,0,0.0
2026-04-25T11:11:12.330576+00:00,recovery_scenario,iperf_tcp,10,1,,ryu_controller,492816,29.5,59523072,1570,10774,12344,46,452.0676
2026-04-25T11:11:12.432462+00:00,recovery_scenario,iperf_tcp,10,1,,twin_core,492823,0.0,66531328,871,141,1012,0,0.0
2026-04-25T11:11:12.432462+00:00,recovery_scenario,iperf_tcp,10,1,,ryu_controller,492816,0.0,59523072,1577,10778,12355,11,108.01
2026-04-25T11:11:12.534772+00:00,recovery_scenario,iperf_tcp,10,1,,twin_core,492823,0.0,66531328,871,141,1012,0,0.0
2026-04-25T11:11:12.534772+00:00,recovery_scenario,iperf_tcp,10,1,,ryu_controller,492816,0.0,59523072,1583,10781,12364,9,88.1371
2026-04-25T11:11:12.635568+00:00,recovery_scenario,iperf_tcp,10,1,,twin_core,492823,9.9,66531328,883,157,1040,28,277.5567
2026-04-25T11:11:12.635568+00:00,recovery_scenario,iperf_tcp,10,1,,ryu_controller,492816,19.6,59523072,1599,10799,12398,34,333.9081
2026-04-25T11:11:12.730448+00:00,recovery_scenario,iperf_tcp,10,1,scenario_teardown,,,,,,,,,
2026-04-25T11:11:12.737171+00:00,recovery_scenario,iperf_tcp,10,1,,twin_core,492823,9.9,66535424,901,185,1086,46,453.2564
2026-04-25T11:11:12.737171+00:00,recovery_scenario,iperf_tcp,10,1,,ryu_controller,492816,39.8,59523072,1620,10833,12453,55,547.1535
2026-04-25T11:11:12.837988+00:00,recovery_scenario,iperf_tcp,10,1,,twin_core,492823,0.0,66535424,924,186,1110,24,237.8636
2026-04-25T11:11:12.837988+00:00,recovery_scenario,iperf_tcp,10,1,,ryu_controller,492816,0.0,59523072,1639,10838,12477,24,237.8102
2026-04-25T11:11:12.938505+00:00,recovery_scenario,iperf_tcp,10,1,,twin_core,492823,0.0,66535424,947,187,1134,24,238.7474
2026-04-25T11:11:12.938505+00:00,recovery_scenario,iperf_tcp,10,1,,ryu_controller,492816,19.9,59523072,1655,10846,12501,24,238.6928
2026-04-25T11:11:13.039381+00:00,recovery_scenario,iperf_tcp,10,1,,twin_core,492823,0.0,66539520,954,189,1143,9,89.2695
2026-04-25T11:11:13.039381+00:00,recovery_scenario,iperf_tcp,10,1,,ryu_controller,492816,9.7,59523072,1668,10850,12518,17,164.3325
2026-04-25T11:11:13.142570+00:00,recovery_scenario,iperf_tcp,10,1,,twin_core,492823,9.7,66539520,954,189,1143,0,0.0
2026-04-25T11:11:13.142570+00:00,recovery_scenario,iperf_tcp,10,1,,ryu_controller,492816,9.9,59523072,1685,10851,12536,18,178.9154
2026-04-25T11:11:16.484134+00:00,recovery_scenario,iperf_tcp,30,1,,twin_core,493900,0.0,65183744,403,95,498,0,0.0
2026-04-25T11:11:16.484134+00:00,recovery_scenario,iperf_tcp,30,1,,ryu_controller,493893,0.0,57630720,7,6,13,0,0.0
2026-04-25T11:11:16.586172+00:00,recovery_scenario,iperf_tcp,30,1,,twin_core,493900,0.0,65204224,439,95,534,36,358.3017
2026-04-25T11:11:16.586172+00:00,recovery_scenario,iperf_tcp,30,1,,ryu_controller,493893,29.9,57982976,16,29,45,32,317.4553
2026-04-25T11:11:16.687002+00:00,recovery_scenario,iperf_tcp,30,1,,twin_core,493900,9.9,65208320,530,98,628,94,932.1776
2026-04-25T11:11:16.687002+00:00,recovery_scenario,iperf_tcp,30,1,,ryu_controller,493893,29.8,57991168,35,33,68,23,228.9725
2026-04-25T11:11:16.762094+00:00,recovery_scenario,iperf_tcp,30,1,service_started,,,,,,,,,
2026-04-25T11:11:16.787431+00:00,recovery_scenario,iperf_tcp,30,1,,twin_core,493900,19.9,65847296,605,100,705,77,766.5583
2026-04-25T11:11:16.787431+00:00,recovery_scenario,iperf_tcp,30,1,,ryu_controller,493893,39.8,58044416,73,34,107,39,387.6527
2026-04-25T11:11:16.888034+00:00,recovery_scenario,iperf_tcp,30,1,,twin_core,493900,0.0,65998848,606,100,706,1,9.9415
2026-04-25T11:11:16.888034+00:00,recovery_scenario,iperf_tcp,30,1,,ryu_controller,493893,29.9,58097664,110,34,144,37,368.4139
2026-04-25T11:11:16.988452+00:00,recovery_scenario,iperf_tcp,30,1,,twin_core,493900,0.0,65998848,606,100,706,0,0.0
2026-04-25T11:11:16.988452+00:00,recovery_scenario,iperf_tcp,30,1,,ryu_controller,493893,19.9,58101760,133,34,167,23,228.8687
2026-04-25T11:11:17.091123+00:00,recovery_scenario,iperf_tcp,30,1,,twin_core,493900,0.0,65998848,606,100,706,0,0.0
2026-04-25T11:11:17.091123+00:00,recovery_scenario,iperf_tcp,30,1,,ryu_controller,493893,19.5,58109952,167,34,201,34,331.1802
2026-04-25T11:11:17.191723+00:00,recovery_scenario,iperf_tcp,30,1,,twin_core,493900,0.0,65998848,606,100,706,0,0.0
2026-04-25T11:11:17.191723+00:00,recovery_scenario,iperf_tcp,30,1,,ryu_controller,493893,19.9,58114048,191,35,226,25,248.266
2026-04-25T11:11:17.292520+00:00,recovery_scenario,iperf_tcp,30,1,,twin_core,493900,0.0,65998848,606,100,706,0,0.0
2026-04-25T11:11:17.292520+00:00,recovery_scenario,iperf_tcp,30,1,,ryu_controller,493893,9.9,58126336,209,35,244,18,178.6316
2026-04-25T11:11:17.393110+00:00,recovery_scenario,iperf_tcp,30,1,,twin_core,493900,0.0,65998848,606,100,706,0,0.0
2026-04-25T11:11:17.393110+00:00,recovery_scenario,iperf_tcp,30,1,,ryu_controller,493893,19.9,58134528,231,35,266,22,218.8992
2026-04-25T11:11:17.493596+00:00,recovery_scenario,iperf_tcp,30,1,,twin_core,493900,0.0,65998848,606,100,706,0,0.0
2026-04-25T11:11:17.493596+00:00,recovery_scenario,iperf_tcp,30,1,,ryu_controller,493893,19.9,58134528,256,35,291,25,248.7467
2026-04-25T11:11:17.597169+00:00,recovery_scenario,iperf_tcp,30,1,,twin_core,493900,0.0,65998848,606,100,706,0,0.0
2026-04-25T11:11:17.597169+00:00,recovery_scenario,iperf_tcp,30,1,,ryu_controller,493893,19.3,58138624,284,35,319,28,270.1882
2026-04-25T11:11:17.699625+00:00,recovery_scenario,iperf_tcp,30,1,,twin_core,493900,9.8,65998848,606,100,706,0,0.0
2026-04-25T11:11:17.699625+00:00,recovery_scenario,iperf_tcp,30,1,,ryu_controller,493893,19.5,58142720,302,35,337,18,175.706
2026-04-25T11:11:17.800198+00:00,recovery_scenario,iperf_tcp,30,1,,twin_core,493900,0.0,65998848,606,100,706,0,0.0
2026-04-25T11:11:17.800198+00:00,recovery_scenario,iperf_tcp,30,1,,ryu_controller,493893,10.0,58142720,330,35,365,28,278.6721
2026-04-25T11:11:17.900678+00:00,recovery_scenario,iperf_tcp,30,1,,twin_core,493900,0.0,65998848,606,100,706,0,0.0
2026-04-25T11:11:17.900678+00:00,recovery_scenario,iperf_tcp,30,1,,ryu_controller,493893,19.9,58146816,365,35,400,35,348.2427
2026-04-25T11:11:18.001158+00:00,recovery_scenario,iperf_tcp,30,1,,twin_core,493900,0.0,65998848,606,100,706,0,0.0
2026-04-25T11:11:18.001158+00:00,recovery_scenario,iperf_tcp,30,1,,ryu_controller,493893,19.9,58159104,392,35,427,27,268.7791
2026-04-25T11:11:18.102124+00:00,recovery_scenario,iperf_tcp,30,1,,twin_core,493900,0.0,65998848,606,100,706,0,0.0
2026-04-25T11:11:18.102124+00:00,recovery_scenario,iperf_tcp,30,1,,ryu_controller,493893,49.5,58171392,421,35,456,29,287.2192
2026-04-25T11:11:18.202558+00:00,recovery_scenario,iperf_tcp,30,1,,twin_core,493900,10.0,65998848,606,100,706,0,0.0
2026-04-25T11:11:18.202558+00:00,recovery_scenario,iperf_tcp,30,1,,ryu_controller,493893,9.9,58175488,436,36,472,16,159.119
2026-04-25T11:11:18.303789+00:00,recovery_scenario,iperf_tcp,30,1,,twin_core,493900,0.0,65998848,606,100,706,0,0.0
2026-04-25T11:11:18.303789+00:00,recovery_scenario,iperf_tcp,30,1,,ryu_controller,493893,9.9,58179584,455,36,491,19,187.673
2026-04-25T11:11:18.405737+00:00,recovery_scenario,iperf_tcp,30,1,,twin_core,493900,0.0,65998848,606,100,706,0,0.0
2026-04-25T11:11:18.405737+00:00,recovery_scenario,iperf_tcp,30,1,,ryu_controller,493893,58.9,58286080,499,36,535,44,431.898
2026-04-25T11:11:18.506276+00:00,recovery_scenario,iperf_tcp,30,1,,twin_core,493900,0.0,65998848,606,100,706,0,0.0
2026-04-25T11:11:18.506276+00:00,recovery_scenario,iperf_tcp,30,1,,ryu_controller,493893,39.6,58290176,520,37,557,22,217.9569
2026-04-25T11:11:18.607400+00:00,recovery_scenario,iperf_tcp,30,1,,twin_core,493900,0.0,65998848,606,100,706,0,0.0
2026-04-25T11:11:18.607400+00:00,recovery_scenario,iperf_tcp,30,1,,ryu_controller,493893,19.9,58290176,543,37,580,23,228.0415
2026-04-25T11:11:18.708082+00:00,recovery_scenario,iperf_tcp,30,1,,twin_core,493900,0.0,65998848,606,100,706,0,0.0
2026-04-25T11:11:18.708082+00:00,recovery_scenario,iperf_tcp,30,1,,ryu_controller,493893,9.9,58290176,547,37,584,4,39.806
2026-04-25T11:11:18.809251+00:00,recovery_scenario,iperf_tcp,30,1,,twin_core,493900,0.0,65998848,606,100,706,0,0.0
2026-04-25T11:11:18.809251+00:00,recovery_scenario,iperf_tcp,30,1,,ryu_controller,493893,9.9,58294272,570,37,607,23,227.3305
2026-04-25T11:11:18.909834+00:00,recovery_scenario,iperf_tcp,30,1,,twin_core,493900,9.9,66060288,611,100,711,5,49.6641
2026-04-25T11:11:18.909834+00:00,recovery_scenario,iperf_tcp,30,1,,ryu_controller,493893,49.6,58343424,635,37,672,65,644.9003
2026-04-25T11:11:19.018378+00:00,recovery_scenario,iperf_tcp,30,1,,twin_core,493900,0.0,66060288,615,100,715,4,36.7446
2026-04-25T11:11:19.018378+00:00,recovery_scenario,iperf_tcp,30,1,,ryu_controller,493893,36.7,58343424,657,38,695,23,211.3158
2026-04-25T11:11:19.119354+00:00,recovery_scenario,iperf_tcp,30,1,,twin_core,493900,0.0,66060288,618,100,718,3,29.8095
2026-04-25T11:11:19.119354+00:00,recovery_scenario,iperf_tcp,30,1,,ryu_controller,493893,29.8,58347520,672,38,710,15,148.8379
2026-04-25T11:11:19.220146+00:00,recovery_scenario,iperf_tcp,30,1,,twin_core,493900,0.0,66060288,621,100,721,3,29.78
2026-04-25T11:11:19.220146+00:00,recovery_scenario,iperf_tcp,30,1,,ryu_controller,493893,19.9,58347520,681,38,719,9,89.555
2026-04-25T11:11:19.320778+00:00,recovery_scenario,iperf_tcp,30,1,,twin_core,493900,0.0,66060288,621,100,721,0,0.0
2026-04-25T11:11:19.320778+00:00,recovery_scenario,iperf_tcp,30,1,,ryu_controller,493893,19.8,58347520,691,38,729,10,99.2236
2026-04-25T11:11:19.421808+00:00,recovery_scenario,iperf_tcp,30,1,,twin_core,493900,9.9,66060288,624,100,724,3,29.3921
2026-04-25T11:11:19.421808+00:00,recovery_scenario,iperf_tcp,30,1,,ryu_controller,493893,19.5,58347520,716,38,754,25,243.3128
2026-04-25T11:11:19.524277+00:00,recovery_scenario,iperf_tcp,30,1,,twin_core,493900,0.0,66060288,624,100,724,0,0.0
2026-04-25T11:11:19.524277+00:00,recovery_scenario,iperf_tcp,30,1,,ryu_controller,493893,29.6,58347520,722,38,760,6,59.2026
2026-04-25T11:11:19.625618+00:00,recovery_scenario,iperf_tcp,30,1,,twin_core,493900,0.0,66060288,627,100,727,3,29.6649
2026-04-25T11:11:19.625618+00:00,recovery_scenario,iperf_tcp,30,1,,ryu_controller,493893,9.9,58347520,733,38,771,11,108.1113
2026-04-25T11:11:19.727435+00:00,recovery_scenario,iperf_tcp,30,1,,twin_core,493900,0.0,66060288,633,100,733,6,58.868
2026-04-25T11:11:19.727435+00:00,recovery_scenario,iperf_tcp,30,1,,ryu_controller,493893,9.8,58347520,738,38,776,5,49.3765
2026-04-25T11:11:19.829114+00:00,recovery_scenario,iperf_tcp,30,1,,twin_core,493900,0.0,66060288,639,100,739,6,59.2664
2026-04-25T11:11:19.829114+00:00,recovery_scenario,iperf_tcp,30,1,,ryu_controller,493893,9.9,58355712,758,38,796,20,197.718
2026-04-25T11:11:19.929671+00:00,recovery_scenario,iperf_tcp,30,1,,twin_core,493900,9.9,66060288,642,100,742,3,29.8448
2026-04-25T11:11:19.929671+00:00,recovery_scenario,iperf_tcp,30,1,,ryu_controller,493893,19.9,58359808,789,38,827,31,308.5828
2026-04-25T11:11:20.031624+00:00,recovery_scenario,iperf_tcp,30,1,,twin_core,493900,0.0,66060288,645,100,745,3,29.4097
2026-04-25T11:11:20.031624+00:00,recovery_scenario,iperf_tcp,30,1,,ryu_controller,493893,9.8,58363904,798,38,836,9,88.2265
2026-04-25T11:11:20.132154+00:00,recovery_scenario,iperf_tcp,30,1,,twin_core,493900,0.0,66060288,648,100,748,3,29.8576
2026-04-25T11:11:20.132154+00:00,recovery_scenario,iperf_tcp,30,1,,ryu_controller,493893,10.0,58372096,817,38,855,19,189.1063
2026-04-25T11:11:20.232665+00:00,recovery_scenario,iperf_tcp,30,1,,twin_core,493900,0.0,66060288,657,100,757,9,89.4286
2026-04-25T11:11:20.232665+00:00,recovery_scenario,iperf_tcp,30,1,,ryu_controller,493893,9.9,58372096,827,38,865,10,99.3278
2026-04-25T11:11:20.333553+00:00,recovery_scenario,iperf_tcp,30,1,,twin_core,493900,0.0,66060288,660,100,760,3,29.7654
2026-04-25T11:11:20.333553+00:00,recovery_scenario,iperf_tcp,30,1,,ryu_controller,493893,9.9,58380288,845,38,883,18,178.6095
2026-04-25T11:11:20.434038+00:00,recovery_scenario,iperf_tcp,30,1,,twin_core,493900,0.0,66060288,663,100,763,3,29.868
2026-04-25T11:11:20.434038+00:00,recovery_scenario,iperf_tcp,30,1,,ryu_controller,493893,39.8,58540032,874,39,913,30,298.7219
2026-04-25T11:11:20.534508+00:00,recovery_scenario,iperf_tcp,30,1,,twin_core,493900,10.0,66060288,666,100,766,3,29.7827
2026-04-25T11:11:20.534508+00:00,recovery_scenario,iperf_tcp,30,1,,ryu_controller,493893,59.6,58753024,902,39,941,28,277.8186
2026-04-25T11:11:20.636576+00:00,recovery_scenario,iperf_tcp,30,1,,twin_core,493900,0.0,66060288,669,100,769,3,29.4173
2026-04-25T11:11:20.636576+00:00,recovery_scenario,iperf_tcp,30,1,,ryu_controller,493893,9.8,58753024,912,39,951,10,98.0987
2026-04-25T11:11:20.737209+00:00,recovery_scenario,iperf_tcp,30,1,,twin_core,493900,0.0,66060288,672,100,772,3,29.8549
2026-04-25T11:11:20.737209+00:00,recovery_scenario,iperf_tcp,30,1,,ryu_controller,493893,0.0,58753024,921,39,960,9,89.5765
2026-04-25T11:11:20.837769+00:00,recovery_scenario,iperf_tcp,30,1,,twin_core,493900,0.0,66060288,681,100,781,9,89.3948
2026-04-25T11:11:20.837769+00:00,recovery_scenario,iperf_tcp,30,1,,ryu_controller,493893,19.9,58753024,932,39,971,11,109.2317
2026-04-25T11:11:20.938770+00:00,recovery_scenario,iperf_tcp,30,1,,twin_core,493900,9.9,66060288,687,100,787,6,59.3026
2026-04-25T11:11:20.938770+00:00,recovery_scenario,iperf_tcp,30,1,,ryu_controller,493893,69.1,58757120,969,39,1008,37,365.3024
2026-04-25T11:11:21.039824+00:00,recovery_scenario,iperf_tcp,30,1,,twin_core,493900,9.8,66162688,690,100,790,3,29.4577
2026-04-25T11:11:21.039824+00:00,recovery_scenario,iperf_tcp,30,1,,ryu_controller,493893,29.4,58757120,994,39,1033,25,244.9933
2026-04-25T11:11:21.141747+00:00,recovery_scenario,iperf_tcp,30,1,,twin_core,493900,0.0,66162688,693,100,793,3,29.7237
2026-04-25T11:11:21.141747+00:00,recovery_scenario,iperf_tcp,30,1,,ryu_controller,493893,9.9,58757120,1004,39,1043,10,99.3652
2026-04-25T11:11:21.242377+00:00,recovery_scenario,iperf_tcp,30,1,,twin_core,493900,0.0,66162688,705,100,805,12,118.8073
2026-04-25T11:11:21.242377+00:00,recovery_scenario,iperf_tcp,30,1,,ryu_controller,493893,9.9,58757120,1009,39,1048,5,49.4316
2026-04-25T11:11:21.343539+00:00,recovery_scenario,iperf_tcp,30,1,,twin_core,493900,0.0,66162688,708,100,808,3,29.7244
2026-04-25T11:11:21.343539+00:00,recovery_scenario,iperf_tcp,30,1,,ryu_controller,493893,19.8,58757120,1032,39,1071,23,228.1761
2026-04-25T11:11:21.447193+00:00,recovery_scenario,iperf_tcp,30,1,,twin_core,493900,9.7,66162688,711,100,811,3,28.968
2026-04-25T11:11:21.447193+00:00,recovery_scenario,iperf_tcp,30,1,,ryu_controller,493893,9.6,58757120,1050,39,1089,18,173.6084
2026-04-25T11:11:21.548044+00:00,recovery_scenario,iperf_tcp,30,1,,twin_core,493900,0.0,66162688,714,100,814,3,29.7642
2026-04-25T11:11:21.548044+00:00,recovery_scenario,iperf_tcp,30,1,,ryu_controller,493893,0.0,58757120,1054,39,1093,4,39.746
2026-04-25T11:11:21.650094+00:00,recovery_scenario,iperf_tcp,30,1,,twin_core,493900,0.0,66162688,720,100,820,6,58.8097
2026-04-25T11:11:21.650094+00:00,recovery_scenario,iperf_tcp,30,1,,ryu_controller,493893,19.6,58757120,1074,39,1113,20,196.0615
2026-04-25T11:11:21.750616+00:00,recovery_scenario,iperf_tcp,30,1,,twin_core,493900,0.0,66162688,729,100,829,9,89.2098
2026-04-25T11:11:21.750616+00:00,recovery_scenario,iperf_tcp,30,1,,ryu_controller,493893,9.9,58757120,1092,39,1131,18,178.3747
2026-04-25T11:11:21.851550+00:00,recovery_scenario,iperf_tcp,30,1,,twin_core,493900,0.0,66162688,732,100,832,3,29.8207
2026-04-25T11:11:21.851550+00:00,recovery_scenario,iperf_tcp,30,1,,ryu_controller,493893,9.9,58757120,1111,39,1150,19,188.8119
2026-04-25T11:11:21.952276+00:00,recovery_scenario,iperf_tcp,30,1,,twin_core,493900,0.0,66162688,735,100,835,3,29.7764
2026-04-25T11:11:21.952276+00:00,recovery_scenario,iperf_tcp,30,1,,ryu_controller,493893,9.9,58757120,1132,39,1171,21,208.3742
2026-04-25T11:11:22.052933+00:00,recovery_scenario,iperf_tcp,30,1,,twin_core,493900,0.0,66162688,738,100,838,3,29.8376
2026-04-25T11:11:22.052933+00:00,recovery_scenario,iperf_tcp,30,1,,ryu_controller,493893,0.0,58757120,1151,39,1190,19,189.1525
2026-04-25T11:11:22.154786+00:00,recovery_scenario,iperf_tcp,30,1,,twin_core,493900,9.8,66162688,747,100,847,9,88.3254
2026-04-25T11:11:22.154786+00:00,recovery_scenario,iperf_tcp,30,1,,ryu_controller,493893,19.6,58761216,1163,39,1202,12,117.7713
2026-04-25T11:11:22.255270+00:00,recovery_scenario,iperf_tcp,30,1,,twin_core,493900,0.0,66162688,753,100,853,6,59.7443
2026-04-25T11:11:22.255270+00:00,recovery_scenario,iperf_tcp,30,1,,ryu_controller,493893,10.0,58761216,1178,39,1217,15,149.3777
2026-04-25T11:11:22.356567+00:00,recovery_scenario,iperf_tcp,30,1,,twin_core,493900,9.9,66162688,756,100,856,3,29.6014
2026-04-25T11:11:22.356567+00:00,recovery_scenario,iperf_tcp,30,1,,ryu_controller,493893,9.9,58761216,1185,39,1224,7,69.0162
2026-04-25T11:11:22.458701+00:00,recovery_scenario,iperf_tcp,30,1,,twin_core,493900,0.0,66162688,761,100,861,5,48.9389
2026-04-25T11:11:22.458701+00:00,recovery_scenario,iperf_tcp,30,1,,ryu_controller,493893,0.0,58761216,1196,39,1235,11,107.6804
2026-04-25T11:11:22.559298+00:00,recovery_scenario,iperf_tcp,30,1,,twin_core,493900,0.0,66162688,766,100,866,5,49.7028
2026-04-25T11:11:22.559298+00:00,recovery_scenario,iperf_tcp,30,1,,ryu_controller,493893,59.6,58761216,1206,39,1245,10,99.3749
2026-04-25T11:11:22.659902+00:00,recovery_scenario,iperf_tcp,30,1,,twin_core,493900,0.0,66162688,770,100,870,4,39.7892
2026-04-25T11:11:22.659902+00:00,recovery_scenario,iperf_tcp,30,1,,ryu_controller,493893,89.6,58789888,1235,39,1274,29,288.7435
2026-04-25T11:11:22.761242+00:00,recovery_scenario,iperf_tcp,30,1,,twin_core,493900,0.0,66162688,773,100,873,3,29.5938
2026-04-25T11:11:22.761242+00:00,recovery_scenario,iperf_tcp,30,1,,ryu_controller,493893,9.9,58793984,1240,39,1279,5,49.3165
2026-04-25T11:11:22.800221+00:00,recovery_scenario,iperf_tcp,30,1,pingall_completed,,,,,,,,,
2026-04-25T11:11:22.864314+00:00,recovery_scenario,iperf_tcp,30,1,,twin_core,493900,0.0,66170880,784,101,885,12,116.3814
2026-04-25T11:11:22.864314+00:00,recovery_scenario,iperf_tcp,30,1,,ryu_controller,493893,0.0,58793984,1244,39,1283,4,38.7606
2026-04-25T11:11:22.967407+00:00,recovery_scenario,iperf_tcp,30,1,,twin_core,493900,0.0,66170880,784,101,885,0,0.0
2026-04-25T11:11:22.967407+00:00,recovery_scenario,iperf_tcp,30,1,,ryu_controller,493893,0.0,58793984,1248,39,1287,4,38.7039
2026-04-25T11:11:23.068320+00:00,recovery_scenario,iperf_tcp,30,1,,twin_core,493900,19.8,66183168,784,101,885,0,0.0
2026-04-25T11:11:23.068320+00:00,recovery_scenario,iperf_tcp,30,1,,ryu_controller,493893,79.5,58851328,1300,40,1340,53,515.9499
2026-04-25T11:11:23.175607+00:00,recovery_scenario,iperf_tcp,30,1,,twin_core,493900,0.0,66256896,784,101,885,0,0.0
2026-04-25T11:11:23.175607+00:00,recovery_scenario,iperf_tcp,30,1,,ryu_controller,493893,0.0,58851328,1304,40,1344,4,37.7557
2026-04-25T11:11:23.277343+00:00,recovery_scenario,iperf_tcp,30,1,,twin_core,493900,0.0,66256896,784,101,885,0,0.0
2026-04-25T11:11:23.277343+00:00,recovery_scenario,iperf_tcp,30,1,,ryu_controller,493893,9.9,58851328,1308,40,1348,4,39.398
2026-04-25T11:11:23.383006+00:00,recovery_scenario,iperf_tcp,30,1,,twin_core,493900,0.0,66256896,784,101,885,0,0.0
2026-04-25T11:11:23.383006+00:00,recovery_scenario,iperf_tcp,30,1,,ryu_controller,493893,0.0,58851328,1311,40,1351,3,28.5475
2026-04-25T11:11:23.483626+00:00,recovery_scenario,iperf_tcp,30,1,,twin_core,493900,0.0,66256896,784,101,885,0,0.0
2026-04-25T11:11:23.483626+00:00,recovery_scenario,iperf_tcp,30,1,,ryu_controller,493893,0.0,58851328,1314,40,1354,3,29.7668
2026-04-25T11:11:23.587373+00:00,recovery_scenario,iperf_tcp,30,1,,twin_core,493900,0.0,66256896,784,101,885,0,0.0
2026-04-25T11:11:23.587373+00:00,recovery_scenario,iperf_tcp,30,1,,ryu_controller,493893,0.0,58851328,1323,40,1363,9,86.8589
2026-04-25T11:11:23.692043+00:00,recovery_scenario,iperf_tcp,30,1,,twin_core,493900,0.0,66256896,784,101,885,0,0.0
2026-04-25T11:11:23.692043+00:00,recovery_scenario,iperf_tcp,30,1,,ryu_controller,493893,9.5,58851328,1337,40,1377,14,133.3771
2026-04-25T11:11:23.794491+00:00,recovery_scenario,iperf_tcp,30,1,,twin_core,493900,0.0,66256896,784,101,885,0,0.0
2026-04-25T11:11:23.794491+00:00,recovery_scenario,iperf_tcp,30,1,,ryu_controller,493893,0.0,58851328,1340,41,1381,4,38.828
2026-04-25T11:11:23.897007+00:00,recovery_scenario,iperf_tcp,30,1,,twin_core,493900,29.3,66256896,789,102,891,6,58.7542
2026-04-25T11:11:23.897007+00:00,recovery_scenario,iperf_tcp,30,1,,ryu_controller,493893,0.0,58851328,1344,41,1385,4,39.2352
2026-04-25T11:11:23.997962+00:00,recovery_scenario,iperf_tcp,30,1,,twin_core,493900,0.0,66256896,789,102,891,0,0.0
2026-04-25T11:11:23.997962+00:00,recovery_scenario,iperf_tcp,30,1,,ryu_controller,493893,9.9,58851328,1354,41,1395,10,99.4281
2026-04-25T11:11:24.098522+00:00,recovery_scenario,iperf_tcp,30,1,,twin_core,493900,0.0,66256896,789,102,891,0,0.0
2026-04-25T11:11:24.098522+00:00,recovery_scenario,iperf_tcp,30,1,,ryu_controller,493893,0.0,58851328,1374,41,1415,20,198.5919
2026-04-25T11:11:24.199186+00:00,recovery_scenario,iperf_tcp,30,1,,twin_core,493900,0.0,66256896,789,102,891,0,0.0
2026-04-25T11:11:24.199186+00:00,recovery_scenario,iperf_tcp,30,1,,ryu_controller,493893,0.0,58851328,1377,41,1418,3,29.8452
2026-04-25T11:11:24.301244+00:00,recovery_scenario,iperf_tcp,30,1,,twin_core,493900,0.0,66256896,789,102,891,0,0.0
2026-04-25T11:11:24.301244+00:00,recovery_scenario,iperf_tcp,30,1,,ryu_controller,493893,0.0,58851328,1381,44,1425,7,68.5885
2026-04-25T11:11:24.403254+00:00,recovery_scenario,iperf_tcp,30,1,,twin_core,493900,0.0,66256896,789,102,891,0,0.0
2026-04-25T11:11:24.403254+00:00,recovery_scenario,iperf_tcp,30,1,,ryu_controller,493893,9.8,58851328,1385,48,1433,8,78.2406
2026-04-25T11:11:24.507865+00:00,recovery_scenario,iperf_tcp,30,1,,twin_core,493900,0.0,66256896,789,102,891,0,0.0
2026-04-25T11:11:24.507865+00:00,recovery_scenario,iperf_tcp,30,1,,ryu_controller,493893,9.5,58851328,1389,51,1440,7,66.6285
2026-04-25T11:11:24.610970+00:00,recovery_scenario,iperf_tcp,30,1,,twin_core,493900,0.0,66256896,789,102,891,0,0.0
2026-04-25T11:11:24.610970+00:00,recovery_scenario,iperf_tcp,30,1,,ryu_controller,493893,0.0,58851328,1393,55,1448,8,76.9416
2026-04-25T11:11:24.713971+00:00,recovery_scenario,iperf_tcp,30,1,,twin_core,493900,9.7,66256896,789,102,891,0,0.0
2026-04-25T11:11:24.713971+00:00,recovery_scenario,iperf_tcp,30,1,,ryu_controller,493893,19.7,58851328,1403,119,1522,74,719.9805
2026-04-25T11:11:24.816856+00:00,recovery_scenario,iperf_tcp,30,1,,twin_core,493900,0.0,66256896,789,102,891,0,0.0
2026-04-25T11:11:24.816856+00:00,recovery_scenario,iperf_tcp,30,1,,ryu_controller,493893,39.0,58851328,1406,273,1679,157,1529.7811
2026-04-25T11:11:24.849870+00:00,recovery_scenario,iperf_tcp,30,1,background_traffic_started,,,,,,,,,
2026-04-25T11:11:24.920016+00:00,recovery_scenario,iperf_tcp,30,1,,twin_core,493900,9.7,66269184,795,133,928,37,356.7421
2026-04-25T11:11:24.920016+00:00,recovery_scenario,iperf_tcp,30,1,,ryu_controller,493893,38.5,58863616,1413,339,1752,73,709.7659
2026-04-25T11:11:25.021998+00:00,recovery_scenario,iperf_tcp,30,1,,twin_core,493900,0.0,66301952,805,152,957,29,277.3685
2026-04-25T11:11:25.021998+00:00,recovery_scenario,iperf_tcp,30,1,,ryu_controller,493893,28.7,58871808,1432,364,1796,44,421.6125
2026-04-25T11:11:25.125738+00:00,recovery_scenario,iperf_tcp,30,1,,twin_core,493900,9.9,66367488,814,152,966,9,89.4283
2026-04-25T11:11:25.125738+00:00,recovery_scenario,iperf_tcp,30,1,,ryu_controller,493893,39.7,58953728,1441,420,1861,65,633.619
2026-04-25T11:11:25.228290+00:00,recovery_scenario,iperf_tcp,30,1,,twin_core,493900,0.0,66428928,819,152,971,5,48.7613
2026-04-25T11:11:25.228290+00:00,recovery_scenario,iperf_tcp,30,1,,ryu_controller,493893,29.3,58978304,1444,470,1914,53,526.7215
2026-04-25T11:11:25.254828+00:00,recovery_scenario,iperf_tcp,30,1,fault_injected,,,,,,,,,
2026-04-25T11:11:25.330058+00:00,recovery_scenario,iperf_tcp,30,1,,twin_core,493900,9.8,66510848,825,153,978,7,68.7854
2026-04-25T11:11:25.330058+00:00,recovery_scenario,iperf_tcp,30,1,,ryu_controller,493893,19.7,59068416,1446,505,1951,37,363.8264
2026-04-25T11:11:25.431225+00:00,recovery_scenario,iperf_tcp,30,1,,twin_core,493900,0.0,66510848,825,153,978,0,0.0
2026-04-25T11:11:25.431225+00:00,recovery_scenario,iperf_tcp,30,1,,ryu_controller,493893,59.3,59326464,1446,646,2092,141,1394.5257
2026-04-25T11:11:25.532131+00:00,recovery_scenario,iperf_tcp,30,1,,twin_core,493900,0.0,66510848,825,153,978,0,0.0
2026-04-25T11:11:25.532131+00:00,recovery_scenario,iperf_tcp,30,1,,ryu_controller,493893,39.6,59326464,1446,772,2218,126,1247.7211
2026-04-25T11:11:25.636814+00:00,recovery_scenario,iperf_tcp,30,1,,twin_core,493900,0.0,66510848,825,153,978,0,0.0
2026-04-25T11:11:25.636814+00:00,recovery_scenario,iperf_tcp,30,1,,ryu_controller,493893,86.0,59396096,1446,814,2260,42,401.1815
2026-04-25T11:11:25.737319+00:00,recovery_scenario,iperf_tcp,30,1,,twin_core,493900,0.0,66510848,825,153,978,0,0.0
2026-04-25T11:11:25.737319+00:00,recovery_scenario,iperf_tcp,30,1,,ryu_controller,493893,49.8,59400192,1446,848,2294,34,338.2566
2026-04-25T11:11:25.837997+00:00,recovery_scenario,iperf_tcp,30,1,,twin_core,493900,0.0,66510848,826,153,979,1,9.8619
2026-04-25T11:11:25.837997+00:00,recovery_scenario,iperf_tcp,30,1,,ryu_controller,493893,59.1,59412480,1446,1042,2488,194,1912.512
2026-04-25T11:11:25.940999+00:00,recovery_scenario,iperf_tcp,30,1,,twin_core,493900,0.0,66510848,826,153,979,0,0.0
2026-04-25T11:11:25.940999+00:00,recovery_scenario,iperf_tcp,30,1,,ryu_controller,493893,78.1,59416576,1446,1147,2593,105,1024.7229
2026-04-25T11:11:26.048038+00:00,recovery_scenario,iperf_tcp,30,1,,twin_core,493900,9.3,66510848,826,153,979,0,0.0
2026-04-25T11:11:26.048038+00:00,recovery_scenario,iperf_tcp,30,1,,ryu_controller,493893,74.8,59416576,1446,1174,2620,27,252.5266
2026-04-25T11:11:26.148841+00:00,recovery_scenario,iperf_tcp,30,1,,twin_core,493900,0.0,66510848,826,153,979,0,0.0
2026-04-25T11:11:26.148841+00:00,recovery_scenario,iperf_tcp,30,1,,ryu_controller,493893,69.4,59416576,1446,1232,2678,58,575.0332
2026-04-25T11:11:26.249881+00:00,recovery_scenario,iperf_tcp,30,1,,twin_core,493900,0.0,66510848,826,153,979,0,0.0
2026-04-25T11:11:26.249881+00:00,recovery_scenario,iperf_tcp,30,1,,ryu_controller,493893,79.2,59416576,1446,1331,2777,99,980.7982
2026-04-25T11:11:26.350765+00:00,recovery_scenario,iperf_tcp,30,1,,twin_core,493900,0.0,66510848,827,153,980,1,9.9174
2026-04-25T11:11:26.350765+00:00,recovery_scenario,iperf_tcp,30,1,,ryu_controller,493893,68.9,59416576,1446,1497,2943,166,1633.2189
2026-04-25T11:11:26.453235+00:00,recovery_scenario,iperf_tcp,30,1,,twin_core,493900,0.0,66510848,827,153,980,0,0.0
2026-04-25T11:11:26.453235+00:00,recovery_scenario,iperf_tcp,30,1,,ryu_controller,493893,78.7,59416576,1447,1607,3054,111,1092.4343
2026-04-25T11:11:26.554114+00:00,recovery_scenario,iperf_tcp,30,1,,twin_core,493900,0.0,66510848,827,153,980,0,0.0
2026-04-25T11:11:26.554114+00:00,recovery_scenario,iperf_tcp,30,1,,ryu_controller,493893,88.2,59416576,1447,1856,3303,249,2436.0551
2026-04-25T11:11:26.657112+00:00,recovery_scenario,iperf_tcp,30,1,,twin_core,493900,0.0,66510848,827,153,980,0,0.0
2026-04-25T11:11:26.657112+00:00,recovery_scenario,iperf_tcp,30,1,,ryu_controller,493893,58.8,59416576,1447,2125,3572,269,2637.6261
2026-04-25T11:11:26.759755+00:00,recovery_scenario,iperf_tcp,30,1,,twin_core,493900,0.0,66510848,827,153,980,0,0.0
2026-04-25T11:11:26.759755+00:00,recovery_scenario,iperf_tcp,30,1,,ryu_controller,493893,78.1,59416576,1447,2464,3911,339,3313.7324
2026-04-25T11:11:26.860232+00:00,recovery_scenario,iperf_tcp,30,1,,twin_core,493900,0.0,66510848,828,153,981,1,9.9529
2026-04-25T11:11:26.860232+00:00,recovery_scenario,iperf_tcp,30,1,,ryu_controller,493893,69.7,59416576,1447,2850,4297,386,3841.8925
2026-04-25T11:11:26.960734+00:00,recovery_scenario,iperf_tcp,30,1,,twin_core,493900,10.0,66510848,828,153,981,0,0.0
2026-04-25T11:11:26.960734+00:00,recovery_scenario,iperf_tcp,30,1,,ryu_controller,493893,69.7,59416576,1447,3163,4610,313,3115.4268
2026-04-25T11:11:27.061246+00:00,recovery_scenario,iperf_tcp,30,1,,twin_core,493900,0.0,66510848,828,153,981,0,0.0
2026-04-25T11:11:27.061246+00:00,recovery_scenario,iperf_tcp,30,1,,ryu_controller,493893,79.6,59416576,1447,3399,4846,236,2347.1809
2026-04-25T11:11:27.162213+00:00,recovery_scenario,iperf_tcp,30,1,,twin_core,493900,0.0,66510848,828,153,981,0,0.0
2026-04-25T11:11:27.162213+00:00,recovery_scenario,iperf_tcp,30,1,,ryu_controller,493893,78.8,59424768,1447,3531,4978,132,1294.8484
2026-04-25T11:11:27.263978+00:00,recovery_scenario,iperf_tcp,30,1,,twin_core,493900,0.0,66510848,828,153,981,0,0.0
2026-04-25T11:11:27.263978+00:00,recovery_scenario,iperf_tcp,30,1,,ryu_controller,493893,68.6,59424768,1447,3656,5103,125,1228.8175
2026-04-25T11:11:27.365584+00:00,recovery_scenario,iperf_tcp,30,1,,twin_core,493900,0.0,66510848,829,153,982,1,9.855
2026-04-25T11:11:27.365584+00:00,recovery_scenario,iperf_tcp,30,1,,ryu_controller,493893,78.9,59424768,1447,3831,5278,175,1721.0903
2026-04-25T11:11:27.467875+00:00,recovery_scenario,iperf_tcp,30,1,,twin_core,493900,0.0,66510848,829,153,982,0,0.0
2026-04-25T11:11:27.467875+00:00,recovery_scenario,iperf_tcp,30,1,,ryu_controller,493893,68.6,59432960,1447,4014,5461,183,1796.553
2026-04-25T11:11:27.570731+00:00,recovery_scenario,iperf_tcp,30,1,,twin_core,493900,0.0,66510848,829,153,982,0,0.0
2026-04-25T11:11:27.570731+00:00,recovery_scenario,iperf_tcp,30,1,,ryu_controller,493893,58.5,59432960,1447,4200,5647,186,1817.8646
2026-04-25T11:11:27.671247+00:00,recovery_scenario,iperf_tcp,30,1,,twin_core,493900,0.0,66510848,829,153,982,0,0.0
2026-04-25T11:11:27.671247+00:00,recovery_scenario,iperf_tcp,30,1,,ryu_controller,493893,69.3,59432960,1447,4266,5713,66,650.6666
2026-04-25T11:11:27.773794+00:00,recovery_scenario,iperf_tcp,30,1,,twin_core,493900,0.0,66510848,829,153,982,0,0.0
2026-04-25T11:11:27.773794+00:00,recovery_scenario,iperf_tcp,30,1,,ryu_controller,493893,67.8,59432960,1447,4370,5817,104,1011.9363
2026-04-25T11:11:27.875765+00:00,recovery_scenario,iperf_tcp,30,1,,twin_core,493900,0.0,66514944,830,153,983,1,9.829
2026-04-25T11:11:27.875765+00:00,recovery_scenario,iperf_tcp,30,1,,ryu_controller,493893,69.4,59432960,1447,4422,5869,52,512.1474
2026-04-25T11:11:27.977304+00:00,recovery_scenario,iperf_tcp,30,1,,twin_core,493900,0.0,66514944,830,153,983,0,0.0
2026-04-25T11:11:27.977304+00:00,recovery_scenario,iperf_tcp,30,1,,ryu_controller,493893,78.2,59437056,1447,4553,6000,131,1287.8171
2026-04-25T11:11:28.079143+00:00,recovery_scenario,iperf_tcp,30,1,,twin_core,493900,0.0,66514944,830,153,983,0,0.0
2026-04-25T11:11:28.079143+00:00,recovery_scenario,iperf_tcp,30,1,,ryu_controller,493893,68.5,59441152,1447,4838,6285,285,2759.0064
2026-04-25T11:11:28.183379+00:00,recovery_scenario,iperf_tcp,30,1,,twin_core,493900,0.0,66514944,830,153,983,0,0.0
2026-04-25T11:11:28.183379+00:00,recovery_scenario,iperf_tcp,30,1,,ryu_controller,493893,67.5,59449344,1447,5079,6526,241,2348.6728
2026-04-25T11:11:28.315928+00:00,recovery_scenario,iperf_tcp,30,1,,twin_core,493900,11.8,66514944,834,154,988,5,29.6301
2026-04-25T11:11:28.315928+00:00,recovery_scenario,iperf_tcp,30,1,,ryu_controller,493893,71.1,59453440,1447,5185,6632,106,627.3731
2026-04-25T11:11:28.453755+00:00,recovery_scenario,iperf_tcp,30,1,,twin_core,493900,0.0,66514944,834,154,988,0,0.0
2026-04-25T11:11:28.453755+00:00,recovery_scenario,iperf_tcp,30,1,,ryu_controller,493893,68.8,59457536,1447,5459,6906,274,2698.9085
2026-04-25T11:11:28.555175+00:00,recovery_scenario,iperf_tcp,30,1,,twin_core,493900,0.0,66514944,834,154,988,0,0.0
2026-04-25T11:11:28.555175+00:00,recovery_scenario,iperf_tcp,30,1,,ryu_controller,493893,79.6,59457536,1448,5897,7345,439,4365.1285
2026-04-25T11:11:28.655879+00:00,recovery_scenario,iperf_tcp,30,1,,twin_core,493900,9.9,66519040,834,154,988,0,0.0
2026-04-25T11:11:28.655879+00:00,recovery_scenario,iperf_tcp,30,1,,ryu_controller,493893,79.2,59457536,1450,6259,7709,364,3597.9674
2026-04-25T11:11:28.757299+00:00,recovery_scenario,iperf_tcp,30,1,,twin_core,493900,0.0,66519040,834,154,988,0,0.0
2026-04-25T11:11:28.757299+00:00,recovery_scenario,iperf_tcp,30,1,,ryu_controller,493893,49.0,59457536,1469,6352,7821,112,1099.1219
2026-04-25T11:11:28.858980+00:00,recovery_scenario,iperf_tcp,30,1,,twin_core,493900,0.0,66519040,836,158,994,6,59.3308
2026-04-25T11:11:28.858980+00:00,recovery_scenario,iperf_tcp,30,1,,ryu_controller,493893,19.7,59457536,1479,6380,7859,38,375.2087
2026-04-25T11:11:28.959989+00:00,recovery_scenario,iperf_tcp,30,1,,twin_core,493900,9.9,66519040,858,201,1059,65,645.3231
2026-04-25T11:11:28.959989+00:00,recovery_scenario,iperf_tcp,30,1,,ryu_controller,493893,69.6,59457536,1498,6570,8068,209,2077.2977
2026-04-25T11:11:28.981374+00:00,recovery_scenario,iperf_tcp,30,1,recovery_requested,,,,,,,,,
2026-04-25T11:11:29.060689+00:00,recovery_scenario,iperf_tcp,30,1,,twin_core,493900,19.9,66523136,866,214,1080,21,208.1918
2026-04-25T11:11:29.060689+00:00,recovery_scenario,iperf_tcp,30,1,,ryu_controller,493893,19.8,59457536,1518,6637,8155,87,860.9359
2026-04-25T11:11:29.161803+00:00,recovery_scenario,iperf_tcp,30,1,,twin_core,493900,0.0,66523136,866,214,1080,0,0.0
2026-04-25T11:11:29.161803+00:00,recovery_scenario,iperf_tcp,30,1,,ryu_controller,493893,29.7,59457536,1536,6717,8253,98,972.1633
2026-04-25T11:11:29.263069+00:00,recovery_scenario,iperf_tcp,30,1,,twin_core,493900,0.0,66523136,866,214,1080,0,0.0
2026-04-25T11:11:29.263069+00:00,recovery_scenario,iperf_tcp,30,1,,ryu_controller,493893,49.4,59457536,1561,6854,8415,162,1602.3649
2026-04-25T11:11:29.363600+00:00,recovery_scenario,iperf_tcp,30,1,,twin_core,493900,0.0,66523136,866,214,1080,0,0.0
2026-04-25T11:11:29.363600+00:00,recovery_scenario,iperf_tcp,30,1,,ryu_controller,493893,39.7,59457536,1586,6988,8574,159,1578.0466
2026-04-25T11:11:29.464443+00:00,recovery_scenario,iperf_tcp,30,1,,twin_core,493900,0.0,66523136,866,214,1080,0,0.0
2026-04-25T11:11:29.464443+00:00,recovery_scenario,iperf_tcp,30,1,,ryu_controller,493893,59.6,59457536,1605,7152,8757,183,1816.9576
2026-04-25T11:11:29.565053+00:00,recovery_scenario,iperf_tcp,30,1,,twin_core,493900,0.0,66523136,867,217,1084,4,39.7585
2026-04-25T11:11:29.565053+00:00,recovery_scenario,iperf_tcp,30,1,,ryu_controller,493893,68.8,59461632,1609,7494,9103,346,3398.3448
2026-04-25T11:11:29.666850+00:00,recovery_scenario,iperf_tcp,30,1,,twin_core,493900,0.0,66523136,867,217,1084,0,0.0
2026-04-25T11:11:29.666850+00:00,recovery_scenario,iperf_tcp,30,1,,ryu_controller,493893,89.5,59461632,1609,7705,9314,211,2099.2435
2026-04-25T11:11:29.767936+00:00,recovery_scenario,iperf_tcp,30,1,,twin_core,493900,0.0,66523136,867,217,1084,0,0.0
2026-04-25T11:11:29.767936+00:00,recovery_scenario,iperf_tcp,30,1,,ryu_controller,493893,79.0,59461632,1609,7870,9479,165,1630.7298
2026-04-25T11:11:29.870037+00:00,recovery_scenario,iperf_tcp,30,1,,twin_core,493900,0.0,66523136,867,217,1084,0,0.0
2026-04-25T11:11:29.870037+00:00,recovery_scenario,iperf_tcp,30,1,,ryu_controller,493893,88.2,59461632,1609,8232,9841,362,3549.319
2026-04-25T11:11:29.970559+00:00,recovery_scenario,iperf_tcp,30,1,,twin_core,493900,0.0,66523136,867,217,1084,0,0.0
2026-04-25T11:11:29.970559+00:00,recovery_scenario,iperf_tcp,30,1,,ryu_controller,493893,99.2,59461632,1609,8336,9945,104,1031.791
2026-04-25T11:11:30.071393+00:00,recovery_scenario,iperf_tcp,30,1,,twin_core,493900,0.0,66523136,868,219,1087,3,29.8571
2026-04-25T11:11:30.071393+00:00,recovery_scenario,iperf_tcp,30,1,,ryu_controller,493893,109.5,59461632,1609,8341,9950,5,49.698
2026-04-25T11:11:30.172149+00:00,recovery_scenario,iperf_tcp,30,1,,twin_core,493900,0.0,66523136,868,219,1087,0,0.0
2026-04-25T11:11:30.172149+00:00,recovery_scenario,iperf_tcp,30,1,,ryu_controller,493893,89.2,59461632,1609,8342,9951,1,9.9229
2026-04-25T11:11:30.272811+00:00,recovery_scenario,iperf_tcp,30,1,,twin_core,493900,0.0,66523136,868,219,1087,0,0.0
2026-04-25T11:11:30.272811+00:00,recovery_scenario,iperf_tcp,30,1,,ryu_controller,493893,99.4,59461632,1609,8345,9954,3,29.772
2026-04-25T11:11:30.374913+00:00,recovery_scenario,iperf_tcp,30,1,,twin_core,493900,0.0,66523136,868,219,1087,0,0.0
2026-04-25T11:11:30.374913+00:00,recovery_scenario,iperf_tcp,30,1,,ryu_controller,493893,107.7,59461632,1609,8346,9955,1,9.8043
2026-04-25T11:11:30.475574+00:00,recovery_scenario,iperf_tcp,30,1,,twin_core,493900,0.0,66523136,868,219,1087,0,0.0
2026-04-25T11:11:30.475574+00:00,recovery_scenario,iperf_tcp,30,1,,ryu_controller,493893,88.6,59482112,1609,8348,9957,2,19.6733
2026-04-25T11:11:30.577219+00:00,recovery_scenario,iperf_tcp,30,1,,twin_core,493900,9.8,66523136,869,219,1088,1,9.8992
2026-04-25T11:11:30.577219+00:00,recovery_scenario,iperf_tcp,30,1,,ryu_controller,493893,109.3,59486208,1609,8349,9958,1,9.9331
2026-04-25T11:11:30.677895+00:00,recovery_scenario,iperf_tcp,30,1,,twin_core,493900,0.0,66523136,869,219,1088,0,0.0
2026-04-25T11:11:30.677895+00:00,recovery_scenario,iperf_tcp,30,1,,ryu_controller,493893,89.1,59490304,1609,8349,9958,0,0.0
2026-04-25T11:11:30.779126+00:00,recovery_scenario,iperf_tcp,30,1,,twin_core,493900,0.0,66523136,869,219,1088,0,0.0
2026-04-25T11:11:30.779126+00:00,recovery_scenario,iperf_tcp,30,1,,ryu_controller,493893,99.2,59518976,1609,8350,9959,1,9.9365
2026-04-25T11:11:30.879597+00:00,recovery_scenario,iperf_tcp,30,1,,twin_core,493900,0.0,66523136,869,219,1088,0,0.0
2026-04-25T11:11:30.879597+00:00,recovery_scenario,iperf_tcp,30,1,,ryu_controller,493893,99.4,59518976,1609,8355,9964,5,49.7118
2026-04-25T11:11:30.980384+00:00,recovery_scenario,iperf_tcp,30,1,,twin_core,493900,0.0,66523136,869,219,1088,0,0.0
2026-04-25T11:11:30.980384+00:00,recovery_scenario,iperf_tcp,30,1,,ryu_controller,493893,109.1,59518976,1609,8355,9964,0,0.0
2026-04-25T11:11:31.081435+00:00,recovery_scenario,iperf_tcp,30,1,,twin_core,493900,0.0,66523136,870,219,1089,1,9.9012
2026-04-25T11:11:31.081435+00:00,recovery_scenario,iperf_tcp,30,1,,ryu_controller,493893,89.1,59518976,1609,8358,9967,3,29.7076
2026-04-25T11:11:31.182152+00:00,recovery_scenario,iperf_tcp,30,1,,twin_core,493900,0.0,66523136,870,219,1089,0,0.0
2026-04-25T11:11:31.182152+00:00,recovery_scenario,iperf_tcp,30,1,,ryu_controller,493893,107.8,59518976,1609,8360,9969,2,19.5897
2026-04-25T11:11:31.287550+00:00,recovery_scenario,iperf_tcp,30,1,,twin_core,493900,0.0,66523136,870,219,1089,0,0.0
2026-04-25T11:11:31.287550+00:00,recovery_scenario,iperf_tcp,30,1,,ryu_controller,493893,105.1,59518976,1609,8361,9970,1,9.5585
2026-04-25T11:11:31.388961+00:00,recovery_scenario,iperf_tcp,30,1,,twin_core,493900,0.0,66523136,870,219,1089,0,0.0
2026-04-25T11:11:31.388961+00:00,recovery_scenario,iperf_tcp,30,1,,ryu_controller,493893,97.2,59518976,1609,8364,9973,3,29.1586
2026-04-25T11:11:31.491797+00:00,recovery_scenario,iperf_tcp,30,1,,twin_core,493900,0.0,66523136,870,219,1089,0,0.0
2026-04-25T11:11:31.491797+00:00,recovery_scenario,iperf_tcp,30,1,,ryu_controller,493893,99.0,59518976,1609,8365,9974,1,9.8635
2026-04-25T11:11:31.593448+00:00,recovery_scenario,iperf_tcp,30,1,,twin_core,493900,9.8,66523136,871,221,1092,3,29.1101
2026-04-25T11:11:31.593448+00:00,recovery_scenario,iperf_tcp,30,1,,ryu_controller,493893,97.0,59518976,1609,8372,9981,7,68.1043
2026-04-25T11:11:31.697227+00:00,recovery_scenario,iperf_tcp,30,1,,twin_core,493900,0.0,66523136,871,221,1092,0,0.0
2026-04-25T11:11:31.697227+00:00,recovery_scenario,iperf_tcp,30,1,,ryu_controller,493893,93.5,59518976,1609,8438,10047,66,600.1632
2026-04-25T11:11:31.806078+00:00,recovery_scenario,iperf_tcp,30,1,,twin_core,493900,9.3,66523136,871,221,1092,0,0.0
2026-04-25T11:11:31.806078+00:00,recovery_scenario,iperf_tcp,30,1,,ryu_controller,493893,84.6,59518976,1609,8668,10277,230,2225.4552
2026-04-25T11:11:31.909381+00:00,recovery_scenario,iperf_tcp,30,1,,twin_core,493900,0.0,66523136,871,221,1092,0,0.0
2026-04-25T11:11:31.909381+00:00,recovery_scenario,iperf_tcp,30,1,,ryu_controller,493893,79.3,59518976,1612,8808,10420,143,1418.7437
2026-04-25T11:11:32.009831+00:00,recovery_scenario,iperf_tcp,30,1,,twin_core,493900,10.0,66527232,874,226,1100,8,79.5729
2026-04-25T11:11:32.009831+00:00,recovery_scenario,iperf_tcp,30,1,,ryu_controller,493893,19.9,59518976,1628,8865,10493,73,722.2304
2026-04-25T11:11:32.111242+00:00,recovery_scenario,iperf_tcp,30,1,,twin_core,493900,19.7,66527232,898,305,1203,103,1015.9509
2026-04-25T11:11:32.111242+00:00,recovery_scenario,iperf_tcp,30,1,,ryu_controller,493893,68.9,59518976,1658,9187,10845,352,3418.1887
2026-04-25T11:11:32.122050+00:00,recovery_scenario,iperf_tcp,30,1,scenario_teardown,,,,,,,,,
2026-04-25T11:11:32.214153+00:00,recovery_scenario,iperf_tcp,30,1,,twin_core,493900,9.7,66527232,916,342,1258,55,534.4773
2026-04-25T11:11:32.214153+00:00,recovery_scenario,iperf_tcp,30,1,,ryu_controller,493893,9.7,59518976,1668,9218,10886,41,406.79
2026-04-25T11:11:32.314751+00:00,recovery_scenario,iperf_tcp,30,1,,twin_core,493900,0.0,66527232,936,343,1279,21,208.8536
2026-04-25T11:11:32.314751+00:00,recovery_scenario,iperf_tcp,30,1,,ryu_controller,493893,9.9,59518976,1675,9220,10895,9,89.5481
2026-04-25T11:11:32.415242+00:00,recovery_scenario,iperf_tcp,30,1,,twin_core,493900,0.0,66527232,954,343,1297,18,179.0891
2026-04-25T11:11:32.415242+00:00,recovery_scenario,iperf_tcp,30,1,,ryu_controller,493893,19.9,59518976,1680,9222,10902,7,69.6455
2026-04-25T11:11:32.515730+00:00,recovery_scenario,iperf_tcp,30,1,,twin_core,493900,0.0,66527232,954,343,1297,0,0.0
2026-04-25T11:11:32.515730+00:00,recovery_scenario,iperf_tcp,30,1,,ryu_controller,493893,0.0,59518976,1685,9222,10907,5,49.7892
2026-04-25T11:11:36.025989+00:00,recovery_scenario,iperf_tcp,50,1,,twin_core,494972,3600.4,65191936,403,61,464,0,0.0
2026-04-25T11:11:36.025989+00:00,recovery_scenario,iperf_tcp,50,1,,ryu_controller,494965,0.0,57638912,7,2,9,0,0.0
2026-04-25T11:11:36.127464+00:00,recovery_scenario,iperf_tcp,50,1,,twin_core,494972,0.0,65236992,436,63,499,35,346.4853
2026-04-25T11:11:36.127464+00:00,recovery_scenario,iperf_tcp,50,1,,ryu_controller,494965,29.9,57978880,17,13,30,21,208.9989
2026-04-25T11:11:36.228258+00:00,recovery_scenario,iperf_tcp,50,1,,twin_core,494972,9.9,65241088,524,63,587,88,870.0196
2026-04-25T11:11:36.228258+00:00,recovery_scenario,iperf_tcp,50,1,,ryu_controller,494965,29.6,57987072,33,16,49,19,187.7022
2026-04-25T11:11:36.329211+00:00,recovery_scenario,iperf_tcp,50,1,,twin_core,494972,0.0,65241088,585,63,648,61,603.8203
2026-04-25T11:11:36.329211+00:00,recovery_scenario,iperf_tcp,50,1,,ryu_controller,494965,29.7,57987072,48,17,65,16,157.9102
2026-04-25T11:11:36.353561+00:00,recovery_scenario,iperf_tcp,50,1,service_started,,,,,,,,,
2026-04-25T11:11:36.430563+00:00,recovery_scenario,iperf_tcp,50,1,,twin_core,494972,29.6,66023424,609,63,672,24,237.3138
2026-04-25T11:11:36.430563+00:00,recovery_scenario,iperf_tcp,50,1,,ryu_controller,494965,49.5,58101760,96,17,113,48,476.4858
2026-04-25T11:11:36.531239+00:00,recovery_scenario,iperf_tcp,50,1,,twin_core,494972,0.0,66027520,610,63,673,1,9.9478
2026-04-25T11:11:36.531239+00:00,recovery_scenario,iperf_tcp,50,1,,ryu_controller,494965,29.9,58101760,128,17,145,32,318.4254
2026-04-25T11:11:36.631786+00:00,recovery_scenario,iperf_tcp,50,1,,twin_core,494972,0.0,66027520,610,63,673,0,0.0
2026-04-25T11:11:36.631786+00:00,recovery_scenario,iperf_tcp,50,1,,ryu_controller,494965,9.9,58105856,137,17,154,9,89.4767
2026-04-25T11:11:36.732382+00:00,recovery_scenario,iperf_tcp,50,1,,twin_core,494972,0.0,66027520,610,63,673,0,0.0
2026-04-25T11:11:36.732382+00:00,recovery_scenario,iperf_tcp,50,1,,ryu_controller,494965,29.8,58114048,168,17,185,31,307.755
2026-04-25T11:11:36.833070+00:00,recovery_scenario,iperf_tcp,50,1,,twin_core,494972,0.0,66027520,610,63,673,0,0.0
2026-04-25T11:11:36.833070+00:00,recovery_scenario,iperf_tcp,50,1,,ryu_controller,494965,9.9,58118144,186,17,203,18,178.9312
2026-04-25T11:11:36.935866+00:00,recovery_scenario,iperf_tcp,50,1,,twin_core,494972,0.0,66027520,610,63,673,0,0.0
2026-04-25T11:11:36.935866+00:00,recovery_scenario,iperf_tcp,50,1,,ryu_controller,494965,9.7,58130432,204,17,221,18,175.1776
2026-04-25T11:11:37.036395+00:00,recovery_scenario,iperf_tcp,50,1,,twin_core,494972,0.0,66027520,610,63,673,0,0.0
2026-04-25T11:11:37.036395+00:00,recovery_scenario,iperf_tcp,50,1,,ryu_controller,494965,29.8,58130432,226,18,244,23,228.7165
2026-04-25T11:11:37.136980+00:00,recovery_scenario,iperf_tcp,50,1,,twin_core,494972,0.0,66027520,610,63,673,0,0.0
2026-04-25T11:11:37.136980+00:00,recovery_scenario,iperf_tcp,50,1,,ryu_controller,494965,19.9,58138624,245,18,263,19,188.9098
2026-04-25T11:11:37.237541+00:00,recovery_scenario,iperf_tcp,50,1,,twin_core,494972,0.0,66027520,610,63,673,0,0.0
2026-04-25T11:11:37.237541+00:00,recovery_scenario,iperf_tcp,50,1,,ryu_controller,494965,29.8,58138624,261,18,279,16,159.1208
2026-04-25T11:11:37.338110+00:00,recovery_scenario,iperf_tcp,50,1,,twin_core,494972,0.0,66027520,610,63,673,0,0.0
2026-04-25T11:11:37.338110+00:00,recovery_scenario,iperf_tcp,50,1,,ryu_controller,494965,9.9,58142720,284,19,303,24,238.7156
2026-04-25T11:11:37.439808+00:00,recovery_scenario,iperf_tcp,50,1,,twin_core,494972,0.0,66027520,610,63,673,0,0.0
2026-04-25T11:11:37.439808+00:00,recovery_scenario,iperf_tcp,50,1,,ryu_controller,494965,9.7,58142720,310,20,330,27,262.4242
2026-04-25T11:11:37.541719+00:00,recovery_scenario,iperf_tcp,50,1,,twin_core,494972,0.0,66027520,610,63,673,0,0.0
2026-04-25T11:11:37.541719+00:00,recovery_scenario,iperf_tcp,50,1,,ryu_controller,494965,9.9,58142720,323,20,343,13,129.128
2026-04-25T11:11:37.642890+00:00,recovery_scenario,iperf_tcp,50,1,,twin_core,494972,0.0,66027520,610,63,673,0,0.0
2026-04-25T11:11:37.642890+00:00,recovery_scenario,iperf_tcp,50,1,,ryu_controller,494965,9.9,58146816,337,20,357,14,138.2707
2026-04-25T11:11:37.744068+00:00,recovery_scenario,iperf_tcp,50,1,,twin_core,494972,0.0,66027520,610,63,673,0,0.0
2026-04-25T11:11:37.744068+00:00,recovery_scenario,iperf_tcp,50,1,,ryu_controller,494965,39.6,58167296,368,20,388,31,306.7189
2026-04-25T11:11:37.847483+00:00,recovery_scenario,iperf_tcp,50,1,,twin_core,494972,16.3,66027520,610,63,673,0,0.0
2026-04-25T11:11:37.847483+00:00,recovery_scenario,iperf_tcp,50,1,,ryu_controller,494965,80.7,58175488,378,22,400,12,96.4016
2026-04-25T11:11:37.969307+00:00,recovery_scenario,iperf_tcp,50,1,,twin_core,494972,0.0,66027520,610,63,673,0,0.0
2026-04-25T11:11:37.969307+00:00,recovery_scenario,iperf_tcp,50,1,,ryu_controller,494965,49.3,58290176,422,22,444,44,435.6253
2026-04-25T11:11:38.070131+00:00,recovery_scenario,iperf_tcp,50,1,,twin_core,494972,0.0,66027520,610,63,673,0,0.0
2026-04-25T11:11:38.070131+00:00,recovery_scenario,iperf_tcp,50,1,,ryu_controller,494965,29.7,58306560,444,22,466,22,218.3068
2026-04-25T11:11:38.173564+00:00,recovery_scenario,iperf_tcp,50,1,,twin_core,494972,9.6,66027520,610,63,673,0,0.0
2026-04-25T11:11:38.173564+00:00,recovery_scenario,iperf_tcp,50,1,,ryu_controller,494965,9.6,58306560,465,22,487,21,201.6718
2026-04-25T11:11:38.275834+00:00,recovery_scenario,iperf_tcp,50,1,,twin_core,494972,0.0,66027520,610,63,673,0,0.0
2026-04-25T11:11:38.275834+00:00,recovery_scenario,iperf_tcp,50,1,,ryu_controller,494965,0.0,58306560,469,22,491,4,39.3446
2026-04-25T11:11:38.376553+00:00,recovery_scenario,iperf_tcp,50,1,,twin_core,494972,0.0,66027520,610,63,673,0,0.0
2026-04-25T11:11:38.376553+00:00,recovery_scenario,iperf_tcp,50,1,,ryu_controller,494965,19.9,58306560,489,22,511,20,198.9568
2026-04-25T11:11:38.477075+00:00,recovery_scenario,iperf_tcp,50,1,,twin_core,494972,19.9,66093056,612,63,675,2,19.9135
2026-04-25T11:11:38.477075+00:00,recovery_scenario,iperf_tcp,50,1,,ryu_controller,494965,49.8,58335232,547,22,569,58,577.5196
2026-04-25T11:11:38.577500+00:00,recovery_scenario,iperf_tcp,50,1,,twin_core,494972,0.0,66093056,618,63,681,6,59.7084
2026-04-25T11:11:38.577500+00:00,recovery_scenario,iperf_tcp,50,1,,ryu_controller,494965,19.9,58335232,580,22,602,33,328.3967
2026-04-25T11:11:38.678060+00:00,recovery_scenario,iperf_tcp,50,1,,twin_core,494972,0.0,66093056,621,63,684,3,29.8223
2026-04-25T11:11:38.678060+00:00,recovery_scenario,iperf_tcp,50,1,,ryu_controller,494965,19.9,58343424,599,22,621,19,188.7782
2026-04-25T11:11:38.778674+00:00,recovery_scenario,iperf_tcp,50,1,,twin_core,494972,0.0,66093056,624,63,687,3,29.8491
2026-04-25T11:11:38.778674+00:00,recovery_scenario,iperf_tcp,50,1,,ryu_controller,494965,19.9,58347520,618,22,640,19,189.1378
2026-04-25T11:11:38.879079+00:00,recovery_scenario,iperf_tcp,50,1,,twin_core,494972,0.0,66093056,627,63,690,3,29.8799
2026-04-25T11:11:38.879079+00:00,recovery_scenario,iperf_tcp,50,1,,ryu_controller,494965,0.0,58347520,622,22,644,4,39.8327
2026-04-25T11:11:38.979513+00:00,recovery_scenario,iperf_tcp,50,1,,twin_core,494972,0.0,66093056,627,63,690,0,0.0
2026-04-25T11:11:38.979513+00:00,recovery_scenario,iperf_tcp,50,1,,ryu_controller,494965,9.9,58347520,647,22,669,25,248.722
2026-04-25T11:11:39.080054+00:00,recovery_scenario,iperf_tcp,50,1,,twin_core,494972,0.0,66093056,630,63,693,3,29.8362
2026-04-25T11:11:39.080054+00:00,recovery_scenario,iperf_tcp,50,1,,ryu_controller,494965,9.9,58347520,665,22,687,18,178.9885
2026-04-25T11:11:39.180611+00:00,recovery_scenario,iperf_tcp,50,1,,twin_core,494972,0.0,66093056,636,63,699,6,59.6684
2026-04-25T11:11:39.180611+00:00,recovery_scenario,iperf_tcp,50,1,,ryu_controller,494965,0.0,58347520,677,23,700,13,129.3052
2026-04-25T11:11:39.281209+00:00,recovery_scenario,iperf_tcp,50,1,,twin_core,494972,9.9,66093056,642,63,705,6,59.6748
2026-04-25T11:11:39.281209+00:00,recovery_scenario,iperf_tcp,50,1,,ryu_controller,494965,19.8,58347520,697,23,720,20,198.2046
2026-04-25T11:11:39.382242+00:00,recovery_scenario,iperf_tcp,50,1,,twin_core,494972,0.0,66093056,642,63,705,0,0.0
2026-04-25T11:11:39.382242+00:00,recovery_scenario,iperf_tcp,50,1,,ryu_controller,494965,29.6,58347520,700,24,724,4,39.5406
2026-04-25T11:11:39.483809+00:00,recovery_scenario,iperf_tcp,50,1,,twin_core,494972,0.0,66093056,645,63,708,3,29.6339
2026-04-25T11:11:39.483809+00:00,recovery_scenario,iperf_tcp,50,1,,ryu_controller,494965,9.9,58351616,731,24,755,31,306.5565
2026-04-25T11:11:39.584351+00:00,recovery_scenario,iperf_tcp,50,1,,twin_core,494972,0.0,66093056,648,63,711,3,29.8421
2026-04-25T11:11:39.584351+00:00,recovery_scenario,iperf_tcp,50,1,,ryu_controller,494965,9.9,58351616,743,24,767,12,119.3241
2026-04-25T11:11:39.684904+00:00,recovery_scenario,iperf_tcp,50,1,,twin_core,494972,0.0,66093056,654,63,717,6,59.6457
2026-04-25T11:11:39.684904+00:00,recovery_scenario,iperf_tcp,50,1,,ryu_controller,494965,9.9,58351616,756,24,780,13,129.2226
2026-04-25T11:11:39.785503+00:00,recovery_scenario,iperf_tcp,50,1,,twin_core,494972,0.0,66093056,663,63,726,9,89.4941
2026-04-25T11:11:39.785503+00:00,recovery_scenario,iperf_tcp,50,1,,ryu_controller,494965,9.9,58351616,773,24,797,17,169.1233
2026-04-25T11:11:39.886437+00:00,recovery_scenario,iperf_tcp,50,1,,twin_core,494972,0.0,66093056,666,63,729,3,29.7149
2026-04-25T11:11:39.886437+00:00,recovery_scenario,iperf_tcp,50,1,,ryu_controller,494965,9.9,58355712,786,24,810,13,128.7396
2026-04-25T11:11:39.986986+00:00,recovery_scenario,iperf_tcp,50,1,,twin_core,494972,0.0,66093056,669,63,732,3,29.8539
2026-04-25T11:11:39.986986+00:00,recovery_scenario,iperf_tcp,50,1,,ryu_controller,494965,19.9,58363904,800,24,824,14,139.3656
2026-04-25T11:11:40.087439+00:00,recovery_scenario,iperf_tcp,50,1,,twin_core,494972,0.0,66093056,672,63,735,3,29.8747
2026-04-25T11:11:40.087439+00:00,recovery_scenario,iperf_tcp,50,1,,ryu_controller,494965,59.7,58728448,848,24,872,48,477.5344
2026-04-25T11:11:40.188023+00:00,recovery_scenario,iperf_tcp,50,1,,twin_core,494972,0.0,66093056,672,63,735,0,0.0
2026-04-25T11:11:40.188023+00:00,recovery_scenario,iperf_tcp,50,1,,ryu_controller,494965,9.9,58728448,860,24,884,12,119.3824
2026-04-25T11:11:40.288487+00:00,recovery_scenario,iperf_tcp,50,1,,twin_core,494972,10.0,66093056,684,63,747,12,119.2076
2026-04-25T11:11:40.288487+00:00,recovery_scenario,iperf_tcp,50,1,,ryu_controller,494965,9.9,58728448,868,24,892,8,79.4368
2026-04-25T11:11:40.389185+00:00,recovery_scenario,iperf_tcp,50,1,,twin_core,494972,0.0,66093056,690,63,753,6,59.6989
2026-04-25T11:11:40.389185+00:00,recovery_scenario,iperf_tcp,50,1,,ryu_controller,494965,10.0,58728448,890,24,914,22,219.0614
2026-04-25T11:11:40.490094+00:00,recovery_scenario,iperf_tcp,50,1,,twin_core,494972,0.0,66093056,693,63,756,3,29.7146
2026-04-25T11:11:40.490094+00:00,recovery_scenario,iperf_tcp,50,1,,ryu_controller,494965,29.7,58728448,914,24,938,24,237.3422
2026-04-25T11:11:40.590833+00:00,recovery_scenario,iperf_tcp,50,1,,twin_core,494972,19.8,66199552,699,63,762,6,58.9573
2026-04-25T11:11:40.590833+00:00,recovery_scenario,iperf_tcp,50,1,,ryu_controller,494965,68.8,58740736,957,24,981,43,422.8759
2026-04-25T11:11:40.692586+00:00,recovery_scenario,iperf_tcp,50,1,,twin_core,494972,0.0,66199552,711,63,774,12,119.0998
2026-04-25T11:11:40.692586+00:00,recovery_scenario,iperf_tcp,50,1,,ryu_controller,494965,0.0,58740736,962,24,986,5,49.6614
2026-04-25T11:11:40.793117+00:00,recovery_scenario,iperf_tcp,50,1,,twin_core,494972,0.0,66199552,716,63,779,5,49.7746
2026-04-25T11:11:40.793117+00:00,recovery_scenario,iperf_tcp,50,1,,ryu_controller,494965,10.0,58740736,981,24,1005,19,189.0885
2026-04-25T11:11:40.894292+00:00,recovery_scenario,iperf_tcp,50,1,,twin_core,494972,0.0,66199552,717,63,780,1,9.8762
2026-04-25T11:11:40.894292+00:00,recovery_scenario,iperf_tcp,50,1,,ryu_controller,494965,9.9,58740736,1001,24,1025,20,197.3376
2026-04-25T11:11:40.995134+00:00,recovery_scenario,iperf_tcp,50,1,,twin_core,494972,0.0,66199552,720,63,783,3,29.7549
2026-04-25T11:11:40.995134+00:00,recovery_scenario,iperf_tcp,50,1,,ryu_controller,494965,9.9,58740736,1007,24,1031,6,59.5433
2026-04-25T11:11:41.096774+00:00,recovery_scenario,iperf_tcp,50,1,,twin_core,494972,0.0,66199552,726,63,789,6,59.037
2026-04-25T11:11:41.096774+00:00,recovery_scenario,iperf_tcp,50,1,,ryu_controller,494965,9.8,58740736,1017,24,1041,10,98.4382
2026-04-25T11:11:41.197412+00:00,recovery_scenario,iperf_tcp,50,1,,twin_core,494972,0.0,66199552,737,63,800,11,109.364
2026-04-25T11:11:41.197412+00:00,recovery_scenario,iperf_tcp,50,1,,ryu_controller,494965,9.9,58740736,1033,24,1057,16,158.8703
2026-04-25T11:11:41.298040+00:00,recovery_scenario,iperf_tcp,50,1,,twin_core,494972,0.0,66199552,738,63,801,1,9.9326
2026-04-25T11:11:41.298040+00:00,recovery_scenario,iperf_tcp,50,1,,ryu_controller,494965,9.9,58740736,1046,24,1070,13,129.308
2026-04-25T11:11:41.403172+00:00,recovery_scenario,iperf_tcp,50,1,,twin_core,494972,9.5,66199552,741,63,804,3,28.5343
2026-04-25T11:11:41.403172+00:00,recovery_scenario,iperf_tcp,50,1,,ryu_controller,494965,9.5,58740736,1057,24,1081,11,104.6028
2026-04-25T11:11:41.503708+00:00,recovery_scenario,iperf_tcp,50,1,,twin_core,494972,0.0,66199552,747,63,810,6,59.7179
2026-04-25T11:11:41.503708+00:00,recovery_scenario,iperf_tcp,50,1,,ryu_controller,494965,29.8,58744832,1085,24,1109,28,278.3662
2026-04-25T11:11:41.605005+00:00,recovery_scenario,iperf_tcp,50,1,,twin_core,494972,0.0,66199552,759,63,822,12,118.4303
2026-04-25T11:11:41.605005+00:00,recovery_scenario,iperf_tcp,50,1,,ryu_controller,494965,19.8,58744832,1119,24,1143,34,336.0087
2026-04-25T11:11:41.705494+00:00,recovery_scenario,iperf_tcp,50,1,,twin_core,494972,0.0,66199552,759,63,822,0,0.0
2026-04-25T11:11:41.705494+00:00,recovery_scenario,iperf_tcp,50,1,,ryu_controller,494965,9.9,58744832,1140,24,1164,21,208.9134
2026-04-25T11:11:41.805984+00:00,recovery_scenario,iperf_tcp,50,1,,twin_core,494972,0.0,66199552,762,63,825,3,29.8602
2026-04-25T11:11:41.805984+00:00,recovery_scenario,iperf_tcp,50,1,,ryu_controller,494965,10.0,58744832,1153,24,1177,13,129.4249
2026-04-25T11:11:41.907175+00:00,recovery_scenario,iperf_tcp,50,1,,twin_core,494972,9.9,66199552,768,63,831,6,59.2616
2026-04-25T11:11:41.907175+00:00,recovery_scenario,iperf_tcp,50,1,,ryu_controller,494965,0.0,58744832,1156,24,1180,3,29.6165
2026-04-25T11:11:42.007866+00:00,recovery_scenario,iperf_tcp,50,1,,twin_core,494972,0.0,66199552,774,63,837,6,59.5776
2026-04-25T11:11:42.007866+00:00,recovery_scenario,iperf_tcp,50,1,,ryu_controller,494965,9.9,58744832,1161,24,1185,5,49.6529
2026-04-25T11:11:42.109349+00:00,recovery_scenario,iperf_tcp,50,1,,twin_core,494972,0.0,66199552,777,63,840,3,29.5294
2026-04-25T11:11:42.109349+00:00,recovery_scenario,iperf_tcp,50,1,,ryu_controller,494965,39.4,58744832,1184,24,1208,23,226.142
2026-04-25T11:11:42.210169+00:00,recovery_scenario,iperf_tcp,50,1,,twin_core,494972,0.0,66199552,780,63,843,3,29.7683
2026-04-25T11:11:42.210169+00:00,recovery_scenario,iperf_tcp,50,1,,ryu_controller,494965,79.4,58818560,1226,27,1253,45,446.708
2026-04-25T11:11:42.215524+00:00,recovery_scenario,iperf_tcp,50,1,pingall_completed,,,,,,,,,
2026-04-25T11:11:42.313532+00:00,recovery_scenario,iperf_tcp,50,1,,twin_core,494972,0.0,66207744,791,64,855,12,116.1414
2026-04-25T11:11:42.313532+00:00,recovery_scenario,iperf_tcp,50,1,,ryu_controller,494965,0.0,58818560,1229,27,1256,3,29.0639
2026-04-25T11:11:42.414105+00:00,recovery_scenario,iperf_tcp,50,1,,twin_core,494972,0.0,66207744,791,64,855,0,0.0
2026-04-25T11:11:42.414105+00:00,recovery_scenario,iperf_tcp,50,1,,ryu_controller,494965,0.0,58818560,1233,27,1260,4,39.7878
2026-04-25T11:11:42.514708+00:00,recovery_scenario,iperf_tcp,50,1,,twin_core,494972,0.0,66207744,791,64,855,0,0.0
2026-04-25T11:11:42.514708+00:00,recovery_scenario,iperf_tcp,50,1,,ryu_controller,494965,9.9,58818560,1237,27,1264,4,39.7273
2026-04-25T11:11:42.615320+00:00,recovery_scenario,iperf_tcp,50,1,,twin_core,494972,9.9,66211840,791,64,855,0,0.0
2026-04-25T11:11:42.615320+00:00,recovery_scenario,iperf_tcp,50,1,,ryu_controller,494965,49.8,58818560,1285,27,1312,48,477.825
2026-04-25T11:11:42.717204+00:00,recovery_scenario,iperf_tcp,50,1,,twin_core,494972,9.8,66285568,791,64,855,0,0.0
2026-04-25T11:11:42.717204+00:00,recovery_scenario,iperf_tcp,50,1,,ryu_controller,494965,29.4,58839040,1306,27,1333,21,205.5534
2026-04-25T11:11:42.819698+00:00,recovery_scenario,iperf_tcp,50,1,,twin_core,494972,0.0,66285568,791,64,855,0,0.0
2026-04-25T11:11:42.819698+00:00,recovery_scenario,iperf_tcp,50,1,,ryu_controller,494965,0.0,58839040,1310,27,1337,4,39.0464
2026-04-25T11:11:42.920424+00:00,recovery_scenario,iperf_tcp,50,1,,twin_core,494972,0.0,66285568,791,64,855,0,0.0
2026-04-25T11:11:42.920424+00:00,recovery_scenario,iperf_tcp,50,1,,ryu_controller,494965,0.0,58839040,1314,27,1341,4,39.7752
2026-04-25T11:11:43.022176+00:00,recovery_scenario,iperf_tcp,50,1,,twin_core,494972,0.0,66285568,791,64,855,0,0.0
2026-04-25T11:11:43.022176+00:00,recovery_scenario,iperf_tcp,50,1,,ryu_controller,494965,9.8,58839040,1316,27,1343,2,19.6523
2026-04-25T11:11:43.125036+00:00,recovery_scenario,iperf_tcp,50,1,,twin_core,494972,0.0,66285568,791,64,855,0,0.0
2026-04-25T11:11:43.125036+00:00,recovery_scenario,iperf_tcp,50,1,,ryu_controller,494965,0.0,58839040,1321,27,1348,5,48.5224
2026-04-25T11:11:43.228840+00:00,recovery_scenario,iperf_tcp,50,1,,twin_core,494972,0.0,66285568,791,64,855,0,0.0
2026-04-25T11:11:43.228840+00:00,recovery_scenario,iperf_tcp,50,1,,ryu_controller,494965,9.6,58839040,1344,27,1371,23,221.6641
2026-04-25T11:11:43.330065+00:00,recovery_scenario,iperf_tcp,50,1,,twin_core,494972,0.0,66285568,796,64,860,5,49.4328
2026-04-25T11:11:43.330065+00:00,recovery_scenario,iperf_tcp,50,1,,ryu_controller,494965,0.0,58839040,1345,27,1372,1,9.8948
2026-04-25T11:11:43.430590+00:00,recovery_scenario,iperf_tcp,50,1,,twin_core,494972,0.0,66285568,796,64,860,0,0.0
2026-04-25T11:11:43.430590+00:00,recovery_scenario,iperf_tcp,50,1,,ryu_controller,494965,0.0,58839040,1348,27,1375,3,29.7985
2026-04-25T11:11:43.531305+00:00,recovery_scenario,iperf_tcp,50,1,,twin_core,494972,0.0,66285568,796,64,860,0,0.0
2026-04-25T11:11:43.531305+00:00,recovery_scenario,iperf_tcp,50,1,,ryu_controller,494965,0.0,58839040,1352,30,1382,7,69.4272
2026-04-25T11:11:43.632152+00:00,recovery_scenario,iperf_tcp,50,1,,twin_core,494972,0.0,66285568,796,64,860,0,0.0
2026-04-25T11:11:43.632152+00:00,recovery_scenario,iperf_tcp,50,1,,ryu_controller,494965,0.0,58839040,1371,32,1403,21,208.6312
2026-04-25T11:11:43.734783+00:00,recovery_scenario,iperf_tcp,50,1,,twin_core,494972,0.0,66285568,796,64,860,0,0.0
2026-04-25T11:11:43.734783+00:00,recovery_scenario,iperf_tcp,50,1,,ryu_controller,494965,0.0,58839040,1379,35,1414,11,107.2248
2026-04-25T11:11:43.835320+00:00,recovery_scenario,iperf_tcp,50,1,,twin_core,494972,0.0,66285568,796,64,860,0,0.0
2026-04-25T11:11:43.835320+00:00,recovery_scenario,iperf_tcp,50,1,,ryu_controller,494965,0.0,58839040,1383,41,1424,10,98.5941
2026-04-25T11:11:43.936988+00:00,recovery_scenario,iperf_tcp,50,1,,twin_core,494972,0.0,66285568,796,64,860,0,0.0
2026-04-25T11:11:43.936988+00:00,recovery_scenario,iperf_tcp,50,1,,ryu_controller,494965,0.0,58839040,1387,52,1439,15,148.2538
2026-04-25T11:11:44.038423+00:00,recovery_scenario,iperf_tcp,50,1,,twin_core,494972,0.0,66285568,796,64,860,0,0.0
2026-04-25T11:11:44.038423+00:00,recovery_scenario,iperf_tcp,50,1,,ryu_controller,494965,9.9,58839040,1390,57,1447,8,77.9258
2026-04-25T11:11:44.141323+00:00,recovery_scenario,iperf_tcp,50,1,,twin_core,494972,9.7,66285568,796,64,860,0,0.0
2026-04-25T11:11:44.141323+00:00,recovery_scenario,iperf_tcp,50,1,,ryu_controller,494965,0.0,58839040,1394,62,1456,9,88.1879
2026-04-25T11:11:44.236285+00:00,recovery_scenario,iperf_tcp,50,1,background_traffic_started,,,,,,,,,
2026-04-25T11:11:44.246912+00:00,recovery_scenario,iperf_tcp,50,1,,twin_core,494972,0.0,66293760,797,76,873,13,123.9212
2026-04-25T11:11:44.246912+00:00,recovery_scenario,iperf_tcp,50,1,,ryu_controller,494965,19.1,58839040,1398,130,1528,72,687.4678
2026-04-25T11:11:44.348206+00:00,recovery_scenario,iperf_tcp,50,1,,twin_core,494972,9.9,66293760,805,83,888,15,148.0916
2026-04-25T11:11:44.348206+00:00,recovery_scenario,iperf_tcp,50,1,,ryu_controller,494965,49.4,58859520,1398,277,1675,147,1451.4466
2026-04-25T11:11:44.448623+00:00,recovery_scenario,iperf_tcp,50,1,,twin_core,494972,9.9,66351104,813,85,898,10,99.4805
2026-04-25T11:11:44.448623+00:00,recovery_scenario,iperf_tcp,50,1,,ryu_controller,494965,59.7,58920960,1399,479,1878,203,1996.0158
2026-04-25T11:11:44.554271+00:00,recovery_scenario,iperf_tcp,50,1,fault_injected,,,,,,,,,
2026-04-25T11:11:44.554940+00:00,recovery_scenario,iperf_tcp,50,1,,twin_core,494972,0.0,66441216,825,100,925,27,254.189
2026-04-25T11:11:44.554940+00:00,recovery_scenario,iperf_tcp,50,1,,ryu_controller,494965,47.1,58966016,1414,637,2051,173,1645.6109
2026-04-25T11:11:44.655480+00:00,recovery_scenario,iperf_tcp,50,1,,twin_core,494972,9.9,66461696,827,101,928,3,29.802
2026-04-25T11:11:44.655480+00:00,recovery_scenario,iperf_tcp,50,1,,ryu_controller,494965,29.8,59199488,1414,844,2258,207,2057.6254
2026-04-25T11:11:44.757522+00:00,recovery_scenario,iperf_tcp,50,1,,twin_core,494972,0.0,66461696,827,101,928,0,0.0
2026-04-25T11:11:44.757522+00:00,recovery_scenario,iperf_tcp,50,1,,ryu_controller,494965,58.8,59252736,1414,1106,2520,262,2567.8497
2026-04-25T11:11:44.858099+00:00,recovery_scenario,iperf_tcp,50,1,,twin_core,494972,0.0,66461696,827,101,928,0,0.0
2026-04-25T11:11:44.858099+00:00,recovery_scenario,iperf_tcp,50,1,,ryu_controller,494965,99.6,59305984,1414,1205,2619,99,985.8996
2026-04-25T11:11:44.959304+00:00,recovery_scenario,iperf_tcp,50,1,,twin_core,494972,0.0,66461696,827,101,928,0,0.0
2026-04-25T11:11:44.959304+00:00,recovery_scenario,iperf_tcp,50,1,,ryu_controller,494965,79.1,59412480,1414,1501,2915,296,2925.4775
2026-04-25T11:11:45.062680+00:00,recovery_scenario,iperf_tcp,50,1,,twin_core,494972,0.0,66461696,827,101,928,0,0.0
2026-04-25T11:11:45.062680+00:00,recovery_scenario,iperf_tcp,50,1,,ryu_controller,494965,87.0,59416576,1414,1686,3100,185,1787.2854
2026-04-25T11:11:45.163218+00:00,recovery_scenario,iperf_tcp,50,1,,twin_core,494972,0.0,66461696,828,101,929,1,9.9526
2026-04-25T11:11:45.163218+00:00,recovery_scenario,iperf_tcp,50,1,,ryu_controller,494965,99.5,59416576,1414,1806,3220,120,1194.3455
2026-04-25T11:11:45.263929+00:00,recovery_scenario,iperf_tcp,50,1,,twin_core,494972,0.0,66461696,828,101,929,0,0.0
2026-04-25T11:11:45.263929+00:00,recovery_scenario,iperf_tcp,50,1,,ryu_controller,494965,89.4,59416576,1414,1919,3333,113,1121.9001
2026-04-25T11:11:45.364426+00:00,recovery_scenario,iperf_tcp,50,1,,twin_core,494972,0.0,66461696,828,101,929,0,0.0
2026-04-25T11:11:45.364426+00:00,recovery_scenario,iperf_tcp,50,1,,ryu_controller,494965,99.4,59416576,1414,1982,3396,63,626.119
2026-04-25T11:11:45.465038+00:00,recovery_scenario,iperf_tcp,50,1,,twin_core,494972,0.0,66461696,828,101,929,0,0.0
2026-04-25T11:11:45.465038+00:00,recovery_scenario,iperf_tcp,50,1,,ryu_controller,494965,89.6,59416576,1414,2129,3543,147,1463.7257
2026-04-25T11:11:45.565451+00:00,recovery_scenario,iperf_tcp,50,1,,twin_core,494972,0.0,66461696,828,101,929,0,0.0
2026-04-25T11:11:45.565451+00:00,recovery_scenario,iperf_tcp,50,1,,ryu_controller,494965,89.5,59416576,1414,2320,3734,191,1900.1252
2026-04-25T11:11:45.665978+00:00,recovery_scenario,iperf_tcp,50,1,,twin_core,494972,0.0,66461696,829,101,930,1,9.948
2026-04-25T11:11:45.665978+00:00,recovery_scenario,iperf_tcp,50,1,,ryu_controller,494965,89.6,59416576,1414,2715,4129,395,3933.8636
2026-04-25T11:11:45.768750+00:00,recovery_scenario,iperf_tcp,50,1,,twin_core,494972,0.0,66461696,829,101,930,0,0.0
2026-04-25T11:11:45.768750+00:00,recovery_scenario,iperf_tcp,50,1,,ryu_controller,494965,97.3,59416576,1414,2985,4399,270,2626.3491
2026-04-25T11:11:45.869181+00:00,recovery_scenario,iperf_tcp,50,1,,twin_core,494972,0.0,66461696,829,101,930,0,0.0
2026-04-25T11:11:45.869181+00:00,recovery_scenario,iperf_tcp,50,1,,ryu_controller,494965,89.6,59416576,1414,3375,4789,390,3883.3137
2026-04-25T11:11:45.969843+00:00,recovery_scenario,iperf_tcp,50,1,,twin_core,494972,9.9,66461696,829,101,930,0,0.0
2026-04-25T11:11:45.969843+00:00,recovery_scenario,iperf_tcp,50,1,,ryu_controller,494965,79.5,59416576,1414,3779,5193,404,4013.48
2026-04-25T11:11:46.070353+00:00,recovery_scenario,iperf_tcp,50,1,,twin_core,494972,0.0,66461696,829,101,930,0,0.0
2026-04-25T11:11:46.070353+00:00,recovery_scenario,iperf_tcp,50,1,,ryu_controller,494965,89.4,59416576,1414,4065,5479,286,2838.3322
2026-04-25T11:11:46.171162+00:00,recovery_scenario,iperf_tcp,50,1,,twin_core,494972,9.9,66461696,830,102,932,2,19.8438
2026-04-25T11:11:46.171162+00:00,recovery_scenario,iperf_tcp,50,1,,ryu_controller,494965,99.2,59416576,1414,4372,5786,307,3049.8966
2026-04-25T11:11:46.271753+00:00,recovery_scenario,iperf_tcp,50,1,,twin_core,494972,0.0,66461696,830,102,932,0,0.0
2026-04-25T11:11:46.271753+00:00,recovery_scenario,iperf_tcp,50,1,,ryu_controller,494965,79.5,59416576,1414,4774,6188,402,3992.9155
2026-04-25T11:11:46.374084+00:00,recovery_scenario,iperf_tcp,50,1,,twin_core,494972,0.0,66461696,830,102,932,0,0.0
2026-04-25T11:11:46.374084+00:00,recovery_scenario,iperf_tcp,50,1,,ryu_controller,494965,86.6,59416576,1423,5001,6424,236,2269.4769
2026-04-25T11:11:46.476383+00:00,recovery_scenario,iperf_tcp,50,1,,twin_core,494972,9.8,66494464,830,102,932,0,0.0
2026-04-25T11:11:46.476383+00:00,recovery_scenario,iperf_tcp,50,1,,ryu_controller,494965,39.8,59420672,1460,5050,6510,86,855.0367
2026-04-25T11:11:46.578290+00:00,recovery_scenario,iperf_tcp,50,1,,twin_core,494972,0.0,66494464,830,102,932,0,0.0
2026-04-25T11:11:46.578290+00:00,recovery_scenario,iperf_tcp,50,1,,ryu_controller,494965,48.9,59424768,1473,5152,6625,115,1123.4412
2026-04-25T11:11:46.679955+00:00,recovery_scenario,iperf_tcp,50,1,,twin_core,494972,19.7,66494464,839,130,969,37,364.1101
2026-04-25T11:11:46.679955+00:00,recovery_scenario,iperf_tcp,50,1,,ryu_controller,494965,78.9,59424768,1478,5290,6768,143,1414.1523
2026-04-25T11:11:46.777505+00:00,recovery_scenario,iperf_tcp,50,1,recovery_requested,,,,,,,,,
2026-04-25T11:11:46.780466+00:00,recovery_scenario,iperf_tcp,50,1,,twin_core,494972,10.0,66502656,859,151,1010,41,407.3632
2026-04-25T11:11:46.780466+00:00,recovery_scenario,iperf_tcp,50,1,,ryu_controller,494965,79.4,59424768,1495,5327,6822,54,535.9339
2026-04-25T11:11:46.881236+00:00,recovery_scenario,iperf_tcp,50,1,,twin_core,494972,0.0,66502656,861,151,1012,2,19.8516
2026-04-25T11:11:46.881236+00:00,recovery_scenario,iperf_tcp,50,1,,ryu_controller,494965,9.9,59424768,1508,5346,6854,32,317.0838
2026-04-25T11:11:46.982175+00:00,recovery_scenario,iperf_tcp,50,1,,twin_core,494972,0.0,66502656,861,151,1012,0,0.0
2026-04-25T11:11:46.982175+00:00,recovery_scenario,iperf_tcp,50,1,,ryu_controller,494965,39.7,59424768,1518,5449,6967,113,1123.477
2026-04-25T11:11:47.082829+00:00,recovery_scenario,iperf_tcp,50,1,,twin_core,494972,0.0,66502656,861,151,1012,0,0.0
2026-04-25T11:11:47.082829+00:00,recovery_scenario,iperf_tcp,50,1,,ryu_controller,494965,79.6,59424768,1518,5977,7495,528,5250.8369
2026-04-25T11:11:47.183252+00:00,recovery_scenario,iperf_tcp,50,1,,twin_core,494972,0.0,66502656,861,151,1012,0,0.0
2026-04-25T11:11:47.183252+00:00,recovery_scenario,iperf_tcp,50,1,,ryu_controller,494965,99.5,59424768,1518,6155,7673,178,1768.4882
2026-04-25T11:11:47.283916+00:00,recovery_scenario,iperf_tcp,50,1,,twin_core,494972,0.0,66502656,861,151,1012,0,0.0
2026-04-25T11:11:47.283916+00:00,recovery_scenario,iperf_tcp,50,1,,ryu_controller,494965,89.4,59424768,1518,6173,7691,18,178.6237
2026-04-25T11:11:47.384748+00:00,recovery_scenario,iperf_tcp,50,1,,twin_core,494972,0.0,66502656,862,151,1013,1,9.9306
2026-04-25T11:11:47.384748+00:00,recovery_scenario,iperf_tcp,50,1,,ryu_controller,494965,109.2,59424768,1518,6207,7725,34,337.7499
2026-04-25T11:11:47.485317+00:00,recovery_scenario,iperf_tcp,50,1,,twin_core,494972,0.0,66502656,862,151,1013,0,0.0
2026-04-25T11:11:47.485317+00:00,recovery_scenario,iperf_tcp,50,1,,ryu_controller,494965,89.5,59424768,1518,6231,7749,24,238.714
2026-04-25T11:11:47.585926+00:00,recovery_scenario,iperf_tcp,50,1,,twin_core,494972,0.0,66502656,862,151,1013,0,0.0
2026-04-25T11:11:47.585926+00:00,recovery_scenario,iperf_tcp,50,1,,ryu_controller,494965,99.0,59428864,1518,6266,7784,35,346.3475
2026-04-25T11:11:47.686997+00:00,recovery_scenario,iperf_tcp,50,1,,twin_core,494972,0.0,66502656,862,151,1013,0,0.0
2026-04-25T11:11:47.686997+00:00,recovery_scenario,iperf_tcp,50,1,,ryu_controller,494965,99.5,59428864,1518,6266,7784,0,0.0
2026-04-25T11:11:47.787473+00:00,recovery_scenario,iperf_tcp,50,1,,twin_core,494972,0.0,66502656,862,151,1013,0,0.0
2026-04-25T11:11:47.787473+00:00,recovery_scenario,iperf_tcp,50,1,,ryu_controller,494965,109.4,59428864,1518,6267,7785,1,9.946
2026-04-25T11:11:47.887996+00:00,recovery_scenario,iperf_tcp,50,1,,twin_core,494972,0.0,66506752,863,151,1014,1,9.9567
2026-04-25T11:11:47.887996+00:00,recovery_scenario,iperf_tcp,50,1,,ryu_controller,494965,89.6,59428864,1518,6267,7785,0,0.0
2026-04-25T11:11:47.988528+00:00,recovery_scenario,iperf_tcp,50,1,,twin_core,494972,0.0,66506752,863,151,1014,0,0.0
2026-04-25T11:11:47.988528+00:00,recovery_scenario,iperf_tcp,50,1,,ryu_controller,494965,109.3,59432960,1518,6268,7786,1,9.9373
2026-04-25T11:11:48.089105+00:00,recovery_scenario,iperf_tcp,50,1,,twin_core,494972,0.0,66506752,863,151,1014,0,0.0
2026-04-25T11:11:48.089105+00:00,recovery_scenario,iperf_tcp,50,1,,ryu_controller,494965,89.6,59432960,1518,6272,7790,4,39.8196
2026-04-25T11:11:48.189613+00:00,recovery_scenario,iperf_tcp,50,1,,twin_core,494972,9.9,66506752,863,151,1014,0,0.0
2026-04-25T11:11:48.189613+00:00,recovery_scenario,iperf_tcp,50,1,,ryu_controller,494965,97.5,59432960,1518,6274,7792,2,19.486
2026-04-25T11:11:48.292203+00:00,recovery_scenario,iperf_tcp,50,1,,twin_core,494972,9.8,66506752,864,154,1018,4,39.7007
2026-04-25T11:11:48.292203+00:00,recovery_scenario,iperf_tcp,50,1,,ryu_controller,494965,99.4,59432960,1518,6275,7793,1,9.9538
2026-04-25T11:11:48.392616+00:00,recovery_scenario,iperf_tcp,50,1,,twin_core,494972,0.0,66506752,864,154,1018,0,0.0
2026-04-25T11:11:48.392616+00:00,recovery_scenario,iperf_tcp,50,1,,ryu_controller,494965,99.2,59432960,1518,6276,7794,1,9.9047
2026-04-25T11:11:48.493629+00:00,recovery_scenario,iperf_tcp,50,1,,twin_core,494972,0.0,66506752,864,154,1018,0,0.0
2026-04-25T11:11:48.493629+00:00,recovery_scenario,iperf_tcp,50,1,,ryu_controller,494965,99.2,59437056,1518,6277,7795,1,9.9263
2026-04-25T11:11:48.594385+00:00,recovery_scenario,iperf_tcp,50,1,,twin_core,494972,0.0,66506752,864,154,1018,0,0.0
2026-04-25T11:11:48.594385+00:00,recovery_scenario,iperf_tcp,50,1,,ryu_controller,494965,109.2,59441152,1518,6277,7795,0,0.0
2026-04-25T11:11:48.695156+00:00,recovery_scenario,iperf_tcp,50,1,,twin_core,494972,0.0,66506752,864,154,1018,0,0.0
2026-04-25T11:11:48.695156+00:00,recovery_scenario,iperf_tcp,50,1,,ryu_controller,494965,89.5,59445248,1518,6283,7801,6,59.6541
2026-04-25T11:11:48.795698+00:00,recovery_scenario,iperf_tcp,50,1,,twin_core,494972,9.9,66506752,865,154,1019,1,9.9184
2026-04-25T11:11:48.795698+00:00,recovery_scenario,iperf_tcp,50,1,,ryu_controller,494965,99.2,59445248,1518,6285,7803,2,19.8311
2026-04-25T11:11:48.896547+00:00,recovery_scenario,iperf_tcp,50,1,,twin_core,494972,0.0,66506752,865,154,1019,0,0.0
2026-04-25T11:11:48.896547+00:00,recovery_scenario,iperf_tcp,50,1,,ryu_controller,494965,99.4,59445248,1518,6307,7825,22,218.7414
2026-04-25T11:11:48.997107+00:00,recovery_scenario,iperf_tcp,50,1,,twin_core,494972,0.0,66506752,865,154,1019,0,0.0
2026-04-25T11:11:48.997107+00:00,recovery_scenario,iperf_tcp,50,1,,ryu_controller,494965,98.9,59445248,1518,6326,7844,19,187.8766
2026-04-25T11:11:49.098263+00:00,recovery_scenario,iperf_tcp,50,1,,twin_core,494972,0.0,66506752,865,154,1019,0,0.0
2026-04-25T11:11:49.098263+00:00,recovery_scenario,iperf_tcp,50,1,,ryu_controller,494965,89.5,59449344,1518,6341,7859,15,148.9641
2026-04-25T11:11:49.198977+00:00,recovery_scenario,iperf_tcp,50,1,,twin_core,494972,0.0,66506752,865,154,1019,0,0.0
2026-04-25T11:11:49.198977+00:00,recovery_scenario,iperf_tcp,50,1,,ryu_controller,494965,89.2,59449344,1518,6400,7918,59,585.5664
2026-04-25T11:11:49.299877+00:00,recovery_scenario,iperf_tcp,50,1,,twin_core,494972,19.8,66506752,868,158,1026,7,69.4757
2026-04-25T11:11:49.299877+00:00,recovery_scenario,iperf_tcp,50,1,,ryu_controller,494965,89.4,59449344,1519,6495,8014,96,954.2133
2026-04-25T11:11:49.400892+00:00,recovery_scenario,iperf_tcp,50,1,,twin_core,494972,0.0,66531328,868,158,1026,0,0.0
2026-04-25T11:11:49.400892+00:00,recovery_scenario,iperf_tcp,50,1,,ryu_controller,494965,19.7,59449344,1538,6507,8045,31,304.8607
2026-04-25T11:11:49.502005+00:00,recovery_scenario,iperf_tcp,50,1,,twin_core,494972,0.0,66531328,868,158,1026,0,0.0
2026-04-25T11:11:49.502005+00:00,recovery_scenario,iperf_tcp,50,1,,ryu_controller,494965,19.8,59449344,1557,6507,8064,19,188.9092
2026-04-25T11:11:49.602574+00:00,recovery_scenario,iperf_tcp,50,1,,twin_core,494972,0.0,66531328,868,158,1026,0,0.0
2026-04-25T11:11:49.602574+00:00,recovery_scenario,iperf_tcp,50,1,,ryu_controller,494965,0.0,59449344,1570,6507,8077,13,128.9681
2026-04-25T11:11:49.703510+00:00,recovery_scenario,iperf_tcp,50,1,,twin_core,494972,0.0,66531328,868,158,1026,0,0.0
2026-04-25T11:11:49.703510+00:00,recovery_scenario,iperf_tcp,50,1,,ryu_controller,494965,9.9,59449344,1586,6513,8099,22,217.9675
2026-04-25T11:11:49.804302+00:00,recovery_scenario,iperf_tcp,50,1,,twin_core,494972,9.9,66531328,873,161,1034,8,79.3934
2026-04-25T11:11:49.804302+00:00,recovery_scenario,iperf_tcp,50,1,,ryu_controller,494965,39.7,59449344,1607,6516,8123,24,237.9542
2026-04-25T11:11:49.906399+00:00,recovery_scenario,iperf_tcp,50,1,,twin_core,494972,19.6,66531328,893,180,1073,39,379.8704
2026-04-25T11:11:49.906399+00:00,recovery_scenario,iperf_tcp,50,1,,ryu_controller,494965,78.1,59449344,1639,6535,8174,51,497.6163
2026-04-25T11:11:49.936440+00:00,recovery_scenario,iperf_tcp,50,1,scenario_teardown,,,,,,,,,
2026-04-25T11:11:50.008891+00:00,recovery_scenario,iperf_tcp,50,1,,twin_core,494972,9.8,66543616,901,196,1097,24,233.4391
2026-04-25T11:11:50.008891+00:00,recovery_scenario,iperf_tcp,50,1,,ryu_controller,494965,19.4,59449344,1656,6545,8201,27,262.6937
2026-04-25T11:11:50.110445+00:00,recovery_scenario,iperf_tcp,50,1,,twin_core,494972,0.0,66543616,918,199,1117,20,198.6791
2026-04-25T11:11:50.110445+00:00,recovery_scenario,iperf_tcp,50,1,,ryu_controller,494965,9.9,59449344,1672,6549,8221,20,198.6699
2026-04-25T11:11:50.211125+00:00,recovery_scenario,iperf_tcp,50,1,,twin_core,494972,9.9,66543616,938,199,1137,20,198.8229
2026-04-25T11:11:50.211125+00:00,recovery_scenario,iperf_tcp,50,1,,ryu_controller,494965,19.9,59449344,1681,6553,8234,13,129.3648
2026-04-25T11:11:50.312041+00:00,recovery_scenario,iperf_tcp,50,1,,twin_core,494972,0.0,66543616,951,199,1150,13,128.7485
2026-04-25T11:11:50.312041+00:00,recovery_scenario,iperf_tcp,50,1,,ryu_controller,494965,9.9,59449344,1691,6556,8247,13,128.6744
2026-04-25T11:11:50.412695+00:00,recovery_scenario,iperf_tcp,50,1,,twin_core,494972,0.0,66543616,951,199,1150,0,0.0
2026-04-25T11:11:50.412695+00:00,recovery_scenario,iperf_tcp,50,1,,ryu_controller,494965,0.0,59449344,1692,6556,8248,1,9.9234
2026-04-25T11:11:50.513437+00:00,recovery_scenario,iperf_tcp,50,1,,twin_core,494972,0.0,66543616,951,199,1150,0,0.0
2026-04-25T11:11:50.513437+00:00,recovery_scenario,iperf_tcp,50,1,,ryu_controller,494965,9.9,59449344,1700,6556,8256,8,79.4825
2026-04-25T11:11:54.220070+00:00,recovery_scenario,iperf_tcp,80,1,,twin_core,496036,0.0,65167360,395,57,452,0,0.0
2026-04-25T11:11:54.220070+00:00,recovery_scenario,iperf_tcp,80,1,,ryu_controller,496029,0.0,57630720,6,10,16,0,0.0
2026-04-25T11:11:54.322297+00:00,recovery_scenario,iperf_tcp,80,1,,twin_core,496036,9.8,65212416,434,61,495,43,427.9923
2026-04-25T11:11:54.322297+00:00,recovery_scenario,iperf_tcp,80,1,,ryu_controller,496029,49.8,57978880,15,20,35,19,189.2011
2026-04-25T11:11:54.422833+00:00,recovery_scenario,iperf_tcp,80,1,,twin_core,496036,9.9,65216512,526,61,587,92,913.0428
2026-04-25T11:11:54.422833+00:00,recovery_scenario,iperf_tcp,80,1,,ryu_controller,496029,29.7,57995264,52,22,74,39,385.1212
2026-04-25T11:11:54.496391+00:00,recovery_scenario,iperf_tcp,80,1,service_started,,,,,,,,,
2026-04-25T11:11:54.524310+00:00,recovery_scenario,iperf_tcp,80,1,,twin_core,496036,19.7,65851392,595,63,658,71,700.9004
2026-04-25T11:11:54.524310+00:00,recovery_scenario,iperf_tcp,80,1,,ryu_controller,496029,39.6,58048512,81,25,106,32,317.0997
2026-04-25T11:11:54.625075+00:00,recovery_scenario,iperf_tcp,80,1,,twin_core,496036,9.9,66011136,596,63,659,1,9.9202
2026-04-25T11:11:54.625075+00:00,recovery_scenario,iperf_tcp,80,1,,ryu_controller,496029,39.7,58114048,121,25,146,40,397.1965
2026-04-25T11:11:54.727583+00:00,recovery_scenario,iperf_tcp,80,1,,twin_core,496036,0.0,66011136,596,63,659,0,0.0
2026-04-25T11:11:54.727583+00:00,recovery_scenario,iperf_tcp,80,1,,ryu_controller,496029,9.8,58118144,144,25,169,23,224.3606
2026-04-25T11:11:54.828142+00:00,recovery_scenario,iperf_tcp,80,1,,twin_core,496036,0.0,66011136,596,63,659,0,0.0
2026-04-25T11:11:54.828142+00:00,recovery_scenario,iperf_tcp,80,1,,ryu_controller,496029,9.9,58122240,155,25,180,11,109.442
2026-04-25T11:11:54.928768+00:00,recovery_scenario,iperf_tcp,80,1,,twin_core,496036,0.0,66011136,596,63,659,0,0.0
2026-04-25T11:11:54.928768+00:00,recovery_scenario,iperf_tcp,80,1,,ryu_controller,496029,19.9,58134528,171,26,197,17,168.9528
2026-04-25T11:11:55.030869+00:00,recovery_scenario,iperf_tcp,80,1,,twin_core,496036,0.0,66011136,596,63,659,0,0.0
2026-04-25T11:11:55.030869+00:00,recovery_scenario,iperf_tcp,80,1,,ryu_controller,496029,9.8,58134528,183,26,209,12,117.478
2026-04-25T11:11:55.131429+00:00,recovery_scenario,iperf_tcp,80,1,,twin_core,496036,0.0,66011136,596,63,659,0,0.0
2026-04-25T11:11:55.131429+00:00,recovery_scenario,iperf_tcp,80,1,,ryu_controller,496029,9.9,58138624,200,26,226,17,168.9527
2026-04-25T11:11:55.232832+00:00,recovery_scenario,iperf_tcp,80,1,,twin_core,496036,0.0,66011136,596,63,659,0,0.0
2026-04-25T11:11:55.232832+00:00,recovery_scenario,iperf_tcp,80,1,,ryu_controller,496029,19.7,58146816,221,26,247,21,207.3041
2026-04-25T11:11:55.333386+00:00,recovery_scenario,iperf_tcp,80,1,,twin_core,496036,0.0,66011136,596,63,659,0,0.0
2026-04-25T11:11:55.333386+00:00,recovery_scenario,iperf_tcp,80,1,,ryu_controller,496029,29.8,58150912,236,26,262,15,148.7644
2026-04-25T11:11:55.434313+00:00,recovery_scenario,iperf_tcp,80,1,,twin_core,496036,0.0,66011136,596,63,659,0,0.0
2026-04-25T11:11:55.434313+00:00,recovery_scenario,iperf_tcp,80,1,,ryu_controller,496029,69.5,58220544,285,26,311,49,486.2565
2026-04-25T11:11:55.535035+00:00,recovery_scenario,iperf_tcp,80,1,,twin_core,496036,0.0,66011136,596,63,659,0,0.0
2026-04-25T11:11:55.535035+00:00,recovery_scenario,iperf_tcp,80,1,,ryu_controller,496029,29.8,58228736,312,27,339,28,278.4956
2026-04-25T11:11:55.635598+00:00,recovery_scenario,iperf_tcp,80,1,,twin_core,496036,0.0,66011136,596,63,659,0,0.0
2026-04-25T11:11:55.635598+00:00,recovery_scenario,iperf_tcp,80,1,,ryu_controller,496029,19.9,58236928,343,27,370,31,307.6978
2026-04-25T11:11:55.736256+00:00,recovery_scenario,iperf_tcp,80,1,,twin_core,496036,0.0,66011136,596,63,659,0,0.0
2026-04-25T11:11:55.736256+00:00,recovery_scenario,iperf_tcp,80,1,,ryu_controller,496029,9.9,58236928,356,27,383,13,129.3077
2026-04-25T11:11:55.836873+00:00,recovery_scenario,iperf_tcp,80,1,,twin_core,496036,0.0,66011136,596,63,659,0,0.0
2026-04-25T11:11:55.836873+00:00,recovery_scenario,iperf_tcp,80,1,,ryu_controller,496029,9.9,58236928,369,27,396,13,129.2274
2026-04-25T11:11:55.942098+00:00,recovery_scenario,iperf_tcp,80,1,,twin_core,496036,0.0,66011136,596,63,659,0,0.0
2026-04-25T11:11:55.942098+00:00,recovery_scenario,iperf_tcp,80,1,,ryu_controller,496029,28.5,58236928,389,27,416,20,189.9711
2026-04-25T11:11:56.044047+00:00,recovery_scenario,iperf_tcp,80,1,,twin_core,496036,0.0,66011136,596,63,659,0,0.0
2026-04-25T11:11:56.044047+00:00,recovery_scenario,iperf_tcp,80,1,,ryu_controller,496029,9.8,58241024,401,27,428,12,117.7154
2026-04-25T11:11:56.144609+00:00,recovery_scenario,iperf_tcp,80,1,,twin_core,496036,0.0,66011136,596,63,659,0,0.0
2026-04-25T11:11:56.144609+00:00,recovery_scenario,iperf_tcp,80,1,,ryu_controller,496029,29.8,58253312,425,28,453,25,248.4798
2026-04-25T11:11:56.247988+00:00,recovery_scenario,iperf_tcp,80,1,,twin_core,496036,0.0,66011136,596,63,659,0,0.0
2026-04-25T11:11:56.247988+00:00,recovery_scenario,iperf_tcp,80,1,,ryu_controller,496029,9.7,58253312,435,28,463,10,96.7858
2026-04-25T11:11:56.348526+00:00,recovery_scenario,iperf_tcp,80,1,,twin_core,496036,0.0,66011136,596,63,659,0,0.0
2026-04-25T11:11:56.348526+00:00,recovery_scenario,iperf_tcp,80,1,,ryu_controller,496029,9.9,58257408,452,28,480,17,168.8784
2026-04-25T11:11:56.449193+00:00,recovery_scenario,iperf_tcp,80,1,,twin_core,496036,0.0,66011136,596,63,659,0,0.0
2026-04-25T11:11:56.449193+00:00,recovery_scenario,iperf_tcp,80,1,,ryu_controller,496029,9.9,58257408,491,28,519,39,387.9996
2026-04-25T11:11:56.549706+00:00,recovery_scenario,iperf_tcp,80,1,,twin_core,496036,0.0,66011136,596,63,659,0,0.0
2026-04-25T11:11:56.549706+00:00,recovery_scenario,iperf_tcp,80,1,,ryu_controller,496029,0.0,58257408,498,28,526,7,69.6678
2026-04-25T11:11:56.650165+00:00,recovery_scenario,iperf_tcp,80,1,,twin_core,496036,19.9,66076672,601,63,664,5,49.7641
2026-04-25T11:11:56.650165+00:00,recovery_scenario,iperf_tcp,80,1,,ryu_controller,496029,49.7,58306560,557,29,586,60,595.5809
2026-04-25T11:11:56.751879+00:00,recovery_scenario,iperf_tcp,80,1,,twin_core,496036,0.0,66076672,604,63,667,3,29.4979
2026-04-25T11:11:56.751879+00:00,recovery_scenario,iperf_tcp,80,1,,ryu_controller,496029,29.5,58314752,586,29,615,29,285.9196
2026-04-25T11:11:56.852331+00:00,recovery_scenario,iperf_tcp,80,1,,twin_core,496036,0.0,66076672,607,63,670,3,29.8664
2026-04-25T11:11:56.852331+00:00,recovery_scenario,iperf_tcp,80,1,,ryu_controller,496029,10.0,58327040,606,29,635,20,199.03
2026-04-25T11:11:56.952930+00:00,recovery_scenario,iperf_tcp,80,1,,twin_core,496036,0.0,66076672,610,63,673,3,29.7851
2026-04-25T11:11:56.952930+00:00,recovery_scenario,iperf_tcp,80,1,,ryu_controller,496029,9.9,58331136,617,29,646,11,109.2328
2026-04-25T11:11:57.053591+00:00,recovery_scenario,iperf_tcp,80,1,,twin_core,496036,0.0,66076672,613,63,676,3,29.7885
2026-04-25T11:11:57.053591+00:00,recovery_scenario,iperf_tcp,80,1,,ryu_controller,496029,19.9,58339328,636,29,665,19,188.6643
2026-04-25T11:11:57.154261+00:00,recovery_scenario,iperf_tcp,80,1,,twin_core,496036,0.0,66076672,616,63,679,3,29.8532
2026-04-25T11:11:57.154261+00:00,recovery_scenario,iperf_tcp,80,1,,ryu_controller,496029,0.0,58339328,644,29,673,8,79.6109
2026-04-25T11:11:57.255407+00:00,recovery_scenario,iperf_tcp,80,1,,twin_core,496036,0.0,66076672,616,63,679,0,0.0
2026-04-25T11:11:57.255407+00:00,recovery_scenario,iperf_tcp,80,1,,ryu_controller,496029,9.9,58339328,653,29,682,9,88.7917
2026-04-25T11:11:57.356120+00:00,recovery_scenario,iperf_tcp,80,1,,twin_core,496036,9.9,66076672,625,63,688,9,89.2639
2026-04-25T11:11:57.356120+00:00,recovery_scenario,iperf_tcp,80,1,,ryu_controller,496029,9.9,58339328,673,29,702,20,197.5237
2026-04-25T11:11:57.457582+00:00,recovery_scenario,iperf_tcp,80,1,,twin_core,496036,0.0,66076672,631,63,694,6,59.2598
2026-04-25T11:11:57.457582+00:00,recovery_scenario,iperf_tcp,80,1,,ryu_controller,496029,29.7,58413056,702,29,731,29,286.9355
2026-04-25T11:11:57.558479+00:00,recovery_scenario,iperf_tcp,80,1,,twin_core,496036,9.9,66076672,634,63,697,3,29.7055
2026-04-25T11:11:57.558479+00:00,recovery_scenario,iperf_tcp,80,1,,ryu_controller,496029,39.7,58527744,734,29,763,32,317.6047
2026-04-25T11:11:57.659241+00:00,recovery_scenario,iperf_tcp,80,1,,twin_core,496036,0.0,66076672,637,63,700,3,29.7851
2026-04-25T11:11:57.659241+00:00,recovery_scenario,iperf_tcp,80,1,,ryu_controller,496029,19.9,58527744,762,29,791,28,277.9992
2026-04-25T11:11:57.759898+00:00,recovery_scenario,iperf_tcp,80,1,,twin_core,496036,0.0,66076672,643,63,706,6,59.5973
2026-04-25T11:11:57.759898+00:00,recovery_scenario,iperf_tcp,80,1,,ryu_controller,496029,0.0,58527744,775,29,804,13,129.0947
2026-04-25T11:11:57.860619+00:00,recovery_scenario,iperf_tcp,80,1,,twin_core,496036,0.0,66076672,649,63,712,6,59.583
2026-04-25T11:11:57.860619+00:00,recovery_scenario,iperf_tcp,80,1,,ryu_controller,496029,19.9,58527744,795,29,824,20,198.7067
2026-04-25T11:11:57.961288+00:00,recovery_scenario,iperf_tcp,80,1,,twin_core,496036,0.0,66076672,652,63,715,3,29.8015
2026-04-25T11:11:57.961288+00:00,recovery_scenario,iperf_tcp,80,1,,ryu_controller,496029,0.0,58527744,808,29,837,13,128.919
2026-04-25T11:11:58.062139+00:00,recovery_scenario,iperf_tcp,80,1,,twin_core,496036,0.0,66076672,655,63,718,3,29.7871
2026-04-25T11:11:58.062139+00:00,recovery_scenario,iperf_tcp,80,1,,ryu_controller,496029,9.9,58527744,822,29,851,14,139.2583
2026-04-25T11:11:58.162600+00:00,recovery_scenario,iperf_tcp,80,1,,twin_core,496036,0.0,66076672,658,63,721,3,29.8262
2026-04-25T11:11:58.162600+00:00,recovery_scenario,iperf_tcp,80,1,,ryu_controller,496029,19.9,58527744,831,29,860,9,89.4735
2026-04-25T11:11:58.263201+00:00,recovery_scenario,iperf_tcp,80,1,,twin_core,496036,0.0,66076672,661,63,724,3,29.853
2026-04-25T11:11:58.263201+00:00,recovery_scenario,iperf_tcp,80,1,,ryu_controller,496029,0.0,58527744,840,29,869,9,89.5628
2026-04-25T11:11:58.363904+00:00,recovery_scenario,iperf_tcp,80,1,,twin_core,496036,0.0,66076672,671,63,734,10,99.2782
2026-04-25T11:11:58.363904+00:00,recovery_scenario,iperf_tcp,80,1,,ryu_controller,496029,9.9,58531840,851,29,880,11,109.0538
2026-04-25T11:11:58.464619+00:00,recovery_scenario,iperf_tcp,80,1,,twin_core,496036,0.0,66076672,680,63,743,9,89.3399
2026-04-25T11:11:58.464619+00:00,recovery_scenario,iperf_tcp,80,1,,ryu_controller,496029,9.9,58531840,871,29,900,20,198.7435
2026-04-25T11:11:58.565916+00:00,recovery_scenario,iperf_tcp,80,1,,twin_core,496036,0.0,66076672,683,63,746,3,29.637
2026-04-25T11:11:58.565916+00:00,recovery_scenario,iperf_tcp,80,1,,ryu_controller,496029,9.9,58531840,885,29,914,14,138.3509
2026-04-25T11:11:58.666379+00:00,recovery_scenario,iperf_tcp,80,1,,twin_core,496036,19.9,66076672,689,63,752,6,59.6086
2026-04-25T11:11:58.666379+00:00,recovery_scenario,iperf_tcp,80,1,,ryu_controller,496029,39.7,58548224,923,29,952,38,377.4891
2026-04-25T11:11:58.767100+00:00,recovery_scenario,iperf_tcp,80,1,,twin_core,496036,0.0,66183168,704,63,767,15,149.1653
2026-04-25T11:11:58.767100+00:00,recovery_scenario,iperf_tcp,80,1,,ryu_controller,496029,39.8,58732544,948,30,978,26,258.3159
2026-04-25T11:11:58.867704+00:00,recovery_scenario,iperf_tcp,80,1,,twin_core,496036,0.0,66183168,708,63,771,4,39.7505
2026-04-25T11:11:58.867704+00:00,recovery_scenario,iperf_tcp,80,1,,ryu_controller,496029,9.9,58732544,973,30,1003,25,248.6869
2026-04-25T11:11:58.968223+00:00,recovery_scenario,iperf_tcp,80,1,,twin_core,496036,10.0,66183168,708,63,771,0,0.0
2026-04-25T11:11:58.968223+00:00,recovery_scenario,iperf_tcp,80,1,,ryu_controller,496029,10.0,58732544,984,30,1014,11,109.4987
2026-04-25T11:11:59.068696+00:00,recovery_scenario,iperf_tcp,80,1,,twin_core,496036,10.0,66183168,711,63,774,3,29.8551
2026-04-25T11:11:59.068696+00:00,recovery_scenario,iperf_tcp,80,1,,ryu_controller,496029,9.9,58732544,987,30,1017,3,29.8482
2026-04-25T11:11:59.169236+00:00,recovery_scenario,iperf_tcp,80,1,,twin_core,496036,0.0,66183168,720,63,783,9,89.3809
2026-04-25T11:11:59.169236+00:00,recovery_scenario,iperf_tcp,80,1,,ryu_controller,496029,9.9,58736640,1000,30,1030,13,128.9068
2026-04-25T11:11:59.270083+00:00,recovery_scenario,iperf_tcp,80,1,,twin_core,496036,0.0,66183168,729,63,792,9,89.3906
2026-04-25T11:11:59.270083+00:00,recovery_scenario,iperf_tcp,80,1,,ryu_controller,496029,19.9,58736640,1025,30,1055,25,248.7343
2026-04-25T11:11:59.372129+00:00,recovery_scenario,iperf_tcp,80,1,,twin_core,496036,0.0,66183168,729,63,792,0,0.0
2026-04-25T11:11:59.372129+00:00,recovery_scenario,iperf_tcp,80,1,,ryu_controller,496029,0.0,58736640,1036,30,1066,11,107.7101
2026-04-25T11:11:59.472733+00:00,recovery_scenario,iperf_tcp,80,1,,twin_core,496036,0.0,66183168,732,63,795,3,29.8273
2026-04-25T11:11:59.472733+00:00,recovery_scenario,iperf_tcp,80,1,,ryu_controller,496029,19.9,58736640,1057,30,1087,21,208.3641
2026-04-25T11:11:59.573587+00:00,recovery_scenario,iperf_tcp,80,1,,twin_core,496036,0.0,66183168,740,63,803,8,79.0333
2026-04-25T11:11:59.573587+00:00,recovery_scenario,iperf_tcp,80,1,,ryu_controller,496029,59.3,58740736,1087,31,1118,31,306.695
2026-04-25T11:11:59.674565+00:00,recovery_scenario,iperf_tcp,80,1,,twin_core,496036,0.0,66183168,749,63,812,9,89.3507
2026-04-25T11:11:59.674565+00:00,recovery_scenario,iperf_tcp,80,1,,ryu_controller,496029,59.6,58818560,1130,32,1162,44,437.0328
2026-04-25T11:11:59.775898+00:00,recovery_scenario,iperf_tcp,80,1,,twin_core,496036,0.0,66183168,749,63,812,0,0.0
2026-04-25T11:11:59.775898+00:00,recovery_scenario,iperf_tcp,80,1,,ryu_controller,496029,0.0,58818560,1143,32,1175,13,128.4637
2026-04-25T11:11:59.878831+00:00,recovery_scenario,iperf_tcp,80,1,,twin_core,496036,0.0,66183168,754,63,817,5,48.4033
2026-04-25T11:11:59.878831+00:00,recovery_scenario,iperf_tcp,80,1,,ryu_controller,496029,19.3,58818560,1159,32,1191,16,154.5883
2026-04-25T11:11:59.979918+00:00,recovery_scenario,iperf_tcp,80,1,,twin_core,496036,9.9,66183168,761,63,824,7,69.5059
2026-04-25T11:11:59.979918+00:00,recovery_scenario,iperf_tcp,80,1,,ryu_controller,496029,9.9,58818560,1178,32,1210,19,188.7643
2026-04-25T11:12:00.085076+00:00,recovery_scenario,iperf_tcp,80,1,,twin_core,496036,0.0,66183168,764,63,827,3,28.4835
2026-04-25T11:12:00.085076+00:00,recovery_scenario,iperf_tcp,80,1,,ryu_controller,496029,9.5,58818560,1189,33,1222,12,113.5957
2026-04-25T11:12:00.187255+00:00,recovery_scenario,iperf_tcp,80,1,,twin_core,496036,0.0,66183168,770,63,833,6,58.656
2026-04-25T11:12:00.187255+00:00,recovery_scenario,iperf_tcp,80,1,,ryu_controller,496029,0.0,58818560,1192,33,1225,3,29.4568
2026-04-25T11:12:00.279048+00:00,recovery_scenario,iperf_tcp,80,1,pingall_completed,,,,,,,,,
2026-04-25T11:12:00.293320+00:00,recovery_scenario,iperf_tcp,80,1,,twin_core,496036,0.0,66187264,782,63,845,12,113.4572
2026-04-25T11:12:00.293320+00:00,recovery_scenario,iperf_tcp,80,1,,ryu_controller,496029,0.0,58818560,1196,36,1232,7,66.1059
2026-04-25T11:12:00.396077+00:00,recovery_scenario,iperf_tcp,80,1,,twin_core,496036,0.0,66187264,782,63,845,0,0.0
2026-04-25T11:12:00.396077+00:00,recovery_scenario,iperf_tcp,80,1,,ryu_controller,496029,0.0,58818560,1198,36,1234,2,19.408
2026-04-25T11:12:00.497728+00:00,recovery_scenario,iperf_tcp,80,1,,twin_core,496036,0.0,66187264,782,63,845,0,0.0
2026-04-25T11:12:00.497728+00:00,recovery_scenario,iperf_tcp,80,1,,ryu_controller,496029,19.7,58818560,1223,37,1260,26,256.7189
2026-04-25T11:12:00.600318+00:00,recovery_scenario,iperf_tcp,80,1,,twin_core,496036,0.0,66187264,782,63,845,0,0.0
2026-04-25T11:12:00.600318+00:00,recovery_scenario,iperf_tcp,80,1,,ryu_controller,496029,0.0,58818560,1245,37,1282,22,214.4095
2026-04-25T11:12:00.702932+00:00,recovery_scenario,iperf_tcp,80,1,,twin_core,496036,0.0,66187264,782,63,845,0,0.0
2026-04-25T11:12:00.702932+00:00,recovery_scenario,iperf_tcp,80,1,,ryu_controller,496029,0.0,58818560,1253,37,1290,8,77.9522
2026-04-25T11:12:00.803498+00:00,recovery_scenario,iperf_tcp,80,1,,twin_core,496036,19.9,66252800,782,63,845,0,0.0
2026-04-25T11:12:00.803498+00:00,recovery_scenario,iperf_tcp,80,1,,ryu_controller,496029,79.5,58826752,1303,37,1340,50,497.177
2026-04-25T11:12:00.906431+00:00,recovery_scenario,iperf_tcp,80,1,,twin_core,496036,0.0,66252800,782,63,845,0,0.0
2026-04-25T11:12:00.906431+00:00,recovery_scenario,iperf_tcp,80,1,,ryu_controller,496029,9.7,58826752,1307,37,1344,4,38.8058
2026-04-25T11:12:01.007743+00:00,recovery_scenario,iperf_tcp,80,1,,twin_core,496036,0.0,66252800,782,63,845,0,0.0
2026-04-25T11:12:01.007743+00:00,recovery_scenario,iperf_tcp,80,1,,ryu_controller,496029,0.0,58826752,1311,37,1348,4,39.2038
2026-04-25T11:12:01.113047+00:00,recovery_scenario,iperf_tcp,80,1,,twin_core,496036,0.0,66252800,782,63,845,0,0.0
2026-04-25T11:12:01.113047+00:00,recovery_scenario,iperf_tcp,80,1,,ryu_controller,496029,0.0,58826752,1314,37,1351,3,28.7051
2026-04-25T11:12:01.217867+00:00,recovery_scenario,iperf_tcp,80,1,,twin_core,496036,0.0,66252800,782,63,845,0,0.0
2026-04-25T11:12:01.217867+00:00,recovery_scenario,iperf_tcp,80,1,,ryu_controller,496029,0.0,58826752,1317,37,1354,3,27.8547
2026-04-25T11:12:01.321406+00:00,recovery_scenario,iperf_tcp,80,1,,twin_core,496036,0.0,66256896,787,63,850,5,49.6553
2026-04-25T11:12:01.321406+00:00,recovery_scenario,iperf_tcp,80,1,,ryu_controller,496029,9.9,58826752,1320,37,1357,3,29.8035
2026-04-25T11:12:01.422068+00:00,recovery_scenario,iperf_tcp,80,1,,twin_core,496036,0.0,66256896,787,63,850,0,0.0
2026-04-25T11:12:01.422068+00:00,recovery_scenario,iperf_tcp,80,1,,ryu_controller,496029,0.0,58826752,1323,37,1360,3,29.839
2026-04-25T11:12:01.522580+00:00,recovery_scenario,iperf_tcp,80,1,,twin_core,496036,9.9,66256896,787,63,850,0,0.0
2026-04-25T11:12:01.522580+00:00,recovery_scenario,iperf_tcp,80,1,,ryu_controller,496029,0.0,58826752,1326,37,1363,3,29.8262
2026-04-25T11:12:01.625156+00:00,recovery_scenario,iperf_tcp,80,1,,twin_core,496036,0.0,66256896,787,63,850,0,0.0
2026-04-25T11:12:01.625156+00:00,recovery_scenario,iperf_tcp,80,1,,ryu_controller,496029,0.0,58826752,1330,38,1368,5,48.7498
2026-04-25T11:12:01.725790+00:00,recovery_scenario,iperf_tcp,80,1,,twin_core,496036,0.0,66256896,787,63,850,0,0.0
2026-04-25T11:12:01.725790+00:00,recovery_scenario,iperf_tcp,80,1,,ryu_controller,496029,89.5,58843136,1371,167,1538,170,1689.4791
2026-04-25T11:12:01.826435+00:00,recovery_scenario,iperf_tcp,80,1,,twin_core,496036,0.0,66256896,787,63,850,0,0.0
2026-04-25T11:12:01.826435+00:00,recovery_scenario,iperf_tcp,80,1,,ryu_controller,496029,0.0,58933248,1392,171,1563,25,247.9806
2026-04-25T11:12:01.928733+00:00,recovery_scenario,iperf_tcp,80,1,,twin_core,496036,0.0,66256896,787,63,850,0,0.0
2026-04-25T11:12:01.928733+00:00,recovery_scenario,iperf_tcp,80,1,,ryu_controller,496029,0.0,58933248,1395,171,1566,3,29.3543
2026-04-25T11:12:02.029375+00:00,recovery_scenario,iperf_tcp,80,1,,twin_core,496036,0.0,66256896,787,63,850,0,0.0
2026-04-25T11:12:02.029375+00:00,recovery_scenario,iperf_tcp,80,1,,ryu_controller,496029,0.0,58933248,1399,174,1573,7,69.5154
2026-04-25T11:12:02.130077+00:00,recovery_scenario,iperf_tcp,80,1,,twin_core,496036,0.0,66256896,787,63,850,0,0.0
2026-04-25T11:12:02.130077+00:00,recovery_scenario,iperf_tcp,80,1,,ryu_controller,496029,0.0,58933248,1403,175,1578,5,49.7392
2026-04-25T11:12:02.230746+00:00,recovery_scenario,iperf_tcp,80,1,,twin_core,496036,9.9,66256896,787,63,850,0,0.0
2026-04-25T11:12:02.230746+00:00,recovery_scenario,iperf_tcp,80,1,,ryu_controller,496029,9.9,58933248,1406,178,1584,6,59.5183
2026-04-25T11:12:02.299085+00:00,recovery_scenario,iperf_tcp,80,1,background_traffic_started,,,,,,,,,
2026-04-25T11:12:02.331830+00:00,recovery_scenario,iperf_tcp,80,1,,twin_core,496036,0.0,66273280,793,91,884,34,335.9945
2026-04-25T11:12:02.331830+00:00,recovery_scenario,iperf_tcp,80,1,,ryu_controller,496029,9.9,58933248,1417,187,1604,20,197.6629
2026-04-25T11:12:02.432595+00:00,recovery_scenario,iperf_tcp,80,1,,twin_core,496036,9.9,66334720,808,112,920,36,357.8656
2026-04-25T11:12:02.432595+00:00,recovery_scenario,iperf_tcp,80,1,,ryu_controller,496029,39.7,58933248,1436,217,1653,49,486.7226
2026-04-25T11:12:02.500434+00:00,recovery_scenario,iperf_tcp,80,1,fault_injected,,,,,,,,,
2026-04-25T11:12:02.533360+00:00,recovery_scenario,iperf_tcp,80,1,,twin_core,496036,9.9,66441216,817,133,950,30,297.9553
2026-04-25T11:12:02.533360+00:00,recovery_scenario,iperf_tcp,80,1,,ryu_controller,496029,29.5,58941440,1444,253,1697,44,432.2727
2026-04-25T11:12:02.635091+00:00,recovery_scenario,iperf_tcp,80,1,,twin_core,496036,0.0,66441216,817,133,950,0,0.0
2026-04-25T11:12:02.635091+00:00,recovery_scenario,iperf_tcp,80,1,,ryu_controller,496029,69.6,59277312,1444,413,1857,160,1592.5934
2026-04-25T11:12:02.735524+00:00,recovery_scenario,iperf_tcp,80,1,,twin_core,496036,0.0,66441216,817,133,950,0,0.0
2026-04-25T11:12:02.735524+00:00,recovery_scenario,iperf_tcp,80,1,,ryu_controller,496029,99.5,59285504,1444,421,1865,8,79.5734
2026-04-25T11:12:02.836111+00:00,recovery_scenario,iperf_tcp,80,1,,twin_core,496036,0.0,66441216,817,133,950,0,0.0
2026-04-25T11:12:02.836111+00:00,recovery_scenario,iperf_tcp,80,1,,ryu_controller,496029,99.3,59293696,1444,421,1865,0,0.0
2026-04-25T11:12:02.937061+00:00,recovery_scenario,iperf_tcp,80,1,,twin_core,496036,9.9,66441216,817,133,950,0,0.0
2026-04-25T11:12:02.937061+00:00,recovery_scenario,iperf_tcp,80,1,,ryu_controller,496029,99.1,59293696,1444,425,1869,4,39.6021
2026-04-25T11:12:03.038051+00:00,recovery_scenario,iperf_tcp,80,1,,twin_core,496036,0.0,66445312,818,133,951,1,9.9017
2026-04-25T11:12:03.038051+00:00,recovery_scenario,iperf_tcp,80,1,,ryu_controller,496029,99.0,59371520,1444,426,1870,1,9.9235
2026-04-25T11:12:03.139033+00:00,recovery_scenario,iperf_tcp,80,1,,twin_core,496036,0.0,66445312,818,133,951,0,0.0
2026-04-25T11:12:03.139033+00:00,recovery_scenario,iperf_tcp,80,1,,ryu_controller,496029,108.9,59379712,1444,428,1872,2,19.4218
2026-04-25T11:12:03.241813+00:00,recovery_scenario,iperf_tcp,80,1,,twin_core,496036,9.7,66445312,818,133,951,0,0.0
2026-04-25T11:12:03.241813+00:00,recovery_scenario,iperf_tcp,80,1,,ryu_controller,496029,87.5,59392000,1444,432,1876,4,39.6612
2026-04-25T11:12:03.342610+00:00,recovery_scenario,iperf_tcp,80,1,,twin_core,496036,0.0,66445312,818,133,951,0,0.0
2026-04-25T11:12:03.342610+00:00,recovery_scenario,iperf_tcp,80,1,,ryu_controller,496029,109.1,59392000,1444,434,1878,2,19.8438
2026-04-25T11:12:03.443494+00:00,recovery_scenario,iperf_tcp,80,1,,twin_core,496036,0.0,66445312,818,133,951,0,0.0
2026-04-25T11:12:03.443494+00:00,recovery_scenario,iperf_tcp,80,1,,ryu_controller,496029,97.6,59392000,1444,435,1879,1,9.7429
2026-04-25T11:12:03.546051+00:00,recovery_scenario,iperf_tcp,80,1,,twin_core,496036,9.8,66465792,819,133,952,1,9.9262
2026-04-25T11:12:03.546051+00:00,recovery_scenario,iperf_tcp,80,1,,ryu_controller,496029,89.4,59392000,1447,436,1883,4,39.8149
2026-04-25T11:12:03.646549+00:00,recovery_scenario,iperf_tcp,80,1,,twin_core,496036,0.0,66465792,819,133,952,0,0.0
2026-04-25T11:12:03.646549+00:00,recovery_scenario,iperf_tcp,80,1,,ryu_controller,496029,9.9,59392000,1468,436,1904,21,208.4715
2026-04-25T11:12:03.747413+00:00,recovery_scenario,iperf_tcp,80,1,,twin_core,496036,0.0,66465792,819,133,952,0,0.0
2026-04-25T11:12:03.747413+00:00,recovery_scenario,iperf_tcp,80,1,,ryu_controller,496029,29.7,59396096,1493,439,1932,28,277.4545
2026-04-25T11:12:03.848286+00:00,recovery_scenario,iperf_tcp,80,1,,twin_core,496036,0.0,66465792,819,133,952,0,0.0
2026-04-25T11:12:03.848286+00:00,recovery_scenario,iperf_tcp,80,1,,ryu_controller,496029,79.1,59400192,1527,441,1968,36,355.3509
2026-04-25T11:12:03.949519+00:00,recovery_scenario,iperf_tcp,80,1,,twin_core,496036,0.0,66465792,819,133,952,0,0.0
2026-04-25T11:12:03.949519+00:00,recovery_scenario,iperf_tcp,80,1,,ryu_controller,496029,29.6,59400192,1544,442,1986,18,177.1937
2026-04-25T11:12:04.051257+00:00,recovery_scenario,iperf_tcp,80,1,,twin_core,496036,9.8,66465792,827,134,961,9,88.8384
2026-04-25T11:12:04.051257+00:00,recovery_scenario,iperf_tcp,80,1,,ryu_controller,496029,29.7,59400192,1559,443,2002,16,158.9247
2026-04-25T11:12:04.151732+00:00,recovery_scenario,iperf_tcp,80,1,,twin_core,496036,19.9,66465792,847,135,982,21,208.3236
2026-04-25T11:12:04.151732+00:00,recovery_scenario,iperf_tcp,80,1,,ryu_controller,496029,78.6,59400192,1595,446,2041,39,382.3043
2026-04-25T11:12:04.155428+00:00,recovery_scenario,iperf_tcp,80,1,recovery_requested,,,,,,,,,
2026-04-25T11:12:04.254238+00:00,recovery_scenario,iperf_tcp,80,1,,twin_core,496036,0.0,66478080,855,135,990,8,78.2851
2026-04-25T11:12:04.254238+00:00,recovery_scenario,iperf_tcp,80,1,,ryu_controller,496029,39.5,59400192,1620,451,2071,30,296.1906
2026-04-25T11:12:04.355055+00:00,recovery_scenario,iperf_tcp,80,1,,twin_core,496036,0.0,66478080,855,135,990,0,0.0
2026-04-25T11:12:04.355055+00:00,recovery_scenario,iperf_tcp,80,1,,ryu_controller,496029,109.1,59400192,1620,453,2073,2,19.8856
2026-04-25T11:12:04.455864+00:00,recovery_scenario,iperf_tcp,80,1,,twin_core,496036,0.0,66478080,855,135,990,0,0.0
2026-04-25T11:12:04.455864+00:00,recovery_scenario,iperf_tcp,80,1,,ryu_controller,496029,89.2,59400192,1620,453,2073,0,0.0
2026-04-25T11:12:04.556572+00:00,recovery_scenario,iperf_tcp,80,1,,twin_core,496036,0.0,66478080,855,135,990,0,0.0
2026-04-25T11:12:04.556572+00:00,recovery_scenario,iperf_tcp,80,1,,ryu_controller,496029,99.2,59400192,1620,453,2073,0,0.0
2026-04-25T11:12:04.657265+00:00,recovery_scenario,iperf_tcp,80,1,,twin_core,496036,0.0,66478080,855,135,990,0,0.0
2026-04-25T11:12:04.657265+00:00,recovery_scenario,iperf_tcp,80,1,,ryu_controller,496029,109.3,59404288,1620,453,2073,0,0.0
2026-04-25T11:12:04.758182+00:00,recovery_scenario,iperf_tcp,80,1,,twin_core,496036,0.0,66478080,856,135,991,1,9.9099
2026-04-25T11:12:04.758182+00:00,recovery_scenario,iperf_tcp,80,1,,ryu_controller,496029,89.2,59412480,1620,454,2074,1,9.9137
2026-04-25T11:12:04.859007+00:00,recovery_scenario,iperf_tcp,80,1,,twin_core,496036,0.0,66478080,856,135,991,0,0.0
2026-04-25T11:12:04.859007+00:00,recovery_scenario,iperf_tcp,80,1,,ryu_controller,496029,99.0,59420672,1620,455,2075,1,9.8679
2026-04-25T11:12:04.960167+00:00,recovery_scenario,iperf_tcp,80,1,,twin_core,496036,0.0,66478080,856,135,991,0,0.0
2026-04-25T11:12:04.960167+00:00,recovery_scenario,iperf_tcp,80,1,,ryu_controller,496029,99.0,59424768,1620,456,2076,1,9.9387
2026-04-25T11:12:05.060823+00:00,recovery_scenario,iperf_tcp,80,1,,twin_core,496036,0.0,66478080,856,135,991,0,0.0
2026-04-25T11:12:05.060823+00:00,recovery_scenario,iperf_tcp,80,1,,ryu_controller,496029,99.4,59428864,1620,459,2079,3,29.8292
2026-04-25T11:12:05.161380+00:00,recovery_scenario,iperf_tcp,80,1,,twin_core,496036,0.0,66478080,856,135,991,0,0.0
2026-04-25T11:12:05.161380+00:00,recovery_scenario,iperf_tcp,80,1,,ryu_controller,496029,108.8,59432960,1620,460,2080,1,9.866
2026-04-25T11:12:05.262903+00:00,recovery_scenario,iperf_tcp,80,1,,twin_core,496036,0.0,66478080,857,135,992,1,9.8952
2026-04-25T11:12:05.262903+00:00,recovery_scenario,iperf_tcp,80,1,,ryu_controller,496029,99.0,59445248,1620,461,2081,1,9.926
2026-04-25T11:12:05.363440+00:00,recovery_scenario,iperf_tcp,80,1,,twin_core,496036,9.9,66478080,857,135,992,0,0.0
2026-04-25T11:12:05.363440+00:00,recovery_scenario,iperf_tcp,80,1,,ryu_controller,496029,89.4,59445248,1620,463,2083,2,19.8768
2026-04-25T11:12:05.464133+00:00,recovery_scenario,iperf_tcp,80,1,,twin_core,496036,0.0,66478080,857,135,992,0,0.0
2026-04-25T11:12:05.464133+00:00,recovery_scenario,iperf_tcp,80,1,,ryu_controller,496029,109.2,59445248,1620,463,2083,0,0.0
2026-04-25T11:12:05.565103+00:00,recovery_scenario,iperf_tcp,80,1,,twin_core,496036,9.9,66478080,857,135,992,0,0.0
2026-04-25T11:12:05.565103+00:00,recovery_scenario,iperf_tcp,80,1,,ryu_controller,496029,99.1,59445248,1620,467,2087,4,39.6901
2026-04-25T11:12:05.665686+00:00,recovery_scenario,iperf_tcp,80,1,,twin_core,496036,0.0,66478080,858,135,993,1,9.9487
2026-04-25T11:12:05.665686+00:00,recovery_scenario,iperf_tcp,80,1,,ryu_controller,496029,99.5,59453440,1620,467,2087,0,0.0
2026-04-25T11:12:05.766193+00:00,recovery_scenario,iperf_tcp,80,1,,twin_core,496036,0.0,66478080,858,135,993,0,0.0
2026-04-25T11:12:05.766193+00:00,recovery_scenario,iperf_tcp,80,1,,ryu_controller,496029,89.5,59457536,1620,468,2088,1,9.9559
2026-04-25T11:12:05.866701+00:00,recovery_scenario,iperf_tcp,80,1,,twin_core,496036,0.0,66478080,858,135,993,0,0.0
2026-04-25T11:12:05.866701+00:00,recovery_scenario,iperf_tcp,80,1,,ryu_controller,496029,109.4,59457536,1620,468,2088,0,0.0
2026-04-25T11:12:05.967264+00:00,recovery_scenario,iperf_tcp,80,1,,twin_core,496036,0.0,66478080,858,135,993,0,0.0
2026-04-25T11:12:05.967264+00:00,recovery_scenario,iperf_tcp,80,1,,ryu_controller,496029,99.4,59457536,1620,468,2088,0,0.0
2026-04-25T11:12:06.068051+00:00,recovery_scenario,iperf_tcp,80,1,,twin_core,496036,0.0,66478080,858,135,993,0,0.0
2026-04-25T11:12:06.068051+00:00,recovery_scenario,iperf_tcp,80,1,,ryu_controller,496029,99.1,59457536,1620,469,2089,1,9.9231
2026-04-25T11:12:06.168780+00:00,recovery_scenario,iperf_tcp,80,1,,twin_core,496036,0.0,66478080,859,135,994,1,9.9402
2026-04-25T11:12:06.168780+00:00,recovery_scenario,iperf_tcp,80,1,,ryu_controller,496029,99.4,59457536,1620,470,2090,1,9.9427
2026-04-25T11:12:06.269374+00:00,recovery_scenario,iperf_tcp,80,1,,twin_core,496036,0.0,66478080,859,135,994,0,0.0
2026-04-25T11:12:06.269374+00:00,recovery_scenario,iperf_tcp,80,1,,ryu_controller,496029,99.1,59457536,1620,471,2091,1,9.9024
2026-04-25T11:12:06.371409+00:00,recovery_scenario,iperf_tcp,80,1,,twin_core,496036,0.0,66478080,859,135,994,0,0.0
2026-04-25T11:12:06.371409+00:00,recovery_scenario,iperf_tcp,80,1,,ryu_controller,496029,108.1,59461632,1620,471,2091,0,0.0
2026-04-25T11:12:06.471954+00:00,recovery_scenario,iperf_tcp,80,1,,twin_core,496036,0.0,66478080,859,135,994,0,0.0
2026-04-25T11:12:06.471954+00:00,recovery_scenario,iperf_tcp,80,1,,ryu_controller,496029,89.6,59461632,1620,471,2091,0,0.0
2026-04-25T11:12:06.572401+00:00,recovery_scenario,iperf_tcp,80,1,,twin_core,496036,0.0,66478080,859,135,994,0,0.0
2026-04-25T11:12:06.572401+00:00,recovery_scenario,iperf_tcp,80,1,,ryu_controller,496029,109.3,59461632,1620,471,2091,0,0.0
2026-04-25T11:12:06.675201+00:00,recovery_scenario,iperf_tcp,80,1,,twin_core,496036,0.0,66478080,860,135,995,1,9.6477
2026-04-25T11:12:06.675201+00:00,recovery_scenario,iperf_tcp,80,1,,ryu_controller,496029,96.6,59461632,1620,471,2091,0,0.0
2026-04-25T11:12:06.776823+00:00,recovery_scenario,iperf_tcp,80,1,,twin_core,496036,0.0,66478080,860,135,995,0,0.0
2026-04-25T11:12:06.776823+00:00,recovery_scenario,iperf_tcp,80,1,,ryu_controller,496029,98.8,59461632,1620,472,2092,1,9.89
2026-04-25T11:12:06.877831+00:00,recovery_scenario,iperf_tcp,80,1,,twin_core,496036,9.9,66478080,860,135,995,0,0.0
2026-04-25T11:12:06.877831+00:00,recovery_scenario,iperf_tcp,80,1,,ryu_controller,496029,99.1,59461632,1620,475,2095,3,29.703
2026-04-25T11:12:06.978842+00:00,recovery_scenario,iperf_tcp,80,1,,twin_core,496036,0.0,66478080,860,135,995,0,0.0
2026-04-25T11:12:06.978842+00:00,recovery_scenario,iperf_tcp,80,1,,ryu_controller,496029,98.4,59461632,1620,476,2096,1,9.8418
2026-04-25T11:12:07.080423+00:00,recovery_scenario,iperf_tcp,80,1,,twin_core,496036,0.0,66478080,860,135,995,0,0.0
2026-04-25T11:12:07.080423+00:00,recovery_scenario,iperf_tcp,80,1,,ryu_controller,496029,99.1,59461632,1621,479,2100,4,39.6599
2026-04-25T11:12:07.181236+00:00,recovery_scenario,iperf_tcp,80,1,,twin_core,496036,0.0,66478080,861,136,997,2,19.8728
2026-04-25T11:12:07.181236+00:00,recovery_scenario,iperf_tcp,80,1,,ryu_controller,496029,99.4,59461632,1621,479,2100,0,0.0
2026-04-25T11:12:07.282181+00:00,recovery_scenario,iperf_tcp,80,1,,twin_core,496036,9.9,66478080,861,136,997,0,0.0
2026-04-25T11:12:07.282181+00:00,recovery_scenario,iperf_tcp,80,1,,ryu_controller,496029,98.9,59465728,1621,480,2101,1,9.8735
2026-04-25T11:12:07.383262+00:00,recovery_scenario,iperf_tcp,80,1,,twin_core,496036,9.9,66478080,861,136,997,0,0.0
2026-04-25T11:12:07.383262+00:00,recovery_scenario,iperf_tcp,80,1,,ryu_controller,496029,98.9,59469824,1625,485,2110,9,89.2465
2026-04-25T11:12:07.484099+00:00,recovery_scenario,iperf_tcp,80,1,,twin_core,496036,0.0,66514944,861,136,997,0,0.0
2026-04-25T11:12:07.484099+00:00,recovery_scenario,iperf_tcp,80,1,,ryu_controller,496029,29.7,59469824,1640,485,2125,15,148.6105
2026-04-25T11:12:07.585115+00:00,recovery_scenario,iperf_tcp,80,1,,twin_core,496036,0.0,66514944,861,136,997,0,0.0
2026-04-25T11:12:07.585115+00:00,recovery_scenario,iperf_tcp,80,1,,ryu_controller,496029,0.0,59469824,1649,485,2134,9,89.4035
2026-04-25T11:12:07.685754+00:00,recovery_scenario,iperf_tcp,80,1,,twin_core,496036,10.0,66519040,868,137,1005,8,79.6257
2026-04-25T11:12:07.685754+00:00,recovery_scenario,iperf_tcp,80,1,,ryu_controller,496029,29.9,59469824,1673,485,2158,24,238.8688
2026-04-25T11:12:07.774448+00:00,recovery_scenario,iperf_tcp,80,1,scenario_teardown,,,,,,,,,
2026-04-25T11:12:07.786179+00:00,recovery_scenario,iperf_tcp,80,1,,twin_core,496036,29.9,66519040,892,137,1029,24,238.5928
2026-04-25T11:12:07.786179+00:00,recovery_scenario,iperf_tcp,80,1,,ryu_controller,496029,69.6,59469824,1713,488,2201,43,427.4261
2026-04-25T11:12:07.886829+00:00,recovery_scenario,iperf_tcp,80,1,,twin_core,496036,0.0,66519040,913,137,1050,21,208.9411
2026-04-25T11:12:07.886829+00:00,recovery_scenario,iperf_tcp,80,1,,ryu_controller,496029,0.0,59469824,1729,490,2219,18,179.1524
2026-04-25T11:12:07.987227+00:00,recovery_scenario,iperf_tcp,80,1,,twin_core,496036,0.0,66519040,936,139,1075,25,248.9576
2026-04-25T11:12:07.987227+00:00,recovery_scenario,iperf_tcp,80,1,,ryu_controller,496029,10.0,59469824,1739,505,2244,25,248.9283
2026-04-25T11:12:08.087749+00:00,recovery_scenario,iperf_tcp,80,1,,twin_core,496036,0.0,66523136,946,139,1085,10,99.4621
2026-04-25T11:12:08.087749+00:00,recovery_scenario,iperf_tcp,80,1,,ryu_controller,496029,9.9,59469824,1750,511,2261,17,169.0014
2026-04-25T11:12:08.188281+00:00,recovery_scenario,iperf_tcp,80,1,,twin_core,496036,0.0,66523136,946,139,1085,0,0.0
2026-04-25T11:12:08.188281+00:00,recovery_scenario,iperf_tcp,80,1,,ryu_controller,496029,9.9,59469824,1766,511,2277,16,158.9712
2026-04-25T11:12:11.571416+00:00,recovery_scenario,iperf_tcp,80,1,,twin_core,497097,0.0,65187840,382,42,424,0,0.0
2026-04-25T11:12:11.571416+00:00,recovery_scenario,iperf_tcp,80,1,,ryu_controller,497090,0.0,57634816,7,6,13,0,0.0
2026-04-25T11:12:11.673534+00:00,recovery_scenario,iperf_tcp,80,1,,twin_core,497097,9.7,65208320,428,51,479,55,540.3687
2026-04-25T11:12:11.673534+00:00,recovery_scenario,iperf_tcp,80,1,,ryu_controller,497090,39.3,57987072,18,13,31,18,177.2561
2026-04-25T11:12:11.775068+00:00,recovery_scenario,iperf_tcp,80,1,,twin_core,497097,0.0,65212416,526,51,577,98,971.2059
2026-04-25T11:12:11.775068+00:00,recovery_scenario,iperf_tcp,80,1,,ryu_controller,497090,9.9,57999360,37,15,52,21,208.7868
2026-04-25T11:12:11.842282+00:00,recovery_scenario,iperf_tcp,80,1,service_started,,,,,,,,,
2026-04-25T11:12:11.875884+00:00,recovery_scenario,iperf_tcp,80,1,,twin_core,497097,29.8,65863680,588,51,639,62,615.4099
2026-04-25T11:12:11.875884+00:00,recovery_scenario,iperf_tcp,80,1,,ryu_controller,497090,49.6,58081280,75,15,90,38,376.9269
2026-04-25T11:12:11.976544+00:00,recovery_scenario,iperf_tcp,80,1,,twin_core,497097,0.0,66011136,589,51,640,1,9.9267
2026-04-25T11:12:11.976544+00:00,recovery_scenario,iperf_tcp,80,1,,ryu_controller,497090,19.9,58097664,103,15,118,28,278.1416
2026-04-25T11:12:12.077120+00:00,recovery_scenario,iperf_tcp,80,1,,twin_core,497097,0.0,66011136,589,51,640,0,0.0
2026-04-25T11:12:12.077120+00:00,recovery_scenario,iperf_tcp,80,1,,ryu_controller,497090,19.9,58105856,132,15,147,29,288.4122
2026-04-25T11:12:12.179713+00:00,recovery_scenario,iperf_tcp,80,1,,twin_core,497097,0.0,66011136,589,51,640,0,0.0
2026-04-25T11:12:12.179713+00:00,recovery_scenario,iperf_tcp,80,1,,ryu_controller,497090,9.7,58109952,141,15,156,9,87.7339
2026-04-25T11:12:12.282172+00:00,recovery_scenario,iperf_tcp,80,1,,twin_core,497097,0.0,66011136,589,51,640,0,0.0
2026-04-25T11:12:12.282172+00:00,recovery_scenario,iperf_tcp,80,1,,ryu_controller,497090,39.1,58126336,174,16,190,34,332.0624
2026-04-25T11:12:12.384204+00:00,recovery_scenario,iperf_tcp,80,1,,twin_core,497097,0.0,66011136,589,51,640,0,0.0
2026-04-25T11:12:12.384204+00:00,recovery_scenario,iperf_tcp,80,1,,ryu_controller,497090,19.6,58130432,202,16,218,28,274.3305
2026-04-25T11:12:12.485388+00:00,recovery_scenario,iperf_tcp,80,1,,twin_core,497097,0.0,66011136,589,51,640,0,0.0
2026-04-25T11:12:12.485388+00:00,recovery_scenario,iperf_tcp,80,1,,ryu_controller,497090,9.9,58130432,213,16,229,11,108.5647
2026-04-25T11:12:12.586017+00:00,recovery_scenario,iperf_tcp,80,1,,twin_core,497097,0.0,66011136,589,51,640,0,0.0
2026-04-25T11:12:12.586017+00:00,recovery_scenario,iperf_tcp,80,1,,ryu_controller,497090,19.9,58142720,228,16,244,15,149.1909
2026-04-25T11:12:12.686669+00:00,recovery_scenario,iperf_tcp,80,1,,twin_core,497097,0.0,66011136,589,51,640,0,0.0
2026-04-25T11:12:12.686669+00:00,recovery_scenario,iperf_tcp,80,1,,ryu_controller,497090,19.9,58146816,252,16,268,24,238.6443
2026-04-25T11:12:12.789746+00:00,recovery_scenario,iperf_tcp,80,1,,twin_core,497097,9.7,66011136,589,51,640,0,0.0
2026-04-25T11:12:12.789746+00:00,recovery_scenario,iperf_tcp,80,1,,ryu_controller,497090,19.4,58159104,271,16,287,19,184.1905
2026-04-25T11:12:12.890546+00:00,recovery_scenario,iperf_tcp,80,1,,twin_core,497097,0.0,66011136,589,51,640,0,0.0
2026-04-25T11:12:12.890546+00:00,recovery_scenario,iperf_tcp,80,1,,ryu_controller,497090,19.8,58159104,301,16,317,30,297.4776
2026-04-25T11:12:12.991109+00:00,recovery_scenario,iperf_tcp,80,1,,twin_core,497097,0.0,66011136,589,51,640,0,0.0
2026-04-25T11:12:12.991109+00:00,recovery_scenario,iperf_tcp,80,1,,ryu_controller,497090,10.0,58163200,318,16,334,17,169.2114
2026-04-25T11:12:13.092490+00:00,recovery_scenario,iperf_tcp,80,1,,twin_core,497097,0.0,66011136,589,51,640,0,0.0
2026-04-25T11:12:13.092490+00:00,recovery_scenario,iperf_tcp,80,1,,ryu_controller,497090,19.7,58175488,343,18,361,27,266.2266
2026-04-25T11:12:13.192986+00:00,recovery_scenario,iperf_tcp,80,1,,twin_core,497097,0.0,66011136,589,51,640,0,0.0
2026-04-25T11:12:13.192986+00:00,recovery_scenario,iperf_tcp,80,1,,ryu_controller,497090,10.0,58183680,352,18,370,9,89.6239
2026-04-25T11:12:13.293420+00:00,recovery_scenario,iperf_tcp,80,1,,twin_core,497097,0.0,66011136,589,51,640,0,0.0
2026-04-25T11:12:13.293420+00:00,recovery_scenario,iperf_tcp,80,1,,ryu_controller,497090,39.8,58187776,378,18,396,26,258.417
2026-04-25T11:12:13.394101+00:00,recovery_scenario,iperf_tcp,80,1,,twin_core,497097,0.0,66011136,589,51,640,0,0.0
2026-04-25T11:12:13.394101+00:00,recovery_scenario,iperf_tcp,80,1,,ryu_controller,497090,19.9,58200064,407,18,425,29,288.4161
2026-04-25T11:12:13.494563+00:00,recovery_scenario,iperf_tcp,80,1,,twin_core,497097,0.0,66011136,589,51,640,0,0.0
2026-04-25T11:12:13.494563+00:00,recovery_scenario,iperf_tcp,80,1,,ryu_controller,497090,39.8,58335232,465,18,483,58,576.9899
2026-04-25T11:12:13.595096+00:00,recovery_scenario,iperf_tcp,80,1,,twin_core,497097,0.0,66011136,589,51,640,0,0.0
2026-04-25T11:12:13.595096+00:00,recovery_scenario,iperf_tcp,80,1,,ryu_controller,497090,10.0,58335232,496,18,514,31,308.6423
2026-04-25T11:12:13.695575+00:00,recovery_scenario,iperf_tcp,80,1,,twin_core,497097,0.0,66011136,589,51,640,0,0.0
2026-04-25T11:12:13.695575+00:00,recovery_scenario,iperf_tcp,80,1,,ryu_controller,497090,19.9,58335232,513,18,531,17,168.9719
2026-04-25T11:12:13.796150+00:00,recovery_scenario,iperf_tcp,80,1,,twin_core,497097,0.0,66011136,589,51,640,0,0.0
2026-04-25T11:12:13.796150+00:00,recovery_scenario,iperf_tcp,80,1,,ryu_controller,497090,19.9,58339328,531,18,549,18,178.9228
2026-04-25T11:12:13.897395+00:00,recovery_scenario,iperf_tcp,80,1,,twin_core,497097,0.0,66011136,589,51,640,0,0.0
2026-04-25T11:12:13.897395+00:00,recovery_scenario,iperf_tcp,80,1,,ryu_controller,497090,9.9,58339328,543,18,561,12,118.6167
2026-04-25T11:12:13.997954+00:00,recovery_scenario,iperf_tcp,80,1,,twin_core,497097,9.9,66068480,594,51,645,5,49.6882
2026-04-25T11:12:13.997954+00:00,recovery_scenario,iperf_tcp,80,1,,ryu_controller,497090,39.8,58363904,596,19,615,54,536.9164
2026-04-25T11:12:14.098499+00:00,recovery_scenario,iperf_tcp,80,1,,twin_core,497097,0.0,66068480,597,51,648,3,29.7711
2026-04-25T11:12:14.098499+00:00,recovery_scenario,iperf_tcp,80,1,,ryu_controller,497090,19.8,58368000,627,19,646,31,307.4639
2026-04-25T11:12:14.199336+00:00,recovery_scenario,iperf_tcp,80,1,,twin_core,497097,0.0,66068480,600,51,651,3,29.8225
2026-04-25T11:12:14.199336+00:00,recovery_scenario,iperf_tcp,80,1,,ryu_controller,497090,9.9,58368000,641,19,660,14,138.8954
2026-04-25T11:12:14.300187+00:00,recovery_scenario,iperf_tcp,80,1,,twin_core,497097,0.0,66068480,603,51,654,3,29.7509
2026-04-25T11:12:14.300187+00:00,recovery_scenario,iperf_tcp,80,1,,ryu_controller,497090,9.9,58368000,654,19,673,13,129.2304
2026-04-25T11:12:14.400749+00:00,recovery_scenario,iperf_tcp,80,1,,twin_core,497097,0.0,66068480,606,51,657,3,29.8269
2026-04-25T11:12:14.400749+00:00,recovery_scenario,iperf_tcp,80,1,,ryu_controller,497090,19.9,58368000,676,19,695,22,218.6097
2026-04-25T11:12:14.501379+00:00,recovery_scenario,iperf_tcp,80,1,,twin_core,497097,0.0,66068480,609,51,660,3,29.8259
2026-04-25T11:12:14.501379+00:00,recovery_scenario,iperf_tcp,80,1,,ryu_controller,497090,0.0,58368000,704,19,723,28,278.0003
2026-04-25T11:12:14.603409+00:00,recovery_scenario,iperf_tcp,80,1,,twin_core,497097,9.8,66068480,609,51,660,0,0.0
2026-04-25T11:12:14.603409+00:00,recovery_scenario,iperf_tcp,80,1,,ryu_controller,497090,19.6,58368000,713,19,732,9,88.3443
2026-04-25T11:12:14.703922+00:00,recovery_scenario,iperf_tcp,80,1,,twin_core,497097,0.0,66068480,618,51,669,9,89.5949
2026-04-25T11:12:14.703922+00:00,recovery_scenario,iperf_tcp,80,1,,ryu_controller,497090,10.0,58368000,733,19,752,20,199.1988
2026-04-25T11:12:14.804325+00:00,recovery_scenario,iperf_tcp,80,1,,twin_core,497097,0.0,66068480,624,51,675,6,59.7555
2026-04-25T11:12:14.804325+00:00,recovery_scenario,iperf_tcp,80,1,,ryu_controller,497090,10.0,58372096,747,19,766,14,139.4066
2026-04-25T11:12:14.904877+00:00,recovery_scenario,iperf_tcp,80,1,,twin_core,497097,0.0,66068480,627,51,678,3,29.8351
2026-04-25T11:12:14.904877+00:00,recovery_scenario,iperf_tcp,80,1,,ryu_controller,497090,9.9,58376192,761,19,780,14,139.2442
2026-04-25T11:12:15.005395+00:00,recovery_scenario,iperf_tcp,80,1,,twin_core,497097,0.0,66068480,630,51,681,3,29.8431
2026-04-25T11:12:15.005395+00:00,recovery_scenario,iperf_tcp,80,1,,ryu_controller,497090,9.9,58376192,790,19,809,29,288.1394
2026-04-25T11:12:15.105984+00:00,recovery_scenario,iperf_tcp,80,1,,twin_core,497097,0.0,66068480,639,51,690,9,89.3893
2026-04-25T11:12:15.105984+00:00,recovery_scenario,iperf_tcp,80,1,,ryu_controller,497090,9.9,58376192,802,19,821,12,119.281
2026-04-25T11:12:15.206562+00:00,recovery_scenario,iperf_tcp,80,1,,twin_core,497097,0.0,66068480,642,51,693,3,29.7476
2026-04-25T11:12:15.206562+00:00,recovery_scenario,iperf_tcp,80,1,,ryu_controller,497090,9.9,58380288,822,19,841,20,198.1574
2026-04-25T11:12:15.307507+00:00,recovery_scenario,iperf_tcp,80,1,,twin_core,497097,0.0,66068480,645,51,696,3,29.7645
2026-04-25T11:12:15.307507+00:00,recovery_scenario,iperf_tcp,80,1,,ryu_controller,497090,19.9,58380288,834,19,853,12,119.0987
2026-04-25T11:12:15.408292+00:00,recovery_scenario,iperf_tcp,80,1,,twin_core,497097,0.0,66068480,648,51,699,3,29.8123
2026-04-25T11:12:15.408292+00:00,recovery_scenario,iperf_tcp,80,1,,ryu_controller,497090,9.9,58380288,845,19,864,11,109.2423
2026-04-25T11:12:15.508962+00:00,recovery_scenario,iperf_tcp,80,1,,twin_core,497097,0.0,66068480,651,51,702,3,29.8164
2026-04-25T11:12:15.508962+00:00,recovery_scenario,iperf_tcp,80,1,,ryu_controller,497090,39.8,58519552,874,19,893,29,288.6605
2026-04-25T11:12:15.609416+00:00,recovery_scenario,iperf_tcp,80,1,,twin_core,497097,0.0,66068480,654,51,705,3,29.8378
2026-04-25T11:12:15.609416+00:00,recovery_scenario,iperf_tcp,80,1,,ryu_controller,497090,29.8,58617856,895,19,914,21,208.8174
2026-04-25T11:12:15.709959+00:00,recovery_scenario,iperf_tcp,80,1,,twin_core,497097,19.9,66068480,666,51,717,12,119.475
2026-04-25T11:12:15.709959+00:00,recovery_scenario,iperf_tcp,80,1,,ryu_controller,497090,10.0,58617856,908,19,927,13,129.467
2026-04-25T11:12:15.810422+00:00,recovery_scenario,iperf_tcp,80,1,,twin_core,497097,0.0,66068480,669,51,720,3,29.8236
2026-04-25T11:12:15.810422+00:00,recovery_scenario,iperf_tcp,80,1,,ryu_controller,497090,9.9,58617856,930,20,950,23,228.5339
2026-04-25T11:12:15.911089+00:00,recovery_scenario,iperf_tcp,80,1,,twin_core,497097,0.0,66068480,672,51,723,3,29.8245
2026-04-25T11:12:15.911089+00:00,recovery_scenario,iperf_tcp,80,1,,ryu_controller,497090,19.9,58617856,942,20,962,12,119.33
2026-04-25T11:12:16.011767+00:00,recovery_scenario,iperf_tcp,80,1,,twin_core,497097,9.9,66068480,679,51,730,7,69.4268
2026-04-25T11:12:16.011767+00:00,recovery_scenario,iperf_tcp,80,1,,ryu_controller,497090,49.6,58621952,982,21,1003,41,406.5688
2026-04-25T11:12:16.112578+00:00,recovery_scenario,iperf_tcp,80,1,,twin_core,497097,0.0,66174976,691,51,742,12,119.0603
2026-04-25T11:12:16.112578+00:00,recovery_scenario,iperf_tcp,80,1,,ryu_controller,497090,29.8,58683392,1007,21,1028,25,248.0936
2026-04-25T11:12:16.213194+00:00,recovery_scenario,iperf_tcp,80,1,,twin_core,497097,0.0,66174976,694,51,745,3,29.8622
2026-04-25T11:12:16.213194+00:00,recovery_scenario,iperf_tcp,80,1,,ryu_controller,497090,9.9,58683392,1026,21,1047,19,188.6903
2026-04-25T11:12:16.313911+00:00,recovery_scenario,iperf_tcp,80,1,,twin_core,497097,0.0,66174976,694,51,745,0,0.0
2026-04-25T11:12:16.313911+00:00,recovery_scenario,iperf_tcp,80,1,,ryu_controller,497090,0.0,58683392,1034,21,1055,8,79.6252
2026-04-25T11:12:16.416715+00:00,recovery_scenario,iperf_tcp,80,1,,twin_core,497097,0.0,66174976,698,51,749,4,38.3967
2026-04-25T11:12:16.416715+00:00,recovery_scenario,iperf_tcp,80,1,,ryu_controller,497090,0.0,58683392,1037,21,1058,3,28.7811
2026-04-25T11:12:16.518609+00:00,recovery_scenario,iperf_tcp,80,1,,twin_core,497097,0.0,66174976,706,51,757,8,79.5386
2026-04-25T11:12:16.518609+00:00,recovery_scenario,iperf_tcp,80,1,,ryu_controller,497090,29.8,58683392,1062,21,1083,25,248.5718
2026-04-25T11:12:16.619158+00:00,recovery_scenario,iperf_tcp,80,1,,twin_core,497097,9.9,66174976,715,51,766,9,89.5271
2026-04-25T11:12:16.619158+00:00,recovery_scenario,iperf_tcp,80,1,,ryu_controller,497090,19.9,58683392,1094,21,1115,32,318.4446
2026-04-25T11:12:16.722409+00:00,recovery_scenario,iperf_tcp,80,1,,twin_core,497097,0.0,66174976,715,51,766,0,0.0
2026-04-25T11:12:16.722409+00:00,recovery_scenario,iperf_tcp,80,1,,ryu_controller,497090,9.7,58683392,1107,21,1128,13,125.6291
2026-04-25T11:12:16.823190+00:00,recovery_scenario,iperf_tcp,80,1,,twin_core,497097,0.0,66174976,718,51,769,3,29.7781
2026-04-25T11:12:16.823190+00:00,recovery_scenario,iperf_tcp,80,1,,ryu_controller,497090,9.9,58687488,1118,21,1139,11,109.4367
2026-04-25T11:12:16.923807+00:00,recovery_scenario,iperf_tcp,80,1,,twin_core,497097,0.0,66174976,727,52,779,10,99.3567
2026-04-25T11:12:16.923807+00:00,recovery_scenario,iperf_tcp,80,1,,ryu_controller,497090,9.9,58687488,1140,21,1161,22,218.5386
2026-04-25T11:12:17.024341+00:00,recovery_scenario,iperf_tcp,80,1,,twin_core,497097,0.0,66174976,736,52,788,9,89.5393
2026-04-25T11:12:17.024341+00:00,recovery_scenario,iperf_tcp,80,1,,ryu_controller,497090,10.0,58687488,1174,21,1195,34,338.2287
2026-04-25T11:12:17.125599+00:00,recovery_scenario,iperf_tcp,80,1,,twin_core,497097,0.0,66174976,736,52,788,0,0.0
2026-04-25T11:12:17.125599+00:00,recovery_scenario,iperf_tcp,80,1,,ryu_controller,497090,9.9,58687488,1191,21,1212,17,167.6716
2026-04-25T11:12:17.230952+00:00,recovery_scenario,iperf_tcp,80,1,,twin_core,497097,0.0,66174976,739,52,791,3,28.4898
2026-04-25T11:12:17.230952+00:00,recovery_scenario,iperf_tcp,80,1,,ryu_controller,497090,9.5,58687488,1205,21,1226,14,132.9995
2026-04-25T11:12:17.331506+00:00,recovery_scenario,iperf_tcp,80,1,,twin_core,497097,0.0,66174976,748,52,800,9,89.5485
2026-04-25T11:12:17.331506+00:00,recovery_scenario,iperf_tcp,80,1,,ryu_controller,497090,19.9,58687488,1222,21,1243,17,169.2152
2026-04-25T11:12:17.431988+00:00,recovery_scenario,iperf_tcp,80,1,,twin_core,497097,0.0,66174976,751,52,803,3,29.8416
2026-04-25T11:12:17.431988+00:00,recovery_scenario,iperf_tcp,80,1,,ryu_controller,497090,9.9,58687488,1239,21,1260,17,169.0742
2026-04-25T11:12:17.534021+00:00,recovery_scenario,iperf_tcp,80,1,,twin_core,497097,0.0,66174976,754,52,806,3,29.3997
2026-04-25T11:12:17.534021+00:00,recovery_scenario,iperf_tcp,80,1,,ryu_controller,497090,0.0,58687488,1241,21,1262,2,19.5958
2026-04-25T11:12:17.630867+00:00,recovery_scenario,iperf_tcp,80,1,pingall_completed,,,,,,,,,
2026-04-25T11:12:17.635522+00:00,recovery_scenario,iperf_tcp,80,1,,twin_core,497097,9.9,66179072,764,54,818,12,118.1597
2026-04-25T11:12:17.635522+00:00,recovery_scenario,iperf_tcp,80,1,,ryu_controller,497090,68.9,58707968,1278,22,1300,38,373.7945
2026-04-25T11:12:17.739624+00:00,recovery_scenario,iperf_tcp,80,1,,twin_core,497097,0.0,66179072,769,54,823,5,47.9691
2026-04-25T11:12:17.739624+00:00,recovery_scenario,iperf_tcp,80,1,,ryu_controller,497090,28.8,58781696,1289,32,1321,21,201.6811
2026-04-25T11:12:17.840403+00:00,recovery_scenario,iperf_tcp,80,1,,twin_core,497097,0.0,66179072,769,54,823,0,0.0
2026-04-25T11:12:17.840403+00:00,recovery_scenario,iperf_tcp,80,1,,ryu_controller,497090,0.0,58781696,1294,32,1326,5,49.6627
2026-04-25T11:12:17.943507+00:00,recovery_scenario,iperf_tcp,80,1,,twin_core,497097,0.0,66179072,769,54,823,0,0.0
2026-04-25T11:12:17.943507+00:00,recovery_scenario,iperf_tcp,80,1,,ryu_controller,497090,9.7,58781696,1309,32,1341,15,145.6116
2026-04-25T11:12:18.044128+00:00,recovery_scenario,iperf_tcp,80,1,,twin_core,497097,0.0,66179072,769,54,823,0,0.0
2026-04-25T11:12:18.044128+00:00,recovery_scenario,iperf_tcp,80,1,,ryu_controller,497090,0.0,58781696,1315,32,1347,6,59.3474
2026-04-25T11:12:18.146771+00:00,recovery_scenario,iperf_tcp,80,1,,twin_core,497097,19.5,66248704,769,54,823,0,0.0
2026-04-25T11:12:18.146771+00:00,recovery_scenario,iperf_tcp,80,1,,ryu_controller,497090,68.5,58863616,1364,32,1396,49,479.4029
2026-04-25T11:12:18.251847+00:00,recovery_scenario,iperf_tcp,80,1,,twin_core,497097,0.0,66248704,769,54,823,0,0.0
2026-04-25T11:12:18.251847+00:00,recovery_scenario,iperf_tcp,80,1,,ryu_controller,497090,0.0,58863616,1368,32,1400,4,38.0699
2026-04-25T11:12:18.352465+00:00,recovery_scenario,iperf_tcp,80,1,,twin_core,497097,0.0,66248704,769,54,823,0,0.0
2026-04-25T11:12:18.352465+00:00,recovery_scenario,iperf_tcp,80,1,,ryu_controller,497090,0.0,58863616,1371,32,1403,3,29.7865
2026-04-25T11:12:18.460777+00:00,recovery_scenario,iperf_tcp,80,1,,twin_core,497097,0.0,66248704,769,54,823,0,0.0
2026-04-25T11:12:18.460777+00:00,recovery_scenario,iperf_tcp,80,1,,ryu_controller,497090,9.2,58863616,1374,32,1406,3,27.4348
2026-04-25T11:12:18.564512+00:00,recovery_scenario,iperf_tcp,80,1,,twin_core,497097,0.0,66248704,769,54,823,0,0.0
2026-04-25T11:12:18.564512+00:00,recovery_scenario,iperf_tcp,80,1,,ryu_controller,497090,0.0,58863616,1379,32,1411,5,48.5212
2026-04-25T11:12:18.666074+00:00,recovery_scenario,iperf_tcp,80,1,,twin_core,497097,9.9,66252800,774,54,828,5,49.2975
2026-04-25T11:12:18.666074+00:00,recovery_scenario,iperf_tcp,80,1,,ryu_controller,497090,19.5,58863616,1397,32,1429,18,175.0731
2026-04-25T11:12:18.768449+00:00,recovery_scenario,iperf_tcp,80,1,,twin_core,497097,0.0,66252800,774,54,828,0,0.0
2026-04-25T11:12:18.768449+00:00,recovery_scenario,iperf_tcp,80,1,,ryu_controller,497090,0.0,58863616,1401,32,1433,4,39.7255
2026-04-25T11:12:18.869093+00:00,recovery_scenario,iperf_tcp,80,1,,twin_core,497097,0.0,66252800,774,54,828,0,0.0
2026-04-25T11:12:18.869093+00:00,recovery_scenario,iperf_tcp,80,1,,ryu_controller,497090,0.0,58863616,1404,32,1436,3,29.8318
2026-04-25T11:12:18.969612+00:00,recovery_scenario,iperf_tcp,80,1,,twin_core,497097,0.0,66252800,774,54,828,0,0.0
2026-04-25T11:12:18.969612+00:00,recovery_scenario,iperf_tcp,80,1,,ryu_controller,497090,0.0,58863616,1407,32,1439,3,29.8247
2026-04-25T11:12:19.070186+00:00,recovery_scenario,iperf_tcp,80,1,,twin_core,497097,0.0,66252800,774,54,828,0,0.0
2026-04-25T11:12:19.070186+00:00,recovery_scenario,iperf_tcp,80,1,,ryu_controller,497090,0.0,58863616,1419,32,1451,12,119.4617
2026-04-25T11:12:19.170832+00:00,recovery_scenario,iperf_tcp,80,1,,twin_core,497097,0.0,66252800,774,54,828,0,0.0
2026-04-25T11:12:19.170832+00:00,recovery_scenario,iperf_tcp,80,1,,ryu_controller,497090,9.9,58863616,1436,33,1469,18,178.7353
2026-04-25T11:12:19.271376+00:00,recovery_scenario,iperf_tcp,80,1,,twin_core,497097,0.0,66252800,774,54,828,0,0.0
2026-04-25T11:12:19.271376+00:00,recovery_scenario,iperf_tcp,80,1,,ryu_controller,497090,0.0,58863616,1439,33,1472,3,29.7201
2026-04-25T11:12:19.372358+00:00,recovery_scenario,iperf_tcp,80,1,,twin_core,497097,0.0,66252800,774,54,828,0,0.0
2026-04-25T11:12:19.372358+00:00,recovery_scenario,iperf_tcp,80,1,,ryu_controller,497090,0.0,58863616,1444,33,1477,5,49.4944
2026-04-25T11:12:19.473388+00:00,recovery_scenario,iperf_tcp,80,1,,twin_core,497097,9.9,66252800,774,54,828,0,0.0
2026-04-25T11:12:19.473388+00:00,recovery_scenario,iperf_tcp,80,1,,ryu_controller,497090,0.0,58863616,1447,33,1480,3,29.7304
2026-04-25T11:12:19.574842+00:00,recovery_scenario,iperf_tcp,80,1,,twin_core,497097,0.0,66252800,774,54,828,0,0.0
2026-04-25T11:12:19.574842+00:00,recovery_scenario,iperf_tcp,80,1,,ryu_controller,497090,0.0,58863616,1452,34,1486,6,59.1319
2026-04-25T11:12:19.665746+00:00,recovery_scenario,iperf_tcp,80,1,background_traffic_started,,,,,,,,,
2026-04-25T11:12:19.675933+00:00,recovery_scenario,iperf_tcp,80,1,,twin_core,497097,9.9,66265088,777,58,835,7,69.3774
2026-04-25T11:12:19.675933+00:00,recovery_scenario,iperf_tcp,80,1,,ryu_controller,497090,9.9,58871808,1457,43,1500,14,138.653
2026-04-25T11:12:19.776621+00:00,recovery_scenario,iperf_tcp,80,1,,twin_core,497097,9.9,66342912,794,62,856,21,208.6976
2026-04-25T11:12:19.776621+00:00,recovery_scenario,iperf_tcp,80,1,,ryu_controller,497090,79.5,58925056,1462,198,1660,160,1591.2188
2026-04-25T11:12:19.875107+00:00,recovery_scenario,iperf_tcp,80,1,fault_injected,,,,,,,,,
2026-04-25T11:12:19.877380+00:00,recovery_scenario,iperf_tcp,80,1,,twin_core,497097,0.0,66420736,803,80,883,27,265.784
2026-04-25T11:12:19.877380+00:00,recovery_scenario,iperf_tcp,80,1,,ryu_controller,497090,78.8,58982400,1467,462,1929,269,2646.335
2026-04-25T11:12:19.979497+00:00,recovery_scenario,iperf_tcp,80,1,,twin_core,497097,0.0,66441216,805,80,885,2,19.612
2026-04-25T11:12:19.979497+00:00,recovery_scenario,iperf_tcp,80,1,,ryu_controller,497090,88.3,59330560,1468,668,2136,207,2032.2639
2026-04-25T11:12:20.082812+00:00,recovery_scenario,iperf_tcp,80,1,,twin_core,497097,0.0,66441216,805,80,885,0,0.0
2026-04-25T11:12:20.082812+00:00,recovery_scenario,iperf_tcp,80,1,,ryu_controller,497090,97.4,59363328,1468,692,2160,24,233.0485
2026-04-25T11:12:20.183900+00:00,recovery_scenario,iperf_tcp,80,1,,twin_core,497097,19.8,66441216,805,80,885,0,0.0
2026-04-25T11:12:20.183900+00:00,recovery_scenario,iperf_tcp,80,1,,ryu_controller,497090,98.8,59379712,1468,709,2177,17,168.4253
2026-04-25T11:12:20.284727+00:00,recovery_scenario,iperf_tcp,80,1,,twin_core,497097,0.0,66441216,805,80,885,0,0.0
2026-04-25T11:12:20.284727+00:00,recovery_scenario,iperf_tcp,80,1,,ryu_controller,497090,89.5,59412480,1468,711,2179,2,19.8873
2026-04-25T11:12:20.385183+00:00,recovery_scenario,iperf_tcp,80,1,,twin_core,497097,0.0,66441216,806,80,886,1,9.9397
2026-04-25T11:12:20.385183+00:00,recovery_scenario,iperf_tcp,80,1,,ryu_controller,497090,99.4,59424768,1468,711,2179,0,0.0
2026-04-25T11:12:20.499186+00:00,recovery_scenario,iperf_tcp,80,1,,twin_core,497097,0.0,66441216,806,80,886,0,0.0
2026-04-25T11:12:20.499186+00:00,recovery_scenario,iperf_tcp,80,1,,ryu_controller,497090,104.8,59424768,1468,718,2186,7,61.175
2026-04-25T11:12:20.600584+00:00,recovery_scenario,iperf_tcp,80,1,,twin_core,497097,0.0,66441216,806,80,886,0,0.0
2026-04-25T11:12:20.600584+00:00,recovery_scenario,iperf_tcp,80,1,,ryu_controller,497090,99.1,59424768,1468,724,2192,6,59.557
2026-04-25T11:12:20.701277+00:00,recovery_scenario,iperf_tcp,80,1,,twin_core,497097,0.0,66441216,806,80,886,0,0.0
2026-04-25T11:12:20.701277+00:00,recovery_scenario,iperf_tcp,80,1,,ryu_controller,497090,99.0,59424768,1468,725,2193,1,9.9013
2026-04-25T11:12:20.802156+00:00,recovery_scenario,iperf_tcp,80,1,,twin_core,497097,0.0,66441216,806,80,886,0,0.0
2026-04-25T11:12:20.802156+00:00,recovery_scenario,iperf_tcp,80,1,,ryu_controller,497090,99.4,59424768,1468,727,2195,2,19.8774
2026-04-25T11:12:20.902946+00:00,recovery_scenario,iperf_tcp,80,1,,twin_core,497097,9.9,66441216,807,80,887,1,9.9285
2026-04-25T11:12:20.902946+00:00,recovery_scenario,iperf_tcp,80,1,,ryu_controller,497090,99.3,59424768,1468,730,2198,3,29.8186
2026-04-25T11:12:21.003380+00:00,recovery_scenario,iperf_tcp,80,1,,twin_core,497097,0.0,66441216,807,80,887,0,0.0
2026-04-25T11:12:21.003380+00:00,recovery_scenario,iperf_tcp,80,1,,ryu_controller,497090,89.6,59424768,1472,742,2214,16,159.1381
2026-04-25T11:12:21.103958+00:00,recovery_scenario,iperf_tcp,80,1,,twin_core,497097,29.8,66473984,807,80,887,0,0.0
2026-04-25T11:12:21.103958+00:00,recovery_scenario,iperf_tcp,80,1,,ryu_controller,497090,69.5,59424768,1498,748,2246,32,317.6121
2026-04-25T11:12:21.204854+00:00,recovery_scenario,iperf_tcp,80,1,,twin_core,497097,0.0,66473984,807,80,887,0,0.0
2026-04-25T11:12:21.204854+00:00,recovery_scenario,iperf_tcp,80,1,,ryu_controller,497090,9.9,59424768,1515,751,2266,20,198.4542
2026-04-25T11:12:21.305540+00:00,recovery_scenario,iperf_tcp,80,1,,twin_core,497097,0.0,66473984,807,80,887,0,0.0
2026-04-25T11:12:21.305540+00:00,recovery_scenario,iperf_tcp,80,1,,ryu_controller,497090,0.0,59424768,1529,751,2280,14,136.8245
2026-04-25T11:12:21.411432+00:00,recovery_scenario,iperf_tcp,80,1,,twin_core,497097,9.5,66478080,812,81,893,6,55.8215
2026-04-25T11:12:21.411432+00:00,recovery_scenario,iperf_tcp,80,1,,ryu_controller,497090,27.9,59424768,1541,752,2293,13,122.462
2026-04-25T11:12:21.514082+00:00,recovery_scenario,iperf_tcp,80,1,,twin_core,497097,19.5,66478080,832,85,917,24,237.2593
2026-04-25T11:12:21.514082+00:00,recovery_scenario,iperf_tcp,80,1,,ryu_controller,497090,78.9,59424768,1579,762,2341,48,473.9392
2026-04-25T11:12:21.544362+00:00,recovery_scenario,iperf_tcp,80,1,recovery_requested,,,,,,,,,
2026-04-25T11:12:21.615499+00:00,recovery_scenario,iperf_tcp,80,1,,twin_core,497097,19.7,66494464,838,86,924,7,68.888
2026-04-25T11:12:21.615499+00:00,recovery_scenario,iperf_tcp,80,1,,ryu_controller,497090,49.3,59424768,1600,771,2371,30,295.682
2026-04-25T11:12:21.716725+00:00,recovery_scenario,iperf_tcp,80,1,,twin_core,497097,0.0,66494464,838,86,924,0,0.0
2026-04-25T11:12:21.716725+00:00,recovery_scenario,iperf_tcp,80,1,,ryu_controller,497090,109.2,59424768,1600,773,2373,2,19.858
2026-04-25T11:12:21.817391+00:00,recovery_scenario,iperf_tcp,80,1,,twin_core,497097,0.0,66494464,838,86,924,0,0.0
2026-04-25T11:12:21.817391+00:00,recovery_scenario,iperf_tcp,80,1,,ryu_controller,497090,99.1,59424768,1600,773,2373,0,0.0
2026-04-25T11:12:21.918332+00:00,recovery_scenario,iperf_tcp,80,1,,twin_core,497097,0.0,66494464,838,86,924,0,0.0
2026-04-25T11:12:21.918332+00:00,recovery_scenario,iperf_tcp,80,1,,ryu_controller,497090,99.2,59424768,1600,774,2374,1,9.9247
2026-04-25T11:12:22.019284+00:00,recovery_scenario,iperf_tcp,80,1,,twin_core,497097,0.0,66494464,838,86,924,0,0.0
2026-04-25T11:12:22.019284+00:00,recovery_scenario,iperf_tcp,80,1,,ryu_controller,497090,99.3,59453440,1600,775,2375,1,9.9129
2026-04-25T11:12:22.120190+00:00,recovery_scenario,iperf_tcp,80,1,,twin_core,497097,0.0,66494464,839,86,925,1,9.9139
2026-04-25T11:12:22.120190+00:00,recovery_scenario,iperf_tcp,80,1,,ryu_controller,497090,99.1,59461632,1601,775,2376,1,9.9236
2026-04-25T11:12:22.221197+00:00,recovery_scenario,iperf_tcp,80,1,,twin_core,497097,0.0,66494464,839,86,925,0,0.0
2026-04-25T11:12:22.221197+00:00,recovery_scenario,iperf_tcp,80,1,,ryu_controller,497090,99.1,59461632,1601,778,2379,3,29.6136
2026-04-25T11:12:22.322130+00:00,recovery_scenario,iperf_tcp,80,1,,twin_core,497097,0.0,66494464,839,86,925,0,0.0
2026-04-25T11:12:22.322130+00:00,recovery_scenario,iperf_tcp,80,1,,ryu_controller,497090,98.0,59461632,1601,783,2384,5,48.8108
2026-04-25T11:12:22.425168+00:00,recovery_scenario,iperf_tcp,80,1,,twin_core,497097,0.0,66494464,839,86,925,0,0.0
2026-04-25T11:12:22.425168+00:00,recovery_scenario,iperf_tcp,80,1,,ryu_controller,497090,97.5,59461632,1601,783,2384,0,0.0
2026-04-25T11:12:22.526353+00:00,recovery_scenario,iperf_tcp,80,1,,twin_core,497097,0.0,66494464,839,86,925,0,0.0
2026-04-25T11:12:22.526353+00:00,recovery_scenario,iperf_tcp,80,1,,ryu_controller,497090,99.5,59469824,1601,787,2388,4,39.7211
2026-04-25T11:12:22.627149+00:00,recovery_scenario,iperf_tcp,80,1,,twin_core,497097,0.0,66494464,840,86,926,1,9.9134
2026-04-25T11:12:22.627149+00:00,recovery_scenario,iperf_tcp,80,1,,ryu_controller,497090,89.2,59469824,1619,791,2410,22,218.423
2026-04-25T11:12:22.728084+00:00,recovery_scenario,iperf_tcp,80,1,,twin_core,497097,0.0,66494464,840,86,926,0,0.0
2026-04-25T11:12:22.728084+00:00,recovery_scenario,iperf_tcp,80,1,,ryu_controller,497090,9.9,59469824,1635,792,2427,17,168.5481
2026-04-25T11:12:22.828890+00:00,recovery_scenario,iperf_tcp,80,1,,twin_core,497097,9.9,66494464,840,86,926,0,0.0
2026-04-25T11:12:22.828890+00:00,recovery_scenario,iperf_tcp,80,1,,ryu_controller,497090,0.0,59469824,1640,792,2432,5,49.4397
2026-04-25T11:12:22.930056+00:00,recovery_scenario,iperf_tcp,80,1,,twin_core,497097,0.0,66494464,840,86,926,0,0.0
2026-04-25T11:12:22.930056+00:00,recovery_scenario,iperf_tcp,80,1,,ryu_controller,497090,9.9,59469824,1657,792,2449,17,167.746
2026-04-25T11:12:23.031988+00:00,recovery_scenario,iperf_tcp,80,1,,twin_core,497097,0.0,66494464,840,86,926,0,0.0
2026-04-25T11:12:23.031988+00:00,recovery_scenario,iperf_tcp,80,1,,ryu_controller,497090,8.9,59469824,1666,793,2459,10,89.665
2026-04-25T11:12:23.143523+00:00,recovery_scenario,iperf_tcp,80,1,,twin_core,497097,37.9,66494464,841,87,928,2,19.6616
2026-04-25T11:12:23.143523+00:00,recovery_scenario,iperf_tcp,80,1,,ryu_controller,497090,39.3,59469824,1676,796,2472,13,127.6615
2026-04-25T11:12:23.245224+00:00,recovery_scenario,iperf_tcp,80,1,,twin_core,497097,19.7,66494464,841,87,928,0,0.0
2026-04-25T11:12:23.245224+00:00,recovery_scenario,iperf_tcp,80,1,,ryu_controller,497090,79.0,59469824,1719,798,2517,45,420.8861
2026-04-25T11:12:23.351524+00:00,recovery_scenario,iperf_tcp,80,1,,twin_core,497097,0.0,66527232,841,87,928,0,0.0
2026-04-25T11:12:23.351524+00:00,recovery_scenario,iperf_tcp,80,1,,ryu_controller,497090,0.0,59469824,1727,798,2525,8,79.2294
2026-04-25T11:12:23.452561+00:00,recovery_scenario,iperf_tcp,80,1,,twin_core,497097,0.0,66527232,841,87,928,0,0.0
2026-04-25T11:12:23.452561+00:00,recovery_scenario,iperf_tcp,80,1,,ryu_controller,497090,0.0,59469824,1731,798,2529,4,39.523
2026-04-25T11:12:23.553577+00:00,recovery_scenario,iperf_tcp,80,1,,twin_core,497097,0.0,66527232,841,87,928,0,0.0
2026-04-25T11:12:23.553577+00:00,recovery_scenario,iperf_tcp,80,1,,ryu_controller,497090,0.0,59469824,1737,798,2535,6,58.9398
2026-04-25T11:12:23.655582+00:00,recovery_scenario,iperf_tcp,80,1,,twin_core,497097,29.4,66527232,866,87,953,25,246.9599
2026-04-25T11:12:23.655582+00:00,recovery_scenario,iperf_tcp,80,1,,ryu_controller,497090,78.4,59469824,1780,803,2583,48,470.5147
2026-04-25T11:12:23.672149+00:00,recovery_scenario,iperf_tcp,80,1,scenario_teardown,,,,,,,,,
2026-04-25T11:12:23.757774+00:00,recovery_scenario,iperf_tcp,80,1,,twin_core,497097,19.6,66527232,879,88,967,14,137.1767
2026-04-25T11:12:23.757774+00:00,recovery_scenario,iperf_tcp,80,1,,ryu_controller,497090,9.9,59469824,1793,805,2598,15,148.6294
2026-04-25T11:12:23.858359+00:00,recovery_scenario,iperf_tcp,80,1,,twin_core,497097,0.0,66527232,898,88,986,19,188.8618
2026-04-25T11:12:23.858359+00:00,recovery_scenario,iperf_tcp,80,1,,ryu_controller,497090,9.9,59469824,1804,807,2611,13,129.0087
2026-04-25T11:12:23.959044+00:00,recovery_scenario,iperf_tcp,80,1,,twin_core,497097,0.0,66527232,921,89,1010,24,238.4468
2026-04-25T11:12:23.959044+00:00,recovery_scenario,iperf_tcp,80,1,,ryu_controller,497090,10.0,59469824,1809,809,2618,7,69.6919
2026-04-25T11:12:24.061527+00:00,recovery_scenario,iperf_tcp,80,1,,twin_core,497097,9.8,66531328,925,89,1014,4,38.9773
2026-04-25T11:12:24.061527+00:00,recovery_scenario,iperf_tcp,80,1,,ryu_controller,497090,9.7,59469824,1813,810,2623,5,48.7078
2026-04-25T11:12:24.162169+00:00,recovery_scenario,iperf_tcp,80,1,,twin_core,497097,0.0,66531328,925,89,1014,0,0.0
2026-04-25T11:12:24.162169+00:00,recovery_scenario,iperf_tcp,80,1,,ryu_controller,497090,10.0,59469824,1825,813,2638,15,149.3167
2026-04-25T11:12:27.508434+00:00,recovery_scenario,iperf_tcp,30,1,,twin_core,498176,0.0,65196032,393,70,463,0,0.0
2026-04-25T11:12:27.508434+00:00,recovery_scenario,iperf_tcp,30,1,,ryu_controller,498169,0.0,57647104,7,4,11,0,0.0
2026-04-25T11:12:27.610343+00:00,recovery_scenario,iperf_tcp,30,1,,twin_core,498176,0.0,65224704,435,82,517,54,537.4657
2026-04-25T11:12:27.610343+00:00,recovery_scenario,iperf_tcp,30,1,,ryu_controller,498169,29.9,57995264,10,5,15,4,39.787
2026-04-25T11:12:27.710946+00:00,recovery_scenario,iperf_tcp,30,1,,twin_core,498176,9.9,65224704,530,84,614,97,964.1818
2026-04-25T11:12:27.710946+00:00,recovery_scenario,iperf_tcp,30,1,,ryu_controller,498169,39.8,58003456,30,8,38,23,228.8483
2026-04-25T11:12:27.780907+00:00,recovery_scenario,iperf_tcp,30,1,service_started,,,,,,,,,
2026-04-25T11:12:27.811423+00:00,recovery_scenario,iperf_tcp,30,1,,twin_core,498176,19.9,65875968,599,84,683,69,686.7578
2026-04-25T11:12:27.811423+00:00,recovery_scenario,iperf_tcp,30,1,,ryu_controller,498169,49.7,58081280,75,13,88,50,497.1953
2026-04-25T11:12:27.913404+00:00,recovery_scenario,iperf_tcp,30,1,,twin_core,498176,9.8,66023424,600,84,684,1,9.8044
2026-04-25T11:12:27.913404+00:00,recovery_scenario,iperf_tcp,30,1,,ryu_controller,498169,19.6,58114048,111,13,124,36,352.8742
2026-04-25T11:12:28.014054+00:00,recovery_scenario,iperf_tcp,30,1,,twin_core,498176,0.0,66023424,600,84,684,0,0.0
2026-04-25T11:12:28.014054+00:00,recovery_scenario,iperf_tcp,30,1,,ryu_controller,498169,0.0,58114048,111,13,124,0,0.0
2026-04-25T11:12:28.114909+00:00,recovery_scenario,iperf_tcp,30,1,,twin_core,498176,0.0,66023424,600,84,684,0,0.0
2026-04-25T11:12:28.114909+00:00,recovery_scenario,iperf_tcp,30,1,,ryu_controller,498169,19.9,58122240,138,13,151,27,268.0731
2026-04-25T11:12:28.228833+00:00,recovery_scenario,iperf_tcp,30,1,,twin_core,498176,0.0,66023424,600,84,684,0,0.0
2026-04-25T11:12:28.228833+00:00,recovery_scenario,iperf_tcp,30,1,,ryu_controller,498169,17.5,58130432,156,13,169,18,157.7712
2026-04-25T11:12:28.336496+00:00,recovery_scenario,iperf_tcp,30,1,,twin_core,498176,9.3,66023424,600,84,684,0,0.0
2026-04-25T11:12:28.336496+00:00,recovery_scenario,iperf_tcp,30,1,,ryu_controller,498169,27.9,58142720,185,13,198,29,269.5756
2026-04-25T11:12:28.439554+00:00,recovery_scenario,iperf_tcp,30,1,,twin_core,498176,0.0,66023424,600,84,684,0,0.0
2026-04-25T11:12:28.439554+00:00,recovery_scenario,iperf_tcp,30,1,,ryu_controller,498169,19.3,58142720,209,13,222,24,231.2787
2026-04-25T11:12:28.540965+00:00,recovery_scenario,iperf_tcp,30,1,,twin_core,498176,0.0,66023424,600,84,684,0,0.0
2026-04-25T11:12:28.540965+00:00,recovery_scenario,iperf_tcp,30,1,,ryu_controller,498169,19.8,58146816,226,13,239,17,169.0028
2026-04-25T11:12:28.641496+00:00,recovery_scenario,iperf_tcp,30,1,,twin_core,498176,0.0,66023424,600,84,684,0,0.0
2026-04-25T11:12:28.641496+00:00,recovery_scenario,iperf_tcp,30,1,,ryu_controller,498169,9.9,58146816,241,13,254,15,148.9472
2026-04-25T11:12:28.742229+00:00,recovery_scenario,iperf_tcp,30,1,,twin_core,498176,0.0,66023424,600,84,684,0,0.0
2026-04-25T11:12:28.742229+00:00,recovery_scenario,iperf_tcp,30,1,,ryu_controller,498169,49.7,58232832,290,13,303,49,487.4158
2026-04-25T11:12:28.842700+00:00,recovery_scenario,iperf_tcp,30,1,,twin_core,498176,0.0,66023424,600,84,684,0,0.0
2026-04-25T11:12:28.842700+00:00,recovery_scenario,iperf_tcp,30,1,,ryu_controller,498169,19.9,58236928,319,13,332,29,288.6446
2026-04-25T11:12:28.943202+00:00,recovery_scenario,iperf_tcp,30,1,,twin_core,498176,0.0,66023424,600,84,684,0,0.0
2026-04-25T11:12:28.943202+00:00,recovery_scenario,iperf_tcp,30,1,,ryu_controller,498169,49.7,58245120,342,14,356,24,238.5142
2026-04-25T11:12:29.043842+00:00,recovery_scenario,iperf_tcp,30,1,,twin_core,498176,0.0,66023424,600,84,684,0,0.0
2026-04-25T11:12:29.043842+00:00,recovery_scenario,iperf_tcp,30,1,,ryu_controller,498169,0.0,58245120,345,14,359,3,29.78
2026-04-25T11:12:29.144577+00:00,recovery_scenario,iperf_tcp,30,1,,twin_core,498176,0.0,66023424,600,84,684,0,0.0
2026-04-25T11:12:29.144577+00:00,recovery_scenario,iperf_tcp,30,1,,ryu_controller,498169,19.9,58253312,364,15,379,20,198.9451
2026-04-25T11:12:29.245074+00:00,recovery_scenario,iperf_tcp,30,1,,twin_core,498176,0.0,66023424,600,84,684,0,0.0
2026-04-25T11:12:29.245074+00:00,recovery_scenario,iperf_tcp,30,1,,ryu_controller,498169,10.0,58257408,383,16,399,20,199.1675
2026-04-25T11:12:29.345485+00:00,recovery_scenario,iperf_tcp,30,1,,twin_core,498176,0.0,66023424,600,84,684,0,0.0
2026-04-25T11:12:29.345485+00:00,recovery_scenario,iperf_tcp,30,1,,ryu_controller,498169,39.8,58269696,417,16,433,34,338.3555
2026-04-25T11:12:29.446748+00:00,recovery_scenario,iperf_tcp,30,1,,twin_core,498176,0.0,66023424,600,84,684,0,0.0
2026-04-25T11:12:29.446748+00:00,recovery_scenario,iperf_tcp,30,1,,ryu_controller,498169,9.9,58269696,433,16,449,16,158.0167
2026-04-25T11:12:29.547335+00:00,recovery_scenario,iperf_tcp,30,1,,twin_core,498176,0.0,66023424,600,84,684,0,0.0
2026-04-25T11:12:29.547335+00:00,recovery_scenario,iperf_tcp,30,1,,ryu_controller,498169,19.8,58269696,460,16,476,27,267.7367
2026-04-25T11:12:29.648151+00:00,recovery_scenario,iperf_tcp,30,1,,twin_core,498176,0.0,66023424,600,84,684,0,0.0
2026-04-25T11:12:29.648151+00:00,recovery_scenario,iperf_tcp,30,1,,ryu_controller,498169,19.9,58277888,489,16,505,29,288.4244
2026-04-25T11:12:29.750115+00:00,recovery_scenario,iperf_tcp,30,1,,twin_core,498176,0.0,66023424,600,84,684,0,0.0
2026-04-25T11:12:29.750115+00:00,recovery_scenario,iperf_tcp,30,1,,ryu_controller,498169,9.8,58281984,519,16,535,30,292.9427
2026-04-25T11:12:29.851053+00:00,recovery_scenario,iperf_tcp,30,1,,twin_core,498176,9.9,66023424,600,84,684,0,0.0
2026-04-25T11:12:29.851053+00:00,recovery_scenario,iperf_tcp,30,1,,ryu_controller,498169,9.9,58314752,540,16,556,21,209.0682
2026-04-25T11:12:29.951479+00:00,recovery_scenario,iperf_tcp,30,1,,twin_core,498176,10.0,66080768,606,84,690,6,59.6446
2026-04-25T11:12:29.951479+00:00,recovery_scenario,iperf_tcp,30,1,,ryu_controller,498169,49.7,58339328,597,16,613,57,566.5695
2026-04-25T11:12:30.052098+00:00,recovery_scenario,iperf_tcp,30,1,,twin_core,498176,0.0,66080768,612,84,696,6,59.7208
2026-04-25T11:12:30.052098+00:00,recovery_scenario,iperf_tcp,30,1,,ryu_controller,498169,10.0,58343424,625,16,641,28,278.7358
2026-04-25T11:12:30.153380+00:00,recovery_scenario,iperf_tcp,30,1,,twin_core,498176,0.0,66080768,612,84,696,0,0.0
2026-04-25T11:12:30.153380+00:00,recovery_scenario,iperf_tcp,30,1,,ryu_controller,498169,9.9,58347520,644,16,660,19,187.2685
2026-04-25T11:12:30.254694+00:00,recovery_scenario,iperf_tcp,30,1,,twin_core,498176,0.0,66080768,615,84,699,3,29.6436
2026-04-25T11:12:30.254694+00:00,recovery_scenario,iperf_tcp,30,1,,ryu_controller,498169,9.9,58347520,654,17,671,11,108.705
2026-04-25T11:12:30.355198+00:00,recovery_scenario,iperf_tcp,30,1,,twin_core,498176,0.0,66080768,619,84,703,4,39.8197
2026-04-25T11:12:30.355198+00:00,recovery_scenario,iperf_tcp,30,1,,ryu_controller,498169,19.9,58347520,669,17,686,15,149.3498
2026-04-25T11:12:30.455630+00:00,recovery_scenario,iperf_tcp,30,1,,twin_core,498176,0.0,66080768,622,84,706,3,29.6257
2026-04-25T11:12:30.455630+00:00,recovery_scenario,iperf_tcp,30,1,,ryu_controller,498169,9.9,58351616,680,17,697,11,108.325
2026-04-25T11:12:30.557205+00:00,recovery_scenario,iperf_tcp,30,1,,twin_core,498176,0.0,66080768,625,84,709,3,29.7544
2026-04-25T11:12:30.557205+00:00,recovery_scenario,iperf_tcp,30,1,,ryu_controller,498169,9.9,58351616,688,17,705,8,79.5395
2026-04-25T11:12:30.657926+00:00,recovery_scenario,iperf_tcp,30,1,,twin_core,498176,0.0,66080768,634,84,718,9,89.3914
2026-04-25T11:12:30.657926+00:00,recovery_scenario,iperf_tcp,30,1,,ryu_controller,498169,9.9,58355712,711,17,728,23,228.4915
2026-04-25T11:12:30.758437+00:00,recovery_scenario,iperf_tcp,30,1,,twin_core,498176,0.0,66080768,637,84,721,3,29.861
2026-04-25T11:12:30.758437+00:00,recovery_scenario,iperf_tcp,30,1,,ryu_controller,498169,49.7,58556416,758,17,775,47,467.6424
2026-04-25T11:12:30.858950+00:00,recovery_scenario,iperf_tcp,30,1,,twin_core,498176,0.0,66080768,640,84,724,3,29.8427
2026-04-25T11:12:30.858950+00:00,recovery_scenario,iperf_tcp,30,1,,ryu_controller,498169,29.9,58585088,779,17,796,21,208.9995
2026-04-25T11:12:30.959410+00:00,recovery_scenario,iperf_tcp,30,1,,twin_core,498176,0.0,66080768,643,84,727,3,29.8507
2026-04-25T11:12:30.959410+00:00,recovery_scenario,iperf_tcp,30,1,,ryu_controller,498169,9.9,58585088,808,17,825,29,287.9583
2026-04-25T11:12:31.061690+00:00,recovery_scenario,iperf_tcp,30,1,,twin_core,498176,9.8,66080768,652,84,736,9,87.994
2026-04-25T11:12:31.061690+00:00,recovery_scenario,iperf_tcp,30,1,,ryu_controller,498169,0.0,58585088,815,17,832,7,68.5781
2026-04-25T11:12:31.162274+00:00,recovery_scenario,iperf_tcp,30,1,,twin_core,498176,0.0,66080768,655,84,739,3,29.8283
2026-04-25T11:12:31.162274+00:00,recovery_scenario,iperf_tcp,30,1,,ryu_controller,498169,19.9,58585088,836,17,853,21,208.7938
2026-04-25T11:12:31.262918+00:00,recovery_scenario,iperf_tcp,30,1,,twin_core,498176,0.0,66080768,658,84,742,3,29.8069
2026-04-25T11:12:31.262918+00:00,recovery_scenario,iperf_tcp,30,1,,ryu_controller,498169,0.0,58585088,851,17,868,15,149.0235
2026-04-25T11:12:31.363441+00:00,recovery_scenario,iperf_tcp,30,1,,twin_core,498176,0.0,66080768,661,84,745,3,29.8152
2026-04-25T11:12:31.363441+00:00,recovery_scenario,iperf_tcp,30,1,,ryu_controller,498169,9.9,58585088,863,17,880,12,119.2155
2026-04-25T11:12:31.464074+00:00,recovery_scenario,iperf_tcp,30,1,,twin_core,498176,9.9,66080768,664,84,748,3,29.8409
2026-04-25T11:12:31.464074+00:00,recovery_scenario,iperf_tcp,30,1,,ryu_controller,498169,9.9,58585088,874,17,891,11,109.4686
2026-04-25T11:12:31.565433+00:00,recovery_scenario,iperf_tcp,30,1,,twin_core,498176,0.0,66080768,670,84,754,6,59.1738
2026-04-25T11:12:31.565433+00:00,recovery_scenario,iperf_tcp,30,1,,ryu_controller,498169,0.0,58585088,880,17,897,6,59.1658
2026-04-25T11:12:31.666001+00:00,recovery_scenario,iperf_tcp,30,1,,twin_core,498176,0.0,66080768,679,84,763,9,89.5584
2026-04-25T11:12:31.666001+00:00,recovery_scenario,iperf_tcp,30,1,,ryu_controller,498169,19.9,58585088,899,17,916,19,189.0646
2026-04-25T11:12:31.766490+00:00,recovery_scenario,iperf_tcp,30,1,,twin_core,498176,0.0,66080768,685,84,769,6,59.6142
2026-04-25T11:12:31.766490+00:00,recovery_scenario,iperf_tcp,30,1,,ryu_controller,498169,19.9,58585088,918,17,935,19,188.7453
2026-04-25T11:12:31.868423+00:00,recovery_scenario,iperf_tcp,30,1,,twin_core,498176,0.0,66080768,685,84,769,0,0.0
2026-04-25T11:12:31.868423+00:00,recovery_scenario,iperf_tcp,30,1,,ryu_controller,498169,0.0,58585088,927,17,944,9,88.3604
2026-04-25T11:12:31.968959+00:00,recovery_scenario,iperf_tcp,30,1,,twin_core,498176,10.0,66088960,693,84,777,8,79.6757
2026-04-25T11:12:31.968959+00:00,recovery_scenario,iperf_tcp,30,1,,ryu_controller,498169,69.7,58695680,978,17,995,51,508.057
2026-04-25T11:12:32.069372+00:00,recovery_scenario,iperf_tcp,30,1,,twin_core,498176,10.0,66191360,702,84,786,9,89.5638
2026-04-25T11:12:32.069372+00:00,recovery_scenario,iperf_tcp,30,1,,ryu_controller,498169,9.9,58703872,998,18,1016,21,208.8458
2026-04-25T11:12:32.169915+00:00,recovery_scenario,iperf_tcp,30,1,,twin_core,498176,0.0,66191360,705,84,789,3,29.8556
2026-04-25T11:12:32.169915+00:00,recovery_scenario,iperf_tcp,30,1,,ryu_controller,498169,10.0,58703872,1018,18,1036,20,199.1682
2026-04-25T11:12:32.270731+00:00,recovery_scenario,iperf_tcp,30,1,,twin_core,498176,0.0,66191360,705,84,789,0,0.0
2026-04-25T11:12:32.270731+00:00,recovery_scenario,iperf_tcp,30,1,,ryu_controller,498169,9.9,58703872,1022,18,1040,4,39.6536
2026-04-25T11:12:32.371270+00:00,recovery_scenario,iperf_tcp,30,1,,twin_core,498176,0.0,66191360,711,84,795,6,59.6736
2026-04-25T11:12:32.371270+00:00,recovery_scenario,iperf_tcp,30,1,,ryu_controller,498169,0.0,58703872,1026,18,1044,4,39.7796
2026-04-25T11:12:32.471866+00:00,recovery_scenario,iperf_tcp,30,1,,twin_core,498176,0.0,66191360,723,84,807,12,119.3446
2026-04-25T11:12:32.471866+00:00,recovery_scenario,iperf_tcp,30,1,,ryu_controller,498169,0.0,58703872,1031,18,1049,5,49.7272
2026-04-25T11:12:32.572319+00:00,recovery_scenario,iperf_tcp,30,1,,twin_core,498176,0.0,66191360,726,84,810,3,29.8633
2026-04-25T11:12:32.572319+00:00,recovery_scenario,iperf_tcp,30,1,,ryu_controller,498169,19.9,58703872,1060,18,1078,29,288.7207
2026-04-25T11:12:32.673534+00:00,recovery_scenario,iperf_tcp,30,1,,twin_core,498176,0.0,66191360,726,84,810,0,0.0
2026-04-25T11:12:32.673534+00:00,recovery_scenario,iperf_tcp,30,1,,ryu_controller,498169,19.6,58707968,1077,18,1095,17,166.7162
2026-04-25T11:12:32.774838+00:00,recovery_scenario,iperf_tcp,30,1,,twin_core,498176,0.0,66191360,732,84,816,6,59.2807
2026-04-25T11:12:32.774838+00:00,recovery_scenario,iperf_tcp,30,1,,ryu_controller,498169,9.9,58707968,1090,18,1108,13,129.0765
2026-04-25T11:12:32.875857+00:00,recovery_scenario,iperf_tcp,30,1,,twin_core,498176,0.0,66191360,741,84,825,9,89.1931
2026-04-25T11:12:32.875857+00:00,recovery_scenario,iperf_tcp,30,1,,ryu_controller,498169,79.3,58748928,1130,20,1150,42,416.3645
2026-04-25T11:12:32.976319+00:00,recovery_scenario,iperf_tcp,30,1,,twin_core,498176,0.0,66191360,747,84,831,6,59.7146
2026-04-25T11:12:32.976319+00:00,recovery_scenario,iperf_tcp,30,1,,ryu_controller,498169,29.9,58748928,1169,20,1189,39,387.7216
2026-04-25T11:12:33.077147+00:00,recovery_scenario,iperf_tcp,30,1,,twin_core,498176,0.0,66191360,747,84,831,0,0.0
2026-04-25T11:12:33.077147+00:00,recovery_scenario,iperf_tcp,30,1,,ryu_controller,498169,9.9,58748928,1180,20,1200,11,108.9589
2026-04-25T11:12:33.177938+00:00,recovery_scenario,iperf_tcp,30,1,,twin_core,498176,9.9,66191360,753,84,837,6,59.5065
2026-04-25T11:12:33.177938+00:00,recovery_scenario,iperf_tcp,30,1,,ryu_controller,498169,9.9,58748928,1194,20,1214,14,139.0612
2026-04-25T11:12:33.280362+00:00,recovery_scenario,iperf_tcp,30,1,,twin_core,498176,0.0,66191360,759,84,843,6,58.6181
2026-04-25T11:12:33.280362+00:00,recovery_scenario,iperf_tcp,30,1,,ryu_controller,498169,19.5,58748928,1220,20,1240,26,253.6747
2026-04-25T11:12:33.384541+00:00,recovery_scenario,iperf_tcp,30,1,,twin_core,498176,0.0,66191360,765,84,849,6,57.351
2026-04-25T11:12:33.384541+00:00,recovery_scenario,iperf_tcp,30,1,,ryu_controller,498169,9.6,58748928,1222,20,1242,2,19.0955
2026-04-25T11:12:33.487084+00:00,recovery_scenario,iperf_tcp,30,1,,twin_core,498176,0.0,66191360,773,84,857,8,78.3524
2026-04-25T11:12:33.487084+00:00,recovery_scenario,iperf_tcp,30,1,,ryu_controller,498169,0.0,58748928,1233,20,1253,11,108.0327
2026-04-25T11:12:33.552508+00:00,recovery_scenario,iperf_tcp,30,1,pingall_completed,,,,,,,,,
2026-04-25T11:12:33.587597+00:00,recovery_scenario,iperf_tcp,30,1,,twin_core,498176,0.0,66195456,786,84,870,13,129.2298
2026-04-25T11:12:33.587597+00:00,recovery_scenario,iperf_tcp,30,1,,ryu_controller,498169,0.0,58748928,1236,20,1256,3,29.8216
2026-04-25T11:12:33.689602+00:00,recovery_scenario,iperf_tcp,30,1,,twin_core,498176,0.0,66195456,786,84,870,0,0.0
2026-04-25T11:12:33.689602+00:00,recovery_scenario,iperf_tcp,30,1,,ryu_controller,498169,0.0,58748928,1238,20,1258,2,19.5871
2026-04-25T11:12:33.794695+00:00,recovery_scenario,iperf_tcp,30,1,,twin_core,498176,0.0,66195456,786,84,870,0,0.0
2026-04-25T11:12:33.794695+00:00,recovery_scenario,iperf_tcp,30,1,,ryu_controller,498169,19.1,58748928,1264,20,1284,26,247.8132
2026-04-25T11:12:33.896592+00:00,recovery_scenario,iperf_tcp,30,1,,twin_core,498176,0.0,66195456,786,84,870,0,0.0
2026-04-25T11:12:33.896592+00:00,recovery_scenario,iperf_tcp,30,1,,ryu_controller,498169,0.0,58748928,1280,20,1300,16,156.9533
2026-04-25T11:12:33.999956+00:00,recovery_scenario,iperf_tcp,30,1,,twin_core,498176,19.4,66195456,786,84,870,0,0.0
2026-04-25T11:12:33.999956+00:00,recovery_scenario,iperf_tcp,30,1,,ryu_controller,498169,19.2,58748928,1298,20,1318,18,172.5818
2026-04-25T11:12:34.102021+00:00,recovery_scenario,iperf_tcp,30,1,,twin_core,498176,9.8,66203648,786,84,870,0,0.0
2026-04-25T11:12:34.102021+00:00,recovery_scenario,iperf_tcp,30,1,,ryu_controller,498169,89.1,58757120,1325,20,1345,27,267.3573
2026-04-25T11:12:34.204738+00:00,recovery_scenario,iperf_tcp,30,1,,twin_core,498176,0.0,66273280,786,84,870,0,0.0
2026-04-25T11:12:34.204738+00:00,recovery_scenario,iperf_tcp,30,1,,ryu_controller,498169,19.4,58769408,1336,20,1356,11,106.7713
2026-04-25T11:12:34.306389+00:00,recovery_scenario,iperf_tcp,30,1,,twin_core,498176,0.0,66273280,786,84,870,0,0.0
2026-04-25T11:12:34.306389+00:00,recovery_scenario,iperf_tcp,30,1,,ryu_controller,498169,0.0,58769408,1340,20,1360,4,39.4144
2026-04-25T11:12:34.407591+00:00,recovery_scenario,iperf_tcp,30,1,,twin_core,498176,0.0,66273280,786,84,870,0,0.0
2026-04-25T11:12:34.407591+00:00,recovery_scenario,iperf_tcp,30,1,,ryu_controller,498169,0.0,58769408,1343,20,1363,3,29.5826
2026-04-25T11:12:34.508795+00:00,recovery_scenario,iperf_tcp,30,1,,twin_core,498176,0.0,66273280,786,84,870,0,0.0
2026-04-25T11:12:34.508795+00:00,recovery_scenario,iperf_tcp,30,1,,ryu_controller,498169,0.0,58769408,1347,20,1367,4,39.6183
2026-04-25T11:12:34.611171+00:00,recovery_scenario,iperf_tcp,30,1,,twin_core,498176,0.0,66277376,791,84,875,5,48.8162
2026-04-25T11:12:34.611171+00:00,recovery_scenario,iperf_tcp,30,1,,ryu_controller,498169,0.0,58769408,1349,20,1369,2,19.5281
2026-04-25T11:12:34.711799+00:00,recovery_scenario,iperf_tcp,30,1,,twin_core,498176,0.0,66277376,791,84,875,0,0.0
2026-04-25T11:12:34.711799+00:00,recovery_scenario,iperf_tcp,30,1,,ryu_controller,498169,0.0,58769408,1352,20,1372,3,29.8111
2026-04-25T11:12:34.812396+00:00,recovery_scenario,iperf_tcp,30,1,,twin_core,498176,0.0,66277376,791,84,875,0,0.0
2026-04-25T11:12:34.812396+00:00,recovery_scenario,iperf_tcp,30,1,,ryu_controller,498169,0.0,58769408,1355,20,1375,3,29.793
2026-04-25T11:12:34.913052+00:00,recovery_scenario,iperf_tcp,30,1,,twin_core,498176,9.9,66277376,791,84,875,0,0.0
2026-04-25T11:12:34.913052+00:00,recovery_scenario,iperf_tcp,30,1,,ryu_controller,498169,19.9,58773504,1369,67,1436,61,607.5446
2026-04-25T11:12:35.015822+00:00,recovery_scenario,iperf_tcp,30,1,,twin_core,498176,0.0,66277376,791,84,875,0,0.0
2026-04-25T11:12:35.015822+00:00,recovery_scenario,iperf_tcp,30,1,,ryu_controller,498169,58.3,58912768,1387,224,1611,175,1701.3593
2026-04-25T11:12:35.117358+00:00,recovery_scenario,iperf_tcp,30,1,,twin_core,498176,0.0,66277376,791,84,875,0,0.0
2026-04-25T11:12:35.117358+00:00,recovery_scenario,iperf_tcp,30,1,,ryu_controller,498169,0.0,58912768,1408,234,1642,31,300.9058
2026-04-25T11:12:35.221512+00:00,recovery_scenario,iperf_tcp,30,1,,twin_core,498176,0.0,66277376,791,84,875,0,0.0
2026-04-25T11:12:35.221512+00:00,recovery_scenario,iperf_tcp,30,1,,ryu_controller,498169,0.0,58912768,1411,236,1647,5,48.5334
2026-04-25T11:12:35.325232+00:00,recovery_scenario,iperf_tcp,30,1,,twin_core,498176,0.0,66277376,791,84,875,0,0.0
2026-04-25T11:12:35.325232+00:00,recovery_scenario,iperf_tcp,30,1,,ryu_controller,498169,9.5,58912768,1416,240,1656,9,85.5511
2026-04-25T11:12:35.427580+00:00,recovery_scenario,iperf_tcp,30,1,,twin_core,498176,0.0,66277376,791,84,875,0,0.0
2026-04-25T11:12:35.427580+00:00,recovery_scenario,iperf_tcp,30,1,,ryu_controller,498169,0.0,58912768,1419,242,1661,5,49.6928
2026-04-25T11:12:35.530774+00:00,recovery_scenario,iperf_tcp,30,1,,twin_core,498176,0.0,66277376,791,84,875,0,0.0
2026-04-25T11:12:35.530774+00:00,recovery_scenario,iperf_tcp,30,1,,ryu_controller,498169,0.0,58912768,1423,256,1679,18,174.6043
2026-04-25T11:12:35.574837+00:00,recovery_scenario,iperf_tcp,30,1,background_traffic_started,,,,,,,,,
2026-04-25T11:12:35.631267+00:00,recovery_scenario,iperf_tcp,30,1,,twin_core,498176,0.0,66289664,798,88,886,11,109.4804
2026-04-25T11:12:35.631267+00:00,recovery_scenario,iperf_tcp,30,1,,ryu_controller,498169,29.9,58912768,1430,371,1801,122,1214.3444
2026-04-25T11:12:35.732561+00:00,recovery_scenario,iperf_tcp,30,1,,twin_core,498176,9.9,66326528,811,91,902,16,157.7584
2026-04-25T11:12:35.732561+00:00,recovery_scenario,iperf_tcp,30,1,,ryu_controller,498169,29.6,58912768,1441,534,1975,174,1715.3536
2026-04-25T11:12:35.824446+00:00,recovery_scenario,iperf_tcp,30,1,fault_injected,,,,,,,,,
2026-04-25T11:12:35.834560+00:00,recovery_scenario,iperf_tcp,30,1,,twin_core,498176,9.8,66433024,822,105,927,25,245.2667
2026-04-25T11:12:35.834560+00:00,recovery_scenario,iperf_tcp,30,1,,ryu_controller,498169,49.0,58953728,1449,618,2067,92,901.8206
2026-04-25T11:12:35.935738+00:00,recovery_scenario,iperf_tcp,30,1,,twin_core,498176,0.0,66449408,823,105,928,1,9.8406
2026-04-25T11:12:35.935738+00:00,recovery_scenario,iperf_tcp,30,1,,ryu_controller,498169,19.6,59252736,1449,770,2219,152,1488.2528
2026-04-25T11:12:36.039758+00:00,recovery_scenario,iperf_tcp,30,1,,twin_core,498176,0.0,66449408,823,105,928,0,0.0
2026-04-25T11:12:36.039758+00:00,recovery_scenario,iperf_tcp,30,1,,ryu_controller,498169,38.9,59265024,1449,845,2294,75,728.7997
2026-04-25T11:12:36.140539+00:00,recovery_scenario,iperf_tcp,30,1,,twin_core,498176,0.0,66449408,823,105,928,0,0.0
2026-04-25T11:12:36.140539+00:00,recovery_scenario,iperf_tcp,30,1,,ryu_controller,498169,39.6,59269120,1449,959,2408,114,1127.6966
2026-04-25T11:12:36.241574+00:00,recovery_scenario,iperf_tcp,30,1,,twin_core,498176,0.0,66449408,823,105,928,0,0.0
2026-04-25T11:12:36.241574+00:00,recovery_scenario,iperf_tcp,30,1,,ryu_controller,498169,99.2,59301888,1449,992,2441,33,327.1755
2026-04-25T11:12:36.342221+00:00,recovery_scenario,iperf_tcp,30,1,,twin_core,498176,9.9,66449408,823,105,928,0,0.0
2026-04-25T11:12:36.342221+00:00,recovery_scenario,iperf_tcp,30,1,,ryu_controller,498169,99.5,59400192,1449,992,2441,0,0.0
2026-04-25T11:12:36.442677+00:00,recovery_scenario,iperf_tcp,30,1,,twin_core,498176,0.0,66449408,824,105,929,1,9.955
2026-04-25T11:12:36.442677+00:00,recovery_scenario,iperf_tcp,30,1,,ryu_controller,498169,99.6,59412480,1449,992,2441,0,0.0
2026-04-25T11:12:36.543133+00:00,recovery_scenario,iperf_tcp,30,1,,twin_core,498176,0.0,66449408,824,105,929,0,0.0
2026-04-25T11:12:36.543133+00:00,recovery_scenario,iperf_tcp,30,1,,ryu_controller,498169,99.5,59412480,1449,993,2442,1,9.9505
2026-04-25T11:12:36.643724+00:00,recovery_scenario,iperf_tcp,30,1,,twin_core,498176,9.9,66449408,824,105,929,0,0.0
2026-04-25T11:12:36.643724+00:00,recovery_scenario,iperf_tcp,30,1,,ryu_controller,498169,109.3,59412480,1449,993,2442,0,0.0
2026-04-25T11:12:36.744334+00:00,recovery_scenario,iperf_tcp,30,1,,twin_core,498176,0.0,66449408,824,105,929,0,0.0
2026-04-25T11:12:36.744334+00:00,recovery_scenario,iperf_tcp,30,1,,ryu_controller,498169,89.5,59412480,1449,995,2444,2,19.8528
2026-04-25T11:12:36.845003+00:00,recovery_scenario,iperf_tcp,30,1,,twin_core,498176,0.0,66449408,824,105,929,0,0.0
2026-04-25T11:12:36.845003+00:00,recovery_scenario,iperf_tcp,30,1,,ryu_controller,498169,99.4,59412480,1449,996,2445,1,9.9554
2026-04-25T11:12:36.945740+00:00,recovery_scenario,iperf_tcp,30,1,,twin_core,498176,0.0,66449408,825,105,930,1,9.8919
2026-04-25T11:12:36.945740+00:00,recovery_scenario,iperf_tcp,30,1,,ryu_controller,498169,108.8,59412480,1449,996,2445,0,0.0
2026-04-25T11:12:37.046620+00:00,recovery_scenario,iperf_tcp,30,1,,twin_core,498176,0.0,66449408,825,105,930,0,0.0
2026-04-25T11:12:37.046620+00:00,recovery_scenario,iperf_tcp,30,1,,ryu_controller,498169,99.4,59412480,1449,996,2445,0,0.0
2026-04-25T11:12:37.147134+00:00,recovery_scenario,iperf_tcp,30,1,,twin_core,498176,0.0,66449408,825,105,930,0,0.0
2026-04-25T11:12:37.147134+00:00,recovery_scenario,iperf_tcp,30,1,,ryu_controller,498169,99.4,59412480,1449,996,2445,0,0.0
2026-04-25T11:12:37.248144+00:00,recovery_scenario,iperf_tcp,30,1,,twin_core,498176,0.0,66449408,825,105,930,0,0.0
2026-04-25T11:12:37.248144+00:00,recovery_scenario,iperf_tcp,30,1,,ryu_controller,498169,89.2,59412480,1449,1001,2450,5,49.5984
2026-04-25T11:12:37.348908+00:00,recovery_scenario,iperf_tcp,30,1,,twin_core,498176,0.0,66449408,826,106,932,2,19.8487
2026-04-25T11:12:37.348908+00:00,recovery_scenario,iperf_tcp,30,1,,ryu_controller,498169,99.3,59420672,1449,1002,2451,1,9.9452
2026-04-25T11:12:37.449449+00:00,recovery_scenario,iperf_tcp,30,1,,twin_core,498176,0.0,66449408,826,106,932,0,0.0
2026-04-25T11:12:37.449449+00:00,recovery_scenario,iperf_tcp,30,1,,ryu_controller,498169,109.1,59420672,1449,1003,2452,1,9.9141
2026-04-25T11:12:37.550549+00:00,recovery_scenario,iperf_tcp,30,1,,twin_core,498176,9.9,66449408,826,106,932,0,0.0
2026-04-25T11:12:37.550549+00:00,recovery_scenario,iperf_tcp,30,1,,ryu_controller,498169,89.1,59428864,1449,1009,2458,6,59.3233
2026-04-25T11:12:37.651546+00:00,recovery_scenario,iperf_tcp,30,1,,twin_core,498176,0.0,66449408,826,106,932,0,0.0
2026-04-25T11:12:37.651546+00:00,recovery_scenario,iperf_tcp,30,1,,ryu_controller,498169,88.1,59432960,1449,1115,2564,106,1039.5514
2026-04-25T11:12:37.753471+00:00,recovery_scenario,iperf_tcp,30,1,,twin_core,498176,9.8,66482176,826,106,932,0,0.0
2026-04-25T11:12:37.753471+00:00,recovery_scenario,iperf_tcp,30,1,,ryu_controller,498169,69.4,59437056,1455,1129,2584,20,198.523
2026-04-25T11:12:37.855849+00:00,recovery_scenario,iperf_tcp,30,1,,twin_core,498176,0.0,66482176,830,109,939,7,68.5281
2026-04-25T11:12:37.855849+00:00,recovery_scenario,iperf_tcp,30,1,,ryu_controller,498169,19.6,59437056,1480,1149,2629,45,439.5316
2026-04-25T11:12:37.956837+00:00,recovery_scenario,iperf_tcp,30,1,,twin_core,498176,9.9,66486272,846,122,968,29,286.9708
2026-04-25T11:12:37.956837+00:00,recovery_scenario,iperf_tcp,30,1,,ryu_controller,498169,89.1,59437056,1509,1234,2743,114,1129.9162
2026-04-25T11:12:38.021948+00:00,recovery_scenario,iperf_tcp,30,1,recovery_requested,,,,,,,,,
2026-04-25T11:12:38.057875+00:00,recovery_scenario,iperf_tcp,30,1,,twin_core,498176,9.9,66494464,857,157,1014,46,455.3275
2026-04-25T11:12:38.057875+00:00,recovery_scenario,iperf_tcp,30,1,,ryu_controller,498169,59.4,59437056,1534,1338,2872,129,1278.174
2026-04-25T11:12:38.158507+00:00,recovery_scenario,iperf_tcp,30,1,,twin_core,498176,0.0,66494464,857,157,1014,0,0.0
2026-04-25T11:12:38.158507+00:00,recovery_scenario,iperf_tcp,30,1,,ryu_controller,498169,9.9,59437056,1558,1353,2911,39,384.8391
2026-04-25T11:12:38.259931+00:00,recovery_scenario,iperf_tcp,30,1,,twin_core,498176,0.0,66494464,857,157,1014,0,0.0
2026-04-25T11:12:38.259931+00:00,recovery_scenario,iperf_tcp,30,1,,ryu_controller,498169,39.6,59437056,1594,1432,3026,115,1141.5584
2026-04-25T11:12:38.361575+00:00,recovery_scenario,iperf_tcp,30,1,,twin_core,498176,0.0,66494464,857,157,1014,0,0.0
2026-04-25T11:12:38.361575+00:00,recovery_scenario,iperf_tcp,30,1,,ryu_controller,498169,38.9,59437056,1607,1541,3148,122,1186.1683
2026-04-25T11:12:38.463350+00:00,recovery_scenario,iperf_tcp,30,1,,twin_core,498176,0.0,66494464,857,157,1014,0,0.0
2026-04-25T11:12:38.463350+00:00,recovery_scenario,iperf_tcp,30,1,,ryu_controller,498169,39.7,59437056,1622,1736,3358,210,2083.979
2026-04-25T11:12:38.564618+00:00,recovery_scenario,iperf_tcp,30,1,,twin_core,498176,0.0,66494464,858,158,1016,2,19.6959
2026-04-25T11:12:38.564618+00:00,recovery_scenario,iperf_tcp,30,1,,ryu_controller,498169,78.6,59437056,1622,2010,3632,274,2683.6113
2026-04-25T11:12:38.666599+00:00,recovery_scenario,iperf_tcp,30,1,,twin_core,498176,9.8,66494464,858,158,1016,0,0.0
2026-04-25T11:12:38.666599+00:00,recovery_scenario,iperf_tcp,30,1,,ryu_controller,498169,69.1,59437056,1622,2137,3759,127,1244.3598
2026-04-25T11:12:38.769725+00:00,recovery_scenario,iperf_tcp,30,1,,twin_core,498176,0.0,66494464,858,158,1016,0,0.0
2026-04-25T11:12:38.769725+00:00,recovery_scenario,iperf_tcp,30,1,,ryu_controller,498169,97.1,59437056,1622,2221,3843,84,824.4888
2026-04-25T11:12:38.870322+00:00,recovery_scenario,iperf_tcp,30,1,,twin_core,498176,0.0,66494464,858,158,1016,0,0.0
2026-04-25T11:12:38.870322+00:00,recovery_scenario,iperf_tcp,30,1,,ryu_controller,498169,99.4,59437056,1622,2235,3857,14,139.2024
2026-04-25T11:12:38.970733+00:00,recovery_scenario,iperf_tcp,30,1,,twin_core,498176,0.0,66494464,858,158,1016,0,0.0
2026-04-25T11:12:38.970733+00:00,recovery_scenario,iperf_tcp,30,1,,ryu_controller,498169,99.6,59437056,1622,2243,3865,8,79.6639
2026-04-25T11:12:39.071111+00:00,recovery_scenario,iperf_tcp,30,1,,twin_core,498176,0.0,66494464,859,158,1017,1,9.9612
2026-04-25T11:12:39.071111+00:00,recovery_scenario,iperf_tcp,30,1,,ryu_controller,498169,89.5,59437056,1622,2247,3869,4,39.7608
2026-04-25T11:12:39.172410+00:00,recovery_scenario,iperf_tcp,30,1,,twin_core,498176,0.0,66494464,859,158,1017,0,0.0
2026-04-25T11:12:39.172410+00:00,recovery_scenario,iperf_tcp,30,1,,ryu_controller,498169,104.0,59449344,1622,2268,3890,21,198.5837
2026-04-25T11:12:39.277513+00:00,recovery_scenario,iperf_tcp,30,1,,twin_core,498176,0.0,66494464,859,158,1017,0,0.0
2026-04-25T11:12:39.277513+00:00,recovery_scenario,iperf_tcp,30,1,,ryu_controller,498169,89.4,59449344,1622,2343,3965,75,744.5002
2026-04-25T11:12:39.378233+00:00,recovery_scenario,iperf_tcp,30,1,,twin_core,498176,0.0,66494464,859,158,1017,0,0.0
2026-04-25T11:12:39.378233+00:00,recovery_scenario,iperf_tcp,30,1,,ryu_controller,498169,99.1,59449344,1622,2480,4102,137,1356.9705
2026-04-25T11:12:39.479237+00:00,recovery_scenario,iperf_tcp,30,1,,twin_core,498176,0.0,66494464,859,158,1017,0,0.0
2026-04-25T11:12:39.479237+00:00,recovery_scenario,iperf_tcp,30,1,,ryu_controller,498169,97.6,59449344,1622,2601,4223,121,1182.3573
2026-04-25T11:12:39.581933+00:00,recovery_scenario,iperf_tcp,30,1,,twin_core,498176,0.0,66498560,860,159,1019,2,19.2135
2026-04-25T11:12:39.581933+00:00,recovery_scenario,iperf_tcp,30,1,,ryu_controller,498169,87.6,59449344,1622,2772,4394,171,1659.0792
2026-04-25T11:12:39.685048+00:00,recovery_scenario,iperf_tcp,30,1,,twin_core,498176,0.0,66498560,860,159,1019,0,0.0
2026-04-25T11:12:39.685048+00:00,recovery_scenario,iperf_tcp,30,1,,ryu_controller,498169,69.1,59449344,1622,3157,4779,385,3810.9906
2026-04-25T11:12:39.785949+00:00,recovery_scenario,iperf_tcp,30,1,,twin_core,498176,0.0,66498560,860,159,1019,0,0.0
2026-04-25T11:12:39.785949+00:00,recovery_scenario,iperf_tcp,30,1,,ryu_controller,498169,59.2,59469824,1622,3325,4947,168,1658.6139
2026-04-25T11:12:39.887436+00:00,recovery_scenario,iperf_tcp,30,1,,twin_core,498176,0.0,66498560,860,159,1019,0,0.0
2026-04-25T11:12:39.887436+00:00,recovery_scenario,iperf_tcp,30,1,,ryu_controller,498169,59.3,59490304,1622,3461,5083,136,1344.7857
2026-04-25T11:12:39.989238+00:00,recovery_scenario,iperf_tcp,30,1,,twin_core,498176,9.8,66498560,860,159,1019,0,0.0
2026-04-25T11:12:39.989238+00:00,recovery_scenario,iperf_tcp,30,1,,ryu_controller,498169,48.2,59490304,1622,3617,5239,156,1501.9664
2026-04-25T11:12:40.093090+00:00,recovery_scenario,iperf_tcp,30,1,,twin_core,498176,9.5,66531328,861,161,1022,3,28.7117
2026-04-25T11:12:40.093090+00:00,recovery_scenario,iperf_tcp,30,1,,ryu_controller,498169,77.2,59490304,1630,3701,5331,92,889.5276
2026-04-25T11:12:40.195352+00:00,recovery_scenario,iperf_tcp,30,1,,twin_core,498176,0.0,66531328,861,161,1022,0,0.0
2026-04-25T11:12:40.195352+00:00,recovery_scenario,iperf_tcp,30,1,,ryu_controller,498169,0.0,59490304,1637,3705,5342,11,109.1388
2026-04-25T11:12:40.296156+00:00,recovery_scenario,iperf_tcp,30,1,,twin_core,498176,9.9,66531328,861,161,1022,0,0.0
2026-04-25T11:12:40.296156+00:00,recovery_scenario,iperf_tcp,30,1,,ryu_controller,498169,9.9,59490304,1646,3720,5366,24,237.9729
2026-04-25T11:12:40.397089+00:00,recovery_scenario,iperf_tcp,30,1,,twin_core,498176,0.0,66531328,861,161,1022,0,0.0
2026-04-25T11:12:40.397089+00:00,recovery_scenario,iperf_tcp,30,1,,ryu_controller,498169,9.9,59490304,1653,3777,5430,64,633.4283
2026-04-25T11:12:40.498207+00:00,recovery_scenario,iperf_tcp,30,1,,twin_core,498176,0.0,66531328,861,161,1022,0,0.0
2026-04-25T11:12:40.498207+00:00,recovery_scenario,iperf_tcp,30,1,,ryu_controller,498169,9.9,59490304,1663,3822,5485,55,544.137
2026-04-25T11:12:40.600870+00:00,recovery_scenario,iperf_tcp,30,1,,twin_core,498176,9.7,66531328,879,212,1091,69,671.3966
2026-04-25T11:12:40.600870+00:00,recovery_scenario,iperf_tcp,30,1,,ryu_controller,498169,48.7,59490304,1688,4109,5797,312,3046.556
2026-04-25T11:12:40.657239+00:00,recovery_scenario,iperf_tcp,30,1,scenario_teardown,,,,,,,,,
2026-04-25T11:12:40.701617+00:00,recovery_scenario,iperf_tcp,30,1,,twin_core,498176,0.0,66535424,897,260,1157,66,654.8354
2026-04-25T11:12:40.701617+00:00,recovery_scenario,iperf_tcp,30,1,,ryu_controller,498169,29.7,59490304,1716,4357,6073,276,2735.0715
2026-04-25T11:12:40.802807+00:00,recovery_scenario,iperf_tcp,30,1,,twin_core,498176,9.9,66535424,920,260,1180,23,227.8822
2026-04-25T11:12:40.802807+00:00,recovery_scenario,iperf_tcp,30,1,,ryu_controller,498169,9.9,59490304,1737,4359,6096,23,228.1409
2026-04-25T11:12:40.903250+00:00,recovery_scenario,iperf_tcp,30,1,,twin_core,498176,0.0,66535424,946,267,1213,33,328.6377
2026-04-25T11:12:40.903250+00:00,recovery_scenario,iperf_tcp,30,1,,ryu_controller,498169,69.7,59490304,1746,4370,6116,20,199.206
2026-04-25T11:12:41.003685+00:00,recovery_scenario,iperf_tcp,30,1,,twin_core,498176,0.0,66535424,946,267,1213,0,0.0
2026-04-25T11:12:41.003685+00:00,recovery_scenario,iperf_tcp,30,1,,ryu_controller,498169,10.0,59490304,1758,4371,6129,13,129.3718
2026-04-25T11:12:44.248274+00:00,recovery_scenario,iperf_tcp,10,1,,twin_core,499238,0.0,65167360,393,86,479,0,0.0
2026-04-25T11:12:44.248274+00:00,recovery_scenario,iperf_tcp,10,1,,ryu_controller,499231,0.0,57638912,7,5,12,0,0.0
2026-04-25T11:12:44.348812+00:00,recovery_scenario,iperf_tcp,10,1,,twin_core,499238,9.9,65216512,436,92,528,49,487.5795
2026-04-25T11:12:44.348812+00:00,recovery_scenario,iperf_tcp,10,1,,ryu_controller,499231,39.8,57991168,14,22,36,24,239.0449
2026-04-25T11:12:44.449218+00:00,recovery_scenario,iperf_tcp,10,1,,twin_core,499238,10.0,65220608,525,94,619,91,906.0998
2026-04-25T11:12:44.449218+00:00,recovery_scenario,iperf_tcp,10,1,,ryu_controller,499231,29.9,57999360,39,26,65,29,288.7314
2026-04-25T11:12:44.516402+00:00,recovery_scenario,iperf_tcp,10,1,service_started,,,,,,,,,
2026-04-25T11:12:44.549784+00:00,recovery_scenario,iperf_tcp,10,1,,twin_core,499238,9.9,65863680,593,94,687,68,675.9946
2026-04-25T11:12:44.549784+00:00,recovery_scenario,iperf_tcp,10,1,,ryu_controller,499231,29.8,58056704,63,27,90,25,248.5644
2026-04-25T11:12:44.650288+00:00,recovery_scenario,iperf_tcp,10,1,,twin_core,499238,9.9,66011136,594,94,688,1,9.9425
2026-04-25T11:12:44.650288+00:00,recovery_scenario,iperf_tcp,10,1,,ryu_controller,499231,29.8,58109952,98,27,125,35,347.6313
2026-04-25T11:12:44.750931+00:00,recovery_scenario,iperf_tcp,10,1,,twin_core,499238,0.0,66011136,594,94,688,0,0.0
2026-04-25T11:12:44.750931+00:00,recovery_scenario,iperf_tcp,10,1,,ryu_controller,499231,19.9,58109952,123,27,150,25,248.9024
2026-04-25T11:12:44.851366+00:00,recovery_scenario,iperf_tcp,10,1,,twin_core,499238,0.0,66011136,594,94,688,0,0.0
2026-04-25T11:12:44.851366+00:00,recovery_scenario,iperf_tcp,10,1,,ryu_controller,499231,19.9,58114048,142,27,169,19,189.0773
2026-04-25T11:12:44.955132+00:00,recovery_scenario,iperf_tcp,10,1,,twin_core,499238,0.0,66011136,594,94,688,0,0.0
2026-04-25T11:12:44.955132+00:00,recovery_scenario,iperf_tcp,10,1,,ryu_controller,499231,19.3,58114048,152,27,179,10,96.3441
2026-04-25T11:12:45.055838+00:00,recovery_scenario,iperf_tcp,10,1,,twin_core,499238,0.0,66011136,594,94,688,0,0.0
2026-04-25T11:12:45.055838+00:00,recovery_scenario,iperf_tcp,10,1,,ryu_controller,499231,29.7,58114048,172,27,199,20,198.1841
2026-04-25T11:12:45.156660+00:00,recovery_scenario,iperf_tcp,10,1,,twin_core,499238,0.0,66011136,594,94,688,0,0.0
2026-04-25T11:12:45.156660+00:00,recovery_scenario,iperf_tcp,10,1,,ryu_controller,499231,19.8,58134528,194,27,221,22,218.0004
2026-04-25T11:12:45.257509+00:00,recovery_scenario,iperf_tcp,10,1,,twin_core,499238,0.0,66011136,594,94,688,0,0.0
2026-04-25T11:12:45.257509+00:00,recovery_scenario,iperf_tcp,10,1,,ryu_controller,499231,9.9,58138624,217,27,244,23,228.6846
2026-04-25T11:12:45.358086+00:00,recovery_scenario,iperf_tcp,10,1,,twin_core,499238,0.0,66011136,594,94,688,0,0.0
2026-04-25T11:12:45.358086+00:00,recovery_scenario,iperf_tcp,10,1,,ryu_controller,499231,19.9,58138624,239,27,266,22,219.0654
2026-04-25T11:12:45.458482+00:00,recovery_scenario,iperf_tcp,10,1,,twin_core,499238,0.0,66011136,594,94,688,0,0.0
2026-04-25T11:12:45.458482+00:00,recovery_scenario,iperf_tcp,10,1,,ryu_controller,499231,39.8,58142720,262,28,290,24,238.7479
2026-04-25T11:12:45.559036+00:00,recovery_scenario,iperf_tcp,10,1,,twin_core,499238,0.0,66011136,594,94,688,0,0.0
2026-04-25T11:12:45.559036+00:00,recovery_scenario,iperf_tcp,10,1,,ryu_controller,499231,0.0,58146816,286,28,314,24,238.6878
2026-04-25T11:12:45.659591+00:00,recovery_scenario,iperf_tcp,10,1,,twin_core,499238,0.0,66011136,594,94,688,0,0.0
2026-04-25T11:12:45.659591+00:00,recovery_scenario,iperf_tcp,10,1,,ryu_controller,499231,19.9,58146816,303,28,331,17,169.0363
2026-04-25T11:12:45.760165+00:00,recovery_scenario,iperf_tcp,10,1,,twin_core,499238,0.0,66011136,594,94,688,0,0.0
2026-04-25T11:12:45.760165+00:00,recovery_scenario,iperf_tcp,10,1,,ryu_controller,499231,19.9,58155008,324,28,352,21,209.0444
2026-04-25T11:12:45.862269+00:00,recovery_scenario,iperf_tcp,10,1,,twin_core,499238,0.0,66011136,594,94,688,0,0.0
2026-04-25T11:12:45.862269+00:00,recovery_scenario,iperf_tcp,10,1,,ryu_controller,499231,19.6,58167296,342,28,370,18,176.2287
2026-04-25T11:12:45.962693+00:00,recovery_scenario,iperf_tcp,10,1,,twin_core,499238,0.0,66011136,594,94,688,0,0.0
2026-04-25T11:12:45.962693+00:00,recovery_scenario,iperf_tcp,10,1,,ryu_controller,499231,19.9,58175488,367,28,395,25,248.9393
2026-04-25T11:12:46.063148+00:00,recovery_scenario,iperf_tcp,10,1,,twin_core,499238,0.0,66011136,594,94,688,0,0.0
2026-04-25T11:12:46.063148+00:00,recovery_scenario,iperf_tcp,10,1,,ryu_controller,499231,10.0,58179584,381,28,409,14,139.4403
2026-04-25T11:12:46.163581+00:00,recovery_scenario,iperf_tcp,10,1,,twin_core,499238,0.0,66011136,594,94,688,0,0.0
2026-04-25T11:12:46.163581+00:00,recovery_scenario,iperf_tcp,10,1,,ryu_controller,499231,59.6,58269696,428,29,457,48,477.1483
2026-04-25T11:12:46.264159+00:00,recovery_scenario,iperf_tcp,10,1,,twin_core,499238,0.0,66011136,594,94,688,0,0.0
2026-04-25T11:12:46.264159+00:00,recovery_scenario,iperf_tcp,10,1,,ryu_controller,499231,29.9,58286080,464,29,493,36,358.2811
2026-04-25T11:12:46.364659+00:00,recovery_scenario,iperf_tcp,10,1,,twin_core,499238,0.0,66011136,594,94,688,0,0.0
2026-04-25T11:12:46.364659+00:00,recovery_scenario,iperf_tcp,10,1,,ryu_controller,499231,9.9,58290176,479,29,508,15,149.1815
2026-04-25T11:12:46.466098+00:00,recovery_scenario,iperf_tcp,10,1,,twin_core,499238,9.9,66011136,594,94,688,0,0.0
2026-04-25T11:12:46.466098+00:00,recovery_scenario,iperf_tcp,10,1,,ryu_controller,499231,9.9,58290176,488,29,517,9,88.7651
2026-04-25T11:12:46.566800+00:00,recovery_scenario,iperf_tcp,10,1,,twin_core,499238,0.0,66011136,594,94,688,0,0.0
2026-04-25T11:12:46.566800+00:00,recovery_scenario,iperf_tcp,10,1,,ryu_controller,499231,9.9,58290176,496,29,525,8,79.1632
2026-04-25T11:12:46.670310+00:00,recovery_scenario,iperf_tcp,10,1,,twin_core,499238,9.7,66072576,600,94,694,6,57.9038
2026-04-25T11:12:46.670310+00:00,recovery_scenario,iperf_tcp,10,1,,ryu_controller,499231,57.9,58339328,550,29,579,54,521.3369
2026-04-25T11:12:46.771217+00:00,recovery_scenario,iperf_tcp,10,1,,twin_core,499238,9.9,66072576,604,94,698,4,39.6764
2026-04-25T11:12:46.771217+00:00,recovery_scenario,iperf_tcp,10,1,,ryu_controller,499231,19.8,58339328,577,29,606,27,267.7819
2026-04-25T11:12:46.872109+00:00,recovery_scenario,iperf_tcp,10,1,,twin_core,499238,0.0,66072576,607,94,701,3,29.8218
2026-04-25T11:12:46.872109+00:00,recovery_scenario,iperf_tcp,10,1,,ryu_controller,499231,19.9,58347520,603,29,632,26,258.6545
2026-04-25T11:12:46.972678+00:00,recovery_scenario,iperf_tcp,10,1,,twin_core,499238,0.0,66072576,610,94,704,3,29.8221
2026-04-25T11:12:46.972678+00:00,recovery_scenario,iperf_tcp,10,1,,ryu_controller,499231,19.9,58347520,621,29,650,18,178.9194
2026-04-25T11:12:47.073664+00:00,recovery_scenario,iperf_tcp,10,1,,twin_core,499238,0.0,66072576,613,94,707,3,29.6491
2026-04-25T11:12:47.073664+00:00,recovery_scenario,iperf_tcp,10,1,,ryu_controller,499231,9.9,58347520,637,29,666,16,158.0655
2026-04-25T11:12:47.176133+00:00,recovery_scenario,iperf_tcp,10,1,,twin_core,499238,9.8,66072576,613,94,707,0,0.0
2026-04-25T11:12:47.176133+00:00,recovery_scenario,iperf_tcp,10,1,,ryu_controller,499231,0.0,58347520,660,29,689,23,224.9433
2026-04-25T11:12:47.276656+00:00,recovery_scenario,iperf_tcp,10,1,,twin_core,499238,0.0,66072576,616,94,710,3,29.8474
2026-04-25T11:12:47.276656+00:00,recovery_scenario,iperf_tcp,10,1,,ryu_controller,499231,9.9,58347520,674,29,703,14,139.2901
2026-04-25T11:12:47.377151+00:00,recovery_scenario,iperf_tcp,10,1,,twin_core,499238,0.0,66072576,625,94,719,9,89.5446
2026-04-25T11:12:47.377151+00:00,recovery_scenario,iperf_tcp,10,1,,ryu_controller,499231,9.9,58347520,687,29,716,13,128.9577
2026-04-25T11:12:47.478053+00:00,recovery_scenario,iperf_tcp,10,1,,twin_core,499238,0.0,66072576,628,94,722,3,29.7398
2026-04-25T11:12:47.478053+00:00,recovery_scenario,iperf_tcp,10,1,,ryu_controller,499231,19.9,58351616,706,29,735,19,188.9036
2026-04-25T11:12:47.579041+00:00,recovery_scenario,iperf_tcp,10,1,,twin_core,499238,0.0,66072576,630,94,724,2,19.7998
2026-04-25T11:12:47.579041+00:00,recovery_scenario,iperf_tcp,10,1,,ryu_controller,499231,0.0,58355712,720,29,749,14,138.6222
2026-04-25T11:12:47.679528+00:00,recovery_scenario,iperf_tcp,10,1,,twin_core,499238,0.0,66072576,635,94,729,5,49.6749
2026-04-25T11:12:47.679528+00:00,recovery_scenario,iperf_tcp,10,1,,ryu_controller,499231,9.9,58355712,753,29,782,33,327.4878
2026-04-25T11:12:47.780310+00:00,recovery_scenario,iperf_tcp,10,1,,twin_core,499238,0.0,66072576,642,94,736,7,69.6092
2026-04-25T11:12:47.780310+00:00,recovery_scenario,iperf_tcp,10,1,,ryu_controller,499231,9.9,58355712,767,29,796,14,139.3642
2026-04-25T11:12:47.881447+00:00,recovery_scenario,iperf_tcp,10,1,,twin_core,499238,0.0,66072576,648,94,742,6,59.3158
2026-04-25T11:12:47.881447+00:00,recovery_scenario,iperf_tcp,10,1,,ryu_controller,499231,9.9,58355712,784,29,813,17,167.7548
2026-04-25T11:12:47.982173+00:00,recovery_scenario,iperf_tcp,10,1,,twin_core,499238,0.0,66072576,651,94,745,3,29.7862
2026-04-25T11:12:47.982173+00:00,recovery_scenario,iperf_tcp,10,1,,ryu_controller,499231,19.9,58359808,802,29,831,18,179.0413
2026-04-25T11:12:48.082741+00:00,recovery_scenario,iperf_tcp,10,1,,twin_core,499238,0.0,66072576,654,94,748,3,29.8029
2026-04-25T11:12:48.082741+00:00,recovery_scenario,iperf_tcp,10,1,,ryu_controller,499231,9.9,58363904,811,30,841,10,99.2376
2026-04-25T11:12:48.183472+00:00,recovery_scenario,iperf_tcp,10,1,,twin_core,499238,9.9,66072576,657,94,751,3,29.7685
2026-04-25T11:12:48.183472+00:00,recovery_scenario,iperf_tcp,10,1,,ryu_controller,499231,9.9,58413056,830,30,860,19,188.7194
2026-04-25T11:12:48.285254+00:00,recovery_scenario,iperf_tcp,10,1,,twin_core,499238,0.0,66072576,658,94,752,1,9.8185
2026-04-25T11:12:48.285254+00:00,recovery_scenario,iperf_tcp,10,1,,ryu_controller,499231,58.9,58789888,869,30,899,39,381.2093
2026-04-25T11:12:48.386443+00:00,recovery_scenario,iperf_tcp,10,1,,twin_core,499238,0.0,66072576,669,94,763,11,108.9456
2026-04-25T11:12:48.386443+00:00,recovery_scenario,iperf_tcp,10,1,,ryu_controller,499231,9.9,58789888,877,30,907,8,79.5834
2026-04-25T11:12:48.486940+00:00,recovery_scenario,iperf_tcp,10,1,,twin_core,499238,0.0,66072576,675,94,769,6,59.6918
2026-04-25T11:12:48.486940+00:00,recovery_scenario,iperf_tcp,10,1,,ryu_controller,499231,19.9,58789888,898,31,929,22,218.9616
2026-04-25T11:12:48.587403+00:00,recovery_scenario,iperf_tcp,10,1,,twin_core,499238,0.0,66072576,678,94,772,3,29.8486
2026-04-25T11:12:48.587403+00:00,recovery_scenario,iperf_tcp,10,1,,ryu_controller,499231,9.9,58789888,914,31,945,16,159.1143
2026-04-25T11:12:48.687915+00:00,recovery_scenario,iperf_tcp,10,1,,twin_core,499238,10.0,66076672,681,94,775,3,29.8706
2026-04-25T11:12:48.687915+00:00,recovery_scenario,iperf_tcp,10,1,,ryu_controller,499231,39.8,58798080,952,31,983,38,378.5296
2026-04-25T11:12:48.789063+00:00,recovery_scenario,iperf_tcp,10,1,,twin_core,499238,9.9,66183168,696,94,790,15,148.2553
2026-04-25T11:12:48.789063+00:00,recovery_scenario,iperf_tcp,10,1,,ryu_controller,499231,59.3,58806272,975,31,1006,23,226.5395
2026-04-25T11:12:48.890866+00:00,recovery_scenario,iperf_tcp,10,1,,twin_core,499238,0.0,66183168,702,94,796,6,58.8839
2026-04-25T11:12:48.890866+00:00,recovery_scenario,iperf_tcp,10,1,,ryu_controller,499231,19.6,58806272,999,31,1030,24,236.2533
2026-04-25T11:12:48.992070+00:00,recovery_scenario,iperf_tcp,10,1,,twin_core,499238,0.0,66183168,702,94,796,0,0.0
2026-04-25T11:12:48.992070+00:00,recovery_scenario,iperf_tcp,10,1,,ryu_controller,499231,9.9,58806272,1010,31,1041,11,108.756
2026-04-25T11:12:49.097066+00:00,recovery_scenario,iperf_tcp,10,1,,twin_core,499238,0.0,66183168,705,94,799,3,28.57
2026-04-25T11:12:49.097066+00:00,recovery_scenario,iperf_tcp,10,1,,ryu_controller,499231,0.0,58806272,1015,31,1046,5,47.609
2026-04-25T11:12:49.197608+00:00,recovery_scenario,iperf_tcp,10,1,,twin_core,499238,9.9,66183168,713,94,807,8,79.5692
2026-04-25T11:12:49.197608+00:00,recovery_scenario,iperf_tcp,10,1,,ryu_controller,499231,9.9,58806272,1027,31,1058,12,119.3807
2026-04-25T11:12:49.298147+00:00,recovery_scenario,iperf_tcp,10,1,,twin_core,499238,0.0,66183168,722,94,816,9,89.5861
2026-04-25T11:12:49.298147+00:00,recovery_scenario,iperf_tcp,10,1,,ryu_controller,499231,10.0,58806272,1044,31,1075,17,169.1846
2026-04-25T11:12:49.398602+00:00,recovery_scenario,iperf_tcp,10,1,,twin_core,499238,0.0,66183168,722,94,816,0,0.0
2026-04-25T11:12:49.398602+00:00,recovery_scenario,iperf_tcp,10,1,,ryu_controller,499231,9.9,58806272,1065,31,1096,21,208.9523
2026-04-25T11:12:49.499488+00:00,recovery_scenario,iperf_tcp,10,1,,twin_core,499238,0.0,66183168,725,94,819,3,29.7077
2026-04-25T11:12:49.499488+00:00,recovery_scenario,iperf_tcp,10,1,,ryu_controller,499231,9.9,58806272,1082,31,1113,17,168.3273
2026-04-25T11:12:49.600793+00:00,recovery_scenario,iperf_tcp,10,1,,twin_core,499238,0.0,66183168,731,94,825,6,59.2926
2026-04-25T11:12:49.600793+00:00,recovery_scenario,iperf_tcp,10,1,,ryu_controller,499231,9.9,58806272,1091,31,1122,9,88.9362
2026-04-25T11:12:49.701297+00:00,recovery_scenario,iperf_tcp,10,1,,twin_core,499238,0.0,66183168,743,94,837,12,119.4192
2026-04-25T11:12:49.701297+00:00,recovery_scenario,iperf_tcp,10,1,,ryu_controller,499231,10.0,58806272,1125,31,1156,34,338.0868
2026-04-25T11:12:49.801871+00:00,recovery_scenario,iperf_tcp,10,1,,twin_core,499238,0.0,66183168,743,94,837,0,0.0
2026-04-25T11:12:49.801871+00:00,recovery_scenario,iperf_tcp,10,1,,ryu_controller,499231,9.9,58806272,1148,31,1179,23,228.8412
2026-04-25T11:12:49.903006+00:00,recovery_scenario,iperf_tcp,10,1,,twin_core,499238,0.0,66183168,746,94,840,3,29.6568
2026-04-25T11:12:49.903006+00:00,recovery_scenario,iperf_tcp,10,1,,ryu_controller,499231,19.8,58806272,1161,31,1192,13,128.5339
2026-04-25T11:12:50.003530+00:00,recovery_scenario,iperf_tcp,10,1,,twin_core,499238,0.0,66183168,752,94,846,6,59.6407
2026-04-25T11:12:50.003530+00:00,recovery_scenario,iperf_tcp,10,1,,ryu_controller,499231,9.9,58806272,1171,31,1202,10,99.0962
2026-04-25T11:12:50.104432+00:00,recovery_scenario,iperf_tcp,10,1,,twin_core,499238,0.0,66183168,758,94,852,6,59.5499
2026-04-25T11:12:50.104432+00:00,recovery_scenario,iperf_tcp,10,1,,ryu_controller,499231,0.0,58806272,1182,31,1213,11,109.4709
2026-04-25T11:12:50.206062+00:00,recovery_scenario,iperf_tcp,10,1,,twin_core,499238,0.0,66183168,761,94,855,3,29.4523
2026-04-25T11:12:50.206062+00:00,recovery_scenario,iperf_tcp,10,1,,ryu_controller,499231,19.6,58806272,1207,31,1238,25,245.0181
2026-04-25T11:12:50.307748+00:00,recovery_scenario,iperf_tcp,10,1,,twin_core,499238,9.8,66183168,764,94,858,3,29.5476
2026-04-25T11:12:50.307748+00:00,recovery_scenario,iperf_tcp,10,1,,ryu_controller,499231,39.5,58818560,1241,31,1272,34,335.5085
2026-04-25T11:12:50.320879+00:00,recovery_scenario,iperf_tcp,10,1,pingall_completed,,,,,,,,,
2026-04-25T11:12:50.412920+00:00,recovery_scenario,iperf_tcp,10,1,,twin_core,499238,0.0,66191360,776,94,870,12,114.1039
2026-04-25T11:12:50.412920+00:00,recovery_scenario,iperf_tcp,10,1,,ryu_controller,499231,38.0,58839040,1257,39,1296,24,228.1699
2026-04-25T11:12:50.517108+00:00,recovery_scenario,iperf_tcp,10,1,,twin_core,499238,0.0,66191360,776,94,870,0,0.0
2026-04-25T11:12:50.517108+00:00,recovery_scenario,iperf_tcp,10,1,,ryu_controller,499231,0.0,58839040,1261,39,1300,4,38.3763
2026-04-25T11:12:50.618039+00:00,recovery_scenario,iperf_tcp,10,1,,twin_core,499238,0.0,66191360,776,94,870,0,0.0
2026-04-25T11:12:50.618039+00:00,recovery_scenario,iperf_tcp,10,1,,ryu_controller,499231,9.9,58839040,1266,39,1305,5,48.5419
2026-04-25T11:12:50.724158+00:00,recovery_scenario,iperf_tcp,10,1,,twin_core,499238,0.0,66191360,776,94,870,0,0.0
2026-04-25T11:12:50.724158+00:00,recovery_scenario,iperf_tcp,10,1,,ryu_controller,499231,18.9,58839040,1282,39,1321,16,153.8895
2026-04-25T11:12:50.824822+00:00,recovery_scenario,iperf_tcp,10,1,,twin_core,499238,9.9,66199552,776,94,870,0,0.0
2026-04-25T11:12:50.824822+00:00,recovery_scenario,iperf_tcp,10,1,,ryu_controller,499231,59.6,58884096,1328,39,1367,46,456.9774
2026-04-25T11:12:50.930001+00:00,recovery_scenario,iperf_tcp,10,1,,twin_core,499238,9.5,66273280,776,94,870,0,0.0
2026-04-25T11:12:50.930001+00:00,recovery_scenario,iperf_tcp,10,1,,ryu_controller,499231,9.5,58884096,1338,39,1377,10,94.9548
2026-04-25T11:12:51.032202+00:00,recovery_scenario,iperf_tcp,10,1,,twin_core,499238,0.0,66273280,776,94,870,0,0.0
2026-04-25T11:12:51.032202+00:00,recovery_scenario,iperf_tcp,10,1,,ryu_controller,499231,9.8,58884096,1340,39,1379,2,19.5342
2026-04-25T11:12:51.134693+00:00,recovery_scenario,iperf_tcp,10,1,,twin_core,499238,0.0,66273280,776,94,870,0,0.0
2026-04-25T11:12:51.134693+00:00,recovery_scenario,iperf_tcp,10,1,,ryu_controller,499231,0.0,58884096,1343,39,1382,3,29.2621
2026-04-25T11:12:51.236205+00:00,recovery_scenario,iperf_tcp,10,1,,twin_core,499238,0.0,66273280,776,94,870,0,0.0
2026-04-25T11:12:51.236205+00:00,recovery_scenario,iperf_tcp,10,1,,ryu_controller,499231,0.0,58884096,1347,39,1386,4,39.3634
2026-04-25T11:12:51.338307+00:00,recovery_scenario,iperf_tcp,10,1,,twin_core,499238,0.0,66277376,782,94,876,6,55.5314
2026-04-25T11:12:51.338307+00:00,recovery_scenario,iperf_tcp,10,1,,ryu_controller,499231,0.0,58884096,1368,39,1407,21,193.9831
2026-04-25T11:12:51.445548+00:00,recovery_scenario,iperf_tcp,10,1,,twin_core,499238,0.0,66281472,785,94,879,3,29.5924
2026-04-25T11:12:51.445548+00:00,recovery_scenario,iperf_tcp,10,1,,ryu_controller,499231,9.9,58884096,1374,40,1414,7,69.4111
2026-04-25T11:12:51.546283+00:00,recovery_scenario,iperf_tcp,10,1,,twin_core,499238,0.0,66281472,785,94,879,0,0.0
2026-04-25T11:12:51.546283+00:00,recovery_scenario,iperf_tcp,10,1,,ryu_controller,499231,0.0,58884096,1378,40,1418,4,39.7152
2026-04-25T11:12:51.650831+00:00,recovery_scenario,iperf_tcp,10,1,,twin_core,499238,9.6,66281472,785,94,879,0,0.0
2026-04-25T11:12:51.650831+00:00,recovery_scenario,iperf_tcp,10,1,,ryu_controller,499231,0.0,58884096,1381,44,1425,7,67.0676
2026-04-25T11:12:51.751427+00:00,recovery_scenario,iperf_tcp,10,1,,twin_core,499238,0.0,66281472,785,94,879,0,0.0
2026-04-25T11:12:51.751427+00:00,recovery_scenario,iperf_tcp,10,1,,ryu_controller,499231,0.0,58884096,1384,48,1432,7,69.4897
2026-04-25T11:12:51.856764+00:00,recovery_scenario,iperf_tcp,10,1,,twin_core,499238,0.0,66281472,785,94,879,0,0.0
2026-04-25T11:12:51.856764+00:00,recovery_scenario,iperf_tcp,10,1,,ryu_controller,499231,0.0,58884096,1409,50,1459,27,256.3286
2026-04-25T11:12:51.957949+00:00,recovery_scenario,iperf_tcp,10,1,,twin_core,499238,0.0,66281472,785,94,879,0,0.0
2026-04-25T11:12:51.957949+00:00,recovery_scenario,iperf_tcp,10,1,,ryu_controller,499231,9.9,58884096,1413,52,1465,6,59.3011
2026-04-25T11:12:52.058599+00:00,recovery_scenario,iperf_tcp,10,1,,twin_core,499238,0.0,66281472,785,94,879,0,0.0
2026-04-25T11:12:52.058599+00:00,recovery_scenario,iperf_tcp,10,1,,ryu_controller,499231,0.0,58884096,1417,54,1471,6,59.6535
2026-04-25T11:12:52.159674+00:00,recovery_scenario,iperf_tcp,10,1,,twin_core,499238,0.0,66281472,785,94,879,0,0.0
2026-04-25T11:12:52.159674+00:00,recovery_scenario,iperf_tcp,10,1,,ryu_controller,499231,0.0,58884096,1421,56,1477,6,58.2623
2026-04-25T11:12:52.263109+00:00,recovery_scenario,iperf_tcp,10,1,,twin_core,499238,0.0,66281472,785,94,879,0,0.0
2026-04-25T11:12:52.263109+00:00,recovery_scenario,iperf_tcp,10,1,,ryu_controller,499231,0.0,58884096,1425,58,1483,6,59.139
2026-04-25T11:12:52.345396+00:00,recovery_scenario,iperf_tcp,10,1,background_traffic_started,,,,,,,,,
2026-04-25T11:12:52.365436+00:00,recovery_scenario,iperf_tcp,10,1,,twin_core,499238,9.8,66293760,786,104,890,11,107.5556
2026-04-25T11:12:52.365436+00:00,recovery_scenario,iperf_tcp,10,1,,ryu_controller,499231,0.0,58888192,1430,60,1490,7,67.9279
2026-04-25T11:12:52.467707+00:00,recovery_scenario,iperf_tcp,10,1,,twin_core,499238,0.0,66301952,796,106,902,12,117.3347
2026-04-25T11:12:52.467707+00:00,recovery_scenario,iperf_tcp,10,1,,ryu_controller,499231,39.4,58908672,1432,97,1529,39,384.3899
2026-04-25T11:12:52.568170+00:00,recovery_scenario,iperf_tcp,10,1,,twin_core,499238,10.0,66338816,801,112,913,11,109.3905
2026-04-25T11:12:52.568170+00:00,recovery_scenario,iperf_tcp,10,1,,ryu_controller,499231,29.8,58916864,1433,144,1577,48,477.1025
2026-04-25T11:12:52.669033+00:00,recovery_scenario,iperf_tcp,10,1,,twin_core,499238,0.0,66363392,808,115,923,10,98.1713
2026-04-25T11:12:52.669033+00:00,recovery_scenario,iperf_tcp,10,1,,ryu_controller,499231,58.5,58953728,1435,208,1643,66,643.9777
2026-04-25T11:12:52.769910+00:00,recovery_scenario,iperf_tcp,10,1,fault_injected,,,,,,,,,
2026-04-25T11:12:52.774832+00:00,recovery_scenario,iperf_tcp,10,1,,twin_core,499238,9.5,66441216,815,120,935,12,114.3425
2026-04-25T11:12:52.774832+00:00,recovery_scenario,iperf_tcp,10,1,,ryu_controller,499231,28.5,58986496,1438,257,1695,52,493.3707
2026-04-25T11:12:52.878723+00:00,recovery_scenario,iperf_tcp,10,1,,twin_core,499238,0.0,66457600,817,121,938,3,28.9421
2026-04-25T11:12:52.878723+00:00,recovery_scenario,iperf_tcp,10,1,,ryu_controller,499231,29.2,59277312,1439,301,1740,45,438.8611
2026-04-25T11:12:52.979146+00:00,recovery_scenario,iperf_tcp,10,1,,twin_core,499238,0.0,66457600,817,121,938,0,0.0
2026-04-25T11:12:52.979146+00:00,recovery_scenario,iperf_tcp,10,1,,ryu_controller,499231,29.9,59322368,1439,377,1816,76,757.0326
2026-04-25T11:12:53.079539+00:00,recovery_scenario,iperf_tcp,10,1,,twin_core,499238,0.0,66457600,817,121,938,0,0.0
2026-04-25T11:12:53.079539+00:00,recovery_scenario,iperf_tcp,10,1,,ryu_controller,499231,69.6,59330560,1439,579,2018,202,2008.8496
2026-04-25T11:12:53.182742+00:00,recovery_scenario,iperf_tcp,10,1,,twin_core,499238,0.0,66457600,817,121,938,0,0.0
2026-04-25T11:12:53.182742+00:00,recovery_scenario,iperf_tcp,10,1,,ryu_controller,499231,67.9,59412480,1439,806,2245,227,2202.9021
2026-04-25T11:12:53.283141+00:00,recovery_scenario,iperf_tcp,10,1,,twin_core,499238,0.0,66457600,817,121,938,0,0.0
2026-04-25T11:12:53.283141+00:00,recovery_scenario,iperf_tcp,10,1,,ryu_controller,499231,69.7,59416576,1439,1058,2497,252,2509.3775
2026-04-25T11:12:53.383563+00:00,recovery_scenario,iperf_tcp,10,1,,twin_core,499238,0.0,66457600,818,121,939,1,9.9468
2026-04-25T11:12:53.383563+00:00,recovery_scenario,iperf_tcp,10,1,,ryu_controller,499231,69.6,59416576,1439,1232,2671,174,1729.2624
2026-04-25T11:12:53.484195+00:00,recovery_scenario,iperf_tcp,10,1,,twin_core,499238,0.0,66457600,818,121,939,0,0.0
2026-04-25T11:12:53.484195+00:00,recovery_scenario,iperf_tcp,10,1,,ryu_controller,499231,49.8,59416576,1439,1346,2785,114,1135.1329
2026-04-25T11:12:53.586720+00:00,recovery_scenario,iperf_tcp,10,1,,twin_core,499238,0.0,66457600,818,121,939,0,0.0
2026-04-25T11:12:53.586720+00:00,recovery_scenario,iperf_tcp,10,1,,ryu_controller,499231,68.3,59416576,1439,1424,2863,78,760.827
2026-04-25T11:12:53.689718+00:00,recovery_scenario,iperf_tcp,10,1,,twin_core,499238,0.0,66457600,818,121,939,0,0.0
2026-04-25T11:12:53.689718+00:00,recovery_scenario,iperf_tcp,10,1,,ryu_controller,499231,58.2,59416576,1439,1499,2938,75,727.9621
2026-04-25T11:12:53.793494+00:00,recovery_scenario,iperf_tcp,10,1,,twin_core,499238,0.0,66457600,818,121,939,0,0.0
2026-04-25T11:12:53.793494+00:00,recovery_scenario,iperf_tcp,10,1,,ryu_controller,499231,48.2,59416576,1439,1605,3044,106,1020.7692
2026-04-25T11:12:53.894042+00:00,recovery_scenario,iperf_tcp,10,1,,twin_core,499238,9.9,66457600,819,121,940,1,9.9544
2026-04-25T11:12:53.894042+00:00,recovery_scenario,iperf_tcp,10,1,,ryu_controller,499231,59.7,59416576,1439,1690,3129,85,846.1365
2026-04-25T11:12:53.994619+00:00,recovery_scenario,iperf_tcp,10,1,,twin_core,499238,0.0,66457600,819,121,940,0,0.0
2026-04-25T11:12:53.994619+00:00,recovery_scenario,iperf_tcp,10,1,,ryu_controller,499231,49.7,59416576,1439,1789,3228,99,983.4
2026-04-25T11:12:54.095144+00:00,recovery_scenario,iperf_tcp,10,1,,twin_core,499238,0.0,66457600,819,121,940,0,0.0
2026-04-25T11:12:54.095144+00:00,recovery_scenario,iperf_tcp,10,1,,ryu_controller,499231,39.8,59416576,1439,1878,3317,89,886.1914
2026-04-25T11:12:54.195577+00:00,recovery_scenario,iperf_tcp,10,1,,twin_core,499238,0.0,66457600,819,121,940,0,0.0
2026-04-25T11:12:54.195577+00:00,recovery_scenario,iperf_tcp,10,1,,ryu_controller,499231,49.7,59416576,1439,2009,3448,131,1302.2864
2026-04-25T11:12:54.298604+00:00,recovery_scenario,iperf_tcp,10,1,,twin_core,499238,0.0,66457600,820,121,941,1,9.708
2026-04-25T11:12:54.298604+00:00,recovery_scenario,iperf_tcp,10,1,,ryu_controller,499231,38.8,59416576,1439,2075,3514,66,641.0673
2026-04-25T11:12:54.399107+00:00,recovery_scenario,iperf_tcp,10,1,,twin_core,499238,0.0,66457600,820,121,941,0,0.0
2026-04-25T11:12:54.399107+00:00,recovery_scenario,iperf_tcp,10,1,,ryu_controller,499231,39.8,59416576,1439,2109,3548,34,338.5185
2026-04-25T11:12:54.501252+00:00,recovery_scenario,iperf_tcp,10,1,,twin_core,499238,0.0,66457600,820,121,941,0,0.0
2026-04-25T11:12:54.501252+00:00,recovery_scenario,iperf_tcp,10,1,,ryu_controller,499231,39.2,59416576,1439,2146,3585,37,362.3442
2026-04-25T11:12:54.604761+00:00,recovery_scenario,iperf_tcp,10,1,,twin_core,499238,0.0,66457600,820,121,941,0,0.0
2026-04-25T11:12:54.604761+00:00,recovery_scenario,iperf_tcp,10,1,,ryu_controller,499231,38.6,59416576,1439,2218,3657,72,695.5451
2026-04-25T11:12:54.705171+00:00,recovery_scenario,iperf_tcp,10,1,,twin_core,499238,0.0,66457600,820,121,941,0,0.0
2026-04-25T11:12:54.705171+00:00,recovery_scenario,iperf_tcp,10,1,,ryu_controller,499231,29.7,59416576,1439,2260,3699,42,416.2425
2026-04-25T11:12:54.806258+00:00,recovery_scenario,iperf_tcp,10,1,,twin_core,499238,0.0,66457600,821,121,942,1,9.6272
2026-04-25T11:12:54.806258+00:00,recovery_scenario,iperf_tcp,10,1,,ryu_controller,499231,48.1,59420672,1439,2352,3791,92,884.9404
2026-04-25T11:12:54.912360+00:00,recovery_scenario,iperf_tcp,10,1,,twin_core,499238,0.0,66457600,821,121,942,0,0.0
2026-04-25T11:12:54.912360+00:00,recovery_scenario,iperf_tcp,10,1,,ryu_controller,499231,38.3,59420672,1439,2419,3858,67,642.3469
2026-04-25T11:12:55.014360+00:00,recovery_scenario,iperf_tcp,10,1,,twin_core,499238,0.0,66457600,821,121,942,0,0.0
2026-04-25T11:12:55.014360+00:00,recovery_scenario,iperf_tcp,10,1,,ryu_controller,499231,49.7,59428864,1439,2530,3969,111,1101.8803
2026-04-25T11:12:55.116878+00:00,recovery_scenario,iperf_tcp,10,1,,twin_core,499238,0.0,66457600,821,121,942,0,0.0
2026-04-25T11:12:55.116878+00:00,recovery_scenario,iperf_tcp,10,1,,ryu_controller,499231,48.9,59432960,1439,2606,4045,76,743.5786
2026-04-25T11:12:55.220431+00:00,recovery_scenario,iperf_tcp,10,1,,twin_core,499238,0.0,66457600,821,121,942,0,0.0
2026-04-25T11:12:55.220431+00:00,recovery_scenario,iperf_tcp,10,1,,ryu_controller,499231,38.4,59432960,1439,2666,4105,60,576.5518
2026-04-25T11:12:55.321354+00:00,recovery_scenario,iperf_tcp,10,1,,twin_core,499238,0.0,66457600,822,121,943,1,9.9534
2026-04-25T11:12:55.321354+00:00,recovery_scenario,iperf_tcp,10,1,,ryu_controller,499231,49.8,59432960,1439,2848,4287,182,1811.0245
2026-04-25T11:12:55.423530+00:00,recovery_scenario,iperf_tcp,10,1,,twin_core,499238,0.0,66457600,822,121,943,0,0.0
2026-04-25T11:12:55.423530+00:00,recovery_scenario,iperf_tcp,10,1,,ryu_controller,499231,38.8,59432960,1439,2937,4376,89,862.8012
2026-04-25T11:12:55.526954+00:00,recovery_scenario,iperf_tcp,10,1,,twin_core,499238,0.0,66457600,822,121,943,0,0.0
2026-04-25T11:12:55.526954+00:00,recovery_scenario,iperf_tcp,10,1,,ryu_controller,499231,48.7,59441152,1439,3041,4480,104,1010.0849
2026-04-25T11:12:55.628010+00:00,recovery_scenario,iperf_tcp,10,1,,twin_core,499238,0.0,66457600,822,121,943,0,0.0
2026-04-25T11:12:55.628010+00:00,recovery_scenario,iperf_tcp,10,1,,ryu_controller,499231,39.7,59445248,1439,3148,4587,107,1065.1984
2026-04-25T11:12:55.733794+00:00,recovery_scenario,iperf_tcp,10,1,,twin_core,499238,0.0,66457600,822,121,943,0,0.0
2026-04-25T11:12:55.733794+00:00,recovery_scenario,iperf_tcp,10,1,,ryu_controller,499231,47.2,59445248,1439,3237,4676,89,840.6711
2026-04-25T11:12:55.836672+00:00,recovery_scenario,iperf_tcp,10,1,,twin_core,499238,9.7,66465792,823,121,944,1,5.1273
2026-04-25T11:12:55.836672+00:00,recovery_scenario,iperf_tcp,10,1,,ryu_controller,499231,35.9,59445248,1439,3314,4753,77,394.5567
2026-04-25T11:12:56.029444+00:00,recovery_scenario,iperf_tcp,10,1,,twin_core,499238,5.2,66465792,823,121,944,0,0.0
2026-04-25T11:12:56.029444+00:00,recovery_scenario,iperf_tcp,10,1,,ryu_controller,499231,9.9,59445248,1439,3351,4790,37,367.381
2026-04-25T11:12:56.130179+00:00,recovery_scenario,iperf_tcp,10,1,,twin_core,499238,0.0,66465792,823,121,944,0,0.0
2026-04-25T11:12:56.130179+00:00,recovery_scenario,iperf_tcp,10,1,,ryu_controller,499231,29.8,59445248,1439,3428,4867,77,763.8673
2026-04-25T11:12:56.231113+00:00,recovery_scenario,iperf_tcp,10,1,,twin_core,499238,0.0,66465792,823,121,944,0,0.0
2026-04-25T11:12:56.231113+00:00,recovery_scenario,iperf_tcp,10,1,,ryu_controller,499231,29.6,59445248,1439,3526,4965,98,968.9657
2026-04-25T11:12:56.332178+00:00,recovery_scenario,iperf_tcp,10,1,,twin_core,499238,0.0,66465792,824,121,945,1,9.9143
2026-04-25T11:12:56.332178+00:00,recovery_scenario,iperf_tcp,10,1,,ryu_controller,499231,39.7,59449344,1439,3548,4987,22,218.6474
2026-04-25T11:12:56.432786+00:00,recovery_scenario,iperf_tcp,10,1,,twin_core,499238,9.9,66465792,824,121,945,0,0.0
2026-04-25T11:12:56.432786+00:00,recovery_scenario,iperf_tcp,10,1,,ryu_controller,499231,29.8,59453440,1441,3594,5035,48,476.7216
2026-04-25T11:12:56.533411+00:00,recovery_scenario,iperf_tcp,10,1,,twin_core,499238,0.0,66465792,824,121,945,0,0.0
2026-04-25T11:12:56.533411+00:00,recovery_scenario,iperf_tcp,10,1,,ryu_controller,499231,29.2,59457536,1442,3647,5089,54,525.5444
2026-04-25T11:12:56.636942+00:00,recovery_scenario,iperf_tcp,10,1,,twin_core,499238,0.0,66506752,824,121,945,0,0.0
2026-04-25T11:12:56.636942+00:00,recovery_scenario,iperf_tcp,10,1,,ryu_controller,499231,29.6,59457536,1446,3693,5139,50,493.7842
2026-04-25T11:12:56.737409+00:00,recovery_scenario,iperf_tcp,10,1,,twin_core,499238,0.0,66506752,824,121,945,0,0.0
2026-04-25T11:12:56.737409+00:00,recovery_scenario,iperf_tcp,10,1,,ryu_controller,499231,0.0,59457536,1452,3694,5146,7,68.1533
2026-04-25T11:12:56.840714+00:00,recovery_scenario,iperf_tcp,10,1,,twin_core,499238,9.7,66506752,833,127,960,15,145.2625
2026-04-25T11:12:56.840714+00:00,recovery_scenario,iperf_tcp,10,1,,ryu_controller,499231,19.2,59457536,1465,3733,5198,52,510.6892
2026-04-25T11:12:56.941945+00:00,recovery_scenario,iperf_tcp,10,1,,twin_core,499238,0.0,66506752,845,134,979,19,187.5636
2026-04-25T11:12:56.941945+00:00,recovery_scenario,iperf_tcp,10,1,,ryu_controller,499231,39.8,59457536,1473,3804,5277,79,786.2638
2026-04-25T11:12:56.986380+00:00,recovery_scenario,iperf_tcp,10,1,recovery_requested,,,,,,,,,
2026-04-25T11:12:57.042411+00:00,recovery_scenario,iperf_tcp,10,1,,twin_core,499238,10.0,66514944,854,143,997,18,179.2373
2026-04-25T11:12:57.042411+00:00,recovery_scenario,iperf_tcp,10,1,,ryu_controller,499231,29.8,59457536,1487,3850,5337,60,596.6806
2026-04-25T11:12:57.144931+00:00,recovery_scenario,iperf_tcp,10,1,,twin_core,499238,0.0,66514944,854,143,997,0,0.0
2026-04-25T11:12:57.144931+00:00,recovery_scenario,iperf_tcp,10,1,,ryu_controller,499231,19.5,59457536,1509,3911,5420,83,810.5771
2026-04-25T11:12:57.245936+00:00,recovery_scenario,iperf_tcp,10,1,,twin_core,499238,0.0,66514944,854,143,997,0,0.0
2026-04-25T11:12:57.245936+00:00,recovery_scenario,iperf_tcp,10,1,,ryu_controller,499231,19.8,59457536,1527,3980,5507,87,861.3512
2026-04-25T11:12:57.346381+00:00,recovery_scenario,iperf_tcp,10,1,,twin_core,499238,0.0,66514944,854,143,997,0,0.0
2026-04-25T11:12:57.346381+00:00,recovery_scenario,iperf_tcp,10,1,,ryu_controller,499231,39.6,59457536,1541,4079,5620,113,1119.4762
2026-04-25T11:12:57.449835+00:00,recovery_scenario,iperf_tcp,10,1,,twin_core,499238,0.0,66514944,854,143,997,0,0.0
2026-04-25T11:12:57.449835+00:00,recovery_scenario,iperf_tcp,10,1,,ryu_controller,499231,38.8,59457536,1550,4175,5725,105,1019.1193
2026-04-25T11:12:57.551789+00:00,recovery_scenario,iperf_tcp,10,1,,twin_core,499238,0.0,66514944,855,143,998,1,9.8058
2026-04-25T11:12:57.551789+00:00,recovery_scenario,iperf_tcp,10,1,,ryu_controller,499231,29.4,59457536,1553,4286,5839,114,1118.7478
2026-04-25T11:12:57.654744+00:00,recovery_scenario,iperf_tcp,10,1,,twin_core,499238,0.0,66514944,855,143,998,0,0.0
2026-04-25T11:12:57.654744+00:00,recovery_scenario,iperf_tcp,10,1,,ryu_controller,499231,38.9,59457536,1556,4397,5953,114,1107.4859
2026-04-25T11:12:57.755177+00:00,recovery_scenario,iperf_tcp,10,1,,twin_core,499238,0.0,66514944,855,143,998,0,0.0
2026-04-25T11:12:57.755177+00:00,recovery_scenario,iperf_tcp,10,1,,ryu_controller,499231,49.8,59457536,1556,4502,6058,105,1045.9671
2026-04-25T11:12:57.855563+00:00,recovery_scenario,iperf_tcp,10,1,,twin_core,499238,0.0,66514944,855,143,998,0,0.0
2026-04-25T11:12:57.855563+00:00,recovery_scenario,iperf_tcp,10,1,,ryu_controller,499231,29.9,59457536,1556,4628,6184,126,1250.6113
2026-04-25T11:12:57.959899+00:00,recovery_scenario,iperf_tcp,10,1,,twin_core,499238,0.0,66514944,855,143,998,0,0.0
2026-04-25T11:12:57.959899+00:00,recovery_scenario,iperf_tcp,10,1,,ryu_controller,499231,38.4,59461632,1556,4776,6332,148,1422.7525
2026-04-25T11:12:58.060346+00:00,recovery_scenario,iperf_tcp,10,1,,twin_core,499238,0.0,66514944,856,143,999,1,9.9552
2026-04-25T11:12:58.060346+00:00,recovery_scenario,iperf_tcp,10,1,,ryu_controller,499231,49.8,59461632,1556,4852,6408,76,756.0617
2026-04-25T11:12:58.161767+00:00,recovery_scenario,iperf_tcp,10,1,,twin_core,499238,0.0,66514944,856,143,999,0,0.0
2026-04-25T11:12:58.161767+00:00,recovery_scenario,iperf_tcp,10,1,,ryu_controller,499231,39.5,59461632,1556,4942,6498,90,872.7511
2026-04-25T11:12:58.266791+00:00,recovery_scenario,iperf_tcp,10,1,,twin_core,499238,0.0,66514944,856,143,999,0,0.0
2026-04-25T11:12:58.266791+00:00,recovery_scenario,iperf_tcp,10,1,,ryu_controller,499231,47.6,59465728,1556,5197,6753,255,2470.1371
2026-04-25T11:12:58.367219+00:00,recovery_scenario,iperf_tcp,10,1,,twin_core,499238,0.0,66514944,856,143,999,0,0.0
2026-04-25T11:12:58.367219+00:00,recovery_scenario,iperf_tcp,10,1,,ryu_controller,499231,79.6,59469824,1556,5500,7056,303,3016.7008
2026-04-25T11:12:58.468790+00:00,recovery_scenario,iperf_tcp,10,1,,twin_core,499238,0.0,66514944,856,143,999,0,0.0
2026-04-25T11:12:58.468790+00:00,recovery_scenario,iperf_tcp,10,1,,ryu_controller,499231,68.9,59469824,1556,5846,7402,346,3407.2858
2026-04-25T11:12:58.569201+00:00,recovery_scenario,iperf_tcp,10,1,,twin_core,499238,0.0,66514944,857,143,1000,1,9.9581
2026-04-25T11:12:58.569201+00:00,recovery_scenario,iperf_tcp,10,1,,ryu_controller,499231,69.7,59469824,1556,6233,7789,387,3853.0202
2026-04-25T11:12:58.671724+00:00,recovery_scenario,iperf_tcp,10,1,,twin_core,499238,9.8,66514944,857,143,1000,0,0.0
2026-04-25T11:12:58.671724+00:00,recovery_scenario,iperf_tcp,10,1,,ryu_controller,499231,39.0,59469824,1556,6314,7870,81,790.3707
2026-04-25T11:12:58.772123+00:00,recovery_scenario,iperf_tcp,10,1,,twin_core,499238,0.0,66514944,857,143,1000,0,0.0
2026-04-25T11:12:58.772123+00:00,recovery_scenario,iperf_tcp,10,1,,ryu_controller,499231,29.9,59494400,1556,6365,7921,51,508.041
2026-04-25T11:12:58.874785+00:00,recovery_scenario,iperf_tcp,10,1,,twin_core,499238,9.7,66514944,857,143,1000,0,0.0
2026-04-25T11:12:58.874785+00:00,recovery_scenario,iperf_tcp,10,1,,ryu_controller,499231,39.0,59502592,1556,6452,8008,87,846.9835
2026-04-25T11:12:58.975248+00:00,recovery_scenario,iperf_tcp,10,1,,twin_core,499238,0.0,66514944,857,143,1000,0,0.0
2026-04-25T11:12:58.975248+00:00,recovery_scenario,iperf_tcp,10,1,,ryu_controller,499231,49.7,59502592,1556,6508,8064,56,557.1868
2026-04-25T11:12:59.083722+00:00,recovery_scenario,iperf_tcp,10,1,,twin_core,499238,0.0,66514944,858,144,1002,2,18.4451
2026-04-25T11:12:59.083722+00:00,recovery_scenario,iperf_tcp,10,1,,ryu_controller,499231,36.9,59510784,1556,6642,8198,134,1236.0441
2026-04-25T11:12:59.186731+00:00,recovery_scenario,iperf_tcp,10,1,,twin_core,499238,0.0,66514944,858,144,1002,0,0.0
2026-04-25T11:12:59.186731+00:00,recovery_scenario,iperf_tcp,10,1,,ryu_controller,499231,48.5,59514880,1556,6814,8370,172,1669.8142
2026-04-25T11:12:59.287200+00:00,recovery_scenario,iperf_tcp,10,1,,twin_core,499238,0.0,66514944,858,144,1002,0,0.0
2026-04-25T11:12:59.287200+00:00,recovery_scenario,iperf_tcp,10,1,,ryu_controller,499231,39.8,59514880,1556,6963,8519,149,1481.8759
2026-04-25T11:12:59.390270+00:00,recovery_scenario,iperf_tcp,10,1,,twin_core,499238,0.0,66514944,858,144,1002,0,0.0
2026-04-25T11:12:59.390270+00:00,recovery_scenario,iperf_tcp,10,1,,ryu_controller,499231,48.5,59514880,1556,7183,8739,220,2132.6325
2026-04-25T11:12:59.490877+00:00,recovery_scenario,iperf_tcp,10,1,,twin_core,499238,0.0,66514944,858,144,1002,0,0.0
2026-04-25T11:12:59.490877+00:00,recovery_scenario,iperf_tcp,10,1,,ryu_controller,499231,59.7,59514880,1556,7437,8993,254,2529.4233
2026-04-25T11:12:59.591272+00:00,recovery_scenario,iperf_tcp,10,1,,twin_core,499238,0.0,66514944,859,144,1003,1,9.9609
2026-04-25T11:12:59.591272+00:00,recovery_scenario,iperf_tcp,10,1,,ryu_controller,499231,69.7,59514880,1556,7600,9156,163,1623.6108
2026-04-25T11:12:59.693111+00:00,recovery_scenario,iperf_tcp,10,1,,twin_core,499238,0.0,66514944,859,144,1003,0,0.0
2026-04-25T11:12:59.693111+00:00,recovery_scenario,iperf_tcp,10,1,,ryu_controller,499231,68.7,59514880,1556,7772,9328,172,1688.7584
2026-04-25T11:12:59.793519+00:00,recovery_scenario,iperf_tcp,10,1,,twin_core,499238,0.0,66514944,859,144,1003,0,0.0
2026-04-25T11:12:59.793519+00:00,recovery_scenario,iperf_tcp,10,1,,ryu_controller,499231,69.3,59514880,1556,7986,9542,214,2117.5046
2026-04-25T11:12:59.897399+00:00,recovery_scenario,iperf_tcp,10,1,,twin_core,499238,0.0,66514944,859,144,1003,0,0.0
2026-04-25T11:12:59.897399+00:00,recovery_scenario,iperf_tcp,10,1,,ryu_controller,499231,67.8,59514880,1556,8211,9767,225,2176.0906
2026-04-25T11:12:59.997990+00:00,recovery_scenario,iperf_tcp,10,1,,twin_core,499238,0.0,66514944,859,144,1003,0,0.0
2026-04-25T11:12:59.997990+00:00,recovery_scenario,iperf_tcp,10,1,,ryu_controller,499231,59.6,59518976,1556,8431,9987,220,2188.431
2026-04-25T11:13:00.098542+00:00,recovery_scenario,iperf_tcp,10,1,,twin_core,499238,0.0,66514944,860,144,1004,1,9.922
2026-04-25T11:13:00.098542+00:00,recovery_scenario,iperf_tcp,10,1,,ryu_controller,499231,79.4,59535360,1556,8672,10228,241,2392.926
2026-04-25T11:13:00.199220+00:00,recovery_scenario,iperf_tcp,10,1,,twin_core,499238,0.0,66514944,860,144,1004,0,0.0
2026-04-25T11:13:00.199220+00:00,recovery_scenario,iperf_tcp,10,1,,ryu_controller,499231,79.7,59535360,1556,8904,10460,232,2310.7153
2026-04-25T11:13:00.300943+00:00,recovery_scenario,iperf_tcp,10,1,,twin_core,499238,0.0,66514944,860,144,1004,0,0.0
2026-04-25T11:13:00.300943+00:00,recovery_scenario,iperf_tcp,10,1,,ryu_controller,499231,68.7,59535360,1556,9181,10737,277,2717.9875
2026-04-25T11:13:00.401543+00:00,recovery_scenario,iperf_tcp,10,1,,twin_core,499238,0.0,66514944,860,144,1004,0,0.0
2026-04-25T11:13:00.401543+00:00,recovery_scenario,iperf_tcp,10,1,,ryu_controller,499231,69.6,59535360,1556,9453,11009,272,2704.5576
2026-04-25T11:13:00.502209+00:00,recovery_scenario,iperf_tcp,10,1,,twin_core,499238,9.9,66514944,860,144,1004,0,0.0
2026-04-25T11:13:00.502209+00:00,recovery_scenario,iperf_tcp,10,1,,ryu_controller,499231,79.4,59535360,1556,9740,11296,287,2845.7219
2026-04-25T11:13:00.605744+00:00,recovery_scenario,iperf_tcp,10,1,,twin_core,499238,0.0,66514944,861,144,1005,1,9.6722
2026-04-25T11:13:00.605744+00:00,recovery_scenario,iperf_tcp,10,1,,ryu_controller,499231,67.7,59535360,1556,10061,11617,321,3097.7202
2026-04-25T11:13:00.710724+00:00,recovery_scenario,iperf_tcp,10,1,,twin_core,499238,0.0,66514944,861,144,1005,0,0.0
2026-04-25T11:13:00.710724+00:00,recovery_scenario,iperf_tcp,10,1,,ryu_controller,499231,76.3,59535360,1556,10341,11897,280,2678.156
2026-04-25T11:13:00.811140+00:00,recovery_scenario,iperf_tcp,10,1,,twin_core,499238,10.0,66543616,861,144,1005,0,0.0
2026-04-25T11:13:00.811140+00:00,recovery_scenario,iperf_tcp,10,1,,ryu_controller,499231,39.8,59535360,1566,10524,12090,193,1920.8786
2026-04-25T11:13:00.911691+00:00,recovery_scenario,iperf_tcp,10,1,,twin_core,499238,0.0,66543616,861,144,1005,0,0.0
2026-04-25T11:13:00.911691+00:00,recovery_scenario,iperf_tcp,10,1,,ryu_controller,499231,0.0,59535360,1572,10528,12100,10,99.4828
2026-04-25T11:13:01.012138+00:00,recovery_scenario,iperf_tcp,10,1,,twin_core,499238,0.0,66543616,861,144,1005,0,0.0
2026-04-25T11:13:01.012138+00:00,recovery_scenario,iperf_tcp,10,1,,ryu_controller,499231,0.0,59535360,1575,10534,12109,9,89.5712
2026-04-25T11:13:01.115765+00:00,recovery_scenario,iperf_tcp,10,1,,twin_core,499238,9.7,66543616,884,156,1040,35,337.94
2026-04-25T11:13:01.115765+00:00,recovery_scenario,iperf_tcp,10,1,,ryu_controller,499231,38.6,59535360,1600,10627,12227,118,1139.5166
2026-04-25T11:13:01.145105+00:00,recovery_scenario,iperf_tcp,10,1,scenario_teardown,,,,,,,,,
2026-04-25T11:13:01.216436+00:00,recovery_scenario,iperf_tcp,10,1,,twin_core,499238,9.9,66551808,903,165,1068,28,277.5391
2026-04-25T11:13:01.216436+00:00,recovery_scenario,iperf_tcp,10,1,,ryu_controller,499231,29.7,59535360,1616,10665,12281,54,535.0754
2026-04-25T11:13:01.317129+00:00,recovery_scenario,iperf_tcp,10,1,,twin_core,499238,0.0,66551808,929,165,1094,26,258.7141
2026-04-25T11:13:01.317129+00:00,recovery_scenario,iperf_tcp,10,1,,ryu_controller,499231,10.0,59535360,1630,10674,12304,23,228.9367
2026-04-25T11:13:01.417577+00:00,recovery_scenario,iperf_tcp,10,1,,twin_core,499238,0.0,66551808,944,165,1109,15,149.1632
2026-04-25T11:13:01.417577+00:00,recovery_scenario,iperf_tcp,10,1,,ryu_controller,499231,9.9,59535360,1636,10675,12311,7,69.5853
2026-04-25T11:13:01.518179+00:00,recovery_scenario,iperf_tcp,10,1,,twin_core,499238,0.0,66551808,944,165,1109,0,0.0
2026-04-25T11:13:01.518179+00:00,recovery_scenario,iperf_tcp,10,1,,ryu_controller,499231,10.0,59535360,1651,10676,12327,16,159.2479
2026-04-25T11:13:04.860320+00:00,recovery_scenario,iperf_tcp,50,1,,twin_core,500271,0.0,65208320,401,79,480,0,0.0
2026-04-25T11:13:04.860320+00:00,recovery_scenario,iperf_tcp,50,1,,ryu_controller,500264,0.0,57638912,6,6,12,0,0.0
2026-04-25T11:13:04.962050+00:00,recovery_scenario,iperf_tcp,50,1,,twin_core,500271,0.0,65232896,440,86,526,46,457.2098
2026-04-25T11:13:04.962050+00:00,recovery_scenario,iperf_tcp,50,1,,ryu_controller,500264,49.7,57974784,13,20,33,21,208.9736
2026-04-25T11:13:05.062808+00:00,recovery_scenario,iperf_tcp,50,1,,twin_core,500271,19.9,65236992,535,86,621,95,942.9329
2026-04-25T11:13:05.062808+00:00,recovery_scenario,iperf_tcp,50,1,,ryu_controller,500264,19.9,57995264,34,23,57,24,238.251
2026-04-25T11:13:05.132350+00:00,recovery_scenario,iperf_tcp,50,1,service_started,,,,,,,,,
2026-04-25T11:13:05.163730+00:00,recovery_scenario,iperf_tcp,50,1,,twin_core,500271,9.9,65892352,600,87,687,66,653.5893
2026-04-25T11:13:05.163730+00:00,recovery_scenario,iperf_tcp,50,1,,ryu_controller,500264,49.5,58089472,85,30,115,58,574.2021
2026-04-25T11:13:05.264233+00:00,recovery_scenario,iperf_tcp,50,1,,twin_core,500271,9.9,66035712,601,87,688,1,9.9516
2026-04-25T11:13:05.264233+00:00,recovery_scenario,iperf_tcp,50,1,,ryu_controller,500264,29.9,58122240,128,30,158,43,427.9669
2026-04-25T11:13:05.364753+00:00,recovery_scenario,iperf_tcp,50,1,,twin_core,500271,0.0,66035712,601,87,688,0,0.0
2026-04-25T11:13:05.364753+00:00,recovery_scenario,iperf_tcp,50,1,,ryu_controller,500264,9.9,58130432,153,30,183,25,248.6614
2026-04-25T11:13:05.465246+00:00,recovery_scenario,iperf_tcp,50,1,,twin_core,500271,0.0,66035712,601,87,688,0,0.0
2026-04-25T11:13:05.465246+00:00,recovery_scenario,iperf_tcp,50,1,,ryu_controller,500264,19.9,58142720,173,30,203,20,198.9431
2026-04-25T11:13:05.565876+00:00,recovery_scenario,iperf_tcp,50,1,,twin_core,500271,0.0,66035712,601,87,688,0,0.0
2026-04-25T11:13:05.565876+00:00,recovery_scenario,iperf_tcp,50,1,,ryu_controller,500264,29.8,58150912,208,30,238,35,348.0934
2026-04-25T11:13:05.666332+00:00,recovery_scenario,iperf_tcp,50,1,,twin_core,500271,0.0,66035712,601,87,688,0,0.0
2026-04-25T11:13:05.666332+00:00,recovery_scenario,iperf_tcp,50,1,,ryu_controller,500264,29.8,58159104,248,30,278,40,397.3822
2026-04-25T11:13:05.770944+00:00,recovery_scenario,iperf_tcp,50,1,,twin_core,500271,0.0,66035712,601,87,688,0,0.0
2026-04-25T11:13:05.770944+00:00,recovery_scenario,iperf_tcp,50,1,,ryu_controller,500264,9.6,58163200,265,30,295,17,162.6123
2026-04-25T11:13:05.874762+00:00,recovery_scenario,iperf_tcp,50,1,,twin_core,500271,0.0,66035712,601,87,688,0,0.0
2026-04-25T11:13:05.874762+00:00,recovery_scenario,iperf_tcp,50,1,,ryu_controller,500264,9.6,58163200,275,30,305,10,96.3051
2026-04-25T11:13:05.976755+00:00,recovery_scenario,iperf_tcp,50,1,,twin_core,500271,0.0,66035712,601,87,688,0,0.0
2026-04-25T11:13:05.976755+00:00,recovery_scenario,iperf_tcp,50,1,,ryu_controller,500264,9.8,58167296,289,30,319,14,137.3952
2026-04-25T11:13:06.077242+00:00,recovery_scenario,iperf_tcp,50,1,,twin_core,500271,0.0,66035712,601,87,688,0,0.0
2026-04-25T11:13:06.077242+00:00,recovery_scenario,iperf_tcp,50,1,,ryu_controller,500264,19.9,58171392,310,31,341,22,219.0699
2026-04-25T11:13:06.177694+00:00,recovery_scenario,iperf_tcp,50,1,,twin_core,500271,0.0,66035712,601,87,688,0,0.0
2026-04-25T11:13:06.177694+00:00,recovery_scenario,iperf_tcp,50,1,,ryu_controller,500264,9.9,58179584,347,32,379,38,377.9798
2026-04-25T11:13:06.278224+00:00,recovery_scenario,iperf_tcp,50,1,,twin_core,500271,0.0,66035712,601,87,688,0,0.0
2026-04-25T11:13:06.278224+00:00,recovery_scenario,iperf_tcp,50,1,,ryu_controller,500264,29.8,58187776,369,32,401,22,218.9042
2026-04-25T11:13:06.378696+00:00,recovery_scenario,iperf_tcp,50,1,,twin_core,500271,0.0,66035712,601,87,688,0,0.0
2026-04-25T11:13:06.378696+00:00,recovery_scenario,iperf_tcp,50,1,,ryu_controller,500264,29.9,58195968,392,32,424,23,229.0879
2026-04-25T11:13:06.479144+00:00,recovery_scenario,iperf_tcp,50,1,,twin_core,500271,0.0,66035712,601,87,688,0,0.0
2026-04-25T11:13:06.479144+00:00,recovery_scenario,iperf_tcp,50,1,,ryu_controller,500264,0.0,58195968,401,32,433,9,89.4222
2026-04-25T11:13:06.602222+00:00,recovery_scenario,iperf_tcp,50,1,,twin_core,500271,0.0,66035712,601,87,688,0,0.0
2026-04-25T11:13:06.602222+00:00,recovery_scenario,iperf_tcp,50,1,,ryu_controller,500264,16.1,58200064,416,34,450,17,136.8749
2026-04-25T11:13:06.704062+00:00,recovery_scenario,iperf_tcp,50,1,,twin_core,500271,0.0,66035712,601,87,688,0,0.0
2026-04-25T11:13:06.704062+00:00,recovery_scenario,iperf_tcp,50,1,,ryu_controller,500264,49.6,58220544,442,34,476,26,258.3904
2026-04-25T11:13:06.810457+00:00,recovery_scenario,iperf_tcp,50,1,,twin_core,500271,0.0,66035712,601,87,688,0,0.0
2026-04-25T11:13:06.810457+00:00,recovery_scenario,iperf_tcp,50,1,,ryu_controller,500264,37.5,58302464,482,34,516,40,375.1803
2026-04-25T11:13:06.911242+00:00,recovery_scenario,iperf_tcp,50,1,,twin_core,500271,0.0,66035712,601,87,688,0,0.0
2026-04-25T11:13:06.911242+00:00,recovery_scenario,iperf_tcp,50,1,,ryu_controller,500264,89.5,58335232,514,35,549,33,328.3825
2026-04-25T11:13:07.016781+00:00,recovery_scenario,iperf_tcp,50,1,,twin_core,500271,9.5,66035712,601,87,688,0,0.0
2026-04-25T11:13:07.016781+00:00,recovery_scenario,iperf_tcp,50,1,,ryu_controller,500264,9.5,58335232,537,35,572,23,217.675
2026-04-25T11:13:07.117355+00:00,recovery_scenario,iperf_tcp,50,1,,twin_core,500271,0.0,66035712,601,87,688,0,0.0
2026-04-25T11:13:07.117355+00:00,recovery_scenario,iperf_tcp,50,1,,ryu_controller,500264,10.0,58335232,548,35,583,11,109.413
2026-04-25T11:13:07.217894+00:00,recovery_scenario,iperf_tcp,50,1,,twin_core,500271,0.0,66035712,601,87,688,0,0.0
2026-04-25T11:13:07.217894+00:00,recovery_scenario,iperf_tcp,50,1,,ryu_controller,500264,29.8,58363904,585,35,620,37,368.2014
2026-04-25T11:13:07.318408+00:00,recovery_scenario,iperf_tcp,50,1,,twin_core,500271,19.9,66097152,609,87,696,8,79.5557
2026-04-25T11:13:07.318408+00:00,recovery_scenario,iperf_tcp,50,1,,ryu_controller,500264,39.7,58368000,627,35,662,42,416.1038
2026-04-25T11:13:07.422799+00:00,recovery_scenario,iperf_tcp,50,1,,twin_core,500271,0.0,66097152,617,87,704,8,76.6294
2026-04-25T11:13:07.422799+00:00,recovery_scenario,iperf_tcp,50,1,,ryu_controller,500264,19.2,58372096,653,35,688,26,249.9856
2026-04-25T11:13:07.524940+00:00,recovery_scenario,iperf_tcp,50,1,,twin_core,500271,0.0,66097152,619,87,706,2,19.5688
2026-04-25T11:13:07.524940+00:00,recovery_scenario,iperf_tcp,50,1,,ryu_controller,500264,9.8,58376192,664,35,699,11,107.6054
2026-04-25T11:13:07.625549+00:00,recovery_scenario,iperf_tcp,50,1,,twin_core,500271,0.0,66097152,620,87,707,1,9.9354
2026-04-25T11:13:07.625549+00:00,recovery_scenario,iperf_tcp,50,1,,ryu_controller,500264,9.9,58380288,685,35,720,21,208.7074
2026-04-25T11:13:07.727256+00:00,recovery_scenario,iperf_tcp,50,1,,twin_core,500271,0.0,66097152,623,87,710,3,29.5174
2026-04-25T11:13:07.727256+00:00,recovery_scenario,iperf_tcp,50,1,,ryu_controller,500264,9.8,58384384,693,35,728,8,78.6842
2026-04-25T11:13:07.829536+00:00,recovery_scenario,iperf_tcp,50,1,,twin_core,500271,0.0,66097152,626,87,713,3,29.3359
2026-04-25T11:13:07.829536+00:00,recovery_scenario,iperf_tcp,50,1,,ryu_controller,500264,0.0,58384384,717,35,752,24,234.7963
2026-04-25T11:13:07.934436+00:00,recovery_scenario,iperf_tcp,50,1,,twin_core,500271,0.0,66097152,627,87,714,1,9.5285
2026-04-25T11:13:07.934436+00:00,recovery_scenario,iperf_tcp,50,1,,ryu_controller,500264,9.5,58384384,732,35,767,15,142.449
2026-04-25T11:13:08.038002+00:00,recovery_scenario,iperf_tcp,50,1,,twin_core,500271,0.0,66097152,634,87,721,7,67.6411
2026-04-25T11:13:08.038002+00:00,recovery_scenario,iperf_tcp,50,1,,ryu_controller,500264,29.1,58384384,741,35,776,9,87.2572
2026-04-25T11:13:08.138512+00:00,recovery_scenario,iperf_tcp,50,1,,twin_core,500271,9.9,66097152,639,87,726,5,49.6575
2026-04-25T11:13:08.138512+00:00,recovery_scenario,iperf_tcp,50,1,,ryu_controller,500264,19.9,58388480,760,35,795,19,188.5682
2026-04-25T11:13:08.239547+00:00,recovery_scenario,iperf_tcp,50,1,,twin_core,500271,9.9,66097152,642,87,729,3,26.6766
2026-04-25T11:13:08.239547+00:00,recovery_scenario,iperf_tcp,50,1,,ryu_controller,500264,44.4,58388480,772,35,807,12,106.1436
2026-04-25T11:13:08.353301+00:00,recovery_scenario,iperf_tcp,50,1,,twin_core,500271,0.0,66097152,645,87,732,3,29.3726
2026-04-25T11:13:08.353301+00:00,recovery_scenario,iperf_tcp,50,1,,ryu_controller,500264,9.8,58388480,780,36,816,9,88.5641
2026-04-25T11:13:08.453931+00:00,recovery_scenario,iperf_tcp,50,1,,twin_core,500271,0.0,66097152,648,87,735,3,29.8008
2026-04-25T11:13:08.453931+00:00,recovery_scenario,iperf_tcp,50,1,,ryu_controller,500264,9.9,58392576,794,36,830,14,139.225
2026-04-25T11:13:08.554496+00:00,recovery_scenario,iperf_tcp,50,1,,twin_core,500271,0.0,66097152,654,87,741,6,59.6563
2026-04-25T11:13:08.554496+00:00,recovery_scenario,iperf_tcp,50,1,,ryu_controller,500264,9.9,58396672,804,36,840,10,99.3731
2026-04-25T11:13:08.655236+00:00,recovery_scenario,iperf_tcp,50,1,,twin_core,500271,0.0,66097152,660,87,747,6,59.5821
2026-04-25T11:13:08.655236+00:00,recovery_scenario,iperf_tcp,50,1,,ryu_controller,500264,19.9,58396672,820,36,856,16,159.0012
2026-04-25T11:13:08.755922+00:00,recovery_scenario,iperf_tcp,50,1,,twin_core,500271,0.0,66097152,663,87,750,3,29.7781
2026-04-25T11:13:08.755922+00:00,recovery_scenario,iperf_tcp,50,1,,ryu_controller,500264,9.9,58396672,834,36,870,14,138.9336
2026-04-25T11:13:08.856515+00:00,recovery_scenario,iperf_tcp,50,1,,twin_core,500271,0.0,66097152,666,87,753,3,29.8371
2026-04-25T11:13:08.856515+00:00,recovery_scenario,iperf_tcp,50,1,,ryu_controller,500264,10.0,58396672,847,36,883,13,128.8838
2026-04-25T11:13:08.957510+00:00,recovery_scenario,iperf_tcp,50,1,,twin_core,500271,0.0,66097152,669,87,756,3,29.6592
2026-04-25T11:13:08.957510+00:00,recovery_scenario,iperf_tcp,50,1,,ryu_controller,500264,39.5,58466304,880,36,916,33,326.8356
2026-04-25T11:13:09.058486+00:00,recovery_scenario,iperf_tcp,50,1,,twin_core,500271,0.0,66097152,669,87,756,0,0.0
2026-04-25T11:13:09.058486+00:00,recovery_scenario,iperf_tcp,50,1,,ryu_controller,500264,29.7,58470400,910,37,947,31,307.4913
2026-04-25T11:13:09.159215+00:00,recovery_scenario,iperf_tcp,50,1,,twin_core,500271,9.9,66097152,678,87,765,9,89.4748
2026-04-25T11:13:09.159215+00:00,recovery_scenario,iperf_tcp,50,1,,ryu_controller,500264,0.0,58470400,912,37,949,2,19.8859
2026-04-25T11:13:09.259750+00:00,recovery_scenario,iperf_tcp,50,1,,twin_core,500271,19.9,66097152,684,87,771,6,59.7109
2026-04-25T11:13:09.259750+00:00,recovery_scenario,iperf_tcp,50,1,,ryu_controller,500264,29.9,58470400,938,38,976,27,268.6975
2026-04-25T11:13:09.360208+00:00,recovery_scenario,iperf_tcp,50,1,,twin_core,500271,0.0,66195456,690,87,777,6,59.6811
2026-04-25T11:13:09.360208+00:00,recovery_scenario,iperf_tcp,50,1,,ryu_controller,500264,69.6,58482688,981,38,1019,43,427.7046
2026-04-25T11:13:09.462982+00:00,recovery_scenario,iperf_tcp,50,1,,twin_core,500271,9.7,66195456,690,87,777,0,0.0
2026-04-25T11:13:09.462982+00:00,recovery_scenario,iperf_tcp,50,1,,ryu_controller,500264,9.7,58482688,990,38,1028,9,87.6026
2026-04-25T11:13:09.563503+00:00,recovery_scenario,iperf_tcp,50,1,,twin_core,500271,9.9,66195456,696,87,783,6,59.6808
2026-04-25T11:13:09.563503+00:00,recovery_scenario,iperf_tcp,50,1,,ryu_controller,500264,0.0,58482688,998,38,1036,8,79.5765
2026-04-25T11:13:09.664016+00:00,recovery_scenario,iperf_tcp,50,1,,twin_core,500271,0.0,66195456,708,87,795,12,119.4871
2026-04-25T11:13:09.664016+00:00,recovery_scenario,iperf_tcp,50,1,,ryu_controller,500264,10.0,58482688,1013,38,1051,15,149.3689
2026-04-25T11:13:09.764567+00:00,recovery_scenario,iperf_tcp,50,1,,twin_core,500271,0.0,66195456,711,87,798,3,29.7963
2026-04-25T11:13:09.764567+00:00,recovery_scenario,iperf_tcp,50,1,,ryu_controller,500264,19.9,58482688,1035,38,1073,22,218.4946
2026-04-25T11:13:09.866291+00:00,recovery_scenario,iperf_tcp,50,1,,twin_core,500271,0.0,66195456,711,87,798,0,0.0
2026-04-25T11:13:09.866291+00:00,recovery_scenario,iperf_tcp,50,1,,ryu_controller,500264,9.8,58482688,1050,38,1088,15,147.4606
2026-04-25T11:13:09.968374+00:00,recovery_scenario,iperf_tcp,50,1,,twin_core,500271,0.0,66195456,717,87,804,6,58.7825
2026-04-25T11:13:09.968374+00:00,recovery_scenario,iperf_tcp,50,1,,ryu_controller,500264,9.8,58482688,1074,38,1112,24,234.9893
2026-04-25T11:13:10.069075+00:00,recovery_scenario,iperf_tcp,50,1,,twin_core,500271,0.0,66195456,723,87,810,6,59.5374
2026-04-25T11:13:10.069075+00:00,recovery_scenario,iperf_tcp,50,1,,ryu_controller,500264,19.9,58482688,1089,38,1127,15,148.9846
2026-04-25T11:13:10.169712+00:00,recovery_scenario,iperf_tcp,50,1,,twin_core,500271,0.0,66195456,732,87,819,9,89.4911
2026-04-25T11:13:10.169712+00:00,recovery_scenario,iperf_tcp,50,1,,ryu_controller,500264,19.9,58482688,1112,39,1151,24,238.6738
2026-04-25T11:13:10.270308+00:00,recovery_scenario,iperf_tcp,50,1,,twin_core,500271,0.0,66195456,732,87,819,0,0.0
2026-04-25T11:13:10.270308+00:00,recovery_scenario,iperf_tcp,50,1,,ryu_controller,500264,19.9,58486784,1141,39,1180,29,287.7044
2026-04-25T11:13:10.371044+00:00,recovery_scenario,iperf_tcp,50,1,,twin_core,500271,9.9,66195456,735,87,822,3,29.7938
2026-04-25T11:13:10.371044+00:00,recovery_scenario,iperf_tcp,50,1,,ryu_controller,500264,9.9,58486784,1173,39,1212,32,318.5039
2026-04-25T11:13:10.471493+00:00,recovery_scenario,iperf_tcp,50,1,,twin_core,500271,0.0,66195456,744,87,831,9,89.5323
2026-04-25T11:13:10.471493+00:00,recovery_scenario,iperf_tcp,50,1,,ryu_controller,500264,0.0,58486784,1177,39,1216,4,39.7812
2026-04-25T11:13:10.572076+00:00,recovery_scenario,iperf_tcp,50,1,,twin_core,500271,0.0,66195456,753,87,840,9,89.5352
2026-04-25T11:13:10.572076+00:00,recovery_scenario,iperf_tcp,50,1,,ryu_controller,500264,9.9,58486784,1193,39,1232,16,159.0265
2026-04-25T11:13:10.672784+00:00,recovery_scenario,iperf_tcp,50,1,,twin_core,500271,0.0,66195456,753,87,840,0,0.0
2026-04-25T11:13:10.672784+00:00,recovery_scenario,iperf_tcp,50,1,,ryu_controller,500264,29.8,58486784,1220,39,1259,27,268.5478
2026-04-25T11:13:10.777115+00:00,recovery_scenario,iperf_tcp,50,1,,twin_core,500271,0.0,66195456,756,87,843,3,28.7296
2026-04-25T11:13:10.777115+00:00,recovery_scenario,iperf_tcp,50,1,,ryu_controller,500264,9.6,58486784,1228,39,1267,8,76.5864
2026-04-25T11:13:10.880391+00:00,recovery_scenario,iperf_tcp,50,1,,twin_core,500271,0.0,66195456,762,87,849,6,57.9536
2026-04-25T11:13:10.880391+00:00,recovery_scenario,iperf_tcp,50,1,,ryu_controller,500264,0.0,58486784,1231,39,1270,3,28.9282
2026-04-25T11:13:10.981369+00:00,recovery_scenario,iperf_tcp,50,1,,twin_core,500271,0.0,66195456,768,87,855,6,59.6141
2026-04-25T11:13:10.981369+00:00,recovery_scenario,iperf_tcp,50,1,,ryu_controller,500264,0.0,58486784,1234,39,1273,3,29.8244
2026-04-25T11:13:11.081985+00:00,recovery_scenario,iperf_tcp,50,1,,twin_core,500271,0.0,66195456,771,87,858,3,29.8245
2026-04-25T11:13:11.081985+00:00,recovery_scenario,iperf_tcp,50,1,,ryu_controller,500264,79.5,58527744,1266,39,1305,32,318.5961
2026-04-25T11:13:11.184333+00:00,recovery_scenario,iperf_tcp,50,1,,twin_core,500271,0.0,66195456,774,87,861,3,29.2874
2026-04-25T11:13:11.184333+00:00,recovery_scenario,iperf_tcp,50,1,,ryu_controller,500264,29.2,58527744,1286,40,1326,21,204.6468
2026-04-25T11:13:11.218993+00:00,recovery_scenario,iperf_tcp,50,1,pingall_completed,,,,,,,,,
2026-04-25T11:13:11.288837+00:00,recovery_scenario,iperf_tcp,50,1,,twin_core,500271,9.6,66203648,786,87,873,12,114.811
2026-04-25T11:13:11.288837+00:00,recovery_scenario,iperf_tcp,50,1,,ryu_controller,500264,0.0,58527744,1290,40,1330,4,38.3262
2026-04-25T11:13:11.389424+00:00,recovery_scenario,iperf_tcp,50,1,,twin_core,500271,0.0,66203648,786,87,873,0,0.0
2026-04-25T11:13:11.389424+00:00,recovery_scenario,iperf_tcp,50,1,,ryu_controller,500264,49.7,58621952,1318,40,1358,28,278.4188
2026-04-25T11:13:11.497125+00:00,recovery_scenario,iperf_tcp,50,1,,twin_core,500271,9.3,66277376,786,87,873,0,0.0
2026-04-25T11:13:11.497125+00:00,recovery_scenario,iperf_tcp,50,1,,ryu_controller,500264,27.8,58724352,1345,40,1385,27,250.5684
2026-04-25T11:13:11.597708+00:00,recovery_scenario,iperf_tcp,50,1,,twin_core,500271,0.0,66277376,786,87,873,0,0.0
2026-04-25T11:13:11.597708+00:00,recovery_scenario,iperf_tcp,50,1,,ryu_controller,500264,10.0,58724352,1349,40,1389,4,39.806
2026-04-25T11:13:11.700028+00:00,recovery_scenario,iperf_tcp,50,1,,twin_core,500271,0.0,66277376,786,87,873,0,0.0
2026-04-25T11:13:11.700028+00:00,recovery_scenario,iperf_tcp,50,1,,ryu_controller,500264,0.0,58724352,1353,40,1393,4,39.0792
2026-04-25T11:13:11.809627+00:00,recovery_scenario,iperf_tcp,50,1,,twin_core,500271,0.0,66277376,786,87,873,0,0.0
2026-04-25T11:13:11.809627+00:00,recovery_scenario,iperf_tcp,50,1,,ryu_controller,500264,0.0,58724352,1356,40,1396,3,27.3329
2026-04-25T11:13:11.917387+00:00,recovery_scenario,iperf_tcp,50,1,,twin_core,500271,0.0,66277376,786,87,873,0,0.0
2026-04-25T11:13:11.917387+00:00,recovery_scenario,iperf_tcp,50,1,,ryu_controller,500264,0.0,58724352,1359,40,1399,3,27.713
2026-04-25T11:13:12.028760+00:00,recovery_scenario,iperf_tcp,50,1,,twin_core,500271,0.0,66277376,786,87,873,0,0.0
2026-04-25T11:13:12.028760+00:00,recovery_scenario,iperf_tcp,50,1,,ryu_controller,500264,0.0,58724352,1367,41,1408,9,80.7633
2026-04-25T11:13:12.130091+00:00,recovery_scenario,iperf_tcp,50,1,,twin_core,500271,0.0,66277376,786,87,873,0,0.0
2026-04-25T11:13:12.130091+00:00,recovery_scenario,iperf_tcp,50,1,,ryu_controller,500264,9.9,58724352,1381,41,1422,14,138.9604
2026-04-25T11:13:12.265146+00:00,recovery_scenario,iperf_tcp,50,1,,twin_core,500271,7.4,66281472,791,88,879,6,44.2063
2026-04-25T11:13:12.265146+00:00,recovery_scenario,iperf_tcp,50,1,,ryu_controller,500264,0.0,58724352,1385,41,1426,4,29.4486
2026-04-25T11:13:12.366729+00:00,recovery_scenario,iperf_tcp,50,1,,twin_core,500271,0.0,66281472,791,88,879,0,0.0
2026-04-25T11:13:12.366729+00:00,recovery_scenario,iperf_tcp,50,1,,ryu_controller,500264,9.9,58724352,1392,41,1433,7,69.4858
2026-04-25T11:13:12.467313+00:00,recovery_scenario,iperf_tcp,50,1,,twin_core,500271,0.0,66281472,791,88,879,0,0.0
2026-04-25T11:13:12.467313+00:00,recovery_scenario,iperf_tcp,50,1,,ryu_controller,500264,0.0,58724352,1412,41,1453,20,198.6918
2026-04-25T11:13:12.569295+00:00,recovery_scenario,iperf_tcp,50,1,,twin_core,500271,0.0,66281472,791,88,879,0,0.0
2026-04-25T11:13:12.569295+00:00,recovery_scenario,iperf_tcp,50,1,,ryu_controller,500264,0.0,58724352,1416,42,1458,5,49.0795
2026-04-25T11:13:12.669842+00:00,recovery_scenario,iperf_tcp,50,1,,twin_core,500271,0.0,66281472,791,88,879,0,0.0
2026-04-25T11:13:12.669842+00:00,recovery_scenario,iperf_tcp,50,1,,ryu_controller,500264,0.0,58724352,1420,44,1464,6,59.6647
2026-04-25T11:13:12.771791+00:00,recovery_scenario,iperf_tcp,50,1,,twin_core,500271,0.0,66281472,791,88,879,0,0.0
2026-04-25T11:13:12.771791+00:00,recovery_scenario,iperf_tcp,50,1,,ryu_controller,500264,0.0,58724352,1424,46,1470,6,58.8773
2026-04-25T11:13:12.873759+00:00,recovery_scenario,iperf_tcp,50,1,,twin_core,500271,0.0,66281472,791,88,879,0,0.0
2026-04-25T11:13:12.873759+00:00,recovery_scenario,iperf_tcp,50,1,,ryu_controller,500264,0.0,58724352,1426,49,1475,5,49.0005
2026-04-25T11:13:12.976823+00:00,recovery_scenario,iperf_tcp,50,1,,twin_core,500271,0.0,66281472,791,88,879,0,0.0
2026-04-25T11:13:12.976823+00:00,recovery_scenario,iperf_tcp,50,1,,ryu_controller,500264,9.7,58724352,1431,51,1482,7,67.9861
2026-04-25T11:13:13.077364+00:00,recovery_scenario,iperf_tcp,50,1,,twin_core,500271,0.0,66281472,791,88,879,0,0.0
2026-04-25T11:13:13.077364+00:00,recovery_scenario,iperf_tcp,50,1,,ryu_controller,500264,0.0,58724352,1435,64,1499,17,168.7043
2026-04-25T11:13:13.179480+00:00,recovery_scenario,iperf_tcp,50,1,,twin_core,500271,0.0,66281472,791,88,879,0,0.0
2026-04-25T11:13:13.179480+00:00,recovery_scenario,iperf_tcp,50,1,,ryu_controller,500264,38.7,58732544,1441,174,1615,116,1122.1466
2026-04-25T11:13:13.265884+00:00,recovery_scenario,iperf_tcp,50,1,background_traffic_started,,,,,,,,,
2026-04-25T11:13:13.284187+00:00,recovery_scenario,iperf_tcp,50,1,,twin_core,500271,19.1,66293760,795,89,884,5,48.166
2026-04-25T11:13:13.284187+00:00,recovery_scenario,iperf_tcp,50,1,,ryu_controller,500264,38.7,58777600,1455,203,1658,43,416.7006
2026-04-25T11:13:13.384610+00:00,recovery_scenario,iperf_tcp,50,1,,twin_core,500271,0.0,66301952,801,90,891,7,68.2455
2026-04-25T11:13:13.384610+00:00,recovery_scenario,iperf_tcp,50,1,,ryu_controller,500264,38.9,58793984,1463,231,1694,36,349.8866
2026-04-25T11:13:13.487810+00:00,recovery_scenario,iperf_tcp,50,1,,twin_core,500271,9.7,66375680,811,109,920,29,286.9646
2026-04-25T11:13:13.487810+00:00,recovery_scenario,iperf_tcp,50,1,,ryu_controller,500264,49.6,58990592,1470,253,1723,29,288.0267
2026-04-25T11:13:13.592146+00:00,recovery_scenario,iperf_tcp,50,1,fault_injected,,,,,,,,,
2026-04-25T11:13:13.592734+00:00,recovery_scenario,iperf_tcp,50,1,,twin_core,500271,19.1,66584576,823,131,954,34,323.9091
2026-04-25T11:13:13.592734+00:00,recovery_scenario,iperf_tcp,50,1,,ryu_controller,500264,76.2,59064320,1476,378,1854,131,1247.8631
2026-04-25T11:13:13.693168+00:00,recovery_scenario,iperf_tcp,50,1,,twin_core,500271,0.0,66596864,826,134,960,6,59.174
2026-04-25T11:13:13.693168+00:00,recovery_scenario,iperf_tcp,50,1,,ryu_controller,500264,69.0,59437056,1477,588,2065,211,2081.0334
2026-04-25T11:13:13.794567+00:00,recovery_scenario,iperf_tcp,50,1,,twin_core,500271,0.0,66596864,826,134,960,0,0.0
2026-04-25T11:13:13.794567+00:00,recovery_scenario,iperf_tcp,50,1,,ryu_controller,500264,79.6,59445248,1477,806,2283,218,2168.0132
2026-04-25T11:13:13.896302+00:00,recovery_scenario,iperf_tcp,50,1,,twin_core,500271,0.0,66596864,826,134,960,0,0.0
2026-04-25T11:13:13.896302+00:00,recovery_scenario,iperf_tcp,50,1,,ryu_controller,500264,68.9,59445248,1477,985,2462,179,1753.2916
2026-04-25T11:13:14.000123+00:00,recovery_scenario,iperf_tcp,50,1,,twin_core,500271,0.0,66596864,826,134,960,0,0.0
2026-04-25T11:13:14.000123+00:00,recovery_scenario,iperf_tcp,50,1,,ryu_controller,500264,67.5,59445248,1477,1137,2614,152,1471.304
2026-04-25T11:13:14.100528+00:00,recovery_scenario,iperf_tcp,50,1,,twin_core,500271,0.0,66596864,826,134,960,0,0.0
2026-04-25T11:13:14.100528+00:00,recovery_scenario,iperf_tcp,50,1,,ryu_controller,500264,49.7,59445248,1477,1242,2719,105,1044.4745
2026-04-25T11:13:14.201224+00:00,recovery_scenario,iperf_tcp,50,1,,twin_core,500271,0.0,66600960,827,134,961,1,9.9247
2026-04-25T11:13:14.201224+00:00,recovery_scenario,iperf_tcp,50,1,,ryu_controller,500264,59.5,59445248,1477,1420,2897,178,1764.2872
2026-04-25T11:13:14.302927+00:00,recovery_scenario,iperf_tcp,50,1,,twin_core,500271,0.0,66600960,827,134,961,0,0.0
2026-04-25T11:13:14.302927+00:00,recovery_scenario,iperf_tcp,50,1,,ryu_controller,500264,78.9,59445248,1477,1746,3223,326,3215.3397
2026-04-25T11:13:14.405757+00:00,recovery_scenario,iperf_tcp,50,1,,twin_core,500271,0.0,66600960,827,134,961,0,0.0
2026-04-25T11:13:14.405757+00:00,recovery_scenario,iperf_tcp,50,1,,ryu_controller,500264,77.8,59465728,1477,2004,3481,258,2509.0155
2026-04-25T11:13:14.506203+00:00,recovery_scenario,iperf_tcp,50,1,,twin_core,500271,0.0,66600960,827,134,961,0,0.0
2026-04-25T11:13:14.506203+00:00,recovery_scenario,iperf_tcp,50,1,,ryu_controller,500264,89.5,59478016,1477,2234,3711,230,2277.4406
2026-04-25T11:13:14.607234+00:00,recovery_scenario,iperf_tcp,50,1,,twin_core,500271,0.0,66600960,828,134,962,1,9.9086
2026-04-25T11:13:14.607234+00:00,recovery_scenario,iperf_tcp,50,1,,ryu_controller,500264,89.2,59478016,1477,2613,4090,379,3772.1664
2026-04-25T11:13:14.707781+00:00,recovery_scenario,iperf_tcp,50,1,,twin_core,500271,0.0,66600960,828,134,962,0,0.0
2026-04-25T11:13:14.707781+00:00,recovery_scenario,iperf_tcp,50,1,,ryu_controller,500264,99.3,59478016,1477,3003,4480,390,3871.4986
2026-04-25T11:13:14.810778+00:00,recovery_scenario,iperf_tcp,50,1,,twin_core,500271,0.0,66600960,828,134,962,0,0.0
2026-04-25T11:13:14.810778+00:00,recovery_scenario,iperf_tcp,50,1,,ryu_controller,500264,87.5,59478016,1477,3411,4888,408,3967.4126
2026-04-25T11:13:14.911268+00:00,recovery_scenario,iperf_tcp,50,1,,twin_core,500271,10.0,66600960,828,134,962,0,0.0
2026-04-25T11:13:14.911268+00:00,recovery_scenario,iperf_tcp,50,1,,ryu_controller,500264,89.6,59478016,1477,3777,5254,366,3643.9084
2026-04-25T11:13:15.011789+00:00,recovery_scenario,iperf_tcp,50,1,,twin_core,500271,0.0,66605056,828,134,962,0,0.0
2026-04-25T11:13:15.011789+00:00,recovery_scenario,iperf_tcp,50,1,,ryu_controller,500264,49.7,59478016,1487,3903,5390,136,1350.6454
2026-04-25T11:13:15.112403+00:00,recovery_scenario,iperf_tcp,50,1,,twin_core,500271,0.0,66605056,829,134,963,1,9.9226
2026-04-25T11:13:15.112403+00:00,recovery_scenario,iperf_tcp,50,1,,ryu_controller,500264,0.0,59478016,1499,3904,5403,13,128.9536
2026-04-25T11:13:15.213470+00:00,recovery_scenario,iperf_tcp,50,1,,twin_core,500271,0.0,66605056,829,134,963,0,0.0
2026-04-25T11:13:15.213470+00:00,recovery_scenario,iperf_tcp,50,1,,ryu_controller,500264,19.8,59478016,1522,3909,5431,28,277.3492
2026-04-25T11:13:15.314290+00:00,recovery_scenario,iperf_tcp,50,1,,twin_core,500271,0.0,66605056,829,134,963,0,0.0
2026-04-25T11:13:15.314290+00:00,recovery_scenario,iperf_tcp,50,1,,ryu_controller,500264,9.9,59478016,1545,3910,5455,24,236.9505
2026-04-25T11:13:15.415454+00:00,recovery_scenario,iperf_tcp,50,1,,twin_core,500271,9.9,66605056,829,134,963,0,0.0
2026-04-25T11:13:15.415454+00:00,recovery_scenario,iperf_tcp,50,1,,ryu_controller,500264,69.6,59490304,1582,3918,5500,45,447.5162
2026-04-25T11:13:15.516177+00:00,recovery_scenario,iperf_tcp,50,1,,twin_core,500271,0.0,66605056,829,134,963,0,0.0
2026-04-25T11:13:15.516177+00:00,recovery_scenario,iperf_tcp,50,1,,ryu_controller,500264,29.7,59490304,1604,3920,5524,24,236.6862
2026-04-25T11:13:15.618116+00:00,recovery_scenario,iperf_tcp,50,1,,twin_core,500271,9.8,66605056,835,134,969,6,59.0983
2026-04-25T11:13:15.618116+00:00,recovery_scenario,iperf_tcp,50,1,,ryu_controller,500264,9.8,59490304,1636,3920,5556,32,315.1029
2026-04-25T11:13:15.709799+00:00,recovery_scenario,iperf_tcp,50,1,recovery_requested,,,,,,,,,
2026-04-25T11:13:15.719139+00:00,recovery_scenario,iperf_tcp,50,1,,twin_core,500271,9.9,66609152,860,136,996,27,265.0923
2026-04-25T11:13:15.719139+00:00,recovery_scenario,iperf_tcp,50,1,,ryu_controller,500264,78.0,59490304,1683,3936,5619,63,614.7983
2026-04-25T11:13:15.821722+00:00,recovery_scenario,iperf_tcp,50,1,,twin_core,500271,0.0,66609152,860,136,996,0,0.0
2026-04-25T11:13:15.821722+00:00,recovery_scenario,iperf_tcp,50,1,,ryu_controller,500264,19.8,59490304,1700,3937,5637,18,178.3306
2026-04-25T11:13:15.922765+00:00,recovery_scenario,iperf_tcp,50,1,,twin_core,500271,0.0,66609152,860,136,996,0,0.0
2026-04-25T11:13:15.922765+00:00,recovery_scenario,iperf_tcp,50,1,,ryu_controller,500264,69.3,59490304,1714,3951,5665,28,277.31
2026-04-25T11:13:16.023338+00:00,recovery_scenario,iperf_tcp,50,1,,twin_core,500271,0.0,66609152,860,136,996,0,0.0
2026-04-25T11:13:16.023338+00:00,recovery_scenario,iperf_tcp,50,1,,ryu_controller,500264,99.2,59494400,1714,3961,5675,10,98.7485
2026-04-25T11:13:16.124923+00:00,recovery_scenario,iperf_tcp,50,1,,twin_core,500271,0.0,66609152,860,136,996,0,0.0
2026-04-25T11:13:16.124923+00:00,recovery_scenario,iperf_tcp,50,1,,ryu_controller,500264,108.5,59494400,1714,3982,5696,21,208.0979
2026-04-25T11:13:16.226196+00:00,recovery_scenario,iperf_tcp,50,1,,twin_core,500271,0.0,66609152,861,136,997,1,9.8742
2026-04-25T11:13:16.226196+00:00,recovery_scenario,iperf_tcp,50,1,,ryu_controller,500264,88.6,59494400,1714,4008,5722,26,255.7384
2026-04-25T11:13:16.327243+00:00,recovery_scenario,iperf_tcp,50,1,,twin_core,500271,9.9,66609152,861,136,997,0,0.0
2026-04-25T11:13:16.327243+00:00,recovery_scenario,iperf_tcp,50,1,,ryu_controller,500264,99.0,59498496,1714,4036,5750,28,277.1362
2026-04-25T11:13:16.428338+00:00,recovery_scenario,iperf_tcp,50,1,,twin_core,500271,0.0,66609152,861,136,997,0,0.0
2026-04-25T11:13:16.428338+00:00,recovery_scenario,iperf_tcp,50,1,,ryu_controller,500264,99.0,59498496,1714,4052,5766,16,158.5165
2026-04-25T11:13:16.529204+00:00,recovery_scenario,iperf_tcp,50,1,,twin_core,500271,0.0,66609152,861,136,997,0,0.0
2026-04-25T11:13:16.529204+00:00,recovery_scenario,iperf_tcp,50,1,,ryu_controller,500264,99.4,59502592,1714,4060,5774,8,79.502
2026-04-25T11:13:16.629915+00:00,recovery_scenario,iperf_tcp,50,1,,twin_core,500271,0.0,66609152,861,136,997,0,0.0
2026-04-25T11:13:16.629915+00:00,recovery_scenario,iperf_tcp,50,1,,ryu_controller,500264,99.4,59502592,1714,4060,5774,0,0.0
2026-04-25T11:13:16.730390+00:00,recovery_scenario,iperf_tcp,50,1,,twin_core,500271,0.0,66609152,862,136,998,1,9.9543
2026-04-25T11:13:16.730390+00:00,recovery_scenario,iperf_tcp,50,1,,ryu_controller,500264,109.5,59502592,1714,4065,5779,5,49.6952
2026-04-25T11:13:16.830962+00:00,recovery_scenario,iperf_tcp,50,1,,twin_core,500271,0.0,66609152,862,136,998,0,0.0
2026-04-25T11:13:16.830962+00:00,recovery_scenario,iperf_tcp,50,1,,ryu_controller,500264,89.4,59510784,1714,4071,5785,6,59.6971
2026-04-25T11:13:16.931618+00:00,recovery_scenario,iperf_tcp,50,1,,twin_core,500271,0.0,66609152,862,136,998,0,0.0
2026-04-25T11:13:16.931618+00:00,recovery_scenario,iperf_tcp,50,1,,ryu_controller,500264,99.1,59514880,1714,4073,5787,2,19.8248
2026-04-25T11:13:17.032349+00:00,recovery_scenario,iperf_tcp,50,1,,twin_core,500271,0.0,66609152,862,136,998,0,0.0
2026-04-25T11:13:17.032349+00:00,recovery_scenario,iperf_tcp,50,1,,ryu_controller,500264,99.5,59523072,1714,4080,5794,7,69.5625
2026-04-25T11:13:17.133053+00:00,recovery_scenario,iperf_tcp,50,1,,twin_core,500271,0.0,66609152,862,136,998,0,0.0
2026-04-25T11:13:17.133053+00:00,recovery_scenario,iperf_tcp,50,1,,ryu_controller,500264,99.3,59531264,1714,4088,5802,8,79.4822
2026-04-25T11:13:17.233835+00:00,recovery_scenario,iperf_tcp,50,1,,twin_core,500271,9.9,66609152,863,136,999,1,9.9024
2026-04-25T11:13:17.233835+00:00,recovery_scenario,iperf_tcp,50,1,,ryu_controller,500264,99.1,59531264,1714,4098,5812,10,99.1485
2026-04-25T11:13:17.334563+00:00,recovery_scenario,iperf_tcp,50,1,,twin_core,500271,0.0,66609152,863,136,999,0,0.0
2026-04-25T11:13:17.334563+00:00,recovery_scenario,iperf_tcp,50,1,,ryu_controller,500264,89.4,59531264,1714,4125,5839,27,268.0763
2026-04-25T11:13:17.435274+00:00,recovery_scenario,iperf_tcp,50,1,,twin_core,500271,9.9,66609152,863,136,999,0,0.0
2026-04-25T11:13:17.435274+00:00,recovery_scenario,iperf_tcp,50,1,,ryu_controller,500264,99.5,59531264,1718,4163,5881,42,417.8771
2026-04-25T11:13:17.535879+00:00,recovery_scenario,iperf_tcp,50,1,,twin_core,500271,19.9,66609152,863,136,999,0,0.0
2026-04-25T11:13:17.535879+00:00,recovery_scenario,iperf_tcp,50,1,,ryu_controller,500264,79.3,59531264,1745,4247,5992,111,1099.3108
2026-04-25T11:13:17.636767+00:00,recovery_scenario,iperf_tcp,50,1,,twin_core,500271,0.0,66609152,863,136,999,0,0.0
2026-04-25T11:13:17.636767+00:00,recovery_scenario,iperf_tcp,50,1,,ryu_controller,500264,29.8,59531264,1760,4306,6066,74,735.1311
2026-04-25T11:13:17.737536+00:00,recovery_scenario,iperf_tcp,50,1,,twin_core,500271,0.0,66609152,870,138,1008,9,89.1767
2026-04-25T11:13:17.737536+00:00,recovery_scenario,iperf_tcp,50,1,,ryu_controller,500264,19.8,59531264,1774,4306,6080,14,138.839
2026-04-25T11:13:17.844864+00:00,recovery_scenario,iperf_tcp,50,1,,twin_core,500271,0.0,66609152,877,138,1015,7,65.257
2026-04-25T11:13:17.844864+00:00,recovery_scenario,iperf_tcp,50,1,,ryu_controller,500264,83.9,59535360,1782,4315,6097,17,158.4527
2026-04-25T11:13:17.923297+00:00,recovery_scenario,iperf_tcp,50,1,scenario_teardown,,,,,,,,,
2026-04-25T11:13:17.945494+00:00,recovery_scenario,iperf_tcp,50,1,,twin_core,500271,29.8,66609152,895,152,1047,32,305.4195
2026-04-25T11:13:17.945494+00:00,recovery_scenario,iperf_tcp,50,1,,ryu_controller,500264,66.6,59535360,1805,4344,6149,52,494.4826
2026-04-25T11:13:18.050861+00:00,recovery_scenario,iperf_tcp,50,1,,twin_core,500271,0.0,66609152,914,152,1066,19,187.8919
2026-04-25T11:13:18.050861+00:00,recovery_scenario,iperf_tcp,50,1,,ryu_controller,500264,0.0,59535360,1817,4349,6166,17,168.7911
2026-04-25T11:13:18.151397+00:00,recovery_scenario,iperf_tcp,50,1,,twin_core,500271,9.9,66609152,937,153,1090,24,238.6575
2026-04-25T11:13:18.151397+00:00,recovery_scenario,iperf_tcp,50,1,,ryu_controller,500264,19.8,59535360,1829,4355,6184,18,178.578
2026-04-25T11:13:18.252663+00:00,recovery_scenario,iperf_tcp,50,1,,twin_core,500271,0.0,66609152,947,153,1100,10,98.7468
2026-04-25T11:13:18.252663+00:00,recovery_scenario,iperf_tcp,50,1,,ryu_controller,500264,0.0,59535360,1844,4358,6202,18,178.1229
2026-04-25T11:13:18.353269+00:00,recovery_scenario,iperf_tcp,50,1,,twin_core,500271,0.0,66609152,947,153,1100,0,0.0
2026-04-25T11:13:18.353269+00:00,recovery_scenario,iperf_tcp,50,1,,ryu_controller,500264,9.9,59535360,1864,4360,6224,22,218.4064
2026-04-25T11:13:21.700720+00:00,recovery_scenario,iperf_tcp,50,1,,twin_core,501329,0.0,65208320,391,59,450,0,0.0
2026-04-25T11:13:21.700720+00:00,recovery_scenario,iperf_tcp,50,1,,ryu_controller,501322,0.0,57630720,7,3,10,0,0.0
2026-04-25T11:13:21.802184+00:00,recovery_scenario,iperf_tcp,50,1,,twin_core,501329,9.9,65228800,437,70,507,57,567.5775
2026-04-25T11:13:21.802184+00:00,recovery_scenario,iperf_tcp,50,1,,ryu_controller,501322,39.8,57987072,17,10,27,17,169.3027
2026-04-25T11:13:21.902617+00:00,recovery_scenario,iperf_tcp,50,1,,twin_core,501329,9.9,65232896,534,71,605,98,975.0142
2026-04-25T11:13:21.902617+00:00,recovery_scenario,iperf_tcp,50,1,,ryu_controller,501322,19.9,57995264,37,12,49,22,218.8876
2026-04-25T11:13:21.984778+00:00,recovery_scenario,iperf_tcp,50,1,service_started,,,,,,,,,
2026-04-25T11:13:22.003085+00:00,recovery_scenario,iperf_tcp,50,1,,twin_core,501329,19.9,65855488,600,71,671,66,655.521
2026-04-25T11:13:22.003085+00:00,recovery_scenario,iperf_tcp,50,1,,ryu_controller,501322,29.8,58015744,57,16,73,24,238.0416
2026-04-25T11:13:22.103981+00:00,recovery_scenario,iperf_tcp,50,1,,twin_core,501329,0.0,66023424,601,71,672,1,9.9382
2026-04-25T11:13:22.103981+00:00,recovery_scenario,iperf_tcp,50,1,,ryu_controller,501322,49.7,58089472,115,16,131,58,577.1804
2026-04-25T11:13:22.204421+00:00,recovery_scenario,iperf_tcp,50,1,,twin_core,501329,0.0,66023424,601,71,672,0,0.0
2026-04-25T11:13:22.204421+00:00,recovery_scenario,iperf_tcp,50,1,,ryu_controller,501322,39.8,58097664,142,16,158,27,268.5722
2026-04-25T11:13:22.304962+00:00,recovery_scenario,iperf_tcp,50,1,,twin_core,501329,9.9,66023424,601,71,672,0,0.0
2026-04-25T11:13:22.304962+00:00,recovery_scenario,iperf_tcp,50,1,,ryu_controller,501322,10.0,58105856,161,16,177,19,189.1396
2026-04-25T11:13:22.405427+00:00,recovery_scenario,iperf_tcp,50,1,,twin_core,501329,0.0,66023424,601,71,672,0,0.0
2026-04-25T11:13:22.405427+00:00,recovery_scenario,iperf_tcp,50,1,,ryu_controller,501322,9.9,58109952,181,16,197,20,198.8944
2026-04-25T11:13:22.505948+00:00,recovery_scenario,iperf_tcp,50,1,,twin_core,501329,0.0,66023424,601,71,672,0,0.0
2026-04-25T11:13:22.505948+00:00,recovery_scenario,iperf_tcp,50,1,,ryu_controller,501322,19.9,58114048,198,16,214,17,169.3057
2026-04-25T11:13:22.606540+00:00,recovery_scenario,iperf_tcp,50,1,,twin_core,501329,0.0,66023424,601,71,672,0,0.0
2026-04-25T11:13:22.606540+00:00,recovery_scenario,iperf_tcp,50,1,,ryu_controller,501322,19.8,58126336,226,16,242,28,277.4891
2026-04-25T11:13:22.707310+00:00,recovery_scenario,iperf_tcp,50,1,,twin_core,501329,0.0,66023424,601,71,672,0,0.0
2026-04-25T11:13:22.707310+00:00,recovery_scenario,iperf_tcp,50,1,,ryu_controller,501322,29.9,58130432,250,16,266,24,238.8603
2026-04-25T11:13:22.808994+00:00,recovery_scenario,iperf_tcp,50,1,,twin_core,501329,0.0,66023424,601,71,672,0,0.0
2026-04-25T11:13:22.808994+00:00,recovery_scenario,iperf_tcp,50,1,,ryu_controller,501322,9.8,58138624,264,17,281,15,147.4443
2026-04-25T11:13:22.910068+00:00,recovery_scenario,iperf_tcp,50,1,,twin_core,501329,0.0,66023424,601,71,672,0,0.0
2026-04-25T11:13:22.910068+00:00,recovery_scenario,iperf_tcp,50,1,,ryu_controller,501322,9.9,58142720,282,17,299,18,178.0872
2026-04-25T11:13:23.010552+00:00,recovery_scenario,iperf_tcp,50,1,,twin_core,501329,0.0,66023424,601,71,672,0,0.0
2026-04-25T11:13:23.010552+00:00,recovery_scenario,iperf_tcp,50,1,,ryu_controller,501322,29.8,58146816,308,17,325,26,258.6959
2026-04-25T11:13:23.111056+00:00,recovery_scenario,iperf_tcp,50,1,,twin_core,501329,0.0,66023424,601,71,672,0,0.0
2026-04-25T11:13:23.111056+00:00,recovery_scenario,iperf_tcp,50,1,,ryu_controller,501322,10.0,58146816,339,17,356,31,308.7457
2026-04-25T11:13:23.212535+00:00,recovery_scenario,iperf_tcp,50,1,,twin_core,501329,0.0,66023424,601,71,672,0,0.0
2026-04-25T11:13:23.212535+00:00,recovery_scenario,iperf_tcp,50,1,,ryu_controller,501322,29.5,58163200,364,17,381,25,246.1022
2026-04-25T11:13:23.313070+00:00,recovery_scenario,iperf_tcp,50,1,,twin_core,501329,0.0,66023424,601,71,672,0,0.0
2026-04-25T11:13:23.313070+00:00,recovery_scenario,iperf_tcp,50,1,,ryu_controller,501322,0.0,58163200,368,17,385,4,39.7932
2026-04-25T11:13:23.413675+00:00,recovery_scenario,iperf_tcp,50,1,,twin_core,501329,0.0,66023424,601,71,672,0,0.0
2026-04-25T11:13:23.413675+00:00,recovery_scenario,iperf_tcp,50,1,,ryu_controller,501322,19.9,58171392,387,17,404,19,188.9507
2026-04-25T11:13:23.514118+00:00,recovery_scenario,iperf_tcp,50,1,,twin_core,501329,0.0,66023424,601,71,672,0,0.0
2026-04-25T11:13:23.514118+00:00,recovery_scenario,iperf_tcp,50,1,,ryu_controller,501322,10.0,58175488,403,17,420,16,159.3398
2026-04-25T11:13:23.614538+00:00,recovery_scenario,iperf_tcp,50,1,,twin_core,501329,0.0,66023424,601,71,672,0,0.0
2026-04-25T11:13:23.614538+00:00,recovery_scenario,iperf_tcp,50,1,,ryu_controller,501322,49.7,58265600,449,19,468,48,477.5164
2026-04-25T11:13:23.716553+00:00,recovery_scenario,iperf_tcp,50,1,,twin_core,501329,0.0,66023424,601,71,672,0,0.0
2026-04-25T11:13:23.716553+00:00,recovery_scenario,iperf_tcp,50,1,,ryu_controller,501322,39.2,58318848,495,19,514,46,450.8105
2026-04-25T11:13:23.819056+00:00,recovery_scenario,iperf_tcp,50,1,,twin_core,501329,0.0,66023424,601,71,672,0,0.0
2026-04-25T11:13:23.819056+00:00,recovery_scenario,iperf_tcp,50,1,,ryu_controller,501322,19.5,58318848,518,19,537,23,224.5006
2026-04-25T11:13:23.919700+00:00,recovery_scenario,iperf_tcp,50,1,,twin_core,501329,0.0,66023424,601,71,672,0,0.0
2026-04-25T11:13:23.919700+00:00,recovery_scenario,iperf_tcp,50,1,,ryu_controller,501322,9.9,58318848,528,19,547,10,99.313
2026-04-25T11:13:24.020241+00:00,recovery_scenario,iperf_tcp,50,1,,twin_core,501329,0.0,66023424,601,71,672,0,0.0
2026-04-25T11:13:24.020241+00:00,recovery_scenario,iperf_tcp,50,1,,ryu_controller,501322,0.0,58318848,539,19,558,11,109.4923
2026-04-25T11:13:24.120775+00:00,recovery_scenario,iperf_tcp,50,1,,twin_core,501329,19.9,66088960,605,71,676,4,39.7858
2026-04-25T11:13:24.120775+00:00,recovery_scenario,iperf_tcp,50,1,,ryu_controller,501322,39.8,58355712,591,19,610,52,517.2535
2026-04-25T11:13:24.223789+00:00,recovery_scenario,iperf_tcp,50,1,,twin_core,501329,0.0,66088960,611,71,682,6,58.2175
2026-04-25T11:13:24.223789+00:00,recovery_scenario,iperf_tcp,50,1,,ryu_controller,501322,38.8,58355712,628,19,647,37,359.044
2026-04-25T11:13:24.324503+00:00,recovery_scenario,iperf_tcp,50,1,,twin_core,501329,0.0,66088960,614,71,685,3,29.609
2026-04-25T11:13:24.324503+00:00,recovery_scenario,iperf_tcp,50,1,,ryu_controller,501322,9.9,58359808,642,20,662,15,147.8972
2026-04-25T11:13:24.425770+00:00,recovery_scenario,iperf_tcp,50,1,,twin_core,501329,0.0,66088960,617,71,688,3,29.7906
2026-04-25T11:13:24.425770+00:00,recovery_scenario,iperf_tcp,50,1,,ryu_controller,501322,9.9,58359808,653,20,673,11,109.3427
2026-04-25T11:13:24.526330+00:00,recovery_scenario,iperf_tcp,50,1,,twin_core,501329,0.0,66088960,620,71,691,3,29.8447
2026-04-25T11:13:24.526330+00:00,recovery_scenario,iperf_tcp,50,1,,ryu_controller,501322,9.9,58363904,668,20,688,15,148.9653
2026-04-25T11:13:24.627041+00:00,recovery_scenario,iperf_tcp,50,1,,twin_core,501329,0.0,66088960,620,71,691,0,0.0
2026-04-25T11:13:24.627041+00:00,recovery_scenario,iperf_tcp,50,1,,ryu_controller,501322,9.9,58363904,685,20,705,17,169.118
2026-04-25T11:13:24.727970+00:00,recovery_scenario,iperf_tcp,50,1,,twin_core,501329,0.0,66088960,623,71,694,3,29.7144
2026-04-25T11:13:24.727970+00:00,recovery_scenario,iperf_tcp,50,1,,ryu_controller,501322,0.0,58363904,708,20,728,23,227.7903
2026-04-25T11:13:24.828506+00:00,recovery_scenario,iperf_tcp,50,1,,twin_core,501329,9.9,66088960,629,71,700,6,59.6508
2026-04-25T11:13:24.828506+00:00,recovery_scenario,iperf_tcp,50,1,,ryu_controller,501322,19.9,58363904,717,20,737,9,89.4697
2026-04-25T11:13:24.932513+00:00,recovery_scenario,iperf_tcp,50,1,,twin_core,501329,0.0,66088960,635,71,706,6,57.6584
2026-04-25T11:13:24.932513+00:00,recovery_scenario,iperf_tcp,50,1,,ryu_controller,501322,9.6,58372096,738,20,758,21,201.7
2026-04-25T11:13:25.033302+00:00,recovery_scenario,iperf_tcp,50,1,,twin_core,501329,0.0,66088960,638,71,709,3,29.8064
2026-04-25T11:13:25.033302+00:00,recovery_scenario,iperf_tcp,50,1,,ryu_controller,501322,9.9,58372096,749,20,769,11,109.2893
2026-04-25T11:13:25.136494+00:00,recovery_scenario,iperf_tcp,50,1,,twin_core,501329,0.0,66088960,641,71,712,3,29.0499
2026-04-25T11:13:25.136494+00:00,recovery_scenario,iperf_tcp,50,1,,ryu_controller,501322,9.7,58372096,778,20,798,29,280.985
2026-04-25T11:13:25.238145+00:00,recovery_scenario,iperf_tcp,50,1,,twin_core,501329,0.0,66088960,644,71,715,3,29.5343
2026-04-25T11:13:25.238145+00:00,recovery_scenario,iperf_tcp,50,1,,ryu_controller,501322,9.8,58372096,789,20,809,11,108.2912
2026-04-25T11:13:25.340075+00:00,recovery_scenario,iperf_tcp,50,1,,twin_core,501329,0.0,66088960,653,71,724,9,87.3526
2026-04-25T11:13:25.340075+00:00,recovery_scenario,iperf_tcp,50,1,,ryu_controller,501322,9.7,58372096,803,20,823,14,135.0897
2026-04-25T11:13:25.442335+00:00,recovery_scenario,iperf_tcp,50,1,,twin_core,501329,0.0,66088960,662,71,733,9,88.9687
2026-04-25T11:13:25.442335+00:00,recovery_scenario,iperf_tcp,50,1,,ryu_controller,501322,19.8,58372096,817,20,837,14,139.032
2026-04-25T11:13:25.542981+00:00,recovery_scenario,iperf_tcp,50,1,,twin_core,501329,0.0,66088960,662,71,733,0,0.0
2026-04-25T11:13:25.542981+00:00,recovery_scenario,iperf_tcp,50,1,,ryu_controller,501322,9.9,58372096,830,20,850,13,129.3389
2026-04-25T11:13:25.643474+00:00,recovery_scenario,iperf_tcp,50,1,,twin_core,501329,0.0,66088960,665,71,736,3,29.8542
2026-04-25T11:13:25.643474+00:00,recovery_scenario,iperf_tcp,50,1,,ryu_controller,501322,10.0,58376192,840,21,861,11,109.4731
2026-04-25T11:13:25.744465+00:00,recovery_scenario,iperf_tcp,50,1,,twin_core,501329,0.0,66088960,668,72,740,4,39.5645
2026-04-25T11:13:25.744465+00:00,recovery_scenario,iperf_tcp,50,1,,ryu_controller,501322,59.3,58560512,888,21,909,48,474.6125
2026-04-25T11:13:25.845101+00:00,recovery_scenario,iperf_tcp,50,1,,twin_core,501329,0.0,66088960,676,72,748,8,79.5975
2026-04-25T11:13:25.845101+00:00,recovery_scenario,iperf_tcp,50,1,,ryu_controller,501322,0.0,58560512,892,21,913,4,39.813
2026-04-25T11:13:25.945879+00:00,recovery_scenario,iperf_tcp,50,1,,twin_core,501329,0.0,66088960,683,72,755,7,69.4584
2026-04-25T11:13:25.945879+00:00,recovery_scenario,iperf_tcp,50,1,,ryu_controller,501322,29.8,58560512,914,21,935,22,218.2782
2026-04-25T11:13:26.047618+00:00,recovery_scenario,iperf_tcp,50,1,,twin_core,501329,9.8,66088960,689,72,761,6,58.9359
2026-04-25T11:13:26.047618+00:00,recovery_scenario,iperf_tcp,50,1,,ryu_controller,501322,9.8,58560512,936,21,957,22,216.0643
2026-04-25T11:13:26.148175+00:00,recovery_scenario,iperf_tcp,50,1,,twin_core,501329,0.0,66088960,692,72,764,3,29.8637
2026-04-25T11:13:26.148175+00:00,recovery_scenario,iperf_tcp,50,1,,ryu_controller,501322,29.9,58560512,964,21,985,28,278.8311
2026-04-25T11:13:26.252468+00:00,recovery_scenario,iperf_tcp,50,1,,twin_core,501329,38.3,66199552,697,72,769,5,47.828
2026-04-25T11:13:26.252468+00:00,recovery_scenario,iperf_tcp,50,1,,ryu_controller,501322,66.4,58621952,988,21,1009,24,227.4011
2026-04-25T11:13:26.354402+00:00,recovery_scenario,iperf_tcp,50,1,,twin_core,501329,9.8,66199552,713,72,785,16,157.3289
2026-04-25T11:13:26.354402+00:00,recovery_scenario,iperf_tcp,50,1,,ryu_controller,501322,9.9,58621952,1005,21,1026,17,168.4986
2026-04-25T11:13:26.455053+00:00,recovery_scenario,iperf_tcp,50,1,,twin_core,501329,0.0,66199552,716,72,788,3,29.7949
2026-04-25T11:13:26.455053+00:00,recovery_scenario,iperf_tcp,50,1,,ryu_controller,501322,9.9,58621952,1019,21,1040,14,139.2143
2026-04-25T11:13:26.557580+00:00,recovery_scenario,iperf_tcp,50,1,,twin_core,501329,0.0,66199552,716,72,788,0,0.0
2026-04-25T11:13:26.557580+00:00,recovery_scenario,iperf_tcp,50,1,,ryu_controller,501322,9.7,58621952,1028,21,1049,9,86.8766
2026-04-25T11:13:26.659204+00:00,recovery_scenario,iperf_tcp,50,1,,twin_core,501329,0.0,66199552,722,72,794,6,59.6659
2026-04-25T11:13:26.659204+00:00,recovery_scenario,iperf_tcp,50,1,,ryu_controller,501322,0.0,58621952,1033,21,1054,5,49.7279
2026-04-25T11:13:26.759937+00:00,recovery_scenario,iperf_tcp,50,1,,twin_core,501329,0.0,66199552,728,72,800,6,59.5437
2026-04-25T11:13:26.759937+00:00,recovery_scenario,iperf_tcp,50,1,,ryu_controller,501322,0.0,58621952,1047,21,1068,14,138.8189
2026-04-25T11:13:26.860763+00:00,recovery_scenario,iperf_tcp,50,1,,twin_core,501329,0.0,66199552,737,72,809,9,89.3222
2026-04-25T11:13:26.860763+00:00,recovery_scenario,iperf_tcp,50,1,,ryu_controller,501322,29.8,58621952,1071,21,1092,24,238.4433
2026-04-25T11:13:26.961244+00:00,recovery_scenario,iperf_tcp,50,1,,twin_core,501329,0.0,66199552,737,72,809,0,0.0
2026-04-25T11:13:26.961244+00:00,recovery_scenario,iperf_tcp,50,1,,ryu_controller,501322,10.0,58621952,1091,21,1112,20,199.0748
2026-04-25T11:13:27.066074+00:00,recovery_scenario,iperf_tcp,50,1,,twin_core,501329,9.5,66199552,740,72,812,3,28.6069
2026-04-25T11:13:27.066074+00:00,recovery_scenario,iperf_tcp,50,1,,ryu_controller,501322,9.5,58621952,1108,21,1129,17,162.0971
2026-04-25T11:13:27.166605+00:00,recovery_scenario,iperf_tcp,50,1,,twin_core,501329,0.0,66199552,746,72,818,6,59.6222
2026-04-25T11:13:27.166605+00:00,recovery_scenario,iperf_tcp,50,1,,ryu_controller,501322,0.0,58621952,1126,21,1147,18,178.7426
2026-04-25T11:13:27.270043+00:00,recovery_scenario,iperf_tcp,50,1,,twin_core,501329,0.0,66199552,752,72,824,6,58.066
2026-04-25T11:13:27.270043+00:00,recovery_scenario,iperf_tcp,50,1,,ryu_controller,501322,0.0,58621952,1133,21,1154,7,67.7889
2026-04-25T11:13:27.370573+00:00,recovery_scenario,iperf_tcp,50,1,,twin_core,501329,0.0,66199552,759,72,831,7,69.5828
2026-04-25T11:13:27.370573+00:00,recovery_scenario,iperf_tcp,50,1,,ryu_controller,501322,9.9,58621952,1150,21,1171,17,168.9812
2026-04-25T11:13:27.471143+00:00,recovery_scenario,iperf_tcp,50,1,,twin_core,501329,0.0,66199552,762,72,834,3,29.8705
2026-04-25T11:13:27.471143+00:00,recovery_scenario,iperf_tcp,50,1,,ryu_controller,501322,19.9,58621952,1169,21,1190,19,189.2322
2026-04-25T11:13:27.574284+00:00,recovery_scenario,iperf_tcp,50,1,,twin_core,501329,9.6,66199552,768,72,840,6,57.715
2026-04-25T11:13:27.574284+00:00,recovery_scenario,iperf_tcp,50,1,,ryu_controller,501322,19.2,58621952,1196,21,1217,27,259.5426
2026-04-25T11:13:27.675606+00:00,recovery_scenario,iperf_tcp,50,1,,twin_core,501329,0.0,66199552,774,72,846,6,59.5537
2026-04-25T11:13:27.675606+00:00,recovery_scenario,iperf_tcp,50,1,,ryu_controller,501322,9.9,58621952,1208,21,1229,12,119.1553
2026-04-25T11:13:27.776312+00:00,recovery_scenario,iperf_tcp,50,1,,twin_core,501329,0.0,66199552,776,72,848,2,19.8976
2026-04-25T11:13:27.776312+00:00,recovery_scenario,iperf_tcp,50,1,,ryu_controller,501322,29.8,58621952,1235,22,1257,28,278.3224
2026-04-25T11:13:27.877981+00:00,recovery_scenario,iperf_tcp,50,1,,twin_core,501329,0.0,66199552,779,72,851,3,29.4996
2026-04-25T11:13:27.877981+00:00,recovery_scenario,iperf_tcp,50,1,,ryu_controller,501322,49.2,58781696,1260,22,1282,25,246.0269
2026-04-25T11:13:27.928202+00:00,recovery_scenario,iperf_tcp,50,1,pingall_completed,,,,,,,,,
2026-04-25T11:13:27.978912+00:00,recovery_scenario,iperf_tcp,50,1,,twin_core,501329,9.9,66207744,790,72,862,11,108.9986
2026-04-25T11:13:27.978912+00:00,recovery_scenario,iperf_tcp,50,1,,ryu_controller,501322,9.9,58781696,1262,22,1284,2,19.8201
2026-04-25T11:13:28.083045+00:00,recovery_scenario,iperf_tcp,50,1,,twin_core,501329,0.0,66207744,790,72,862,0,0.0
2026-04-25T11:13:28.083045+00:00,recovery_scenario,iperf_tcp,50,1,,ryu_controller,501322,19.2,58785792,1284,23,1307,23,220.8334
2026-04-25T11:13:28.186994+00:00,recovery_scenario,iperf_tcp,50,1,,twin_core,501329,0.0,66207744,790,72,862,0,0.0
2026-04-25T11:13:28.186994+00:00,recovery_scenario,iperf_tcp,50,1,,ryu_controller,501322,0.0,58785792,1288,23,1311,4,38.472
2026-04-25T11:13:28.287540+00:00,recovery_scenario,iperf_tcp,50,1,,twin_core,501329,0.0,66207744,790,72,862,0,0.0
2026-04-25T11:13:28.287540+00:00,recovery_scenario,iperf_tcp,50,1,,ryu_controller,501322,29.8,58785792,1319,23,1342,31,308.4305
2026-04-25T11:13:28.394232+00:00,recovery_scenario,iperf_tcp,50,1,,twin_core,501329,9.4,66281472,790,72,862,0,0.0
2026-04-25T11:13:28.394232+00:00,recovery_scenario,iperf_tcp,50,1,,ryu_controller,501322,37.4,58822656,1347,23,1370,28,261.7885
2026-04-25T11:13:28.496112+00:00,recovery_scenario,iperf_tcp,50,1,,twin_core,501329,0.0,66281472,790,72,862,0,0.0
2026-04-25T11:13:28.496112+00:00,recovery_scenario,iperf_tcp,50,1,,ryu_controller,501322,0.0,58822656,1350,23,1373,3,29.5143
2026-04-25T11:13:28.596713+00:00,recovery_scenario,iperf_tcp,50,1,,twin_core,501329,0.0,66281472,790,72,862,0,0.0
2026-04-25T11:13:28.596713+00:00,recovery_scenario,iperf_tcp,50,1,,ryu_controller,501322,0.0,58822656,1353,23,1376,3,29.7918
2026-04-25T11:13:28.706965+00:00,recovery_scenario,iperf_tcp,50,1,,twin_core,501329,0.0,66281472,790,72,862,0,0.0
2026-04-25T11:13:28.706965+00:00,recovery_scenario,iperf_tcp,50,1,,ryu_controller,501322,9.0,58822656,1358,23,1381,5,44.8872
2026-04-25T11:13:28.816903+00:00,recovery_scenario,iperf_tcp,50,1,,twin_core,501329,0.0,66281472,790,72,862,0,0.0
2026-04-25T11:13:28.816903+00:00,recovery_scenario,iperf_tcp,50,1,,ryu_controller,501322,0.0,58822656,1373,23,1396,15,137.9573
2026-04-25T11:13:28.926949+00:00,recovery_scenario,iperf_tcp,50,1,,twin_core,501329,0.0,66281472,790,72,862,0,0.0
2026-04-25T11:13:28.926949+00:00,recovery_scenario,iperf_tcp,50,1,,ryu_controller,501322,0.0,58822656,1377,23,1400,4,36.3316
2026-04-25T11:13:29.027608+00:00,recovery_scenario,iperf_tcp,50,1,,twin_core,501329,0.0,66285568,796,72,868,6,59.6004
2026-04-25T11:13:29.027608+00:00,recovery_scenario,iperf_tcp,50,1,,ryu_controller,501322,0.0,58822656,1380,23,1403,3,29.8064
2026-04-25T11:13:29.128265+00:00,recovery_scenario,iperf_tcp,50,1,,twin_core,501329,0.0,66285568,796,72,868,0,0.0
2026-04-25T11:13:29.128265+00:00,recovery_scenario,iperf_tcp,50,1,,ryu_controller,501322,0.0,58822656,1384,23,1407,4,39.696
2026-04-25T11:13:29.229052+00:00,recovery_scenario,iperf_tcp,50,1,,twin_core,501329,9.9,66285568,796,72,868,0,0.0
2026-04-25T11:13:29.229052+00:00,recovery_scenario,iperf_tcp,50,1,,ryu_controller,501322,9.9,58822656,1386,23,1409,2,19.8739
2026-04-25T11:13:29.329609+00:00,recovery_scenario,iperf_tcp,50,1,,twin_core,501329,0.0,66285568,796,72,868,0,0.0
2026-04-25T11:13:29.329609+00:00,recovery_scenario,iperf_tcp,50,1,,ryu_controller,501322,9.9,58822656,1411,24,1435,26,257.8678
2026-04-25T11:13:29.432848+00:00,recovery_scenario,iperf_tcp,50,1,,twin_core,501329,0.0,66285568,796,72,868,0,0.0
2026-04-25T11:13:29.432848+00:00,recovery_scenario,iperf_tcp,50,1,,ryu_controller,501322,0.0,58822656,1415,26,1441,6,58.1888
2026-04-25T11:13:29.533882+00:00,recovery_scenario,iperf_tcp,50,1,,twin_core,501329,0.0,66285568,796,72,868,0,0.0
2026-04-25T11:13:29.533882+00:00,recovery_scenario,iperf_tcp,50,1,,ryu_controller,501322,0.0,58822656,1419,31,1450,9,88.4862
2026-04-25T11:13:29.635242+00:00,recovery_scenario,iperf_tcp,50,1,,twin_core,501329,0.0,66285568,796,72,868,0,0.0
2026-04-25T11:13:29.635242+00:00,recovery_scenario,iperf_tcp,50,1,,ryu_controller,501322,0.0,58822656,1423,34,1457,7,69.6622
2026-04-25T11:13:29.736763+00:00,recovery_scenario,iperf_tcp,50,1,,twin_core,501329,0.0,66285568,796,72,868,0,0.0
2026-04-25T11:13:29.736763+00:00,recovery_scenario,iperf_tcp,50,1,,ryu_controller,501322,0.0,58822656,1427,40,1467,10,98.4213
2026-04-25T11:13:29.839176+00:00,recovery_scenario,iperf_tcp,50,1,,twin_core,501329,0.0,66285568,796,72,868,0,0.0
2026-04-25T11:13:29.839176+00:00,recovery_scenario,iperf_tcp,50,1,,ryu_controller,501322,9.8,58822656,1430,46,1476,9,88.0053
2026-04-25T11:13:29.939606+00:00,recovery_scenario,iperf_tcp,50,1,,twin_core,501329,0.0,66285568,796,72,868,0,0.0
2026-04-25T11:13:29.939606+00:00,recovery_scenario,iperf_tcp,50,1,,ryu_controller,501322,29.8,58822656,1442,156,1598,122,1213.4975
2026-04-25T11:13:29.947026+00:00,recovery_scenario,iperf_tcp,50,1,background_traffic_started,,,,,,,,,
2026-04-25T11:13:30.043723+00:00,recovery_scenario,iperf_tcp,50,1,,twin_core,501329,9.6,66293760,803,78,881,13,124.7002
2026-04-25T11:13:30.043723+00:00,recovery_scenario,iperf_tcp,50,1,,ryu_controller,501322,47.9,58847232,1443,247,1690,92,882.0071
2026-04-25T11:13:30.144792+00:00,recovery_scenario,iperf_tcp,50,1,,twin_core,501329,0.0,66310144,814,88,902,21,207.1001
2026-04-25T11:13:30.144792+00:00,recovery_scenario,iperf_tcp,50,1,,ryu_controller,501322,49.3,58863616,1452,356,1808,118,1163.004
2026-04-25T11:13:30.222008+00:00,recovery_scenario,iperf_tcp,50,1,fault_injected,,,,,,,,,
2026-04-25T11:13:30.248115+00:00,recovery_scenario,iperf_tcp,50,1,,twin_core,501329,9.7,66457600,829,108,937,35,340.4306
2026-04-25T11:13:30.248115+00:00,recovery_scenario,iperf_tcp,50,1,,ryu_controller,501322,68.1,58961920,1464,506,1970,162,1577.3195
2026-04-25T11:13:30.349747+00:00,recovery_scenario,iperf_tcp,50,1,,twin_core,501329,0.0,66457600,829,108,937,0,0.0
2026-04-25T11:13:30.349747+00:00,recovery_scenario,iperf_tcp,50,1,,ryu_controller,501322,49.2,59305984,1466,752,2218,248,2437.9701
2026-04-25T11:13:30.450954+00:00,recovery_scenario,iperf_tcp,50,1,,twin_core,501329,0.0,66457600,829,108,937,0,0.0
2026-04-25T11:13:30.450954+00:00,recovery_scenario,iperf_tcp,50,1,,ryu_controller,501322,59.4,59318272,1466,948,2414,196,1940.6145
2026-04-25T11:13:30.551345+00:00,recovery_scenario,iperf_tcp,50,1,,twin_core,501329,0.0,66457600,829,108,937,0,0.0
2026-04-25T11:13:30.551345+00:00,recovery_scenario,iperf_tcp,50,1,,ryu_controller,501322,59.7,59338752,1466,1126,2592,178,1770.0432
2026-04-25T11:13:30.652927+00:00,recovery_scenario,iperf_tcp,50,1,,twin_core,501329,0.0,66457600,829,108,937,0,0.0
2026-04-25T11:13:30.652927+00:00,recovery_scenario,iperf_tcp,50,1,,ryu_controller,501322,68.9,59383808,1466,1282,2748,156,1537.0093
2026-04-25T11:13:30.753623+00:00,recovery_scenario,iperf_tcp,50,1,,twin_core,501329,9.9,66457600,830,108,938,1,9.9242
2026-04-25T11:13:30.753623+00:00,recovery_scenario,iperf_tcp,50,1,,ryu_controller,501322,59.5,59400192,1466,1527,2993,245,2431.7654
2026-04-25T11:13:30.856355+00:00,recovery_scenario,iperf_tcp,50,1,,twin_core,501329,0.0,66457600,830,108,938,0,0.0
2026-04-25T11:13:30.856355+00:00,recovery_scenario,iperf_tcp,50,1,,ryu_controller,501322,77.9,59404288,1466,1799,3265,272,2637.5861
2026-04-25T11:13:30.959360+00:00,recovery_scenario,iperf_tcp,50,1,,twin_core,501329,0.0,66457600,830,108,938,0,0.0
2026-04-25T11:13:30.959360+00:00,recovery_scenario,iperf_tcp,50,1,,ryu_controller,501322,57.5,59404288,1466,2030,3496,231,2225.0725
2026-04-25T11:13:31.063155+00:00,recovery_scenario,iperf_tcp,50,1,,twin_core,501329,0.0,66457600,830,108,938,0,0.0
2026-04-25T11:13:31.063155+00:00,recovery_scenario,iperf_tcp,50,1,,ryu_controller,501322,78.0,59404288,1466,2277,3743,247,2407.9489
2026-04-25T11:13:31.166975+00:00,recovery_scenario,iperf_tcp,50,1,,twin_core,501329,0.0,66457600,830,108,938,0,0.0
2026-04-25T11:13:31.166975+00:00,recovery_scenario,iperf_tcp,50,1,,ryu_controller,501322,96.3,59404288,1466,2386,3852,109,1049.99
2026-04-25T11:13:31.267451+00:00,recovery_scenario,iperf_tcp,50,1,,twin_core,501329,0.0,66457600,831,108,939,1,9.9469
2026-04-25T11:13:31.267451+00:00,recovery_scenario,iperf_tcp,50,1,,ryu_controller,501322,99.5,59404288,1466,2482,3948,96,954.8607
2026-04-25T11:13:31.368024+00:00,recovery_scenario,iperf_tcp,50,1,,twin_core,501329,0.0,66457600,831,108,939,0,0.0
2026-04-25T11:13:31.368024+00:00,recovery_scenario,iperf_tcp,50,1,,ryu_controller,501322,99.5,59404288,1466,2583,4049,101,1005.1612
2026-04-25T11:13:31.468741+00:00,recovery_scenario,iperf_tcp,50,1,,twin_core,501329,9.9,66457600,831,108,939,0,0.0
2026-04-25T11:13:31.468741+00:00,recovery_scenario,iperf_tcp,50,1,,ryu_controller,501322,89.2,59416576,1466,2738,4204,155,1536.0067
2026-04-25T11:13:31.569880+00:00,recovery_scenario,iperf_tcp,50,1,,twin_core,501329,0.0,66457600,831,108,939,0,0.0
2026-04-25T11:13:31.569880+00:00,recovery_scenario,iperf_tcp,50,1,,ryu_controller,501322,78.9,59416576,1466,3002,4468,264,2603.2472
2026-04-25T11:13:31.671970+00:00,recovery_scenario,iperf_tcp,50,1,,twin_core,501329,9.8,66457600,831,108,939,0,0.0
2026-04-25T11:13:31.671970+00:00,recovery_scenario,iperf_tcp,50,1,,ryu_controller,501322,87.5,59416576,1466,3339,4805,337,3274.2059
2026-04-25T11:13:31.773859+00:00,recovery_scenario,iperf_tcp,50,1,,twin_core,501329,0.0,66461696,832,113,945,6,59.1148
2026-04-25T11:13:31.773859+00:00,recovery_scenario,iperf_tcp,50,1,,ryu_controller,501322,79.4,59416576,1468,3608,5076,271,2692.3355
2026-04-25T11:13:31.874822+00:00,recovery_scenario,iperf_tcp,50,1,,twin_core,501329,9.9,66494464,832,113,945,0,0.0
2026-04-25T11:13:31.874822+00:00,recovery_scenario,iperf_tcp,50,1,,ryu_controller,501322,19.8,59416576,1500,3647,5147,71,702.1096
2026-04-25T11:13:31.975621+00:00,recovery_scenario,iperf_tcp,50,1,,twin_core,501329,0.0,66494464,832,113,945,0,0.0
2026-04-25T11:13:31.975621+00:00,recovery_scenario,iperf_tcp,50,1,,ryu_controller,501322,9.8,59416576,1525,3670,5195,48,471.8555
2026-04-25T11:13:32.077306+00:00,recovery_scenario,iperf_tcp,50,1,,twin_core,501329,0.0,66494464,832,113,945,0,0.0
2026-04-25T11:13:32.077306+00:00,recovery_scenario,iperf_tcp,50,1,,ryu_controller,501322,9.9,59416576,1540,3674,5214,19,188.3065
2026-04-25T11:13:32.178162+00:00,recovery_scenario,iperf_tcp,50,1,,twin_core,501329,0.0,66494464,832,113,945,0,0.0
2026-04-25T11:13:32.178162+00:00,recovery_scenario,iperf_tcp,50,1,,ryu_controller,501322,39.7,59424768,1569,3704,5273,59,585.7692
2026-04-25T11:13:32.279503+00:00,recovery_scenario,iperf_tcp,50,1,,twin_core,501329,9.9,66498560,840,113,953,8,78.7507
2026-04-25T11:13:32.279503+00:00,recovery_scenario,iperf_tcp,50,1,,ryu_controller,501322,78.6,59428864,1602,3929,5531,258,2540.6398
2026-04-25T11:13:32.380800+00:00,recovery_scenario,iperf_tcp,50,1,,twin_core,501329,9.9,66498560,860,123,983,30,296.4484
2026-04-25T11:13:32.380800+00:00,recovery_scenario,iperf_tcp,50,1,,ryu_controller,501322,69.3,59428864,1639,4172,5811,280,2770.7508
2026-04-25T11:13:32.393247+00:00,recovery_scenario,iperf_tcp,50,1,recovery_requested,,,,,,,,,
2026-04-25T11:13:32.483782+00:00,recovery_scenario,iperf_tcp,50,1,,twin_core,501329,9.7,66514944,863,128,991,8,77.5613
2026-04-25T11:13:32.483782+00:00,recovery_scenario,iperf_tcp,50,1,,ryu_controller,501322,48.5,59428864,1664,4265,5929,118,1144.5855
2026-04-25T11:13:32.584575+00:00,recovery_scenario,iperf_tcp,50,1,,twin_core,501329,0.0,66514944,863,128,991,0,0.0
2026-04-25T11:13:32.584575+00:00,recovery_scenario,iperf_tcp,50,1,,ryu_controller,501322,79.6,59432960,1664,4488,6152,223,2218.8269
2026-04-25T11:13:32.686804+00:00,recovery_scenario,iperf_tcp,50,1,,twin_core,501329,0.0,66514944,863,128,991,0,0.0
2026-04-25T11:13:32.686804+00:00,recovery_scenario,iperf_tcp,50,1,,ryu_controller,501322,88.1,59437056,1664,4711,6375,223,2183.1716
2026-04-25T11:13:32.787225+00:00,recovery_scenario,iperf_tcp,50,1,,twin_core,501329,0.0,66514944,863,128,991,0,0.0
2026-04-25T11:13:32.787225+00:00,recovery_scenario,iperf_tcp,50,1,,ryu_controller,501322,99.5,59445248,1664,4735,6399,24,238.8771
2026-04-25T11:13:32.887865+00:00,recovery_scenario,iperf_tcp,50,1,,twin_core,501329,0.0,66514944,863,128,991,0,0.0
2026-04-25T11:13:32.887865+00:00,recovery_scenario,iperf_tcp,50,1,,ryu_controller,501322,99.3,59449344,1664,4745,6409,10,99.2276
2026-04-25T11:13:32.988549+00:00,recovery_scenario,iperf_tcp,50,1,,twin_core,501329,0.0,66514944,864,128,992,1,9.922
2026-04-25T11:13:32.988549+00:00,recovery_scenario,iperf_tcp,50,1,,ryu_controller,501322,98.5,59449344,1665,4745,6410,1,9.8362
2026-04-25T11:13:33.090623+00:00,recovery_scenario,iperf_tcp,50,1,,twin_core,501329,0.0,66514944,864,128,992,0,0.0
2026-04-25T11:13:33.090623+00:00,recovery_scenario,iperf_tcp,50,1,,ryu_controller,501322,108.7,59453440,1665,4746,6411,1,9.9017
2026-04-25T11:13:33.191204+00:00,recovery_scenario,iperf_tcp,50,1,,twin_core,501329,0.0,66514944,864,128,992,0,0.0
2026-04-25T11:13:33.191204+00:00,recovery_scenario,iperf_tcp,50,1,,ryu_controller,501322,99.4,59457536,1665,4747,6412,1,9.9387
2026-04-25T11:13:33.292226+00:00,recovery_scenario,iperf_tcp,50,1,,twin_core,501329,0.0,66514944,864,128,992,0,0.0
2026-04-25T11:13:33.292226+00:00,recovery_scenario,iperf_tcp,50,1,,ryu_controller,501322,98.4,59461632,1665,4748,6413,1,9.836
2026-04-25T11:13:33.393487+00:00,recovery_scenario,iperf_tcp,50,1,,twin_core,501329,0.0,66514944,864,128,992,0,0.0
2026-04-25T11:13:33.393487+00:00,recovery_scenario,iperf_tcp,50,1,,ryu_controller,501322,108.5,59461632,1665,4751,6416,3,29.2516
2026-04-25T11:13:33.496202+00:00,recovery_scenario,iperf_tcp,50,1,,twin_core,501329,0.0,66514944,865,128,993,1,9.7941
2026-04-25T11:13:33.496202+00:00,recovery_scenario,iperf_tcp,50,1,,ryu_controller,501322,88.2,59461632,1665,4753,6418,2,19.8075
2026-04-25T11:13:33.597015+00:00,recovery_scenario,iperf_tcp,50,1,,twin_core,501329,0.0,66514944,865,128,993,0,0.0
2026-04-25T11:13:33.597015+00:00,recovery_scenario,iperf_tcp,50,1,,ryu_controller,501322,89.2,59461632,1665,4768,6433,15,148.9475
2026-04-25T11:13:33.697744+00:00,recovery_scenario,iperf_tcp,50,1,,twin_core,501329,0.0,66514944,865,128,993,0,0.0
2026-04-25T11:13:33.697744+00:00,recovery_scenario,iperf_tcp,50,1,,ryu_controller,501322,109.5,59461632,1665,4768,6433,0,0.0
2026-04-25T11:13:33.798150+00:00,recovery_scenario,iperf_tcp,50,1,,twin_core,501329,0.0,66514944,865,128,993,0,0.0
2026-04-25T11:13:33.798150+00:00,recovery_scenario,iperf_tcp,50,1,,ryu_controller,501322,89.6,59461632,1665,4770,6435,2,19.9161
2026-04-25T11:13:33.898566+00:00,recovery_scenario,iperf_tcp,50,1,,twin_core,501329,0.0,66514944,865,128,993,0,0.0
2026-04-25T11:13:33.898566+00:00,recovery_scenario,iperf_tcp,50,1,,ryu_controller,501322,109.4,59461632,1665,4771,6436,1,9.9424
2026-04-25T11:13:33.999284+00:00,recovery_scenario,iperf_tcp,50,1,,twin_core,501329,9.9,66514944,866,128,994,1,9.9433
2026-04-25T11:13:33.999284+00:00,recovery_scenario,iperf_tcp,50,1,,ryu_controller,501322,89.5,59469824,1665,4774,6439,3,29.8276
2026-04-25T11:13:34.099697+00:00,recovery_scenario,iperf_tcp,50,1,,twin_core,501329,10.0,66514944,866,128,994,0,0.0
2026-04-25T11:13:34.099697+00:00,recovery_scenario,iperf_tcp,50,1,,ryu_controller,501322,99.6,59473920,1665,4837,6502,63,626.9568
2026-04-25T11:13:34.200350+00:00,recovery_scenario,iperf_tcp,50,1,,twin_core,501329,9.9,66547712,866,128,994,0,0.0
2026-04-25T11:13:34.200350+00:00,recovery_scenario,iperf_tcp,50,1,,ryu_controller,501322,67.9,59473920,1683,4964,6647,145,1402.9796
2026-04-25T11:13:34.304856+00:00,recovery_scenario,iperf_tcp,50,1,,twin_core,501329,0.0,66547712,866,128,994,0,0.0
2026-04-25T11:13:34.304856+00:00,recovery_scenario,iperf_tcp,50,1,,ryu_controller,501322,29.4,59473920,1704,5000,6704,57,560.3082
2026-04-25T11:13:34.405397+00:00,recovery_scenario,iperf_tcp,50,1,,twin_core,501329,9.9,66547712,866,128,994,0,0.0
2026-04-25T11:13:34.405397+00:00,recovery_scenario,iperf_tcp,50,1,,ryu_controller,501322,39.8,59473920,1726,5013,6739,35,347.8669
2026-04-25T11:13:34.506764+00:00,recovery_scenario,iperf_tcp,50,1,scenario_teardown,,,,,,,,,
2026-04-25T11:13:34.506808+00:00,recovery_scenario,iperf_tcp,50,1,,twin_core,501329,9.9,66547712,895,149,1044,50,493.1951
2026-04-25T11:13:34.506808+00:00,recovery_scenario,iperf_tcp,50,1,,ryu_controller,501322,68.2,59473920,1764,5253,7017,278,2706.7208
2026-04-25T11:13:34.608937+00:00,recovery_scenario,iperf_tcp,50,1,,twin_core,501329,0.0,66555904,918,152,1070,26,254.3609
2026-04-25T11:13:34.608937+00:00,recovery_scenario,iperf_tcp,50,1,,ryu_controller,501322,0.0,59473920,1774,5257,7031,14,138.7737
2026-04-25T11:13:34.709546+00:00,recovery_scenario,iperf_tcp,50,1,,twin_core,501329,0.0,66555904,940,154,1094,24,238.6468
2026-04-25T11:13:34.709546+00:00,recovery_scenario,iperf_tcp,50,1,,ryu_controller,501322,29.8,59473920,1779,5277,7056,25,248.7515
2026-04-25T11:13:34.810054+00:00,recovery_scenario,iperf_tcp,50,1,,twin_core,501329,0.0,66555904,954,155,1109,15,149.2265
2026-04-25T11:13:34.810054+00:00,recovery_scenario,iperf_tcp,50,1,,ryu_controller,501322,19.9,59473920,1786,5281,7067,11,109.4105
2026-04-25T11:13:34.910550+00:00,recovery_scenario,iperf_tcp,50,1,,twin_core,501329,9.9,66555904,954,155,1109,0,0.0
2026-04-25T11:13:34.910550+00:00,recovery_scenario,iperf_tcp,50,1,,ryu_controller,501322,9.9,59473920,1804,5282,7086,19,188.9255
2026-04-25T11:13:38.150068+00:00,recovery_scenario,iperf_tcp,80,1,,twin_core,502371,0.0,65200128,401,59,460,0,0.0
2026-04-25T11:13:38.150068+00:00,recovery_scenario,iperf_tcp,80,1,,ryu_controller,502364,0.0,57610240,4,5,9,0,0.0
2026-04-25T11:13:38.251863+00:00,recovery_scenario,iperf_tcp,80,1,,twin_core,502371,9.8,65224704,444,61,505,45,446.8526
2026-04-25T11:13:38.251863+00:00,recovery_scenario,iperf_tcp,80,1,,ryu_controller,502364,39.7,57982976,17,14,31,22,218.4078
2026-04-25T11:13:38.352548+00:00,recovery_scenario,iperf_tcp,80,1,,twin_core,502371,9.9,65228800,545,64,609,104,1031.6444
2026-04-25T11:13:38.352548+00:00,recovery_scenario,iperf_tcp,80,1,,ryu_controller,502364,19.8,57987072,27,14,41,10,99.1804
2026-04-25T11:13:38.413183+00:00,recovery_scenario,iperf_tcp,80,1,service_started,,,,,,,,,
2026-04-25T11:13:38.453251+00:00,recovery_scenario,iperf_tcp,80,1,,twin_core,502371,9.9,65871872,600,65,665,56,556.9282
2026-04-25T11:13:38.453251+00:00,recovery_scenario,iperf_tcp,80,1,,ryu_controller,502364,59.7,58155008,85,20,105,64,636.6997
2026-04-25T11:13:38.554591+00:00,recovery_scenario,iperf_tcp,80,1,,twin_core,502371,0.0,66015232,601,65,666,1,9.8525
2026-04-25T11:13:38.554591+00:00,recovery_scenario,iperf_tcp,80,1,,ryu_controller,502364,39.4,58159104,124,21,145,40,394.0474
2026-04-25T11:13:38.656920+00:00,recovery_scenario,iperf_tcp,80,1,,twin_core,502371,0.0,66015232,601,65,666,0,0.0
2026-04-25T11:13:38.656920+00:00,recovery_scenario,iperf_tcp,80,1,,ryu_controller,502364,29.3,58163200,151,21,172,27,263.6539
2026-04-25T11:13:38.757771+00:00,recovery_scenario,iperf_tcp,80,1,,twin_core,502371,9.9,66015232,601,65,666,0,0.0
2026-04-25T11:13:38.757771+00:00,recovery_scenario,iperf_tcp,80,1,,ryu_controller,502364,19.9,58163200,184,21,205,33,327.9483
2026-04-25T11:13:38.860125+00:00,recovery_scenario,iperf_tcp,80,1,,twin_core,502371,0.0,66015232,601,65,666,0,0.0
2026-04-25T11:13:38.860125+00:00,recovery_scenario,iperf_tcp,80,1,,ryu_controller,502364,9.8,58175488,207,21,228,23,224.5012
2026-04-25T11:13:38.960679+00:00,recovery_scenario,iperf_tcp,80,1,,twin_core,502371,0.0,66015232,601,65,666,0,0.0
2026-04-25T11:13:38.960679+00:00,recovery_scenario,iperf_tcp,80,1,,ryu_controller,502364,19.9,58179584,235,21,256,28,278.6819
2026-04-25T11:13:39.061171+00:00,recovery_scenario,iperf_tcp,80,1,,twin_core,502371,0.0,66015232,601,65,666,0,0.0
2026-04-25T11:13:39.061171+00:00,recovery_scenario,iperf_tcp,80,1,,ryu_controller,502364,19.9,58183680,249,21,270,14,139.2364
2026-04-25T11:13:39.161805+00:00,recovery_scenario,iperf_tcp,80,1,,twin_core,502371,0.0,66015232,601,65,666,0,0.0
2026-04-25T11:13:39.161805+00:00,recovery_scenario,iperf_tcp,80,1,,ryu_controller,502364,19.9,58191872,268,21,289,19,188.8962
2026-04-25T11:13:39.264595+00:00,recovery_scenario,iperf_tcp,80,1,,twin_core,502371,0.0,66015232,601,65,666,0,0.0
2026-04-25T11:13:39.264595+00:00,recovery_scenario,iperf_tcp,80,1,,ryu_controller,502364,9.7,58195968,280,21,301,12,116.5409
2026-04-25T11:13:39.365224+00:00,recovery_scenario,iperf_tcp,80,1,,twin_core,502371,10.0,66015232,601,65,666,0,0.0
2026-04-25T11:13:39.365224+00:00,recovery_scenario,iperf_tcp,80,1,,ryu_controller,502364,10.0,58204160,294,21,315,14,139.3805
2026-04-25T11:13:39.466135+00:00,recovery_scenario,iperf_tcp,80,1,,twin_core,502371,0.0,66015232,601,65,666,0,0.0
2026-04-25T11:13:39.466135+00:00,recovery_scenario,iperf_tcp,80,1,,ryu_controller,502364,19.8,58204160,346,21,367,52,515.1817
2026-04-25T11:13:39.567778+00:00,recovery_scenario,iperf_tcp,80,1,,twin_core,502371,0.0,66015232,601,65,666,0,0.0
2026-04-25T11:13:39.567778+00:00,recovery_scenario,iperf_tcp,80,1,,ryu_controller,502364,19.6,58204160,369,22,391,24,235.7149
2026-04-25T11:13:39.710160+00:00,recovery_scenario,iperf_tcp,80,1,,twin_core,502371,0.0,66015232,601,65,666,0,0.0
2026-04-25T11:13:39.710160+00:00,recovery_scenario,iperf_tcp,80,1,,ryu_controller,502364,7.0,58208256,384,22,406,15,105.4202
2026-04-25T11:13:39.810694+00:00,recovery_scenario,iperf_tcp,80,1,,twin_core,502371,0.0,66015232,601,65,666,0,0.0
2026-04-25T11:13:39.810694+00:00,recovery_scenario,iperf_tcp,80,1,,ryu_controller,502364,69.7,58228736,402,26,428,22,218.9269
2026-04-25T11:13:39.911193+00:00,recovery_scenario,iperf_tcp,80,1,,twin_core,502371,0.0,66015232,601,65,666,0,0.0
2026-04-25T11:13:39.911193+00:00,recovery_scenario,iperf_tcp,80,1,,ryu_controller,502364,19.9,58232832,430,26,456,28,278.7566
2026-04-25T11:13:40.011910+00:00,recovery_scenario,iperf_tcp,80,1,,twin_core,502371,0.0,66015232,601,65,666,0,0.0
2026-04-25T11:13:40.011910+00:00,recovery_scenario,iperf_tcp,80,1,,ryu_controller,502364,19.9,58245120,457,26,483,27,267.9854
2026-04-25T11:13:40.112419+00:00,recovery_scenario,iperf_tcp,80,1,,twin_core,502371,0.0,66015232,601,65,666,0,0.0
2026-04-25T11:13:40.112419+00:00,recovery_scenario,iperf_tcp,80,1,,ryu_controller,502364,9.9,58249216,476,26,502,19,188.9788
2026-04-25T11:13:40.212923+00:00,recovery_scenario,iperf_tcp,80,1,,twin_core,502371,0.0,66015232,601,65,666,0,0.0
2026-04-25T11:13:40.212923+00:00,recovery_scenario,iperf_tcp,80,1,,ryu_controller,502364,10.0,58249216,490,26,516,14,139.4339
2026-04-25T11:13:40.314957+00:00,recovery_scenario,iperf_tcp,80,1,,twin_core,502371,0.0,66015232,601,65,666,0,0.0
2026-04-25T11:13:40.314957+00:00,recovery_scenario,iperf_tcp,80,1,,ryu_controller,502364,9.8,58253312,505,26,531,15,146.8341
2026-04-25T11:13:40.415504+00:00,recovery_scenario,iperf_tcp,80,1,,twin_core,502371,0.0,66015232,601,65,666,0,0.0
2026-04-25T11:13:40.415504+00:00,recovery_scenario,iperf_tcp,80,1,,ryu_controller,502364,9.9,58265600,519,26,545,14,139.2771
2026-04-25T11:13:40.516164+00:00,recovery_scenario,iperf_tcp,80,1,,twin_core,502371,0.0,66015232,602,65,667,1,9.8752
2026-04-25T11:13:40.516164+00:00,recovery_scenario,iperf_tcp,80,1,,ryu_controller,502364,69.1,58380288,600,26,626,81,799.0184
2026-04-25T11:13:40.617700+00:00,recovery_scenario,iperf_tcp,80,1,,twin_core,502371,9.8,66076672,609,65,674,7,69.3751
2026-04-25T11:13:40.617700+00:00,recovery_scenario,iperf_tcp,80,1,,ryu_controller,502364,39.6,58388480,633,27,660,34,337.3279
2026-04-25T11:13:40.718174+00:00,recovery_scenario,iperf_tcp,80,1,,twin_core,502371,0.0,66076672,612,65,677,3,29.863
2026-04-25T11:13:40.718174+00:00,recovery_scenario,iperf_tcp,80,1,,ryu_controller,502364,19.9,58400768,651,28,679,19,189.1433
2026-04-25T11:13:40.818721+00:00,recovery_scenario,iperf_tcp,80,1,,twin_core,502371,0.0,66076672,615,65,680,3,29.8074
2026-04-25T11:13:40.818721+00:00,recovery_scenario,iperf_tcp,80,1,,ryu_controller,502364,9.9,58400768,658,28,686,7,69.5275
2026-04-25T11:13:40.919326+00:00,recovery_scenario,iperf_tcp,80,1,,twin_core,502371,0.0,66076672,615,65,680,0,0.0
2026-04-25T11:13:40.919326+00:00,recovery_scenario,iperf_tcp,80,1,,ryu_controller,502364,0.0,58400768,670,28,698,12,119.2943
2026-04-25T11:13:41.019923+00:00,recovery_scenario,iperf_tcp,80,1,,twin_core,502371,0.0,66076672,618,65,683,3,29.8261
2026-04-25T11:13:41.019923+00:00,recovery_scenario,iperf_tcp,80,1,,ryu_controller,502364,9.9,58400768,681,28,709,11,109.4994
2026-04-25T11:13:41.120403+00:00,recovery_scenario,iperf_tcp,80,1,,twin_core,502371,0.0,66076672,621,65,686,3,29.8507
2026-04-25T11:13:41.120403+00:00,recovery_scenario,iperf_tcp,80,1,,ryu_controller,502364,9.9,58400768,688,28,716,7,69.5947
2026-04-25T11:13:41.223725+00:00,recovery_scenario,iperf_tcp,80,1,,twin_core,502371,0.0,66076672,621,65,686,0,0.0
2026-04-25T11:13:41.223725+00:00,recovery_scenario,iperf_tcp,80,1,,ryu_controller,502364,0.0,58400768,696,28,724,8,77.2775
2026-04-25T11:13:41.324548+00:00,recovery_scenario,iperf_tcp,80,1,,twin_core,502371,0.0,66076672,630,65,695,9,89.2018
2026-04-25T11:13:41.324548+00:00,recovery_scenario,iperf_tcp,80,1,,ryu_controller,502364,19.8,58400768,716,28,744,20,198.3584
2026-04-25T11:13:41.425301+00:00,recovery_scenario,iperf_tcp,80,1,,twin_core,502371,0.0,66076672,633,65,698,3,29.8449
2026-04-25T11:13:41.425301+00:00,recovery_scenario,iperf_tcp,80,1,,ryu_controller,502364,9.9,58400768,728,28,756,12,119.3425
2026-04-25T11:13:41.526220+00:00,recovery_scenario,iperf_tcp,80,1,,twin_core,502371,19.8,66076672,638,65,703,5,49.4502
2026-04-25T11:13:41.526220+00:00,recovery_scenario,iperf_tcp,80,1,,ryu_controller,502364,9.9,58400768,778,28,806,50,493.5328
2026-04-25T11:13:41.627225+00:00,recovery_scenario,iperf_tcp,80,1,,twin_core,502371,0.0,66076672,642,65,707,4,39.666
2026-04-25T11:13:41.627225+00:00,recovery_scenario,iperf_tcp,80,1,,ryu_controller,502364,9.9,58400768,793,29,822,16,159.0433
2026-04-25T11:13:41.728959+00:00,recovery_scenario,iperf_tcp,80,1,,twin_core,502371,0.0,66076672,645,65,710,3,29.4949
2026-04-25T11:13:41.728959+00:00,recovery_scenario,iperf_tcp,80,1,,ryu_controller,502364,9.8,58400768,806,29,835,13,127.8322
2026-04-25T11:13:41.830224+00:00,recovery_scenario,iperf_tcp,80,1,,twin_core,502371,0.0,66076672,654,65,719,9,88.8831
2026-04-25T11:13:41.830224+00:00,recovery_scenario,iperf_tcp,80,1,,ryu_controller,502364,19.8,58400768,824,29,853,18,177.7415
2026-04-25T11:13:41.930724+00:00,recovery_scenario,iperf_tcp,80,1,,twin_core,502371,0.0,66076672,657,65,722,3,29.856
2026-04-25T11:13:41.930724+00:00,recovery_scenario,iperf_tcp,80,1,,ryu_controller,502364,10.0,58408960,839,29,868,15,149.291
2026-04-25T11:13:42.031214+00:00,recovery_scenario,iperf_tcp,80,1,,twin_core,502371,0.0,66076672,660,65,725,3,29.8487
2026-04-25T11:13:42.031214+00:00,recovery_scenario,iperf_tcp,80,1,,ryu_controller,502364,9.9,58413056,847,29,876,8,79.6024
2026-04-25T11:13:42.131689+00:00,recovery_scenario,iperf_tcp,80,1,,twin_core,502371,0.0,66076672,663,65,728,3,29.8667
2026-04-25T11:13:42.131689+00:00,recovery_scenario,iperf_tcp,80,1,,ryu_controller,502364,0.0,58413056,858,29,887,11,109.5213
2026-04-25T11:13:42.232146+00:00,recovery_scenario,iperf_tcp,80,1,,twin_core,502371,0.0,66076672,663,65,728,0,0.0
2026-04-25T11:13:42.232146+00:00,recovery_scenario,iperf_tcp,80,1,,ryu_controller,502364,9.9,58413056,870,29,899,12,119.3372
2026-04-25T11:13:42.332826+00:00,recovery_scenario,iperf_tcp,80,1,,twin_core,502371,0.0,66076672,673,65,738,10,99.2876
2026-04-25T11:13:42.332826+00:00,recovery_scenario,iperf_tcp,80,1,,ryu_controller,502364,0.0,58413056,874,29,903,4,39.6237
2026-04-25T11:13:42.433764+00:00,recovery_scenario,iperf_tcp,80,1,,twin_core,502371,9.9,66076672,683,65,748,10,99.1496
2026-04-25T11:13:42.433764+00:00,recovery_scenario,iperf_tcp,80,1,,ryu_controller,502364,19.8,58413056,897,29,926,23,228.6664
2026-04-25T11:13:42.534906+00:00,recovery_scenario,iperf_tcp,80,1,,twin_core,502371,0.0,66076672,686,65,751,3,29.6411
2026-04-25T11:13:42.534906+00:00,recovery_scenario,iperf_tcp,80,1,,ryu_controller,502364,59.3,58417152,939,30,969,43,424.9139
2026-04-25T11:13:42.638299+00:00,recovery_scenario,iperf_tcp,80,1,,twin_core,502371,9.7,66080768,689,65,754,3,29.0012
2026-04-25T11:13:42.638299+00:00,recovery_scenario,iperf_tcp,80,1,,ryu_controller,502364,86.7,58691584,978,30,1008,39,375.4213
2026-04-25T11:13:42.739318+00:00,recovery_scenario,iperf_tcp,80,1,,twin_core,502371,0.0,66191360,698,65,763,9,89.2042
2026-04-25T11:13:42.739318+00:00,recovery_scenario,iperf_tcp,80,1,,ryu_controller,502364,9.9,58691584,987,30,1017,9,89.5408
2026-04-25T11:13:42.839837+00:00,recovery_scenario,iperf_tcp,80,1,,twin_core,502371,0.0,66191360,704,65,769,6,59.5813
2026-04-25T11:13:42.839837+00:00,recovery_scenario,iperf_tcp,80,1,,ryu_controller,502364,19.9,58691584,1007,30,1037,20,198.4923
2026-04-25T11:13:42.941675+00:00,recovery_scenario,iperf_tcp,80,1,,twin_core,502371,0.0,66191360,707,65,772,3,29.4867
2026-04-25T11:13:42.941675+00:00,recovery_scenario,iperf_tcp,80,1,,ryu_controller,502364,9.8,58691584,1019,30,1049,12,118.0322
2026-04-25T11:13:43.042260+00:00,recovery_scenario,iperf_tcp,80,1,,twin_core,502371,0.0,66191360,709,65,774,2,19.8851
2026-04-25T11:13:43.042260+00:00,recovery_scenario,iperf_tcp,80,1,,ryu_controller,502364,0.0,58691584,1027,30,1057,8,79.2294
2026-04-25T11:13:43.147494+00:00,recovery_scenario,iperf_tcp,80,1,,twin_core,502371,0.0,66191360,714,65,779,5,47.5102
2026-04-25T11:13:43.147494+00:00,recovery_scenario,iperf_tcp,80,1,,ryu_controller,502364,19.0,58691584,1044,30,1074,17,162.1225
2026-04-25T11:13:43.248069+00:00,recovery_scenario,iperf_tcp,80,1,,twin_core,502371,0.0,66191360,723,65,788,9,89.5211
2026-04-25T11:13:43.248069+00:00,recovery_scenario,iperf_tcp,80,1,,ryu_controller,502364,0.0,58691584,1048,30,1078,4,39.7931
2026-04-25T11:13:43.348612+00:00,recovery_scenario,iperf_tcp,80,1,,twin_core,502371,0.0,66191360,729,65,794,6,59.5944
2026-04-25T11:13:43.348612+00:00,recovery_scenario,iperf_tcp,80,1,,ryu_controller,502364,19.9,58691584,1078,30,1108,30,298.0555
2026-04-25T11:13:43.449263+00:00,recovery_scenario,iperf_tcp,80,1,,twin_core,502371,0.0,66191360,729,65,794,0,0.0
2026-04-25T11:13:43.449263+00:00,recovery_scenario,iperf_tcp,80,1,,ryu_controller,502364,19.9,58691584,1107,30,1137,29,288.6692
2026-04-25T11:13:43.549754+00:00,recovery_scenario,iperf_tcp,80,1,,twin_core,502371,10.0,66191360,732,65,797,3,29.8575
2026-04-25T11:13:43.549754+00:00,recovery_scenario,iperf_tcp,80,1,,ryu_controller,502364,10.0,58691584,1130,30,1160,23,228.8968
2026-04-25T11:13:43.650310+00:00,recovery_scenario,iperf_tcp,80,1,,twin_core,502371,0.0,66191360,739,65,804,7,69.5785
2026-04-25T11:13:43.650310+00:00,recovery_scenario,iperf_tcp,80,1,,ryu_controller,502364,9.9,58691584,1158,30,1188,28,278.1032
2026-04-25T11:13:43.750879+00:00,recovery_scenario,iperf_tcp,80,1,,twin_core,502371,0.0,66191360,748,65,813,9,89.4983
2026-04-25T11:13:43.750879+00:00,recovery_scenario,iperf_tcp,80,1,,ryu_controller,502364,9.9,58691584,1165,30,1195,7,69.6522
2026-04-25T11:13:43.852315+00:00,recovery_scenario,iperf_tcp,80,1,,twin_core,502371,0.0,66191360,748,65,813,0,0.0
2026-04-25T11:13:43.852315+00:00,recovery_scenario,iperf_tcp,80,1,,ryu_controller,502364,0.0,58691584,1178,30,1208,13,127.9099
2026-04-25T11:13:43.953451+00:00,recovery_scenario,iperf_tcp,80,1,,twin_core,502371,0.0,66191360,751,65,816,3,29.7033
2026-04-25T11:13:43.953451+00:00,recovery_scenario,iperf_tcp,80,1,,ryu_controller,502364,29.7,58695680,1203,30,1233,25,247.8011
2026-04-25T11:13:44.055219+00:00,recovery_scenario,iperf_tcp,80,1,,twin_core,502371,0.0,66191360,757,65,822,6,58.9191
2026-04-25T11:13:44.055219+00:00,recovery_scenario,iperf_tcp,80,1,,ryu_controller,502364,0.0,58695680,1210,30,1240,7,68.7456
2026-04-25T11:13:44.155741+00:00,recovery_scenario,iperf_tcp,80,1,,twin_core,502371,0.0,66191360,763,65,828,6,59.7258
2026-04-25T11:13:44.155741+00:00,recovery_scenario,iperf_tcp,80,1,,ryu_controller,502364,0.0,58695680,1219,30,1249,9,89.5984
2026-04-25T11:13:44.258346+00:00,recovery_scenario,iperf_tcp,80,1,,twin_core,502371,0.0,66191360,766,65,831,3,29.2134
2026-04-25T11:13:44.258346+00:00,recovery_scenario,iperf_tcp,80,1,,ryu_controller,502364,0.0,58695680,1222,30,1252,3,29.1901
2026-04-25T11:13:44.359715+00:00,recovery_scenario,iperf_tcp,80,1,,twin_core,502371,9.9,66191360,769,65,834,3,29.5852
2026-04-25T11:13:44.359715+00:00,recovery_scenario,iperf_tcp,80,1,,ryu_controller,502364,0.0,58695680,1224,30,1254,2,19.7338
2026-04-25T11:13:44.395501+00:00,recovery_scenario,iperf_tcp,80,1,pingall_completed,,,,,,,,,
2026-04-25T11:13:44.462968+00:00,recovery_scenario,iperf_tcp,80,1,,twin_core,502371,0.0,66195456,780,65,845,11,106.5921
2026-04-25T11:13:44.462968+00:00,recovery_scenario,iperf_tcp,80,1,,ryu_controller,502364,29.1,58695680,1240,44,1284,30,290.7668
2026-04-25T11:13:44.563756+00:00,recovery_scenario,iperf_tcp,80,1,,twin_core,502371,0.0,66195456,780,65,845,0,0.0
2026-04-25T11:13:44.563756+00:00,recovery_scenario,iperf_tcp,80,1,,ryu_controller,502364,0.0,58695680,1244,44,1288,4,39.6579
2026-04-25T11:13:44.664798+00:00,recovery_scenario,iperf_tcp,80,1,,twin_core,502371,9.9,66195456,780,65,845,0,0.0
2026-04-25T11:13:44.664798+00:00,recovery_scenario,iperf_tcp,80,1,,ryu_controller,502364,67.0,58695680,1276,44,1320,32,296.2558
2026-04-25T11:13:44.772501+00:00,recovery_scenario,iperf_tcp,80,1,,twin_core,502371,9.3,66195456,780,65,845,0,0.0
2026-04-25T11:13:44.772501+00:00,recovery_scenario,iperf_tcp,80,1,,ryu_controller,502364,76.7,58736640,1281,46,1327,7,69.4145
2026-04-25T11:13:44.873190+00:00,recovery_scenario,iperf_tcp,80,1,,twin_core,502371,0.0,66265088,780,65,845,0,0.0
2026-04-25T11:13:44.873190+00:00,recovery_scenario,iperf_tcp,80,1,,ryu_controller,502364,87.7,58974208,1314,46,1360,33,321.6955
2026-04-25T11:13:44.982844+00:00,recovery_scenario,iperf_tcp,80,1,,twin_core,502371,9.1,66265088,780,65,845,0,0.0
2026-04-25T11:13:44.982844+00:00,recovery_scenario,iperf_tcp,80,1,,ryu_controller,502364,0.0,58974208,1317,46,1363,3,27.8193
2026-04-25T11:13:45.089702+00:00,recovery_scenario,iperf_tcp,80,1,,twin_core,502371,0.0,66265088,780,65,845,0,0.0
2026-04-25T11:13:45.089702+00:00,recovery_scenario,iperf_tcp,80,1,,ryu_controller,502364,9.3,58974208,1321,46,1367,4,37.3365
2026-04-25T11:13:45.200440+00:00,recovery_scenario,iperf_tcp,80,1,,twin_core,502371,0.0,66265088,780,65,845,0,0.0
2026-04-25T11:13:45.200440+00:00,recovery_scenario,iperf_tcp,80,1,,ryu_controller,502364,0.0,58974208,1324,46,1370,3,27.1229
2026-04-25T11:13:45.311171+00:00,recovery_scenario,iperf_tcp,80,1,,twin_core,502371,0.0,66265088,780,65,845,0,0.0
2026-04-25T11:13:45.311171+00:00,recovery_scenario,iperf_tcp,80,1,,ryu_controller,502364,0.0,58974208,1328,46,1374,4,36.0356
2026-04-25T11:13:45.413258+00:00,recovery_scenario,iperf_tcp,80,1,,twin_core,502371,9.8,66269184,785,65,850,5,49.0107
2026-04-25T11:13:45.413258+00:00,recovery_scenario,iperf_tcp,80,1,,ryu_controller,502364,0.0,58974208,1331,46,1377,3,29.4038
2026-04-25T11:13:45.518247+00:00,recovery_scenario,iperf_tcp,80,1,,twin_core,502371,0.0,66269184,785,65,850,0,0.0
2026-04-25T11:13:45.518247+00:00,recovery_scenario,iperf_tcp,80,1,,ryu_controller,502364,9.6,58974208,1334,46,1380,3,28.7179
2026-04-25T11:13:45.619871+00:00,recovery_scenario,iperf_tcp,80,1,,twin_core,502371,0.0,66269184,785,65,850,0,0.0
2026-04-25T11:13:45.619871+00:00,recovery_scenario,iperf_tcp,80,1,,ryu_controller,502364,0.0,58974208,1348,46,1394,14,137.9309
2026-04-25T11:13:45.720453+00:00,recovery_scenario,iperf_tcp,80,1,,twin_core,502371,0.0,66269184,785,65,850,0,0.0
2026-04-25T11:13:45.720453+00:00,recovery_scenario,iperf_tcp,80,1,,ryu_controller,502364,0.0,58974208,1354,46,1400,6,59.5591
2026-04-25T11:13:45.821042+00:00,recovery_scenario,iperf_tcp,80,1,,twin_core,502371,0.0,66269184,785,65,850,0,0.0
2026-04-25T11:13:45.821042+00:00,recovery_scenario,iperf_tcp,80,1,,ryu_controller,502364,0.0,58974208,1375,46,1421,21,208.8682
2026-04-25T11:13:45.921629+00:00,recovery_scenario,iperf_tcp,80,1,,twin_core,502371,0.0,66269184,785,65,850,0,0.0
2026-04-25T11:13:45.921629+00:00,recovery_scenario,iperf_tcp,80,1,,ryu_controller,502364,0.0,58974208,1390,46,1436,15,149.2215
2026-04-25T11:13:46.022155+00:00,recovery_scenario,iperf_tcp,80,1,,twin_core,502371,0.0,66269184,785,65,850,0,0.0
2026-04-25T11:13:46.022155+00:00,recovery_scenario,iperf_tcp,80,1,,ryu_controller,502364,9.9,58974208,1394,46,1440,4,39.6828
2026-04-25T11:13:46.123032+00:00,recovery_scenario,iperf_tcp,80,1,,twin_core,502371,0.0,66269184,785,65,850,0,0.0
2026-04-25T11:13:46.123032+00:00,recovery_scenario,iperf_tcp,80,1,,ryu_controller,502364,0.0,58974208,1398,46,1444,4,39.5196
2026-04-25T11:13:46.224169+00:00,recovery_scenario,iperf_tcp,80,1,,twin_core,502371,9.9,66269184,785,65,850,0,0.0
2026-04-25T11:13:46.224169+00:00,recovery_scenario,iperf_tcp,80,1,,ryu_controller,502364,0.0,58974208,1401,48,1449,5,49.5539
2026-04-25T11:13:46.325186+00:00,recovery_scenario,iperf_tcp,80,1,,twin_core,502371,0.0,66269184,785,65,850,0,0.0
2026-04-25T11:13:46.325186+00:00,recovery_scenario,iperf_tcp,80,1,,ryu_controller,502364,0.0,58974208,1406,57,1463,14,138.7722
2026-04-25T11:13:46.413723+00:00,recovery_scenario,iperf_tcp,80,1,background_traffic_started,,,,,,,,,
2026-04-25T11:13:46.427417+00:00,recovery_scenario,iperf_tcp,80,1,,twin_core,502371,0.0,66285568,788,74,862,12,117.0307
2026-04-25T11:13:46.427417+00:00,recovery_scenario,iperf_tcp,80,1,,ryu_controller,502364,9.7,58974208,1412,88,1500,37,360.6182
2026-04-25T11:13:46.531380+00:00,recovery_scenario,iperf_tcp,80,1,,twin_core,502371,28.8,66326528,802,135,937,75,722.1157
2026-04-25T11:13:46.531380+00:00,recovery_scenario,iperf_tcp,80,1,,ryu_controller,502364,38.6,58974208,1432,491,1923,423,4079.9838
2026-04-25T11:13:46.627229+00:00,recovery_scenario,iperf_tcp,80,1,fault_injected,,,,,,,,,
2026-04-25T11:13:46.632617+00:00,recovery_scenario,iperf_tcp,80,1,,twin_core,502371,9.9,66445312,814,152,966,29,286.8831
2026-04-25T11:13:46.632617+00:00,recovery_scenario,iperf_tcp,80,1,,ryu_controller,502364,69.3,58998784,1441,699,2140,217,2148.4959
2026-04-25T11:13:46.733300+00:00,recovery_scenario,iperf_tcp,80,1,,twin_core,502371,0.0,66449408,816,154,970,4,39.7708
2026-04-25T11:13:46.733300+00:00,recovery_scenario,iperf_tcp,80,1,,ryu_controller,502364,69.5,59334656,1441,759,2200,60,595.2274
2026-04-25T11:13:46.834188+00:00,recovery_scenario,iperf_tcp,80,1,,twin_core,502371,0.0,66449408,816,154,970,0,0.0
2026-04-25T11:13:46.834188+00:00,recovery_scenario,iperf_tcp,80,1,,ryu_controller,502364,99.3,59379712,1441,762,2203,3,29.8124
2026-04-25T11:13:46.934991+00:00,recovery_scenario,iperf_tcp,80,1,,twin_core,502371,0.0,66449408,816,154,970,0,0.0
2026-04-25T11:13:46.934991+00:00,recovery_scenario,iperf_tcp,80,1,,ryu_controller,502364,99.2,59379712,1441,764,2205,2,19.8225
2026-04-25T11:13:47.035572+00:00,recovery_scenario,iperf_tcp,80,1,,twin_core,502371,0.0,66449408,816,154,970,0,0.0
2026-04-25T11:13:47.035572+00:00,recovery_scenario,iperf_tcp,80,1,,ryu_controller,502364,109.2,59383808,1441,764,2205,0,0.0
2026-04-25T11:13:47.136159+00:00,recovery_scenario,iperf_tcp,80,1,,twin_core,502371,9.9,66449408,816,154,970,0,0.0
2026-04-25T11:13:47.136159+00:00,recovery_scenario,iperf_tcp,80,1,,ryu_controller,502364,89.5,59482112,1441,767,2208,3,29.7614
2026-04-25T11:13:47.237085+00:00,recovery_scenario,iperf_tcp,80,1,,twin_core,502371,9.9,66449408,817,154,971,1,9.9224
2026-04-25T11:13:47.237085+00:00,recovery_scenario,iperf_tcp,80,1,,ryu_controller,502364,109.2,59490304,1441,768,2209,1,9.9499
2026-04-25T11:13:47.338057+00:00,recovery_scenario,iperf_tcp,80,1,,twin_core,502371,0.0,66449408,817,154,971,0,0.0
2026-04-25T11:13:47.338057+00:00,recovery_scenario,iperf_tcp,80,1,,ryu_controller,502364,88.6,59498496,1441,775,2216,7,68.8803
2026-04-25T11:13:47.439477+00:00,recovery_scenario,iperf_tcp,80,1,,twin_core,502371,9.9,66482176,817,154,971,0,0.0
2026-04-25T11:13:47.439477+00:00,recovery_scenario,iperf_tcp,80,1,,ryu_controller,502364,76.4,59502592,1451,779,2230,14,133.2432
2026-04-25T11:13:47.544899+00:00,recovery_scenario,iperf_tcp,80,1,,twin_core,502371,0.0,66482176,817,154,971,0,0.0
2026-04-25T11:13:47.544899+00:00,recovery_scenario,iperf_tcp,80,1,,ryu_controller,502364,19.7,59502592,1485,779,2264,34,335.8446
2026-04-25T11:13:47.645536+00:00,recovery_scenario,iperf_tcp,80,1,,twin_core,502371,0.0,66482176,817,154,971,0,0.0
2026-04-25T11:13:47.645536+00:00,recovery_scenario,iperf_tcp,80,1,,ryu_controller,502364,9.9,59502592,1519,779,2298,34,337.1308
2026-04-25T11:13:47.746682+00:00,recovery_scenario,iperf_tcp,80,1,,twin_core,502371,19.8,66482176,840,154,994,23,227.3129
2026-04-25T11:13:47.746682+00:00,recovery_scenario,iperf_tcp,80,1,,ryu_controller,502364,59.2,59502592,1560,781,2341,43,424.7537
2026-04-25T11:13:47.774055+00:00,recovery_scenario,iperf_tcp,80,1,recovery_requested,,,,,,,,,
2026-04-25T11:13:47.847765+00:00,recovery_scenario,iperf_tcp,80,1,,twin_core,502371,9.9,66486272,848,154,1002,8,79.2209
2026-04-25T11:13:47.847765+00:00,recovery_scenario,iperf_tcp,80,1,,ryu_controller,502364,39.6,59502592,1588,782,2370,29,287.1284
2026-04-25T11:13:47.948880+00:00,recovery_scenario,iperf_tcp,80,1,,twin_core,502371,0.0,66486272,848,154,1002,0,0.0
2026-04-25T11:13:47.948880+00:00,recovery_scenario,iperf_tcp,80,1,,ryu_controller,502364,29.7,59502592,1613,783,2396,26,257.6012
2026-04-25T11:13:48.049626+00:00,recovery_scenario,iperf_tcp,80,1,,twin_core,502371,0.0,66486272,848,154,1002,0,0.0
2026-04-25T11:13:48.049626+00:00,recovery_scenario,iperf_tcp,80,1,,ryu_controller,502364,99.2,59502592,1617,784,2401,5,49.6059
2026-04-25T11:13:48.150372+00:00,recovery_scenario,iperf_tcp,80,1,,twin_core,502371,0.0,66486272,848,154,1002,0,0.0
2026-04-25T11:13:48.150372+00:00,recovery_scenario,iperf_tcp,80,1,,ryu_controller,502364,89.3,59506688,1617,785,2402,1,9.9156
2026-04-25T11:13:48.251083+00:00,recovery_scenario,iperf_tcp,80,1,,twin_core,502371,0.0,66486272,848,154,1002,0,0.0
2026-04-25T11:13:48.251083+00:00,recovery_scenario,iperf_tcp,80,1,,ryu_controller,502364,109.3,59506688,1617,787,2404,2,19.8509
2026-04-25T11:13:48.351941+00:00,recovery_scenario,iperf_tcp,80,1,,twin_core,502371,9.9,66486272,849,154,1003,1,9.9151
2026-04-25T11:13:48.351941+00:00,recovery_scenario,iperf_tcp,80,1,,ryu_controller,502364,99.2,59506688,1617,790,2407,3,29.8194
2026-04-25T11:13:48.452578+00:00,recovery_scenario,iperf_tcp,80,1,,twin_core,502371,0.0,66486272,849,154,1003,0,0.0
2026-04-25T11:13:48.452578+00:00,recovery_scenario,iperf_tcp,80,1,,ryu_controller,502364,99.0,59506688,1617,791,2408,1,9.889
2026-04-25T11:13:48.553720+00:00,recovery_scenario,iperf_tcp,80,1,,twin_core,502371,0.0,66486272,849,154,1003,0,0.0
2026-04-25T11:13:48.553720+00:00,recovery_scenario,iperf_tcp,80,1,,ryu_controller,502364,99.3,59506688,1617,793,2410,2,19.8763
2026-04-25T11:13:48.654302+00:00,recovery_scenario,iperf_tcp,80,1,,twin_core,502371,0.0,66486272,849,154,1003,0,0.0
2026-04-25T11:13:48.654302+00:00,recovery_scenario,iperf_tcp,80,1,,ryu_controller,502364,99.4,59506688,1617,794,2411,1,9.9287
2026-04-25T11:13:48.754941+00:00,recovery_scenario,iperf_tcp,80,1,,twin_core,502371,0.0,66486272,849,154,1003,0,0.0
2026-04-25T11:13:48.754941+00:00,recovery_scenario,iperf_tcp,80,1,,ryu_controller,502364,108.0,59506688,1617,797,2414,3,29.4697
2026-04-25T11:13:48.857250+00:00,recovery_scenario,iperf_tcp,80,1,,twin_core,502371,9.8,66486272,850,154,1004,1,9.8866
2026-04-25T11:13:48.857250+00:00,recovery_scenario,iperf_tcp,80,1,,ryu_controller,502364,69.3,59506688,1626,802,2428,14,138.6966
2026-04-25T11:13:48.957839+00:00,recovery_scenario,iperf_tcp,80,1,,twin_core,502371,0.0,66486272,850,154,1004,0,0.0
2026-04-25T11:13:48.957839+00:00,recovery_scenario,iperf_tcp,80,1,,ryu_controller,502364,19.7,59506688,1657,802,2459,31,306.0795
2026-04-25T11:13:49.059422+00:00,recovery_scenario,iperf_tcp,80,1,,twin_core,502371,0.0,66486272,850,154,1004,0,0.0
2026-04-25T11:13:49.059422+00:00,recovery_scenario,iperf_tcp,80,1,,ryu_controller,502364,19.8,59506688,1675,804,2479,20,197.5425
2026-04-25T11:13:49.160224+00:00,recovery_scenario,iperf_tcp,80,1,,twin_core,502371,0.0,66486272,850,154,1004,0,0.0
2026-04-25T11:13:49.160224+00:00,recovery_scenario,iperf_tcp,80,1,,ryu_controller,502364,9.9,59506688,1685,804,2489,10,99.4668
2026-04-25T11:13:49.260868+00:00,recovery_scenario,iperf_tcp,80,1,,twin_core,502371,0.0,66486272,850,154,1004,0,0.0
2026-04-25T11:13:49.260868+00:00,recovery_scenario,iperf_tcp,80,1,,ryu_controller,502364,0.0,59506688,1689,804,2493,4,39.5521
2026-04-25T11:13:49.361915+00:00,recovery_scenario,iperf_tcp,80,1,,twin_core,502371,0.0,66486272,851,154,1005,1,9.9105
2026-04-25T11:13:49.361915+00:00,recovery_scenario,iperf_tcp,80,1,,ryu_controller,502364,9.8,59506688,1693,804,2497,4,39.4309
2026-04-25T11:13:49.463536+00:00,recovery_scenario,iperf_tcp,80,1,,twin_core,502371,0.0,66486272,851,154,1005,0,0.0
2026-04-25T11:13:49.463536+00:00,recovery_scenario,iperf_tcp,80,1,,ryu_controller,502364,49.5,59506688,1723,804,2527,30,297.2981
2026-04-25T11:13:49.564343+00:00,recovery_scenario,iperf_tcp,80,1,,twin_core,502371,9.9,66531328,851,154,1005,0,0.0
2026-04-25T11:13:49.564343+00:00,recovery_scenario,iperf_tcp,80,1,,ryu_controller,502364,79.2,59506688,1738,806,2544,17,168.1076
2026-04-25T11:13:49.665502+00:00,recovery_scenario,iperf_tcp,80,1,,twin_core,502371,0.0,66531328,851,154,1005,0,0.0
2026-04-25T11:13:49.665502+00:00,recovery_scenario,iperf_tcp,80,1,,ryu_controller,502364,9.9,59506688,1755,806,2561,17,168.7215
2026-04-25T11:13:49.766413+00:00,recovery_scenario,iperf_tcp,80,1,,twin_core,502371,0.0,66531328,851,154,1005,0,0.0
2026-04-25T11:13:49.766413+00:00,recovery_scenario,iperf_tcp,80,1,,ryu_controller,502364,0.0,59506688,1764,806,2570,9,89.0395
2026-04-25T11:13:49.867319+00:00,recovery_scenario,iperf_tcp,80,1,,twin_core,502371,19.9,66531328,876,154,1030,25,248.2907
2026-04-25T11:13:49.867319+00:00,recovery_scenario,iperf_tcp,80,1,,ryu_controller,502364,59.6,59506688,1811,806,2617,47,466.1524
2026-04-25T11:13:49.883373+00:00,recovery_scenario,iperf_tcp,80,1,scenario_teardown,,,,,,,,,
2026-04-25T11:13:49.968081+00:00,recovery_scenario,iperf_tcp,80,1,,twin_core,502371,9.9,66531328,896,155,1051,21,208.4322
2026-04-25T11:13:49.968081+00:00,recovery_scenario,iperf_tcp,80,1,,ryu_controller,502364,29.8,59506688,1825,809,2634,17,169.106
2026-04-25T11:13:50.068574+00:00,recovery_scenario,iperf_tcp,80,1,,twin_core,502371,9.9,66531328,913,157,1070,19,188.8001
2026-04-25T11:13:50.068574+00:00,recovery_scenario,iperf_tcp,80,1,,ryu_controller,502364,0.0,59506688,1832,813,2645,11,109.28
2026-04-25T11:13:50.169251+00:00,recovery_scenario,iperf_tcp,80,1,,twin_core,502371,0.0,66535424,935,157,1092,22,218.8241
2026-04-25T11:13:50.169251+00:00,recovery_scenario,iperf_tcp,80,1,,ryu_controller,502364,19.9,59506688,1837,821,2658,13,129.3399
2026-04-25T11:13:50.269801+00:00,recovery_scenario,iperf_tcp,80,1,,twin_core,502371,0.0,66535424,935,157,1092,0,0.0
2026-04-25T11:13:50.269801+00:00,recovery_scenario,iperf_tcp,80,1,,ryu_controller,502364,9.9,59506688,1845,822,2667,9,89.3934
2026-04-25T11:13:53.704306+00:00,recovery_scenario,iperf_tcp,30,1,,twin_core,503435,0.0,65163264,381,76,457,0,0.0
2026-04-25T11:13:53.704306+00:00,recovery_scenario,iperf_tcp,30,1,,ryu_controller,503428,0.0,57634816,7,2,9,0,0.0
2026-04-25T11:13:53.805805+00:00,recovery_scenario,iperf_tcp,30,1,,twin_core,503435,0.0,65212416,420,81,501,44,433.5178
2026-04-25T11:13:53.805805+00:00,recovery_scenario,iperf_tcp,30,1,,ryu_controller,503428,39.4,57987072,14,18,32,23,228.804
2026-04-25T11:13:53.906210+00:00,recovery_scenario,iperf_tcp,30,1,,twin_core,503435,10.0,65216512,504,82,586,85,845.9779
2026-04-25T11:13:53.906210+00:00,recovery_scenario,iperf_tcp,30,1,,ryu_controller,503428,29.9,57999360,42,22,64,32,318.4474
2026-04-25T11:13:53.986912+00:00,recovery_scenario,iperf_tcp,30,1,service_started,,,,,,,,,
2026-04-25T11:13:54.007157+00:00,recovery_scenario,iperf_tcp,30,1,,twin_core,503435,9.9,65847296,579,83,662,76,749.7077
2026-04-25T11:13:54.007157+00:00,recovery_scenario,iperf_tcp,30,1,,ryu_controller,503428,29.6,58040320,66,23,89,25,246.0322
2026-04-25T11:13:54.108358+00:00,recovery_scenario,iperf_tcp,30,1,,twin_core,503435,19.8,66011136,580,83,663,1,9.9204
2026-04-25T11:13:54.108358+00:00,recovery_scenario,iperf_tcp,30,1,,ryu_controller,503428,39.7,58097664,103,24,127,38,377.5864
2026-04-25T11:13:54.208984+00:00,recovery_scenario,iperf_tcp,30,1,,twin_core,503435,0.0,66011136,580,83,663,0,0.0
2026-04-25T11:13:54.208984+00:00,recovery_scenario,iperf_tcp,30,1,,ryu_controller,503428,9.9,58109952,124,24,148,21,208.8704
2026-04-25T11:13:54.309484+00:00,recovery_scenario,iperf_tcp,30,1,,twin_core,503435,0.0,66011136,580,83,663,0,0.0
2026-04-25T11:13:54.309484+00:00,recovery_scenario,iperf_tcp,30,1,,ryu_controller,503428,39.8,58114048,155,24,179,31,308.4688
2026-04-25T11:13:54.411002+00:00,recovery_scenario,iperf_tcp,30,1,,twin_core,503435,0.0,66011136,580,83,663,0,0.0
2026-04-25T11:13:54.411002+00:00,recovery_scenario,iperf_tcp,30,1,,ryu_controller,503428,0.0,58114048,161,24,185,6,59.0307
2026-04-25T11:13:54.511830+00:00,recovery_scenario,iperf_tcp,30,1,,twin_core,503435,0.0,66011136,580,83,663,0,0.0
2026-04-25T11:13:54.511830+00:00,recovery_scenario,iperf_tcp,30,1,,ryu_controller,503428,39.7,58126336,210,24,234,49,486.8381
2026-04-25T11:13:54.612293+00:00,recovery_scenario,iperf_tcp,30,1,,twin_core,503435,0.0,66011136,580,83,663,0,0.0
2026-04-25T11:13:54.612293+00:00,recovery_scenario,iperf_tcp,30,1,,ryu_controller,503428,10.0,58130432,221,24,245,11,109.4782
2026-04-25T11:13:54.713049+00:00,recovery_scenario,iperf_tcp,30,1,,twin_core,503435,0.0,66011136,580,83,663,0,0.0
2026-04-25T11:13:54.713049+00:00,recovery_scenario,iperf_tcp,30,1,,ryu_controller,503428,19.8,58138624,243,24,267,22,218.196
2026-04-25T11:13:54.814769+00:00,recovery_scenario,iperf_tcp,30,1,,twin_core,503435,0.0,66011136,580,83,663,0,0.0
2026-04-25T11:13:54.814769+00:00,recovery_scenario,iperf_tcp,30,1,,ryu_controller,503428,9.8,58138624,256,24,280,13,127.8487
2026-04-25T11:13:54.923068+00:00,recovery_scenario,iperf_tcp,30,1,,twin_core,503435,0.0,66011136,580,83,663,0,0.0
2026-04-25T11:13:54.923068+00:00,recovery_scenario,iperf_tcp,30,1,,ryu_controller,503428,0.0,58138624,260,24,284,4,36.7561
2026-04-25T11:13:55.024162+00:00,recovery_scenario,iperf_tcp,30,1,,twin_core,503435,0.0,66011136,580,83,663,0,0.0
2026-04-25T11:13:55.024162+00:00,recovery_scenario,iperf_tcp,30,1,,ryu_controller,503428,29.8,58150912,288,24,312,28,278.5467
2026-04-25T11:13:55.125029+00:00,recovery_scenario,iperf_tcp,30,1,,twin_core,503435,0.0,66011136,580,83,663,0,0.0
2026-04-25T11:13:55.125029+00:00,recovery_scenario,iperf_tcp,30,1,,ryu_controller,503428,9.9,58150912,308,24,332,20,198.1207
2026-04-25T11:13:55.225609+00:00,recovery_scenario,iperf_tcp,30,1,,twin_core,503435,0.0,66011136,580,83,663,0,0.0
2026-04-25T11:13:55.225609+00:00,recovery_scenario,iperf_tcp,30,1,,ryu_controller,503428,29.8,58167296,333,24,357,25,248.6802
2026-04-25T11:13:55.326102+00:00,recovery_scenario,iperf_tcp,30,1,,twin_core,503435,0.0,66011136,580,83,663,0,0.0
2026-04-25T11:13:55.326102+00:00,recovery_scenario,iperf_tcp,30,1,,ryu_controller,503428,19.9,58171392,357,24,381,24,238.9784
2026-04-25T11:13:55.430768+00:00,recovery_scenario,iperf_tcp,30,1,,twin_core,503435,0.0,66011136,580,83,663,0,0.0
2026-04-25T11:13:55.430768+00:00,recovery_scenario,iperf_tcp,30,1,,ryu_controller,503428,0.0,58171392,362,24,386,5,47.6868
2026-04-25T11:13:55.531435+00:00,recovery_scenario,iperf_tcp,30,1,,twin_core,503435,0.0,66011136,580,83,663,0,0.0
2026-04-25T11:13:55.531435+00:00,recovery_scenario,iperf_tcp,30,1,,ryu_controller,503428,39.8,58183680,393,25,418,32,318.2068
2026-04-25T11:13:55.631937+00:00,recovery_scenario,iperf_tcp,30,1,,twin_core,503435,0.0,66011136,580,83,663,0,0.0
2026-04-25T11:13:55.631937+00:00,recovery_scenario,iperf_tcp,30,1,,ryu_controller,503428,49.8,58302464,453,25,478,60,597.5745
2026-04-25T11:13:55.734774+00:00,recovery_scenario,iperf_tcp,30,1,,twin_core,503435,0.0,66011136,580,83,663,0,0.0
2026-04-25T11:13:55.734774+00:00,recovery_scenario,iperf_tcp,30,1,,ryu_controller,503428,29.2,58302464,484,25,509,31,301.3824
2026-04-25T11:13:55.839997+00:00,recovery_scenario,iperf_tcp,30,1,,twin_core,503435,0.0,66011136,580,83,663,0,0.0
2026-04-25T11:13:55.839997+00:00,recovery_scenario,iperf_tcp,30,1,,ryu_controller,503428,9.5,58302464,511,25,536,27,256.4546
2026-04-25T11:13:55.946844+00:00,recovery_scenario,iperf_tcp,30,1,,twin_core,503435,0.0,66011136,580,83,663,0,0.0
2026-04-25T11:13:55.946844+00:00,recovery_scenario,iperf_tcp,30,1,,ryu_controller,503428,9.4,58306560,522,25,547,11,102.9082
2026-04-25T11:13:56.047367+00:00,recovery_scenario,iperf_tcp,30,1,,twin_core,503435,0.0,66011136,580,83,663,0,0.0
2026-04-25T11:13:56.047367+00:00,recovery_scenario,iperf_tcp,30,1,,ryu_controller,503428,10.0,58306560,539,26,565,18,179.1213
2026-04-25T11:13:56.147869+00:00,recovery_scenario,iperf_tcp,30,1,,twin_core,503435,19.9,66072576,585,83,668,5,49.7445
2026-04-25T11:13:56.147869+00:00,recovery_scenario,iperf_tcp,30,1,,ryu_controller,503428,39.8,58351616,601,26,627,62,617.2457
2026-04-25T11:13:56.248477+00:00,recovery_scenario,iperf_tcp,30,1,,twin_core,503435,0.0,66072576,588,83,671,3,29.7741
2026-04-25T11:13:56.248477+00:00,recovery_scenario,iperf_tcp,30,1,,ryu_controller,503428,19.8,58351616,619,27,646,19,188.1183
2026-04-25T11:13:56.349397+00:00,recovery_scenario,iperf_tcp,30,1,,twin_core,503435,0.0,66072576,595,83,678,7,69.4268
2026-04-25T11:13:56.349397+00:00,recovery_scenario,iperf_tcp,30,1,,ryu_controller,503428,9.9,58355712,638,27,665,19,188.6638
2026-04-25T11:13:56.451193+00:00,recovery_scenario,iperf_tcp,30,1,,twin_core,503435,0.0,66072576,598,83,681,3,29.456
2026-04-25T11:13:56.451193+00:00,recovery_scenario,iperf_tcp,30,1,,ryu_controller,503428,19.7,58363904,658,27,685,20,196.5623
2026-04-25T11:13:56.551844+00:00,recovery_scenario,iperf_tcp,30,1,,twin_core,503435,0.0,66072576,601,83,684,3,29.8178
2026-04-25T11:13:56.551844+00:00,recovery_scenario,iperf_tcp,30,1,,ryu_controller,503428,9.9,58368000,669,27,696,11,109.3254
2026-04-25T11:13:56.652390+00:00,recovery_scenario,iperf_tcp,30,1,,twin_core,503435,0.0,66072576,604,83,687,3,29.8419
2026-04-25T11:13:56.652390+00:00,recovery_scenario,iperf_tcp,30,1,,ryu_controller,503428,0.0,58368000,696,27,723,27,268.5289
2026-04-25T11:13:56.752945+00:00,recovery_scenario,iperf_tcp,30,1,,twin_core,503435,0.0,66072576,604,83,687,0,0.0
2026-04-25T11:13:56.752945+00:00,recovery_scenario,iperf_tcp,30,1,,ryu_controller,503428,9.9,58372096,707,27,734,11,109.4416
2026-04-25T11:13:56.853434+00:00,recovery_scenario,iperf_tcp,30,1,,twin_core,503435,0.0,66072576,613,83,696,9,89.63
2026-04-25T11:13:56.853434+00:00,recovery_scenario,iperf_tcp,30,1,,ryu_controller,503428,10.0,58372096,724,27,751,17,169.076
2026-04-25T11:13:56.954060+00:00,recovery_scenario,iperf_tcp,30,1,,twin_core,503435,0.0,66072576,619,83,702,6,59.5951
2026-04-25T11:13:56.954060+00:00,recovery_scenario,iperf_tcp,30,1,,ryu_controller,503428,9.9,58376192,736,27,763,12,118.9743
2026-04-25T11:13:57.054866+00:00,recovery_scenario,iperf_tcp,30,1,,twin_core,503435,0.0,66072576,622,83,705,3,29.757
2026-04-25T11:13:57.054866+00:00,recovery_scenario,iperf_tcp,30,1,,ryu_controller,503428,9.9,58376192,746,28,774,11,109.4508
2026-04-25T11:13:57.155572+00:00,recovery_scenario,iperf_tcp,30,1,,twin_core,503435,0.0,66072576,625,83,708,3,29.7392
2026-04-25T11:13:57.155572+00:00,recovery_scenario,iperf_tcp,30,1,,ryu_controller,503428,9.9,58376192,777,28,805,31,307.2923
2026-04-25T11:13:57.256262+00:00,recovery_scenario,iperf_tcp,30,1,,twin_core,503435,19.9,66072576,631,83,714,6,59.7117
2026-04-25T11:13:57.256262+00:00,recovery_scenario,iperf_tcp,30,1,,ryu_controller,503428,10.0,58376192,791,28,819,14,139.3522
2026-04-25T11:13:57.356913+00:00,recovery_scenario,iperf_tcp,30,1,,twin_core,503435,0.0,66072576,640,83,723,9,89.3176
2026-04-25T11:13:57.356913+00:00,recovery_scenario,iperf_tcp,30,1,,ryu_controller,503428,9.9,58376192,807,28,835,16,158.6693
2026-04-25T11:13:57.457573+00:00,recovery_scenario,iperf_tcp,30,1,,twin_core,503435,0.0,66072576,643,83,726,3,29.7627
2026-04-25T11:13:57.457573+00:00,recovery_scenario,iperf_tcp,30,1,,ryu_controller,503428,9.9,58376192,822,28,850,15,148.7804
2026-04-25T11:13:57.558395+00:00,recovery_scenario,iperf_tcp,30,1,,twin_core,503435,0.0,66072576,646,83,729,3,29.7921
2026-04-25T11:13:57.558395+00:00,recovery_scenario,iperf_tcp,30,1,,ryu_controller,503428,9.9,58380288,835,28,863,13,129.184
2026-04-25T11:13:57.658984+00:00,recovery_scenario,iperf_tcp,30,1,,twin_core,503435,0.0,66072576,649,83,732,3,29.8399
2026-04-25T11:13:57.658984+00:00,recovery_scenario,iperf_tcp,30,1,,ryu_controller,503428,29.8,58474496,866,29,895,32,318.3364
2026-04-25T11:13:57.759606+00:00,recovery_scenario,iperf_tcp,30,1,,twin_core,503435,0.0,66072576,649,83,732,0,0.0
2026-04-25T11:13:57.759606+00:00,recovery_scenario,iperf_tcp,30,1,,ryu_controller,503428,49.7,58580992,891,29,920,25,248.3082
2026-04-25T11:13:57.860244+00:00,recovery_scenario,iperf_tcp,30,1,,twin_core,503435,0.0,66072576,658,83,741,9,89.537
2026-04-25T11:13:57.860244+00:00,recovery_scenario,iperf_tcp,30,1,,ryu_controller,503428,0.0,58580992,894,29,923,3,29.8374
2026-04-25T11:13:57.961584+00:00,recovery_scenario,iperf_tcp,30,1,,twin_core,503435,0.0,66072576,667,83,750,9,88.6624
2026-04-25T11:13:57.961584+00:00,recovery_scenario,iperf_tcp,30,1,,ryu_controller,503428,19.7,58580992,915,29,944,21,206.884
2026-04-25T11:13:58.062259+00:00,recovery_scenario,iperf_tcp,30,1,,twin_core,503435,0.0,66072576,674,83,757,7,69.6199
2026-04-25T11:13:58.062259+00:00,recovery_scenario,iperf_tcp,30,1,,ryu_controller,503428,9.9,58580992,937,29,966,22,218.8779
2026-04-25T11:13:58.162826+00:00,recovery_scenario,iperf_tcp,30,1,,twin_core,503435,9.9,66076672,677,83,760,3,29.8535
2026-04-25T11:13:58.162826+00:00,recovery_scenario,iperf_tcp,30,1,,ryu_controller,503428,49.8,58589184,978,29,1007,41,408.0999
2026-04-25T11:13:58.263191+00:00,recovery_scenario,iperf_tcp,30,1,,twin_core,503435,0.0,66179072,686,83,769,9,89.6243
2026-04-25T11:13:58.263191+00:00,recovery_scenario,iperf_tcp,30,1,,ryu_controller,503428,49.8,58626048,993,29,1022,15,149.3458
2026-04-25T11:13:58.363764+00:00,recovery_scenario,iperf_tcp,30,1,,twin_core,503435,9.9,66179072,692,83,775,6,59.6423
2026-04-25T11:13:58.363764+00:00,recovery_scenario,iperf_tcp,30,1,,ryu_controller,503428,9.9,58626048,1017,29,1046,24,238.4927
2026-04-25T11:13:58.470784+00:00,recovery_scenario,iperf_tcp,30,1,,twin_core,503435,0.0,66179072,695,83,778,3,28.0431
2026-04-25T11:13:58.470784+00:00,recovery_scenario,iperf_tcp,30,1,,ryu_controller,503428,9.3,58626048,1030,29,1059,13,121.5393
2026-04-25T11:13:58.571811+00:00,recovery_scenario,iperf_tcp,30,1,,twin_core,503435,0.0,66179072,698,83,781,3,29.6571
2026-04-25T11:13:58.571811+00:00,recovery_scenario,iperf_tcp,30,1,,ryu_controller,503428,9.9,58626048,1035,29,1064,5,49.4013
2026-04-25T11:13:58.672471+00:00,recovery_scenario,iperf_tcp,30,1,,twin_core,503435,0.0,66179072,704,83,787,6,59.655
2026-04-25T11:13:58.672471+00:00,recovery_scenario,iperf_tcp,30,1,,ryu_controller,503428,9.9,58626048,1053,29,1082,18,179.0402
2026-04-25T11:13:58.773104+00:00,recovery_scenario,iperf_tcp,30,1,,twin_core,503435,0.0,66179072,713,83,796,9,89.363
2026-04-25T11:13:58.773104+00:00,recovery_scenario,iperf_tcp,30,1,,ryu_controller,503428,9.9,58626048,1075,29,1104,22,218.0283
2026-04-25T11:13:58.875695+00:00,recovery_scenario,iperf_tcp,30,1,,twin_core,503435,0.0,66179072,716,83,799,3,29.2692
2026-04-25T11:13:58.875695+00:00,recovery_scenario,iperf_tcp,30,1,,ryu_controller,503428,9.8,58626048,1092,29,1121,17,166.2079
2026-04-25T11:13:58.976416+00:00,recovery_scenario,iperf_tcp,30,1,,twin_core,503435,0.0,66179072,716,83,799,0,0.0
2026-04-25T11:13:58.976416+00:00,recovery_scenario,iperf_tcp,30,1,,ryu_controller,503428,9.9,58626048,1101,29,1130,9,89.3298
2026-04-25T11:13:59.078722+00:00,recovery_scenario,iperf_tcp,30,1,,twin_core,503435,0.0,66179072,722,83,805,6,58.6296
2026-04-25T11:13:59.078722+00:00,recovery_scenario,iperf_tcp,30,1,,ryu_controller,503428,19.5,58626048,1120,29,1149,19,185.7111
2026-04-25T11:13:59.181230+00:00,recovery_scenario,iperf_tcp,30,1,,twin_core,503435,0.0,66179072,731,83,814,9,87.828
2026-04-25T11:13:59.181230+00:00,recovery_scenario,iperf_tcp,30,1,,ryu_controller,503428,0.0,58626048,1152,29,1181,32,312.2911
2026-04-25T11:13:59.283594+00:00,recovery_scenario,iperf_tcp,30,1,,twin_core,503435,0.0,66179072,737,83,820,6,58.5769
2026-04-25T11:13:59.283594+00:00,recovery_scenario,iperf_tcp,30,1,,ryu_controller,503428,19.5,58626048,1171,29,1200,19,185.3838
2026-04-25T11:13:59.392134+00:00,recovery_scenario,iperf_tcp,30,1,,twin_core,503435,9.2,66179072,737,83,820,0,0.0
2026-04-25T11:13:59.392134+00:00,recovery_scenario,iperf_tcp,30,1,,ryu_controller,503428,9.2,58626048,1181,29,1210,10,91.9689
2026-04-25T11:13:59.495561+00:00,recovery_scenario,iperf_tcp,30,1,,twin_core,503435,0.0,66179072,743,83,826,6,54.6108
2026-04-25T11:13:59.495561+00:00,recovery_scenario,iperf_tcp,30,1,,ryu_controller,503428,18.2,58626048,1196,29,1225,15,136.1017
2026-04-25T11:13:59.605583+00:00,recovery_scenario,iperf_tcp,30,1,,twin_core,503435,18.2,66179072,751,83,834,8,77.0701
2026-04-25T11:13:59.605583+00:00,recovery_scenario,iperf_tcp,30,1,,ryu_controller,503428,58.0,58626048,1203,29,1232,7,66.3222
2026-04-25T11:13:59.708917+00:00,recovery_scenario,iperf_tcp,30,1,,twin_core,503435,0.0,66179072,757,83,840,6,58.2603
2026-04-25T11:13:59.708917+00:00,recovery_scenario,iperf_tcp,30,1,,ryu_controller,503428,0.0,58626048,1207,29,1236,4,39.7207
2026-04-25T11:13:59.811026+00:00,recovery_scenario,iperf_tcp,30,1,,twin_core,503435,0.0,66179072,760,83,843,3,29.3853
2026-04-25T11:13:59.811026+00:00,recovery_scenario,iperf_tcp,30,1,,ryu_controller,503428,78.3,58662912,1248,31,1279,43,420.7722
2026-04-25T11:13:59.913911+00:00,recovery_scenario,iperf_tcp,30,1,,twin_core,503435,0.0,66179072,763,83,846,3,29.1523
2026-04-25T11:13:59.913911+00:00,recovery_scenario,iperf_tcp,30,1,,ryu_controller,503428,9.7,58679296,1251,31,1282,3,29.1794
2026-04-25T11:13:59.920548+00:00,recovery_scenario,iperf_tcp,30,1,pingall_completed,,,,,,,,,
2026-04-25T11:14:00.014437+00:00,recovery_scenario,iperf_tcp,30,1,,twin_core,503435,0.0,66191360,776,84,860,14,139.1636
2026-04-25T11:14:00.014437+00:00,recovery_scenario,iperf_tcp,30,1,,ryu_controller,503428,0.0,58679296,1254,31,1285,3,29.7782
2026-04-25T11:14:00.117783+00:00,recovery_scenario,iperf_tcp,30,1,,twin_core,503435,0.0,66191360,776,84,860,0,0.0
2026-04-25T11:14:00.117783+00:00,recovery_scenario,iperf_tcp,30,1,,ryu_controller,503428,0.0,58679296,1258,31,1289,4,38.7902
2026-04-25T11:14:00.225549+00:00,recovery_scenario,iperf_tcp,30,1,,twin_core,503435,0.0,66191360,776,84,860,0,0.0
2026-04-25T11:14:00.225549+00:00,recovery_scenario,iperf_tcp,30,1,,ryu_controller,503428,0.0,58679296,1261,31,1292,3,27.7888
2026-04-25T11:14:00.328530+00:00,recovery_scenario,iperf_tcp,30,1,,twin_core,503435,19.4,66269184,776,84,860,0,0.0
2026-04-25T11:14:00.328530+00:00,recovery_scenario,iperf_tcp,30,1,,ryu_controller,503428,77.8,58703872,1307,32,1339,47,457.0576
2026-04-25T11:14:00.430574+00:00,recovery_scenario,iperf_tcp,30,1,,twin_core,503435,0.0,66269184,776,84,860,0,0.0
2026-04-25T11:14:00.430574+00:00,recovery_scenario,iperf_tcp,30,1,,ryu_controller,503428,0.0,58703872,1311,32,1343,4,39.1503
2026-04-25T11:14:00.540099+00:00,recovery_scenario,iperf_tcp,30,1,,twin_core,503435,0.0,66269184,776,84,860,0,0.0
2026-04-25T11:14:00.540099+00:00,recovery_scenario,iperf_tcp,30,1,,ryu_controller,503428,0.0,58703872,1315,32,1347,4,36.5212
2026-04-25T11:14:00.650552+00:00,recovery_scenario,iperf_tcp,30,1,,twin_core,503435,0.0,66269184,776,84,860,0,0.0
2026-04-25T11:14:00.650552+00:00,recovery_scenario,iperf_tcp,30,1,,ryu_controller,503428,9.0,58703872,1318,32,1350,3,27.1013
2026-04-25T11:14:00.757568+00:00,recovery_scenario,iperf_tcp,30,1,,twin_core,503435,0.0,66269184,776,84,860,0,0.0
2026-04-25T11:14:00.757568+00:00,recovery_scenario,iperf_tcp,30,1,,ryu_controller,503428,0.0,58703872,1328,32,1360,10,93.6073
2026-04-25T11:14:00.860502+00:00,recovery_scenario,iperf_tcp,30,1,,twin_core,503435,0.0,66269184,776,84,860,0,0.0
2026-04-25T11:14:00.860502+00:00,recovery_scenario,iperf_tcp,30,1,,ryu_controller,503428,9.6,58703872,1335,32,1367,7,67.1987
2026-04-25T11:14:00.962859+00:00,recovery_scenario,iperf_tcp,30,1,,twin_core,503435,0.0,66269184,780,85,865,5,49.1441
2026-04-25T11:14:00.962859+00:00,recovery_scenario,iperf_tcp,30,1,,ryu_controller,503428,9.8,58703872,1338,32,1370,3,29.6331
2026-04-25T11:14:01.063724+00:00,recovery_scenario,iperf_tcp,30,1,,twin_core,503435,0.0,66269184,780,85,865,0,0.0
2026-04-25T11:14:01.063724+00:00,recovery_scenario,iperf_tcp,30,1,,ryu_controller,503428,0.0,58703872,1341,32,1373,3,29.8408
2026-04-25T11:14:01.164268+00:00,recovery_scenario,iperf_tcp,30,1,,twin_core,503435,0.0,66269184,780,85,865,0,0.0
2026-04-25T11:14:01.164268+00:00,recovery_scenario,iperf_tcp,30,1,,ryu_controller,503428,0.0,58703872,1344,32,1376,3,29.8445
2026-04-25T11:14:01.264807+00:00,recovery_scenario,iperf_tcp,30,1,,twin_core,503435,0.0,66269184,780,85,865,0,0.0
2026-04-25T11:14:01.264807+00:00,recovery_scenario,iperf_tcp,30,1,,ryu_controller,503428,0.0,58703872,1358,32,1390,14,138.882
2026-04-25T11:14:01.366696+00:00,recovery_scenario,iperf_tcp,30,1,,twin_core,503435,0.0,66269184,780,85,865,0,0.0
2026-04-25T11:14:01.366696+00:00,recovery_scenario,iperf_tcp,30,1,,ryu_controller,503428,0.0,58703872,1371,32,1403,13,127.6817
2026-04-25T11:14:01.469124+00:00,recovery_scenario,iperf_tcp,30,1,,twin_core,503435,0.0,66269184,780,85,865,0,0.0
2026-04-25T11:14:01.469124+00:00,recovery_scenario,iperf_tcp,30,1,,ryu_controller,503428,9.8,58703872,1374,32,1406,3,29.3392
2026-04-25T11:14:01.599985+00:00,recovery_scenario,iperf_tcp,30,1,,twin_core,503435,7.6,66269184,780,85,865,0,0.0
2026-04-25T11:14:01.599985+00:00,recovery_scenario,iperf_tcp,30,1,,ryu_controller,503428,0.0,58703872,1377,38,1415,9,68.748
2026-04-25T11:14:01.700508+00:00,recovery_scenario,iperf_tcp,30,1,,twin_core,503435,0.0,66269184,780,85,865,0,0.0
2026-04-25T11:14:01.700508+00:00,recovery_scenario,iperf_tcp,30,1,,ryu_controller,503428,9.9,58703872,1381,46,1427,12,119.1469
2026-04-25T11:14:01.801231+00:00,recovery_scenario,iperf_tcp,30,1,,twin_core,503435,0.0,66269184,780,85,865,0,0.0
2026-04-25T11:14:01.801231+00:00,recovery_scenario,iperf_tcp,30,1,,ryu_controller,503428,0.0,58703872,1385,50,1435,8,79.6239
2026-04-25T11:14:01.901802+00:00,recovery_scenario,iperf_tcp,30,1,,twin_core,503435,0.0,66269184,780,85,865,0,0.0
2026-04-25T11:14:01.901802+00:00,recovery_scenario,iperf_tcp,30,1,,ryu_controller,503428,19.9,58707968,1389,117,1506,71,705.8521
2026-04-25T11:14:01.954939+00:00,recovery_scenario,iperf_tcp,30,1,background_traffic_started,,,,,,,,,
2026-04-25T11:14:02.002287+00:00,recovery_scenario,iperf_tcp,30,1,,twin_core,503435,0.0,66277376,782,89,871,6,59.721
2026-04-25T11:14:02.002287+00:00,recovery_scenario,iperf_tcp,30,1,,ryu_controller,503428,39.8,58720256,1391,189,1580,74,736.6607
2026-04-25T11:14:02.102912+00:00,recovery_scenario,iperf_tcp,30,1,,twin_core,503435,0.0,66277376,787,96,883,12,119.2537
2026-04-25T11:14:02.102912+00:00,recovery_scenario,iperf_tcp,30,1,,ryu_controller,503428,29.8,58720256,1392,266,1658,78,775.1587
2026-04-25T11:14:02.203364+00:00,recovery_scenario,iperf_tcp,30,1,,twin_core,503435,10.0,66285568,791,96,887,4,39.818
2026-04-25T11:14:02.203364+00:00,recovery_scenario,iperf_tcp,30,1,,ryu_controller,503428,29.8,58765312,1392,314,1706,48,476.9086
2026-04-25T11:14:02.304985+00:00,recovery_scenario,iperf_tcp,30,1,,twin_core,503435,9.8,66297856,795,106,901,14,137.6744
2026-04-25T11:14:02.304985+00:00,recovery_scenario,iperf_tcp,30,1,,ryu_controller,503428,29.5,58847232,1393,370,1763,57,561.5664
2026-04-25T11:14:02.405522+00:00,recovery_scenario,iperf_tcp,30,1,,twin_core,503435,0.0,66338816,799,107,906,5,49.7317
2026-04-25T11:14:02.405522+00:00,recovery_scenario,iperf_tcp,30,1,,ryu_controller,503428,29.8,59027456,1396,419,1815,52,517.225
2026-04-25T11:14:02.507193+00:00,recovery_scenario,iperf_tcp,30,1,,twin_core,503435,9.8,66445312,806,108,914,8,78.7517
2026-04-25T11:14:02.507193+00:00,recovery_scenario,iperf_tcp,30,1,,ryu_controller,503428,49.2,59092992,1403,493,1896,81,796.4542
2026-04-25T11:14:02.548536+00:00,recovery_scenario,iperf_tcp,30,1,fault_injected,,,,,,,,,
2026-04-25T11:14:02.610713+00:00,recovery_scenario,iperf_tcp,30,1,,twin_core,503435,0.0,66527232,811,110,921,7,67.6265
2026-04-25T11:14:02.610713+00:00,recovery_scenario,iperf_tcp,30,1,,ryu_controller,503428,38.7,59375616,1406,603,2009,113,1092.8106
2026-04-25T11:14:02.711167+00:00,recovery_scenario,iperf_tcp,30,1,,twin_core,503435,0.0,66527232,811,110,921,0,0.0
2026-04-25T11:14:02.711167+00:00,recovery_scenario,iperf_tcp,30,1,,ryu_controller,503428,39.8,59408384,1406,713,2119,110,1095.0706
2026-04-25T11:14:02.811756+00:00,recovery_scenario,iperf_tcp,30,1,,twin_core,503435,0.0,66527232,811,110,921,0,0.0
2026-04-25T11:14:02.811756+00:00,recovery_scenario,iperf_tcp,30,1,,ryu_controller,503428,59.6,59412480,1406,825,2231,112,1112.2267
2026-04-25T11:14:02.912323+00:00,recovery_scenario,iperf_tcp,30,1,,twin_core,503435,0.0,66527232,811,110,921,0,0.0
2026-04-25T11:14:02.912323+00:00,recovery_scenario,iperf_tcp,30,1,,ryu_controller,503428,59.7,59412480,1406,1032,2438,207,2059.1522
2026-04-25T11:14:03.012842+00:00,recovery_scenario,iperf_tcp,30,1,,twin_core,503435,0.0,66527232,811,110,921,0,0.0
2026-04-25T11:14:03.012842+00:00,recovery_scenario,iperf_tcp,30,1,,ryu_controller,503428,89.6,59457536,1406,1198,2604,166,1652.9657
2026-04-25T11:14:03.115699+00:00,recovery_scenario,iperf_tcp,30,1,,twin_core,503435,0.0,66527232,812,110,922,1,9.7189
2026-04-25T11:14:03.115699+00:00,recovery_scenario,iperf_tcp,30,1,,ryu_controller,503428,68.0,59473920,1406,1346,2752,148,1438.148
2026-04-25T11:14:03.216184+00:00,recovery_scenario,iperf_tcp,30,1,,twin_core,503435,0.0,66527232,812,110,922,0,0.0
2026-04-25T11:14:03.216184+00:00,recovery_scenario,iperf_tcp,30,1,,ryu_controller,503428,69.7,59490304,1406,1569,2975,223,2219.067
2026-04-25T11:14:03.316857+00:00,recovery_scenario,iperf_tcp,30,1,,twin_core,503435,0.0,66527232,812,110,922,0,0.0
2026-04-25T11:14:03.316857+00:00,recovery_scenario,iperf_tcp,30,1,,ryu_controller,503428,109.3,59490304,1406,1698,3104,129,1281.8393
2026-04-25T11:14:03.417428+00:00,recovery_scenario,iperf_tcp,30,1,,twin_core,503435,0.0,66527232,812,110,922,0,0.0
2026-04-25T11:14:03.417428+00:00,recovery_scenario,iperf_tcp,30,1,,ryu_controller,503428,89.4,59490304,1406,1844,3250,146,1450.4125
2026-04-25T11:14:03.517959+00:00,recovery_scenario,iperf_tcp,30,1,,twin_core,503435,0.0,66527232,812,110,922,0,0.0
2026-04-25T11:14:03.517959+00:00,recovery_scenario,iperf_tcp,30,1,,ryu_controller,503428,89.6,59490304,1406,1997,3403,153,1523.6651
2026-04-25T11:14:03.618370+00:00,recovery_scenario,iperf_tcp,30,1,,twin_core,503435,10.0,66527232,813,110,923,1,9.9587
2026-04-25T11:14:03.618370+00:00,recovery_scenario,iperf_tcp,30,1,,ryu_controller,503428,89.6,59506688,1406,2209,3615,212,2107.4847
2026-04-25T11:14:03.719567+00:00,recovery_scenario,iperf_tcp,30,1,,twin_core,503435,0.0,66527232,813,110,923,0,0.0
2026-04-25T11:14:03.719567+00:00,recovery_scenario,iperf_tcp,30,1,,ryu_controller,503428,88.8,59506688,1406,2396,3802,187,1848.3007
2026-04-25T11:14:03.822735+00:00,recovery_scenario,iperf_tcp,30,1,,twin_core,503435,0.0,66527232,813,110,923,0,0.0
2026-04-25T11:14:03.822735+00:00,recovery_scenario,iperf_tcp,30,1,,ryu_controller,503428,97.1,59518976,1406,2698,4104,302,2931.9247
2026-04-25T11:14:03.923210+00:00,recovery_scenario,iperf_tcp,30,1,,twin_core,503435,0.0,66527232,813,110,923,0,0.0
2026-04-25T11:14:03.923210+00:00,recovery_scenario,iperf_tcp,30,1,,ryu_controller,503428,89.5,59518976,1406,3088,4494,390,3878.4175
2026-04-25T11:14:04.025173+00:00,recovery_scenario,iperf_tcp,30,1,,twin_core,503435,0.0,66527232,813,110,923,0,0.0
2026-04-25T11:14:04.025173+00:00,recovery_scenario,iperf_tcp,30,1,,ryu_controller,503428,88.3,59518976,1406,3335,4741,247,2422.1402
2026-04-25T11:14:04.125685+00:00,recovery_scenario,iperf_tcp,30,1,,twin_core,503435,0.0,66531328,814,110,924,1,9.9549
2026-04-25T11:14:04.125685+00:00,recovery_scenario,iperf_tcp,30,1,,ryu_controller,503428,109.5,59518976,1406,3467,4873,132,1314.2837
2026-04-25T11:14:04.226134+00:00,recovery_scenario,iperf_tcp,30,1,,twin_core,503435,0.0,66531328,814,110,924,0,0.0
2026-04-25T11:14:04.226134+00:00,recovery_scenario,iperf_tcp,30,1,,ryu_controller,503428,89.6,59518976,1406,3567,4973,100,995.3643
2026-04-25T11:14:04.326579+00:00,recovery_scenario,iperf_tcp,30,1,,twin_core,503435,0.0,66531328,814,110,924,0,0.0
2026-04-25T11:14:04.326579+00:00,recovery_scenario,iperf_tcp,30,1,,ryu_controller,503428,107.2,59531264,1406,3668,5074,101,983.5562
2026-04-25T11:14:04.429264+00:00,recovery_scenario,iperf_tcp,30,1,,twin_core,503435,0.0,66531328,814,110,924,0,0.0
2026-04-25T11:14:04.429264+00:00,recovery_scenario,iperf_tcp,30,1,,ryu_controller,503428,79.6,59535360,1406,3775,5181,107,1065.32
2026-04-25T11:14:04.530108+00:00,recovery_scenario,iperf_tcp,30,1,,twin_core,503435,0.0,66531328,814,110,924,0,0.0
2026-04-25T11:14:04.530108+00:00,recovery_scenario,iperf_tcp,30,1,,ryu_controller,503428,109.1,59535360,1406,3783,5189,8,79.3093
2026-04-25T11:14:04.631137+00:00,recovery_scenario,iperf_tcp,30,1,,twin_core,503435,0.0,66531328,815,110,925,1,9.9002
2026-04-25T11:14:04.631137+00:00,recovery_scenario,iperf_tcp,30,1,,ryu_controller,503428,89.1,59535360,1406,3797,5203,14,138.5949
2026-04-25T11:14:04.732096+00:00,recovery_scenario,iperf_tcp,30,1,,twin_core,503435,0.0,66531328,815,110,925,0,0.0
2026-04-25T11:14:04.732096+00:00,recovery_scenario,iperf_tcp,30,1,,ryu_controller,503428,99.1,59535360,1406,3836,5242,39,386.245
2026-04-25T11:14:04.833096+00:00,recovery_scenario,iperf_tcp,30,1,,twin_core,503435,0.0,66531328,815,110,925,0,0.0
2026-04-25T11:14:04.833096+00:00,recovery_scenario,iperf_tcp,30,1,,ryu_controller,503428,99.0,59539456,1406,3848,5254,12,118.7609
2026-04-25T11:14:04.933603+00:00,recovery_scenario,iperf_tcp,30,1,,twin_core,503435,9.9,66535424,815,110,925,0,0.0
2026-04-25T11:14:04.933603+00:00,recovery_scenario,iperf_tcp,30,1,,ryu_controller,503428,99.4,59539456,1406,3858,5264,10,99.3383
2026-04-25T11:14:05.036106+00:00,recovery_scenario,iperf_tcp,30,1,,twin_core,503435,0.0,66535424,815,110,925,0,0.0
2026-04-25T11:14:05.036106+00:00,recovery_scenario,iperf_tcp,30,1,,ryu_controller,503428,97.7,59543552,1406,3859,5265,1,9.7778
2026-04-25T11:14:05.136810+00:00,recovery_scenario,iperf_tcp,30,1,,twin_core,503435,0.0,66543616,816,111,927,2,19.8652
2026-04-25T11:14:05.136810+00:00,recovery_scenario,iperf_tcp,30,1,,ryu_controller,503428,89.2,59547648,1406,4008,5414,149,1476.3942
2026-04-25T11:14:05.237891+00:00,recovery_scenario,iperf_tcp,30,1,,twin_core,503435,0.0,66543616,816,111,927,0,0.0
2026-04-25T11:14:05.237891+00:00,recovery_scenario,iperf_tcp,30,1,,ryu_controller,503428,79.2,59547648,1406,4166,5572,158,1563.8143
2026-04-25T11:14:05.338576+00:00,recovery_scenario,iperf_tcp,30,1,,twin_core,503435,0.0,66543616,816,111,927,0,0.0
2026-04-25T11:14:05.338576+00:00,recovery_scenario,iperf_tcp,30,1,,ryu_controller,503428,29.7,59551744,1430,4212,5642,70,693.024
2026-04-25T11:14:05.439550+00:00,recovery_scenario,iperf_tcp,30,1,,twin_core,503435,0.0,66543616,816,111,927,0,0.0
2026-04-25T11:14:05.439550+00:00,recovery_scenario,iperf_tcp,30,1,,ryu_controller,503428,9.7,59551744,1439,4213,5652,10,96.9151
2026-04-25T11:14:05.542904+00:00,recovery_scenario,iperf_tcp,30,1,,twin_core,503435,9.7,66543616,816,111,927,0,0.0
2026-04-25T11:14:05.542904+00:00,recovery_scenario,iperf_tcp,30,1,,ryu_controller,503428,0.0,59551744,1446,4213,5659,7,69.5129
2026-04-25T11:14:05.644681+00:00,recovery_scenario,iperf_tcp,30,1,,twin_core,503435,9.8,66543616,836,140,976,49,480.9758
2026-04-25T11:14:05.644681+00:00,recovery_scenario,iperf_tcp,30,1,,ryu_controller,503428,49.0,59551744,1468,4313,5781,122,1195.1453
2026-04-25T11:14:05.718529+00:00,recovery_scenario,iperf_tcp,30,1,recovery_requested,,,,,,,,,
2026-04-25T11:14:05.745681+00:00,recovery_scenario,iperf_tcp,30,1,,twin_core,503435,0.0,66555904,847,153,1000,24,237.6565
2026-04-25T11:14:05.745681+00:00,recovery_scenario,iperf_tcp,30,1,,ryu_controller,503428,69.5,59551744,1486,4410,5896,115,1140.6319
2026-04-25T11:14:05.846370+00:00,recovery_scenario,iperf_tcp,30,1,,twin_core,503435,9.9,66555904,847,153,1000,0,0.0
2026-04-25T11:14:05.846370+00:00,recovery_scenario,iperf_tcp,30,1,,ryu_controller,503428,29.7,59551744,1501,4425,5926,30,297.2287
2026-04-25T11:14:05.947227+00:00,recovery_scenario,iperf_tcp,30,1,,twin_core,503435,0.0,66555904,847,153,1000,0,0.0
2026-04-25T11:14:05.947227+00:00,recovery_scenario,iperf_tcp,30,1,,ryu_controller,503428,49.7,59551744,1520,4623,6143,217,2097.8622
2026-04-25T11:14:06.050897+00:00,recovery_scenario,iperf_tcp,30,1,,twin_core,503435,0.0,66555904,847,153,1000,0,0.0
2026-04-25T11:14:06.050897+00:00,recovery_scenario,iperf_tcp,30,1,,ryu_controller,503428,86.9,59555840,1520,4912,6432,289,2870.1322
2026-04-25T11:14:06.151752+00:00,recovery_scenario,iperf_tcp,30,1,,twin_core,503435,0.0,66555904,847,153,1000,0,0.0
2026-04-25T11:14:06.151752+00:00,recovery_scenario,iperf_tcp,30,1,,ryu_controller,503428,79.3,59555840,1520,5173,6693,261,2588.0764
2026-04-25T11:14:06.252492+00:00,recovery_scenario,iperf_tcp,30,1,,twin_core,503435,0.0,66555904,848,153,1001,1,9.9052
2026-04-25T11:14:06.252492+00:00,recovery_scenario,iperf_tcp,30,1,,ryu_controller,503428,99.0,59555840,1520,5304,6824,131,1296.26
2026-04-25T11:14:06.354459+00:00,recovery_scenario,iperf_tcp,30,1,,twin_core,503435,0.0,66555904,848,153,1001,0,0.0
2026-04-25T11:14:06.354459+00:00,recovery_scenario,iperf_tcp,30,1,,ryu_controller,503428,88.5,59555840,1520,5439,6959,135,1327.2872
2026-04-25T11:14:06.455254+00:00,recovery_scenario,iperf_tcp,30,1,,twin_core,503435,0.0,66555904,848,153,1001,0,0.0
2026-04-25T11:14:06.455254+00:00,recovery_scenario,iperf_tcp,30,1,,ryu_controller,503428,109.1,59555840,1520,5573,7093,134,1328.0803
2026-04-25T11:14:06.556396+00:00,recovery_scenario,iperf_tcp,30,1,,twin_core,503435,0.0,66555904,848,153,1001,0,0.0
2026-04-25T11:14:06.556396+00:00,recovery_scenario,iperf_tcp,30,1,,ryu_controller,503428,79.2,59555840,1520,5724,7244,151,1494.9155
2026-04-25T11:14:06.658371+00:00,recovery_scenario,iperf_tcp,30,1,,twin_core,503435,9.8,66555904,848,153,1001,0,0.0
2026-04-25T11:14:06.658371+00:00,recovery_scenario,iperf_tcp,30,1,,ryu_controller,503428,107.8,59555840,1520,5740,7260,16,156.8463
2026-04-25T11:14:06.758959+00:00,recovery_scenario,iperf_tcp,30,1,,twin_core,503435,0.0,66555904,849,153,1002,1,9.9458
2026-04-25T11:14:06.758959+00:00,recovery_scenario,iperf_tcp,30,1,,ryu_controller,503428,99.5,59555840,1520,5741,7261,1,9.951
2026-04-25T11:14:06.859401+00:00,recovery_scenario,iperf_tcp,30,1,,twin_core,503435,0.0,66555904,849,153,1002,0,0.0
2026-04-25T11:14:06.859401+00:00,recovery_scenario,iperf_tcp,30,1,,ryu_controller,503428,99.4,59555840,1520,5756,7276,15,149.095
2026-04-25T11:14:06.960077+00:00,recovery_scenario,iperf_tcp,30,1,,twin_core,503435,0.0,66555904,849,153,1002,0,0.0
2026-04-25T11:14:06.960077+00:00,recovery_scenario,iperf_tcp,30,1,,ryu_controller,503428,89.5,59555840,1520,5766,7286,10,99.495
2026-04-25T11:14:07.060510+00:00,recovery_scenario,iperf_tcp,30,1,,twin_core,503435,0.0,66555904,849,153,1002,0,0.0
2026-04-25T11:14:07.060510+00:00,recovery_scenario,iperf_tcp,30,1,,ryu_controller,503428,109.1,59555840,1520,5869,7389,103,1021.1625
2026-04-25T11:14:07.161397+00:00,recovery_scenario,iperf_tcp,30,1,,twin_core,503435,0.0,66555904,849,153,1002,0,0.0
2026-04-25T11:14:07.161397+00:00,recovery_scenario,iperf_tcp,30,1,,ryu_controller,503428,89.4,59555840,1520,5973,7493,104,1034.2948
2026-04-25T11:14:07.262105+00:00,recovery_scenario,iperf_tcp,30,1,,twin_core,503435,9.9,66555904,850,155,1005,3,29.7205
2026-04-25T11:14:07.262105+00:00,recovery_scenario,iperf_tcp,30,1,,ryu_controller,503428,79.3,59555840,1520,6108,7628,135,1336.9103
2026-04-25T11:14:07.363115+00:00,recovery_scenario,iperf_tcp,30,1,,twin_core,503435,0.0,66555904,850,155,1005,0,0.0
2026-04-25T11:14:07.363115+00:00,recovery_scenario,iperf_tcp,30,1,,ryu_controller,503428,89.2,59555840,1521,6248,7769,141,1399.4925
2026-04-25T11:14:07.463682+00:00,recovery_scenario,iperf_tcp,30,1,,twin_core,503435,0.0,66560000,850,155,1005,0,0.0
2026-04-25T11:14:07.463682+00:00,recovery_scenario,iperf_tcp,30,1,,ryu_controller,503428,59.4,59559936,1555,6273,7828,59,584.0118
2026-04-25T11:14:07.564976+00:00,recovery_scenario,iperf_tcp,30,1,,twin_core,503435,0.0,66560000,850,155,1005,0,0.0
2026-04-25T11:14:07.564976+00:00,recovery_scenario,iperf_tcp,30,1,,ryu_controller,503428,9.9,59559936,1571,6273,7844,16,158.7332
2026-04-25T11:14:07.665562+00:00,recovery_scenario,iperf_tcp,30,1,,twin_core,503435,0.0,66560000,850,155,1005,0,0.0
2026-04-25T11:14:07.665562+00:00,recovery_scenario,iperf_tcp,30,1,,ryu_controller,503428,0.0,59559936,1579,6273,7852,8,79.4696
2026-04-25T11:14:07.766876+00:00,recovery_scenario,iperf_tcp,30,1,,twin_core,503435,19.8,66564096,869,155,1024,19,186.7888
2026-04-25T11:14:07.766876+00:00,recovery_scenario,iperf_tcp,30,1,,ryu_controller,503428,19.6,59559936,1610,6273,7883,31,303.6534
2026-04-25T11:14:07.817889+00:00,recovery_scenario,iperf_tcp,30,1,scenario_teardown,,,,,,,,,
2026-04-25T11:14:07.868226+00:00,recovery_scenario,iperf_tcp,30,1,,twin_core,503435,9.9,66568192,889,157,1046,22,218.1708
2026-04-25T11:14:07.868226+00:00,recovery_scenario,iperf_tcp,30,1,,ryu_controller,503428,39.8,59559936,1640,6274,7914,31,308.673
2026-04-25T11:14:07.968759+00:00,recovery_scenario,iperf_tcp,30,1,,twin_core,503435,0.0,66568192,915,158,1073,27,267.4457
2026-04-25T11:14:07.968759+00:00,recovery_scenario,iperf_tcp,30,1,,ryu_controller,503428,19.8,59559936,1651,6295,7946,32,316.8695
2026-04-25T11:14:08.069765+00:00,recovery_scenario,iperf_tcp,30,1,,twin_core,503435,0.0,66568192,935,158,1093,20,198.8793
2026-04-25T11:14:08.069765+00:00,recovery_scenario,iperf_tcp,30,1,,ryu_controller,503428,19.9,59559936,1658,6301,7959,13,129.3214
2026-04-25T11:14:08.170193+00:00,recovery_scenario,iperf_tcp,30,1,,twin_core,503435,0.0,66568192,935,158,1093,0,0.0
2026-04-25T11:14:08.170193+00:00,recovery_scenario,iperf_tcp,30,1,,ryu_controller,503428,10.0,59559936,1669,6301,7970,11,109.4896
2026-04-25T11:14:11.374774+00:00,recovery_scenario,iperf_tcp,10,1,,twin_core,504469,0.0,65163264,395,65,460,0,0.0
2026-04-25T11:14:11.374774+00:00,recovery_scenario,iperf_tcp,10,1,,ryu_controller,504462,0.0,57614336,3,5,8,0,0.0
2026-04-25T11:14:11.476556+00:00,recovery_scenario,iperf_tcp,10,1,,twin_core,504469,9.8,65216512,430,66,496,36,353.1315
2026-04-25T11:14:11.476556+00:00,recovery_scenario,iperf_tcp,10,1,,ryu_controller,504462,39.7,57987072,9,15,24,16,159.0176
2026-04-25T11:14:11.577194+00:00,recovery_scenario,iperf_tcp,10,1,,twin_core,504469,9.9,65220608,533,66,599,103,1025.1309
2026-04-25T11:14:11.577194+00:00,recovery_scenario,iperf_tcp,10,1,,ryu_controller,504462,29.9,57995264,22,16,38,14,139.3408
2026-04-25T11:14:11.644793+00:00,recovery_scenario,iperf_tcp,10,1,service_started,,,,,,,,,
2026-04-25T11:14:11.677610+00:00,recovery_scenario,iperf_tcp,10,1,,twin_core,504469,19.9,65871872,597,66,663,64,636.5308
2026-04-25T11:14:11.677610+00:00,recovery_scenario,iperf_tcp,10,1,,ryu_controller,504462,29.8,58064896,62,18,80,42,417.6778
2026-04-25T11:14:11.778173+00:00,recovery_scenario,iperf_tcp,10,1,,twin_core,504469,10.0,66011136,598,66,664,1,9.9418
2026-04-25T11:14:11.778173+00:00,recovery_scenario,iperf_tcp,10,1,,ryu_controller,504462,19.9,58097664,92,19,111,31,307.7149
2026-04-25T11:14:11.882935+00:00,recovery_scenario,iperf_tcp,10,1,,twin_core,504469,0.0,66011136,598,66,664,0,0.0
2026-04-25T11:14:11.882935+00:00,recovery_scenario,iperf_tcp,10,1,,ryu_controller,504462,19.1,58101760,122,19,141,30,286.9261
2026-04-25T11:14:11.983476+00:00,recovery_scenario,iperf_tcp,10,1,,twin_core,504469,0.0,66011136,598,66,664,0,0.0
2026-04-25T11:14:11.983476+00:00,recovery_scenario,iperf_tcp,10,1,,ryu_controller,504462,29.8,58109952,153,20,173,32,318.2872
2026-04-25T11:14:12.084018+00:00,recovery_scenario,iperf_tcp,10,1,,twin_core,504469,0.0,66011136,598,66,664,0,0.0
2026-04-25T11:14:12.084018+00:00,recovery_scenario,iperf_tcp,10,1,,ryu_controller,504462,19.9,58109952,178,20,198,25,248.8156
2026-04-25T11:14:12.186693+00:00,recovery_scenario,iperf_tcp,10,1,,twin_core,504469,0.0,66011136,598,66,664,0,0.0
2026-04-25T11:14:12.186693+00:00,recovery_scenario,iperf_tcp,10,1,,ryu_controller,504462,19.5,58130432,210,20,230,32,311.4949
2026-04-25T11:14:12.288016+00:00,recovery_scenario,iperf_tcp,10,1,,twin_core,504469,0.0,66011136,598,66,664,0,0.0
2026-04-25T11:14:12.288016+00:00,recovery_scenario,iperf_tcp,10,1,,ryu_controller,504462,0.0,58130432,215,20,235,5,49.3105
2026-04-25T11:14:12.388915+00:00,recovery_scenario,iperf_tcp,10,1,,twin_core,504469,0.0,66011136,598,66,664,0,0.0
2026-04-25T11:14:12.388915+00:00,recovery_scenario,iperf_tcp,10,1,,ryu_controller,504462,39.7,58138624,246,21,267,32,317.7454
2026-04-25T11:14:12.489342+00:00,recovery_scenario,iperf_tcp,10,1,,twin_core,504469,0.0,66011136,598,66,664,0,0.0
2026-04-25T11:14:12.489342+00:00,recovery_scenario,iperf_tcp,10,1,,ryu_controller,504462,9.9,58138624,257,21,278,11,109.4251
2026-04-25T11:14:12.590361+00:00,recovery_scenario,iperf_tcp,10,1,,twin_core,504469,0.0,66011136,598,66,664,0,0.0
2026-04-25T11:14:12.590361+00:00,recovery_scenario,iperf_tcp,10,1,,ryu_controller,504462,9.9,58138624,262,21,283,5,49.4587
2026-04-25T11:14:12.691267+00:00,recovery_scenario,iperf_tcp,10,1,,twin_core,504469,0.0,66011136,598,66,664,0,0.0
2026-04-25T11:14:12.691267+00:00,recovery_scenario,iperf_tcp,10,1,,ryu_controller,504462,9.9,58138624,284,21,305,22,217.6262
2026-04-25T11:14:12.792086+00:00,recovery_scenario,iperf_tcp,10,1,,twin_core,504469,0.0,66011136,598,66,664,0,0.0
2026-04-25T11:14:12.792086+00:00,recovery_scenario,iperf_tcp,10,1,,ryu_controller,504462,19.9,58138624,300,22,322,17,168.828
2026-04-25T11:14:12.892860+00:00,recovery_scenario,iperf_tcp,10,1,,twin_core,504469,0.0,66011136,598,66,664,0,0.0
2026-04-25T11:14:12.892860+00:00,recovery_scenario,iperf_tcp,10,1,,ryu_controller,504462,19.9,58142720,320,22,342,20,198.8736
2026-04-25T11:14:12.993312+00:00,recovery_scenario,iperf_tcp,10,1,,twin_core,504469,0.0,66011136,598,66,664,0,0.0
2026-04-25T11:14:12.993312+00:00,recovery_scenario,iperf_tcp,10,1,,ryu_controller,504462,19.9,58163200,346,22,368,26,258.8848
2026-04-25T11:14:13.093806+00:00,recovery_scenario,iperf_tcp,10,1,,twin_core,504469,0.0,66011136,598,66,664,0,0.0
2026-04-25T11:14:13.093806+00:00,recovery_scenario,iperf_tcp,10,1,,ryu_controller,504462,29.8,58171392,373,22,395,27,268.556
2026-04-25T11:14:13.197172+00:00,recovery_scenario,iperf_tcp,10,1,,twin_core,504469,0.0,66011136,598,66,664,0,0.0
2026-04-25T11:14:13.197172+00:00,recovery_scenario,iperf_tcp,10,1,,ryu_controller,504462,29.0,58175488,394,22,416,21,203.2056
2026-04-25T11:14:13.297978+00:00,recovery_scenario,iperf_tcp,10,1,,twin_core,504469,0.0,66011136,598,66,664,0,0.0
2026-04-25T11:14:13.297978+00:00,recovery_scenario,iperf_tcp,10,1,,ryu_controller,504462,0.0,58179584,402,22,424,8,79.2761
2026-04-25T11:14:13.399232+00:00,recovery_scenario,iperf_tcp,10,1,,twin_core,504469,0.0,66011136,598,66,664,0,0.0
2026-04-25T11:14:13.399232+00:00,recovery_scenario,iperf_tcp,10,1,,ryu_controller,504462,39.5,58200064,435,23,458,34,336.0905
2026-04-25T11:14:13.500032+00:00,recovery_scenario,iperf_tcp,10,1,,twin_core,504469,0.0,66011136,598,66,664,0,0.0
2026-04-25T11:14:13.500032+00:00,recovery_scenario,iperf_tcp,10,1,,ryu_controller,504462,39.7,58322944,500,23,523,65,644.8785
2026-04-25T11:14:13.600497+00:00,recovery_scenario,iperf_tcp,10,1,,twin_core,504469,0.0,66011136,598,66,664,0,0.0
2026-04-25T11:14:13.600497+00:00,recovery_scenario,iperf_tcp,10,1,,ryu_controller,504462,0.0,58322944,509,23,532,9,89.5082
2026-04-25T11:14:13.701036+00:00,recovery_scenario,iperf_tcp,10,1,,twin_core,504469,0.0,66011136,598,66,664,0,0.0
2026-04-25T11:14:13.701036+00:00,recovery_scenario,iperf_tcp,10,1,,ryu_controller,504462,19.9,58322944,528,23,551,19,189.0166
2026-04-25T11:14:13.801590+00:00,recovery_scenario,iperf_tcp,10,1,,twin_core,504469,9.9,66076672,603,66,669,5,49.6581
2026-04-25T11:14:13.801590+00:00,recovery_scenario,iperf_tcp,10,1,,ryu_controller,504462,39.7,58343424,584,23,607,56,556.4518
2026-04-25T11:14:13.902202+00:00,recovery_scenario,iperf_tcp,10,1,,twin_core,504469,9.9,66076672,606,66,672,3,29.8618
2026-04-25T11:14:13.902202+00:00,recovery_scenario,iperf_tcp,10,1,,ryu_controller,504462,19.9,58343424,603,23,626,19,189.1743
2026-04-25T11:14:14.002670+00:00,recovery_scenario,iperf_tcp,10,1,,twin_core,504469,0.0,66076672,609,66,675,3,29.8483
2026-04-25T11:14:14.002670+00:00,recovery_scenario,iperf_tcp,10,1,,ryu_controller,504462,9.9,58347520,620,23,643,17,169.1092
2026-04-25T11:14:14.103192+00:00,recovery_scenario,iperf_tcp,10,1,,twin_core,504469,0.0,66076672,612,66,678,3,29.8612
2026-04-25T11:14:14.103192+00:00,recovery_scenario,iperf_tcp,10,1,,ryu_controller,504462,19.9,58347520,644,23,667,24,238.9428
2026-04-25T11:14:14.203593+00:00,recovery_scenario,iperf_tcp,10,1,,twin_core,504469,0.0,66076672,615,66,681,3,29.864
2026-04-25T11:14:14.203593+00:00,recovery_scenario,iperf_tcp,10,1,,ryu_controller,504462,0.0,58347520,652,23,675,8,79.6306
2026-04-25T11:14:14.306630+00:00,recovery_scenario,iperf_tcp,10,1,,twin_core,504469,0.0,66076672,615,66,681,0,0.0
2026-04-25T11:14:14.306630+00:00,recovery_scenario,iperf_tcp,10,1,,ryu_controller,504462,9.6,58351616,660,23,683,8,76.8044
2026-04-25T11:14:14.413486+00:00,recovery_scenario,iperf_tcp,10,1,,twin_core,504469,0.0,66076672,618,66,684,3,28.313
2026-04-25T11:14:14.413486+00:00,recovery_scenario,iperf_tcp,10,1,,ryu_controller,504462,9.4,58351616,674,23,697,14,132.2773
2026-04-25T11:14:14.514065+00:00,recovery_scenario,iperf_tcp,10,1,,twin_core,504469,0.0,66076672,627,66,693,9,89.6022
2026-04-25T11:14:14.514065+00:00,recovery_scenario,iperf_tcp,10,1,,ryu_controller,504462,10.0,58351616,707,23,730,33,328.5523
2026-04-25T11:14:14.614507+00:00,recovery_scenario,iperf_tcp,10,1,,twin_core,504469,0.0,66076672,630,66,696,3,29.8245
2026-04-25T11:14:14.614507+00:00,recovery_scenario,iperf_tcp,10,1,,ryu_controller,504462,9.9,58351616,728,23,751,21,208.737
2026-04-25T11:14:14.715116+00:00,recovery_scenario,iperf_tcp,10,1,,twin_core,504469,0.0,66076672,633,66,699,3,29.8464
2026-04-25T11:14:14.715116+00:00,recovery_scenario,iperf_tcp,10,1,,ryu_controller,504462,9.9,58355712,745,23,768,17,169.1337
2026-04-25T11:14:14.816830+00:00,recovery_scenario,iperf_tcp,10,1,,twin_core,504469,0.0,66076672,636,66,702,3,29.47
2026-04-25T11:14:14.816830+00:00,recovery_scenario,iperf_tcp,10,1,,ryu_controller,504462,9.8,58355712,773,23,796,28,275.0462
2026-04-25T11:14:14.917435+00:00,recovery_scenario,iperf_tcp,10,1,,twin_core,504469,0.0,66076672,639,66,705,3,29.8398
2026-04-25T11:14:14.917435+00:00,recovery_scenario,iperf_tcp,10,1,,ryu_controller,504462,9.9,58355712,788,23,811,15,149.2115
2026-04-25T11:14:15.018036+00:00,recovery_scenario,iperf_tcp,10,1,,twin_core,504469,0.0,66076672,651,66,717,12,119.3309
2026-04-25T11:14:15.018036+00:00,recovery_scenario,iperf_tcp,10,1,,ryu_controller,504462,9.9,58368000,801,23,824,13,129.2828
2026-04-25T11:14:15.118500+00:00,recovery_scenario,iperf_tcp,10,1,,twin_core,504469,10.0,66076672,654,66,720,3,29.8595
2026-04-25T11:14:15.118500+00:00,recovery_scenario,iperf_tcp,10,1,,ryu_controller,504462,10.0,58368000,815,23,838,14,139.3512
2026-04-25T11:14:15.218982+00:00,recovery_scenario,iperf_tcp,10,1,,twin_core,504469,0.0,66076672,654,66,720,0,0.0
2026-04-25T11:14:15.218982+00:00,recovery_scenario,iperf_tcp,10,1,,ryu_controller,504462,9.9,58368000,826,23,849,11,109.425
2026-04-25T11:14:15.319874+00:00,recovery_scenario,iperf_tcp,10,1,,twin_core,504469,0.0,66076672,657,66,723,3,29.7399
2026-04-25T11:14:15.319874+00:00,recovery_scenario,iperf_tcp,10,1,,ryu_controller,504462,0.0,58376192,837,23,860,11,109.0443
2026-04-25T11:14:15.420375+00:00,recovery_scenario,iperf_tcp,10,1,,twin_core,504469,0.0,66076672,660,66,726,3,29.8538
2026-04-25T11:14:15.420375+00:00,recovery_scenario,iperf_tcp,10,1,,ryu_controller,504462,9.9,58380288,850,23,873,13,129.3294
2026-04-25T11:14:15.520828+00:00,recovery_scenario,iperf_tcp,10,1,,twin_core,504469,0.0,66076672,667,66,733,7,69.7114
2026-04-25T11:14:15.520828+00:00,recovery_scenario,iperf_tcp,10,1,,ryu_controller,504462,39.8,58544128,879,23,902,29,288.0559
2026-04-25T11:14:15.624009+00:00,recovery_scenario,iperf_tcp,10,1,,twin_core,504469,9.7,66076672,677,66,743,10,96.2869
2026-04-25T11:14:15.624009+00:00,recovery_scenario,iperf_tcp,10,1,,ryu_controller,504462,38.5,58720256,915,23,938,36,347.0789
2026-04-25T11:14:15.725326+00:00,recovery_scenario,iperf_tcp,10,1,,twin_core,504469,0.0,66076672,683,66,749,6,59.5641
2026-04-25T11:14:15.725326+00:00,recovery_scenario,iperf_tcp,10,1,,ryu_controller,504462,9.9,58720256,935,24,959,21,208.5125
2026-04-25T11:14:15.826069+00:00,recovery_scenario,iperf_tcp,10,1,,twin_core,504469,9.9,66088960,686,66,752,3,29.7106
2026-04-25T11:14:15.826069+00:00,recovery_scenario,iperf_tcp,10,1,,ryu_controller,504462,79.2,58740736,982,24,1006,47,465.4448
2026-04-25T11:14:15.927449+00:00,recovery_scenario,iperf_tcp,10,1,,twin_core,504469,0.0,66183168,692,66,758,6,59.3014
2026-04-25T11:14:15.927449+00:00,recovery_scenario,iperf_tcp,10,1,,ryu_controller,504462,0.0,58740736,988,24,1012,6,59.349
2026-04-25T11:14:16.028142+00:00,recovery_scenario,iperf_tcp,10,1,,twin_core,504469,0.0,66183168,701,66,767,9,89.3201
2026-04-25T11:14:16.028142+00:00,recovery_scenario,iperf_tcp,10,1,,ryu_controller,504462,9.9,58740736,1006,24,1030,18,178.4634
2026-04-25T11:14:16.129014+00:00,recovery_scenario,iperf_tcp,10,1,,twin_core,504469,0.0,66183168,704,66,770,3,29.7826
2026-04-25T11:14:16.129014+00:00,recovery_scenario,iperf_tcp,10,1,,ryu_controller,504462,9.9,58740736,1023,24,1047,17,169.0386
2026-04-25T11:14:16.229513+00:00,recovery_scenario,iperf_tcp,10,1,,twin_core,504469,0.0,66183168,704,66,770,0,0.0
2026-04-25T11:14:16.229513+00:00,recovery_scenario,iperf_tcp,10,1,,ryu_controller,504462,9.9,58740736,1029,24,1053,6,59.6366
2026-04-25T11:14:16.330306+00:00,recovery_scenario,iperf_tcp,10,1,,twin_core,504469,9.9,66183168,710,66,776,6,59.5579
2026-04-25T11:14:16.330306+00:00,recovery_scenario,iperf_tcp,10,1,,ryu_controller,504462,0.0,58740736,1034,24,1058,5,49.5324
2026-04-25T11:14:16.431150+00:00,recovery_scenario,iperf_tcp,10,1,,twin_core,504469,0.0,66183168,719,66,785,9,89.1912
2026-04-25T11:14:16.431150+00:00,recovery_scenario,iperf_tcp,10,1,,ryu_controller,504462,0.0,58740736,1037,24,1061,3,29.809
2026-04-25T11:14:16.533181+00:00,recovery_scenario,iperf_tcp,10,1,,twin_core,504469,0.0,66183168,725,66,791,6,58.8694
2026-04-25T11:14:16.533181+00:00,recovery_scenario,iperf_tcp,10,1,,ryu_controller,504462,19.6,58740736,1063,24,1087,26,255.0789
2026-04-25T11:14:16.633774+00:00,recovery_scenario,iperf_tcp,10,1,,twin_core,504469,0.0,66183168,725,66,791,0,0.0
2026-04-25T11:14:16.633774+00:00,recovery_scenario,iperf_tcp,10,1,,ryu_controller,504462,9.9,58740736,1073,24,1097,10,99.3956
2026-04-25T11:14:16.734415+00:00,recovery_scenario,iperf_tcp,10,1,,twin_core,504469,0.0,66183168,728,66,794,3,29.8117
2026-04-25T11:14:16.734415+00:00,recovery_scenario,iperf_tcp,10,1,,ryu_controller,504462,19.9,58744832,1100,24,1124,27,267.8641
2026-04-25T11:14:16.835031+00:00,recovery_scenario,iperf_tcp,10,1,,twin_core,504469,0.0,66183168,737,66,803,9,89.4443
2026-04-25T11:14:16.835031+00:00,recovery_scenario,iperf_tcp,10,1,,ryu_controller,504462,0.0,58744832,1133,24,1157,33,328.1408
2026-04-25T11:14:16.936329+00:00,recovery_scenario,iperf_tcp,10,1,,twin_core,504469,0.0,66183168,746,66,812,9,88.8264
2026-04-25T11:14:16.936329+00:00,recovery_scenario,iperf_tcp,10,1,,ryu_controller,504462,19.8,58744832,1137,24,1161,4,39.493
2026-04-25T11:14:17.036889+00:00,recovery_scenario,iperf_tcp,10,1,,twin_core,504469,0.0,66183168,746,66,812,0,0.0
2026-04-25T11:14:17.036889+00:00,recovery_scenario,iperf_tcp,10,1,,ryu_controller,504462,10.0,58744832,1156,24,1180,19,189.2359
2026-04-25T11:14:17.137288+00:00,recovery_scenario,iperf_tcp,10,1,,twin_core,504469,0.0,66183168,749,66,815,3,29.877
2026-04-25T11:14:17.137288+00:00,recovery_scenario,iperf_tcp,10,1,,ryu_controller,504462,0.0,58744832,1164,24,1188,8,79.6606
2026-04-25T11:14:17.240118+00:00,recovery_scenario,iperf_tcp,10,1,,twin_core,504469,9.7,66183168,755,66,821,6,58.1083
2026-04-25T11:14:17.240118+00:00,recovery_scenario,iperf_tcp,10,1,,ryu_controller,504462,19.4,58744832,1188,24,1212,24,232.1578
2026-04-25T11:14:17.349404+00:00,recovery_scenario,iperf_tcp,10,1,,twin_core,504469,9.2,66183168,761,66,827,6,55.0278
2026-04-25T11:14:17.349404+00:00,recovery_scenario,iperf_tcp,10,1,,ryu_controller,504462,0.0,58744832,1192,24,1216,4,36.7112
2026-04-25T11:14:17.457151+00:00,recovery_scenario,iperf_tcp,10,1,,twin_core,504469,0.0,66183168,764,66,830,3,27.8215
2026-04-25T11:14:17.457151+00:00,recovery_scenario,iperf_tcp,10,1,,ryu_controller,504462,9.3,58744832,1195,24,1219,3,27.7769
2026-04-25T11:14:17.559834+00:00,recovery_scenario,iperf_tcp,10,1,,twin_core,504469,0.0,66183168,767,66,833,3,29.2624
2026-04-25T11:14:17.559834+00:00,recovery_scenario,iperf_tcp,10,1,,ryu_controller,504462,0.0,58744832,1198,24,1222,3,29.3119
2026-04-25T11:14:17.587441+00:00,recovery_scenario,iperf_tcp,10,1,pingall_completed,,,,,,,,,
2026-04-25T11:14:17.660460+00:00,recovery_scenario,iperf_tcp,10,1,,twin_core,504469,0.0,66191360,779,66,845,12,119.0503
2026-04-25T11:14:17.660460+00:00,recovery_scenario,iperf_tcp,10,1,,ryu_controller,504462,79.4,58781696,1234,28,1262,40,396.9615
2026-04-25T11:14:17.765891+00:00,recovery_scenario,iperf_tcp,10,1,,twin_core,504469,0.0,66191360,779,66,845,0,0.0
2026-04-25T11:14:17.765891+00:00,recovery_scenario,iperf_tcp,10,1,,ryu_controller,504462,37.9,58781696,1248,28,1276,14,132.71
2026-04-25T11:14:17.866766+00:00,recovery_scenario,iperf_tcp,10,1,,twin_core,504469,9.9,66191360,779,66,845,0,0.0
2026-04-25T11:14:17.866766+00:00,recovery_scenario,iperf_tcp,10,1,,ryu_controller,504462,29.8,58781696,1272,28,1300,24,238.718
2026-04-25T11:14:17.973502+00:00,recovery_scenario,iperf_tcp,10,1,,twin_core,504469,9.3,66260992,779,66,845,0,0.0
2026-04-25T11:14:17.973502+00:00,recovery_scenario,iperf_tcp,10,1,,ryu_controller,504462,46.7,58806272,1304,28,1332,32,298.6434
2026-04-25T11:14:18.078024+00:00,recovery_scenario,iperf_tcp,10,1,,twin_core,504469,0.0,66260992,779,66,845,0,0.0
2026-04-25T11:14:18.078024+00:00,recovery_scenario,iperf_tcp,10,1,,ryu_controller,504462,0.0,58806272,1308,28,1336,4,38.3906
2026-04-25T11:14:18.186303+00:00,recovery_scenario,iperf_tcp,10,1,,twin_core,504469,0.0,66260992,779,66,845,0,0.0
2026-04-25T11:14:18.186303+00:00,recovery_scenario,iperf_tcp,10,1,,ryu_controller,504462,0.0,58806272,1312,28,1340,4,36.9204
2026-04-25T11:14:18.288491+00:00,recovery_scenario,iperf_tcp,10,1,,twin_core,504469,0.0,66260992,779,66,845,0,0.0
2026-04-25T11:14:18.288491+00:00,recovery_scenario,iperf_tcp,10,1,,ryu_controller,504462,9.8,58806272,1315,28,1343,3,29.3393
2026-04-25T11:14:18.390083+00:00,recovery_scenario,iperf_tcp,10,1,,twin_core,504469,0.0,66260992,779,66,845,0,0.0
2026-04-25T11:14:18.390083+00:00,recovery_scenario,iperf_tcp,10,1,,ryu_controller,504462,0.0,58806272,1318,28,1346,3,29.4148
2026-04-25T11:14:18.493155+00:00,recovery_scenario,iperf_tcp,10,1,,twin_core,504469,0.0,66260992,779,66,845,0,0.0
2026-04-25T11:14:18.493155+00:00,recovery_scenario,iperf_tcp,10,1,,ryu_controller,504462,0.0,58806272,1320,28,1348,2,19.3602
2026-04-25T11:14:18.595274+00:00,recovery_scenario,iperf_tcp,10,1,,twin_core,504469,0.0,66260992,779,66,845,0,0.0
2026-04-25T11:14:18.595274+00:00,recovery_scenario,iperf_tcp,10,1,,ryu_controller,504462,9.9,58806272,1324,28,1352,4,39.4338
2026-04-25T11:14:18.695901+00:00,recovery_scenario,iperf_tcp,10,1,,twin_core,504469,0.0,66265088,784,66,850,5,49.6713
2026-04-25T11:14:18.695901+00:00,recovery_scenario,iperf_tcp,10,1,,ryu_controller,504462,0.0,58806272,1346,28,1374,22,218.6995
2026-04-25T11:14:18.796486+00:00,recovery_scenario,iperf_tcp,10,1,,twin_core,504469,0.0,66265088,784,66,850,0,0.0
2026-04-25T11:14:18.796486+00:00,recovery_scenario,iperf_tcp,10,1,,ryu_controller,504462,0.0,58806272,1349,28,1377,3,29.8125
2026-04-25T11:14:18.901739+00:00,recovery_scenario,iperf_tcp,10,1,,twin_core,504469,0.0,66265088,784,66,850,0,0.0
2026-04-25T11:14:18.901739+00:00,recovery_scenario,iperf_tcp,10,1,,ryu_controller,504462,9.5,58806272,1365,28,1393,16,152.0767
2026-04-25T11:14:19.002315+00:00,recovery_scenario,iperf_tcp,10,1,,twin_core,504469,0.0,66265088,784,66,850,0,0.0
2026-04-25T11:14:19.002315+00:00,recovery_scenario,iperf_tcp,10,1,,ryu_controller,504462,0.0,58806272,1375,28,1403,10,99.3759
2026-04-25T11:14:19.104114+00:00,recovery_scenario,iperf_tcp,10,1,,twin_core,504469,0.0,66265088,784,66,850,0,0.0
2026-04-25T11:14:19.104114+00:00,recovery_scenario,iperf_tcp,10,1,,ryu_controller,504462,0.0,58806272,1379,33,1412,9,86.5336
2026-04-25T11:14:19.208275+00:00,recovery_scenario,iperf_tcp,10,1,,twin_core,504469,9.6,66265088,784,66,850,0,0.0
2026-04-25T11:14:19.208275+00:00,recovery_scenario,iperf_tcp,10,1,,ryu_controller,504462,0.0,58806272,1383,38,1421,9,88.0512
2026-04-25T11:14:19.312201+00:00,recovery_scenario,iperf_tcp,10,1,,twin_core,504469,0.0,66265088,784,66,850,0,0.0
2026-04-25T11:14:19.312201+00:00,recovery_scenario,iperf_tcp,10,1,,ryu_controller,504462,0.0,58806272,1387,41,1428,7,66.0875
2026-04-25T11:14:19.415162+00:00,recovery_scenario,iperf_tcp,10,1,,twin_core,504469,0.0,66265088,784,66,850,0,0.0
2026-04-25T11:14:19.415162+00:00,recovery_scenario,iperf_tcp,10,1,,ryu_controller,504462,0.0,58806272,1390,42,1432,4,38.9898
2026-04-25T11:14:19.519079+00:00,recovery_scenario,iperf_tcp,10,1,,twin_core,504469,0.0,66265088,784,66,850,0,0.0
2026-04-25T11:14:19.519079+00:00,recovery_scenario,iperf_tcp,10,1,,ryu_controller,504462,0.0,58806272,1395,49,1444,12,116.4145
2026-04-25T11:14:19.604204+00:00,recovery_scenario,iperf_tcp,10,1,background_traffic_started,,,,,,,,,
2026-04-25T11:14:19.621137+00:00,recovery_scenario,iperf_tcp,10,1,,twin_core,504469,0.0,66277376,786,78,864,14,137.3097
2026-04-25T11:14:19.621137+00:00,recovery_scenario,iperf_tcp,10,1,,ryu_controller,504462,9.9,58806272,1401,51,1452,8,78.5162
2026-04-25T11:14:19.724089+00:00,recovery_scenario,iperf_tcp,10,1,,twin_core,504469,9.7,66289664,799,86,885,21,202.7771
2026-04-25T11:14:19.724089+00:00,recovery_scenario,iperf_tcp,10,1,,ryu_controller,504462,29.0,58818560,1411,74,1485,33,317.25
2026-04-25T11:14:19.826733+00:00,recovery_scenario,iperf_tcp,10,1,,twin_core,504469,0.0,66330624,804,87,891,6,58.2549
2026-04-25T11:14:19.826733+00:00,recovery_scenario,iperf_tcp,10,1,,ryu_controller,504462,29.1,58834944,1411,107,1518,33,324.8411
2026-04-25T11:14:19.930228+00:00,recovery_scenario,iperf_tcp,10,1,,twin_core,504469,0.0,66363392,808,91,899,8,78.0253
2026-04-25T11:14:19.930228+00:00,recovery_scenario,iperf_tcp,10,1,,ryu_controller,504462,39.0,58859520,1412,132,1544,26,253.5907
2026-04-25T11:14:20.031792+00:00,recovery_scenario,iperf_tcp,10,1,,twin_core,504469,9.8,66400256,812,91,903,4,39.37
2026-04-25T11:14:20.031792+00:00,recovery_scenario,iperf_tcp,10,1,,ryu_controller,504462,29.4,59056128,1413,154,1567,23,224.1067
2026-04-25T11:14:20.066244+00:00,recovery_scenario,iperf_tcp,10,1,fault_injected,,,,,,,,,
2026-04-25T11:14:20.134464+00:00,recovery_scenario,iperf_tcp,10,1,,twin_core,504469,9.7,66473984,816,94,910,7,68.1235
2026-04-25T11:14:20.134464+00:00,recovery_scenario,iperf_tcp,10,1,,ryu_controller,504462,19.5,59068416,1413,175,1588,21,206.4353
2026-04-25T11:14:20.238788+00:00,recovery_scenario,iperf_tcp,10,1,,twin_core,504469,0.0,66473984,816,94,910,0,0.0
2026-04-25T11:14:20.238788+00:00,recovery_scenario,iperf_tcp,10,1,,ryu_controller,504462,38.3,59437056,1413,204,1617,29,278.0392
2026-04-25T11:14:20.339413+00:00,recovery_scenario,iperf_tcp,10,1,,twin_core,504469,0.0,66473984,816,94,910,0,0.0
2026-04-25T11:14:20.339413+00:00,recovery_scenario,iperf_tcp,10,1,,ryu_controller,504462,29.8,59441152,1413,269,1682,65,646.1558
2026-04-25T11:14:20.440051+00:00,recovery_scenario,iperf_tcp,10,1,,twin_core,504469,0.0,66473984,816,94,910,0,0.0
2026-04-25T11:14:20.440051+00:00,recovery_scenario,iperf_tcp,10,1,,ryu_controller,504462,79.4,59445248,1413,357,1770,88,874.0899
2026-04-25T11:14:20.540802+00:00,recovery_scenario,iperf_tcp,10,1,,twin_core,504469,0.0,66473984,816,94,910,0,0.0
2026-04-25T11:14:20.540802+00:00,recovery_scenario,iperf_tcp,10,1,,ryu_controller,504462,109.4,59473920,1413,358,1771,1,9.9476
2026-04-25T11:14:20.641271+00:00,recovery_scenario,iperf_tcp,10,1,,twin_core,504469,0.0,66473984,817,94,911,1,9.9539
2026-04-25T11:14:20.641271+00:00,recovery_scenario,iperf_tcp,10,1,,ryu_controller,504462,89.6,59490304,1413,359,1772,1,9.9539
2026-04-25T11:14:20.741938+00:00,recovery_scenario,iperf_tcp,10,1,,twin_core,504469,0.0,66473984,817,94,911,0,0.0
2026-04-25T11:14:20.741938+00:00,recovery_scenario,iperf_tcp,10,1,,ryu_controller,504462,109.2,59494400,1413,361,1774,2,19.8214
2026-04-25T11:14:20.842692+00:00,recovery_scenario,iperf_tcp,10,1,,twin_core,504469,0.0,66473984,817,94,911,0,0.0
2026-04-25T11:14:20.842692+00:00,recovery_scenario,iperf_tcp,10,1,,ryu_controller,504462,99.3,59494400,1413,361,1774,0,0.0
2026-04-25T11:14:20.943252+00:00,recovery_scenario,iperf_tcp,10,1,,twin_core,504469,9.9,66473984,817,94,911,0,0.0
2026-04-25T11:14:20.943252+00:00,recovery_scenario,iperf_tcp,10,1,,ryu_controller,504462,99.4,59494400,1413,361,1774,0,0.0
2026-04-25T11:14:21.043918+00:00,recovery_scenario,iperf_tcp,10,1,,twin_core,504469,0.0,66473984,817,94,911,0,0.0
2026-04-25T11:14:21.043918+00:00,recovery_scenario,iperf_tcp,10,1,,ryu_controller,504462,99.0,59498496,1413,362,1775,1,9.9018
2026-04-25T11:14:21.144892+00:00,recovery_scenario,iperf_tcp,10,1,,twin_core,504469,0.0,66473984,818,94,912,1,9.8999
2026-04-25T11:14:21.144892+00:00,recovery_scenario,iperf_tcp,10,1,,ryu_controller,504462,99.2,59498496,1413,362,1775,0,0.0
2026-04-25T11:14:21.245471+00:00,recovery_scenario,iperf_tcp,10,1,,twin_core,504469,0.0,66473984,818,94,912,0,0.0
2026-04-25T11:14:21.245471+00:00,recovery_scenario,iperf_tcp,10,1,,ryu_controller,504462,97.6,59498496,1413,363,1776,1,9.7572
2026-04-25T11:14:21.348186+00:00,recovery_scenario,iperf_tcp,10,1,,twin_core,504469,0.0,66473984,818,94,912,0,0.0
2026-04-25T11:14:21.348186+00:00,recovery_scenario,iperf_tcp,10,1,,ryu_controller,504462,98.5,59510784,1413,386,1799,23,226.2473
2026-04-25T11:14:21.449694+00:00,recovery_scenario,iperf_tcp,10,1,,twin_core,504469,0.0,66473984,818,94,912,0,0.0
2026-04-25T11:14:21.449694+00:00,recovery_scenario,iperf_tcp,10,1,,ryu_controller,504462,68.7,59510784,1413,657,2070,271,2664.3614
2026-04-25T11:14:21.551884+00:00,recovery_scenario,iperf_tcp,10,1,,twin_core,504469,0.0,66473984,818,94,912,0,0.0
2026-04-25T11:14:21.551884+00:00,recovery_scenario,iperf_tcp,10,1,,ryu_controller,504462,48.9,59514880,1413,843,2256,186,1818.9232
2026-04-25T11:14:21.653865+00:00,recovery_scenario,iperf_tcp,10,1,,twin_core,504469,0.0,66473984,819,102,921,9,89.074
2026-04-25T11:14:21.653865+00:00,recovery_scenario,iperf_tcp,10,1,,ryu_controller,504462,59.2,59514880,1413,1080,2493,237,2326.2954
2026-04-25T11:14:21.755509+00:00,recovery_scenario,iperf_tcp,10,1,,twin_core,504469,0.0,66473984,819,102,921,0,0.0
2026-04-25T11:14:21.755509+00:00,recovery_scenario,iperf_tcp,10,1,,ryu_controller,504462,39.6,59514880,1414,1321,2735,242,2406.8811
2026-04-25T11:14:21.858754+00:00,recovery_scenario,iperf_tcp,10,1,,twin_core,504469,9.7,66498560,819,102,921,0,0.0
2026-04-25T11:14:21.858754+00:00,recovery_scenario,iperf_tcp,10,1,,ryu_controller,504462,19.4,59514880,1426,1345,2771,36,348.8223
2026-04-25T11:14:21.962733+00:00,recovery_scenario,iperf_tcp,10,1,,twin_core,504469,0.0,66498560,819,102,921,0,0.0
2026-04-25T11:14:21.962733+00:00,recovery_scenario,iperf_tcp,10,1,,ryu_controller,504462,0.0,59514880,1436,1347,2783,12,115.3831
2026-04-25T11:14:22.063325+00:00,recovery_scenario,iperf_tcp,10,1,,twin_core,504469,0.0,66498560,819,102,921,0,0.0
2026-04-25T11:14:22.063325+00:00,recovery_scenario,iperf_tcp,10,1,,ryu_controller,504462,0.0,59514880,1455,1350,2805,22,217.8197
2026-04-25T11:14:22.164256+00:00,recovery_scenario,iperf_tcp,10,1,,twin_core,504469,0.0,66502656,820,102,922,1,9.9372
2026-04-25T11:14:22.164256+00:00,recovery_scenario,iperf_tcp,10,1,,ryu_controller,504462,9.9,59514880,1479,1352,2831,26,258.3224
2026-04-25T11:14:22.264947+00:00,recovery_scenario,iperf_tcp,10,1,,twin_core,504469,0.0,66502656,820,102,922,0,0.0
2026-04-25T11:14:22.264947+00:00,recovery_scenario,iperf_tcp,10,1,,ryu_controller,504462,0.0,59514880,1496,1363,2859,28,278.5895
2026-04-25T11:14:22.365395+00:00,recovery_scenario,iperf_tcp,10,1,,twin_core,504469,0.0,66502656,820,102,922,0,0.0
2026-04-25T11:14:22.365395+00:00,recovery_scenario,iperf_tcp,10,1,,ryu_controller,504462,9.8,59514880,1504,1370,2874,15,146.0859
2026-04-25T11:14:22.472736+00:00,recovery_scenario,iperf_tcp,10,1,,twin_core,504469,0.0,66502656,820,102,922,0,0.0
2026-04-25T11:14:22.472736+00:00,recovery_scenario,iperf_tcp,10,1,,ryu_controller,504462,19.0,59514880,1516,1390,2906,32,303.9227
2026-04-25T11:14:22.573381+00:00,recovery_scenario,iperf_tcp,10,1,,twin_core,504469,0.0,66502656,820,102,922,0,0.0
2026-04-25T11:14:22.573381+00:00,recovery_scenario,iperf_tcp,10,1,,ryu_controller,504462,39.7,59514880,1523,1415,2938,32,318.0029
2026-04-25T11:14:22.674025+00:00,recovery_scenario,iperf_tcp,10,1,,twin_core,504469,0.0,66502656,821,102,923,1,9.9303
2026-04-25T11:14:22.674025+00:00,recovery_scenario,iperf_tcp,10,1,,ryu_controller,504462,19.9,59514880,1544,1427,2971,33,328.1346
2026-04-25T11:14:22.776739+00:00,recovery_scenario,iperf_tcp,10,1,,twin_core,504469,0.0,66502656,821,102,923,0,0.0
2026-04-25T11:14:22.776739+00:00,recovery_scenario,iperf_tcp,10,1,,ryu_controller,504462,0.0,59514880,1565,1429,2994,23,224.0585
2026-04-25T11:14:22.877219+00:00,recovery_scenario,iperf_tcp,10,1,,twin_core,504469,0.0,66502656,821,102,923,0,0.0
2026-04-25T11:14:22.877219+00:00,recovery_scenario,iperf_tcp,10,1,,ryu_controller,504462,0.0,59514880,1584,1431,3015,21,208.936
2026-04-25T11:14:22.980760+00:00,recovery_scenario,iperf_tcp,10,1,,twin_core,504469,0.0,66502656,821,102,923,0,0.0
2026-04-25T11:14:22.980760+00:00,recovery_scenario,iperf_tcp,10,1,,ryu_controller,504462,0.0,59514880,1598,1433,3031,16,154.5302
2026-04-25T11:14:23.081306+00:00,recovery_scenario,iperf_tcp,10,1,,twin_core,504469,0.0,66502656,821,102,923,0,0.0
2026-04-25T11:14:23.081306+00:00,recovery_scenario,iperf_tcp,10,1,,ryu_controller,504462,0.0,59514880,1604,1435,3039,8,79.3586
2026-04-25T11:14:23.182090+00:00,recovery_scenario,iperf_tcp,10,1,,twin_core,504469,19.9,66506752,834,103,937,14,138.9624
2026-04-25T11:14:23.182090+00:00,recovery_scenario,iperf_tcp,10,1,,ryu_controller,504462,19.9,59514880,1615,1452,3067,28,278.3013
2026-04-25T11:14:23.283822+00:00,recovery_scenario,iperf_tcp,10,1,,twin_core,504469,9.8,66506752,844,103,947,10,98.3422
2026-04-25T11:14:23.283822+00:00,recovery_scenario,iperf_tcp,10,1,,ryu_controller,504462,39.4,59514880,1623,1485,3108,41,403.6149
2026-04-25T11:14:23.326975+00:00,recovery_scenario,iperf_tcp,10,1,recovery_requested,,,,,,,,,
2026-04-25T11:14:23.384257+00:00,recovery_scenario,iperf_tcp,10,1,,twin_core,504469,0.0,66510848,852,109,961,14,139.357
2026-04-25T11:14:23.384257+00:00,recovery_scenario,iperf_tcp,10,1,,ryu_controller,504462,19.8,59514880,1637,1523,3160,52,513.2564
2026-04-25T11:14:23.490713+00:00,recovery_scenario,iperf_tcp,10,1,,twin_core,504469,0.0,66510848,852,109,961,0,0.0
2026-04-25T11:14:23.490713+00:00,recovery_scenario,iperf_tcp,10,1,,ryu_controller,504462,18.9,59514880,1639,1568,3207,47,445.179
2026-04-25T11:14:23.591219+00:00,recovery_scenario,iperf_tcp,10,1,,twin_core,504469,0.0,66510848,852,109,961,0,0.0
2026-04-25T11:14:23.591219+00:00,recovery_scenario,iperf_tcp,10,1,,ryu_controller,504462,29.7,59514880,1639,1592,3231,24,237.5324
2026-04-25T11:14:23.692215+00:00,recovery_scenario,iperf_tcp,10,1,,twin_core,504469,0.0,66510848,852,109,961,0,0.0
2026-04-25T11:14:23.692215+00:00,recovery_scenario,iperf_tcp,10,1,,ryu_controller,504462,49.8,59514880,1639,1744,3383,152,1512.8277
2026-04-25T11:14:23.794468+00:00,recovery_scenario,iperf_tcp,10,1,,twin_core,504469,0.0,66510848,852,109,961,0,0.0
2026-04-25T11:14:23.794468+00:00,recovery_scenario,iperf_tcp,10,1,,ryu_controller,504462,29.3,59514880,1639,1928,3567,184,1798.0615
2026-04-25T11:14:23.894994+00:00,recovery_scenario,iperf_tcp,10,1,,twin_core,504469,0.0,66510848,853,109,962,1,9.955
2026-04-25T11:14:23.894994+00:00,recovery_scenario,iperf_tcp,10,1,,ryu_controller,504462,29.9,59523072,1639,1956,3595,28,278.7782
2026-04-25T11:14:23.997764+00:00,recovery_scenario,iperf_tcp,10,1,,twin_core,504469,9.7,66510848,853,109,962,0,0.0
2026-04-25T11:14:23.997764+00:00,recovery_scenario,iperf_tcp,10,1,,ryu_controller,504462,38.9,59543552,1639,1987,3626,31,301.4192
2026-04-25T11:14:24.098555+00:00,recovery_scenario,iperf_tcp,10,1,,twin_core,504469,0.0,66510848,853,109,962,0,0.0
2026-04-25T11:14:24.098555+00:00,recovery_scenario,iperf_tcp,10,1,,ryu_controller,504462,39.2,59547648,1639,2016,3655,29,283.8872
2026-04-25T11:14:24.201201+00:00,recovery_scenario,iperf_tcp,10,1,,twin_core,504469,0.0,66510848,853,109,962,0,0.0
2026-04-25T11:14:24.201201+00:00,recovery_scenario,iperf_tcp,10,1,,ryu_controller,504462,29.5,59551744,1639,2148,3787,132,1297.1075
2026-04-25T11:14:24.302199+00:00,recovery_scenario,iperf_tcp,10,1,,twin_core,504469,0.0,66510848,853,109,962,0,0.0
2026-04-25T11:14:24.302199+00:00,recovery_scenario,iperf_tcp,10,1,,ryu_controller,504462,49.3,59555840,1639,2379,4018,231,2276.1898
2026-04-25T11:14:24.403779+00:00,recovery_scenario,iperf_tcp,10,1,,twin_core,504469,0.0,66510848,854,109,963,1,9.8465
2026-04-25T11:14:24.403779+00:00,recovery_scenario,iperf_tcp,10,1,,ryu_controller,504462,39.7,59555840,1639,2624,4263,245,2396.6728
2026-04-25T11:14:24.505940+00:00,recovery_scenario,iperf_tcp,10,1,,twin_core,504469,0.0,66510848,854,109,963,0,0.0
2026-04-25T11:14:24.505940+00:00,recovery_scenario,iperf_tcp,10,1,,ryu_controller,504462,39.2,59555840,1639,2739,4378,115,1144.3894
2026-04-25T11:14:24.606384+00:00,recovery_scenario,iperf_tcp,10,1,,twin_core,504469,0.0,66510848,854,109,963,0,0.0
2026-04-25T11:14:24.606384+00:00,recovery_scenario,iperf_tcp,10,1,,ryu_controller,504462,29.8,59555840,1639,2789,4428,50,497.4039
2026-04-25T11:14:24.708229+00:00,recovery_scenario,iperf_tcp,10,1,,twin_core,504469,0.0,66510848,854,109,963,0,0.0
2026-04-25T11:14:24.708229+00:00,recovery_scenario,iperf_tcp,10,1,,ryu_controller,504462,49.1,59564032,1639,2860,4499,71,696.1637
2026-04-25T11:14:24.809456+00:00,recovery_scenario,iperf_tcp,10,1,,twin_core,504469,0.0,66510848,854,109,963,0,0.0
2026-04-25T11:14:24.809456+00:00,recovery_scenario,iperf_tcp,10,1,,ryu_controller,504462,59.3,59564032,1639,3072,4711,212,2096.904
2026-04-25T11:14:24.910456+00:00,recovery_scenario,iperf_tcp,10,1,,twin_core,504469,0.0,66510848,855,110,965,2,19.8005
2026-04-25T11:14:24.910456+00:00,recovery_scenario,iperf_tcp,10,1,,ryu_controller,504462,88.9,59564032,1639,3253,4892,181,1787.1966
2026-04-25T11:14:25.011914+00:00,recovery_scenario,iperf_tcp,10,1,,twin_core,504469,0.0,66510848,855,110,965,0,0.0
2026-04-25T11:14:25.011914+00:00,recovery_scenario,iperf_tcp,10,1,,ryu_controller,504462,69.0,59564032,1639,3400,5039,147,1449.7629
2026-04-25T11:14:25.112694+00:00,recovery_scenario,iperf_tcp,10,1,,twin_core,504469,0.0,66510848,855,110,965,0,0.0
2026-04-25T11:14:25.112694+00:00,recovery_scenario,iperf_tcp,10,1,,ryu_controller,504462,69.6,59564032,1639,3551,5190,151,1501.3128
2026-04-25T11:14:25.214353+00:00,recovery_scenario,iperf_tcp,10,1,,twin_core,504469,0.0,66510848,855,110,965,0,0.0
2026-04-25T11:14:25.214353+00:00,recovery_scenario,iperf_tcp,10,1,,ryu_controller,504462,68.7,59564032,1639,3892,5531,341,3349.0072
2026-04-25T11:14:25.315712+00:00,recovery_scenario,iperf_tcp,10,1,,twin_core,504469,0.0,66510848,855,110,965,0,0.0
2026-04-25T11:14:25.315712+00:00,recovery_scenario,iperf_tcp,10,1,,ryu_controller,504462,69.3,59564032,1639,4360,5999,468,4631.0892
2026-04-25T11:14:25.416546+00:00,recovery_scenario,iperf_tcp,10,1,,twin_core,504469,0.0,66510848,856,110,966,1,9.8749
2026-04-25T11:14:25.416546+00:00,recovery_scenario,iperf_tcp,10,1,,ryu_controller,504462,68.9,59564032,1639,4809,6448,449,4420.5671
2026-04-25T11:14:25.517741+00:00,recovery_scenario,iperf_tcp,10,1,,twin_core,504469,0.0,66510848,856,110,966,0,0.0
2026-04-25T11:14:25.517741+00:00,recovery_scenario,iperf_tcp,10,1,,ryu_controller,504462,58.4,59564032,1639,5148,6787,339,3297.9324
2026-04-25T11:14:25.620517+00:00,recovery_scenario,iperf_tcp,10,1,,twin_core,504469,0.0,66510848,856,110,966,0,0.0
2026-04-25T11:14:25.620517+00:00,recovery_scenario,iperf_tcp,10,1,,ryu_controller,504462,79.5,59564032,1639,5363,7002,215,2137.05
2026-04-25T11:14:25.721349+00:00,recovery_scenario,iperf_tcp,10,1,,twin_core,504469,0.0,66510848,856,110,966,0,0.0
2026-04-25T11:14:25.721349+00:00,recovery_scenario,iperf_tcp,10,1,,ryu_controller,504462,89.3,59564032,1639,5585,7224,222,2201.8755
2026-04-25T11:14:25.822201+00:00,recovery_scenario,iperf_tcp,10,1,,twin_core,504469,0.0,66510848,856,110,966,0,0.0
2026-04-25T11:14:25.822201+00:00,recovery_scenario,iperf_tcp,10,1,,ryu_controller,504462,69.4,59568128,1639,5821,7460,236,2337.9412
2026-04-25T11:14:25.924084+00:00,recovery_scenario,iperf_tcp,10,1,,twin_core,504469,0.0,66510848,857,110,967,1,9.8287
2026-04-25T11:14:25.924084+00:00,recovery_scenario,iperf_tcp,10,1,,ryu_controller,504462,78.6,59568128,1639,6079,7718,258,2537.1078
2026-04-25T11:14:26.025236+00:00,recovery_scenario,iperf_tcp,10,1,,twin_core,504469,0.0,66510848,857,110,967,0,0.0
2026-04-25T11:14:26.025236+00:00,recovery_scenario,iperf_tcp,10,1,,ryu_controller,504462,68.8,59568128,1639,6341,7980,262,2572.7058
2026-04-25T11:14:26.126364+00:00,recovery_scenario,iperf_tcp,10,1,,twin_core,504469,0.0,66510848,857,110,967,0,0.0
2026-04-25T11:14:26.126364+00:00,recovery_scenario,iperf_tcp,10,1,,ryu_controller,504462,78.2,59568128,1639,6652,8291,311,3034.6999
2026-04-25T11:14:26.231072+00:00,recovery_scenario,iperf_tcp,10,1,,twin_core,504469,9.5,66510848,857,110,967,0,0.0
2026-04-25T11:14:26.231072+00:00,recovery_scenario,iperf_tcp,10,1,,ryu_controller,504462,48.4,59568128,1639,6885,8524,233,2259.2149
2026-04-25T11:14:26.334097+00:00,recovery_scenario,iperf_tcp,10,1,,twin_core,504469,0.0,66510848,857,110,967,0,0.0
2026-04-25T11:14:26.334097+00:00,recovery_scenario,iperf_tcp,10,1,,ryu_controller,504462,48.3,59568128,1639,7046,8685,161,1556.8302
2026-04-25T11:14:26.436210+00:00,recovery_scenario,iperf_tcp,10,1,,twin_core,504469,0.0,66510848,858,111,969,2,19.5976
2026-04-25T11:14:26.436210+00:00,recovery_scenario,iperf_tcp,10,1,,ryu_controller,504462,39.5,59568128,1639,7224,8863,178,1757.9123
2026-04-25T11:14:26.538189+00:00,recovery_scenario,iperf_tcp,10,1,,twin_core,504469,0.0,66510848,858,111,969,0,0.0
2026-04-25T11:14:26.538189+00:00,recovery_scenario,iperf_tcp,10,1,,ryu_controller,504462,39.2,59568128,1639,7371,9010,147,1441.2858
2026-04-25T11:14:26.640154+00:00,recovery_scenario,iperf_tcp,10,1,,twin_core,504469,0.0,66510848,858,111,969,0,0.0
2026-04-25T11:14:26.640154+00:00,recovery_scenario,iperf_tcp,10,1,,ryu_controller,504462,39.2,59568128,1639,7511,9150,140,1334.7226
2026-04-25T11:14:26.743601+00:00,recovery_scenario,iperf_tcp,10,1,,twin_core,504469,9.7,66510848,858,111,969,0,0.0
2026-04-25T11:14:26.743601+00:00,recovery_scenario,iperf_tcp,10,1,,ryu_controller,504462,67.6,59568128,1639,7736,9375,225,2236.8841
2026-04-25T11:14:26.844491+00:00,recovery_scenario,iperf_tcp,10,1,,twin_core,504469,0.0,66510848,858,111,969,0,0.0
2026-04-25T11:14:26.844491+00:00,recovery_scenario,iperf_tcp,10,1,,ryu_controller,504462,59.4,59568128,1639,7961,9600,225,2226.4411
2026-04-25T11:14:26.946289+00:00,recovery_scenario,iperf_tcp,10,1,,twin_core,504469,0.0,66510848,859,111,970,1,9.852
2026-04-25T11:14:26.946289+00:00,recovery_scenario,iperf_tcp,10,1,,ryu_controller,504462,59.1,59568128,1639,8175,9814,214,2107.7044
2026-04-25T11:14:27.047230+00:00,recovery_scenario,iperf_tcp,10,1,,twin_core,504469,0.0,66510848,859,111,970,0,0.0
2026-04-25T11:14:27.047230+00:00,recovery_scenario,iperf_tcp,10,1,,ryu_controller,504462,69.3,59568128,1639,8435,10074,260,2569.8817
2026-04-25T11:14:27.148728+00:00,recovery_scenario,iperf_tcp,10,1,,twin_core,504469,9.9,66523136,859,111,970,0,0.0
2026-04-25T11:14:27.148728+00:00,recovery_scenario,iperf_tcp,10,1,,ryu_controller,504462,19.7,59568128,1645,8495,10140,66,651.1101
2026-04-25T11:14:27.251474+00:00,recovery_scenario,iperf_tcp,10,1,,twin_core,504469,0.0,66523136,859,111,970,0,0.0
2026-04-25T11:14:27.251474+00:00,recovery_scenario,iperf_tcp,10,1,,ryu_controller,504462,0.0,59568128,1651,8498,10149,9,87.504
2026-04-25T11:14:27.352825+00:00,recovery_scenario,iperf_tcp,10,1,,twin_core,504469,0.0,66523136,859,111,970,0,0.0
2026-04-25T11:14:27.352825+00:00,recovery_scenario,iperf_tcp,10,1,,ryu_controller,504462,0.0,59568128,1659,8502,10161,12,117.0859
2026-04-25T11:14:27.455467+00:00,recovery_scenario,iperf_tcp,10,1,,twin_core,504469,0.0,66523136,877,120,997,27,263.2936
2026-04-25T11:14:27.455467+00:00,recovery_scenario,iperf_tcp,10,1,,ryu_controller,504462,19.5,59568128,1676,8550,10226,65,640.6165
2026-04-25T11:14:27.521463+00:00,recovery_scenario,iperf_tcp,10,1,scenario_teardown,,,,,,,,,
2026-04-25T11:14:27.556337+00:00,recovery_scenario,iperf_tcp,10,1,,twin_core,504469,9.9,66527232,895,129,1024,27,265.5994
2026-04-25T11:14:27.556337+00:00,recovery_scenario,iperf_tcp,10,1,,ryu_controller,504462,29.6,59568128,1695,8604,10299,73,719.5839
2026-04-25T11:14:27.657564+00:00,recovery_scenario,iperf_tcp,10,1,,twin_core,504469,0.0,66527232,918,129,1047,23,228.7029
2026-04-25T11:14:27.657564+00:00,recovery_scenario,iperf_tcp,10,1,,ryu_controller,504462,0.0,59568128,1711,8606,10317,18,178.9879
2026-04-25T11:14:27.758145+00:00,recovery_scenario,iperf_tcp,10,1,,twin_core,504469,19.9,66527232,943,129,1072,25,248.7974
2026-04-25T11:14:27.758145+00:00,recovery_scenario,iperf_tcp,10,1,,ryu_controller,504462,29.9,59568128,1715,8613,10328,11,109.4851
2026-04-25T11:14:27.858577+00:00,recovery_scenario,iperf_tcp,10,1,,twin_core,504469,0.0,66527232,943,129,1072,0,0.0
2026-04-25T11:14:27.858577+00:00,recovery_scenario,iperf_tcp,10,1,,ryu_controller,504462,9.9,59568128,1724,8613,10337,9,89.5337
2026-04-25T11:14:31.203196+00:00,recovery_scenario,iperf_tcp,80,1,,twin_core,505541,0.0,65208320,395,67,462,0,0.0
2026-04-25T11:14:31.203196+00:00,recovery_scenario,iperf_tcp,80,1,,ryu_controller,505534,0.0,57638912,7,5,12,0,0.0
2026-04-25T11:14:31.305000+00:00,recovery_scenario,iperf_tcp,80,1,,twin_core,505541,0.0,65228800,443,71,514,52,515.4557
2026-04-25T11:14:31.305000+00:00,recovery_scenario,iperf_tcp,80,1,,ryu_controller,505534,39.6,57991168,17,12,29,17,168.5407
2026-04-25T11:14:31.405918+00:00,recovery_scenario,iperf_tcp,80,1,,twin_core,505541,9.9,65232896,537,72,609,95,943.4601
2026-04-25T11:14:31.405918+00:00,recovery_scenario,iperf_tcp,80,1,,ryu_controller,505534,29.8,58003456,39,19,58,29,288.0872
2026-04-25T11:14:31.468998+00:00,recovery_scenario,iperf_tcp,80,1,service_started,,,,,,,,,
2026-04-25T11:14:31.507146+00:00,recovery_scenario,iperf_tcp,80,1,,twin_core,505541,29.5,65888256,598,73,671,62,608.8439
2026-04-25T11:14:31.507146+00:00,recovery_scenario,iperf_tcp,80,1,,ryu_controller,505534,58.9,58109952,84,22,106,48,471.1777
2026-04-25T11:14:31.615471+00:00,recovery_scenario,iperf_tcp,80,1,,twin_core,505541,0.0,66027520,599,73,672,1,9.2777
2026-04-25T11:14:31.615471+00:00,recovery_scenario,iperf_tcp,80,1,,ryu_controller,505534,27.8,58126336,116,22,138,32,296.371
2026-04-25T11:14:31.716294+00:00,recovery_scenario,iperf_tcp,80,1,,twin_core,505541,0.0,66027520,599,73,672,0,0.0
2026-04-25T11:14:31.716294+00:00,recovery_scenario,iperf_tcp,80,1,,ryu_controller,505534,0.0,58134528,123,22,145,7,69.5796
2026-04-25T11:14:31.816854+00:00,recovery_scenario,iperf_tcp,80,1,,twin_core,505541,0.0,66027520,599,73,672,0,0.0
2026-04-25T11:14:31.816854+00:00,recovery_scenario,iperf_tcp,80,1,,ryu_controller,505534,19.9,58138624,150,22,172,27,268.6726
2026-04-25T11:14:31.917338+00:00,recovery_scenario,iperf_tcp,80,1,,twin_core,505541,0.0,66027520,599,73,672,0,0.0
2026-04-25T11:14:31.917338+00:00,recovery_scenario,iperf_tcp,80,1,,ryu_controller,505534,19.9,58138624,172,22,194,22,218.8795
2026-04-25T11:14:32.017880+00:00,recovery_scenario,iperf_tcp,80,1,,twin_core,505541,0.0,66027520,599,73,672,0,0.0
2026-04-25T11:14:32.017880+00:00,recovery_scenario,iperf_tcp,80,1,,ryu_controller,505534,9.9,58138624,192,22,214,20,198.9569
2026-04-25T11:14:32.118366+00:00,recovery_scenario,iperf_tcp,80,1,,twin_core,505541,0.0,66027520,599,73,672,0,0.0
2026-04-25T11:14:32.118366+00:00,recovery_scenario,iperf_tcp,80,1,,ryu_controller,505534,19.9,58146816,213,22,235,21,208.6836
2026-04-25T11:14:32.219436+00:00,recovery_scenario,iperf_tcp,80,1,,twin_core,505541,0.0,66027520,599,73,672,0,0.0
2026-04-25T11:14:32.219436+00:00,recovery_scenario,iperf_tcp,80,1,,ryu_controller,505534,19.8,58146816,231,22,253,18,178.3482
2026-04-25T11:14:32.319971+00:00,recovery_scenario,iperf_tcp,80,1,,twin_core,505541,0.0,66027520,599,73,672,0,0.0
2026-04-25T11:14:32.319971+00:00,recovery_scenario,iperf_tcp,80,1,,ryu_controller,505534,10.0,58150912,246,22,268,15,149.2625
2026-04-25T11:14:32.447476+00:00,recovery_scenario,iperf_tcp,80,1,,twin_core,505541,15.4,66027520,599,73,672,0,0.0
2026-04-25T11:14:32.447476+00:00,recovery_scenario,iperf_tcp,80,1,,ryu_controller,505534,49.6,58155008,257,22,279,11,77.8655
2026-04-25T11:14:32.561759+00:00,recovery_scenario,iperf_tcp,80,1,,twin_core,505541,0.0,66027520,599,73,672,0,0.0
2026-04-25T11:14:32.561759+00:00,recovery_scenario,iperf_tcp,80,1,,ryu_controller,505534,69.6,58163200,274,24,298,19,189.0091
2026-04-25T11:14:32.663411+00:00,recovery_scenario,iperf_tcp,80,1,,twin_core,505541,0.0,66027520,599,73,672,0,0.0
2026-04-25T11:14:32.663411+00:00,recovery_scenario,iperf_tcp,80,1,,ryu_controller,505534,19.7,58167296,300,24,324,26,255.5279
2026-04-25T11:14:32.764980+00:00,recovery_scenario,iperf_tcp,80,1,,twin_core,505541,0.0,66027520,599,73,672,0,0.0
2026-04-25T11:14:32.764980+00:00,recovery_scenario,iperf_tcp,80,1,,ryu_controller,505534,19.7,58175488,318,24,342,18,177.3704
2026-04-25T11:14:32.865474+00:00,recovery_scenario,iperf_tcp,80,1,,twin_core,505541,0.0,66027520,599,73,672,0,0.0
2026-04-25T11:14:32.865474+00:00,recovery_scenario,iperf_tcp,80,1,,ryu_controller,505534,29.8,58191872,354,24,378,36,357.8164
2026-04-25T11:14:32.967628+00:00,recovery_scenario,iperf_tcp,80,1,,twin_core,505541,0.0,66027520,599,73,672,0,0.0
2026-04-25T11:14:32.967628+00:00,recovery_scenario,iperf_tcp,80,1,,ryu_controller,505534,29.4,58208256,392,25,417,39,381.5882
2026-04-25T11:14:33.068347+00:00,recovery_scenario,iperf_tcp,80,1,,twin_core,505541,0.0,66027520,599,73,672,0,0.0
2026-04-25T11:14:33.068347+00:00,recovery_scenario,iperf_tcp,80,1,,ryu_controller,505534,29.8,58216448,414,25,439,22,218.7872
2026-04-25T11:14:33.169861+00:00,recovery_scenario,iperf_tcp,80,1,,twin_core,505541,0.0,66027520,599,73,672,0,0.0
2026-04-25T11:14:33.169861+00:00,recovery_scenario,iperf_tcp,80,1,,ryu_controller,505534,39.4,58331136,477,25,502,63,620.643
2026-04-25T11:14:33.270367+00:00,recovery_scenario,iperf_tcp,80,1,,twin_core,505541,0.0,66027520,599,73,672,0,0.0
2026-04-25T11:14:33.270367+00:00,recovery_scenario,iperf_tcp,80,1,,ryu_controller,505534,10.0,58331136,500,25,525,23,228.6694
2026-04-25T11:14:33.370911+00:00,recovery_scenario,iperf_tcp,80,1,,twin_core,505541,0.0,66027520,599,73,672,0,0.0
2026-04-25T11:14:33.370911+00:00,recovery_scenario,iperf_tcp,80,1,,ryu_controller,505534,9.9,58331136,508,25,533,8,79.6212
2026-04-25T11:14:33.471391+00:00,recovery_scenario,iperf_tcp,80,1,,twin_core,505541,0.0,66027520,599,73,672,0,0.0
2026-04-25T11:14:33.471391+00:00,recovery_scenario,iperf_tcp,80,1,,ryu_controller,505534,0.0,58331136,519,25,544,11,109.2165
2026-04-25T11:14:33.572230+00:00,recovery_scenario,iperf_tcp,80,1,,twin_core,505541,19.8,66027520,599,73,672,0,0.0
2026-04-25T11:14:33.572230+00:00,recovery_scenario,iperf_tcp,80,1,,ryu_controller,505534,59.6,58359808,550,25,575,31,307.9843
2026-04-25T11:14:33.672848+00:00,recovery_scenario,iperf_tcp,80,1,,twin_core,505541,9.9,66084864,609,73,682,10,99.3409
2026-04-25T11:14:33.672848+00:00,recovery_scenario,iperf_tcp,80,1,,ryu_controller,505534,19.7,58359808,590,25,615,40,390.8449
2026-04-25T11:14:33.775320+00:00,recovery_scenario,iperf_tcp,80,1,,twin_core,505541,0.0,66084864,612,73,685,3,29.2738
2026-04-25T11:14:33.775320+00:00,recovery_scenario,iperf_tcp,80,1,,ryu_controller,505534,19.7,58359808,612,25,637,22,218.0573
2026-04-25T11:14:33.876054+00:00,recovery_scenario,iperf_tcp,80,1,,twin_core,505541,0.0,66084864,615,73,688,3,29.781
2026-04-25T11:14:33.876054+00:00,recovery_scenario,iperf_tcp,80,1,,ryu_controller,505534,0.0,58359808,619,25,644,7,69.6175
2026-04-25T11:14:33.976555+00:00,recovery_scenario,iperf_tcp,80,1,,twin_core,505541,0.0,66084864,615,73,688,0,0.0
2026-04-25T11:14:33.976555+00:00,recovery_scenario,iperf_tcp,80,1,,ryu_controller,505534,9.9,58359808,631,25,656,12,119.3127
2026-04-25T11:14:34.077366+00:00,recovery_scenario,iperf_tcp,80,1,,twin_core,505541,0.0,66084864,618,73,691,3,29.7859
2026-04-25T11:14:34.077366+00:00,recovery_scenario,iperf_tcp,80,1,,ryu_controller,505534,19.8,58363904,651,25,676,20,198.1555
2026-04-25T11:14:34.178078+00:00,recovery_scenario,iperf_tcp,80,1,,twin_core,505541,0.0,66084864,621,73,694,3,29.7908
2026-04-25T11:14:34.178078+00:00,recovery_scenario,iperf_tcp,80,1,,ryu_controller,505534,9.9,58363904,681,25,706,30,298.5599
2026-04-25T11:14:34.280024+00:00,recovery_scenario,iperf_tcp,80,1,,twin_core,505541,0.0,66084864,621,73,694,0,0.0
2026-04-25T11:14:34.280024+00:00,recovery_scenario,iperf_tcp,80,1,,ryu_controller,505534,0.0,58363904,692,25,717,11,107.7898
2026-04-25T11:14:34.400150+00:00,recovery_scenario,iperf_tcp,80,1,,twin_core,505541,0.0,66084864,630,73,703,9,74.6159
2026-04-25T11:14:34.400150+00:00,recovery_scenario,iperf_tcp,80,1,,ryu_controller,505534,58.0,58363904,704,25,729,12,99.4889
2026-04-25T11:14:34.501195+00:00,recovery_scenario,iperf_tcp,80,1,,twin_core,505541,0.0,66084864,633,73,706,3,29.8515
2026-04-25T11:14:34.501195+00:00,recovery_scenario,iperf_tcp,80,1,,ryu_controller,505534,19.9,58368000,724,25,749,20,199.0411
2026-04-25T11:14:34.601760+00:00,recovery_scenario,iperf_tcp,80,1,,twin_core,505541,0.0,66084864,635,73,708,2,19.8129
2026-04-25T11:14:34.601760+00:00,recovery_scenario,iperf_tcp,80,1,,ryu_controller,505534,9.9,58372096,753,25,778,29,286.5124
2026-04-25T11:14:34.702948+00:00,recovery_scenario,iperf_tcp,80,1,,twin_core,505541,0.0,66084864,638,73,711,3,29.7572
2026-04-25T11:14:34.702948+00:00,recovery_scenario,iperf_tcp,80,1,,ryu_controller,505534,9.9,58372096,764,25,789,11,109.4104
2026-04-25T11:14:34.805481+00:00,recovery_scenario,iperf_tcp,80,1,,twin_core,505541,0.0,66084864,641,73,714,3,29.2226
2026-04-25T11:14:34.805481+00:00,recovery_scenario,iperf_tcp,80,1,,ryu_controller,505534,9.7,58376192,778,25,803,14,136.354
2026-04-25T11:14:34.906115+00:00,recovery_scenario,iperf_tcp,80,1,,twin_core,505541,9.9,66084864,650,73,723,9,89.584
2026-04-25T11:14:34.906115+00:00,recovery_scenario,iperf_tcp,80,1,,ryu_controller,505534,0.0,58376192,791,25,816,13,128.6309
2026-04-25T11:14:35.008035+00:00,recovery_scenario,iperf_tcp,80,1,,twin_core,505541,0.0,66084864,656,73,729,6,58.8227
2026-04-25T11:14:35.008035+00:00,recovery_scenario,iperf_tcp,80,1,,ryu_controller,505534,9.8,58384384,805,25,830,14,138.0867
2026-04-25T11:14:35.108590+00:00,recovery_scenario,iperf_tcp,80,1,,twin_core,505541,0.0,66084864,656,73,729,0,0.0
2026-04-25T11:14:35.108590+00:00,recovery_scenario,iperf_tcp,80,1,,ryu_controller,505534,9.9,58384384,817,25,842,12,118.9211
2026-04-25T11:14:35.209541+00:00,recovery_scenario,iperf_tcp,80,1,,twin_core,505541,0.0,66084864,659,73,732,3,29.7529
2026-04-25T11:14:35.209541+00:00,recovery_scenario,iperf_tcp,80,1,,ryu_controller,505534,59.6,58609664,851,25,876,34,337.6302
2026-04-25T11:14:35.311506+00:00,recovery_scenario,iperf_tcp,80,1,,twin_core,505541,9.8,66084864,661,73,734,2,19.6078
2026-04-25T11:14:35.311506+00:00,recovery_scenario,iperf_tcp,80,1,,ryu_controller,505534,29.4,58769408,879,25,904,28,274.496
2026-04-25T11:14:35.414394+00:00,recovery_scenario,iperf_tcp,80,1,,twin_core,505541,0.0,66084864,670,73,743,9,87.2336
2026-04-25T11:14:35.414394+00:00,recovery_scenario,iperf_tcp,80,1,,ryu_controller,505534,0.0,58769408,883,25,908,4,38.77
2026-04-25T11:14:35.515376+00:00,recovery_scenario,iperf_tcp,80,1,,twin_core,505541,0.0,66084864,678,73,751,8,79.5552
2026-04-25T11:14:35.515376+00:00,recovery_scenario,iperf_tcp,80,1,,ryu_controller,505534,9.9,58769408,903,25,928,20,198.1978
2026-04-25T11:14:35.616331+00:00,recovery_scenario,iperf_tcp,80,1,,twin_core,505541,9.9,66084864,684,73,757,6,59.4556
2026-04-25T11:14:35.616331+00:00,recovery_scenario,iperf_tcp,80,1,,ryu_controller,505534,39.8,58777600,927,25,952,24,238.4522
2026-04-25T11:14:35.718219+00:00,recovery_scenario,iperf_tcp,80,1,,twin_core,505541,0.0,66187264,684,73,757,0,0.0
2026-04-25T11:14:35.718219+00:00,recovery_scenario,iperf_tcp,80,1,,ryu_controller,505534,49.1,58777600,963,25,988,36,353.581
2026-04-25T11:14:35.824998+00:00,recovery_scenario,iperf_tcp,80,1,,twin_core,505541,9.4,66187264,692,73,765,8,74.7248
2026-04-25T11:14:35.824998+00:00,recovery_scenario,iperf_tcp,80,1,,ryu_controller,505534,0.0,58777600,966,25,991,3,27.9888
2026-04-25T11:14:35.925960+00:00,recovery_scenario,iperf_tcp,80,1,,twin_core,505541,0.0,66187264,702,73,775,10,99.3064
2026-04-25T11:14:35.925960+00:00,recovery_scenario,iperf_tcp,80,1,,ryu_controller,505534,9.9,58777600,982,25,1007,16,159.101
2026-04-25T11:14:36.026471+00:00,recovery_scenario,iperf_tcp,80,1,,twin_core,505541,0.0,66187264,705,73,778,3,29.8233
2026-04-25T11:14:36.026471+00:00,recovery_scenario,iperf_tcp,80,1,,ryu_controller,505534,19.9,58777600,1006,25,1031,24,238.445
2026-04-25T11:14:36.128486+00:00,recovery_scenario,iperf_tcp,80,1,,twin_core,505541,0.0,66187264,705,73,778,0,0.0
2026-04-25T11:14:36.128486+00:00,recovery_scenario,iperf_tcp,80,1,,ryu_controller,505534,9.8,58777600,1019,25,1044,13,127.5417
2026-04-25T11:14:36.229989+00:00,recovery_scenario,iperf_tcp,80,1,,twin_core,505541,0.0,66187264,711,73,784,6,59.1447
2026-04-25T11:14:36.229989+00:00,recovery_scenario,iperf_tcp,80,1,,ryu_controller,505534,9.9,58777600,1028,25,1053,9,88.6994
2026-04-25T11:14:36.331680+00:00,recovery_scenario,iperf_tcp,80,1,,twin_core,505541,0.0,66187264,720,73,793,9,88.5318
2026-04-25T11:14:36.331680+00:00,recovery_scenario,iperf_tcp,80,1,,ryu_controller,505534,0.0,58777600,1032,25,1057,4,39.3437
2026-04-25T11:14:36.432203+00:00,recovery_scenario,iperf_tcp,80,1,,twin_core,505541,0.0,66187264,726,73,799,6,59.6398
2026-04-25T11:14:36.432203+00:00,recovery_scenario,iperf_tcp,80,1,,ryu_controller,505534,19.9,58777600,1051,25,1076,19,188.6233
2026-04-25T11:14:36.535006+00:00,recovery_scenario,iperf_tcp,80,1,,twin_core,505541,0.0,66187264,726,73,799,0,0.0
2026-04-25T11:14:36.535006+00:00,recovery_scenario,iperf_tcp,80,1,,ryu_controller,505534,9.7,58777600,1071,25,1096,20,194.9949
2026-04-25T11:14:36.635502+00:00,recovery_scenario,iperf_tcp,80,1,,twin_core,505541,0.0,66187264,732,73,805,6,59.5004
2026-04-25T11:14:36.635502+00:00,recovery_scenario,iperf_tcp,80,1,,ryu_controller,505534,19.8,58781696,1100,25,1125,29,286.6839
2026-04-25T11:14:36.738428+00:00,recovery_scenario,iperf_tcp,80,1,,twin_core,505541,9.7,66187264,738,73,811,6,57.5823
2026-04-25T11:14:36.738428+00:00,recovery_scenario,iperf_tcp,80,1,,ryu_controller,505534,28.8,58781696,1123,25,1148,23,220.8967
2026-04-25T11:14:36.840994+00:00,recovery_scenario,iperf_tcp,80,1,,twin_core,505541,0.0,66187264,746,73,819,8,79.1226
2026-04-25T11:14:36.840994+00:00,recovery_scenario,iperf_tcp,80,1,,ryu_controller,505534,9.9,58781696,1140,25,1165,17,168.4251
2026-04-25T11:14:36.941738+00:00,recovery_scenario,iperf_tcp,80,1,,twin_core,505541,0.0,66187264,746,73,819,0,0.0
2026-04-25T11:14:36.941738+00:00,recovery_scenario,iperf_tcp,80,1,,ryu_controller,505534,9.9,58781696,1144,25,1169,4,39.771
2026-04-25T11:14:37.044849+00:00,recovery_scenario,iperf_tcp,80,1,,twin_core,505541,0.0,66187264,749,73,822,3,29.0983
2026-04-25T11:14:37.044849+00:00,recovery_scenario,iperf_tcp,80,1,,ryu_controller,505534,0.0,58781696,1156,25,1181,12,116.4045
2026-04-25T11:14:37.145392+00:00,recovery_scenario,iperf_tcp,80,1,,twin_core,505541,0.0,66187264,758,73,831,9,89.5665
2026-04-25T11:14:37.145392+00:00,recovery_scenario,iperf_tcp,80,1,,ryu_controller,505534,29.8,58781696,1176,26,1202,21,208.6117
2026-04-25T11:14:37.246037+00:00,recovery_scenario,iperf_tcp,80,1,,twin_core,505541,0.0,66187264,761,73,834,3,29.802
2026-04-25T11:14:37.246037+00:00,recovery_scenario,iperf_tcp,80,1,,ryu_controller,505534,0.0,58781696,1183,26,1209,7,69.6796
2026-04-25T11:14:37.346475+00:00,recovery_scenario,iperf_tcp,80,1,,twin_core,505541,0.0,66187264,764,73,837,3,29.879
2026-04-25T11:14:37.346475+00:00,recovery_scenario,iperf_tcp,80,1,,ryu_controller,505534,89.6,58806272,1218,26,1244,35,348.494
2026-04-25T11:14:37.453613+00:00,recovery_scenario,iperf_tcp,80,1,,twin_core,505541,0.0,66187264,767,73,840,3,27.9738
2026-04-25T11:14:37.453613+00:00,recovery_scenario,iperf_tcp,80,1,,ryu_controller,505534,9.3,58806272,1233,26,1259,15,139.833
2026-04-25T11:14:37.458899+00:00,recovery_scenario,iperf_tcp,80,1,pingall_completed,,,,,,,,,
2026-04-25T11:14:37.554179+00:00,recovery_scenario,iperf_tcp,80,1,,twin_core,505541,10.0,66191360,779,73,852,12,119.4397
2026-04-25T11:14:37.554179+00:00,recovery_scenario,iperf_tcp,80,1,,ryu_controller,505534,10.0,58806272,1237,26,1263,4,39.8278
2026-04-25T11:14:37.654609+00:00,recovery_scenario,iperf_tcp,80,1,,twin_core,505541,0.0,66191360,779,73,852,0,0.0
2026-04-25T11:14:37.654609+00:00,recovery_scenario,iperf_tcp,80,1,,ryu_controller,505534,0.0,58806272,1248,26,1274,11,109.3464
2026-04-25T11:14:37.755792+00:00,recovery_scenario,iperf_tcp,80,1,,twin_core,505541,9.9,66203648,779,73,852,0,0.0
2026-04-25T11:14:37.755792+00:00,recovery_scenario,iperf_tcp,80,1,,ryu_controller,505534,79.2,58810368,1295,26,1321,47,465.4104
2026-04-25T11:14:37.864566+00:00,recovery_scenario,iperf_tcp,80,1,,twin_core,505541,9.2,66273280,779,73,852,0,0.0
2026-04-25T11:14:37.864566+00:00,recovery_scenario,iperf_tcp,80,1,,ryu_controller,505534,9.2,58810368,1304,26,1330,9,82.575
2026-04-25T11:14:37.968970+00:00,recovery_scenario,iperf_tcp,80,1,,twin_core,505541,0.0,66273280,779,73,852,0,0.0
2026-04-25T11:14:37.968970+00:00,recovery_scenario,iperf_tcp,80,1,,ryu_controller,505534,0.0,58810368,1307,26,1333,3,28.6876
2026-04-25T11:14:38.073242+00:00,recovery_scenario,iperf_tcp,80,1,,twin_core,505541,0.0,66273280,779,73,852,0,0.0
2026-04-25T11:14:38.073242+00:00,recovery_scenario,iperf_tcp,80,1,,ryu_controller,505534,0.0,58810368,1311,26,1337,4,38.3729
2026-04-25T11:14:38.180147+00:00,recovery_scenario,iperf_tcp,80,1,,twin_core,505541,0.0,66273280,779,73,852,0,0.0
2026-04-25T11:14:38.180147+00:00,recovery_scenario,iperf_tcp,80,1,,ryu_controller,505534,0.0,58810368,1314,26,1340,3,28.0702
2026-04-25T11:14:38.286600+00:00,recovery_scenario,iperf_tcp,80,1,,twin_core,505541,0.0,66273280,779,73,852,0,0.0
2026-04-25T11:14:38.286600+00:00,recovery_scenario,iperf_tcp,80,1,,ryu_controller,505534,0.0,58810368,1318,26,1344,4,37.5204
2026-04-25T11:14:38.397068+00:00,recovery_scenario,iperf_tcp,80,1,,twin_core,505541,0.0,66273280,779,73,852,0,0.0
2026-04-25T11:14:38.397068+00:00,recovery_scenario,iperf_tcp,80,1,,ryu_controller,505534,9.0,58810368,1336,26,1362,18,162.8582
2026-04-25T11:14:38.498138+00:00,recovery_scenario,iperf_tcp,80,1,,twin_core,505541,0.0,66277376,784,73,857,5,49.5332
2026-04-25T11:14:38.498138+00:00,recovery_scenario,iperf_tcp,80,1,,ryu_controller,505534,0.0,58810368,1339,26,1365,3,29.703
2026-04-25T11:14:38.599902+00:00,recovery_scenario,iperf_tcp,80,1,,twin_core,505541,0.0,66277376,784,73,857,0,0.0
2026-04-25T11:14:38.599902+00:00,recovery_scenario,iperf_tcp,80,1,,ryu_controller,505534,0.0,58810368,1342,26,1368,3,29.5649
2026-04-25T11:14:38.700564+00:00,recovery_scenario,iperf_tcp,80,1,,twin_core,505541,0.0,66277376,784,73,857,0,0.0
2026-04-25T11:14:38.700564+00:00,recovery_scenario,iperf_tcp,80,1,,ryu_controller,505534,0.0,58810368,1351,26,1377,9,89.3163
2026-04-25T11:14:38.801214+00:00,recovery_scenario,iperf_tcp,80,1,,twin_core,505541,0.0,66277376,784,73,857,0,0.0
2026-04-25T11:14:38.801214+00:00,recovery_scenario,iperf_tcp,80,1,,ryu_controller,505534,9.9,58810368,1371,27,1398,21,208.4332
2026-04-25T11:14:38.902137+00:00,recovery_scenario,iperf_tcp,80,1,,twin_core,505541,0.0,66277376,784,73,857,0,0.0
2026-04-25T11:14:38.902137+00:00,recovery_scenario,iperf_tcp,80,1,,ryu_controller,505534,0.0,58810368,1375,29,1404,6,59.5949
2026-04-25T11:14:39.002903+00:00,recovery_scenario,iperf_tcp,80,1,,twin_core,505541,0.0,66277376,784,73,857,0,0.0
2026-04-25T11:14:39.002903+00:00,recovery_scenario,iperf_tcp,80,1,,ryu_controller,505534,0.0,58810368,1378,31,1409,5,49.6534
2026-04-25T11:14:39.103414+00:00,recovery_scenario,iperf_tcp,80,1,,twin_core,505541,9.9,66277376,784,73,857,0,0.0
2026-04-25T11:14:39.103414+00:00,recovery_scenario,iperf_tcp,80,1,,ryu_controller,505534,0.0,58810368,1382,32,1414,5,49.6395
2026-04-25T11:14:39.204188+00:00,recovery_scenario,iperf_tcp,80,1,,twin_core,505541,0.0,66277376,784,73,857,0,0.0
2026-04-25T11:14:39.204188+00:00,recovery_scenario,iperf_tcp,80,1,,ryu_controller,505534,0.0,58810368,1385,33,1418,4,39.7579
2026-04-25T11:14:39.304760+00:00,recovery_scenario,iperf_tcp,80,1,,twin_core,505541,0.0,66277376,784,73,857,0,0.0
2026-04-25T11:14:39.304760+00:00,recovery_scenario,iperf_tcp,80,1,,ryu_controller,505534,9.9,58810368,1390,33,1423,5,49.6998
2026-04-25T11:14:39.405329+00:00,recovery_scenario,iperf_tcp,80,1,,twin_core,505541,0.0,66277376,784,73,857,0,0.0
2026-04-25T11:14:39.405329+00:00,recovery_scenario,iperf_tcp,80,1,,ryu_controller,505534,19.8,58810368,1407,64,1471,48,475.7853
2026-04-25T11:14:39.482016+00:00,recovery_scenario,iperf_tcp,80,1,background_traffic_started,,,,,,,,,
2026-04-25T11:14:39.506275+00:00,recovery_scenario,iperf_tcp,80,1,,twin_core,505541,0.0,66289664,789,95,884,27,264.5351
2026-04-25T11:14:39.506275+00:00,recovery_scenario,iperf_tcp,80,1,,ryu_controller,505534,78.5,58843136,1428,292,1720,249,2442.2297
2026-04-25T11:14:39.610605+00:00,recovery_scenario,iperf_tcp,80,1,fault_injected,,,,,,,,,
2026-04-25T11:14:39.610891+00:00,recovery_scenario,iperf_tcp,80,1,,twin_core,505541,28.7,66420736,815,168,983,99,952.7097
2026-04-25T11:14:39.610891+00:00,recovery_scenario,iperf_tcp,80,1,,ryu_controller,505534,76.3,58867712,1462,335,1797,77,735.2844
2026-04-25T11:14:39.712920+00:00,recovery_scenario,iperf_tcp,80,1,,twin_core,505541,0.0,66445312,817,168,985,2,19.6197
2026-04-25T11:14:39.712920+00:00,recovery_scenario,iperf_tcp,80,1,,ryu_controller,505534,69.4,59154432,1465,752,2217,420,4165.7603
2026-04-25T11:14:39.813780+00:00,recovery_scenario,iperf_tcp,80,1,,twin_core,505541,0.0,66445312,817,168,985,0,0.0
2026-04-25T11:14:39.813780+00:00,recovery_scenario,iperf_tcp,80,1,,ryu_controller,505534,99.3,59158528,1465,994,2459,242,2404.7704
2026-04-25T11:14:39.914336+00:00,recovery_scenario,iperf_tcp,80,1,,twin_core,505541,9.9,66445312,817,168,985,0,0.0
2026-04-25T11:14:39.914336+00:00,recovery_scenario,iperf_tcp,80,1,,ryu_controller,505534,99.0,59314176,1465,997,2462,3,29.6715
2026-04-25T11:14:40.016954+00:00,recovery_scenario,iperf_tcp,80,1,,twin_core,505541,0.0,66445312,817,168,985,0,0.0
2026-04-25T11:14:40.016954+00:00,recovery_scenario,iperf_tcp,80,1,,ryu_controller,505534,88.2,59330560,1465,998,2463,1,9.8052
2026-04-25T11:14:40.117502+00:00,recovery_scenario,iperf_tcp,80,1,,twin_core,505541,9.9,66445312,817,168,985,0,0.0
2026-04-25T11:14:40.117502+00:00,recovery_scenario,iperf_tcp,80,1,,ryu_controller,505534,99.3,59330560,1465,1001,2466,3,29.7855
2026-04-25T11:14:40.219298+00:00,recovery_scenario,iperf_tcp,80,1,,twin_core,505541,0.0,66445312,818,168,986,1,9.8376
2026-04-25T11:14:40.219298+00:00,recovery_scenario,iperf_tcp,80,1,,ryu_controller,505534,108.1,59330560,1465,1006,2471,5,49.1224
2026-04-25T11:14:40.319944+00:00,recovery_scenario,iperf_tcp,80,1,,twin_core,505541,0.0,66445312,818,168,986,0,0.0
2026-04-25T11:14:40.319944+00:00,recovery_scenario,iperf_tcp,80,1,,ryu_controller,505534,89.5,59330560,1465,1007,2472,1,9.9476
2026-04-25T11:14:40.420543+00:00,recovery_scenario,iperf_tcp,80,1,,twin_core,505541,0.0,66445312,818,168,986,0,0.0
2026-04-25T11:14:40.420543+00:00,recovery_scenario,iperf_tcp,80,1,,ryu_controller,505534,99.3,59330560,1465,1010,2475,3,29.7953
2026-04-25T11:14:40.521118+00:00,recovery_scenario,iperf_tcp,80,1,,twin_core,505541,0.0,66445312,818,168,986,0,0.0
2026-04-25T11:14:40.521118+00:00,recovery_scenario,iperf_tcp,80,1,,ryu_controller,505534,109.3,59330560,1465,1011,2476,1,9.9393
2026-04-25T11:14:40.622779+00:00,recovery_scenario,iperf_tcp,80,1,,twin_core,505541,0.0,66445312,821,168,989,3,29.5768
2026-04-25T11:14:40.622779+00:00,recovery_scenario,iperf_tcp,80,1,,ryu_controller,505534,88.7,59330560,1469,1011,2480,4,39.4187
2026-04-25T11:14:40.723321+00:00,recovery_scenario,iperf_tcp,80,1,,twin_core,505541,19.9,66478080,822,168,990,1,9.9156
2026-04-25T11:14:40.723321+00:00,recovery_scenario,iperf_tcp,80,1,,ryu_controller,505534,49.6,59334656,1500,1016,2516,36,356.6669
2026-04-25T11:14:40.824565+00:00,recovery_scenario,iperf_tcp,80,1,,twin_core,505541,0.0,66478080,822,168,990,0,0.0
2026-04-25T11:14:40.824565+00:00,recovery_scenario,iperf_tcp,80,1,,ryu_controller,505534,19.6,59334656,1510,1016,2526,10,98.193
2026-04-25T11:14:40.926458+00:00,recovery_scenario,iperf_tcp,80,1,,twin_core,505541,0.0,66478080,822,168,990,0,0.0
2026-04-25T11:14:40.926458+00:00,recovery_scenario,iperf_tcp,80,1,,ryu_controller,505534,0.0,59334656,1534,1016,2550,24,237.5213
2026-04-25T11:14:41.027150+00:00,recovery_scenario,iperf_tcp,80,1,,twin_core,505541,0.0,66478080,822,168,990,0,0.0
2026-04-25T11:14:41.027150+00:00,recovery_scenario,iperf_tcp,80,1,,ryu_controller,505534,9.8,59334656,1559,1016,2575,25,245.9621
2026-04-25T11:14:41.131122+00:00,recovery_scenario,iperf_tcp,80,1,,twin_core,505541,9.6,66478080,826,168,994,4,38.5776
2026-04-25T11:14:41.131122+00:00,recovery_scenario,iperf_tcp,80,1,,ryu_controller,505534,9.7,59334656,1577,1017,2594,19,183.7906
2026-04-25T11:14:41.232162+00:00,recovery_scenario,iperf_tcp,80,1,,twin_core,505541,9.9,66482176,845,168,1013,19,187.8206
2026-04-25T11:14:41.232162+00:00,recovery_scenario,iperf_tcp,80,1,,ryu_controller,505534,79.1,59342848,1609,1018,2627,33,326.1684
2026-04-25T11:14:41.255882+00:00,recovery_scenario,iperf_tcp,80,1,recovery_requested,,,,,,,,,
2026-04-25T11:14:41.333452+00:00,recovery_scenario,iperf_tcp,80,1,,twin_core,505541,9.9,66494464,854,168,1022,9,89.0907
2026-04-25T11:14:41.333452+00:00,recovery_scenario,iperf_tcp,80,1,,ryu_controller,505534,19.8,59342848,1635,1022,2657,30,296.6214
2026-04-25T11:14:41.434543+00:00,recovery_scenario,iperf_tcp,80,1,,twin_core,505541,0.0,66494464,854,168,1022,0,0.0
2026-04-25T11:14:41.434543+00:00,recovery_scenario,iperf_tcp,80,1,,ryu_controller,505534,29.3,59342848,1656,1025,2681,24,234.9896
2026-04-25T11:14:41.536516+00:00,recovery_scenario,iperf_tcp,80,1,,twin_core,505541,0.0,66494464,854,168,1022,0,0.0
2026-04-25T11:14:41.536516+00:00,recovery_scenario,iperf_tcp,80,1,,ryu_controller,505534,39.8,59342848,1686,1025,2711,30,298.395
2026-04-25T11:14:41.637301+00:00,recovery_scenario,iperf_tcp,80,1,,twin_core,505541,0.0,66494464,854,168,1022,0,0.0
2026-04-25T11:14:41.637301+00:00,recovery_scenario,iperf_tcp,80,1,,ryu_controller,505534,99.3,59342848,1687,1026,2713,2,19.8335
2026-04-25T11:14:41.737892+00:00,recovery_scenario,iperf_tcp,80,1,,twin_core,505541,0.0,66494464,854,168,1022,0,0.0
2026-04-25T11:14:41.737892+00:00,recovery_scenario,iperf_tcp,80,1,,ryu_controller,505534,99.4,59363328,1687,1030,2717,4,39.7522
2026-04-25T11:14:41.840797+00:00,recovery_scenario,iperf_tcp,80,1,,twin_core,505541,0.0,66498560,855,168,1023,1,9.6772
2026-04-25T11:14:41.840797+00:00,recovery_scenario,iperf_tcp,80,1,,ryu_controller,505534,96.5,59363328,1687,1032,2719,2,19.285
2026-04-25T11:14:41.942559+00:00,recovery_scenario,iperf_tcp,80,1,,twin_core,505541,0.0,66498560,855,168,1023,0,0.0
2026-04-25T11:14:41.942559+00:00,recovery_scenario,iperf_tcp,80,1,,ryu_controller,505534,99.0,59363328,1687,1033,2720,1,9.9115
2026-04-25T11:14:42.043240+00:00,recovery_scenario,iperf_tcp,80,1,,twin_core,505541,0.0,66498560,855,168,1023,0,0.0
2026-04-25T11:14:42.043240+00:00,recovery_scenario,iperf_tcp,80,1,,ryu_controller,505534,109.4,59363328,1687,1035,2722,2,19.8832
2026-04-25T11:14:42.143782+00:00,recovery_scenario,iperf_tcp,80,1,,twin_core,505541,0.0,66498560,855,168,1023,0,0.0
2026-04-25T11:14:42.143782+00:00,recovery_scenario,iperf_tcp,80,1,,ryu_controller,505534,89.5,59363328,1687,1037,2724,2,19.8925
2026-04-25T11:14:42.244250+00:00,recovery_scenario,iperf_tcp,80,1,,twin_core,505541,0.0,66498560,855,168,1023,0,0.0
2026-04-25T11:14:42.244250+00:00,recovery_scenario,iperf_tcp,80,1,,ryu_controller,505534,99.5,59363328,1687,1038,2725,1,9.957
2026-04-25T11:14:42.344895+00:00,recovery_scenario,iperf_tcp,80,1,,twin_core,505541,9.9,66498560,856,168,1024,1,9.9304
2026-04-25T11:14:42.344895+00:00,recovery_scenario,iperf_tcp,80,1,,ryu_controller,505534,99.3,59363328,1687,1043,2730,5,49.6364
2026-04-25T11:14:42.446389+00:00,recovery_scenario,iperf_tcp,80,1,,twin_core,505541,9.8,66498560,856,168,1024,0,0.0
2026-04-25T11:14:42.446389+00:00,recovery_scenario,iperf_tcp,80,1,,ryu_controller,505534,108.2,59363328,1687,1044,2731,1,9.825
2026-04-25T11:14:42.547281+00:00,recovery_scenario,iperf_tcp,80,1,,twin_core,505541,0.0,66498560,856,168,1024,0,0.0
2026-04-25T11:14:42.547281+00:00,recovery_scenario,iperf_tcp,80,1,,ryu_controller,505534,99.1,59363328,1687,1045,2732,1,9.9196
2026-04-25T11:14:42.647989+00:00,recovery_scenario,iperf_tcp,80,1,,twin_core,505541,0.0,66498560,856,168,1024,0,0.0
2026-04-25T11:14:42.647989+00:00,recovery_scenario,iperf_tcp,80,1,,ryu_controller,505534,98.3,59367424,1687,1045,2732,0,0.0
2026-04-25T11:14:42.750074+00:00,recovery_scenario,iperf_tcp,80,1,,twin_core,505541,0.0,66498560,856,168,1024,0,0.0
2026-04-25T11:14:42.750074+00:00,recovery_scenario,iperf_tcp,80,1,,ryu_controller,505534,98.8,59412480,1687,1046,2733,1,9.8999
2026-04-25T11:14:42.851077+00:00,recovery_scenario,iperf_tcp,80,1,,twin_core,505541,0.0,66498560,857,168,1025,1,9.8919
2026-04-25T11:14:42.851077+00:00,recovery_scenario,iperf_tcp,80,1,,ryu_controller,505534,99.1,59412480,1687,1048,2735,2,19.7695
2026-04-25T11:14:42.952197+00:00,recovery_scenario,iperf_tcp,80,1,,twin_core,505541,9.9,66498560,857,168,1025,0,0.0
2026-04-25T11:14:42.952197+00:00,recovery_scenario,iperf_tcp,80,1,,ryu_controller,505534,99.1,59416576,1693,1051,2744,9,89.4499
2026-04-25T11:14:43.052903+00:00,recovery_scenario,iperf_tcp,80,1,,twin_core,505541,9.9,66514944,857,168,1025,0,0.0
2026-04-25T11:14:43.052903+00:00,recovery_scenario,iperf_tcp,80,1,,ryu_controller,505534,39.7,59416576,1712,1054,2766,22,218.118
2026-04-25T11:14:43.153598+00:00,recovery_scenario,iperf_tcp,80,1,,twin_core,505541,0.0,66514944,857,168,1025,0,0.0
2026-04-25T11:14:43.153598+00:00,recovery_scenario,iperf_tcp,80,1,,ryu_controller,505534,0.0,59416576,1718,1054,2772,6,59.2044
2026-04-25T11:14:43.255411+00:00,recovery_scenario,iperf_tcp,80,1,,twin_core,505541,0.0,66514944,857,168,1025,0,0.0
2026-04-25T11:14:43.255411+00:00,recovery_scenario,iperf_tcp,80,1,,ryu_controller,505534,9.9,59416576,1722,1054,2776,4,39.5752
2026-04-25T11:14:43.356292+00:00,recovery_scenario,iperf_tcp,80,1,,twin_core,505541,19.8,66514944,880,169,1049,24,238.1491
2026-04-25T11:14:43.356292+00:00,recovery_scenario,iperf_tcp,80,1,,ryu_controller,505534,68.9,59416576,1758,1057,2815,39,382.7165
2026-04-25T11:14:43.376820+00:00,recovery_scenario,iperf_tcp,80,1,scenario_teardown,,,,,,,,,
2026-04-25T11:14:43.458099+00:00,recovery_scenario,iperf_tcp,80,1,,twin_core,505541,19.6,66519040,903,169,1072,23,224.0844
2026-04-25T11:14:43.458099+00:00,recovery_scenario,iperf_tcp,80,1,,ryu_controller,505534,9.8,59416576,1776,1060,2836,21,206.2896
2026-04-25T11:14:43.559843+00:00,recovery_scenario,iperf_tcp,80,1,,twin_core,505541,0.0,66519040,921,169,1090,18,178.4246
2026-04-25T11:14:43.559843+00:00,recovery_scenario,iperf_tcp,80,1,,ryu_controller,505534,9.9,59416576,1782,1063,2845,9,89.4788
2026-04-25T11:14:43.660292+00:00,recovery_scenario,iperf_tcp,80,1,,twin_core,505541,0.0,66523136,940,169,1109,19,189.0832
2026-04-25T11:14:43.660292+00:00,recovery_scenario,iperf_tcp,80,1,,ryu_controller,505534,29.9,59416576,1787,1069,2856,11,109.3495
2026-04-25T11:14:43.760999+00:00,recovery_scenario,iperf_tcp,80,1,,twin_core,505541,0.0,66523136,940,169,1109,0,0.0
2026-04-25T11:14:43.760999+00:00,recovery_scenario,iperf_tcp,80,1,,ryu_controller,505534,0.0,59416576,1792,1071,2863,7,69.5706
2026-04-25T11:14:47.099921+00:00,recovery_scenario,iperf_tcp,10,1,,twin_core,506595,0.0,65179648,386,54,440,0,0.0
2026-04-25T11:14:47.099921+00:00,recovery_scenario,iperf_tcp,10,1,,ryu_controller,506588,0.0,57643008,6,7,13,0,0.0
2026-04-25T11:14:47.201825+00:00,recovery_scenario,iperf_tcp,10,1,,twin_core,506595,0.0,65228800,389,54,443,3,29.3526
2026-04-25T11:14:47.201825+00:00,recovery_scenario,iperf_tcp,10,1,,ryu_controller,506588,0.0,57643008,6,7,13,0,0.0
2026-04-25T11:14:47.302815+00:00,recovery_scenario,iperf_tcp,10,1,,twin_core,506595,9.9,65228800,445,55,500,57,566.2427
2026-04-25T11:14:47.302815+00:00,recovery_scenario,iperf_tcp,10,1,,ryu_controller,506588,59.7,58003456,25,23,48,35,348.225
2026-04-25T11:14:47.403391+00:00,recovery_scenario,iperf_tcp,10,1,,twin_core,506595,9.9,65232896,532,56,588,88,874.68
2026-04-25T11:14:47.403391+00:00,recovery_scenario,iperf_tcp,10,1,,ryu_controller,506588,29.8,58011648,50,25,75,27,267.8533
2026-04-25T11:14:47.462291+00:00,recovery_scenario,iperf_tcp,10,1,service_started,,,,,,,,,
2026-04-25T11:14:47.504031+00:00,recovery_scenario,iperf_tcp,10,1,,twin_core,506595,9.9,65892352,599,56,655,67,665.9989
2026-04-25T11:14:47.504031+00:00,recovery_scenario,iperf_tcp,10,1,,ryu_controller,506588,29.9,58114048,77,25,102,27,268.914
2026-04-25T11:14:47.604444+00:00,recovery_scenario,iperf_tcp,10,1,,twin_core,506595,10.0,66027520,600,56,656,1,9.9462
2026-04-25T11:14:47.604444+00:00,recovery_scenario,iperf_tcp,10,1,,ryu_controller,506588,9.9,58114048,91,25,116,14,139.1667
2026-04-25T11:14:47.705032+00:00,recovery_scenario,iperf_tcp,10,1,,twin_core,506595,0.0,66031616,600,56,656,0,0.0
2026-04-25T11:14:47.705032+00:00,recovery_scenario,iperf_tcp,10,1,,ryu_controller,506588,29.9,58126336,133,25,158,42,418.147
2026-04-25T11:14:47.805460+00:00,recovery_scenario,iperf_tcp,10,1,,twin_core,506595,0.0,66031616,600,56,656,0,0.0
2026-04-25T11:14:47.805460+00:00,recovery_scenario,iperf_tcp,10,1,,ryu_controller,506588,29.9,58126336,166,25,191,33,328.5959
2026-04-25T11:14:47.905934+00:00,recovery_scenario,iperf_tcp,10,1,,twin_core,506595,9.9,66031616,600,56,656,0,0.0
2026-04-25T11:14:47.905934+00:00,recovery_scenario,iperf_tcp,10,1,,ryu_controller,506588,19.9,58130432,191,25,216,25,246.7591
2026-04-25T11:14:48.009386+00:00,recovery_scenario,iperf_tcp,10,1,,twin_core,506595,0.0,66031616,600,56,656,0,0.0
2026-04-25T11:14:48.009386+00:00,recovery_scenario,iperf_tcp,10,1,,ryu_controller,506588,0.0,58130432,199,25,224,8,77.8346
2026-04-25T11:14:48.110011+00:00,recovery_scenario,iperf_tcp,10,1,,twin_core,506595,0.0,66031616,600,56,656,0,0.0
2026-04-25T11:14:48.110011+00:00,recovery_scenario,iperf_tcp,10,1,,ryu_controller,506588,9.9,58138624,211,25,236,12,119.3363
2026-04-25T11:14:48.214028+00:00,recovery_scenario,iperf_tcp,10,1,,twin_core,506595,0.0,66031616,600,56,656,0,0.0
2026-04-25T11:14:48.214028+00:00,recovery_scenario,iperf_tcp,10,1,,ryu_controller,506588,19.2,58146816,236,25,261,25,240.3893
2026-04-25T11:14:48.314587+00:00,recovery_scenario,iperf_tcp,10,1,,twin_core,506595,0.0,66031616,600,56,656,0,0.0
2026-04-25T11:14:48.314587+00:00,recovery_scenario,iperf_tcp,10,1,,ryu_controller,506588,19.9,58155008,261,25,286,25,248.6782
2026-04-25T11:14:48.415147+00:00,recovery_scenario,iperf_tcp,10,1,,twin_core,506595,0.0,66031616,600,56,656,0,0.0
2026-04-25T11:14:48.415147+00:00,recovery_scenario,iperf_tcp,10,1,,ryu_controller,506588,29.9,58163200,286,25,311,25,248.7538
2026-04-25T11:14:48.515620+00:00,recovery_scenario,iperf_tcp,10,1,,twin_core,506595,0.0,66031616,600,56,656,0,0.0
2026-04-25T11:14:48.515620+00:00,recovery_scenario,iperf_tcp,10,1,,ryu_controller,506588,19.9,58171392,322,25,347,36,357.9995
2026-04-25T11:14:48.616156+00:00,recovery_scenario,iperf_tcp,10,1,,twin_core,506595,0.0,66031616,600,56,656,0,0.0
2026-04-25T11:14:48.616156+00:00,recovery_scenario,iperf_tcp,10,1,,ryu_controller,506588,19.9,58175488,341,25,366,19,189.0167
2026-04-25T11:14:48.716736+00:00,recovery_scenario,iperf_tcp,10,1,,twin_core,506595,0.0,66031616,600,56,656,0,0.0
2026-04-25T11:14:48.716736+00:00,recovery_scenario,iperf_tcp,10,1,,ryu_controller,506588,9.9,58183680,361,25,386,20,198.9018
2026-04-25T11:14:48.817224+00:00,recovery_scenario,iperf_tcp,10,1,,twin_core,506595,0.0,66031616,600,56,656,0,0.0
2026-04-25T11:14:48.817224+00:00,recovery_scenario,iperf_tcp,10,1,,ryu_controller,506588,29.9,58195968,388,26,414,28,278.6675
2026-04-25T11:14:48.917707+00:00,recovery_scenario,iperf_tcp,10,1,,twin_core,506595,0.0,66031616,600,56,656,0,0.0
2026-04-25T11:14:48.917707+00:00,recovery_scenario,iperf_tcp,10,1,,ryu_controller,506588,19.9,58200064,409,26,435,21,208.939
2026-04-25T11:14:49.018260+00:00,recovery_scenario,iperf_tcp,10,1,,twin_core,506595,0.0,66031616,600,56,656,0,0.0
2026-04-25T11:14:49.018260+00:00,recovery_scenario,iperf_tcp,10,1,,ryu_controller,506588,29.9,58257408,436,26,462,27,268.7202
2026-04-25T11:14:49.120081+00:00,recovery_scenario,iperf_tcp,10,1,,twin_core,506595,0.0,66031616,600,56,656,0,0.0
2026-04-25T11:14:49.120081+00:00,recovery_scenario,iperf_tcp,10,1,,ryu_controller,506588,39.3,58327040,493,26,519,57,559.8412
2026-04-25T11:14:49.221441+00:00,recovery_scenario,iperf_tcp,10,1,,twin_core,506595,0.0,66031616,600,56,656,0,0.0
2026-04-25T11:14:49.221441+00:00,recovery_scenario,iperf_tcp,10,1,,ryu_controller,506588,9.9,58327040,513,26,539,20,197.0109
2026-04-25T11:14:49.323790+00:00,recovery_scenario,iperf_tcp,10,1,,twin_core,506595,0.0,66031616,600,56,656,0,0.0
2026-04-25T11:14:49.323790+00:00,recovery_scenario,iperf_tcp,10,1,,ryu_controller,506588,0.0,58327040,524,26,550,11,107.5275
2026-04-25T11:14:49.427004+00:00,recovery_scenario,iperf_tcp,10,1,,twin_core,506595,0.0,66031616,600,56,656,0,0.0
2026-04-25T11:14:49.427004+00:00,recovery_scenario,iperf_tcp,10,1,,ryu_controller,506588,9.7,58327040,529,26,555,5,48.4457
2026-04-25T11:14:49.527502+00:00,recovery_scenario,iperf_tcp,10,1,,twin_core,506595,10.0,66031616,600,56,656,0,0.0
2026-04-25T11:14:49.527502+00:00,recovery_scenario,iperf_tcp,10,1,,ryu_controller,506588,10.0,58339328,541,26,567,12,119.4938
2026-04-25T11:14:49.627936+00:00,recovery_scenario,iperf_tcp,10,1,,twin_core,506595,0.0,66084864,605,56,661,5,49.7764
2026-04-25T11:14:49.627936+00:00,recovery_scenario,iperf_tcp,10,1,,ryu_controller,506588,49.8,58368000,590,26,616,49,487.8285
2026-04-25T11:14:49.728409+00:00,recovery_scenario,iperf_tcp,10,1,,twin_core,506595,10.0,66084864,611,56,667,6,59.5466
2026-04-25T11:14:49.728409+00:00,recovery_scenario,iperf_tcp,10,1,,ryu_controller,506588,9.9,58372096,612,26,638,22,218.0257
2026-04-25T11:14:49.829293+00:00,recovery_scenario,iperf_tcp,10,1,,twin_core,506595,0.0,66084864,612,56,668,1,9.9408
2026-04-25T11:14:49.829293+00:00,recovery_scenario,iperf_tcp,10,1,,ryu_controller,506588,29.9,58376192,637,26,663,25,248.8594
2026-04-25T11:14:49.929863+00:00,recovery_scenario,iperf_tcp,10,1,,twin_core,506595,0.0,66084864,615,56,671,3,29.795
2026-04-25T11:14:49.929863+00:00,recovery_scenario,iperf_tcp,10,1,,ryu_controller,506588,9.9,58376192,649,26,675,12,119.154
2026-04-25T11:14:50.030497+00:00,recovery_scenario,iperf_tcp,10,1,,twin_core,506595,0.0,66084864,618,56,674,3,29.8254
2026-04-25T11:14:50.030497+00:00,recovery_scenario,iperf_tcp,10,1,,ryu_controller,506588,0.0,58376192,665,26,691,16,159.0823
2026-04-25T11:14:50.134600+00:00,recovery_scenario,iperf_tcp,10,1,,twin_core,506595,0.0,66084864,619,56,675,1,9.5914
2026-04-25T11:14:50.134600+00:00,recovery_scenario,iperf_tcp,10,1,,ryu_controller,506588,9.6,58376192,685,26,711,20,191.7556
2026-04-25T11:14:50.235373+00:00,recovery_scenario,iperf_tcp,10,1,,twin_core,506595,0.0,66084864,623,56,679,4,39.7814
2026-04-25T11:14:50.235373+00:00,recovery_scenario,iperf_tcp,10,1,,ryu_controller,506588,9.9,58376192,699,26,725,14,139.016
2026-04-25T11:14:50.336068+00:00,recovery_scenario,iperf_tcp,10,1,,twin_core,506595,0.0,66084864,632,56,688,9,89.3813
2026-04-25T11:14:50.336068+00:00,recovery_scenario,iperf_tcp,10,1,,ryu_controller,506588,9.9,58380288,714,26,740,15,149.2728
2026-04-25T11:14:50.436574+00:00,recovery_scenario,iperf_tcp,10,1,,twin_core,506595,0.0,66084864,635,56,691,3,29.8215
2026-04-25T11:14:50.436574+00:00,recovery_scenario,iperf_tcp,10,1,,ryu_controller,506588,9.9,58380288,729,26,755,15,149.1045
2026-04-25T11:14:50.538415+00:00,recovery_scenario,iperf_tcp,10,1,,twin_core,506595,0.0,66084864,638,56,694,3,29.3364
2026-04-25T11:14:50.538415+00:00,recovery_scenario,iperf_tcp,10,1,,ryu_controller,506588,9.8,58392576,750,26,776,21,204.9194
2026-04-25T11:14:50.639931+00:00,recovery_scenario,iperf_tcp,10,1,,twin_core,506595,0.0,66084864,641,56,697,3,29.585
2026-04-25T11:14:50.639931+00:00,recovery_scenario,iperf_tcp,10,1,,ryu_controller,506588,9.9,58392576,771,26,797,21,207.4108
2026-04-25T11:14:50.740851+00:00,recovery_scenario,iperf_tcp,10,1,,twin_core,506595,0.0,66084864,647,56,703,6,59.6884
2026-04-25T11:14:50.740851+00:00,recovery_scenario,iperf_tcp,10,1,,ryu_controller,506588,10.0,58392576,785,26,811,14,139.3685
2026-04-25T11:14:50.841353+00:00,recovery_scenario,iperf_tcp,10,1,,twin_core,506595,9.9,66084864,656,56,712,9,89.5072
2026-04-25T11:14:50.841353+00:00,recovery_scenario,iperf_tcp,10,1,,ryu_controller,506588,9.9,58396672,801,26,827,16,159.0451
2026-04-25T11:14:50.941899+00:00,recovery_scenario,iperf_tcp,10,1,,twin_core,506595,9.9,66084864,659,56,715,3,29.8556
2026-04-25T11:14:50.941899+00:00,recovery_scenario,iperf_tcp,10,1,,ryu_controller,506588,19.9,58396672,817,27,844,17,169.2841
2026-04-25T11:14:51.044117+00:00,recovery_scenario,iperf_tcp,10,1,,twin_core,506595,0.0,66084864,662,56,718,3,29.3307
2026-04-25T11:14:51.044117+00:00,recovery_scenario,iperf_tcp,10,1,,ryu_controller,506588,9.8,58396672,828,27,855,11,107.5192
2026-04-25T11:14:51.144749+00:00,recovery_scenario,iperf_tcp,10,1,,twin_core,506595,0.0,66084864,665,56,721,3,29.8317
2026-04-25T11:14:51.144749+00:00,recovery_scenario,iperf_tcp,10,1,,ryu_controller,506588,59.7,58740736,882,27,909,54,536.7779
2026-04-25T11:14:51.245249+00:00,recovery_scenario,iperf_tcp,10,1,,twin_core,506595,0.0,66084864,665,56,721,0,0.0
2026-04-25T11:14:51.245249+00:00,recovery_scenario,iperf_tcp,10,1,,ryu_controller,506588,9.9,58740736,893,27,920,11,109.4289
2026-04-25T11:14:51.345751+00:00,recovery_scenario,iperf_tcp,10,1,,twin_core,506595,0.0,66084864,677,56,733,12,119.4476
2026-04-25T11:14:51.345751+00:00,recovery_scenario,iperf_tcp,10,1,,ryu_controller,506588,0.0,58740736,901,27,928,8,79.6483
2026-04-25T11:14:51.446211+00:00,recovery_scenario,iperf_tcp,10,1,,twin_core,506595,0.0,66084864,682,56,738,5,49.7587
2026-04-25T11:14:51.446211+00:00,recovery_scenario,iperf_tcp,10,1,,ryu_controller,506588,10.0,58740736,922,27,949,21,209.0054
2026-04-25T11:14:51.546827+00:00,recovery_scenario,iperf_tcp,10,1,,twin_core,506595,0.0,66084864,685,56,741,3,29.8065
2026-04-25T11:14:51.546827+00:00,recovery_scenario,iperf_tcp,10,1,,ryu_controller,506588,9.9,58740736,937,27,964,15,148.9901
2026-04-25T11:14:51.647754+00:00,recovery_scenario,iperf_tcp,10,1,,twin_core,506595,9.9,66084864,688,56,744,3,29.7401
2026-04-25T11:14:51.647754+00:00,recovery_scenario,iperf_tcp,10,1,,ryu_controller,506588,69.4,58744832,982,27,1009,45,446.2334
2026-04-25T11:14:51.748236+00:00,recovery_scenario,iperf_tcp,10,1,,twin_core,506595,0.0,66195456,698,56,754,10,99.4611
2026-04-25T11:14:51.748236+00:00,recovery_scenario,iperf_tcp,10,1,,ryu_controller,506588,9.9,58744832,993,27,1020,11,109.3295
2026-04-25T11:14:51.848832+00:00,recovery_scenario,iperf_tcp,10,1,,twin_core,506595,0.0,66195456,704,56,760,6,59.6588
2026-04-25T11:14:51.848832+00:00,recovery_scenario,iperf_tcp,10,1,,ryu_controller,506588,19.9,58744832,1014,27,1041,21,208.9539
2026-04-25T11:14:51.951029+00:00,recovery_scenario,iperf_tcp,10,1,,twin_core,506595,9.8,66195456,707,56,763,3,29.3561
2026-04-25T11:14:51.951029+00:00,recovery_scenario,iperf_tcp,10,1,,ryu_controller,506588,0.0,58744832,1026,27,1053,12,117.4027
2026-04-25T11:14:52.051542+00:00,recovery_scenario,iperf_tcp,10,1,,twin_core,506595,0.0,66195456,710,56,766,3,29.8254
2026-04-25T11:14:52.051542+00:00,recovery_scenario,iperf_tcp,10,1,,ryu_controller,506588,9.9,58744832,1040,27,1067,14,139.1415
2026-04-25T11:14:52.153794+00:00,recovery_scenario,iperf_tcp,10,1,,twin_core,506595,0.0,66195456,713,56,769,3,29.343
2026-04-25T11:14:52.153794+00:00,recovery_scenario,iperf_tcp,10,1,,ryu_controller,506588,9.8,58744832,1054,27,1081,14,136.9316
2026-04-25T11:14:52.254677+00:00,recovery_scenario,iperf_tcp,10,1,,twin_core,506595,0.0,66195456,726,56,782,13,129.0068
2026-04-25T11:14:52.254677+00:00,recovery_scenario,iperf_tcp,10,1,,ryu_controller,506588,9.9,58744832,1074,27,1101,20,198.5686
2026-04-25T11:14:52.355107+00:00,recovery_scenario,iperf_tcp,10,1,,twin_core,506595,0.0,66195456,729,56,785,3,29.8675
2026-04-25T11:14:52.355107+00:00,recovery_scenario,iperf_tcp,10,1,,ryu_controller,506588,19.9,58744832,1095,27,1122,21,209.0574
2026-04-25T11:14:52.458344+00:00,recovery_scenario,iperf_tcp,10,1,,twin_core,506595,0.0,66195456,729,56,785,0,0.0
2026-04-25T11:14:52.458344+00:00,recovery_scenario,iperf_tcp,10,1,,ryu_controller,506588,0.0,58744832,1104,27,1131,9,87.067
2026-04-25T11:14:52.558966+00:00,recovery_scenario,iperf_tcp,10,1,,twin_core,506595,0.0,66195456,735,56,791,6,59.6092
2026-04-25T11:14:52.558966+00:00,recovery_scenario,iperf_tcp,10,1,,ryu_controller,506588,19.9,58748928,1120,27,1147,16,159.0936
2026-04-25T11:14:52.659494+00:00,recovery_scenario,iperf_tcp,10,1,,twin_core,506595,0.0,66195456,744,56,800,9,89.514
2026-04-25T11:14:52.659494+00:00,recovery_scenario,iperf_tcp,10,1,,ryu_controller,506588,19.9,58748928,1154,27,1181,34,338.1321
2026-04-25T11:14:52.760054+00:00,recovery_scenario,iperf_tcp,10,1,,twin_core,506595,0.0,66195456,750,56,806,6,59.7209
2026-04-25T11:14:52.760054+00:00,recovery_scenario,iperf_tcp,10,1,,ryu_controller,506588,10.0,58748928,1163,27,1190,9,89.5974
2026-04-25T11:14:52.860494+00:00,recovery_scenario,iperf_tcp,10,1,,twin_core,506595,0.0,66195456,750,56,806,0,0.0
2026-04-25T11:14:52.860494+00:00,recovery_scenario,iperf_tcp,10,1,,ryu_controller,506588,0.0,58748928,1171,27,1198,8,79.5258
2026-04-25T11:14:52.961136+00:00,recovery_scenario,iperf_tcp,10,1,,twin_core,506595,0.0,66195456,756,56,812,6,59.6761
2026-04-25T11:14:52.961136+00:00,recovery_scenario,iperf_tcp,10,1,,ryu_controller,506588,9.9,58748928,1189,27,1216,18,178.9555
2026-04-25T11:14:53.061696+00:00,recovery_scenario,iperf_tcp,10,1,,twin_core,506595,0.0,66195456,762,56,818,6,59.6941
2026-04-25T11:14:53.061696+00:00,recovery_scenario,iperf_tcp,10,1,,ryu_controller,506588,19.9,58748928,1213,27,1240,24,238.8787
2026-04-25T11:14:53.162162+00:00,recovery_scenario,iperf_tcp,10,1,,twin_core,506595,0.0,66195456,764,56,820,2,19.895
2026-04-25T11:14:53.162162+00:00,recovery_scenario,iperf_tcp,10,1,,ryu_controller,506588,9.9,58753024,1224,27,1251,11,109.3754
2026-04-25T11:14:53.263406+00:00,recovery_scenario,iperf_tcp,10,1,,twin_core,506595,0.0,66195456,767,56,823,3,29.6367
2026-04-25T11:14:53.263406+00:00,recovery_scenario,iperf_tcp,10,1,,ryu_controller,506588,88.9,58793984,1265,27,1292,41,405.0082
2026-04-25T11:14:53.367285+00:00,recovery_scenario,iperf_tcp,10,1,,twin_core,506595,9.6,66195456,771,56,827,4,38.4206
2026-04-25T11:14:53.367285+00:00,recovery_scenario,iperf_tcp,10,1,,ryu_controller,506588,0.0,58793984,1267,27,1294,2,19.2073
2026-04-25T11:14:53.368168+00:00,recovery_scenario,iperf_tcp,10,1,pingall_completed,,,,,,,,,
2026-04-25T11:14:53.470824+00:00,recovery_scenario,iperf_tcp,10,1,,twin_core,506595,0.0,66207744,785,56,841,14,135.5119
2026-04-25T11:14:53.470824+00:00,recovery_scenario,iperf_tcp,10,1,,ryu_controller,506588,0.0,58793984,1271,27,1298,4,38.7372
2026-04-25T11:14:53.573054+00:00,recovery_scenario,iperf_tcp,10,1,,twin_core,506595,0.0,66207744,785,56,841,0,0.0
2026-04-25T11:14:53.573054+00:00,recovery_scenario,iperf_tcp,10,1,,ryu_controller,506588,19.5,58793984,1290,27,1317,19,185.4255
2026-04-25T11:14:53.673849+00:00,recovery_scenario,iperf_tcp,10,1,,twin_core,506595,9.9,66207744,785,56,841,0,0.0
2026-04-25T11:14:53.673849+00:00,recovery_scenario,iperf_tcp,10,1,,ryu_controller,506588,9.9,58793984,1303,27,1330,13,129.1938
2026-04-25T11:14:53.781093+00:00,recovery_scenario,iperf_tcp,10,1,,twin_core,506595,9.3,66285568,785,56,841,0,0.0
2026-04-25T11:14:53.781093+00:00,recovery_scenario,iperf_tcp,10,1,,ryu_controller,506588,56.0,58802176,1347,27,1374,44,410.4937
2026-04-25T11:14:53.881768+00:00,recovery_scenario,iperf_tcp,10,1,,twin_core,506595,0.0,66285568,785,56,841,0,0.0
2026-04-25T11:14:53.881768+00:00,recovery_scenario,iperf_tcp,10,1,,ryu_controller,506588,0.0,58802176,1351,27,1378,4,39.7379
2026-04-25T11:14:53.990227+00:00,recovery_scenario,iperf_tcp,10,1,,twin_core,506595,0.0,66285568,785,56,841,0,0.0
2026-04-25T11:14:53.990227+00:00,recovery_scenario,iperf_tcp,10,1,,ryu_controller,506588,0.0,58802176,1355,27,1382,4,36.8758
2026-04-25T11:14:54.090833+00:00,recovery_scenario,iperf_tcp,10,1,,twin_core,506595,0.0,66285568,785,56,841,0,0.0
2026-04-25T11:14:54.090833+00:00,recovery_scenario,iperf_tcp,10,1,,ryu_controller,506588,9.9,58802176,1358,27,1385,3,29.7963
2026-04-25T11:14:54.191479+00:00,recovery_scenario,iperf_tcp,10,1,,twin_core,506595,0.0,66285568,785,56,841,0,0.0
2026-04-25T11:14:54.191479+00:00,recovery_scenario,iperf_tcp,10,1,,ryu_controller,506588,0.0,58802176,1363,27,1390,5,49.5788
2026-04-25T11:14:54.292392+00:00,recovery_scenario,iperf_tcp,10,1,,twin_core,506595,0.0,66285568,785,56,841,0,0.0
2026-04-25T11:14:54.292392+00:00,recovery_scenario,iperf_tcp,10,1,,ryu_controller,506588,0.0,58802176,1378,27,1405,15,147.8612
2026-04-25T11:14:54.394196+00:00,recovery_scenario,iperf_tcp,10,1,,twin_core,506595,0.0,66285568,790,56,846,5,49.3824
2026-04-25T11:14:54.394196+00:00,recovery_scenario,iperf_tcp,10,1,,ryu_controller,506588,19.8,58802176,1381,27,1408,3,29.6467
2026-04-25T11:14:54.494976+00:00,recovery_scenario,iperf_tcp,10,1,,twin_core,506595,0.0,66285568,790,56,846,0,0.0
2026-04-25T11:14:54.494976+00:00,recovery_scenario,iperf_tcp,10,1,,ryu_controller,506588,0.0,58802176,1384,27,1411,3,29.8253
2026-04-25T11:14:54.595505+00:00,recovery_scenario,iperf_tcp,10,1,,twin_core,506595,0.0,66285568,790,56,846,0,0.0
2026-04-25T11:14:54.595505+00:00,recovery_scenario,iperf_tcp,10,1,,ryu_controller,506588,0.0,58802176,1388,27,1415,4,39.7746
2026-04-25T11:14:54.696769+00:00,recovery_scenario,iperf_tcp,10,1,,twin_core,506595,0.0,66285568,790,56,846,0,0.0
2026-04-25T11:14:54.696769+00:00,recovery_scenario,iperf_tcp,10,1,,ryu_controller,506588,9.9,58802176,1399,27,1426,11,108.7395
2026-04-25T11:14:54.799768+00:00,recovery_scenario,iperf_tcp,10,1,,twin_core,506595,0.0,66285568,790,56,846,0,0.0
2026-04-25T11:14:54.799768+00:00,recovery_scenario,iperf_tcp,10,1,,ryu_controller,506588,0.0,58802176,1414,28,1442,16,155.2957
2026-04-25T11:14:54.900278+00:00,recovery_scenario,iperf_tcp,10,1,,twin_core,506595,0.0,66285568,790,56,846,0,0.0
2026-04-25T11:14:54.900278+00:00,recovery_scenario,iperf_tcp,10,1,,ryu_controller,506588,0.0,58802176,1417,32,1449,7,69.5384
2026-04-25T11:14:55.003777+00:00,recovery_scenario,iperf_tcp,10,1,,twin_core,506595,0.0,66285568,790,56,846,0,0.0
2026-04-25T11:14:55.003777+00:00,recovery_scenario,iperf_tcp,10,1,,ryu_controller,506588,0.0,58802176,1421,34,1455,6,58.0327
2026-04-25T11:14:55.106898+00:00,recovery_scenario,iperf_tcp,10,1,,twin_core,506595,0.0,66285568,790,56,846,0,0.0
2026-04-25T11:14:55.106898+00:00,recovery_scenario,iperf_tcp,10,1,,ryu_controller,506588,0.0,58802176,1425,36,1461,6,58.095
2026-04-25T11:14:55.207998+00:00,recovery_scenario,iperf_tcp,10,1,,twin_core,506595,9.9,66285568,790,56,846,0,0.0
2026-04-25T11:14:55.207998+00:00,recovery_scenario,iperf_tcp,10,1,,ryu_controller,506588,0.0,58802176,1429,39,1468,7,69.0577
2026-04-25T11:14:55.309094+00:00,recovery_scenario,iperf_tcp,10,1,,twin_core,506595,0.0,66285568,790,56,846,0,0.0
2026-04-25T11:14:55.309094+00:00,recovery_scenario,iperf_tcp,10,1,,ryu_controller,506588,19.4,58806272,1436,54,1490,22,213.6835
2026-04-25T11:14:55.384255+00:00,recovery_scenario,iperf_tcp,10,1,background_traffic_started,,,,,,,,,
2026-04-25T11:14:55.411955+00:00,recovery_scenario,iperf_tcp,10,1,,twin_core,506595,0.0,66297856,792,64,856,10,97.234
2026-04-25T11:14:55.411955+00:00,recovery_scenario,iperf_tcp,10,1,,ryu_controller,506588,29.8,58826752,1444,102,1546,56,557.1413
2026-04-25T11:14:55.512488+00:00,recovery_scenario,iperf_tcp,10,1,,twin_core,506595,9.9,66301952,800,64,864,8,79.4672
2026-04-25T11:14:55.512488+00:00,recovery_scenario,iperf_tcp,10,1,,ryu_controller,506588,29.8,58867712,1447,135,1582,36,357.3068
2026-04-25T11:14:55.617687+00:00,recovery_scenario,iperf_tcp,10,1,,twin_core,506595,0.0,66347008,807,64,871,7,66.594
2026-04-25T11:14:55.617687+00:00,recovery_scenario,iperf_tcp,10,1,,ryu_controller,506588,57.1,58990592,1451,171,1622,40,380.5827
2026-04-25T11:14:55.697947+00:00,recovery_scenario,iperf_tcp,10,1,fault_injected,,,,,,,,,
2026-04-25T11:14:55.718558+00:00,recovery_scenario,iperf_tcp,10,1,,twin_core,506595,9.9,66424832,820,70,890,19,188.1113
2026-04-25T11:14:55.718558+00:00,recovery_scenario,iperf_tcp,10,1,,ryu_controller,506588,29.7,59006976,1460,206,1666,44,435.4667
2026-04-25T11:14:55.821793+00:00,recovery_scenario,iperf_tcp,10,1,,twin_core,506595,0.0,66437120,821,73,894,4,38.8361
2026-04-25T11:14:55.821793+00:00,recovery_scenario,iperf_tcp,10,1,,ryu_controller,506588,38.8,59179008,1460,290,1750,84,816.3989
2026-04-25T11:14:55.923145+00:00,recovery_scenario,iperf_tcp,10,1,,twin_core,506595,0.0,66437120,821,73,894,0,0.0
2026-04-25T11:14:55.923145+00:00,recovery_scenario,iperf_tcp,10,1,,ryu_controller,506588,49.3,59420672,1460,554,2014,264,2603.7714
2026-04-25T11:14:56.023611+00:00,recovery_scenario,iperf_tcp,10,1,,twin_core,506595,0.0,66437120,821,73,894,0,0.0
2026-04-25T11:14:56.023611+00:00,recovery_scenario,iperf_tcp,10,1,,ryu_controller,506588,79.6,59461632,1460,764,2224,210,2088.0932
2026-04-25T11:14:56.124755+00:00,recovery_scenario,iperf_tcp,10,1,,twin_core,506595,0.0,66437120,821,73,894,0,0.0
2026-04-25T11:14:56.124755+00:00,recovery_scenario,iperf_tcp,10,1,,ryu_controller,506588,89.0,59482112,1460,822,2282,58,573.488
2026-04-25T11:14:56.228315+00:00,recovery_scenario,iperf_tcp,10,1,,twin_core,506595,9.7,66437120,822,73,895,1,9.6623
2026-04-25T11:14:56.228315+00:00,recovery_scenario,iperf_tcp,10,1,,ryu_controller,506588,105.9,59482112,1460,826,2286,4,38.4925
2026-04-25T11:14:56.329195+00:00,recovery_scenario,iperf_tcp,10,1,,twin_core,506595,0.0,66437120,822,73,895,0,0.0
2026-04-25T11:14:56.329195+00:00,recovery_scenario,iperf_tcp,10,1,,ryu_controller,506588,89.5,59486208,1461,827,2288,2,19.9026
2026-04-25T11:14:56.433040+00:00,recovery_scenario,iperf_tcp,10,1,,twin_core,506595,9.6,66437120,822,73,895,0,0.0
2026-04-25T11:14:56.433040+00:00,recovery_scenario,iperf_tcp,10,1,,ryu_controller,506588,105.8,59486208,1461,828,2289,1,9.6167
2026-04-25T11:14:56.533773+00:00,recovery_scenario,iperf_tcp,10,1,,twin_core,506595,0.0,66437120,822,73,895,0,0.0
2026-04-25T11:14:56.533773+00:00,recovery_scenario,iperf_tcp,10,1,,ryu_controller,506588,89.3,59486208,1461,902,2363,74,734.2295
2026-04-25T11:14:56.635584+00:00,recovery_scenario,iperf_tcp,10,1,,twin_core,506595,0.0,66437120,822,73,895,0,0.0
2026-04-25T11:14:56.635584+00:00,recovery_scenario,iperf_tcp,10,1,,ryu_controller,506588,68.7,59486208,1461,1080,2541,178,1746.1771
2026-04-25T11:14:56.737317+00:00,recovery_scenario,iperf_tcp,10,1,,twin_core,506595,0.0,66437120,823,73,896,1,9.6297
2026-04-25T11:14:56.737317+00:00,recovery_scenario,iperf_tcp,10,1,,ryu_controller,506588,76.7,59490304,1461,1235,2696,155,1483.7765
2026-04-25T11:14:56.841780+00:00,recovery_scenario,iperf_tcp,10,1,,twin_core,506595,0.0,66437120,823,73,896,0,0.0
2026-04-25T11:14:56.841780+00:00,recovery_scenario,iperf_tcp,10,1,,ryu_controller,506588,49.2,59490304,1461,1403,2864,168,1656.4547
2026-04-25T11:14:56.942703+00:00,recovery_scenario,iperf_tcp,10,1,,twin_core,506595,0.0,66437120,823,73,896,0,0.0
2026-04-25T11:14:56.942703+00:00,recovery_scenario,iperf_tcp,10,1,,ryu_controller,506588,69.4,59490304,1461,1617,3078,214,2121.1217
2026-04-25T11:14:57.045617+00:00,recovery_scenario,iperf_tcp,10,1,,twin_core,506595,0.0,66437120,823,73,896,0,0.0
2026-04-25T11:14:57.045617+00:00,recovery_scenario,iperf_tcp,10,1,,ryu_controller,506588,58.2,59490304,1461,1854,3315,237,2299.1097
2026-04-25T11:14:57.147605+00:00,recovery_scenario,iperf_tcp,10,1,,twin_core,506595,0.0,66437120,823,73,896,0,0.0
2026-04-25T11:14:57.147605+00:00,recovery_scenario,iperf_tcp,10,1,,ryu_controller,506588,49.0,59494400,1461,1994,3455,140,1373.1777
2026-04-25T11:14:57.249626+00:00,recovery_scenario,iperf_tcp,10,1,,twin_core,506595,0.0,66437120,824,73,897,1,9.7983
2026-04-25T11:14:57.249626+00:00,recovery_scenario,iperf_tcp,10,1,,ryu_controller,506588,39.2,59498496,1461,2143,3604,149,1458.6498
2026-04-25T11:14:57.351964+00:00,recovery_scenario,iperf_tcp,10,1,,twin_core,506595,0.0,66437120,824,73,897,0,0.0
2026-04-25T11:14:57.351964+00:00,recovery_scenario,iperf_tcp,10,1,,ryu_controller,506588,48.9,59498496,1461,2283,3744,140,1362.7768
2026-04-25T11:14:57.454028+00:00,recovery_scenario,iperf_tcp,10,1,,twin_core,506595,0.0,66437120,824,73,897,0,0.0
2026-04-25T11:14:57.454028+00:00,recovery_scenario,iperf_tcp,10,1,,ryu_controller,506588,29.4,59506688,1461,2476,3937,193,1904.2754
2026-04-25T11:14:57.556578+00:00,recovery_scenario,iperf_tcp,10,1,,twin_core,506595,0.0,66437120,824,73,897,0,0.0
2026-04-25T11:14:57.556578+00:00,recovery_scenario,iperf_tcp,10,1,,ryu_controller,506588,58.4,59506688,1461,2804,4265,328,3190.669
2026-04-25T11:14:57.658301+00:00,recovery_scenario,iperf_tcp,10,1,,twin_core,506595,9.8,66437120,824,73,897,0,0.0
2026-04-25T11:14:57.658301+00:00,recovery_scenario,iperf_tcp,10,1,,ryu_controller,506588,49.1,59510784,1461,3040,4501,236,2317.1849
2026-04-25T11:14:57.759460+00:00,recovery_scenario,iperf_tcp,10,1,,twin_core,506595,0.0,66441216,825,73,898,1,9.8727
2026-04-25T11:14:57.759460+00:00,recovery_scenario,iperf_tcp,10,1,,ryu_controller,506588,69.1,59518976,1461,3350,4811,310,3060.84
2026-04-25T11:14:57.872605+00:00,recovery_scenario,iperf_tcp,10,1,,twin_core,506595,0.0,66441216,825,73,898,0,0.0
2026-04-25T11:14:57.872605+00:00,recovery_scenario,iperf_tcp,10,1,,ryu_controller,506588,43.5,59523072,1462,3415,4877,66,556.8475
2026-04-25T11:14:57.980606+00:00,recovery_scenario,iperf_tcp,10,1,,twin_core,506595,9.2,66478080,825,73,898,0,0.0
2026-04-25T11:14:57.980606+00:00,recovery_scenario,iperf_tcp,10,1,,ryu_controller,506588,37.4,59523072,1470,3470,4940,63,609.2578
2026-04-25T11:14:58.082366+00:00,recovery_scenario,iperf_tcp,10,1,,twin_core,506595,0.0,66478080,825,73,898,0,0.0
2026-04-25T11:14:58.082366+00:00,recovery_scenario,iperf_tcp,10,1,,ryu_controller,506588,9.9,59523072,1490,3472,4962,22,218.1808
2026-04-25T11:14:58.183686+00:00,recovery_scenario,iperf_tcp,10,1,,twin_core,506595,0.0,66478080,825,73,898,0,0.0
2026-04-25T11:14:58.183686+00:00,recovery_scenario,iperf_tcp,10,1,,ryu_controller,506588,0.0,59523072,1501,3476,4977,15,145.6967
2026-04-25T11:14:58.286112+00:00,recovery_scenario,iperf_tcp,10,1,,twin_core,506595,9.8,66486272,838,78,916,18,179.1062
2026-04-25T11:14:58.286112+00:00,recovery_scenario,iperf_tcp,10,1,,ryu_controller,506588,19.9,59523072,1523,3508,5031,54,537.4468
2026-04-25T11:14:58.389062+00:00,recovery_scenario,iperf_tcp,10,1,recovery_requested,,,,,,,,,
2026-04-25T11:14:58.389132+00:00,recovery_scenario,iperf_tcp,10,1,,twin_core,506595,9.7,66490368,853,91,944,28,271.9368
2026-04-25T11:14:58.389132+00:00,recovery_scenario,iperf_tcp,10,1,,ryu_controller,506588,48.4,59523072,1537,3565,5102,71,686.745
2026-04-25T11:14:58.489959+00:00,recovery_scenario,iperf_tcp,10,1,,twin_core,506595,0.0,66494464,856,97,953,9,89.2463
2026-04-25T11:14:58.489959+00:00,recovery_scenario,iperf_tcp,10,1,,ryu_controller,506588,19.9,59523072,1558,3623,5181,79,786.746
2026-04-25T11:14:58.590374+00:00,recovery_scenario,iperf_tcp,10,1,,twin_core,506595,0.0,66494464,856,97,953,0,0.0
2026-04-25T11:14:58.590374+00:00,recovery_scenario,iperf_tcp,10,1,,ryu_controller,506588,19.8,59523072,1578,3695,5273,92,909.0695
2026-04-25T11:14:58.692839+00:00,recovery_scenario,iperf_tcp,10,1,,twin_core,506595,0.0,66494464,856,97,953,0,0.0
2026-04-25T11:14:58.692839+00:00,recovery_scenario,iperf_tcp,10,1,,ryu_controller,506588,29.5,59523072,1610,3776,5386,113,1109.7352
2026-04-25T11:14:58.793406+00:00,recovery_scenario,iperf_tcp,10,1,,twin_core,506595,0.0,66494464,856,97,953,0,0.0
2026-04-25T11:14:58.793406+00:00,recovery_scenario,iperf_tcp,10,1,,ryu_controller,506588,29.7,59523072,1623,3902,5525,139,1373.9877
2026-04-25T11:14:58.896797+00:00,recovery_scenario,iperf_tcp,10,1,,twin_core,506595,0.0,66494464,856,97,953,0,0.0
2026-04-25T11:14:58.896797+00:00,recovery_scenario,iperf_tcp,10,1,,ryu_controller,506588,48.6,59523072,1623,4033,5656,131,1274.5478
2026-04-25T11:14:59.001823+00:00,recovery_scenario,iperf_tcp,10,1,,twin_core,506595,0.0,66494464,857,98,955,2,19.0497
2026-04-25T11:14:59.001823+00:00,recovery_scenario,iperf_tcp,10,1,,ryu_controller,506588,47.6,59523072,1623,4244,5867,211,2010.0343
2026-04-25T11:14:59.102319+00:00,recovery_scenario,iperf_tcp,10,1,,twin_core,506595,0.0,66494464,857,98,955,0,0.0
2026-04-25T11:14:59.102319+00:00,recovery_scenario,iperf_tcp,10,1,,ryu_controller,506588,59.5,59523072,1623,4599,6222,355,3520.4352
2026-04-25T11:14:59.204888+00:00,recovery_scenario,iperf_tcp,10,1,,twin_core,506595,0.0,66494464,857,98,955,0,0.0
2026-04-25T11:14:59.204888+00:00,recovery_scenario,iperf_tcp,10,1,,ryu_controller,506588,58.7,59531264,1623,4907,6530,308,3014.9472
2026-04-25T11:14:59.305488+00:00,recovery_scenario,iperf_tcp,10,1,,twin_core,506595,0.0,66494464,857,98,955,0,0.0
2026-04-25T11:14:59.305488+00:00,recovery_scenario,iperf_tcp,10,1,,ryu_controller,506588,69.5,59535360,1623,5132,6755,225,2234.0587
2026-04-25T11:14:59.406033+00:00,recovery_scenario,iperf_tcp,10,1,,twin_core,506595,0.0,66494464,857,98,955,0,0.0
2026-04-25T11:14:59.406033+00:00,recovery_scenario,iperf_tcp,10,1,,ryu_controller,506588,67.3,59539456,1623,5403,7026,271,2603.2462
2026-04-25T11:14:59.510304+00:00,recovery_scenario,iperf_tcp,10,1,,twin_core,506595,0.0,66494464,858,100,958,3,29.7914
2026-04-25T11:14:59.510304+00:00,recovery_scenario,iperf_tcp,10,1,,ryu_controller,506588,69.5,59539456,1623,5708,7331,305,3027.4489
2026-04-25T11:14:59.614743+00:00,recovery_scenario,iperf_tcp,10,1,,twin_core,506595,0.0,66494464,858,100,958,0,0.0
2026-04-25T11:14:59.614743+00:00,recovery_scenario,iperf_tcp,10,1,,ryu_controller,506588,76.6,59539456,1623,6053,7676,345,3308.0646
2026-04-25T11:14:59.715970+00:00,recovery_scenario,iperf_tcp,10,1,,twin_core,506595,0.0,66494464,858,100,958,0,0.0
2026-04-25T11:14:59.715970+00:00,recovery_scenario,iperf_tcp,10,1,,ryu_controller,506588,59.3,59539456,1623,6370,7993,317,3131.9168
2026-04-25T11:14:59.816383+00:00,recovery_scenario,iperf_tcp,10,1,,twin_core,506595,0.0,66494464,858,100,958,0,0.0
2026-04-25T11:14:59.816383+00:00,recovery_scenario,iperf_tcp,10,1,,ryu_controller,506588,39.8,59539456,1623,6570,8193,200,1987.6144
2026-04-25T11:14:59.917032+00:00,recovery_scenario,iperf_tcp,10,1,,twin_core,506595,0.0,66494464,858,100,958,0,0.0
2026-04-25T11:14:59.917032+00:00,recovery_scenario,iperf_tcp,10,1,,ryu_controller,506588,49.7,59539456,1623,6736,8359,166,1650.9744
2026-04-25T11:15:00.017607+00:00,recovery_scenario,iperf_tcp,10,1,,twin_core,506595,9.9,66494464,859,101,960,2,19.8711
2026-04-25T11:15:00.017607+00:00,recovery_scenario,iperf_tcp,10,1,,ryu_controller,506588,39.7,59539456,1623,6889,8512,153,1520.2965
2026-04-25T11:15:00.120410+00:00,recovery_scenario,iperf_tcp,10,1,,twin_core,506595,0.0,66494464,859,101,960,0,0.0
2026-04-25T11:15:00.120410+00:00,recovery_scenario,iperf_tcp,10,1,,ryu_controller,506588,29.2,59539456,1623,6978,8601,89,864.736
2026-04-25T11:15:00.221199+00:00,recovery_scenario,iperf_tcp,10,1,,twin_core,506595,0.0,66494464,859,101,960,0,0.0
2026-04-25T11:15:00.221199+00:00,recovery_scenario,iperf_tcp,10,1,,ryu_controller,506588,59.5,59539456,1623,7100,8723,122,1209.9997
2026-04-25T11:15:00.323543+00:00,recovery_scenario,iperf_tcp,10,1,,twin_core,506595,0.0,66494464,859,101,960,0,0.0
2026-04-25T11:15:00.323543+00:00,recovery_scenario,iperf_tcp,10,1,,ryu_controller,506588,48.2,59539456,1623,7235,8858,135,1292.9171
2026-04-25T11:15:00.427264+00:00,recovery_scenario,iperf_tcp,10,1,,twin_core,506595,0.0,66494464,860,102,962,2,19.6111
2026-04-25T11:15:00.427264+00:00,recovery_scenario,iperf_tcp,10,1,,ryu_controller,506588,78.5,59539456,1623,7409,9032,174,1717.1213
2026-04-25T11:15:00.529800+00:00,recovery_scenario,iperf_tcp,10,1,,twin_core,506595,0.0,66494464,860,102,962,0,0.0
2026-04-25T11:15:00.529800+00:00,recovery_scenario,iperf_tcp,10,1,,ryu_controller,506588,39.0,59539456,1623,7592,9215,183,1783.9313
2026-04-25T11:15:00.632760+00:00,recovery_scenario,iperf_tcp,10,1,,twin_core,506595,0.0,66494464,860,102,962,0,0.0
2026-04-25T11:15:00.632760+00:00,recovery_scenario,iperf_tcp,10,1,,ryu_controller,506588,48.6,59539456,1623,7753,9376,161,1563.8665
2026-04-25T11:15:00.733270+00:00,recovery_scenario,iperf_tcp,10,1,,twin_core,506595,9.9,66494464,860,102,962,0,0.0
2026-04-25T11:15:00.733270+00:00,recovery_scenario,iperf_tcp,10,1,,ryu_controller,506588,39.7,59539456,1623,7886,9509,133,1321.3067
2026-04-25T11:15:00.834556+00:00,recovery_scenario,iperf_tcp,10,1,,twin_core,506595,0.0,66494464,860,102,962,0,0.0
2026-04-25T11:15:00.834556+00:00,recovery_scenario,iperf_tcp,10,1,,ryu_controller,506588,48.7,59551744,1623,8041,9664,155,1510.3709
2026-04-25T11:15:00.937214+00:00,recovery_scenario,iperf_tcp,10,1,,twin_core,506595,0.0,66494464,861,102,963,1,9.7476
2026-04-25T11:15:00.937214+00:00,recovery_scenario,iperf_tcp,10,1,,ryu_controller,506588,49.1,59564032,1623,8214,9837,173,1699.5433
2026-04-25T11:15:01.038405+00:00,recovery_scenario,iperf_tcp,10,1,,twin_core,506595,0.0,66494464,861,102,963,0,0.0
2026-04-25T11:15:01.038405+00:00,recovery_scenario,iperf_tcp,10,1,,ryu_controller,506588,39.6,59568128,1623,8355,9978,141,1394.7574
2026-04-25T11:15:01.141866+00:00,recovery_scenario,iperf_tcp,10,1,,twin_core,506595,0.0,66494464,861,102,963,0,0.0
2026-04-25T11:15:01.141866+00:00,recovery_scenario,iperf_tcp,10,1,,ryu_controller,506588,29.1,59568128,1623,8403,10026,48,466.1893
2026-04-25T11:15:01.245742+00:00,recovery_scenario,iperf_tcp,10,1,,twin_core,506595,0.0,66494464,861,102,963,0,0.0
2026-04-25T11:15:01.245742+00:00,recovery_scenario,iperf_tcp,10,1,,ryu_controller,506588,37.8,59568128,1623,8484,10107,81,765.4001
2026-04-25T11:15:01.348299+00:00,recovery_scenario,iperf_tcp,10,1,,twin_core,506595,9.7,66494464,861,102,963,0,0.0
2026-04-25T11:15:01.348299+00:00,recovery_scenario,iperf_tcp,10,1,,ryu_controller,506588,49.7,59568128,1623,8676,10299,192,1907.6398
2026-04-25T11:15:01.453782+00:00,recovery_scenario,iperf_tcp,10,1,,twin_core,506595,0.0,66494464,862,102,964,1,9.4817
2026-04-25T11:15:01.453782+00:00,recovery_scenario,iperf_tcp,10,1,,ryu_controller,506588,37.9,59568128,1623,8831,10454,155,1470.297
2026-04-25T11:15:01.554243+00:00,recovery_scenario,iperf_tcp,10,1,,twin_core,506595,0.0,66494464,862,102,964,0,0.0
2026-04-25T11:15:01.554243+00:00,recovery_scenario,iperf_tcp,10,1,,ryu_controller,506588,59.8,59572224,1623,9154,10777,323,3217.2472
2026-04-25T11:15:01.654752+00:00,recovery_scenario,iperf_tcp,10,1,,twin_core,506595,0.0,66494464,862,102,964,0,0.0
2026-04-25T11:15:01.654752+00:00,recovery_scenario,iperf_tcp,10,1,,ryu_controller,506588,49.7,59572224,1623,9391,11014,237,2357.8244
2026-04-25T11:15:01.757705+00:00,recovery_scenario,iperf_tcp,10,1,,twin_core,506595,0.0,66494464,862,102,964,0,0.0
2026-04-25T11:15:01.757705+00:00,recovery_scenario,iperf_tcp,10,1,,ryu_controller,506588,48.5,59572224,1623,9588,11211,197,1911.8517
2026-04-25T11:15:01.858240+00:00,recovery_scenario,iperf_tcp,10,1,,twin_core,506595,0.0,66494464,862,102,964,0,0.0
2026-04-25T11:15:01.858240+00:00,recovery_scenario,iperf_tcp,10,1,,ryu_controller,506588,49.8,59572224,1623,9787,11410,199,1979.9342
2026-04-25T11:15:01.958816+00:00,recovery_scenario,iperf_tcp,10,1,,twin_core,506595,9.9,66498560,863,102,965,1,9.945
2026-04-25T11:15:01.958816+00:00,recovery_scenario,iperf_tcp,10,1,,ryu_controller,506588,59.7,59572224,1627,9976,11603,193,1918.233
2026-04-25T11:15:02.059351+00:00,recovery_scenario,iperf_tcp,10,1,,twin_core,506595,0.0,66531328,863,102,965,0,0.0
2026-04-25T11:15:02.059351+00:00,recovery_scenario,iperf_tcp,10,1,,ryu_controller,506588,9.9,59572224,1633,9996,11629,26,258.1109
2026-04-25T11:15:02.162733+00:00,recovery_scenario,iperf_tcp,10,1,,twin_core,506595,0.0,66531328,863,102,965,0,0.0
2026-04-25T11:15:02.162733+00:00,recovery_scenario,iperf_tcp,10,1,,ryu_controller,506588,0.0,59572224,1638,9998,11636,7,67.8488
2026-04-25T11:15:02.263274+00:00,recovery_scenario,iperf_tcp,10,1,,twin_core,506595,0.0,66531328,863,102,965,0,0.0
2026-04-25T11:15:02.263274+00:00,recovery_scenario,iperf_tcp,10,1,,ryu_controller,506588,10.0,59572224,1653,10034,11687,51,507.532
2026-04-25T11:15:02.363758+00:00,recovery_scenario,iperf_tcp,10,1,,twin_core,506595,0.0,66531328,863,102,965,0,0.0
2026-04-25T11:15:02.363758+00:00,recovery_scenario,iperf_tcp,10,1,,ryu_controller,506588,0.0,59572224,1660,10036,11696,9,89.5148
2026-04-25T11:15:02.467582+00:00,recovery_scenario,iperf_tcp,10,1,,twin_core,506595,9.6,66531328,871,109,980,15,144.4166
2026-04-25T11:15:02.467582+00:00,recovery_scenario,iperf_tcp,10,1,,ryu_controller,506588,9.6,59572224,1671,10043,11714,18,173.3684
2026-04-25T11:15:02.568067+00:00,recovery_scenario,iperf_tcp,10,1,,twin_core,506595,0.0,66531328,884,124,1008,28,278.9056
2026-04-25T11:15:02.568067+00:00,recovery_scenario,iperf_tcp,10,1,,ryu_controller,506588,39.8,59572224,1682,10101,11783,69,687.3533
2026-04-25T11:15:02.635081+00:00,recovery_scenario,iperf_tcp,10,1,scenario_teardown,,,,,,,,,
2026-04-25T11:15:02.668488+00:00,recovery_scenario,iperf_tcp,10,1,,twin_core,506595,19.9,66539520,897,138,1035,27,268.2975
2026-04-25T11:15:02.668488+00:00,recovery_scenario,iperf_tcp,10,1,,ryu_controller,506588,9.9,59572224,1695,10137,11832,49,486.5062
2026-04-25T11:15:02.769182+00:00,recovery_scenario,iperf_tcp,10,1,,twin_core,506595,0.0,66539520,924,139,1063,28,278.3872
2026-04-25T11:15:02.769182+00:00,recovery_scenario,iperf_tcp,10,1,,ryu_controller,506588,19.9,59572224,1712,10149,11861,29,288.5338
2026-04-25T11:15:02.869880+00:00,recovery_scenario,iperf_tcp,10,1,,twin_core,506595,0.0,66539520,944,139,1083,20,198.7
2026-04-25T11:15:02.869880+00:00,recovery_scenario,iperf_tcp,10,1,,ryu_controller,506588,9.9,59572224,1725,10151,11876,15,148.9635
2026-04-25T11:15:02.970435+00:00,recovery_scenario,iperf_tcp,10,1,,twin_core,506595,0.0,66539520,947,139,1086,3,29.7811
2026-04-25T11:15:02.970435+00:00,recovery_scenario,iperf_tcp,10,1,,ryu_controller,506588,9.9,59572224,1756,10151,11907,31,307.6926
2026-04-25T11:15:06.362368+00:00,recovery_scenario,iperf_tcp,30,1,,twin_core,507634,0.0,65167360,386,64,450,0,0.0
2026-04-25T11:15:06.362368+00:00,recovery_scenario,iperf_tcp,30,1,,ryu_controller,507627,0.0,57614336,6,6,12,0,0.0
2026-04-25T11:15:06.465492+00:00,recovery_scenario,iperf_tcp,30,1,,twin_core,507634,0.0,65204224,391,64,455,5,48.949
2026-04-25T11:15:06.465492+00:00,recovery_scenario,iperf_tcp,30,1,,ryu_controller,507627,0.0,57729024,16,8,24,12,117.3701
2026-04-25T11:15:06.566518+00:00,recovery_scenario,iperf_tcp,30,1,,twin_core,507634,9.9,65208320,472,65,537,82,812.7485
2026-04-25T11:15:06.566518+00:00,recovery_scenario,iperf_tcp,30,1,,ryu_controller,507627,69.4,57978880,23,17,40,16,158.6992
2026-04-25T11:15:06.667277+00:00,recovery_scenario,iperf_tcp,30,1,,twin_core,507634,19.9,65208320,559,65,624,87,865.4189
2026-04-25T11:15:06.667277+00:00,recovery_scenario,iperf_tcp,30,1,,ryu_controller,507627,9.9,57978880,37,20,57,17,169.141
2026-04-25T11:15:06.693520+00:00,recovery_scenario,iperf_tcp,30,1,service_started,,,,,,,,,
2026-04-25T11:15:06.768900+00:00,recovery_scenario,iperf_tcp,30,1,,twin_core,507634,9.8,65990656,588,65,653,29,285.2371
2026-04-25T11:15:06.768900+00:00,recovery_scenario,iperf_tcp,30,1,,ryu_controller,507627,39.3,58085376,92,20,112,55,540.972
2026-04-25T11:15:06.869390+00:00,recovery_scenario,iperf_tcp,30,1,,twin_core,507634,0.0,65994752,589,65,654,1,9.9572
2026-04-25T11:15:06.869390+00:00,recovery_scenario,iperf_tcp,30,1,,ryu_controller,507627,10.0,58085376,105,20,125,13,129.4242
2026-04-25T11:15:06.969833+00:00,recovery_scenario,iperf_tcp,30,1,,twin_core,507634,0.0,65994752,589,65,654,0,0.0
2026-04-25T11:15:06.969833+00:00,recovery_scenario,iperf_tcp,30,1,,ryu_controller,507627,29.9,58089472,133,20,153,28,278.8271
2026-04-25T11:15:07.070280+00:00,recovery_scenario,iperf_tcp,30,1,,twin_core,507634,0.0,65994752,589,65,654,0,0.0
2026-04-25T11:15:07.070280+00:00,recovery_scenario,iperf_tcp,30,1,,ryu_controller,507627,9.9,58093568,153,20,173,20,198.7405
2026-04-25T11:15:07.170960+00:00,recovery_scenario,iperf_tcp,30,1,,twin_core,507634,0.0,65994752,589,65,654,0,0.0
2026-04-25T11:15:07.170960+00:00,recovery_scenario,iperf_tcp,30,1,,ryu_controller,507627,9.9,58097664,166,20,186,13,129.2538
2026-04-25T11:15:07.271485+00:00,recovery_scenario,iperf_tcp,30,1,,twin_core,507634,0.0,65994752,589,65,654,0,0.0
2026-04-25T11:15:07.271485+00:00,recovery_scenario,iperf_tcp,30,1,,ryu_controller,507627,29.8,58105856,197,20,217,31,308.0858
2026-04-25T11:15:07.374525+00:00,recovery_scenario,iperf_tcp,30,1,,twin_core,507634,0.0,65994752,589,65,654,0,0.0
2026-04-25T11:15:07.374525+00:00,recovery_scenario,iperf_tcp,30,1,,ryu_controller,507627,19.4,58122240,223,20,243,26,252.3966
2026-04-25T11:15:07.475112+00:00,recovery_scenario,iperf_tcp,30,1,,twin_core,507634,0.0,65994752,589,65,654,0,0.0
2026-04-25T11:15:07.475112+00:00,recovery_scenario,iperf_tcp,30,1,,ryu_controller,507627,19.9,58126336,248,21,269,26,258.8966
2026-04-25T11:15:07.575565+00:00,recovery_scenario,iperf_tcp,30,1,,twin_core,507634,9.9,65994752,589,65,654,0,0.0
2026-04-25T11:15:07.575565+00:00,recovery_scenario,iperf_tcp,30,1,,ryu_controller,507627,19.9,58126336,265,21,286,17,168.8388
2026-04-25T11:15:07.676217+00:00,recovery_scenario,iperf_tcp,30,1,,twin_core,507634,0.0,65994752,589,65,654,0,0.0
2026-04-25T11:15:07.676217+00:00,recovery_scenario,iperf_tcp,30,1,,ryu_controller,507627,19.9,58130432,285,21,306,20,199.1256
2026-04-25T11:15:07.776691+00:00,recovery_scenario,iperf_tcp,30,1,,twin_core,507634,0.0,65994752,589,65,654,0,0.0
2026-04-25T11:15:07.776691+00:00,recovery_scenario,iperf_tcp,30,1,,ryu_controller,507627,0.0,58130432,311,21,332,26,258.6065
2026-04-25T11:15:07.881734+00:00,recovery_scenario,iperf_tcp,30,1,,twin_core,507634,0.0,65994752,589,65,654,0,0.0
2026-04-25T11:15:07.881734+00:00,recovery_scenario,iperf_tcp,30,1,,ryu_controller,507627,19.0,58130432,329,21,350,18,171.3185
2026-04-25T11:15:07.982389+00:00,recovery_scenario,iperf_tcp,30,1,,twin_core,507634,0.0,65994752,589,65,654,0,0.0
2026-04-25T11:15:07.982389+00:00,recovery_scenario,iperf_tcp,30,1,,ryu_controller,507627,19.9,58138624,346,21,367,17,168.7667
2026-04-25T11:15:08.083025+00:00,recovery_scenario,iperf_tcp,30,1,,twin_core,507634,0.0,65994752,589,65,654,0,0.0
2026-04-25T11:15:08.083025+00:00,recovery_scenario,iperf_tcp,30,1,,ryu_controller,507627,39.7,58236928,400,21,421,54,537.1025
2026-04-25T11:15:08.183721+00:00,recovery_scenario,iperf_tcp,30,1,,twin_core,507634,0.0,65994752,589,65,654,0,0.0
2026-04-25T11:15:08.183721+00:00,recovery_scenario,iperf_tcp,30,1,,ryu_controller,507627,29.8,58236928,434,21,455,34,337.9482
2026-04-25T11:15:08.284199+00:00,recovery_scenario,iperf_tcp,30,1,,twin_core,507634,0.0,65994752,589,65,654,0,0.0
2026-04-25T11:15:08.284199+00:00,recovery_scenario,iperf_tcp,30,1,,ryu_controller,507627,19.9,58241024,454,21,475,20,199.0145
2026-04-25T11:15:08.390240+00:00,recovery_scenario,iperf_tcp,30,1,,twin_core,507634,0.0,65994752,589,65,654,0,0.0
2026-04-25T11:15:08.390240+00:00,recovery_scenario,iperf_tcp,30,1,,ryu_controller,507627,28.3,58249216,480,21,501,26,245.0841
2026-04-25T11:15:08.490748+00:00,recovery_scenario,iperf_tcp,30,1,,twin_core,507634,0.0,65994752,589,65,654,0,0.0
2026-04-25T11:15:08.490748+00:00,recovery_scenario,iperf_tcp,30,1,,ryu_controller,507627,0.0,58249216,484,21,505,4,39.7665
2026-04-25T11:15:08.594927+00:00,recovery_scenario,iperf_tcp,30,1,,twin_core,507634,0.0,65994752,589,65,654,0,0.0
2026-04-25T11:15:08.594927+00:00,recovery_scenario,iperf_tcp,30,1,,ryu_controller,507627,9.6,58253312,509,21,530,25,240.2756
2026-04-25T11:15:08.698501+00:00,recovery_scenario,iperf_tcp,30,1,,twin_core,507634,0.0,65994752,589,65,654,0,0.0
2026-04-25T11:15:08.698501+00:00,recovery_scenario,iperf_tcp,30,1,,ryu_controller,507627,9.6,58261504,521,21,542,12,115.6437
2026-04-25T11:15:08.799110+00:00,recovery_scenario,iperf_tcp,30,1,,twin_core,507634,19.9,66064384,589,65,654,0,0.0
2026-04-25T11:15:08.799110+00:00,recovery_scenario,iperf_tcp,30,1,,ryu_controller,507627,39.8,58335232,579,21,600,58,577.5338
2026-04-25T11:15:08.899578+00:00,recovery_scenario,iperf_tcp,30,1,,twin_core,507634,0.0,66064384,597,65,662,8,79.5504
2026-04-25T11:15:08.899578+00:00,recovery_scenario,iperf_tcp,30,1,,ryu_controller,507627,19.9,58339328,608,21,629,29,288.3345
2026-04-25T11:15:09.000151+00:00,recovery_scenario,iperf_tcp,30,1,,twin_core,507634,0.0,66064384,600,65,665,3,29.8597
2026-04-25T11:15:09.000151+00:00,recovery_scenario,iperf_tcp,30,1,,ryu_controller,507627,19.9,58339328,631,21,652,23,228.9172
2026-04-25T11:15:09.100610+00:00,recovery_scenario,iperf_tcp,30,1,,twin_core,507634,0.0,66064384,603,65,668,3,29.8346
2026-04-25T11:15:09.100610+00:00,recovery_scenario,iperf_tcp,30,1,,ryu_controller,507627,19.9,58339328,669,21,690,38,377.8642
2026-04-25T11:15:09.202381+00:00,recovery_scenario,iperf_tcp,30,1,,twin_core,507634,0.0,66064384,603,65,668,0,0.0
2026-04-25T11:15:09.202381+00:00,recovery_scenario,iperf_tcp,30,1,,ryu_controller,507627,0.0,58339328,676,21,697,7,68.7605
2026-04-25T11:15:09.306968+00:00,recovery_scenario,iperf_tcp,30,1,,twin_core,507634,0.0,66064384,606,65,671,3,28.6842
2026-04-25T11:15:09.306968+00:00,recovery_scenario,iperf_tcp,30,1,,ryu_controller,507627,9.6,58339328,687,21,708,11,105.1448
2026-04-25T11:15:09.407614+00:00,recovery_scenario,iperf_tcp,30,1,,twin_core,507634,0.0,66064384,609,65,674,3,29.8097
2026-04-25T11:15:09.407614+00:00,recovery_scenario,iperf_tcp,30,1,,ryu_controller,507627,9.9,58339328,699,21,720,12,119.234
2026-04-25T11:15:09.508305+00:00,recovery_scenario,iperf_tcp,30,1,,twin_core,507634,0.0,66064384,615,65,680,6,59.4536
2026-04-25T11:15:09.508305+00:00,recovery_scenario,iperf_tcp,30,1,,ryu_controller,507627,0.0,58339328,705,21,726,6,59.3741
2026-04-25T11:15:09.609362+00:00,recovery_scenario,iperf_tcp,30,1,,twin_core,507634,9.9,66064384,621,65,686,6,59.5495
2026-04-25T11:15:09.609362+00:00,recovery_scenario,iperf_tcp,30,1,,ryu_controller,507627,19.9,58343424,727,21,748,22,218.622
2026-04-25T11:15:09.709937+00:00,recovery_scenario,iperf_tcp,30,1,,twin_core,507634,0.0,66064384,624,65,689,3,29.8193
2026-04-25T11:15:09.709937+00:00,recovery_scenario,iperf_tcp,30,1,,ryu_controller,507627,19.9,58347520,743,21,764,16,158.9187
2026-04-25T11:15:09.810699+00:00,recovery_scenario,iperf_tcp,30,1,,twin_core,507634,0.0,66064384,627,65,692,3,29.7851
2026-04-25T11:15:09.810699+00:00,recovery_scenario,iperf_tcp,30,1,,ryu_controller,507627,0.0,58347520,776,21,797,33,328.0489
2026-04-25T11:15:09.911209+00:00,recovery_scenario,iperf_tcp,30,1,,twin_core,507634,0.0,66064384,630,65,695,3,29.8432
2026-04-25T11:15:09.911209+00:00,recovery_scenario,iperf_tcp,30,1,,ryu_controller,507627,9.9,58347520,789,21,810,13,129.3155
2026-04-25T11:15:10.011849+00:00,recovery_scenario,iperf_tcp,30,1,,twin_core,507634,0.0,66064384,639,65,704,9,89.4067
2026-04-25T11:15:10.011849+00:00,recovery_scenario,iperf_tcp,30,1,,ryu_controller,507627,9.9,58347520,798,21,819,9,89.368
2026-04-25T11:15:10.112527+00:00,recovery_scenario,iperf_tcp,30,1,,twin_core,507634,0.0,66064384,642,65,707,3,29.7658
2026-04-25T11:15:10.112527+00:00,recovery_scenario,iperf_tcp,30,1,,ryu_controller,507627,69.5,58601472,843,23,866,47,466.4356
2026-04-25T11:15:10.213234+00:00,recovery_scenario,iperf_tcp,30,1,,twin_core,507634,0.0,66064384,645,65,710,3,29.8328
2026-04-25T11:15:10.213234+00:00,recovery_scenario,iperf_tcp,30,1,,ryu_controller,507627,9.9,58626048,862,24,886,20,198.8912
2026-04-25T11:15:10.313843+00:00,recovery_scenario,iperf_tcp,30,1,,twin_core,507634,0.0,66064384,648,65,713,3,29.8278
2026-04-25T11:15:10.313843+00:00,recovery_scenario,iperf_tcp,30,1,,ryu_controller,507627,9.9,58626048,873,24,897,11,109.3949
2026-04-25T11:15:10.414299+00:00,recovery_scenario,iperf_tcp,30,1,,twin_core,507634,0.0,66064384,651,65,716,3,29.8676
2026-04-25T11:15:10.414299+00:00,recovery_scenario,iperf_tcp,30,1,,ryu_controller,507627,29.9,58626048,883,24,907,10,99.5719
2026-04-25T11:15:10.516038+00:00,recovery_scenario,iperf_tcp,30,1,,twin_core,507634,0.0,66064384,654,65,719,3,29.4368
2026-04-25T11:15:10.516038+00:00,recovery_scenario,iperf_tcp,30,1,,ryu_controller,507627,0.0,58626048,887,24,911,4,39.2399
2026-04-25T11:15:10.616825+00:00,recovery_scenario,iperf_tcp,30,1,,twin_core,507634,9.9,66064384,666,65,731,12,119.139
2026-04-25T11:15:10.616825+00:00,recovery_scenario,iperf_tcp,30,1,,ryu_controller,507627,9.9,58626048,900,24,924,13,129.0756
2026-04-25T11:15:10.717409+00:00,recovery_scenario,iperf_tcp,30,1,,twin_core,507634,0.0,66064384,669,65,734,3,29.8571
2026-04-25T11:15:10.717409+00:00,recovery_scenario,iperf_tcp,30,1,,ryu_controller,507627,9.9,58626048,919,24,943,19,188.94
2026-04-25T11:15:10.817958+00:00,recovery_scenario,iperf_tcp,30,1,,twin_core,507634,0.0,66064384,672,65,737,3,29.826
2026-04-25T11:15:10.817958+00:00,recovery_scenario,iperf_tcp,30,1,,ryu_controller,507627,29.8,58634240,945,24,969,26,258.6665
2026-04-25T11:15:10.918475+00:00,recovery_scenario,iperf_tcp,30,1,,twin_core,507634,9.9,66170880,678,65,743,6,59.5353
2026-04-25T11:15:10.918475+00:00,recovery_scenario,iperf_tcp,30,1,,ryu_controller,507627,49.6,58646528,982,24,1006,37,367.0273
2026-04-25T11:15:11.019330+00:00,recovery_scenario,iperf_tcp,30,1,,twin_core,507634,0.0,66170880,691,65,756,13,128.9377
2026-04-25T11:15:11.019330+00:00,recovery_scenario,iperf_tcp,30,1,,ryu_controller,507627,0.0,58646528,992,24,1016,10,99.127
2026-04-25T11:15:11.120213+00:00,recovery_scenario,iperf_tcp,30,1,,twin_core,507634,9.9,66170880,697,65,762,6,59.6391
2026-04-25T11:15:11.120213+00:00,recovery_scenario,iperf_tcp,30,1,,ryu_controller,507627,19.9,58646528,1013,24,1037,21,208.9902
2026-04-25T11:15:11.220798+00:00,recovery_scenario,iperf_tcp,30,1,,twin_core,507634,0.0,66170880,697,65,762,0,0.0
2026-04-25T11:15:11.220798+00:00,recovery_scenario,iperf_tcp,30,1,,ryu_controller,507627,9.9,58646528,1025,24,1049,12,119.2667
2026-04-25T11:15:11.322741+00:00,recovery_scenario,iperf_tcp,30,1,,twin_core,507634,0.0,66170880,700,65,765,3,29.3257
2026-04-25T11:15:11.322741+00:00,recovery_scenario,iperf_tcp,30,1,,ryu_controller,507627,19.5,58650624,1045,24,1069,20,195.2384
2026-04-25T11:15:11.423676+00:00,recovery_scenario,iperf_tcp,30,1,,twin_core,507634,9.9,66170880,709,65,774,9,89.271
2026-04-25T11:15:11.423676+00:00,recovery_scenario,iperf_tcp,30,1,,ryu_controller,507627,0.0,58650624,1051,24,1075,6,59.5412
2026-04-25T11:15:11.524486+00:00,recovery_scenario,iperf_tcp,30,1,,twin_core,507634,0.0,66170880,718,65,783,9,89.3644
2026-04-25T11:15:11.524486+00:00,recovery_scenario,iperf_tcp,30,1,,ryu_controller,507627,9.9,58650624,1072,24,1096,21,208.6747
2026-04-25T11:15:11.626719+00:00,recovery_scenario,iperf_tcp,30,1,,twin_core,507634,0.0,66170880,718,65,783,0,0.0
2026-04-25T11:15:11.626719+00:00,recovery_scenario,iperf_tcp,30,1,,ryu_controller,507627,9.8,58650624,1089,24,1113,17,166.4612
2026-04-25T11:15:11.728405+00:00,recovery_scenario,iperf_tcp,30,1,,twin_core,507634,0.0,66170880,721,65,786,3,29.4618
2026-04-25T11:15:11.728405+00:00,recovery_scenario,iperf_tcp,30,1,,ryu_controller,507627,9.8,58650624,1106,24,1130,17,166.9154
2026-04-25T11:15:11.829072+00:00,recovery_scenario,iperf_tcp,30,1,,twin_core,507634,0.0,66170880,727,65,792,6,59.7115
2026-04-25T11:15:11.829072+00:00,recovery_scenario,iperf_tcp,30,1,,ryu_controller,507627,19.9,58650624,1122,24,1146,16,159.2825
2026-04-25T11:15:11.929548+00:00,recovery_scenario,iperf_tcp,30,1,,twin_core,507634,0.0,66170880,739,65,804,12,119.2966
2026-04-25T11:15:11.929548+00:00,recovery_scenario,iperf_tcp,30,1,,ryu_controller,507627,9.9,58650624,1145,24,1169,23,228.6586
2026-04-25T11:15:12.030118+00:00,recovery_scenario,iperf_tcp,30,1,,twin_core,507634,0.0,66170880,739,65,804,0,0.0
2026-04-25T11:15:12.030118+00:00,recovery_scenario,iperf_tcp,30,1,,ryu_controller,507627,19.9,58650624,1170,24,1194,25,248.7689
2026-04-25T11:15:12.130597+00:00,recovery_scenario,iperf_tcp,30,1,,twin_core,507634,0.0,66170880,742,65,807,3,29.8481
2026-04-25T11:15:12.130597+00:00,recovery_scenario,iperf_tcp,30,1,,ryu_controller,507627,0.0,58650624,1179,24,1203,9,89.5476
2026-04-25T11:15:12.231187+00:00,recovery_scenario,iperf_tcp,30,1,,twin_core,507634,0.0,66170880,748,65,813,6,59.6803
2026-04-25T11:15:12.231187+00:00,recovery_scenario,iperf_tcp,30,1,,ryu_controller,507627,89.5,58654720,1203,25,1228,25,248.6047
2026-04-25T11:15:12.332736+00:00,recovery_scenario,iperf_tcp,30,1,,twin_core,507634,9.8,66170880,753,65,818,5,49.2173
2026-04-25T11:15:12.332736+00:00,recovery_scenario,iperf_tcp,30,1,,ryu_controller,507627,39.4,58671104,1227,25,1252,24,235.2662
2026-04-25T11:15:12.433815+00:00,recovery_scenario,iperf_tcp,30,1,,twin_core,507634,0.0,66170880,760,65,825,7,69.2745
2026-04-25T11:15:12.433815+00:00,recovery_scenario,iperf_tcp,30,1,,ryu_controller,507627,0.0,58671104,1231,25,1256,4,39.7537
2026-04-25T11:15:12.537560+00:00,recovery_scenario,iperf_tcp,30,1,,twin_core,507634,0.0,66170880,763,65,828,3,28.9102
2026-04-25T11:15:12.537560+00:00,recovery_scenario,iperf_tcp,30,1,,ryu_controller,507627,19.3,58671104,1254,25,1279,23,221.6551
2026-04-25T11:15:12.597214+00:00,recovery_scenario,iperf_tcp,30,1,pingall_completed,,,,,,,,,
2026-04-25T11:15:12.641602+00:00,recovery_scenario,iperf_tcp,30,1,,twin_core,507634,0.0,66179072,776,65,841,13,124.8652
2026-04-25T11:15:12.641602+00:00,recovery_scenario,iperf_tcp,30,1,,ryu_controller,507627,0.0,58671104,1256,25,1281,2,19.2084
2026-04-25T11:15:12.743333+00:00,recovery_scenario,iperf_tcp,30,1,,twin_core,507634,0.0,66179072,776,65,841,0,0.0
2026-04-25T11:15:12.743333+00:00,recovery_scenario,iperf_tcp,30,1,,ryu_controller,507627,0.0,58671104,1259,25,1284,3,29.4926
2026-04-25T11:15:12.847573+00:00,recovery_scenario,iperf_tcp,30,1,,twin_core,507634,0.0,66179072,776,65,841,0,0.0
2026-04-25T11:15:12.847573+00:00,recovery_scenario,iperf_tcp,30,1,,ryu_controller,507627,9.6,58671104,1264,25,1289,5,47.857
2026-04-25T11:15:12.950166+00:00,recovery_scenario,iperf_tcp,30,1,,twin_core,507634,0.0,66187264,776,65,841,0,0.0
2026-04-25T11:15:12.950166+00:00,recovery_scenario,iperf_tcp,30,1,,ryu_controller,507627,48.9,58736640,1302,26,1328,39,381.3731
2026-04-25T11:15:13.060140+00:00,recovery_scenario,iperf_tcp,30,1,,twin_core,507634,9.1,66252800,776,65,841,0,0.0
2026-04-25T11:15:13.060140+00:00,recovery_scenario,iperf_tcp,30,1,,ryu_controller,507627,18.2,58740736,1319,26,1345,17,154.5043
2026-04-25T11:15:13.162948+00:00,recovery_scenario,iperf_tcp,30,1,,twin_core,507634,0.0,66252800,776,65,841,0,0.0
2026-04-25T11:15:13.162948+00:00,recovery_scenario,iperf_tcp,30,1,,ryu_controller,507627,0.0,58740736,1326,26,1352,7,67.9524
2026-04-25T11:15:13.264078+00:00,recovery_scenario,iperf_tcp,30,1,,twin_core,507634,0.0,66252800,776,65,841,0,0.0
2026-04-25T11:15:13.264078+00:00,recovery_scenario,iperf_tcp,30,1,,ryu_controller,507627,0.0,58740736,1345,26,1371,19,188.1393
2026-04-25T11:15:13.366035+00:00,recovery_scenario,iperf_tcp,30,1,,twin_core,507634,0.0,66252800,776,65,841,0,0.0
2026-04-25T11:15:13.366035+00:00,recovery_scenario,iperf_tcp,30,1,,ryu_controller,507627,9.8,58740736,1348,26,1374,3,29.4011
2026-04-25T11:15:13.468340+00:00,recovery_scenario,iperf_tcp,30,1,,twin_core,507634,0.0,66252800,776,65,841,0,0.0
2026-04-25T11:15:13.468340+00:00,recovery_scenario,iperf_tcp,30,1,,ryu_controller,507627,0.0,58740736,1351,26,1377,3,29.2944
2026-04-25T11:15:13.569170+00:00,recovery_scenario,iperf_tcp,30,1,,twin_core,507634,0.0,66252800,776,65,841,0,0.0
2026-04-25T11:15:13.569170+00:00,recovery_scenario,iperf_tcp,30,1,,ryu_controller,507627,0.0,58740736,1354,26,1380,3,29.7882
2026-04-25T11:15:13.669856+00:00,recovery_scenario,iperf_tcp,30,1,,twin_core,507634,9.9,66256896,781,65,846,5,49.6614
2026-04-25T11:15:13.669856+00:00,recovery_scenario,iperf_tcp,30,1,,ryu_controller,507627,0.0,58740736,1357,26,1383,3,29.8058
2026-04-25T11:15:13.770526+00:00,recovery_scenario,iperf_tcp,30,1,,twin_core,507634,0.0,66256896,781,65,846,0,0.0
2026-04-25T11:15:13.770526+00:00,recovery_scenario,iperf_tcp,30,1,,ryu_controller,507627,0.0,58740736,1360,26,1386,3,29.7797
2026-04-25T11:15:13.871237+00:00,recovery_scenario,iperf_tcp,30,1,,twin_core,507634,0.0,66256896,781,65,846,0,0.0
2026-04-25T11:15:13.871237+00:00,recovery_scenario,iperf_tcp,30,1,,ryu_controller,507627,10.0,58740736,1364,26,1390,4,39.8246
2026-04-25T11:15:13.971722+00:00,recovery_scenario,iperf_tcp,30,1,,twin_core,507634,0.0,66256896,781,65,846,0,0.0
2026-04-25T11:15:13.971722+00:00,recovery_scenario,iperf_tcp,30,1,,ryu_controller,507627,0.0,58740736,1389,26,1415,25,248.5084
2026-04-25T11:15:14.072258+00:00,recovery_scenario,iperf_tcp,30,1,,twin_core,507634,9.9,66256896,781,65,846,0,0.0
2026-04-25T11:15:14.072258+00:00,recovery_scenario,iperf_tcp,30,1,,ryu_controller,507627,0.0,58740736,1392,28,1420,5,49.7602
2026-04-25T11:15:14.173243+00:00,recovery_scenario,iperf_tcp,30,1,,twin_core,507634,0.0,66256896,781,65,846,0,0.0
2026-04-25T11:15:14.173243+00:00,recovery_scenario,iperf_tcp,30,1,,ryu_controller,507627,0.0,58740736,1394,29,1423,3,29.5954
2026-04-25T11:15:14.277005+00:00,recovery_scenario,iperf_tcp,30,1,,twin_core,507634,0.0,66256896,781,65,846,0,0.0
2026-04-25T11:15:14.277005+00:00,recovery_scenario,iperf_tcp,30,1,,ryu_controller,507627,0.0,58740736,1398,40,1438,15,142.5968
2026-04-25T11:15:14.385141+00:00,recovery_scenario,iperf_tcp,30,1,,twin_core,507634,0.0,66256896,781,65,846,0,0.0
2026-04-25T11:15:14.385141+00:00,recovery_scenario,iperf_tcp,30,1,,ryu_controller,507627,37.1,58748928,1401,216,1617,179,1673.184
2026-04-25T11:15:14.487046+00:00,recovery_scenario,iperf_tcp,30,1,,twin_core,507634,0.0,66256896,781,65,846,0,0.0
2026-04-25T11:15:14.487046+00:00,recovery_scenario,iperf_tcp,30,1,,ryu_controller,507627,29.2,58748928,1402,416,1818,201,1961.615
2026-04-25T11:15:14.591162+00:00,recovery_scenario,iperf_tcp,30,1,,twin_core,507634,0.0,66256896,781,65,846,0,0.0
2026-04-25T11:15:14.591162+00:00,recovery_scenario,iperf_tcp,30,1,,ryu_controller,507627,48.1,58753024,1405,671,2076,258,2482.8043
2026-04-25T11:15:14.626735+00:00,recovery_scenario,iperf_tcp,30,1,background_traffic_started,,,,,,,,,
2026-04-25T11:15:14.696163+00:00,recovery_scenario,iperf_tcp,30,1,,twin_core,507634,0.0,66281472,786,67,853,7,67.1542
2026-04-25T11:15:14.696163+00:00,recovery_scenario,iperf_tcp,30,1,,ryu_controller,507627,38.3,58773504,1406,901,2307,231,2210.5536
2026-04-25T11:15:14.798963+00:00,recovery_scenario,iperf_tcp,30,1,,twin_core,507634,0.0,66285568,791,68,859,6,57.9583
2026-04-25T11:15:14.798963+00:00,recovery_scenario,iperf_tcp,30,1,,ryu_controller,507627,38.7,58773504,1410,1111,2521,214,2067.5146
2026-04-25T11:15:14.901246+00:00,recovery_scenario,iperf_tcp,30,1,,twin_core,507634,9.8,66338816,800,72,872,13,127.8437
2026-04-25T11:15:14.901246+00:00,recovery_scenario,iperf_tcp,30,1,,ryu_controller,507627,48.8,58789888,1419,1294,2713,192,1876.9642
2026-04-25T11:15:15.005144+00:00,recovery_scenario,iperf_tcp,30,1,,twin_core,507634,0.0,66412544,809,74,883,11,106.1768
2026-04-25T11:15:15.005144+00:00,recovery_scenario,iperf_tcp,30,1,,ryu_controller,507627,38.9,58900480,1426,1464,2890,177,1724.478
2026-04-25T11:15:15.027982+00:00,recovery_scenario,iperf_tcp,30,1,fault_injected,,,,,,,,,
2026-04-25T11:15:15.105701+00:00,recovery_scenario,iperf_tcp,30,1,,twin_core,507634,9.9,66482176,812,80,892,9,89.3961
2026-04-25T11:15:15.105701+00:00,recovery_scenario,iperf_tcp,30,1,,ryu_controller,507627,39.7,59244544,1428,1632,3060,170,1688.3334
2026-04-25T11:15:15.206775+00:00,recovery_scenario,iperf_tcp,30,1,,twin_core,507634,0.0,66482176,812,80,892,0,0.0
2026-04-25T11:15:15.206775+00:00,recovery_scenario,iperf_tcp,30,1,,ryu_controller,507627,59.5,59277312,1428,1963,3391,331,3279.9592
2026-04-25T11:15:15.309727+00:00,recovery_scenario,iperf_tcp,30,1,,twin_core,507634,0.0,66482176,812,80,892,0,0.0
2026-04-25T11:15:15.309727+00:00,recovery_scenario,iperf_tcp,30,1,,ryu_controller,507627,77.7,59277312,1428,2123,3551,160,1554.1442
2026-04-25T11:15:15.410166+00:00,recovery_scenario,iperf_tcp,30,1,,twin_core,507634,0.0,66482176,812,80,892,0,0.0
2026-04-25T11:15:15.410166+00:00,recovery_scenario,iperf_tcp,30,1,,ryu_controller,507627,59.7,59326464,1428,2244,3672,121,1204.4663
2026-04-25T11:15:15.510713+00:00,recovery_scenario,iperf_tcp,30,1,,twin_core,507634,0.0,66482176,812,80,892,0,0.0
2026-04-25T11:15:15.510713+00:00,recovery_scenario,iperf_tcp,30,1,,ryu_controller,507627,99.4,59346944,1428,2275,3703,31,308.2801
2026-04-25T11:15:15.611186+00:00,recovery_scenario,iperf_tcp,30,1,,twin_core,507634,0.0,66482176,813,80,893,1,9.9532
2026-04-25T11:15:15.611186+00:00,recovery_scenario,iperf_tcp,30,1,,ryu_controller,507627,99.5,59367424,1428,2277,3705,2,19.9069
2026-04-25T11:15:15.711631+00:00,recovery_scenario,iperf_tcp,30,1,,twin_core,507634,0.0,66482176,813,80,893,0,0.0
2026-04-25T11:15:15.711631+00:00,recovery_scenario,iperf_tcp,30,1,,ryu_controller,507627,99.6,59371520,1428,2319,3747,42,418.1444
2026-04-25T11:15:15.812099+00:00,recovery_scenario,iperf_tcp,30,1,,twin_core,507634,0.0,66482176,813,80,893,0,0.0
2026-04-25T11:15:15.812099+00:00,recovery_scenario,iperf_tcp,30,1,,ryu_controller,507627,69.6,59371520,1428,2451,3879,132,1312.5973
2026-04-25T11:15:15.914386+00:00,recovery_scenario,iperf_tcp,30,1,,twin_core,507634,0.0,66482176,813,80,893,0,0.0
2026-04-25T11:15:15.914386+00:00,recovery_scenario,iperf_tcp,30,1,,ryu_controller,507627,58.2,59371520,1428,2598,4026,147,1422.1155
2026-04-25T11:15:16.018450+00:00,recovery_scenario,iperf_tcp,30,1,,twin_core,507634,9.6,66482176,813,80,893,0,0.0
2026-04-25T11:15:16.018450+00:00,recovery_scenario,iperf_tcp,30,1,,ryu_controller,507627,76.9,59371520,1428,2900,4328,302,2907.4653
2026-04-25T11:15:16.119879+00:00,recovery_scenario,iperf_tcp,30,1,,twin_core,507634,0.0,66482176,814,80,894,1,9.9539
2026-04-25T11:15:16.119879+00:00,recovery_scenario,iperf_tcp,30,1,,ryu_controller,507627,69.7,59371520,1428,3313,4741,413,4085.9024
2026-04-25T11:15:16.221449+00:00,recovery_scenario,iperf_tcp,30,1,,twin_core,507634,0.0,66482176,814,80,894,0,0.0
2026-04-25T11:15:16.221449+00:00,recovery_scenario,iperf_tcp,30,1,,ryu_controller,507627,88.5,59371520,1428,3595,5023,282,2790.4028
2026-04-25T11:15:16.322448+00:00,recovery_scenario,iperf_tcp,30,1,,twin_core,507634,0.0,66482176,814,80,894,0,0.0
2026-04-25T11:15:16.322448+00:00,recovery_scenario,iperf_tcp,30,1,,ryu_controller,507627,58.8,59371520,1429,3749,5178,155,1518.3319
2026-04-25T11:15:16.425799+00:00,recovery_scenario,iperf_tcp,30,1,,twin_core,507634,0.0,66482176,814,80,894,0,0.0
2026-04-25T11:15:16.425799+00:00,recovery_scenario,iperf_tcp,30,1,,ryu_controller,507627,87.8,59371520,1429,3917,5346,168,1639.9049
2026-04-25T11:15:16.534742+00:00,recovery_scenario,iperf_tcp,30,1,,twin_core,507634,9.2,66482176,814,80,894,0,0.0
2026-04-25T11:15:16.534742+00:00,recovery_scenario,iperf_tcp,30,1,,ryu_controller,507627,64.3,59371520,1429,4092,5521,175,1606.8758
2026-04-25T11:15:16.636064+00:00,recovery_scenario,iperf_tcp,30,1,,twin_core,507634,0.0,66482176,815,83,898,4,39.5339
2026-04-25T11:15:16.636064+00:00,recovery_scenario,iperf_tcp,30,1,,ryu_controller,507627,68.8,59371520,1429,4253,5682,161,1576.5353
2026-04-25T11:15:16.740038+00:00,recovery_scenario,iperf_tcp,30,1,,twin_core,507634,0.0,66482176,815,83,898,0,0.0
2026-04-25T11:15:16.740038+00:00,recovery_scenario,iperf_tcp,30,1,,ryu_controller,507627,58.0,59371520,1429,4406,5835,153,1484.9298
2026-04-25T11:15:16.841776+00:00,recovery_scenario,iperf_tcp,30,1,,twin_core,507634,0.0,66482176,815,83,898,0,0.0
2026-04-25T11:15:16.841776+00:00,recovery_scenario,iperf_tcp,30,1,,ryu_controller,507627,68.8,59371520,1429,4780,6209,374,3677.9209
2026-04-25T11:15:16.942318+00:00,recovery_scenario,iperf_tcp,30,1,,twin_core,507634,0.0,66482176,815,83,898,0,0.0
2026-04-25T11:15:16.942318+00:00,recovery_scenario,iperf_tcp,30,1,,ryu_controller,507627,69.7,59371520,1429,5187,6616,407,4052.6406
2026-04-25T11:15:17.046045+00:00,recovery_scenario,iperf_tcp,30,1,,twin_core,507634,0.0,66482176,815,83,898,0,0.0
2026-04-25T11:15:17.046045+00:00,recovery_scenario,iperf_tcp,30,1,,ryu_controller,507627,77.1,59379712,1429,5454,6883,267,2570.5919
2026-04-25T11:15:17.147268+00:00,recovery_scenario,iperf_tcp,30,1,,twin_core,507634,0.0,66482176,816,86,902,4,39.5177
2026-04-25T11:15:17.147268+00:00,recovery_scenario,iperf_tcp,30,1,,ryu_controller,507627,49.4,59383808,1429,5533,6962,79,779.5212
2026-04-25T11:15:17.248266+00:00,recovery_scenario,iperf_tcp,30,1,,twin_core,507634,0.0,66482176,816,86,902,0,0.0
2026-04-25T11:15:17.248266+00:00,recovery_scenario,iperf_tcp,30,1,,ryu_controller,507627,49.6,59387904,1429,5676,7105,143,1419.8156
2026-04-25T11:15:17.349296+00:00,recovery_scenario,iperf_tcp,30,1,,twin_core,507634,0.0,66482176,816,86,902,0,0.0
2026-04-25T11:15:17.349296+00:00,recovery_scenario,iperf_tcp,30,1,,ryu_controller,507627,59.4,59392000,1429,5757,7186,81,801.5003
2026-04-25T11:15:17.450312+00:00,recovery_scenario,iperf_tcp,30,1,,twin_core,507634,0.0,66482176,816,86,902,0,0.0
2026-04-25T11:15:17.450312+00:00,recovery_scenario,iperf_tcp,30,1,,ryu_controller,507627,59.4,59392000,1429,5846,7275,89,881.0731
2026-04-25T11:15:17.551588+00:00,recovery_scenario,iperf_tcp,30,1,,twin_core,507634,0.0,66482176,816,86,902,0,0.0
2026-04-25T11:15:17.551588+00:00,recovery_scenario,iperf_tcp,30,1,,ryu_controller,507627,58.8,59392000,1429,5968,7397,122,1190.5105
2026-04-25T11:15:17.653259+00:00,recovery_scenario,iperf_tcp,30,1,,twin_core,507634,0.0,66482176,817,86,903,1,9.9011
2026-04-25T11:15:17.653259+00:00,recovery_scenario,iperf_tcp,30,1,,ryu_controller,507627,59.4,59392000,1429,6366,7795,398,3960.7798
2026-04-25T11:15:17.754245+00:00,recovery_scenario,iperf_tcp,30,1,,twin_core,507634,0.0,66482176,817,86,903,0,0.0
2026-04-25T11:15:17.754245+00:00,recovery_scenario,iperf_tcp,30,1,,ryu_controller,507627,49.5,59392000,1429,6502,7931,136,1346.1385
2026-04-25T11:15:17.859003+00:00,recovery_scenario,iperf_tcp,30,1,,twin_core,507634,9.5,66482176,817,86,903,0,0.0
2026-04-25T11:15:17.859003+00:00,recovery_scenario,iperf_tcp,30,1,,ryu_controller,507627,57.2,59392000,1429,6755,8184,253,2413.7325
2026-04-25T11:15:17.959873+00:00,recovery_scenario,iperf_tcp,30,1,,twin_core,507634,0.0,66482176,817,86,903,0,0.0
2026-04-25T11:15:17.959873+00:00,recovery_scenario,iperf_tcp,30,1,,ryu_controller,507627,59.5,59392000,1429,6953,8382,198,1959.8678
2026-04-25T11:15:18.144411+00:00,recovery_scenario,iperf_tcp,30,1,,twin_core,507634,9.7,66482176,817,86,903,0,0.0
2026-04-25T11:15:18.144411+00:00,recovery_scenario,iperf_tcp,30,1,,ryu_controller,507627,47.8,59392000,1429,6956,8385,3,14.3494
2026-04-25T11:15:18.454898+00:00,recovery_scenario,iperf_tcp,30,1,,twin_core,507634,3.5,66486272,818,91,909,6,20.8594
2026-04-25T11:15:18.454898+00:00,recovery_scenario,iperf_tcp,30,1,,ryu_controller,507627,52.4,59392000,1429,6969,8398,13,45.4233
2026-04-25T11:15:18.556041+00:00,recovery_scenario,iperf_tcp,30,1,,twin_core,507634,29.7,66486272,818,91,909,0,0.0
2026-04-25T11:15:18.556041+00:00,recovery_scenario,iperf_tcp,30,1,,ryu_controller,507627,59.4,59392000,1429,7038,8467,69,682.5378
2026-04-25T11:15:18.656938+00:00,recovery_scenario,iperf_tcp,30,1,,twin_core,507634,0.0,66486272,818,91,909,0,0.0
2026-04-25T11:15:18.656938+00:00,recovery_scenario,iperf_tcp,30,1,,ryu_controller,507627,79.4,59392000,1429,7159,8588,121,1202.2125
2026-04-25T11:15:18.758959+00:00,recovery_scenario,iperf_tcp,30,1,,twin_core,507634,19.6,66486272,818,91,909,0,0.0
2026-04-25T11:15:18.758959+00:00,recovery_scenario,iperf_tcp,30,1,,ryu_controller,507627,78.5,59392000,1435,7291,8726,138,1354.2837
2026-04-25T11:15:18.859864+00:00,recovery_scenario,iperf_tcp,30,1,,twin_core,507634,9.9,66514944,818,91,909,0,0.0
2026-04-25T11:15:18.859864+00:00,recovery_scenario,iperf_tcp,30,1,,ryu_controller,507627,29.7,59392000,1443,7322,8765,39,386.0136
2026-04-25T11:15:18.960603+00:00,recovery_scenario,iperf_tcp,30,1,,twin_core,507634,19.9,66514944,829,115,944,35,347.4603
2026-04-25T11:15:18.960603+00:00,recovery_scenario,iperf_tcp,30,1,,ryu_controller,507627,59.6,59392000,1451,7385,8836,71,705.1143
2026-04-25T11:15:19.070231+00:00,recovery_scenario,iperf_tcp,30,1,,twin_core,507634,18.2,66514944,830,122,952,8,72.6589
2026-04-25T11:15:19.070231+00:00,recovery_scenario,iperf_tcp,30,1,,ryu_controller,507627,45.4,59392000,1453,7405,8858,22,199.6506
2026-04-25T11:15:19.172193+00:00,recovery_scenario,iperf_tcp,30,1,,twin_core,507634,9.6,66514944,832,132,964,12,115.3512
2026-04-25T11:15:19.172193+00:00,recovery_scenario,iperf_tcp,30,1,,ryu_controller,507627,67.3,59392000,1455,7435,8890,32,307.5489
2026-04-25T11:15:19.275542+00:00,recovery_scenario,iperf_tcp,30,1,,twin_core,507634,9.8,66514944,837,154,991,27,265.367
2026-04-25T11:15:19.275542+00:00,recovery_scenario,iperf_tcp,30,1,,ryu_controller,507627,78.5,59392000,1463,7503,8966,76,745.2018
2026-04-25T11:15:19.390466+00:00,recovery_scenario,iperf_tcp,30,1,recovery_requested,,,,,,,,,
2026-04-25T11:15:19.383396+00:00,recovery_scenario,iperf_tcp,30,1,,twin_core,507634,28.1,66519040,848,271,1119,128,1084.7255
2026-04-25T11:15:19.383396+00:00,recovery_scenario,iperf_tcp,30,1,,ryu_controller,507627,67.5,59392000,1474,7720,9194,228,1911.8656
2026-04-25T11:15:19.497078+00:00,recovery_scenario,iperf_tcp,30,1,,twin_core,507634,0.0,66519040,852,283,1135,16,154.1993
2026-04-25T11:15:19.497078+00:00,recovery_scenario,iperf_tcp,30,1,,ryu_controller,507627,19.4,59392000,1490,7789,9279,85,825.2266
2026-04-25T11:15:19.600089+00:00,recovery_scenario,iperf_tcp,30,1,,twin_core,507634,0.0,66519040,852,283,1135,0,0.0
2026-04-25T11:15:19.600089+00:00,recovery_scenario,iperf_tcp,30,1,,ryu_controller,507627,49.2,59392000,1506,7934,9440,161,1594.7105
2026-04-25T11:15:19.700828+00:00,recovery_scenario,iperf_tcp,30,1,,twin_core,507634,0.0,66519040,852,283,1135,0,0.0
2026-04-25T11:15:19.700828+00:00,recovery_scenario,iperf_tcp,30,1,,ryu_controller,507627,69.4,59392000,1519,8163,9682,242,2396.5534
2026-04-25T11:15:19.803773+00:00,recovery_scenario,iperf_tcp,30,1,,twin_core,507634,9.7,66519040,852,283,1135,0,0.0
2026-04-25T11:15:19.803773+00:00,recovery_scenario,iperf_tcp,30,1,,ryu_controller,507627,68.1,59392000,1531,8370,9901,219,2133.6389
2026-04-25T11:15:19.904268+00:00,recovery_scenario,iperf_tcp,30,1,,twin_core,507634,0.0,66519040,852,283,1135,0,0.0
2026-04-25T11:15:19.904268+00:00,recovery_scenario,iperf_tcp,30,1,,ryu_controller,507627,69.7,59392000,1531,8672,10203,302,3006.2871
2026-04-25T11:15:20.007399+00:00,recovery_scenario,iperf_tcp,30,1,,twin_core,507634,0.0,66519040,853,283,1136,1,9.6623
2026-04-25T11:15:20.007399+00:00,recovery_scenario,iperf_tcp,30,1,,ryu_controller,507627,96.6,59392000,1531,8769,10300,97,937.0935
2026-04-25T11:15:20.108311+00:00,recovery_scenario,iperf_tcp,30,1,,twin_core,507634,0.0,66519040,853,283,1136,0,0.0
2026-04-25T11:15:20.108311+00:00,recovery_scenario,iperf_tcp,30,1,,ryu_controller,507627,99.4,59392000,1531,8832,10363,63,625.7006
2026-04-25T11:15:20.209301+00:00,recovery_scenario,iperf_tcp,30,1,,twin_core,507634,0.0,66519040,853,283,1136,0,0.0
2026-04-25T11:15:20.209301+00:00,recovery_scenario,iperf_tcp,30,1,,ryu_controller,507627,99.0,59392000,1531,8990,10521,158,1563.8485
2026-04-25T11:15:20.310127+00:00,recovery_scenario,iperf_tcp,30,1,,twin_core,507634,0.0,66519040,853,283,1136,0,0.0
2026-04-25T11:15:20.310127+00:00,recovery_scenario,iperf_tcp,30,1,,ryu_controller,507627,89.2,59392000,1531,9128,10659,138,1369.7841
2026-04-25T11:15:20.410966+00:00,recovery_scenario,iperf_tcp,30,1,,twin_core,507634,0.0,66519040,853,283,1136,0,0.0
2026-04-25T11:15:20.410966+00:00,recovery_scenario,iperf_tcp,30,1,,ryu_controller,507627,99.2,59392000,1531,9128,10659,0,0.0
2026-04-25T11:15:20.513147+00:00,recovery_scenario,iperf_tcp,30,1,,twin_core,507634,0.0,66519040,854,283,1137,1,9.7752
2026-04-25T11:15:20.513147+00:00,recovery_scenario,iperf_tcp,30,1,,ryu_controller,507627,97.2,59392000,1531,9132,10663,4,38.872
2026-04-25T11:15:20.614575+00:00,recovery_scenario,iperf_tcp,30,1,,twin_core,507634,0.0,66519040,854,283,1137,0,0.0
2026-04-25T11:15:20.614575+00:00,recovery_scenario,iperf_tcp,30,1,,ryu_controller,507627,99.2,59392000,1531,9134,10665,2,19.8483
2026-04-25T11:15:20.715175+00:00,recovery_scenario,iperf_tcp,30,1,,twin_core,507634,0.0,66519040,854,283,1137,0,0.0
2026-04-25T11:15:20.715175+00:00,recovery_scenario,iperf_tcp,30,1,,ryu_controller,507627,109.4,59392000,1531,9138,10669,4,39.7005
2026-04-25T11:15:20.815904+00:00,recovery_scenario,iperf_tcp,30,1,,twin_core,507634,0.0,66519040,854,283,1137,0,0.0
2026-04-25T11:15:20.815904+00:00,recovery_scenario,iperf_tcp,30,1,,ryu_controller,507627,89.1,59424768,1531,9138,10669,0,0.0
2026-04-25T11:15:20.916864+00:00,recovery_scenario,iperf_tcp,30,1,,twin_core,507634,0.0,66519040,854,283,1137,0,0.0
2026-04-25T11:15:20.916864+00:00,recovery_scenario,iperf_tcp,30,1,,ryu_controller,507627,109.2,59453440,1531,9139,10670,1,9.9324
2026-04-25T11:15:21.053069+00:00,recovery_scenario,iperf_tcp,30,1,,twin_core,507634,0.0,66519040,855,283,1138,1,7.3176
2026-04-25T11:15:21.053069+00:00,recovery_scenario,iperf_tcp,30,1,,ryu_controller,507627,95.1,59453440,1531,9143,10674,4,29.2673
2026-04-25T11:15:21.154067+00:00,recovery_scenario,iperf_tcp,30,1,,twin_core,507634,0.0,66519040,855,283,1138,0,0.0
2026-04-25T11:15:21.154067+00:00,recovery_scenario,iperf_tcp,30,1,,ryu_controller,507627,99.5,59453440,1531,9147,10678,4,39.7792
2026-04-25T11:15:21.254563+00:00,recovery_scenario,iperf_tcp,30,1,,twin_core,507634,0.0,66519040,855,283,1138,0,0.0
2026-04-25T11:15:21.254563+00:00,recovery_scenario,iperf_tcp,30,1,,ryu_controller,507627,99.4,59453440,1531,9148,10679,1,9.9471
2026-04-25T11:15:21.355119+00:00,recovery_scenario,iperf_tcp,30,1,,twin_core,507634,0.0,66519040,855,283,1138,0,0.0
2026-04-25T11:15:21.355119+00:00,recovery_scenario,iperf_tcp,30,1,,ryu_controller,507627,98.9,59453440,1532,9148,10680,1,9.8162
2026-04-25T11:15:21.457045+00:00,recovery_scenario,iperf_tcp,30,1,,twin_core,507634,9.8,66519040,856,283,1139,1,9.8217
2026-04-25T11:15:21.457045+00:00,recovery_scenario,iperf_tcp,30,1,,ryu_controller,507627,108.4,59453440,1532,9152,10684,4,39.717
2026-04-25T11:15:21.558266+00:00,recovery_scenario,iperf_tcp,30,1,,twin_core,507634,0.0,66519040,856,283,1139,0,0.0
2026-04-25T11:15:21.558266+00:00,recovery_scenario,iperf_tcp,30,1,,ryu_controller,507627,88.7,59453440,1532,9154,10686,2,19.6506
2026-04-25T11:15:21.659523+00:00,recovery_scenario,iperf_tcp,30,1,,twin_core,507634,9.9,66519040,856,283,1139,0,0.0
2026-04-25T11:15:21.659523+00:00,recovery_scenario,iperf_tcp,30,1,,ryu_controller,507627,108.7,59457536,1532,9159,10691,5,49.5204
2026-04-25T11:15:21.762122+00:00,recovery_scenario,iperf_tcp,30,1,,twin_core,507634,0.0,66519040,856,283,1139,0,0.0
2026-04-25T11:15:21.762122+00:00,recovery_scenario,iperf_tcp,30,1,,ryu_controller,507627,85.7,59461632,1532,9171,10703,12,114.314
2026-04-25T11:15:21.865521+00:00,recovery_scenario,iperf_tcp,30,1,,twin_core,507634,0.0,66519040,856,283,1139,0,0.0
2026-04-25T11:15:21.865521+00:00,recovery_scenario,iperf_tcp,30,1,,ryu_controller,507627,99.1,59461632,1532,9221,10753,50,495.5941
2026-04-25T11:15:21.969353+00:00,recovery_scenario,iperf_tcp,30,1,,twin_core,507634,0.0,66519040,857,284,1141,2,19.3081
2026-04-25T11:15:21.969353+00:00,recovery_scenario,iperf_tcp,30,1,,ryu_controller,507627,77.2,59461632,1533,9301,10834,81,781.7165
2026-04-25T11:15:22.070532+00:00,recovery_scenario,iperf_tcp,30,1,,twin_core,507634,9.9,66535424,857,284,1141,0,0.0
2026-04-25T11:15:22.070532+00:00,recovery_scenario,iperf_tcp,30,1,,ryu_controller,507627,49.4,59461632,1545,9341,10886,52,513.4441
2026-04-25T11:15:22.171137+00:00,recovery_scenario,iperf_tcp,30,1,,twin_core,507634,0.0,66535424,857,284,1141,0,0.0
2026-04-25T11:15:22.171137+00:00,recovery_scenario,iperf_tcp,30,1,,ryu_controller,507627,0.0,59461632,1551,9344,10895,9,89.4876
2026-04-25T11:15:22.271957+00:00,recovery_scenario,iperf_tcp,30,1,,twin_core,507634,0.0,66535424,857,284,1141,0,0.0
2026-04-25T11:15:22.271957+00:00,recovery_scenario,iperf_tcp,30,1,,ryu_controller,507627,9.9,59461632,1556,9346,10902,7,69.1427
2026-04-25T11:15:22.375551+00:00,recovery_scenario,iperf_tcp,30,1,,twin_core,507634,0.0,66535424,857,284,1141,0,0.0
2026-04-25T11:15:22.375551+00:00,recovery_scenario,iperf_tcp,30,1,,ryu_controller,507627,9.7,59461632,1561,9348,10909,7,67.6838
2026-04-25T11:15:22.478402+00:00,recovery_scenario,iperf_tcp,30,1,,twin_core,507634,9.7,66535424,870,320,1190,49,477.9275
2026-04-25T11:15:22.478402+00:00,recovery_scenario,iperf_tcp,30,1,,ryu_controller,507627,19.5,59461632,1574,9492,11066,157,1527.8497
2026-04-25T11:15:22.541799+00:00,recovery_scenario,iperf_tcp,30,1,scenario_teardown,,,,,,,,,
2026-04-25T11:15:22.579301+00:00,recovery_scenario,iperf_tcp,30,1,,twin_core,507634,19.8,66539520,889,415,1304,114,1128.7807
2026-04-25T11:15:22.579301+00:00,recovery_scenario,iperf_tcp,30,1,,ryu_controller,507627,39.7,59461632,1603,9733,11336,270,2680.5367
2026-04-25T11:15:22.679913+00:00,recovery_scenario,iperf_tcp,30,1,,twin_core,507634,9.9,66539520,905,416,1321,17,168.9139
2026-04-25T11:15:22.679913+00:00,recovery_scenario,iperf_tcp,30,1,,ryu_controller,507627,19.9,59461632,1614,9735,11349,13,129.1456
2026-04-25T11:15:22.780746+00:00,recovery_scenario,iperf_tcp,30,1,,twin_core,507634,9.9,66539520,930,417,1347,26,258.1639
2026-04-25T11:15:22.780746+00:00,recovery_scenario,iperf_tcp,30,1,,ryu_controller,507627,9.9,59461632,1624,9743,11367,18,178.8209
2026-04-25T11:15:22.881229+00:00,recovery_scenario,iperf_tcp,30,1,,twin_core,507634,0.0,66539520,944,418,1362,15,149.3237
2026-04-25T11:15:22.881229+00:00,recovery_scenario,iperf_tcp,30,1,,ryu_controller,507627,10.0,59461632,1637,9746,11383,16,159.2945
2026-04-25T11:15:22.981724+00:00,recovery_scenario,iperf_tcp,30,1,,twin_core,507634,0.0,66539520,944,418,1362,0,0.0
2026-04-25T11:15:22.981724+00:00,recovery_scenario,iperf_tcp,30,1,,ryu_controller,507627,9.9,59461632,1650,9747,11397,14,139.149
2026-04-25T11:15:26.416397+00:00,recovery_scenario,iperf_tcp,50,1,,twin_core,508673,0.0,65163264,394,51,445,0,0.0
2026-04-25T11:15:26.416397+00:00,recovery_scenario,iperf_tcp,50,1,,ryu_controller,508666,0.0,57638912,7,2,9,0,0.0
2026-04-25T11:15:26.518233+00:00,recovery_scenario,iperf_tcp,50,1,,twin_core,508673,0.0,65208320,412,51,463,18,177.055
2026-04-25T11:15:26.518233+00:00,recovery_scenario,iperf_tcp,50,1,,ryu_controller,508666,19.7,57987072,15,10,25,16,159.1235
2026-04-25T11:15:26.618670+00:00,recovery_scenario,iperf_tcp,50,1,,twin_core,508673,0.0,65208320,500,53,553,90,895.7945
2026-04-25T11:15:26.618670+00:00,recovery_scenario,iperf_tcp,50,1,,ryu_controller,508666,29.9,58003456,30,13,43,18,179.1484
2026-04-25T11:15:26.716730+00:00,recovery_scenario,iperf_tcp,50,1,service_started,,,,,,,,,
2026-04-25T11:15:26.719101+00:00,recovery_scenario,iperf_tcp,50,1,,twin_core,508673,10.0,65798144,596,54,650,97,963.0204
2026-04-25T11:15:26.719101+00:00,recovery_scenario,iperf_tcp,50,1,,ryu_controller,508666,39.7,58023936,62,16,78,35,347.1083
2026-04-25T11:15:26.819973+00:00,recovery_scenario,iperf_tcp,50,1,,twin_core,508673,19.8,65998848,597,54,651,1,9.9453
2026-04-25T11:15:26.819973+00:00,recovery_scenario,iperf_tcp,50,1,,ryu_controller,508666,49.8,58097664,121,16,137,59,587.4857
2026-04-25T11:15:26.920371+00:00,recovery_scenario,iperf_tcp,50,1,,twin_core,508673,0.0,65998848,597,54,651,0,0.0
2026-04-25T11:15:26.920371+00:00,recovery_scenario,iperf_tcp,50,1,,ryu_controller,508666,19.9,58101760,145,16,161,24,238.9121
2026-04-25T11:15:27.022334+00:00,recovery_scenario,iperf_tcp,50,1,,twin_core,508673,0.0,65998848,597,54,651,0,0.0
2026-04-25T11:15:27.022334+00:00,recovery_scenario,iperf_tcp,50,1,,ryu_controller,508666,19.6,58109952,175,16,191,30,293.5267
2026-04-25T11:15:27.123033+00:00,recovery_scenario,iperf_tcp,50,1,,twin_core,508673,0.0,65998848,597,54,651,0,0.0
2026-04-25T11:15:27.123033+00:00,recovery_scenario,iperf_tcp,50,1,,ryu_controller,508666,19.9,58122240,202,16,218,27,268.4715
2026-04-25T11:15:27.223738+00:00,recovery_scenario,iperf_tcp,50,1,,twin_core,508673,0.0,65998848,597,54,651,0,0.0
2026-04-25T11:15:27.223738+00:00,recovery_scenario,iperf_tcp,50,1,,ryu_controller,508666,9.9,58122240,217,16,233,15,148.3155
2026-04-25T11:15:27.324947+00:00,recovery_scenario,iperf_tcp,50,1,,twin_core,508673,0.0,65998848,597,54,651,0,0.0
2026-04-25T11:15:27.324947+00:00,recovery_scenario,iperf_tcp,50,1,,ryu_controller,508666,19.9,58130432,248,16,264,31,308.0963
2026-04-25T11:15:27.425363+00:00,recovery_scenario,iperf_tcp,50,1,,twin_core,508673,0.0,65998848,597,54,651,0,0.0
2026-04-25T11:15:27.425363+00:00,recovery_scenario,iperf_tcp,50,1,,ryu_controller,508666,19.9,58134528,265,16,281,17,169.1751
2026-04-25T11:15:27.525870+00:00,recovery_scenario,iperf_tcp,50,1,,twin_core,508673,0.0,65998848,597,54,651,0,0.0
2026-04-25T11:15:27.525870+00:00,recovery_scenario,iperf_tcp,50,1,,ryu_controller,508666,29.8,58138624,291,16,307,26,258.6736
2026-04-25T11:15:27.626360+00:00,recovery_scenario,iperf_tcp,50,1,,twin_core,508673,0.0,65998848,597,54,651,0,0.0
2026-04-25T11:15:27.626360+00:00,recovery_scenario,iperf_tcp,50,1,,ryu_controller,508666,19.9,58142720,310,16,326,19,189.124
2026-04-25T11:15:27.726768+00:00,recovery_scenario,iperf_tcp,50,1,,twin_core,508673,0.0,65998848,597,54,651,0,0.0
2026-04-25T11:15:27.726768+00:00,recovery_scenario,iperf_tcp,50,1,,ryu_controller,508666,0.0,58146816,318,16,334,8,79.6984
2026-04-25T11:15:27.827230+00:00,recovery_scenario,iperf_tcp,50,1,,twin_core,508673,0.0,65998848,597,54,651,0,0.0
2026-04-25T11:15:27.827230+00:00,recovery_scenario,iperf_tcp,50,1,,ryu_controller,508666,29.9,58159104,358,16,374,40,398.0546
2026-04-25T11:15:27.929593+00:00,recovery_scenario,iperf_tcp,50,1,,twin_core,508673,0.0,65998848,597,54,651,0,0.0
2026-04-25T11:15:27.929593+00:00,recovery_scenario,iperf_tcp,50,1,,ryu_controller,508666,9.8,58163200,371,16,387,13,126.9214
2026-04-25T11:15:28.031224+00:00,recovery_scenario,iperf_tcp,50,1,,twin_core,508673,0.0,65998848,597,54,651,0,0.0
2026-04-25T11:15:28.031224+00:00,recovery_scenario,iperf_tcp,50,1,,ryu_controller,508666,29.5,58175488,403,17,420,33,324.9689
2026-04-25T11:15:28.131731+00:00,recovery_scenario,iperf_tcp,50,1,,twin_core,508673,0.0,65998848,597,54,651,0,0.0
2026-04-25T11:15:28.131731+00:00,recovery_scenario,iperf_tcp,50,1,,ryu_controller,508666,59.6,58318848,466,17,483,63,625.8453
2026-04-25T11:15:28.232769+00:00,recovery_scenario,iperf_tcp,50,1,,twin_core,508673,0.0,65998848,597,54,651,0,0.0
2026-04-25T11:15:28.232769+00:00,recovery_scenario,iperf_tcp,50,1,,ryu_controller,508666,9.9,58318848,480,17,497,14,138.723
2026-04-25T11:15:28.333261+00:00,recovery_scenario,iperf_tcp,50,1,,twin_core,508673,0.0,65998848,597,54,651,0,0.0
2026-04-25T11:15:28.333261+00:00,recovery_scenario,iperf_tcp,50,1,,ryu_controller,508666,19.9,58318848,513,17,530,33,328.5209
2026-04-25T11:15:28.435376+00:00,recovery_scenario,iperf_tcp,50,1,,twin_core,508673,0.0,65998848,597,54,651,0,0.0
2026-04-25T11:15:28.435376+00:00,recovery_scenario,iperf_tcp,50,1,,ryu_controller,508666,29.3,58322944,539,17,556,26,254.2166
2026-04-25T11:15:28.535978+00:00,recovery_scenario,iperf_tcp,50,1,,twin_core,508673,0.0,65998848,597,54,651,0,0.0
2026-04-25T11:15:28.535978+00:00,recovery_scenario,iperf_tcp,50,1,,ryu_controller,508666,10.0,58322944,549,17,566,10,99.5658
2026-04-25T11:15:28.637432+00:00,recovery_scenario,iperf_tcp,50,1,,twin_core,508673,0.0,65998848,597,54,651,0,0.0
2026-04-25T11:15:28.637432+00:00,recovery_scenario,iperf_tcp,50,1,,ryu_controller,508666,0.0,58327040,560,17,577,11,108.2963
2026-04-25T11:15:28.738082+00:00,recovery_scenario,iperf_tcp,50,1,,twin_core,508673,0.0,65998848,597,54,651,0,0.0
2026-04-25T11:15:28.738082+00:00,recovery_scenario,iperf_tcp,50,1,,ryu_controller,508666,0.0,58327040,563,17,580,3,29.816
2026-04-25T11:15:28.838625+00:00,recovery_scenario,iperf_tcp,50,1,,twin_core,508673,9.9,66060288,599,54,653,2,19.8797
2026-04-25T11:15:28.838625+00:00,recovery_scenario,iperf_tcp,50,1,,ryu_controller,508666,49.7,58351616,627,17,644,64,636.3104
2026-04-25T11:15:28.940257+00:00,recovery_scenario,iperf_tcp,50,1,,twin_core,508673,9.8,66060288,605,54,659,6,58.5997
2026-04-25T11:15:28.940257+00:00,recovery_scenario,iperf_tcp,50,1,,ryu_controller,508666,29.3,58355712,667,17,684,40,390.2746
2026-04-25T11:15:29.041802+00:00,recovery_scenario,iperf_tcp,50,1,,twin_core,508673,0.0,66060288,608,54,662,3,29.7846
2026-04-25T11:15:29.041802+00:00,recovery_scenario,iperf_tcp,50,1,,ryu_controller,508666,9.9,58359808,682,17,699,15,149.069
2026-04-25T11:15:29.149719+00:00,recovery_scenario,iperf_tcp,50,1,,twin_core,508673,0.0,66060288,608,54,662,0,0.0
2026-04-25T11:15:29.149719+00:00,recovery_scenario,iperf_tcp,50,1,,ryu_controller,508666,55.4,58359808,685,18,703,4,36.9042
2026-04-25T11:15:29.256185+00:00,recovery_scenario,iperf_tcp,50,1,,twin_core,508673,9.4,66060288,611,54,665,3,28.2344
2026-04-25T11:15:29.256185+00:00,recovery_scenario,iperf_tcp,50,1,,ryu_controller,508666,9.4,58359808,696,18,714,11,103.4577
2026-04-25T11:15:29.360203+00:00,recovery_scenario,iperf_tcp,50,1,,twin_core,508673,0.0,66060288,611,54,665,0,0.0
2026-04-25T11:15:29.360203+00:00,recovery_scenario,iperf_tcp,50,1,,ryu_controller,508666,9.6,58359808,699,18,717,3,28.8837
2026-04-25T11:15:29.462518+00:00,recovery_scenario,iperf_tcp,50,1,,twin_core,508673,0.0,66060288,614,54,668,3,29.3377
2026-04-25T11:15:29.462518+00:00,recovery_scenario,iperf_tcp,50,1,,ryu_controller,508666,9.8,58359808,711,18,729,12,117.4537
2026-04-25T11:15:29.563042+00:00,recovery_scenario,iperf_tcp,50,1,,twin_core,508673,0.0,66060288,617,54,671,3,29.8669
2026-04-25T11:15:29.563042+00:00,recovery_scenario,iperf_tcp,50,1,,ryu_controller,508666,0.0,58363904,721,18,739,10,99.5718
2026-04-25T11:15:29.663498+00:00,recovery_scenario,iperf_tcp,50,1,,twin_core,508673,0.0,66060288,620,54,674,3,29.8365
2026-04-25T11:15:29.663498+00:00,recovery_scenario,iperf_tcp,50,1,,ryu_controller,508666,9.9,58363904,727,18,745,6,59.644
2026-04-25T11:15:29.764062+00:00,recovery_scenario,iperf_tcp,50,1,,twin_core,508673,0.0,66060288,629,54,683,9,89.5921
2026-04-25T11:15:29.764062+00:00,recovery_scenario,iperf_tcp,50,1,,ryu_controller,508666,19.9,58372096,749,18,767,22,219.1239
2026-04-25T11:15:29.864474+00:00,recovery_scenario,iperf_tcp,50,1,,twin_core,508673,0.0,66060288,632,54,686,3,29.8359
2026-04-25T11:15:29.864474+00:00,recovery_scenario,iperf_tcp,50,1,,ryu_controller,508666,19.9,58384384,782,18,800,33,328.0765
2026-04-25T11:15:29.968516+00:00,recovery_scenario,iperf_tcp,50,1,,twin_core,508673,0.0,66060288,635,54,689,3,28.8375
2026-04-25T11:15:29.968516+00:00,recovery_scenario,iperf_tcp,50,1,,ryu_controller,508666,9.6,58388480,794,18,812,12,115.3507
2026-04-25T11:15:30.069101+00:00,recovery_scenario,iperf_tcp,50,1,,twin_core,508673,9.9,66060288,638,54,692,3,29.8552
2026-04-25T11:15:30.069101+00:00,recovery_scenario,iperf_tcp,50,1,,ryu_controller,508666,0.0,58388480,807,18,825,13,129.398
2026-04-25T11:15:30.169545+00:00,recovery_scenario,iperf_tcp,50,1,,twin_core,508673,0.0,66060288,647,54,701,9,89.5618
2026-04-25T11:15:30.169545+00:00,recovery_scenario,iperf_tcp,50,1,,ryu_controller,508666,49.8,58560512,852,18,870,45,447.7981
2026-04-25T11:15:30.270083+00:00,recovery_scenario,iperf_tcp,50,1,,twin_core,508673,0.0,66060288,650,54,704,3,29.8558
2026-04-25T11:15:30.270083+00:00,recovery_scenario,iperf_tcp,50,1,,ryu_controller,508666,29.9,58601472,880,18,898,28,278.6731
2026-04-25T11:15:30.371583+00:00,recovery_scenario,iperf_tcp,50,1,,twin_core,508673,0.0,66060288,653,54,707,3,29.5034
2026-04-25T11:15:30.371583+00:00,recovery_scenario,iperf_tcp,50,1,,ryu_controller,508666,9.8,58601472,892,18,910,12,117.995
2026-04-25T11:15:30.472230+00:00,recovery_scenario,iperf_tcp,50,1,,twin_core,508673,0.0,66060288,656,54,710,3,29.864
2026-04-25T11:15:30.472230+00:00,recovery_scenario,iperf_tcp,50,1,,ryu_controller,508666,10.0,58601472,904,19,923,13,129.4404
2026-04-25T11:15:30.572671+00:00,recovery_scenario,iperf_tcp,50,1,,twin_core,508673,0.0,66060288,659,54,713,3,29.8076
2026-04-25T11:15:30.572671+00:00,recovery_scenario,iperf_tcp,50,1,,ryu_controller,508666,0.0,58601472,913,19,932,9,89.1005
2026-04-25T11:15:30.673793+00:00,recovery_scenario,iperf_tcp,50,1,,twin_core,508673,0.0,66060288,662,54,716,3,29.6867
2026-04-25T11:15:30.673793+00:00,recovery_scenario,iperf_tcp,50,1,,ryu_controller,508666,9.9,58601472,921,19,940,8,79.3888
2026-04-25T11:15:30.774510+00:00,recovery_scenario,iperf_tcp,50,1,,twin_core,508673,0.0,66060288,671,54,725,9,89.3329
2026-04-25T11:15:30.774510+00:00,recovery_scenario,iperf_tcp,50,1,,ryu_controller,508666,9.9,58601472,928,19,947,7,69.5239
2026-04-25T11:15:30.875097+00:00,recovery_scenario,iperf_tcp,50,1,,twin_core,508673,9.9,66060288,677,54,731,6,59.6507
2026-04-25T11:15:30.875097+00:00,recovery_scenario,iperf_tcp,50,1,,ryu_controller,508666,49.7,58605568,960,19,979,32,318.0333
2026-04-25T11:15:30.975828+00:00,recovery_scenario,iperf_tcp,50,1,,twin_core,508673,9.9,66166784,681,54,735,4,39.7537
2026-04-25T11:15:30.975828+00:00,recovery_scenario,iperf_tcp,50,1,,ryu_controller,508666,39.8,58609664,989,19,1008,29,288.3094
2026-04-25T11:15:31.076332+00:00,recovery_scenario,iperf_tcp,50,1,,twin_core,508673,0.0,66166784,684,54,738,3,29.853
2026-04-25T11:15:31.076332+00:00,recovery_scenario,iperf_tcp,50,1,,ryu_controller,508666,10.0,58609664,994,19,1013,5,49.7322
2026-04-25T11:15:31.176895+00:00,recovery_scenario,iperf_tcp,50,1,,twin_core,508673,0.0,66166784,692,54,746,8,79.4671
2026-04-25T11:15:31.176895+00:00,recovery_scenario,iperf_tcp,50,1,,ryu_controller,508666,0.0,58609664,997,19,1016,3,29.8085
2026-04-25T11:15:31.277529+00:00,recovery_scenario,iperf_tcp,50,1,,twin_core,508673,0.0,66166784,698,54,752,6,59.6477
2026-04-25T11:15:31.277529+00:00,recovery_scenario,iperf_tcp,50,1,,ryu_controller,508666,19.8,58609664,1023,19,1042,26,257.6488
2026-04-25T11:15:31.378489+00:00,recovery_scenario,iperf_tcp,50,1,,twin_core,508673,9.9,66166784,701,54,755,3,29.712
2026-04-25T11:15:31.378489+00:00,recovery_scenario,iperf_tcp,50,1,,ryu_controller,508666,9.9,58609664,1044,19,1063,21,208.6331
2026-04-25T11:15:31.479098+00:00,recovery_scenario,iperf_tcp,50,1,,twin_core,508673,0.0,66166784,704,54,758,3,29.8267
2026-04-25T11:15:31.479098+00:00,recovery_scenario,iperf_tcp,50,1,,ryu_controller,508666,9.9,58609664,1060,19,1079,16,159.1187
2026-04-25T11:15:31.579727+00:00,recovery_scenario,iperf_tcp,50,1,,twin_core,508673,0.0,66166784,707,54,761,3,29.8369
2026-04-25T11:15:31.579727+00:00,recovery_scenario,iperf_tcp,50,1,,ryu_controller,508666,19.9,58609664,1079,19,1098,19,188.9856
2026-04-25T11:15:31.682557+00:00,recovery_scenario,iperf_tcp,50,1,,twin_core,508673,0.0,66166784,719,54,773,12,115.5495
2026-04-25T11:15:31.682557+00:00,recovery_scenario,iperf_tcp,50,1,,ryu_controller,508666,0.0,58609664,1089,19,1108,10,96.261
2026-04-25T11:15:31.784229+00:00,recovery_scenario,iperf_tcp,50,1,,twin_core,508673,0.0,66166784,722,54,776,3,29.8066
2026-04-25T11:15:31.784229+00:00,recovery_scenario,iperf_tcp,50,1,,ryu_controller,508666,29.8,58609664,1114,19,1133,25,248.4594
2026-04-25T11:15:31.884728+00:00,recovery_scenario,iperf_tcp,50,1,,twin_core,508673,0.0,66166784,722,54,776,0,0.0
2026-04-25T11:15:31.884728+00:00,recovery_scenario,iperf_tcp,50,1,,ryu_controller,508666,9.9,58613760,1139,19,1158,25,248.7312
2026-04-25T11:15:31.985724+00:00,recovery_scenario,iperf_tcp,50,1,,twin_core,508673,0.0,66166784,728,54,782,6,59.3814
2026-04-25T11:15:31.985724+00:00,recovery_scenario,iperf_tcp,50,1,,ryu_controller,508666,19.8,58613760,1166,19,1185,27,267.1835
2026-04-25T11:15:32.086222+00:00,recovery_scenario,iperf_tcp,50,1,,twin_core,508673,0.0,66166784,737,54,791,9,89.623
2026-04-25T11:15:32.086222+00:00,recovery_scenario,iperf_tcp,50,1,,ryu_controller,508666,10.0,58613760,1181,19,1200,15,149.3946
2026-04-25T11:15:32.186663+00:00,recovery_scenario,iperf_tcp,50,1,,twin_core,508673,10.0,66166784,743,54,797,6,59.717
2026-04-25T11:15:32.186663+00:00,recovery_scenario,iperf_tcp,50,1,,ryu_controller,508666,0.0,58613760,1197,19,1216,16,159.2421
2026-04-25T11:15:32.287104+00:00,recovery_scenario,iperf_tcp,50,1,,twin_core,508673,0.0,66166784,743,54,797,0,0.0
2026-04-25T11:15:32.287104+00:00,recovery_scenario,iperf_tcp,50,1,,ryu_controller,508666,99.5,58654720,1238,20,1258,42,417.7807
2026-04-25T11:15:32.388204+00:00,recovery_scenario,iperf_tcp,50,1,,twin_core,508673,0.0,66166784,749,54,803,6,59.3002
2026-04-25T11:15:32.388204+00:00,recovery_scenario,iperf_tcp,50,1,,ryu_controller,508666,9.9,58658816,1245,20,1265,7,69.2409
2026-04-25T11:15:32.492120+00:00,recovery_scenario,iperf_tcp,50,1,,twin_core,508673,0.0,66166784,755,54,809,6,57.7499
2026-04-25T11:15:32.492120+00:00,recovery_scenario,iperf_tcp,50,1,,ryu_controller,508666,9.6,58658816,1266,20,1286,21,202.1201
2026-04-25T11:15:32.593745+00:00,recovery_scenario,iperf_tcp,50,1,,twin_core,508673,0.0,66166784,758,54,812,3,29.5198
2026-04-25T11:15:32.593745+00:00,recovery_scenario,iperf_tcp,50,1,,ryu_controller,508666,0.0,58658816,1270,20,1290,4,39.3591
2026-04-25T11:15:32.698449+00:00,recovery_scenario,iperf_tcp,50,1,,twin_core,508673,0.0,66166784,761,54,815,3,28.6294
2026-04-25T11:15:32.698449+00:00,recovery_scenario,iperf_tcp,50,1,,ryu_controller,508666,0.0,58658816,1273,20,1293,3,28.6282
2026-04-25T11:15:32.800681+00:00,recovery_scenario,iperf_tcp,50,1,,twin_core,508673,0.0,66166784,764,54,818,3,29.3642
2026-04-25T11:15:32.800681+00:00,recovery_scenario,iperf_tcp,50,1,,ryu_controller,508666,0.0,58658816,1277,20,1297,4,39.1093
2026-04-25T11:15:32.808972+00:00,recovery_scenario,iperf_tcp,50,1,pingall_completed,,,,,,,,,
2026-04-25T11:15:32.906401+00:00,recovery_scenario,iperf_tcp,50,1,,twin_core,508673,0.0,66170880,777,54,831,13,122.1807
2026-04-25T11:15:32.906401+00:00,recovery_scenario,iperf_tcp,50,1,,ryu_controller,508666,9.4,58658816,1281,20,1301,4,37.4866
2026-04-25T11:15:33.009505+00:00,recovery_scenario,iperf_tcp,50,1,,twin_core,508673,9.7,66240512,777,54,831,0,0.0
2026-04-25T11:15:33.009505+00:00,recovery_scenario,iperf_tcp,50,1,,ryu_controller,508666,78.4,58806272,1334,20,1354,53,519.2934
2026-04-25T11:15:33.113997+00:00,recovery_scenario,iperf_tcp,50,1,,twin_core,508673,0.0,66240512,777,54,831,0,0.0
2026-04-25T11:15:33.113997+00:00,recovery_scenario,iperf_tcp,50,1,,ryu_controller,508666,0.0,58806272,1338,20,1358,4,38.2927
2026-04-25T11:15:33.219399+00:00,recovery_scenario,iperf_tcp,50,1,,twin_core,508673,9.5,66240512,777,54,831,0,0.0
2026-04-25T11:15:33.219399+00:00,recovery_scenario,iperf_tcp,50,1,,ryu_controller,508666,0.0,58806272,1346,20,1366,8,75.7556
2026-04-25T11:15:33.327915+00:00,recovery_scenario,iperf_tcp,50,1,,twin_core,508673,0.0,66240512,777,54,831,0,0.0
2026-04-25T11:15:33.327915+00:00,recovery_scenario,iperf_tcp,50,1,,ryu_controller,508666,0.0,58806272,1360,20,1380,14,129.123
2026-04-25T11:15:33.430803+00:00,recovery_scenario,iperf_tcp,50,1,,twin_core,508673,9.7,66240512,777,54,831,0,0.0
2026-04-25T11:15:33.430803+00:00,recovery_scenario,iperf_tcp,50,1,,ryu_controller,508666,0.0,58806272,1364,20,1384,4,38.8104
2026-04-25T11:15:33.542829+00:00,recovery_scenario,iperf_tcp,50,1,,twin_core,508673,0.0,66240512,777,54,831,0,0.0
2026-04-25T11:15:33.542829+00:00,recovery_scenario,iperf_tcp,50,1,,ryu_controller,508666,0.0,58806272,1366,20,1386,2,17.7671
2026-04-25T11:15:33.645105+00:00,recovery_scenario,iperf_tcp,50,1,,twin_core,508673,0.0,66240512,777,54,831,0,0.0
2026-04-25T11:15:33.645105+00:00,recovery_scenario,iperf_tcp,50,1,,ryu_controller,508666,0.0,58806272,1368,20,1388,2,18.3743
2026-04-25T11:15:33.765522+00:00,recovery_scenario,iperf_tcp,50,1,,twin_core,508673,8.3,66240512,777,54,831,0,0.0
2026-04-25T11:15:33.765522+00:00,recovery_scenario,iperf_tcp,50,1,,ryu_controller,508666,8.3,58806272,1371,20,1391,3,26.2875
2026-04-25T11:15:33.869750+00:00,recovery_scenario,iperf_tcp,50,1,,twin_core,508673,0.0,66244608,782,54,836,5,48.2764
2026-04-25T11:15:33.869750+00:00,recovery_scenario,iperf_tcp,50,1,,ryu_controller,508666,0.0,58806272,1374,20,1394,3,29.0723
2026-04-25T11:15:33.970400+00:00,recovery_scenario,iperf_tcp,50,1,,twin_core,508673,0.0,66244608,782,54,836,0,0.0
2026-04-25T11:15:33.970400+00:00,recovery_scenario,iperf_tcp,50,1,,ryu_controller,508666,0.0,58806272,1391,20,1411,17,168.7974
2026-04-25T11:15:34.071149+00:00,recovery_scenario,iperf_tcp,50,1,,twin_core,508673,0.0,66244608,782,54,836,0,0.0
2026-04-25T11:15:34.071149+00:00,recovery_scenario,iperf_tcp,50,1,,ryu_controller,508666,9.9,58806272,1403,20,1423,12,119.3201
2026-04-25T11:15:34.171727+00:00,recovery_scenario,iperf_tcp,50,1,,twin_core,508673,0.0,66244608,782,54,836,0,0.0
2026-04-25T11:15:34.171727+00:00,recovery_scenario,iperf_tcp,50,1,,ryu_controller,508666,0.0,58806272,1406,20,1426,3,29.8279
2026-04-25T11:15:34.272230+00:00,recovery_scenario,iperf_tcp,50,1,,twin_core,508673,0.0,66244608,782,54,836,0,0.0
2026-04-25T11:15:34.272230+00:00,recovery_scenario,iperf_tcp,50,1,,ryu_controller,508666,0.0,58806272,1410,20,1430,4,39.8111
2026-04-25T11:15:34.374225+00:00,recovery_scenario,iperf_tcp,50,1,,twin_core,508673,0.0,66244608,782,54,836,0,0.0
2026-04-25T11:15:34.374225+00:00,recovery_scenario,iperf_tcp,50,1,,ryu_controller,508666,39.2,58806272,1421,60,1481,51,500.2333
2026-04-25T11:15:34.475255+00:00,recovery_scenario,iperf_tcp,50,1,,twin_core,508673,0.0,66244608,782,54,836,0,0.0
2026-04-25T11:15:34.475255+00:00,recovery_scenario,iperf_tcp,50,1,,ryu_controller,508666,39.6,58818560,1428,110,1538,57,563.8686
2026-04-25T11:15:34.576709+00:00,recovery_scenario,iperf_tcp,50,1,,twin_core,508673,0.0,66244608,782,54,836,0,0.0
2026-04-25T11:15:34.576709+00:00,recovery_scenario,iperf_tcp,50,1,,ryu_controller,508666,19.7,58822656,1434,119,1553,15,147.7591
2026-04-25T11:15:34.677837+00:00,recovery_scenario,iperf_tcp,50,1,,twin_core,508673,0.0,66244608,782,54,836,0,0.0
2026-04-25T11:15:34.677837+00:00,recovery_scenario,iperf_tcp,50,1,,ryu_controller,508666,0.0,58822656,1438,121,1559,6,59.0447
2026-04-25T11:15:34.778948+00:00,recovery_scenario,iperf_tcp,50,1,,twin_core,508673,0.0,66244608,782,54,836,0,0.0
2026-04-25T11:15:34.778948+00:00,recovery_scenario,iperf_tcp,50,1,,ryu_controller,508666,0.0,58822656,1441,125,1566,7,68.5303
2026-04-25T11:15:34.828849+00:00,recovery_scenario,iperf_tcp,50,1,background_traffic_started,,,,,,,,,
2026-04-25T11:15:34.881824+00:00,recovery_scenario,iperf_tcp,50,1,,twin_core,508673,9.7,66252800,790,65,855,19,184.6003
2026-04-25T11:15:34.881824+00:00,recovery_scenario,iperf_tcp,50,1,,ryu_controller,508666,9.9,58830848,1450,150,1600,34,334.9286
2026-04-25T11:15:34.984386+00:00,recovery_scenario,iperf_tcp,50,1,,twin_core,508673,9.8,66330624,803,78,881,26,253.663
2026-04-25T11:15:34.984386+00:00,recovery_scenario,iperf_tcp,50,1,,ryu_controller,508666,38.8,58834944,1467,244,1711,111,1078.3809
2026-04-25T11:15:35.054931+00:00,recovery_scenario,iperf_tcp,50,1,fault_injected,,,,,,,,,
2026-04-25T11:15:35.086198+00:00,recovery_scenario,iperf_tcp,50,1,,twin_core,508673,0.0,66465792,815,91,906,25,243.925
2026-04-25T11:15:35.086198+00:00,recovery_scenario,iperf_tcp,50,1,,ryu_controller,508666,49.1,58994688,1475,330,1805,94,921.7926
2026-04-25T11:15:35.187487+00:00,recovery_scenario,iperf_tcp,50,1,,twin_core,508673,9.9,66465792,815,91,906,0,0.0
2026-04-25T11:15:35.187487+00:00,recovery_scenario,iperf_tcp,50,1,,ryu_controller,508666,49.6,59322368,1475,640,2115,310,3080.7985
2026-04-25T11:15:35.288312+00:00,recovery_scenario,iperf_tcp,50,1,,twin_core,508673,0.0,66465792,815,91,906,0,0.0
2026-04-25T11:15:35.288312+00:00,recovery_scenario,iperf_tcp,50,1,,ryu_controller,508666,59.6,59330560,1475,944,2419,304,3011.5977
2026-04-25T11:15:35.389037+00:00,recovery_scenario,iperf_tcp,50,1,,twin_core,508673,0.0,66465792,815,91,906,0,0.0
2026-04-25T11:15:35.389037+00:00,recovery_scenario,iperf_tcp,50,1,,ryu_controller,508666,59.6,59346944,1475,1018,2493,74,736.4985
2026-04-25T11:15:35.490745+00:00,recovery_scenario,iperf_tcp,50,1,,twin_core,508673,0.0,66465792,815,91,906,0,0.0
2026-04-25T11:15:35.490745+00:00,recovery_scenario,iperf_tcp,50,1,,ryu_controller,508666,49.1,59404288,1475,1092,2567,74,726.3952
2026-04-25T11:15:35.591365+00:00,recovery_scenario,iperf_tcp,50,1,,twin_core,508673,9.9,66465792,816,93,909,3,29.8402
2026-04-25T11:15:35.591365+00:00,recovery_scenario,iperf_tcp,50,1,,ryu_controller,508666,29.0,59412480,1475,1184,2659,92,887.8034
2026-04-25T11:15:35.695020+00:00,recovery_scenario,iperf_tcp,50,1,,twin_core,508673,0.0,66465792,816,93,909,0,0.0
2026-04-25T11:15:35.695020+00:00,recovery_scenario,iperf_tcp,50,1,,ryu_controller,508666,59.6,59428864,1475,1276,2751,92,913.4376
2026-04-25T11:15:35.795740+00:00,recovery_scenario,iperf_tcp,50,1,,twin_core,508673,0.0,66465792,816,93,909,0,0.0
2026-04-25T11:15:35.795740+00:00,recovery_scenario,iperf_tcp,50,1,,ryu_controller,508666,49.7,59428864,1475,1396,2871,120,1192.7746
2026-04-25T11:15:35.896772+00:00,recovery_scenario,iperf_tcp,50,1,,twin_core,508673,0.0,66465792,816,93,909,0,0.0
2026-04-25T11:15:35.896772+00:00,recovery_scenario,iperf_tcp,50,1,,ryu_controller,508666,59.4,59428864,1475,1526,3001,130,1288.4047
2026-04-25T11:15:35.997899+00:00,recovery_scenario,iperf_tcp,50,1,,twin_core,508673,0.0,66465792,816,93,909,0,0.0
2026-04-25T11:15:35.997899+00:00,recovery_scenario,iperf_tcp,50,1,,ryu_controller,508666,86.7,59428864,1475,1587,3062,61,587.2318
2026-04-25T11:15:36.101109+00:00,recovery_scenario,iperf_tcp,50,1,,twin_core,508673,0.0,66465792,817,95,912,3,29.8328
2026-04-25T11:15:36.101109+00:00,recovery_scenario,iperf_tcp,50,1,,ryu_controller,508666,99.4,59428864,1475,1625,3100,38,377.9643
2026-04-25T11:15:36.202331+00:00,recovery_scenario,iperf_tcp,50,1,,twin_core,508673,0.0,66465792,817,95,912,0,0.0
2026-04-25T11:15:36.202331+00:00,recovery_scenario,iperf_tcp,50,1,,ryu_controller,508666,69.2,59428864,1475,1704,3179,79,781.2654
2026-04-25T11:15:36.302903+00:00,recovery_scenario,iperf_tcp,50,1,,twin_core,508673,0.0,66465792,817,95,912,0,0.0
2026-04-25T11:15:36.302903+00:00,recovery_scenario,iperf_tcp,50,1,,ryu_controller,508666,99.3,59428864,1475,1736,3211,32,317.8809
2026-04-25T11:15:36.405181+00:00,recovery_scenario,iperf_tcp,50,1,,twin_core,508673,9.8,66465792,817,95,912,0,0.0
2026-04-25T11:15:36.405181+00:00,recovery_scenario,iperf_tcp,50,1,,ryu_controller,508666,97.5,59428864,1476,1775,3251,40,390.1148
2026-04-25T11:15:36.505960+00:00,recovery_scenario,iperf_tcp,50,1,,twin_core,508673,0.0,66465792,817,95,912,0,0.0
2026-04-25T11:15:36.505960+00:00,recovery_scenario,iperf_tcp,50,1,,ryu_controller,508666,89.0,59437056,1476,1865,3341,90,890.4417
2026-04-25T11:15:36.609761+00:00,recovery_scenario,iperf_tcp,50,1,,twin_core,508673,0.0,66465792,818,95,913,1,9.6828
2026-04-25T11:15:36.609761+00:00,recovery_scenario,iperf_tcp,50,1,,ryu_controller,508666,87.2,59482112,1476,1925,3401,60,581.1546
2026-04-25T11:15:36.710310+00:00,recovery_scenario,iperf_tcp,50,1,,twin_core,508673,0.0,66465792,818,95,913,0,0.0
2026-04-25T11:15:36.710310+00:00,recovery_scenario,iperf_tcp,50,1,,ryu_controller,508666,89.5,59490304,1476,2040,3516,115,1142.7893
2026-04-25T11:15:36.811031+00:00,recovery_scenario,iperf_tcp,50,1,,twin_core,508673,0.0,66465792,818,95,913,0,0.0
2026-04-25T11:15:36.811031+00:00,recovery_scenario,iperf_tcp,50,1,,ryu_controller,508666,89.0,59490304,1476,2191,3667,151,1494.5049
2026-04-25T11:15:36.913396+00:00,recovery_scenario,iperf_tcp,50,1,,twin_core,508673,0.0,66465792,818,95,913,0,0.0
2026-04-25T11:15:36.913396+00:00,recovery_scenario,iperf_tcp,50,1,,ryu_controller,508666,77.9,59490304,1478,2378,3856,189,1840.3578
2026-04-25T11:15:37.014940+00:00,recovery_scenario,iperf_tcp,50,1,,twin_core,508673,9.8,66478080,818,95,913,0,0.0
2026-04-25T11:15:37.014940+00:00,recovery_scenario,iperf_tcp,50,1,,ryu_controller,508666,68.6,59490304,1483,2654,4137,281,2754.8859
2026-04-25T11:15:37.116755+00:00,recovery_scenario,iperf_tcp,50,1,,twin_core,508673,0.0,66482176,828,105,933,20,196.3145
2026-04-25T11:15:37.116755+00:00,recovery_scenario,iperf_tcp,50,1,,ryu_controller,508666,39.7,59494400,1515,2740,4255,118,1171.9976
2026-04-25T11:15:37.219792+00:00,recovery_scenario,iperf_tcp,50,1,,twin_core,508673,9.7,66482176,846,119,965,32,310.8091
2026-04-25T11:15:37.219792+00:00,recovery_scenario,iperf_tcp,50,1,,ryu_controller,508666,87.4,59494400,1544,3016,4560,305,2964.087
2026-04-25T11:15:37.229062+00:00,recovery_scenario,iperf_tcp,50,1,recovery_requested,,,,,,,,,
2026-04-25T11:15:37.320445+00:00,recovery_scenario,iperf_tcp,50,1,,twin_core,508673,0.0,66490368,849,123,972,7,69.4003
2026-04-25T11:15:37.320445+00:00,recovery_scenario,iperf_tcp,50,1,,ryu_controller,508666,19.8,59494400,1570,3097,4667,107,1059.6576
2026-04-25T11:15:37.422740+00:00,recovery_scenario,iperf_tcp,50,1,,twin_core,508673,9.8,66490368,849,123,972,0,0.0
2026-04-25T11:15:37.422740+00:00,recovery_scenario,iperf_tcp,50,1,,ryu_controller,508666,98.1,59494400,1572,3102,4674,7,68.6059
2026-04-25T11:15:37.523431+00:00,recovery_scenario,iperf_tcp,50,1,,twin_core,508673,0.0,66490368,849,123,972,0,0.0
2026-04-25T11:15:37.523431+00:00,recovery_scenario,iperf_tcp,50,1,,ryu_controller,508666,89.2,59494400,1572,3103,4675,1,9.9177
2026-04-25T11:15:37.624185+00:00,recovery_scenario,iperf_tcp,50,1,,twin_core,508673,0.0,66490368,849,123,972,0,0.0
2026-04-25T11:15:37.624185+00:00,recovery_scenario,iperf_tcp,50,1,,ryu_controller,508666,107.8,59494400,1572,3107,4679,4,39.1609
2026-04-25T11:15:37.726363+00:00,recovery_scenario,iperf_tcp,50,1,,twin_core,508673,0.0,66490368,849,123,972,0,0.0
2026-04-25T11:15:37.726363+00:00,recovery_scenario,iperf_tcp,50,1,,ryu_controller,508666,98.7,59494400,1572,3108,4680,1,9.8684
2026-04-25T11:15:37.827594+00:00,recovery_scenario,iperf_tcp,50,1,,twin_core,508673,0.0,66490368,850,126,976,4,39.5218
2026-04-25T11:15:37.827594+00:00,recovery_scenario,iperf_tcp,50,1,,ryu_controller,508666,98.8,59494400,1572,3112,4684,4,39.4628
2026-04-25T11:15:37.928983+00:00,recovery_scenario,iperf_tcp,50,1,,twin_core,508673,0.0,66490368,850,126,976,0,0.0
2026-04-25T11:15:37.928983+00:00,recovery_scenario,iperf_tcp,50,1,,ryu_controller,508666,89.1,59494400,1572,3112,4684,0,0.0
2026-04-25T11:15:38.029623+00:00,recovery_scenario,iperf_tcp,50,1,,twin_core,508673,0.0,66490368,850,126,976,0,0.0
2026-04-25T11:15:38.029623+00:00,recovery_scenario,iperf_tcp,50,1,,ryu_controller,508666,109.3,59494400,1572,3113,4685,1,9.9368
2026-04-25T11:15:38.130274+00:00,recovery_scenario,iperf_tcp,50,1,,twin_core,508673,0.0,66490368,850,126,976,0,0.0
2026-04-25T11:15:38.130274+00:00,recovery_scenario,iperf_tcp,50,1,,ryu_controller,508666,99.2,59494400,1572,3114,4686,1,9.9068
2026-04-25T11:15:38.231284+00:00,recovery_scenario,iperf_tcp,50,1,,twin_core,508673,0.0,66490368,850,126,976,0,0.0
2026-04-25T11:15:38.231284+00:00,recovery_scenario,iperf_tcp,50,1,,ryu_controller,508666,109.0,59494400,1572,3115,4687,1,9.9161
2026-04-25T11:15:38.332173+00:00,recovery_scenario,iperf_tcp,50,1,,twin_core,508673,0.0,66494464,851,126,977,1,9.8404
2026-04-25T11:15:38.332173+00:00,recovery_scenario,iperf_tcp,50,1,,ryu_controller,508666,88.5,59494400,1572,3119,4691,4,39.2612
2026-04-25T11:15:38.433897+00:00,recovery_scenario,iperf_tcp,50,1,,twin_core,508673,9.8,66494464,851,126,977,0,0.0
2026-04-25T11:15:38.433897+00:00,recovery_scenario,iperf_tcp,50,1,,ryu_controller,508666,108.6,59494400,1572,3120,4692,1,9.8885
2026-04-25T11:15:38.535065+00:00,recovery_scenario,iperf_tcp,50,1,,twin_core,508673,0.0,66494464,851,126,977,0,0.0
2026-04-25T11:15:38.535065+00:00,recovery_scenario,iperf_tcp,50,1,,ryu_controller,508666,89.4,59494400,1572,3124,4696,4,39.7535
2026-04-25T11:15:38.635723+00:00,recovery_scenario,iperf_tcp,50,1,,twin_core,508673,0.0,66494464,851,126,977,0,0.0
2026-04-25T11:15:38.635723+00:00,recovery_scenario,iperf_tcp,50,1,,ryu_controller,508666,99.3,59494400,1572,3126,4698,2,19.8535
2026-04-25T11:15:38.736484+00:00,recovery_scenario,iperf_tcp,50,1,,twin_core,508673,0.0,66494464,851,126,977,0,0.0
2026-04-25T11:15:38.736484+00:00,recovery_scenario,iperf_tcp,50,1,,ryu_controller,508666,109.1,59494400,1572,3129,4701,3,29.7605
2026-04-25T11:15:38.837331+00:00,recovery_scenario,iperf_tcp,50,1,,twin_core,508673,0.0,66494464,852,126,978,1,9.9418
2026-04-25T11:15:38.837331+00:00,recovery_scenario,iperf_tcp,50,1,,ryu_controller,508666,99.4,59494400,1572,3129,4701,0,0.0
2026-04-25T11:15:38.937844+00:00,recovery_scenario,iperf_tcp,50,1,,twin_core,508673,0.0,66494464,852,126,978,0,0.0
2026-04-25T11:15:38.937844+00:00,recovery_scenario,iperf_tcp,50,1,,ryu_controller,508666,89.4,59494400,1572,3134,4706,5,49.6336
2026-04-25T11:15:39.038957+00:00,recovery_scenario,iperf_tcp,50,1,,twin_core,508673,29.7,66494464,852,126,978,0,0.0
2026-04-25T11:15:39.038957+00:00,recovery_scenario,iperf_tcp,50,1,,ryu_controller,508666,79.3,59498496,1604,3139,4743,37,366.7125
2026-04-25T11:15:39.140098+00:00,recovery_scenario,iperf_tcp,50,1,,twin_core,508673,9.9,66506752,852,126,978,0,0.0
2026-04-25T11:15:39.140098+00:00,recovery_scenario,iperf_tcp,50,1,,ryu_controller,508666,78.4,59498496,1634,3143,4777,34,332.5633
2026-04-25T11:15:39.241765+00:00,recovery_scenario,iperf_tcp,50,1,,twin_core,508673,0.0,66506752,853,126,979,1,9.8881
2026-04-25T11:15:39.241765+00:00,recovery_scenario,iperf_tcp,50,1,,ryu_controller,508666,9.9,59498496,1648,3143,4791,14,137.1442
2026-04-25T11:15:39.343873+00:00,recovery_scenario,iperf_tcp,50,1,,twin_core,508673,19.6,66514944,879,127,1006,27,264.4048
2026-04-25T11:15:39.343873+00:00,recovery_scenario,iperf_tcp,50,1,,ryu_controller,508666,78.3,59498496,1687,3147,4834,43,426.9566
2026-04-25T11:15:39.371906+00:00,recovery_scenario,iperf_tcp,50,1,scenario_teardown,,,,,,,,,
2026-04-25T11:15:39.444506+00:00,recovery_scenario,iperf_tcp,50,1,,twin_core,508673,0.0,66519040,895,130,1025,19,188.4373
2026-04-25T11:15:39.444506+00:00,recovery_scenario,iperf_tcp,50,1,,ryu_controller,508666,39.6,59498496,1707,3148,4855,21,208.1223
2026-04-25T11:15:39.545394+00:00,recovery_scenario,iperf_tcp,50,1,,twin_core,508673,0.0,66519040,917,131,1048,23,228.5585
2026-04-25T11:15:39.545394+00:00,recovery_scenario,iperf_tcp,50,1,,ryu_controller,508666,19.9,59498496,1721,3157,4878,23,228.5467
2026-04-25T11:15:39.646110+00:00,recovery_scenario,iperf_tcp,50,1,,twin_core,508673,9.9,66519040,937,132,1069,21,208.2084
2026-04-25T11:15:39.646110+00:00,recovery_scenario,iperf_tcp,50,1,,ryu_controller,508666,9.9,59498496,1726,3164,4890,12,118.8266
2026-04-25T11:15:39.746985+00:00,recovery_scenario,iperf_tcp,50,1,,twin_core,508673,0.0,66519040,937,132,1069,0,0.0
2026-04-25T11:15:39.746985+00:00,recovery_scenario,iperf_tcp,50,1,,ryu_controller,508666,9.9,59498496,1734,3165,4899,9,89.5841
